Threshold,Precision,Recall,Specificity
-139.55464909162558,0.00958314991026379,1.0,0.0
-139.453424739154,0.009583312168774658,1.0,1.7095185995623632e-05
-139.35220038668243,0.009583312168774658,1.0,1.7095185995623632e-05
-139.25097603421082,0.009583312168774658,1.0,1.7095185995623632e-05
-139.14975168173925,0.009583312168774658,1.0,1.7095185995623632e-05
-139.04852732926767,0.009583312168774658,1.0,1.7095185995623632e-05
-138.9473029767961,0.009583312168774658,1.0,1.7095185995623632e-05
-138.84607862432452,0.009583312168774658,1.0,1.7095185995623632e-05
-138.74485427185292,0.009583312168774658,1.0,1.7095185995623632e-05
-138.64362991938134,0.009583312168774658,1.0,1.7095185995623632e-05
-138.54240556690976,0.009583312168774658,1.0,1.7095185995623632e-05
-138.4411812144382,0.009583312168774658,1.0,1.7095185995623632e-05
-138.3399568619666,0.009583312168774658,1.0,1.7095185995623632e-05
-138.238732509495,0.009583312168774658,1.0,1.7095185995623632e-05
-138.13750815702343,0.009583312168774658,1.0,1.7095185995623632e-05
-138.03628380455186,0.009583312168774658,1.0,1.7095185995623632e-05
-137.93505945208028,0.009583312168774658,1.0,1.7095185995623632e-05
-137.8338350996087,0.009583312168774658,1.0,1.7095185995623632e-05
-137.7326107471371,0.009583312168774658,1.0,1.7095185995623632e-05
-137.63138639466553,0.009583312168774658,1.0,1.7095185995623632e-05
-137.53016204219395,0.009583312168774658,1.0,1.7095185995623632e-05
-137.42893768972237,0.009583312168774658,1.0,1.7095185995623632e-05
-137.3277133372508,0.009583312168774658,1.0,1.7095185995623632e-05
-137.2264889847792,0.009583312168774658,1.0,1.7095185995623632e-05
-137.12526463230762,0.009583312168774658,1.0,1.7095185995623632e-05
-137.02404027983604,0.009583312168774658,1.0,1.7095185995623632e-05
-136.92281592736447,0.009583474432780223,1.0,3.4190371991247264e-05
-136.8215915748929,0.009583474432780223,1.0,3.4190371991247264e-05
-136.7203672224213,0.009583474432780223,1.0,3.4190371991247264e-05
-136.6191428699497,0.009583474432780223,1.0,3.4190371991247264e-05
-136.51791851747814,0.009583474432780223,1.0,3.4190371991247264e-05
-136.41669416500656,0.009583474432780223,1.0,3.4190371991247264e-05
-136.31546981253499,0.009583474432780223,1.0,3.4190371991247264e-05
-136.21424546006338,0.009583474432780223,1.0,3.4190371991247264e-05
-136.1130211075918,0.009583474432780223,1.0,3.4190371991247264e-05
-136.01179675512023,0.009583474432780223,1.0,3.4190371991247264e-05
-135.91057240264865,0.009583474432780223,1.0,3.4190371991247264e-05
-135.80934805017708,0.009583474432780223,1.0,3.4190371991247264e-05
-135.7081236977055,0.009583474432780223,1.0,3.4190371991247264e-05
-135.6068993452339,0.009583474432780223,1.0,3.4190371991247264e-05
-135.50567499276232,0.009583474432780223,1.0,3.4190371991247264e-05
-135.40445064029075,0.009583474432780223,1.0,3.4190371991247264e-05
-135.30322628781917,0.00958363670228077,1.0,5.1285557986870895e-05
-135.2020019353476,0.00958363670228077,1.0,5.1285557986870895e-05
-135.100777582876,0.00958363670228077,1.0,5.1285557986870895e-05
-134.99955323040442,0.00958363670228077,1.0,5.1285557986870895e-05
-134.89832887793284,0.00958363670228077,1.0,5.1285557986870895e-05
-134.79710452546126,0.00958363670228077,1.0,5.1285557986870895e-05
-134.6958801729897,0.00958363670228077,1.0,5.1285557986870895e-05
-134.59465582051808,0.009583798977276575,1.0,6.838074398249453e-05
-134.4934314680465,0.009583798977276575,1.0,6.838074398249453e-05
-134.39220711557493,0.009583798977276575,1.0,6.838074398249453e-05
-134.29098276310336,0.009583798977276575,1.0,6.838074398249453e-05
-134.18975841063178,0.009583798977276575,1.0,6.838074398249453e-05
-134.08853405816018,0.009583798977276575,1.0,6.838074398249453e-05
-133.9873097056886,0.009583961257767918,1.0,8.547592997811816e-05
-133.88608535321703,0.009583961257767918,1.0,8.547592997811816e-05
-133.78486100074545,0.009583961257767918,1.0,8.547592997811816e-05
-133.68363664827388,0.009583961257767918,1.0,8.547592997811816e-05
-133.58241229580227,0.009584123543755079,1.0,0.00010257111597374179
-133.4811879433307,0.009584123543755079,1.0,0.00010257111597374179
-133.37996359085912,0.009584123543755079,1.0,0.00010257111597374179
-133.27873923838754,0.009584123543755079,1.0,0.00010257111597374179
-133.17751488591597,0.009584123543755079,1.0,0.00010257111597374179
-133.07629053344436,0.009584123543755079,1.0,0.00010257111597374179
-132.9750661809728,0.009584123543755079,1.0,0.00010257111597374179
-132.8738418285012,0.009584123543755079,1.0,0.00010257111597374179
-132.77261747602964,0.009584123543755079,1.0,0.00010257111597374179
-132.67139312355806,0.009584285835238337,1.0,0.00011966630196936542
-132.57016877108646,0.009584285835238337,1.0,0.00011966630196936542
-132.46894441861488,0.009584285835238337,1.0,0.00011966630196936542
-132.3677200661433,0.009584285835238337,1.0,0.00011966630196936542
-132.26649571367173,0.009584285835238337,1.0,0.00011966630196936542
-132.16527136120015,0.009584285835238337,1.0,0.00011966630196936542
-132.06404700872855,0.009584285835238337,1.0,0.00011966630196936542
-131.96282265625698,0.009584285835238337,1.0,0.00011966630196936542
-131.8615983037854,0.009584285835238337,1.0,0.00011966630196936542
-131.76037395131382,0.009584285835238337,1.0,0.00011966630196936542
-131.65914959884225,0.009584285835238337,1.0,0.00011966630196936542
-131.55792524637064,0.009584285835238337,1.0,0.00011966630196936542
-131.45670089389907,0.00958444813221797,1.0,0.00013676148796498905
-131.3554765414275,0.00958444813221797,1.0,0.00013676148796498905
-131.25425218895592,0.009584610434694258,1.0,0.0001538566739606127
-131.15302783648434,0.009584610434694258,1.0,0.0001538566739606127
-131.05180348401274,0.009584610434694258,1.0,0.0001538566739606127
-130.95057913154116,0.00958477274266748,1.0,0.00017095185995623632
-130.84935477906959,0.009584935056137915,1.0,0.00018804704595185996
-130.748130426598,0.009584935056137915,1.0,0.00018804704595185996
-130.64690607412643,0.009584935056137915,1.0,0.00018804704595185996
-130.54568172165483,0.009584935056137915,1.0,0.00018804704595185996
-130.44445736918325,0.009584935056137915,1.0,0.00018804704595185996
-130.34323301671168,0.009584935056137915,1.0,0.00018804704595185996
-130.2420086642401,0.009584935056137915,1.0,0.00018804704595185996
-130.14078431176853,0.009584935056137915,1.0,0.00018804704595185996
-130.03955995929692,0.009584935056137915,1.0,0.00018804704595185996
-129.93833560682535,0.009584935056137915,1.0,0.00018804704595185996
-129.83711125435377,0.009584935056137915,1.0,0.00018804704595185996
-129.7358869018822,0.009584935056137915,1.0,0.00018804704595185996
-129.63466254941062,0.009584935056137915,1.0,0.00018804704595185996
-129.53343819693902,0.009585097375105843,1.0,0.00020514223194748358
-129.43221384446744,0.009585097375105843,1.0,0.00020514223194748358
-129.33098949199587,0.009585097375105843,1.0,0.00020514223194748358
-129.2297651395243,0.009585097375105843,1.0,0.00020514223194748358
-129.1285407870527,0.009585097375105843,1.0,0.00020514223194748358
-129.0273164345811,0.009585097375105843,1.0,0.00020514223194748358
-128.92609208210953,0.009585097375105843,1.0,0.00020514223194748358
-128.82486772963796,0.009585097375105843,1.0,0.00020514223194748358
-128.72364337716638,0.009585259699571542,1.0,0.00022223741794310723
-128.6224190246948,0.009585422029535294,1.0,0.00023933260393873084
-128.5211946722232,0.009585422029535294,1.0,0.00023933260393873084
-128.41997031975163,0.009585422029535294,1.0,0.00023933260393873084
-128.31874596728005,0.009585422029535294,1.0,0.00023933260393873084
-128.21752161480848,0.009585422029535294,1.0,0.00023933260393873084
-128.1162972623369,0.009585422029535294,1.0,0.00023933260393873084
-128.0150729098653,0.009585422029535294,1.0,0.00023933260393873084
-127.91384855739373,0.009585422029535294,1.0,0.00023933260393873084
-127.81262420492214,0.009585584364997375,1.0,0.00025642778993435446
-127.71139985245057,0.009585584364997375,1.0,0.00025642778993435446
-127.610175499979,0.009585584364997375,1.0,0.00025642778993435446
-127.5089511475074,0.009585584364997375,1.0,0.00025642778993435446
-127.40772679503583,0.009585584364997375,1.0,0.00025642778993435446
-127.30650244256424,0.009585584364997375,1.0,0.00025642778993435446
-127.20527809009266,0.009585746705958067,1.0,0.0002735229759299781
-127.10405373762109,0.009585746705958067,1.0,0.0002735229759299781
-127.0028293851495,0.009585746705958067,1.0,0.0002735229759299781
-126.90160503267792,0.009585746705958067,1.0,0.0002735229759299781
-126.80038068020633,0.009585746705958067,1.0,0.0002735229759299781
-126.69915632773476,0.009585746705958067,1.0,0.0002735229759299781
-126.59793197526318,0.009585746705958067,1.0,0.0002735229759299781
-126.49670762279159,0.009585746705958067,1.0,0.0002735229759299781
-126.39548327032001,0.009585746705958067,1.0,0.0002735229759299781
-126.29425891784842,0.009585746705958067,1.0,0.0002735229759299781
-126.19303456537685,0.009585746705958067,1.0,0.0002735229759299781
-126.09181021290527,0.009585746705958067,1.0,0.0002735229759299781
-125.99058586043368,0.009585909052417647,1.0,0.00029061816192560175
-125.88936150796211,0.009585909052417647,1.0,0.00029061816192560175
-125.78813715549052,0.009585909052417647,1.0,0.00029061816192560175
-125.68691280301894,0.009585909052417647,1.0,0.00029061816192560175
-125.58568845054737,0.009586071404376397,1.0,0.0003077133479212254
-125.48446409807578,0.009586233761834595,1.0,0.000324808533916849
-125.3832397456042,0.009586233761834595,1.0,0.000324808533916849
-125.28201539313261,0.009586233761834595,1.0,0.000324808533916849
-125.18079104066103,0.009586233761834595,1.0,0.000324808533916849
-125.07956668818946,0.009586233761834595,1.0,0.000324808533916849
-124.97834233571787,0.009586233761834595,1.0,0.000324808533916849
-124.8771179832463,0.009586233761834595,1.0,0.000324808533916849
-124.7758936307747,0.009586233761834595,1.0,0.000324808533916849
-124.67466927830313,0.009586233761834595,1.0,0.000324808533916849
-124.57344492583155,0.009586233761834595,1.0,0.000324808533916849
-124.47222057335996,0.00958639612479252,1.0,0.00034190371991247264
-124.37099622088839,0.00958639612479252,1.0,0.00034190371991247264
-124.2697718684168,0.00958639612479252,1.0,0.00034190371991247264
-124.16854751594522,0.00958639612479252,1.0,0.00034190371991247264
-124.06732316347365,0.00958639612479252,1.0,0.00034190371991247264
-123.96609881100206,0.00958639612479252,1.0,0.00034190371991247264
-123.86487445853048,0.00958639612479252,1.0,0.00034190371991247264
-123.76365010605889,0.00958639612479252,1.0,0.00034190371991247264
-123.66242575358731,0.00958639612479252,1.0,0.00034190371991247264
-123.56120140111574,0.00958639612479252,1.0,0.00034190371991247264
-123.45997704864415,0.00958639612479252,1.0,0.00034190371991247264
-123.35875269617257,0.00958639612479252,1.0,0.00034190371991247264
-123.25752834370098,0.00958639612479252,1.0,0.00034190371991247264
-123.15630399122941,0.009586558493250453,1.0,0.0003589989059080963
-123.05507963875783,0.009586558493250453,1.0,0.0003589989059080963
-122.95385528628624,0.009586558493250453,1.0,0.0003589989059080963
-122.85263093381467,0.009586558493250453,1.0,0.0003589989059080963
-122.75140658134308,0.009586720867208673,1.0,0.0003760940919037199
-122.6501822288715,0.009586720867208673,1.0,0.0003760940919037199
-122.54895787639992,0.009586720867208673,1.0,0.0003760940919037199
-122.44773352392833,0.009586720867208673,1.0,0.0003760940919037199
-122.34650917145676,0.009586720867208673,1.0,0.0003760940919037199
-122.24528481898517,0.009586720867208673,1.0,0.0003760940919037199
-122.1440604665136,0.009586720867208673,1.0,0.0003760940919037199
-122.04283611404202,0.009586883246667456,1.0,0.00039318927789934357
-121.94161176157043,0.009586883246667456,1.0,0.00039318927789934357
-121.84038740909885,0.009586883246667456,1.0,0.00039318927789934357
-121.73916305662726,0.009586883246667456,1.0,0.00039318927789934357
-121.63793870415569,0.009586883246667456,1.0,0.00039318927789934357
-121.53671435168411,0.009586883246667456,1.0,0.00039318927789934357
-121.43548999921254,0.009587045631627088,1.0,0.00041028446389496716
-121.33426564674095,0.009587045631627088,1.0,0.00041028446389496716
-121.23304129426936,0.009587208022087844,1.0,0.0004273796498905908
-121.13181694179778,0.009587208022087844,1.0,0.0004273796498905908
-121.0305925893262,0.009587370418050004,1.0,0.00044447483588621445
-120.92936823685463,0.009587370418050004,1.0,0.00044447483588621445
-120.82814388438304,0.009587370418050004,1.0,0.00044447483588621445
-120.72691953191145,0.009587370418050004,1.0,0.00044447483588621445
-120.62569517943987,0.009587370418050004,1.0,0.00044447483588621445
-120.5244708269683,0.009587370418050004,1.0,0.00044447483588621445
-120.42324647449672,0.009587370418050004,1.0,0.00044447483588621445
-120.32202212202513,0.009587532819513848,1.0,0.0004615700218818381
-120.22079776955356,0.009587532819513848,1.0,0.0004615700218818381
-120.11957341708197,0.009587695226479656,1.0,0.0004786652078774617
-120.01834906461039,0.009587695226479656,1.0,0.0004786652078774617
-119.91712471213881,0.009587695226479656,1.0,0.0004786652078774617
-119.81590035966722,0.009587695226479656,1.0,0.0004786652078774617
-119.71467600719565,0.009587695226479656,1.0,0.0004786652078774617
-119.61345165472406,0.009587695226479656,1.0,0.0004786652078774617
-119.51222730225248,0.009587695226479656,1.0,0.0004786652078774617
-119.41100294978091,0.009587695226479656,1.0,0.0004786652078774617
-119.30977859730932,0.009587695226479656,1.0,0.0004786652078774617
-119.20855424483774,0.009587695226479656,1.0,0.0004786652078774617
-119.10732989236615,0.009587695226479656,1.0,0.0004786652078774617
-119.00610553989458,0.009587857638947707,1.0,0.0004957603938730853
-118.904881187423,0.009587857638947707,1.0,0.0004957603938730853
-118.80365683495141,0.009588020056918282,1.0,0.0005128555798687089
-118.70243248247984,0.00958818248039166,1.0,0.0005299507658643326
-118.60120813000825,0.00958818248039166,1.0,0.0005299507658643326
-118.49998377753667,0.00958818248039166,1.0,0.0005299507658643326
-118.3987594250651,0.00958818248039166,1.0,0.0005299507658643326
-118.2975350725935,0.00958818248039166,1.0,0.0005299507658643326
-118.19631072012193,0.009588344909368118,1.0,0.0005470459518599562
-118.09508636765034,0.009588344909368118,1.0,0.0005470459518599562
-117.99386201517876,0.009588344909368118,1.0,0.0005470459518599562
-117.89263766270719,0.009588344909368118,1.0,0.0005470459518599562
-117.7914133102356,0.009588344909368118,1.0,0.0005470459518599562
-117.69018895776402,0.00958850734384794,1.0,0.0005641411378555799
-117.58896460529243,0.00958850734384794,1.0,0.0005641411378555799
-117.48774025282086,0.00958850734384794,1.0,0.0005641411378555799
-117.38651590034928,0.00958850734384794,1.0,0.0005641411378555799
-117.28529154787769,0.009588832229318786,1.0,0.0005983315098468271
-117.18406719540612,0.009588994680310372,1.0,0.0006154266958424508
-117.08284284293453,0.009589157136806439,1.0,0.0006325218818380744
-116.98161849046295,0.009589482066313132,1.0,0.0006667122538293217
-116.88039413799137,0.009589482066313132,1.0,0.0006667122538293217
-116.77916978551978,0.009589482066313132,1.0,0.0006667122538293217
-116.67794543304821,0.009589482066313132,1.0,0.0006667122538293217
-116.57672108057662,0.009589482066313132,1.0,0.0006667122538293217
-116.47549672810504,0.009589482066313132,1.0,0.0006667122538293217
-116.37427237563347,0.009589482066313132,1.0,0.0006667122538293217
-116.27304802316188,0.009589482066313132,1.0,0.0006667122538293217
-116.1718236706903,0.009589482066313132,1.0,0.0006667122538293217
-116.07059931821871,0.009589482066313132,1.0,0.0006667122538293217
-115.96937496574714,0.00958964453932432,1.0,0.0006838074398249453
-115.86815061327556,0.00958964453932432,1.0,0.0006838074398249453
-115.76692626080397,0.00958964453932432,1.0,0.0006838074398249453
-115.6657019083324,0.00958964453932432,1.0,0.0006838074398249453
-115.5644775558608,0.00958964453932432,1.0,0.0006838074398249453
-115.46325320338923,0.00958964453932432,1.0,0.0006838074398249453
-115.36202885091765,0.00958964453932432,1.0,0.0006838074398249453
-115.26080449844606,0.009589807017841108,1.0,0.000700902625820569
-115.15958014597449,0.009589969501863775,1.0,0.0007179978118161926
-115.0583557935029,0.009589969501863775,1.0,0.0007179978118161926
-114.95713144103132,0.009589969501863775,1.0,0.0007179978118161926
-114.85590708855975,0.009589969501863775,1.0,0.0007179978118161926
-114.75468273608816,0.009590131991392602,1.0,0.0007350929978118162
-114.65345838361658,0.009590131991392602,1.0,0.0007350929978118162
-114.55223403114499,0.009590131991392602,1.0,0.0007350929978118162
-114.45100967867342,0.009590131991392602,1.0,0.0007350929978118162
-114.34978532620184,0.009590131991392602,1.0,0.0007350929978118162
-114.24856097373025,0.009590131991392602,1.0,0.0007350929978118162
-114.14733662125867,0.009590131991392602,1.0,0.0007350929978118162
-114.04611226878708,0.009590131991392602,1.0,0.0007350929978118162
-113.94488791631551,0.009590131991392602,1.0,0.0007350929978118162
-113.84366356384393,0.00959029448642787,1.0,0.0007521881838074399
-113.74243921137236,0.00959029448642787,1.0,0.0007521881838074399
-113.64121485890077,0.009590456986969855,1.0,0.0007692833698030634
-113.53999050642918,0.009590456986969855,1.0,0.0007692833698030634
-113.4387661539576,0.009590456986969855,1.0,0.0007692833698030634
-113.33754180148603,0.009590619493018843,1.0,0.0007863785557986871
-113.23631744901445,0.009590619493018843,1.0,0.0007863785557986871
-113.13509309654286,0.009590782004575108,1.0,0.0008034737417943107
-113.03386874407128,0.009590782004575108,1.0,0.0008034737417943107
-112.9326443915997,0.009590944521638934,1.0,0.0008205689277899343
-112.83142003912812,0.009590944521638934,1.0,0.0008205689277899343
-112.73019568665654,0.009591269572290381,1.0,0.0008547592997811816
-112.62897133418495,0.009591269572290381,1.0,0.0008547592997811816
-112.52774698171338,0.009591269572290381,1.0,0.0008547592997811816
-112.42652262924179,0.009591432105878565,1.0,0.0008718544857768052
-112.32529827677021,0.009591432105878565,1.0,0.0008718544857768052
-112.22407392429864,0.009591594644975427,1.0,0.0008889496717724289
-112.12284957182705,0.009591919739696312,1.0,0.0009231400437636762
-112.02162521935547,0.009592244856455276,1.0,0.0009573304157549234
-111.92040086688388,0.009592244856455276,1.0,0.0009573304157549234
-111.8191765144123,0.009592244856455276,1.0,0.0009573304157549234
-111.71795216194073,0.009592244856455276,1.0,0.0009573304157549234
-111.61672780946914,0.009592244856455276,1.0,0.0009573304157549234
-111.51550345699756,0.009592407423099737,1.0,0.0009744256017505471
-111.41427910452597,0.009592407423099737,1.0,0.0009744256017505471
-111.3130547520544,0.009592407423099737,1.0,0.0009744256017505471
-111.21183039958282,0.009592407423099737,1.0,0.0009744256017505471
-111.11060604711123,0.009592732572920022,1.0,0.0010086159737417943
-111.00938169463966,0.009592732572920022,1.0,0.0010086159737417943
-110.90815734216807,0.009592732572920022,1.0,0.0010086159737417943
-110.80693298969649,0.009592732572920022,1.0,0.0010086159737417943
-110.70570863722492,0.009592732572920022,1.0,0.0010086159737417943
-110.60448428475333,0.009592732572920022,1.0,0.0010086159737417943
-110.50325993228175,0.009592895156096404,1.0,0.0010257111597374179
-110.40203557981016,0.009593057744783987,1.0,0.0010428063457330417
-110.30081122733858,0.009593057744783987,1.0,0.0010428063457330417
-110.19958687486701,0.009593057744783987,1.0,0.0010428063457330417
-110.09836252239542,0.009593220338983051,1.0,0.0010599015317286653
-109.99713816992384,0.009593382938693875,1.0,0.0010769967177242888
-109.89591381745225,0.009593382938693875,1.0,0.0010769967177242888
-109.79468946498068,0.009593382938693875,1.0,0.0010769967177242888
-109.6934651125091,0.009593382938693875,1.0,0.0010769967177242888
-109.59224076003751,0.009593382938693875,1.0,0.0010769967177242888
-109.49101640756594,0.009593382938693875,1.0,0.0010769967177242888
-109.38979205509435,0.009593382938693875,1.0,0.0010769967177242888
-109.28856770262277,0.009593708154651931,1.0,0.001111187089715536
-109.1873433501512,0.009593708154651931,1.0,0.001111187089715536
-109.0861189976796,0.009593708154651931,1.0,0.001111187089715536
-108.98489464520803,0.009593870770899722,1.0,0.0011282822757111598
-108.88367029273644,0.00959419601993423,1.0,0.001162472647702407
-108.78244594026486,0.00959435865272151,1.0,0.0011795678336980306
-108.68122158779329,0.00959435865272151,1.0,0.0011795678336980306
-108.5799972353217,0.00959435865272151,1.0,0.0011795678336980306
-108.47877288285012,0.00959435865272151,1.0,0.0011795678336980306
-108.37754853037853,0.00959435865272151,1.0,0.0011795678336980306
-108.27632417790696,0.00959435865272151,1.0,0.0011795678336980306
-108.17509982543538,0.009594521291022512,1.0,0.0011966630196936542
-108.07387547296379,0.009594683934837518,1.0,0.001213758205689278
-107.97265112049222,0.009594683934837518,1.0,0.001213758205689278
-107.87142676802063,0.009595009239010664,1.0,0.0012479485776805252
-107.77020241554905,0.009595171899369363,1.0,0.0012650437636761488
-107.66897806307747,0.009595171899369363,1.0,0.0012650437636761488
-107.56775371060588,0.00959533456524319,1.0,0.0012821389496717724
-107.46652935813431,0.00959533456524319,1.0,0.0012821389496717724
-107.36530500566272,0.009595497236632422,1.0,0.001299234135667396
-107.26408065319114,0.00959565991353734,1.0,0.0013163293216630198
-107.16285630071957,0.00959598528389536,1.0,0.001350519693654267
-107.06163194824799,0.00959598528389536,1.0,0.001350519693654267
-106.9604075957764,0.009596147977349022,1.0,0.0013676148796498905
-106.85918324330481,0.009596147977349022,1.0,0.0013676148796498905
-106.75795889083324,0.009596147977349022,1.0,0.0013676148796498905
-106.65673453836166,0.009596310676319492,1.0,0.0013847100656455141
-106.55551018589009,0.009596310676319492,1.0,0.0013847100656455141
-106.4542858334185,0.009596310676319492,1.0,0.0013847100656455141
-106.3530614809469,0.009596310676319492,1.0,0.0013847100656455141
-106.25183712847533,0.009596310676319492,1.0,0.0013847100656455141
-106.15061277600375,0.009596636090811983,1.0,0.0014189004376367615
-106.04938842353218,0.009596636090811983,1.0,0.0014189004376367615
-105.94816407106059,0.009596798806334565,1.0,0.0014359956236323851
-105.846939718589,0.009596798806334565,1.0,0.0014359956236323851
-105.74571536611742,0.009596961527375079,1.0,0.0014530908096280087
-105.64449101364585,0.009596961527375079,1.0,0.0014530908096280087
-105.54326666117427,0.009596961527375079,1.0,0.0014530908096280087
-105.44204230870268,0.009596961527375079,1.0,0.0014530908096280087
-105.34081795623109,0.009596961527375079,1.0,0.0014530908096280087
-105.23959360375952,0.009597124253933803,1.0,0.0014701859956236323
-105.13836925128794,0.009597286986011021,1.0,0.0014872811816192561
-105.03714489881636,0.009597286986011021,1.0,0.0014872811816192561
-104.93592054634478,0.009597286986011021,1.0,0.0014872811816192561
-104.83469619387319,0.009597286986011021,1.0,0.0014872811816192561
-104.73347184140161,0.009597286986011021,1.0,0.0014872811816192561
-104.63224748893003,0.009597286986011021,1.0,0.0014872811816192561
-104.53102313645846,0.009597286986011021,1.0,0.0014872811816192561
-104.42979878398687,0.009597286986011021,1.0,0.0014872811816192561
-104.32857443151528,0.009597286986011021,1.0,0.0014872811816192561
-104.2273500790437,0.009597286986011021,1.0,0.0014872811816192561
-104.12612572657213,0.009597449723607014,1.0,0.0015043763676148797
-104.02490137410055,0.009597449723607014,1.0,0.0015043763676148797
-103.92367702162896,0.009597612466722059,1.0,0.0015214715536105033
-103.82245266915737,0.009597612466722059,1.0,0.0015214715536105033
-103.7212283166858,0.009597612466722059,1.0,0.0015214715536105033
-103.62000396421422,0.009597612466722059,1.0,0.0015214715536105033
-103.51877961174264,0.009597612466722059,1.0,0.0015214715536105033
-103.41755525927105,0.009597612466722059,1.0,0.0015214715536105033
-103.31633090679948,0.009597612466722059,1.0,0.0015214715536105033
-103.21510655432789,0.009597612466722059,1.0,0.0015214715536105033
-103.11388220185631,0.009597612466722059,1.0,0.0015214715536105033
-103.01265784938474,0.00959777521535644,1.0,0.0015385667396061269
-102.91143349691315,0.00959777521535644,1.0,0.0015385667396061269
-102.81020914444157,0.00959777521535644,1.0,0.0015385667396061269
-102.70898479196998,0.00959777521535644,1.0,0.0015385667396061269
-102.6077604394984,0.00959777521535644,1.0,0.0015385667396061269
-102.50653608702683,0.009597937969510438,1.0,0.0015556619256017505
-102.40531173455524,0.009597937969510438,1.0,0.0015556619256017505
-102.30408738208367,0.009598100729184331,1.0,0.0015727571115973743
-102.20286302961208,0.009598100729184331,1.0,0.0015727571115973743
-102.1016386771405,0.009598100729184331,1.0,0.0015727571115973743
-102.00041432466892,0.009598100729184331,1.0,0.0015727571115973743
-101.89918997219733,0.009598263494378402,1.0,0.0015898522975929979
-101.79796561972576,0.009598263494378402,1.0,0.0015898522975929979
-101.69674126725417,0.009598263494378402,1.0,0.0015898522975929979
-101.59551691478259,0.009598263494378402,1.0,0.0015898522975929979
-101.49429256231102,0.009598426265092932,1.0,0.0016069474835886215
-101.39306820983944,0.009598426265092932,1.0,0.0016069474835886215
-101.29184385736785,0.009598426265092932,1.0,0.0016069474835886215
-101.19061950489626,0.009598426265092932,1.0,0.0016069474835886215
-101.08939515242469,0.009598426265092932,1.0,0.0016069474835886215
-100.98817079995311,0.0095985890413282,1.0,0.001624042669584245
-100.88694644748153,0.0095985890413282,1.0,0.001624042669584245
-100.78572209500994,0.0095985890413282,1.0,0.001624042669584245
-100.68449774253835,0.0095985890413282,1.0,0.001624042669584245
-100.58327339006678,0.0095985890413282,1.0,0.001624042669584245
-100.4820490375952,0.0095985890413282,1.0,0.001624042669584245
-100.38082468512363,0.0095985890413282,1.0,0.001624042669584245
-100.27960033265204,0.009598751823084489,1.0,0.0016411378555798686
-100.17837598018045,0.00959907740316125,1.0,0.001675328227571116
-100.07715162770887,0.00959907740316125,1.0,0.001675328227571116
-99.9759272752373,0.00959907740316125,1.0,0.001675328227571116
-99.87470292276572,0.009599240201482286,1.0,0.0016924234135667396
-99.77347857029413,0.009599240201482286,1.0,0.0016924234135667396
-99.67225421782254,0.009599240201482286,1.0,0.0016924234135667396
-99.57102986535097,0.009599403005325463,1.0,0.0017095185995623632
-99.46980551287939,0.009599403005325463,1.0,0.0017095185995623632
-99.36858116040781,0.009599403005325463,1.0,0.0017095185995623632
-99.26735680793622,0.009599403005325463,1.0,0.0017095185995623632
-99.16613245546463,0.009599403005325463,1.0,0.0017095185995623632
-99.06490810299306,0.009599403005325463,1.0,0.0017095185995623632
-98.96368375052148,0.009599403005325463,1.0,0.0017095185995623632
-98.86245939804991,0.009599403005325463,1.0,0.0017095185995623632
-98.76123504557832,0.009599728629579377,1.0,0.0017437089715536104
-98.66001069310673,0.009599728629579377,1.0,0.0017437089715536104
-98.55878634063515,0.009599728629579377,1.0,0.0017437089715536104
-98.45756198816358,0.009599728629579377,1.0,0.0017437089715536104
-98.356337635692,0.009599728629579377,1.0,0.0017437089715536104
-98.25511328322041,0.00959989144999067,1.0,0.0017608041575492342
-98.15388893074882,0.009600054275925234,1.0,0.0017778993435448578
-98.05266457827724,0.009600217107383346,1.0,0.0017949945295404814
-97.95144022580567,0.009600217107383346,1.0,0.0017949945295404814
-97.8502158733341,0.009600217107383346,1.0,0.0017949945295404814
-97.7489915208625,0.009600217107383346,1.0,0.0017949945295404814
-97.64776716839091,0.009600217107383346,1.0,0.0017949945295404814
-97.54654281591934,0.009600217107383346,1.0,0.0017949945295404814
-97.44531846344776,0.009600217107383346,1.0,0.0017949945295404814
-97.34409411097619,0.009600217107383346,1.0,0.0017949945295404814
-97.2428697585046,0.009600217107383346,1.0,0.0017949945295404814
-97.141645406033,0.009600217107383346,1.0,0.0017949945295404814
-97.04042105356143,0.009600217107383346,1.0,0.0017949945295404814
-96.93919670108986,0.00960037994436529,1.0,0.001812089715536105
-96.83797234861828,0.00960037994436529,1.0,0.001812089715536105
-96.73674799614669,0.00960037994436529,1.0,0.001812089715536105
-96.6355236436751,0.00960037994436529,1.0,0.001812089715536105
-96.53429929120352,0.00960037994436529,1.0,0.001812089715536105
-96.43307493873195,0.00960037994436529,1.0,0.001812089715536105
-96.33185058626037,0.00960037994436529,1.0,0.001812089715536105
-96.23062623378878,0.00960037994436529,1.0,0.001812089715536105
-96.1294018813172,0.00960037994436529,1.0,0.001812089715536105
-96.02817752884562,0.00960037994436529,1.0,0.001812089715536105
-95.92695317637404,0.00960037994436529,1.0,0.001812089715536105
-95.82572882390247,0.00960037994436529,1.0,0.001812089715536105
-95.72450447143088,0.00960037994436529,1.0,0.001812089715536105
-95.6232801189593,0.00960037994436529,1.0,0.001812089715536105
-95.52205576648771,0.009600705634901788,1.0,0.0018462800875273524
-95.42083141401613,0.009600705634901788,1.0,0.0018462800875273524
-95.31960706154456,0.009600705634901788,1.0,0.0018462800875273524
-95.21838270907297,0.009600868488456907,1.0,0.001863375273522976
-95.1171583566014,0.009600868488456907,1.0,0.001863375273522976
-95.0159340041298,0.009600868488456907,1.0,0.001863375273522976
-94.91470965165823,0.009600868488456907,1.0,0.001863375273522976
-94.81348529918665,0.009600868488456907,1.0,0.001863375273522976
-94.71226094671506,0.009600868488456907,1.0,0.001863375273522976
-94.61103659424349,0.009600868488456907,1.0,0.001863375273522976
-94.5098122417719,0.009600868488456907,1.0,0.001863375273522976
-94.40858788930032,0.009600868488456907,1.0,0.001863375273522976
-94.30736353682875,0.009600868488456907,1.0,0.001863375273522976
-94.20613918435716,0.009600868488456907,1.0,0.001863375273522976
-94.10491483188558,0.009600868488456907,1.0,0.001863375273522976
-94.00369047941399,0.00960103134753698,1.0,0.0018804704595185996
-93.90246612694241,0.00960103134753698,1.0,0.0018804704595185996
-93.80124177447084,0.009601194212142289,1.0,0.0018975656455142232
-93.70001742199926,0.009601194212142289,1.0,0.0018975656455142232
-93.59879306952767,0.009601194212142289,1.0,0.0018975656455142232
-93.49756871705608,0.009601194212142289,1.0,0.0018975656455142232
-93.39634436458451,0.009601194212142289,1.0,0.0018975656455142232
-93.29512001211293,0.009601194212142289,1.0,0.0018975656455142232
-93.19389565964136,0.009601194212142289,1.0,0.0018975656455142232
-93.09267130716977,0.009601194212142289,1.0,0.0018975656455142232
-92.99144695469818,0.009601194212142289,1.0,0.0018975656455142232
-92.8902226022266,0.009601194212142289,1.0,0.0018975656455142232
-92.78899824975502,0.009601194212142289,1.0,0.0018975656455142232
-92.68777389728345,0.009601194212142289,1.0,0.0018975656455142232
-92.58654954481186,0.009601194212142289,1.0,0.0018975656455142232
-92.48532519234027,0.009601194212142289,1.0,0.0018975656455142232
-92.3841008398687,0.009601357082273113,1.0,0.0019146608315098468
-92.28287648739712,0.009601357082273113,1.0,0.0019146608315098468
-92.18165213492554,0.009601357082273113,1.0,0.0019146608315098468
-92.08042778245395,0.009601357082273113,1.0,0.0019146608315098468
-91.97920342998236,0.009601357082273113,1.0,0.0019146608315098468
-91.87797907751079,0.009601357082273113,1.0,0.0019146608315098468
-91.77675472503921,0.009601357082273113,1.0,0.0019146608315098468
-91.67553037256764,0.009601357082273113,1.0,0.0019146608315098468
-91.57430602009605,0.009601357082273113,1.0,0.0019146608315098468
-91.47308166762446,0.009601357082273113,1.0,0.0019146608315098468
-91.37185731515288,0.009601357082273113,1.0,0.0019146608315098468
-91.2706329626813,0.009601357082273113,1.0,0.0019146608315098468
-91.16940861020973,0.009601357082273113,1.0,0.0019146608315098468
-91.06818425773814,0.009601357082273113,1.0,0.0019146608315098468
-90.96695990526655,0.009601357082273113,1.0,0.0019146608315098468
-90.86573555279497,0.009601357082273113,1.0,0.0019146608315098468
-90.7645112003234,0.009601357082273113,1.0,0.0019146608315098468
-90.66328684785182,0.009601357082273113,1.0,0.0019146608315098468
-90.56206249538023,0.009601357082273113,1.0,0.0019146608315098468
-90.46083814290864,0.009601357082273113,1.0,0.0019146608315098468
-90.35961379043707,0.009601357082273113,1.0,0.0019146608315098468
-90.25838943796549,0.009601357082273113,1.0,0.0019146608315098468
-90.15716508549392,0.009601357082273113,1.0,0.0019146608315098468
-90.05594073302233,0.009601357082273113,1.0,0.0019146608315098468
-89.95471638055074,0.009601357082273113,1.0,0.0019146608315098468
-89.85349202807916,0.009601357082273113,1.0,0.0019146608315098468
-89.75226767560758,0.009601519957929737,1.0,0.0019317560175054706
-89.65104332313601,0.009601519957929737,1.0,0.0019317560175054706
-89.54981897066442,0.009601519957929737,1.0,0.0019317560175054706
-89.44859461819283,0.009601519957929737,1.0,0.0019317560175054706
-89.34737026572125,0.009601519957929737,1.0,0.0019317560175054706
-89.24614591324968,0.009601519957929737,1.0,0.0019317560175054706
-89.1449215607781,0.009601519957929737,1.0,0.0019317560175054706
-89.04369720830651,0.009601519957929737,1.0,0.0019317560175054706
-88.94247285583492,0.009601519957929737,1.0,0.0019317560175054706
-88.84124850336335,0.009601519957929737,1.0,0.0019317560175054706
-88.74002415089177,0.009601682839112438,1.0,0.0019488512035010942
-88.6387997984202,0.009601682839112438,1.0,0.0019488512035010942
-88.5375754459486,0.009601682839112438,1.0,0.0019488512035010942
-88.43635109347703,0.009601845725821501,1.0,0.0019659463894967175
-88.33512674100544,0.009601845725821501,1.0,0.0019659463894967175
-88.23390238853386,0.009601845725821501,1.0,0.0019659463894967175
-88.13267803606229,0.009602008618057205,1.0,0.0019830415754923413
-88.0314536835907,0.009602008618057205,1.0,0.0019830415754923413
-87.93022933111912,0.009602008618057205,1.0,0.0019830415754923413
-87.82900497864753,0.009602008618057205,1.0,0.0019830415754923413
-87.72778062617596,0.009602008618057205,1.0,0.0019830415754923413
-87.62655627370438,0.009602008618057205,1.0,0.0019830415754923413
-87.52533192123279,0.009602008618057205,1.0,0.0019830415754923413
-87.42410756876122,0.009602008618057205,1.0,0.0019830415754923413
-87.32288321628963,0.009602008618057205,1.0,0.0019830415754923413
-87.22165886381805,0.009602171515819833,1.0,0.002000136761487965
-87.12043451134647,0.009602171515819833,1.0,0.002000136761487965
-87.01921015887488,0.009602171515819833,1.0,0.002000136761487965
-86.91798580640331,0.009602334419109664,1.0,0.0020172319474835885
-86.81676145393172,0.009602334419109664,1.0,0.0020172319474835885
-86.71553710146014,0.009602334419109664,1.0,0.0020172319474835885
-86.61431274898857,0.009602334419109664,1.0,0.0020172319474835885
-86.51308839651699,0.009602334419109664,1.0,0.0020172319474835885
-86.4118640440454,0.009602334419109664,1.0,0.0020172319474835885
-86.31063969157381,0.009602334419109664,1.0,0.0020172319474835885
-86.20941533910224,0.00960249732792698,1.0,0.0020343271334792123
-86.10819098663066,0.00960249732792698,1.0,0.0020343271334792123
-86.00696663415908,0.00960249732792698,1.0,0.0020343271334792123
-85.9057422816875,0.00960249732792698,1.0,0.0020343271334792123
-85.8045179292159,0.00960249732792698,1.0,0.0020343271334792123
-85.70329357674433,0.00960249732792698,1.0,0.0020343271334792123
-85.60206922427275,0.009602660242272064,1.0,0.0020514223194748357
-85.50084487180118,0.009602660242272064,1.0,0.0020514223194748357
-85.39962051932959,0.009602660242272064,1.0,0.0020514223194748357
-85.298396166858,0.009602660242272064,1.0,0.0020514223194748357
-85.19717181438642,0.009602660242272064,1.0,0.0020514223194748357
-85.09594746191485,0.009602660242272064,1.0,0.0020514223194748357
-84.99472310944327,0.009602660242272064,1.0,0.0020514223194748357
-84.89349875697168,0.009602660242272064,1.0,0.0020514223194748357
-84.79227440450009,0.009602660242272064,1.0,0.0020514223194748357
-84.69105005202852,0.009602823162145196,1.0,0.0020685175054704595
-84.58982569955694,0.009602823162145196,1.0,0.0020685175054704595
-84.48860134708536,0.009602823162145196,1.0,0.0020685175054704595
-84.38737699461377,0.009602823162145196,1.0,0.0020685175054704595
-84.28615264214218,0.009602823162145196,1.0,0.0020685175054704595
-84.18492828967061,0.009602823162145196,1.0,0.0020685175054704595
-84.08370393719903,0.009602823162145196,1.0,0.0020685175054704595
-83.98247958472746,0.009602823162145196,1.0,0.0020685175054704595
-83.88125523225587,0.009602823162145196,1.0,0.0020685175054704595
-83.78003087978428,0.009602986087546658,1.0,0.0020856126914660833
-83.6788065273127,0.009602986087546658,1.0,0.0020856126914660833
-83.57758217484113,0.009602986087546658,1.0,0.0020856126914660833
-83.47635782236955,0.009602986087546658,1.0,0.0020856126914660833
-83.37513346989796,0.009603311954935695,1.0,0.0021198030634573305
-83.27390911742637,0.009603311954935695,1.0,0.0021198030634573305
-83.1726847649548,0.009603311954935695,1.0,0.0021198030634573305
-83.07146041248322,0.009603311954935695,1.0,0.0021198030634573305
-82.97023606001164,0.009603311954935695,1.0,0.0021198030634573305
-82.86901170754005,0.009603311954935695,1.0,0.0021198030634573305
-82.76778735506846,0.009603311954935695,1.0,0.0021198030634573305
-82.66656300259689,0.009603311954935695,1.0,0.0021198030634573305
-82.56533865012531,0.009603311954935695,1.0,0.0021198030634573305
-82.46411429765374,0.009603474896923835,1.0,0.002136898249452954
-82.36288994518215,0.009603474896923835,1.0,0.002136898249452954
-82.26166559271056,0.009603474896923835,1.0,0.002136898249452954
-82.16044124023898,0.009603474896923835,1.0,0.002136898249452954
-82.0592168877674,0.009603474896923835,1.0,0.002136898249452954
-81.95799253529583,0.009603474896923835,1.0,0.002136898249452954
-81.85676818282424,0.009603474896923835,1.0,0.002136898249452954
-81.75554383035265,0.009603474896923835,1.0,0.002136898249452954
-81.65431947788107,0.009603474896923835,1.0,0.002136898249452954
-81.5530951254095,0.009603474896923835,1.0,0.002136898249452954
-81.45187077293792,0.009603474896923835,1.0,0.002136898249452954
-81.35064642046633,0.009603637844441428,1.0,0.0021539934354485777
-81.24942206799476,0.009603800797488758,1.0,0.0021710886214442015
-81.14819771552317,0.009603800797488758,1.0,0.0021710886214442015
-81.04697336305159,0.009603800797488758,1.0,0.0021710886214442015
-80.94574901058002,0.009603800797488758,1.0,0.0021710886214442015
-80.84452465810843,0.009603800797488758,1.0,0.0021710886214442015
-80.74330030563685,0.009603800797488758,1.0,0.0021710886214442015
-80.64207595316526,0.009603800797488758,1.0,0.0021710886214442015
-80.54085160069368,0.009603800797488758,1.0,0.0021710886214442015
-80.43962724822211,0.009603800797488758,1.0,0.0021710886214442015
-80.33840289575052,0.009603800797488758,1.0,0.0021710886214442015
-80.23717854327894,0.009603800797488758,1.0,0.0021710886214442015
-80.13595419080735,0.009603800797488758,1.0,0.0021710886214442015
-80.03472983833578,0.009603800797488758,1.0,0.0021710886214442015
-79.9335054858642,0.009603963756066107,1.0,0.002188183807439825
-79.83228113339261,0.009603963756066107,1.0,0.002188183807439825
-79.73105678092104,0.009603963756066107,1.0,0.002188183807439825
-79.62983242844945,0.009603963756066107,1.0,0.002188183807439825
-79.52860807597787,0.009603963756066107,1.0,0.002188183807439825
-79.4273837235063,0.009603963756066107,1.0,0.002188183807439825
-79.32615937103472,0.009603963756066107,1.0,0.002188183807439825
-79.22493501856313,0.009603963756066107,1.0,0.002188183807439825
-79.12371066609154,0.009603963756066107,1.0,0.002188183807439825
-79.02248631361996,0.009603963756066107,1.0,0.002188183807439825
-78.92126196114839,0.009603963756066107,1.0,0.002188183807439825
-78.82003760867681,0.009603963756066107,1.0,0.002188183807439825
-78.71881325620522,0.009603963756066107,1.0,0.002188183807439825
-78.61758890373363,0.009603963756066107,1.0,0.002188183807439825
-78.51636455126206,0.009603963756066107,1.0,0.002188183807439825
-78.41514019879048,0.009603963756066107,1.0,0.002188183807439825
-78.3139158463189,0.009603963756066107,1.0,0.002188183807439825
-78.21269149384732,0.009603963756066107,1.0,0.002188183807439825
-78.11146714137573,0.009603963756066107,1.0,0.002188183807439825
-78.01024278890415,0.009603963756066107,1.0,0.002188183807439825
-77.90901843643258,0.009603963756066107,1.0,0.002188183807439825
-77.807794083961,0.009603963756066107,1.0,0.002188183807439825
-77.70656973148941,0.009603963756066107,1.0,0.002188183807439825
-77.60534537901782,0.009603963756066107,1.0,0.002188183807439825
-77.50412102654624,0.009603963756066107,1.0,0.002188183807439825
-77.40289667407467,0.009603963756066107,1.0,0.002188183807439825
-77.30167232160309,0.009603963756066107,1.0,0.002188183807439825
-77.2004479691315,0.009603963756066107,1.0,0.002188183807439825
-77.09922361665991,0.009603963756066107,1.0,0.002188183807439825
-76.99799926418834,0.009603963756066107,1.0,0.002188183807439825
-76.89677491171676,0.009603963756066107,1.0,0.002188183807439825
-76.79555055924519,0.009603963756066107,1.0,0.002188183807439825
-76.6943262067736,0.009603963756066107,1.0,0.002188183807439825
-76.593101854302,0.009603963756066107,1.0,0.002188183807439825
-76.49187750183043,0.009604126720173757,1.0,0.0022052789934354487
-76.39065314935885,0.009604126720173757,1.0,0.0022052789934354487
-76.28942879688728,0.009604126720173757,1.0,0.0022052789934354487
-76.18820444441569,0.009604126720173757,1.0,0.0022052789934354487
-76.0869800919441,0.009604126720173757,1.0,0.0022052789934354487
-75.98575573947252,0.009604126720173757,1.0,0.0022052789934354487
-75.88453138700095,0.009604126720173757,1.0,0.0022052789934354487
-75.78330703452937,0.009604126720173757,1.0,0.0022052789934354487
-75.68208268205778,0.009604126720173757,1.0,0.0022052789934354487
-75.58085832958619,0.009604126720173757,1.0,0.0022052789934354487
-75.47963397711462,0.009604126720173757,1.0,0.0022052789934354487
-75.37840962464304,0.009604126720173757,1.0,0.0022052789934354487
-75.27718527217145,0.009604126720173757,1.0,0.0022052789934354487
-75.17596091969988,0.009604126720173757,1.0,0.0022052789934354487
-75.0747365672283,0.009604126720173757,1.0,0.0022052789934354487
-74.97351221475671,0.009604126720173757,1.0,0.0022052789934354487
-74.87228786228513,0.009604126720173757,1.0,0.0022052789934354487
-74.77106350981356,0.009604126720173757,1.0,0.0022052789934354487
-74.66983915734197,0.009604126720173757,1.0,0.0022052789934354487
-74.56861480487039,0.009604126720173757,1.0,0.0022052789934354487
-74.4673904523988,0.009604126720173757,1.0,0.0022052789934354487
-74.36616609992723,0.009604126720173757,1.0,0.0022052789934354487
-74.26494174745565,0.009604126720173757,1.0,0.0022052789934354487
-74.16371739498406,0.009604126720173757,1.0,0.0022052789934354487
-74.06249304251249,0.009604126720173757,1.0,0.0022052789934354487
-73.9612686900409,0.009604289689811987,1.0,0.002222374179431072
-73.86004433756932,0.009604289689811987,1.0,0.002222374179431072
-73.75881998509774,0.009604289689811987,1.0,0.002222374179431072
-73.65759563262615,0.009604289689811987,1.0,0.002222374179431072
-73.55637128015458,0.009604289689811987,1.0,0.002222374179431072
-73.45514692768299,0.009604289689811987,1.0,0.002222374179431072
-73.35392257521141,0.009604289689811987,1.0,0.002222374179431072
-73.25269822273984,0.009604289689811987,1.0,0.002222374179431072
-73.15147387026825,0.009604289689811987,1.0,0.002222374179431072
-73.05024951779667,0.009604289689811987,1.0,0.002222374179431072
-72.94902516532508,0.009604289689811987,1.0,0.002222374179431072
-72.8478008128535,0.009604289689811987,1.0,0.002222374179431072
-72.74657646038193,0.009604289689811987,1.0,0.002222374179431072
-72.64535210791034,0.009604289689811987,1.0,0.002222374179431072
-72.54412775543877,0.009604289689811987,1.0,0.002222374179431072
-72.44290340296718,0.009604289689811987,1.0,0.002222374179431072
-72.3416790504956,0.009604289689811987,1.0,0.002222374179431072
-72.24045469802402,0.009604289689811987,1.0,0.002222374179431072
-72.13923034555243,0.009604289689811987,1.0,0.002222374179431072
-72.03800599308086,0.009604289689811987,1.0,0.002222374179431072
-71.93678164060927,0.009604289689811987,1.0,0.002222374179431072
-71.8355572881377,0.009604289689811987,1.0,0.002222374179431072
-71.73433293566612,0.009604289689811987,1.0,0.002222374179431072
-71.63310858319453,0.009604289689811987,1.0,0.002222374179431072
-71.53188423072295,0.009604289689811987,1.0,0.002222374179431072
-71.43065987825136,0.009604289689811987,1.0,0.002222374179431072
-71.32943552577979,0.009604289689811987,1.0,0.002222374179431072
-71.22821117330821,0.009604289689811987,1.0,0.002222374179431072
-71.12698682083662,0.009604289689811987,1.0,0.002222374179431072
-71.02576246836504,0.009604289689811987,1.0,0.002222374179431072
-70.92453811589347,0.009604289689811987,1.0,0.002222374179431072
-70.82331376342188,0.009604289689811987,1.0,0.002222374179431072
-70.7220894109503,0.009604289689811987,1.0,0.002222374179431072
-70.62086505847871,0.009604289689811987,1.0,0.002222374179431072
-70.51964070600714,0.009604289689811987,1.0,0.002222374179431072
-70.41841635353556,0.009604289689811987,1.0,0.002222374179431072
-70.31719200106397,0.009604289689811987,1.0,0.002222374179431072
-70.2159676485924,0.009604289689811987,1.0,0.002222374179431072
-70.1147432961208,0.009604289689811987,1.0,0.002222374179431072
-70.01351894364923,0.009604289689811987,1.0,0.002222374179431072
-69.91229459117766,0.009604289689811987,1.0,0.002222374179431072
-69.81107023870607,0.009604289689811987,1.0,0.002222374179431072
-69.70984588623449,0.009604289689811987,1.0,0.002222374179431072
-69.6086215337629,0.009604289689811987,1.0,0.002222374179431072
-69.50739718129132,0.009604289689811987,1.0,0.002222374179431072
-69.40617282881975,0.009604289689811987,1.0,0.002222374179431072
-69.30494847634816,0.009604289689811987,1.0,0.002222374179431072
-69.20372412387658,0.009604289689811987,1.0,0.002222374179431072
-69.102499771405,0.009604289689811987,1.0,0.002222374179431072
-69.00127541893342,0.009604289689811987,1.0,0.002222374179431072
-68.90005106646184,0.009604289689811987,1.0,0.002222374179431072
-68.79882671399025,0.009604289689811987,1.0,0.002222374179431072
-68.69760236151868,0.009604289689811987,1.0,0.002222374179431072
-68.59637800904709,0.009604289689811987,1.0,0.002222374179431072
-68.49515365657551,0.009604289689811987,1.0,0.002222374179431072
-68.39392930410393,0.009604289689811987,1.0,0.002222374179431072
-68.29270495163235,0.009604289689811987,1.0,0.002222374179431072
-68.19148059916077,0.009604289689811987,1.0,0.002222374179431072
-68.09025624668918,0.009604289689811987,1.0,0.002222374179431072
-67.9890318942176,0.009604289689811987,1.0,0.002222374179431072
-67.88780754174603,0.009604289689811987,1.0,0.002222374179431072
-67.78658318927444,0.009604289689811987,1.0,0.002222374179431072
-67.68535883680286,0.009604289689811987,1.0,0.002222374179431072
-67.58413448433127,0.009604289689811987,1.0,0.002222374179431072
-67.4829101318597,0.009604289689811987,1.0,0.002222374179431072
-67.38168577938812,0.009604289689811987,1.0,0.002222374179431072
-67.28046142691653,0.009604289689811987,1.0,0.002222374179431072
-67.17923707444496,0.009604289689811987,1.0,0.002222374179431072
-67.07801272197338,0.009604289689811987,1.0,0.002222374179431072
-66.97678836950179,0.009604289689811987,1.0,0.002222374179431072
-66.87556401703021,0.009604289689811987,1.0,0.002222374179431072
-66.77433966455862,0.009604289689811987,1.0,0.002222374179431072
-66.67311531208705,0.009604289689811987,1.0,0.002222374179431072
-66.57189095961547,0.009604289689811987,1.0,0.002222374179431072
-66.47066660714388,0.009604289689811987,1.0,0.002222374179431072
-66.36944225467231,0.009604289689811987,1.0,0.002222374179431072
-66.26821790220072,0.009604289689811987,1.0,0.002222374179431072
-66.16699354972914,0.009604289689811987,1.0,0.002222374179431072
-66.06576919725757,0.009604289689811987,1.0,0.002222374179431072
-65.96454484478598,0.009604289689811987,1.0,0.002222374179431072
-65.8633204923144,0.009604289689811987,1.0,0.002222374179431072
-65.76209613984281,0.009604289689811987,1.0,0.002222374179431072
-65.66087178737124,0.009604289689811987,1.0,0.002222374179431072
-65.55964743489966,0.009604289689811987,1.0,0.002222374179431072
-65.45842308242807,0.009604289689811987,1.0,0.002222374179431072
-65.3571987299565,0.009604289689811987,1.0,0.002222374179431072
-65.2559743774849,0.009604289689811987,1.0,0.002222374179431072
-65.15475002501333,0.009604289689811987,1.0,0.002222374179431072
-65.05352567254175,0.009604289689811987,1.0,0.002222374179431072
-64.95230132007016,0.009604289689811987,1.0,0.002222374179431072
-64.85107696759859,0.009604289689811987,1.0,0.002222374179431072
-64.749852615127,0.009604289689811987,1.0,0.002222374179431072
-64.64862826265542,0.009604289689811987,1.0,0.002222374179431072
-64.54740391018385,0.009604289689811987,1.0,0.002222374179431072
-64.44617955771226,0.009604289689811987,1.0,0.002222374179431072
-64.34495520524068,0.009604289689811987,1.0,0.002222374179431072
-64.24373085276909,0.009604289689811987,1.0,0.002222374179431072
-64.14250650029751,0.009604289689811987,1.0,0.002222374179431072
-64.04128214782594,0.009604289689811987,1.0,0.002222374179431072
-63.94005779535435,0.00960445266498108,1.0,0.002239469365426696
-63.83883344288277,0.00960445266498108,1.0,0.002239469365426696
-63.73760909041118,0.00960445266498108,1.0,0.002239469365426696
-63.63638473793961,0.00960445266498108,1.0,0.002239469365426696
-63.53516038546803,0.00960445266498108,1.0,0.002239469365426696
-63.43393603299644,0.00960445266498108,1.0,0.002239469365426696
-63.332711680524866,0.00960445266498108,1.0,0.002239469365426696
-63.23148732805329,0.00960445266498108,1.0,0.002239469365426696
-63.1302629755817,0.00960445266498108,1.0,0.002239469365426696
-63.029038623110125,0.00960445266498108,1.0,0.002239469365426696
-62.927814270638535,0.00960445266498108,1.0,0.002239469365426696
-62.82658991816696,0.00960445266498108,1.0,0.002239469365426696
-62.725365565695384,0.00960445266498108,1.0,0.002239469365426696
-62.624141213223794,0.00960445266498108,1.0,0.002239469365426696
-62.52291686075222,0.00960445266498108,1.0,0.002239469365426696
-62.42169250828063,0.00960445266498108,1.0,0.002239469365426696
-62.32046815580905,0.00960445266498108,1.0,0.002239469365426696
-62.21924380333748,0.00960445266498108,1.0,0.002239469365426696
-62.11801945086589,0.00960445266498108,1.0,0.002239469365426696
-62.01679509839431,0.00960445266498108,1.0,0.002239469365426696
-61.91557074592272,0.00960445266498108,1.0,0.002239469365426696
-61.814346393451146,0.00960445266498108,1.0,0.002239469365426696
-61.71312204097957,0.00960445266498108,1.0,0.002239469365426696
-61.61189768850798,0.00960445266498108,1.0,0.002239469365426696
-61.510673336036405,0.00960445266498108,1.0,0.002239469365426696
-61.409448983564815,0.00960445266498108,1.0,0.002239469365426696
-61.30822463109324,0.00960445266498108,1.0,0.002239469365426696
-61.20700027862166,0.00960445266498108,1.0,0.002239469365426696
-61.10577592615007,0.00960445266498108,1.0,0.002239469365426696
-61.0045515736785,0.00960445266498108,1.0,0.002239469365426696
-60.90332722120691,0.00960445266498108,1.0,0.002239469365426696
-60.80210286873533,0.00960445266498108,1.0,0.002239469365426696
-60.70087851626376,0.00960445266498108,1.0,0.002239469365426696
-60.59965416379217,0.00960445266498108,1.0,0.002239469365426696
-60.49842981132059,0.00960445266498108,1.0,0.002239469365426696
-60.397205458849,0.00960445266498108,1.0,0.002239469365426696
-60.295981106377425,0.00960445266498108,1.0,0.002239469365426696
-60.19475675390585,0.00960445266498108,1.0,0.002239469365426696
-60.09353240143426,0.00960445266498108,1.0,0.002239469365426696
-59.992308048962684,0.00960445266498108,1.0,0.002239469365426696
-59.89108369649111,0.00960445266498108,1.0,0.002239469365426696
-59.78985934401952,0.00960445266498108,1.0,0.002239469365426696
-59.68863499154794,0.00960445266498108,1.0,0.002239469365426696
-59.58741063907635,0.00960445266498108,1.0,0.002239469365426696
-59.48618628660478,0.00960445266498108,1.0,0.002239469365426696
-59.3849619341332,0.00960445266498108,1.0,0.002239469365426696
-59.28373758166161,0.00960445266498108,1.0,0.002239469365426696
-59.182513229190036,0.00960445266498108,1.0,0.002239469365426696
-59.081288876718446,0.00960445266498108,1.0,0.002239469365426696
-58.98006452424687,0.00960445266498108,1.0,0.002239469365426696
-58.878840171775295,0.00960445266498108,1.0,0.002239469365426696
-58.777615819303705,0.00960445266498108,1.0,0.002239469365426696
-58.67639146683213,0.00960445266498108,1.0,0.002239469365426696
-58.57516711436054,0.00960445266498108,1.0,0.002239469365426696
-58.473942761888964,0.00960445266498108,1.0,0.002239469365426696
-58.37271840941739,0.00960445266498108,1.0,0.002239469365426696
-58.2714940569458,0.00960445266498108,1.0,0.002239469365426696
-58.17026970447422,0.00960445266498108,1.0,0.002239469365426696
-58.06904535200263,0.00960445266498108,1.0,0.002239469365426696
-57.96782099953106,0.00960445266498108,1.0,0.002239469365426696
-57.86659664705948,0.00960445266498108,1.0,0.002239469365426696
-57.76537229458789,0.00960445266498108,1.0,0.002239469365426696
-57.664147942116315,0.00960445266498108,1.0,0.002239469365426696
-57.562923589644726,0.00960445266498108,1.0,0.002239469365426696
-57.46169923717315,0.00960445266498108,1.0,0.002239469365426696
-57.360474884701574,0.00960445266498108,1.0,0.002239469365426696
-57.259250532229984,0.00960445266498108,1.0,0.002239469365426696
-57.15802617975841,0.00960445266498108,1.0,0.002239469365426696
-57.05680182728682,0.00960445266498108,1.0,0.002239469365426696
-56.95557747481524,0.00960445266498108,1.0,0.002239469365426696
-56.85435312234367,0.00960445266498108,1.0,0.002239469365426696
-56.75312876987208,0.00960445266498108,1.0,0.002239469365426696
-56.6519044174005,0.00960445266498108,1.0,0.002239469365426696
-56.55068006492891,0.00960445266498108,1.0,0.002239469365426696
-56.449455712457336,0.00960445266498108,1.0,0.002239469365426696
-56.34823135998576,0.00960445266498108,1.0,0.002239469365426696
-56.24700700751417,0.00960445266498108,1.0,0.002239469365426696
-56.145782655042595,0.00960445266498108,1.0,0.002239469365426696
-56.04455830257102,0.00960445266498108,1.0,0.002239469365426696
-55.94333395009943,0.00960445266498108,1.0,0.002239469365426696
-55.842109597627854,0.00960445266498108,1.0,0.002239469365426696
-55.740885245156264,0.00960445266498108,1.0,0.002239469365426696
-55.63966089268469,0.00960445266498108,1.0,0.002239469365426696
-55.53843654021311,0.00960445266498108,1.0,0.002239469365426696
-55.43721218774152,0.00960445266498108,1.0,0.002239469365426696
-55.33598783526995,0.00960445266498108,1.0,0.002239469365426696
-55.23476348279836,0.00960445266498108,1.0,0.002239469365426696
-55.13353913032678,0.00960445266498108,1.0,0.002239469365426696
-55.032314777855206,0.00960445266498108,1.0,0.002239469365426696
-54.931090425383616,0.00960445266498108,1.0,0.002239469365426696
-54.82986607291204,0.00960445266498108,1.0,0.002239469365426696
-54.72864172044045,0.00960445266498108,1.0,0.002239469365426696
-54.627417367968874,0.00960445266498108,1.0,0.002239469365426696
-54.5261930154973,0.00960445266498108,1.0,0.002239469365426696
-54.42496866302571,0.00960445266498108,1.0,0.002239469365426696
-54.32374431055413,0.00960445266498108,1.0,0.002239469365426696
-54.22251995808254,0.00960445266498108,1.0,0.002239469365426696
-54.12129560561097,0.00960445266498108,1.0,0.002239469365426696
-54.02007125313939,0.00960445266498108,1.0,0.002239469365426696
-53.9188469006678,0.00960445266498108,1.0,0.002239469365426696
-53.817622548196226,0.00960445266498108,1.0,0.002239469365426696
-53.716398195724636,0.00960445266498108,1.0,0.002239469365426696
-53.61517384325306,0.00960445266498108,1.0,0.002239469365426696
-53.513949490781485,0.00960445266498108,1.0,0.002239469365426696
-53.412725138309895,0.00960445266498108,1.0,0.002239469365426696
-53.31150078583832,0.00960445266498108,1.0,0.002239469365426696
-53.21027643336673,0.00960445266498108,1.0,0.002239469365426696
-53.109052080895154,0.00960445266498108,1.0,0.002239469365426696
-53.00782772842358,0.00960445266498108,1.0,0.002239469365426696
-52.90660337595199,0.00960445266498108,1.0,0.002239469365426696
-52.80537902348041,0.00960445266498108,1.0,0.002239469365426696
-52.70415467100882,0.00960445266498108,1.0,0.002239469365426696
-52.60293031853725,0.00960445266498108,1.0,0.002239469365426696
-52.50170596606567,0.00960445266498108,1.0,0.002239469365426696
-52.40048161359408,0.00960445266498108,1.0,0.002239469365426696
-52.299257261122506,0.00960445266498108,1.0,0.002239469365426696
-52.19803290865093,0.00960445266498108,1.0,0.002239469365426696
-52.09680855617934,0.00960445266498108,1.0,0.002239469365426696
-51.995584203707764,0.00960445266498108,1.0,0.002239469365426696
-51.894359851236175,0.00960445266498108,1.0,0.002239469365426696
-51.7931354987646,0.00960445266498108,1.0,0.002239469365426696
-51.69191114629302,0.00960445266498108,1.0,0.002239469365426696
-51.59068679382143,0.00960445266498108,1.0,0.002239469365426696
-51.48946244134986,0.00960445266498108,1.0,0.002239469365426696
-51.38823808887827,0.00960445266498108,1.0,0.002239469365426696
-51.28701373640669,0.00960445266498108,1.0,0.002239469365426696
-51.185789383935116,0.00960445266498108,1.0,0.002239469365426696
-51.08456503146353,0.009604615645681316,1.0,0.0022565645514223197
-50.98334067899195,0.009604615645681316,1.0,0.0022565645514223197
-50.88211632652036,0.009604615645681316,1.0,0.0022565645514223197
-50.780891974048785,0.009604615645681316,1.0,0.0022565645514223197
-50.67966762157721,0.009604615645681316,1.0,0.0022565645514223197
-50.57844326910562,0.009604615645681316,1.0,0.0022565645514223197
-50.477218916634044,0.009604615645681316,1.0,0.0022565645514223197
-50.375994564162454,0.009604615645681316,1.0,0.0022565645514223197
-50.27477021169088,0.009604615645681316,1.0,0.0022565645514223197
-50.1735458592193,0.009604615645681316,1.0,0.0022565645514223197
-50.07232150674771,0.009604615645681316,1.0,0.0022565645514223197
-49.97109715427614,0.009604615645681316,1.0,0.0022565645514223197
-49.86987280180455,0.009604615645681316,1.0,0.0022565645514223197
-49.76864844933297,0.009604615645681316,1.0,0.0022565645514223197
-49.667424096861396,0.009604615645681316,1.0,0.0022565645514223197
-49.566199744389806,0.009604615645681316,1.0,0.0022565645514223197
-49.46497539191823,0.009604615645681316,1.0,0.0022565645514223197
-49.36375103944664,0.009604615645681316,1.0,0.0022565645514223197
-49.262526686975065,0.009604615645681316,1.0,0.0022565645514223197
-49.16130233450349,0.009604615645681316,1.0,0.0022565645514223197
-49.0600779820319,0.009604615645681316,1.0,0.0022565645514223197
-48.95885362956032,0.009604615645681316,1.0,0.0022565645514223197
-48.85762927708873,0.009604615645681316,1.0,0.0022565645514223197
-48.75640492461716,0.009604615645681316,1.0,0.0022565645514223197
-48.65518057214558,0.009604615645681316,1.0,0.0022565645514223197
-48.55395621967399,0.009604615645681316,1.0,0.0022565645514223197
-48.45273186720242,0.009604615645681316,1.0,0.0022565645514223197
-48.35150751473084,0.009604615645681316,1.0,0.0022565645514223197
-48.25028316225925,0.009604615645681316,1.0,0.0022565645514223197
-48.149058809787675,0.009604615645681316,1.0,0.0022565645514223197
-48.047834457316085,0.009604615645681316,1.0,0.0022565645514223197
-47.94661010484451,0.009604615645681316,1.0,0.0022565645514223197
-47.845385752372934,0.009604615645681316,1.0,0.0022565645514223197
-47.744161399901344,0.009604615645681316,1.0,0.0022565645514223197
-47.64293704742977,0.009604615645681316,1.0,0.0022565645514223197
-47.54171269495818,0.009604615645681316,1.0,0.0022565645514223197
-47.4404883424866,0.009604615645681316,1.0,0.0022565645514223197
-47.33926399001503,0.009604615645681316,1.0,0.0022565645514223197
-47.23803963754344,0.009604615645681316,1.0,0.0022565645514223197
-47.13681528507186,0.009604615645681316,1.0,0.0022565645514223197
-47.03559093260027,0.009604615645681316,1.0,0.0022565645514223197
-46.934366580128696,0.009604615645681316,1.0,0.0022565645514223197
-46.83314222765712,0.009604615645681316,1.0,0.0022565645514223197
-46.73191787518553,0.009604615645681316,1.0,0.0022565645514223197
-46.630693522713955,0.009604615645681316,1.0,0.0022565645514223197
-46.529469170242365,0.009604615645681316,1.0,0.0022565645514223197
-46.42824481777079,0.009604615645681316,1.0,0.0022565645514223197
-46.32702046529921,0.009604615645681316,1.0,0.0022565645514223197
-46.225796112827624,0.009604615645681316,1.0,0.0022565645514223197
-46.12457176035605,0.009604615645681316,1.0,0.0022565645514223197
-46.02334740788446,0.009604615645681316,1.0,0.0022565645514223197
-45.92212305541288,0.009604615645681316,1.0,0.0022565645514223197
-45.82089870294131,0.009604615645681316,1.0,0.0022565645514223197
-45.71967435046972,0.009604615645681316,1.0,0.0022565645514223197
-45.61844999799814,0.009604615645681316,1.0,0.0022565645514223197
-45.51722564552655,0.009604615645681316,1.0,0.0022565645514223197
-45.416001293054975,0.009604615645681316,1.0,0.0022565645514223197
-45.3147769405834,0.00960477863191298,1.0,0.002273659737417943
-45.21355258811181,0.00960477863191298,1.0,0.002273659737417943
-45.112328235640234,0.00960477863191298,1.0,0.002273659737417943
-45.01110388316866,0.00960477863191298,1.0,0.002273659737417943
-44.90987953069707,0.00960477863191298,1.0,0.002273659737417943
-44.80865517822549,0.00960477863191298,1.0,0.002273659737417943
-44.7074308257539,0.00960477863191298,1.0,0.002273659737417943
-44.60620647328233,0.00960477863191298,1.0,0.002273659737417943
-44.50498212081075,0.00960477863191298,1.0,0.002273659737417943
-44.40375776833916,0.00960477863191298,1.0,0.002273659737417943
-44.302533415867586,0.00960477863191298,1.0,0.002273659737417943
-44.201309063395996,0.00960477863191298,1.0,0.002273659737417943
-44.10008471092442,0.00960494162367635,1.0,0.002290754923413567
-43.998860358452845,0.00960494162367635,1.0,0.002290754923413567
-43.897636005981255,0.00960494162367635,1.0,0.002290754923413567
-43.79641165350968,0.00960494162367635,1.0,0.002290754923413567
-43.69518730103809,0.00960494162367635,1.0,0.002290754923413567
-43.593962948566514,0.00960494162367635,1.0,0.002290754923413567
-43.49273859609494,0.00960494162367635,1.0,0.002290754923413567
-43.39151424362335,0.00960494162367635,1.0,0.002290754923413567
-43.29028989115177,0.00960494162367635,1.0,0.002290754923413567
-43.18906553868018,0.009605104620971711,1.0,0.0023078501094091902
-43.08784118620861,0.009605430632159524,1.0,0.002342040481400438
-42.98661683373703,0.009605430632159524,1.0,0.002342040481400438
-42.88539248126544,0.009605430632159524,1.0,0.002342040481400438
-42.784168128793866,0.009605593646052542,1.0,0.002359135667396061
-42.682943776322276,0.009605919690438206,1.0,0.0023933260393873084
-42.5817194238507,0.009605919690438206,1.0,0.0023933260393873084
-42.480495071379124,0.009605919690438206,1.0,0.0023933260393873084
-42.379270718907534,0.009606082720931417,1.0,0.002410421225382932
-42.27804636643596,0.009606082720931417,1.0,0.002410421225382932
-42.17682201396437,0.009606245756958587,1.0,0.002427516411378556
-42.07559766149279,0.009606245756958587,1.0,0.002427516411378556
-41.97437330902122,0.009606245756958587,1.0,0.002427516411378556
-41.87314895654963,0.009606245756958587,1.0,0.002427516411378556
-41.77192460407805,0.009606245756958587,1.0,0.002427516411378556
-41.67070025160646,0.009606245756958587,1.0,0.002427516411378556
-41.569475899134886,0.009606408798520002,1.0,0.0024446115973741794
-41.46825154666331,0.009606408798520002,1.0,0.0024446115973741794
-41.36702719419172,0.009606408798520002,1.0,0.0024446115973741794
-41.265802841720145,0.009606571845615941,1.0,0.002461706783369803
-41.16457848924857,0.009606571845615941,1.0,0.002461706783369803
-41.06335413677698,0.009606571845615941,1.0,0.002461706783369803
-40.962129784305404,0.009606734898246686,1.0,0.0024788019693654266
-40.860905431833814,0.009606734898246686,1.0,0.0024788019693654266
-40.75968107936224,0.009606734898246686,1.0,0.0024788019693654266
-40.65845672689066,0.009606734898246686,1.0,0.0024788019693654266
-40.55723237441907,0.009606734898246686,1.0,0.0024788019693654266
-40.4560080219475,0.009606734898246686,1.0,0.0024788019693654266
-40.35478366947591,0.009606734898246686,1.0,0.0024788019693654266
-40.25355931700433,0.009606734898246686,1.0,0.0024788019693654266
-40.152334964532756,0.009606734898246686,1.0,0.0024788019693654266
-40.051110612061166,0.009606734898246686,1.0,0.0024788019693654266
-39.94988625958959,0.00960689795641252,1.0,0.0024958971553610504
-39.848661907118,0.009607061020113723,1.0,0.0025129923413566737
-39.747437554646424,0.009607224089350578,1.0,0.0025300875273522976
-39.64621320217485,0.009607387164123368,1.0,0.0025471827133479214
-39.54498884970326,0.00960787642166016,1.0,0.002598468271334792
-39.44376449723168,0.00960787642166016,1.0,0.002598468271334792
-39.34254014476009,0.00960787642166016,1.0,0.002598468271334792
-39.24131579228852,0.009608528842562728,1.0,0.0026668490153172867
-39.14009143981694,0.009608855086242022,1.0,0.002701039387308534
-39.03886708734535,0.009608855086242022,1.0,0.002701039387308534
-38.937642734873776,0.009609018216389658,1.0,0.0027181345733041577
-38.83641838240219,0.009609507640067912,1.0,0.0027694201312910283
-38.73519402993061,0.009609507640067912,1.0,0.0027694201312910283
-38.633969677459035,0.009609670792373385,1.0,0.002786515317286652
-38.532745324987445,0.009609833950219023,1.0,0.002803610503282276
-38.43152097251587,0.009610160282531921,1.0,0.002837800875273523
-38.33029662004428,0.009610323456999746,1.0,0.0028548960612691464
-38.229072267572704,0.009610813013652108,1.0,0.0029061816192560174
-38.12784791510113,0.009611629052252619,1.0,0.0029916575492341356
-38.02662356262954,0.009611792276602249,1.0,0.0030087527352297594
-37.92539921015796,0.009612118741933292,1.0,0.0030429431072210066
-37.82417485768637,0.009612445229441935,1.0,0.0030771334792122538
-37.7229505052148,0.009612935002292837,1.0,0.0031284190371991248
-37.62172615274322,0.009613751401297686,1.0,0.003213894967177243
-37.52050180027163,0.009614241307265037,1.0,0.003265180525164114
-37.419277447800056,0.009614731263165047,1.0,0.0033164660831509845
-37.31805309532848,0.009615221269005351,1.0,0.0033677516411378555
-37.21682874285689,0.009615711324793585,1.0,0.0034190371991247265
-37.115604390385315,0.009616854982584317,1.0,0.003538703501094092
-37.014380037913725,0.00961799891245242,1.0,0.003658369803063457
-36.91315568544215,0.009618816171847119,1.0,0.0037438457330415753
-36.81193133297057,0.009619143114494995,1.0,0.003778036105032823
-36.71070698049898,0.009619633570141745,1.0,0.0038293216630196935
-36.60948262802741,0.009619960568359507,1.0,0.003863512035010941
-36.50825827555582,0.009620124075805219,1.0,0.0038806072210065645
-36.40703392308424,0.009620941696413395,1.0,0.003966083150984683
-36.30580957061267,0.009621432335492206,1.0,0.004017368708971554
-36.20458521814108,0.009623068160565823,1.0,0.00418832056892779
-36.1033608656695,0.009623886281711215,1.0,0.004273796498905908
-36.00213651319791,0.009624868210726797,1.0,0.00437636761487965
-35.900912160726335,0.009626014047857958,1.0,0.004496033916849015
-35.79968780825476,0.00962699641113738,1.0,0.004598605032822757
-35.69846345578317,0.009628306540784214,1.0,0.004735366520787746
-35.597239103311594,0.009629125552909153,1.0,0.004820842450765864
-35.496014750840004,0.00963010855140028,1.0,0.004923413566739606
-35.39479039836843,0.009631419528298676,1.0,0.005060175054704595
-35.29356604589685,0.009633222704450686,1.0,0.005248222100656455
-35.19234169342526,0.009634862541492893,1.0,0.005419173960612691
-35.09111734095369,0.009636010759644523,1.0,0.0055388402625820565
-34.9898929884821,0.009637487442319808,1.0,0.0056926969365426695
-34.88866863601052,0.009638308017165044,1.0,0.005778172866520788
-34.787444283538946,0.00964027796702548,1.0,0.005983315098468271
-34.686219931067356,0.009641591714363587,1.0,0.006120076586433261
-34.58499557859578,0.009643234402153542,1.0,0.006291028446389497
-34.48377122612419,0.00964438461669535,1.0,0.0064106947483588625
-34.382546873652615,0.009645863867207472,1.0,0.006564551422319475
-34.28132252118104,0.009648988220051485,1.0,0.006889359956236324
-34.18009816870945,0.009633911368015413,0.9982332155477032,0.007077407002188184
-34.07887381623787,0.009635554342821085,0.9982332155477032,0.00724835886214442
-33.9776494637663,0.009637197878110768,0.9982332155477032,0.007419310722100656
-33.87642511129471,0.009638513110083761,0.9982332155477032,0.007556072210065646
-33.77520075882313,0.009641144651297714,0.9982332155477032,0.007829595185995623
-33.67397640635154,0.009643777629849625,0.9982332155477032,0.008103118161925603
-33.57275205387997,0.009647565057031623,0.9982332155477032,0.008496307439824945
-33.47152770140839,0.009650036721378675,0.9982332155477032,0.0087527352297593
-33.3703033489368,0.009652014964893998,0.9982332155477032,0.008957877461706783
-33.269078996465225,0.00965564385200376,0.9982332155477032,0.009333971553610503
-33.167854643993635,0.009658780087527352,0.9982332155477032,0.009658780087527352
-33.06663029152206,0.00966241406437049,0.9982332155477032,0.010034874179431072
-32.965405939050484,0.009666216146858052,0.9982332155477032,0.010428063457330416
-32.864181586578894,0.009669524738580548,0.9982332155477032,0.010769967177242889
-32.76295723410732,0.00967151098101645,0.9982332155477032,0.010975109409190373
-32.66173288163573,0.009674988869481831,0.9982332155477032,0.011334108315098469
-32.56050852916415,0.009677474607334327,0.9982332155477032,0.011590536105032823
-32.45928417669258,0.009681952155733772,0.9982332155477032,0.012052106126914661
-32.35805982422099,0.009685105507653804,0.9982332155477032,0.01237691466083151
-32.25683547174941,0.009688260914297472,0.9982332155477032,0.01270172319474836
-32.15561111927782,0.009691750861965453,0.9982332155477032,0.013060722100656456
-32.054386766806246,0.0096947442474991,0.9982332155477032,0.01336843544857768
-31.95316241433467,0.00970040346810885,0.9982332155477032,0.013949671772428883
-31.85193806186308,0.009704568876674683,0.9982332155477032,0.014377051422319475
-31.750713709391505,0.009709738954097854,0.9982332155477032,0.014907002188183808
-31.649489356919915,0.009716251074806535,0.9982332155477032,0.01557371444201313
-31.54826500444834,0.009720597343610212,0.9982332155477032,0.016018189277899345
-31.447040651976764,0.009726286796350491,0.9982332155477032,0.016599425601750546
-31.345816299505174,0.00973198291304947,0.9982332155477032,0.01718066192560175
-31.244591947033598,0.00973634327072204,0.9982332155477032,0.017625136761487966
-31.143367594562008,0.009741379310344828,0.9982332155477032,0.018137992341356674
-31.042143242090432,0.009745411894577066,0.9982332155477032,0.018548276805251642
-30.940918889618857,0.00973387180283732,0.9964664310954063,0.01911241794310722
-30.839694537147267,0.009721143054476388,0.9946996466431095,0.019556892778993435
-30.73847018467569,0.009725845181128751,0.9946996466431095,0.020035557986870896
-30.6372458322041,0.009730720038715475,0.9946996466431095,0.02053131838074398
-30.536021479732526,0.00973644161593802,0.9946996466431095,0.021112554704595186
-30.43479712726095,0.009741327104420798,0.9946996466431095,0.02160831509846827
-30.33357277478936,0.009729243127207257,0.9929328621908127,0.02212117067833698
-30.232348422317784,0.009736659736659737,0.9929328621908127,0.02287335886214442
-30.13112406984621,0.009744425564379097,0.9929328621908127,0.023659737417943107
-30.02989971737462,0.00975034264994188,0.9929328621908127,0.024258068927789936
-29.928675364903043,0.009758469205257766,0.9929328621908127,0.025078637855579868
-29.827451012431453,0.009765591061530174,0.9929328621908127,0.02579663566739606
-29.726226659959877,0.009773063211894618,0.9929328621908127,0.026548823851203503
-29.6250023074883,0.009779525640802547,0.9929328621908127,0.027198440919037198
-29.523777955016712,0.00978872380819675,0.9929328621908127,0.028121580962800874
-29.422553602545136,0.009797768479776849,0.9929328621908127,0.029027625820568927
-29.321329250073546,0.009790234197759241,0.991166077738516,0.030002051422319476
-29.22010489760197,0.009798442030251162,0.991166077738516,0.03082262035010941
-29.118880545130395,0.009809064204783885,0.991166077738516,0.03188252188183807
-29.017656192658805,0.009819193810932386,0.991166077738516,0.03289113785557987
-28.91643184018723,0.009826933856502242,0.991166077738516,0.03366042122538293
-28.81520748771564,0.009817671809256662,0.9893992932862191,0.03446389496717724
-28.713983135244064,0.009825078512904187,0.9893992932862191,0.03519898796498906
-28.612758782772488,0.009834050399508297,0.9893992932862191,0.03608793763676149
-28.511534430300898,0.00984303868665741,0.9893992932862191,0.036976887308533914
-28.410310077829322,0.00985499084893707,0.9893992932862191,0.03815645514223195
-28.309085725357733,0.009866102889358703,0.9893992932862191,0.03925054704595186
-28.207861372886157,0.009876717402423324,0.9893992932862191,0.040293353391684904
-28.10663702041458,0.009888227711758162,0.9893992932862191,0.04142163566739606
-28.00541266794299,0.009900640005657508,0.9893992932862191,0.04263539387308534
-27.904188315471416,0.009894505805720759,0.9876325088339223,0.043746580962800874
-27.802963962999826,0.00988713078299697,0.9858657243816255,0.044738101750547044
-27.70173961052825,0.009902571474205398,0.9858657243816255,0.04624247811816193
-27.600515258056674,0.009916121694626101,0.9858657243816255,0.04755880743982494
-27.499290905585084,0.00992847229635956,0.9858657243816255,0.0487554704595186
-27.39806655311351,0.009906282293411253,0.9823321554770318,0.05002051422319475
-27.29684220064192,0.00991829890470584,0.9823321554770318,0.05118298687089715
-27.195617848170343,0.009932296039586274,0.9823321554770318,0.05253350656455142
-27.094393495698768,0.009944198025468594,0.9823321554770318,0.05367888402625821
-26.993169143227178,0.009959338671252262,0.9823321554770318,0.055131974835886215
-26.891944790755602,0.009974525492447347,0.9823321554770318,0.05658506564551422
-26.790720438284012,0.009988323003682745,0.9823321554770318,0.05790139496717724
-26.689496085812436,0.010003778405512873,0.9823321554770318,0.059371580962800874
-26.58827173334086,0.010019281711206819,0.9823321554770318,0.060841766958424505
-26.48704738086927,0.010033927669096946,0.9823321554770318,0.06222647702407002
-26.385823028397695,0.010048616507925033,0.9823321554770318,0.06361118708971554
-26.28459867592612,0.010044703455016016,0.980565371024735,0.06492751641137856
-26.18337432345453,0.01004697049382492,0.9787985865724381,0.06682508205689278
-26.082149970982954,0.01004632573349078,0.9770318021201413,0.06844912472647702
-25.980925618511364,0.010064610064610065,0.9770318021201413,0.07015864332603938
-25.87970126603979,0.010080204156033539,0.9770318021201413,0.07161173413566739
-25.778476913568213,0.010101194607825228,0.9770318021201413,0.0735605853391685
-25.677252561096623,0.010099346835720951,0.9752650176678446,0.07506496170678337
-25.576028208625047,0.010083787103753003,0.9717314487632509,0.07697962253829321
-25.474803856153457,0.010108064397559362,0.9717314487632509,0.07921909190371991
-25.37357950368188,0.01011347726770319,0.9699646643109541,0.08139018052516411
-25.272355151210306,0.010116300535351671,0.9681978798586572,0.08332193654266959
-25.171130798738716,0.010140636565507032,0.9681978798586572,0.08554431072210066
-25.06990644626714,0.010162073953195119,0.9681978798586572,0.08749316192560175
-24.96868209379555,0.010185494963012527,0.9681978798586572,0.08961296498905907
-24.867457741323975,0.010209594783418725,0.9681978798586572,0.09178405361050328
-24.7662333888524,0.0102113201911589,0.9664310954063604,0.09359614332603938
-24.66500903638081,0.010235012349375046,0.9664310954063604,0.09571594638949672
-24.563784683909233,0.01026054660389038,0.9664310954063604,0.09798960612691467
-24.462560331437643,0.010269721250423202,0.9646643109540636,0.10045131291028446
-24.361335978966068,0.010296641333660211,0.9646643109540636,0.10282754376367614
-24.260111626494492,0.010324288550628722,0.9646643109540636,0.1052550601750547
-24.158887274022902,0.01033155769558871,0.9628975265017667,0.10752871991247265
-24.057662921551326,0.01035983804436672,0.9628975265017667,0.10999042669584246
-23.956438569079737,0.010387877632707519,0.9628975265017667,0.112417943107221
-23.85521421660816,0.010396361273554255,0.9611307420494699,0.11477707877461707
-23.753989864136585,0.010428848034047122,0.9611307420494699,0.11756359409190371
-23.652765511664995,0.01046194084387861,0.9611307420494699,0.12038429978118162
-23.55154115919342,0.010472516875602701,0.9593639575971732,0.12289729212253829
-23.45031680672183,0.010487210247281453,0.9575971731448764,0.12575218818380743
-23.349092454250254,0.010521003183476978,0.9575971731448764,0.12858998905908095
-23.24786810177868,0.010551726823190437,0.9575971731448764,0.1311542669584245
-23.14664374930709,0.010570741905859824,0.9558303886925795,0.13433397155361052
-23.045419396835513,0.01060472410075468,0.9558303886925795,0.13713758205689278
-22.944195044363937,0.010616337363609554,0.9540636042402827,0.1396847647702407
-22.842970691892347,0.010650047333543704,0.9540636042402827,0.1424370897155361
-22.74174633942077,0.01066608619939051,0.9522968197879859,0.1453261761487965
-22.64052198694918,0.010698265253463539,0.9522968197879859,0.14792464442013128
-22.539297634477606,0.010712010194329404,0.950530035335689,0.1506085886214442
-22.43807328200603,0.010753762817565812,0.950530035335689,0.1539421498905908
-22.33684892953444,0.010771452641713804,0.9487632508833922,0.15691671225382933
-22.235624577062865,0.01079209116900898,0.9469964664310954,0.16011351203501095
-22.134400224591275,0.01079289366776482,0.9434628975265018,0.16331031181619257
-22.0331758721197,0.010832521908471275,0.9434628975265018,0.16640454048140044
-21.931951519648123,0.010871778166863471,0.9434628975265018,0.16944748358862144
-21.830727167176533,0.01090797671330814,0.9434628975265018,0.1722339989059081
-21.729502814704958,0.010889850495272862,0.9381625441696113,0.1754991794310722
-21.628278462233368,0.010908267643608372,0.9363957597173145,0.1784566466083151
-21.527054109761792,0.010948377367844823,0.9363957597173145,0.1814995897155361
-21.425829757290217,0.01097259961419593,0.9346289752650176,0.18486734135667396
-21.324605404818627,0.010975736748932626,0.931095406360424,0.18818380743982493
-21.22338105234705,0.011025565923260388,0.931095406360424,0.19189346280087527
-21.12215669987546,0.011053438964423058,0.9293286219081273,0.19548345185995625
-21.020932347403885,0.011078286558345642,0.9275618374558304,0.19883410831509846
-20.91970799493231,0.011127832298268298,0.9275618374558304,0.20244119256017507
-20.81848364246072,0.01117520594308095,0.9275618374558304,0.20586022975929977
-20.717259289989144,0.011228265286481168,0.9275618374558304,0.20965536105032823
-20.616034937517554,0.01128013407245069,0.9275618374558304,0.2133308260393873
-20.51481058504598,0.011338603084100039,0.9275618374558304,0.217433670678337
-20.413586232574403,0.01139520750130231,0.9275618374558304,0.2213655634573304
-20.312361880102813,0.011383957779037815,0.9222614840989399,0.22504102844638948
-20.211137527631237,0.011439090132141214,0.9222614840989399,0.2288190645514223
-20.109913175159647,0.011490204710543694,0.9222614840989399,0.2322893873085339
-20.00868882268807,0.011543309524336038,0.9222614840989399,0.23586228118161925
-19.907464470216496,0.011564550205715557,0.9187279151943463,0.24020445842450766
-19.806240117744906,0.011588626143761606,0.9151943462897526,0.2447175875273523
-19.70501576527333,0.011632092876749314,0.9134275618374559,0.24902557439824946
-19.60379141280174,0.011694715888526963,0.9134275618374559,0.25309422866520787
-19.502567060330165,0.011736074783360247,0.911660777385159,0.25719707330415753
-19.40134270785859,0.011754213451027923,0.9081272084805654,0.26123153719912473
-19.300118355387,0.0118217990294165,0.9081272084805654,0.26550533369803064
-19.198894002915424,0.011864563578333874,0.9063604240282686,0.2696081783369803
-19.097669650443848,0.011928568106775799,0.9063604240282686,0.273574261487965
-18.996445297972258,0.011947626841243862,0.9028268551236749,0.2775745350109409
-18.895220945500682,0.011999153000964638,0.901060070671378,0.2821218544857768
-18.793996593029092,0.01204448651206815,0.8992932862190812,0.28625888949671774
-18.692772240557517,0.012061664366941048,0.8957597173144877,0.29008821115973743
-18.59154788808594,0.01213237933427457,0.8957597173144877,0.2942765317286652
-18.49032353561435,0.012206866663456445,0.8957597173144877,0.29863580415754926
-18.389099183142775,0.012277812757301302,0.8957597173144877,0.3027386487964989
-18.287874830671186,0.012362838332114118,0.8957597173144877,0.30759368161925604
-18.18665047819961,0.012391725762520551,0.892226148409894,0.31195295404814005
-18.085426125728034,0.012446903091968784,0.8904593639575972,0.3163977024070022
-17.984201773256444,0.012484456602835115,0.8869257950530035,0.3211843544857768
-17.88297742078487,0.012538165073326994,0.8851590106007067,0.32547524617067836
-17.78175306831328,0.012626644488129442,0.8851590106007067,0.33026189824945296
-17.680528715841703,0.012680056806654494,0.8833922261484098,0.3344502188183807
-17.579304363370127,0.012759659061909866,0.8833922261484098,0.33865563457330417
-17.478080010898537,0.012788577591741353,0.8798586572438163,0.3428097647702407
-17.376855658426962,0.012848353239232719,0.8780918727915195,0.3472203227571116
-17.275631305955372,0.012904568633572693,0.8763250883392226,0.3514086433260394
-17.174406953483796,0.01299347706494119,0.8763250883392226,0.3559046772428884
-17.07318260101222,0.013057585269988656,0.8745583038869258,0.36040071115973743
-16.97195824854063,0.013145315487571701,0.8745583038869258,0.3647257932166302
-16.870733896069055,0.013184285828898457,0.8710247349823321,0.36918763676148797
-16.769509543597465,0.013244676555307292,0.8692579505300353,0.37337595733041573
-16.66828519112589,0.01328093237566066,0.8657243816254417,0.37764975382932164
-16.567060838654314,0.013345341411495005,0.8639575971731449,0.3819577407002188
-16.465836486182724,0.013385372289255971,0.8604240282685512,0.3863512035010941
-16.364612133711148,0.01341574964658924,0.8551236749116607,0.3915310448577681
-16.263387781239558,0.013491243261361415,0.8533568904593639,0.3962322210065646
-16.162163428767983,0.013590320765334833,0.8533568904593639,0.4006940645514223
-16.060939076296407,0.013668330308529946,0.8515901060070671,0.4053952407002188
-15.959714723824817,0.013720165785336573,0.8480565371024735,0.4101306072210066
-15.858490371353241,0.013791316365311529,0.8462897526501767,0.4144385940919037
-15.757266018881651,0.013838120104438642,0.842756183745583,0.41888334245076586
-15.656041666410076,0.013894576727315274,0.8392226148409894,0.4237041849015317
-15.5548173139385,0.013975704682155915,0.8374558303886925,0.4283027899343545
-15.45359296146691,0.014034670393387053,0.833922261484099,0.433140727571116
-15.352368608995334,0.014106019766397125,0.8321554770318021,0.43724357221006566
-15.251144256523759,0.014189964374131997,0.8303886925795053,0.4418079868708972
-15.149919904052169,0.01427527850490047,0.8286219081272085,0.4463724015317287
-15.048695551580593,0.014340549669890987,0.8250883392226148,0.45127871991247265
-14.947471199109003,0.014427691259791325,0.823321554770318,0.4558089442013129
-14.846246846637428,0.014517639712769278,0.8215547703180212,0.46039045404814005
-14.745022494165852,0.01462015943535936,0.8197879858657244,0.46538224835886216
-14.643798141694262,0.014623601220752798,0.8127208480565371,0.47011761487964987
-14.542573789222686,0.014729478210641165,0.8109540636042403,0.4751265043763676
-14.441349436751096,0.014862545737136936,0.8109540636042403,0.47989606126914663
-14.34012508427952,0.014871224996731599,0.803886925795053,0.48473399890590807
-14.238900731807945,0.01497657847859075,0.8021201413427562,0.48953774617067836
-14.137676379336355,0.015006321953816463,0.7968197879858657,0.4939312089715536
-14.03645202686478,0.01505022340175362,0.7915194346289752,0.49878624179431075
-13.93522767439319,0.015167452750161176,0.7897526501766784,0.5038293216630197
-13.834003321921614,0.01526978909887702,0.7879858657243817,0.5083082603938731
-13.732778969450038,0.015384083523473691,0.7862190812720848,0.5131120076586433
-13.631554616978448,0.015466797011381886,0.7826855123674912,0.5179328501094091
-13.530330264506873,0.015544589354952414,0.7791519434628975,0.5225485503282276
-13.429105912035283,0.01568124309490716,0.7773851590106007,0.5278480579868708
-13.327881559563707,0.01569248488338612,0.7703180212014135,0.5324808533916849
-13.226657207092131,0.015776081424936386,0.7667844522968198,0.5371307439824945
-13.125432854620541,0.015896325122067623,0.765017667844523,0.5417464442013129
-13.024208502148966,0.016011860637509267,0.7632508833922261,0.5461570021881839
-12.922984149677376,0.016036569373149987,0.7561837455830389,0.5510633205689278
-12.8217597972058,0.016063648418261033,0.7491166077738516,0.5560209245076586
-12.720535444734224,0.016038891440820702,0.7402826855123675,0.5605682439824945
-12.619311092262635,0.016168336363284724,0.7385159010600707,0.5651839442013129
-12.518086739791059,0.016267792898482715,0.734982332155477,0.5699535010940919
-12.416862387319469,0.01638114786452988,0.7332155477031802,0.5740050601750547
-12.315638034847893,0.016551669126151636,0.7332155477031802,0.5784669037199125
-12.214413682376318,0.016686819830713424,0.7314487632508834,0.5829458424507659
-12.113189329904728,0.016797814653239287,0.7279151943462897,0.5877495897155361
-12.011964977433152,0.016905125139158043,0.7243816254416962,0.5923994803063457
-11.910740624961562,0.016999291696179326,0.7208480565371025,0.5966732768052516
-11.809516272489986,0.017088261290458352,0.7173144876325088,0.6007761214442013
-11.70829192001841,0.01729057535880073,0.7173144876325088,0.6055285831509847
-11.607067567546821,0.017459154200974263,0.715547703180212,0.6103665207877462
-11.505843215075231,0.01757982900017449,0.7120141342756183,0.6149993161925602
-11.404618862603655,0.017718617771509168,0.7102473498233216,0.6190166849015317
-11.30339451013208,0.017869907076483203,0.7067137809187279,0.6241794310722101
-11.202170157660504,0.01805869074492099,0.7067137809187279,0.628179704595186
-11.100945805188928,0.018090452261306532,0.6996466431095406,0.6325560722100656
-10.999721452717324,0.018234831304669782,0.696113074204947,0.6373598194748359
-10.898497100245748,0.0183537784436745,0.6925795053003534,0.641582330415755
-10.797272747774173,0.01857203771260719,0.6925795053003534,0.6458732221006565
-10.696048395302597,0.018704138890221093,0.6890459363957597,0.6502153993435449
-10.594824042831021,0.01886426458464672,0.6872791519434629,0.6541301969365426
-10.493599690359417,0.019005058193782842,0.6837455830388692,0.6585065645514223
-10.392375337887842,0.019147560551051872,0.6802120141342756,0.6628487417943107
-10.291150985416266,0.019385699899295065,0.6802120141342756,0.6670712527352297
-10.18992663294469,0.01963884921444603,0.6802120141342756,0.6714476203501094
-10.088702280473115,0.019900754677969607,0.6802120141342756,0.6758581783369803
-9.987477928001539,0.020066889632107024,0.6784452296819788,0.6794310722100656
-9.886253575529935,0.020191342037105556,0.6749116607773852,0.6831065371991247
-9.785029223058359,0.020369974337040204,0.6731448763250883,0.6867649070021882
-9.683804870586783,0.02042364158405114,0.666077738515901,0.6908848468271335
-9.582580518115208,0.020641194554238032,0.6643109540636042,0.6950218818380745
-9.481356165643632,0.02074296518740963,0.6590106007067138,0.6989708698030634
-9.380131813172028,0.02085564511583338,0.6537102473498233,0.7030395240700219
-9.278907460700452,0.020976223136716963,0.6484098939929329,0.7071765590809628
-9.177683108228877,0.02101302460202605,0.6413427561837456,0.7108862144420132
-9.0764587557573,0.02122544708296687,0.6395759717314488,0.7146300601750547
-8.975234403285725,0.021420921099607283,0.6360424028268551,0.7188525711159738
-8.874010050814121,0.02163954189270645,0.6342756183745583,0.7225280361050328
-8.772785698342545,0.021692636724717385,0.627208480565371,0.7263060722100656
-8.67156134587097,0.021891472868217056,0.6236749116607774,0.7303747264770241
-8.570336993399394,0.022058823529411766,0.6201413427561837,0.7339818107221007
-8.469112640927818,0.02224346717654557,0.6166077738515902,0.7377427516411379
-8.367888288456214,0.022341318525214697,0.6113074204946997,0.7411617888402626
-8.266663935984639,0.022481483909025365,0.6060070671378092,0.7450423960612691
-8.165439583513063,0.022762063227953412,0.6042402826855123,0.7489913840262582
-8.064215231041487,0.022949713128585892,0.6007067137809188,0.752547182713348
-7.9629908785699115,0.022988505747126436,0.5936395759717314,0.7558807439824945
-7.861766526098307,0.023057156746996318,0.5865724381625441,0.7595220185995624
-7.760542173626732,0.023206751054852322,0.5830388692579506,0.7625478665207878
-7.659317821155156,0.02354284083612756,0.5830388692579506,0.7660181892778993
-7.55809346868358,0.023888808455190386,0.5830388692579506,0.7694885120350109
-7.456869116212005,0.024230853954034803,0.5830388692579506,0.7728220733041575
-7.3556447637404005,0.02451016911271698,0.5812720848056537,0.7761556345733042
-7.254420411268825,0.024585823435963387,0.5742049469964664,0.7795746717724289
-7.153196058797249,0.024934785944452968,0.5742049469964664,0.7827372811816192
-7.0519717063256735,0.02516504854368932,0.5724381625441696,0.7854383205689278
-6.950747353854098,0.025240574223063576,0.5653710247349824,0.7887376914660832
-6.849523001382494,0.02541285874619208,0.5600706713780919,0.7921738238512035
-6.748298648910918,0.02569523499756058,0.558303886925795,0.7951654814004376
-6.647074296439342,0.02590331628444151,0.5547703180212014,0.7981400437636762
-6.545849943967767,0.026108786610878662,0.5512367491166078,0.8010462253829321
-6.444625591496191,0.026481072822950265,0.5512367491166078,0.8039182166301969
-6.343401239024587,0.026724137931034484,0.5477031802120141,0.8069953501094091
-6.242176886553011,0.02680918170667601,0.5406360424028268,0.8101066739606126
-6.1409525340814355,0.02710870144876011,0.5388692579505301,0.8128760940919038
-6.03972818160986,0.02747898400072313,0.5371024734982333,0.8160728938730853
-5.938503829138284,0.027576063976468425,0.5300353356890459,0.8191500273522976
-5.83727947666668,0.027531497900139992,0.5212014134275619,0.8218681619256017
-5.736055124195104,0.027703984819734344,0.5159010600706714,0.824808533916849
-5.634830771723529,0.02802658191274198,0.5141342756183745,0.8274753829321663
-5.533606419251953,0.028308355372710352,0.5106007067137809,0.8304157549234136
-5.432382066780377,0.028488893316067337,0.5053003533568905,0.8332706509846827
-5.331157714308773,0.02875658161198866,0.5017667844522968,0.8360229759299781
-5.2299333618371975,0.02896466721446179,0.49823321554770317,0.8383821115973742
-5.128709009365622,0.029328880075148733,0.49646643109540634,0.8410147702407003
-5.027484656894046,0.029436679373146972,0.4911660777385159,0.8433055251641138
-4.92626030442247,0.029671038486347022,0.4876325088339223,0.8456988512035011
-4.825035951950866,0.030054644808743168,0.48586572438162545,0.8482802242888403
-4.723811599479291,0.030239021678710395,0.48056537102473496,0.850878692560175
-4.622587247007715,0.030642243328810492,0.4787985865724382,0.8534429704595186
-4.521362894536139,0.031038050350615014,0.47703180212014135,0.8559046772428884
-4.420138542064564,0.031323048153342685,0.4734982332155477,0.8583150984682714
-4.3189141895929595,0.031573930656499466,0.46819787985865724,0.8610503282275711
-4.217689837121384,0.031770959168881376,0.46466431095406363,0.8629820842450766
-4.116465484649808,0.03209937277087689,0.46113074204946997,0.8654608862144421
-4.015241132178232,0.032342657342657344,0.4575971731448763,0.8675294037199125
-3.9140167797066567,0.03286384976525822,0.4575971731448763,0.8697004923413567
-3.8127924272350526,0.03329032258064516,0.4558303886925795,0.8719228665207878
-3.711568074763477,0.03379617500654965,0.4558303886925795,0.8739059080962801
-3.6103437222919013,0.033692901851112,0.4469964664310954,0.875957330415755
-3.5091193698203256,0.03368962251386822,0.43992932862190814,0.877906181619256
-3.40789501734875,0.03398926654740608,0.4363957597173145,0.879991794310722
-3.306670664877146,0.03447792571829012,0.43462897526501765,0.8822312636761488
-3.20544631240557,0.03484568340207652,0.43286219081272087,0.883992067833698
-3.1042219599339944,0.035408503845595705,0.43109540636042404,0.8863682986870897
-3.0029976074624187,0.035254036439046066,0.4204946996466431,0.8886590536105032
-2.901773254990843,0.035477053140096616,0.41519434628975266,0.8907788566739606
-2.800548902519239,0.035939179849485484,0.4134275618374558,0.8926935175054704
-2.6993245500476633,0.03597570471889114,0.4081272084805654,0.8941807986870897
-2.5981001975760876,0.03609308215925281,0.4028268551236749,0.8959074124726477
-2.496875845104512,0.03665428709833683,0.4010600706713781,0.8980101203501094
-2.395651492632936,0.03698224852071006,0.39752650176678445,0.8998393052516411
-2.2944271401613605,0.03717905968656219,0.39399293286219084,0.9012753008752735
-2.1932027876897564,0.03723223393403604,0.3869257950530035,0.9031899617067833
-2.0919784352181807,0.03745448239986128,0.38162544169611307,0.9051046225382933
-1.990754082746605,0.037572764155935794,0.3763250883392226,0.9067286652078774
-1.8895297302750294,0.0381105743424584,0.3763250883392226,0.9080962800875274
-1.7883053778034537,0.03839155749636099,0.37279151943462896,0.9096519420131292
-1.6870810253318496,0.038703703703703705,0.36925795053003535,0.9112588894967177
-1.5858566728602739,0.03896103896103896,0.3657243816254417,0.9127119803063457
-1.4846323203886982,0.03896848137535817,0.36042402826855124,0.9139941192560175
-1.3834079679171225,0.03918892571651394,0.3551236749116608,0.9157549234135668
-1.2821836154455468,0.0395862343345932,0.35159010600706714,0.9174644420131292
-1.1809592629739427,0.03971486761710794,0.34452296819787986,0.9193961980306345
-1.079734910502367,0.04022392701637985,0.34275618374558303,0.9208663840262582
-0.9785105580307913,0.040372014373282604,0.3374558303886926,0.9223878555798687
-0.8772862055592157,0.0410752688172043,0.3374558303886926,0.9237725656455142
-0.77606185308764,0.04159369527145359,0.33568904593639576,0.9251572757111597
-0.6748375006160359,0.04202056325435852,0.3321554770318021,0.9267300328227571
-0.5736131481444602,0.04256772137491464,0.3303886925795053,0.928097647702407
-0.4723887956728845,0.04345805252149663,0.3303886925795053,0.9296362144420132
-0.3711644432013088,0.04391170187514835,0.32685512367491165,0.931140590809628
-0.26994009072973313,0.04473620228543642,0.3250883392226148,0.9328330142231948
-0.16871573825812902,0.044913151364764266,0.3197879858657244,0.9342006291028446
-0.06749138578655334,0.04546602677443799,0.31802120141342755,0.9353972921225383
0.03373296668502235,0.04498714652956298,0.30918727915194344,0.9364913840262582
0.13495731915659803,0.0457516339869281,0.30918727915194344,0.9376025711159738
0.23618167162817372,0.0461456388370232,0.30565371024734983,0.9388676148796499
0.3374060240997778,0.04520697167755991,0.29328621908127206,0.9400642778993435
0.4386303765713535,0.045970645250623096,0.29328621908127206,0.9411070842450766
0.5398547290429292,0.04666289592760181,0.2915194346289753,0.9423721280087527
0.6410790815145049,0.04745470232959448,0.2915194346289753,0.9433807439824945
0.7423034339860806,0.047953216374269005,0.28975265017667845,0.9443380743982495
0.8435277864576847,0.04831494184312556,0.2862190812720848,0.945449261487965
0.9447521389292604,0.04877309906089064,0.284452296819788,0.9463211159737418
1.045976491400836,0.04877300613496933,0.28091872791519434,0.9469878282275711
1.1472008438724117,0.0496875,0.28091872791519434,0.9480135393873085
1.2484251963439874,0.05014281180577594,0.2791519434628975,0.9488341083150985
1.3496495488155915,0.05075978014872292,0.2773851590106007,0.949808533916849
1.4508739012871672,0.05186653452262967,0.2773851590106007,0.9509368161925602
1.5520982537587429,0.05163685453931826,0.2703180212014134,0.9519625273522976
1.6533226062303186,0.052068965517241377,0.2667844522968198,0.9530053336980306
1.7545469587018943,0.05316901408450704,0.2667844522968198,0.954031044857768
1.8557713111734984,0.0531800215594682,0.26148409893992935,0.9549541849015317
1.956995663645074,0.053944954128440366,0.2597173144876325,0.9559286105032823
2.0582200161166497,0.054626532887402456,0.2597173144876325,0.9565098468271335
2.1594443685882254,0.05528209011737978,0.2579505300353357,0.9573475109409191
2.260668721059801,0.05594135802469136,0.25618374558303886,0.958168079868709
2.361893073531405,0.05679592636114375,0.25618374558303886,0.9588347921225383
2.463117426002981,0.05779194898365883,0.25618374558303886,0.9595869803063457
2.5643417784745566,0.05824847250509165,0.25265017667844525,0.9604759299781181
2.6655661309461323,0.059508947149396585,0.25265017667844525,0.9613648796498906
2.766790483417708,0.06027164685908319,0.2508833922261484,0.9621512582056893
2.868014835889312,0.06103896103896104,0.24911660777385158,0.9629205415754923
2.9692391883608877,0.061179577464788734,0.24558303886925795,0.9635359682713348
3.0704635408324634,0.06191117092866756,0.24381625441696114,0.964253966083151
3.171687893304039,0.06289881494986327,0.24381625441696114,0.9648522975929978
3.272912245775615,0.06351414000927214,0.2420494699646643,0.9654677242888403
3.374136598247219,0.06474480151228733,0.2420494699646643,0.9661686269146609
3.4753609507187946,0.06502890173410404,0.23851590106007067,0.9668182439824945
3.5765853031903703,0.06519607843137255,0.23498233215547704,0.9673994803063457
3.677809655661946,0.06517412935323383,0.2314487632508834,0.9678781455142232
3.7790340081335216,0.06592292089249494,0.22968197879858657,0.9685106673960613
3.8802583606051257,0.06725297465080186,0.22968197879858657,0.9691773796498906
3.9814827130767014,0.06701846965699208,0.22438162544169613,0.9697757111597374
4.082707065548277,0.06792452830188679,0.2226148409893993,0.9704424234135668
4.183931418019853,0.0694980694980695,0.2226148409893993,0.9711604212253829
4.2851557704914285,0.07018528916339135,0.22084805653710246,0.9716903719912473
4.386380122963033,0.07122507122507123,0.22084805653710246,0.9721348468271335
4.487604475434608,0.07192174913693901,0.22084805653710246,0.9724254649890591
4.588828827906184,0.07344300822561692,0.22084805653710246,0.9730408916849015
4.69005318037776,0.07438512297540492,0.21908127208480566,0.9736221280087527
4.791277532849335,0.07387057387057387,0.2137809187279152,0.974066602844639
4.892501885320911,0.07382133995037221,0.21024734982332155,0.9744768873085339
4.993726237792515,0.07501589319771138,0.20848056537102475,0.9751265043763676
5.094950590264091,0.0755700325732899,0.2049469964664311,0.9757419310722101
5.1961749427356665,0.07692307692307693,0.2049469964664311,0.9762035010940919
5.297399295207242,0.07754551584625759,0.20318021201413428,0.9766137855579868
5.398623647678818,0.07708189951823813,0.1978798586572438,0.9770753555798687
5.499848000150422,0.07870695713281799,0.1978798586572438,0.9775882111597374
5.601072352621998,0.07862759113652609,0.19434628975265017,0.9779643052516411
5.702296705093573,0.07956204379562044,0.19257950530035337,0.9784429704595186
5.803521057565149,0.08104089219330855,0.19257950530035337,0.9788703501094091
5.904745410036725,0.08143074581430745,0.18904593639575973,0.9793661105032823
6.005969762508329,0.08288148721920992,0.18904593639575973,0.9797592997811816
6.1071941149799045,0.08459696727853153,0.1872791519434629,0.9803918216630197
6.20841846745148,0.08536585365853659,0.1855123674911661,0.9807679157549234
6.309642819923056,0.08573784006595218,0.18374558303886926,0.9810414387308534
6.4108671723946316,0.08600337268128162,0.18021201413427562,0.981468818380744
6.512091524866236,0.08527131782945736,0.17491166077738515,0.9818449124726477
6.613315877337811,0.08634361233480176,0.17314487632508835,0.9822722921225383
6.714540229809387,0.08723021582733813,0.17137809187279152,0.9826483862144421
6.815764582280963,0.0871559633027523,0.16784452296819788,0.9829902899343544
6.916988934752538,0.08870214752567694,0.16784452296819788,0.9833150984682714
7.0182132872241425,0.08840304182509506,0.16431095406360424,0.9836057166301969
7.119437639695718,0.08914728682170543,0.1625441696113074,0.9839305251641138
7.220661992167294,0.09081934846989141,0.1625441696113074,0.9842553336980306
7.32188634463887,0.09264853977844914,0.1625441696113074,0.9845972374179431
7.423110697110445,0.09304703476482618,0.1607773851590106,0.9848365700218819
7.524335049582049,0.09384775808133472,0.15901060070671377,0.9851442833698031
7.625559402053625,0.09564293304994687,0.15901060070671377,0.9854519967177243
7.726783754525201,0.09632034632034632,0.15724381625441697,0.9857255196936543
7.828008106996776,0.09592061742006615,0.15371024734982333,0.9859819474835886
7.929232459468352,0.09706546275395034,0.1519434628975265,0.9863238512035011
8.030456811939956,0.09770114942528736,0.1501766784452297,0.9865802789934355
8.131681164411532,0.09651162790697675,0.14664310954063603,0.9867170404814004
8.232905516883108,0.0988095238095238,0.14664310954063603,0.9870589442013129
8.334129869354683,0.1,0.14664310954063603,0.9872298960612691
8.435354221826259,0.10159118727050184,0.14664310954063603,0.9874521334792122
8.536578574297863,0.10297766749379653,0.14664310954063603,0.9876401805251641
8.637802926769439,0.10546378653113088,0.14664310954063603,0.9879649890590809
8.739027279241014,0.10492227979274611,0.1431095406360424,0.9881872264770241
8.84025163171259,0.10652463382157124,0.1413427561837456,0.9885291301969366
8.941475984184166,0.10554803788903924,0.13780918727915195,0.9887000820568927
9.04270033665577,0.10606060606060606,0.13604240282685512,0.9889052242888403
9.143924689127346,0.10739191073919108,0.13604240282685512,0.9890590809628009
9.245149041598921,0.10984308131241084,0.13604240282685512,0.9893326039387309
9.346373394070497,0.11273792093704246,0.13604240282685512,0.989640317286652
9.447597746542073,0.11326378539493294,0.13427561837455831,0.9898283643326039
9.548822099013677,0.11261261261261261,0.13250883392226148,0.9898967450765864
9.650046451485252,0.11503067484662577,0.13250883392226148,0.9901360776805251
9.751270803956828,0.1179245283018868,0.13250883392226148,0.9904096006564551
9.852495156428404,0.11904761904761904,0.13250883392226148,0.9905121717724289
9.95371950889998,0.11954765751211632,0.13074204946996468,0.9906831236323851
10.054943861371584,0.11783960720130933,0.127208480565371,0.9907856947483589
10.15616821384316,0.11764705882352941,0.12367491166077739,0.9910250273522976
10.257392566314735,0.1157167530224525,0.11837455830388692,0.9912472647702407
10.35861691878631,0.1146384479717813,0.11484098939929328,0.9914182166301969
10.459841271257886,0.11648745519713262,0.11484098939929328,0.9915720733041575
10.56106562372949,0.11213235294117647,0.10777385159010601,0.9917430251641138
10.662289976201066,0.10984848484848485,0.10247349823321555,0.9919652625820569
10.763514328672642,0.11196911196911197,0.10247349823321555,0.9921362144420132
10.864738681144217,0.11553784860557768,0.10247349823321555,0.9924097374179431
10.965963033615793,0.1165644171779141,0.10070671378091872,0.9926148796498906
11.067187386087397,0.11530398322851153,0.09717314487632508,0.9927858315098468
11.168411738558973,0.11563169164882227,0.09540636042402827,0.9929396881838074
11.269636091030549,0.11597374179431072,0.09363957597173145,0.993093544857768
11.370860443502124,0.11555555555555555,0.09187279151943463,0.9931961159737418
11.4720847959737,0.116331096196868,0.09187279151943463,0.9932474015317286
11.573309148445304,0.11711711711711711,0.09187279151943463,0.9932986870897156
11.67453350091688,0.11697247706422019,0.09010600706713781,0.9934183533916849
11.775757853388455,0.11888111888111888,0.09010600706713781,0.9935380196936543
11.876982205860031,0.1182033096926714,0.08833922261484099,0.9936234956236324
11.978206558331607,0.11483253588516747,0.08480565371024736,0.9936747811816192
12.079430910803211,0.11219512195121951,0.0812720848056537,0.993777352297593
12.180655263274787,0.11586901763224182,0.0812720848056537,0.9939995897155361
12.281879615746362,0.11538461538461539,0.07950530035335689,0.9941021608315098
12.383103968217938,0.11842105263157894,0.07950530035335689,0.9942731126914661
12.484328320689514,0.12032085561497326,0.07950530035335689,0.9943756838074398
12.58555267316109,0.12021857923497267,0.07773851590106007,0.9944953501094091
12.686777025632693,0.12324929971988796,0.07773851590106007,0.9946492067833698
12.78800137810427,0.12464589235127478,0.07773851590106007,0.9947175875273523
12.889225730575845,0.12903225806451613,0.07773851590106007,0.9949227297592997
12.99045008304742,0.13134328358208955,0.07773851590106007,0.9950253008752735
13.091674435518996,0.1337386018237082,0.07773851590106007,0.9951278719912473
13.1928987879906,0.13924050632911392,0.07773851590106007,0.9953501094091903
13.294123140462176,0.1414790996784566,0.07773851590106007,0.9954355853391685
13.395347492933752,0.14052287581699346,0.07597173144876325,0.995503966083151
13.496571845405327,0.14333333333333334,0.07597173144876325,0.9956065371991247
13.597796197876903,0.14527027027027026,0.07597173144876325,0.9956749179431073
13.699020550348507,0.14675767918088736,0.07597173144876325,0.9957262035010941
13.800244902820083,0.14736842105263157,0.07420494699646643,0.9958458698030634
13.901469255291659,0.14642857142857144,0.07243816254416961,0.995914250547046
14.002693607763234,0.14909090909090908,0.07243816254416961,0.9959997264770241
14.10391796023481,0.15129151291512916,0.07243816254416961,0.9960681072210066
14.205142312706414,0.15298507462686567,0.07243816254416961,0.9961193927789934
14.30636666517799,0.15151515151515152,0.0706713780918728,0.9961706783369803
14.407591017649565,0.14942528735632185,0.06890459363957598,0.9962048687089715
14.508815370121141,0.144,0.0636042402826855,0.9963416301969366
14.610039722592717,0.145748987854251,0.0636042402826855,0.9963929157549234
14.71126407506432,0.1469387755102041,0.0636042402826855,0.9964271061269147
14.812488427535897,0.14893617021276595,0.061837455830388695,0.9965809628008753
14.913712780007472,0.15021459227467812,0.061837455830388695,0.9966151531728665
15.014937132479048,0.15178571428571427,0.06007067137809187,0.9967519146608315
15.116161484950624,0.15137614678899083,0.05830388692579505,0.9968373905908097
15.217385837422228,0.15137614678899083,0.05830388692579505,0.9968373905908097
15.318610189893803,0.1542056074766355,0.05830388692579505,0.9969057713347921
15.419834542365379,0.1523809523809524,0.05653710247349823,0.996957056892779
15.521058894836955,0.15609756097560976,0.05653710247349823,0.9970425328227571
15.62228324730853,0.15346534653465346,0.054770318021201414,0.9970767231947484
15.723507599780135,0.14795918367346939,0.05123674911660778,0.9971451039387309
15.82473195225171,0.14358974358974358,0.04946996466431095,0.9971451039387309
15.925956304723286,0.14361702127659576,0.04770318021201413,0.9972476750547046
16.02718065719486,0.1388888888888889,0.044169611307420496,0.9973502461706784
16.128405009666437,0.14124293785310735,0.044169611307420496,0.9974015317286652
16.22962936213804,0.13953488372093023,0.04240282685512368,0.9974699124726477
16.330853714609617,0.14201183431952663,0.04240282685512368,0.9975211980306345
16.432078067081193,0.14457831325301204,0.04240282685512368,0.9975724835886215
16.53330241955277,0.13924050632911392,0.038869257950530034,0.9976750547045952
16.634526772024344,0.125,0.03356890459363958,0.9977263402625821
16.73575112449595,0.12582781456953643,0.03356890459363958,0.9977434354485777
16.836975476967524,0.12837837837837837,0.03356890459363958,0.9977947210065645
16.9381998294391,0.13194444444444445,0.03356890459363958,0.997863101750547
17.039424181910675,0.1276595744680851,0.03180212014134275,0.9978972921225383
17.14064853438225,0.12857142857142856,0.03180212014134275,0.9979143873085339
17.241872886853855,0.12949640287769784,0.03180212014134275,0.9979314824945296
17.34309723932543,0.13138686131386862,0.03180212014134275,0.9979656728665208
17.444321591797006,0.13432835820895522,0.03180212014134275,0.9980169584245077
17.545545944268582,0.13740458015267176,0.03180212014134275,0.9980682439824945
17.646770296740158,0.14173228346456693,0.03180212014134275,0.998136624726477
17.747994649211762,0.14634146341463414,0.03180212014134275,0.9982050054704595
17.849219001683338,0.14166666666666666,0.030035335689045935,0.9982391958424508
17.950443354154913,0.1440677966101695,0.030035335689045935,0.9982733862144421
18.05166770662649,0.1452991452991453,0.030035335689045935,0.9982904814004376
18.152892059098065,0.14912280701754385,0.030035335689045935,0.9983417669584245
18.25411641156967,0.1415929203539823,0.028268551236749116,0.9983417669584245
18.355340764041244,0.1388888888888889,0.026501766784452298,0.998410147702407
18.45656511651282,0.1346153846153846,0.024734982332155476,0.9984614332603938
18.557789468984396,0.12871287128712872,0.022968197879858657,0.9984956236323851
18.65901382145597,0.13,0.022968197879858657,0.9985127188183808
18.760238173927576,0.13541666666666666,0.022968197879858657,0.9985810995623632
18.86146252639915,0.13829787234042554,0.022968197879858657,0.9986152899343544
18.962686878870727,0.14130434782608695,0.022968197879858657,0.9986494803063457
19.063911231342303,0.1348314606741573,0.02120141342756184,0.998683670678337
19.16513558381388,0.12941176470588237,0.019434628975265017,0.9987349562363238
19.266359936285482,0.13414634146341464,0.019434628975265017,0.9987862417943107
19.367584288757058,0.1282051282051282,0.0176678445229682,0.9988375273522976
19.468808641228634,0.13333333333333333,0.0176678445229682,0.9988888129102844
19.57003299370021,0.1232876712328767,0.015901060070671377,0.9989059080962801
19.671257346171785,0.1111111111111111,0.014134275618374558,0.9989059080962801
19.77248169864336,0.11267605633802817,0.014134275618374558,0.9989230032822757
19.873706051114965,0.12121212121212122,0.014134275618374558,0.9990084792122538
19.97493040358654,0.109375,0.012367491166077738,0.9990255743982495
20.076154756058116,0.11475409836065574,0.012367491166077738,0.9990768599562363
20.177379108529692,0.12280701754385964,0.012367491166077738,0.9991452407002188
20.278603461001268,0.125,0.012367491166077738,0.9991623358862144
20.379827813472872,0.12962962962962962,0.012367491166077738,0.9991965262582057
20.481052165944448,0.1320754716981132,0.012367491166077738,0.9992136214442013
20.582276518416023,0.1346153846153846,0.012367491166077738,0.9992307166301969
20.6835008708876,0.1346153846153846,0.012367491166077738,0.9992307166301969
20.784725223359175,0.13725490196078433,0.012367491166077738,0.9992478118161926
20.88594957583078,0.14,0.012367491166077738,0.9992649070021882
20.987173928302354,0.14583333333333334,0.012367491166077738,0.9992990973741794
21.08839828077393,0.15217391304347827,0.012367491166077738,0.9993332877461707
21.189622633245506,0.15217391304347827,0.012367491166077738,0.9993332877461707
21.29084698571708,0.15217391304347827,0.012367491166077738,0.9993332877461707
21.392071338188686,0.15555555555555556,0.012367491166077738,0.9993503829321663
21.49329569066026,0.13953488372093023,0.01060070671378092,0.999367478118162
21.594520043131837,0.13953488372093023,0.01060070671378092,0.999367478118162
21.695744395603413,0.13953488372093023,0.01060070671378092,0.999367478118162
21.79696874807499,0.14285714285714285,0.01060070671378092,0.9993845733041575
21.898193100546592,0.14285714285714285,0.01060070671378092,0.9993845733041575
21.999417453018168,0.14634146341463414,0.01060070671378092,0.9994016684901532
22.100641805489744,0.14634146341463414,0.01060070671378092,0.9994016684901532
22.20186615796132,0.15,0.01060070671378092,0.9994187636761488
22.303090510432895,0.15,0.01060070671378092,0.9994187636761488
22.4043148629045,0.13157894736842105,0.0088339222614841,0.9994358588621444
22.505539215376075,0.13157894736842105,0.0088339222614841,0.9994358588621444
22.60676356784765,0.13513513513513514,0.0088339222614841,0.99945295404814
22.707987920319226,0.15151515151515152,0.0088339222614841,0.9995213347921226
22.809212272790802,0.15625,0.0088339222614841,0.9995384299781181
22.910436625262406,0.14814814814814814,0.007067137809187279,0.9996068107221007
23.011660977733982,0.15384615384615385,0.007067137809187279,0.9996239059080962
23.112885330205557,0.12,0.00530035335689046,0.9996239059080962
23.214109682677133,0.13043478260869565,0.00530035335689046,0.9996580962800875
23.31533403514871,0.13043478260869565,0.00530035335689046,0.9996580962800875
23.416558387620313,0.13043478260869565,0.00530035335689046,0.9996580962800875
23.51778274009189,0.13043478260869565,0.00530035335689046,0.9996580962800875
23.619007092563464,0.13636363636363635,0.00530035335689046,0.9996751914660832
23.72023144503504,0.14285714285714285,0.00530035335689046,0.9996922866520788
23.821455797506616,0.14285714285714285,0.00530035335689046,0.9996922866520788
23.92268014997822,0.14285714285714285,0.00530035335689046,0.9996922866520788
24.023904502449795,0.15789473684210525,0.00530035335689046,0.99972647702407
24.12512885492137,0.15789473684210525,0.00530035335689046,0.99972647702407
24.226353207392947,0.15789473684210525,0.00530035335689046,0.99972647702407
24.327577559864523,0.15789473684210525,0.00530035335689046,0.99972647702407
24.428801912336127,0.15789473684210525,0.00530035335689046,0.99972647702407
24.530026264807702,0.1111111111111111,0.0035335689045936395,0.99972647702407
24.631250617279278,0.11764705882352941,0.0035335689045936395,0.9997435722100656
24.732474969750854,0.11764705882352941,0.0035335689045936395,0.9997435722100656
24.83369932222243,0.11764705882352941,0.0035335689045936395,0.9997435722100656
24.934923674694033,0.11764705882352941,0.0035335689045936395,0.9997435722100656
25.03614802716561,0.11764705882352941,0.0035335689045936395,0.9997435722100656
25.137372379637185,0.11764705882352941,0.0035335689045936395,0.9997435722100656
25.23859673210876,0.11764705882352941,0.0035335689045936395,0.9997435722100656
25.339821084580336,0.11764705882352941,0.0035335689045936395,0.9997435722100656
25.44104543705194,0.125,0.0035335689045936395,0.9997606673960613
25.542269789523516,0.125,0.0035335689045936395,0.9997606673960613
25.64349414199509,0.125,0.0035335689045936395,0.9997606673960613
25.744718494466667,0.13333333333333333,0.0035335689045936395,0.9997777625820569
25.845942846938243,0.13333333333333333,0.0035335689045936395,0.9997777625820569
25.947167199409847,0.13333333333333333,0.0035335689045936395,0.9997777625820569
26.048391551881423,0.14285714285714285,0.0035335689045936395,0.9997948577680525
26.149615904353,0.14285714285714285,0.0035335689045936395,0.9997948577680525
26.250840256824574,0.14285714285714285,0.0035335689045936395,0.9997948577680525
26.35206460929615,0.15384615384615385,0.0035335689045936395,0.9998119529540481
26.453288961767754,0.15384615384615385,0.0035335689045936395,0.9998119529540481
26.55451331423933,0.15384615384615385,0.0035335689045936395,0.9998119529540481
26.655737666710905,0.16666666666666666,0.0035335689045936395,0.9998290481400438
26.75696201918248,0.16666666666666666,0.0035335689045936395,0.9998290481400438
26.858186371654057,0.16666666666666666,0.0035335689045936395,0.9998290481400438
26.95941072412566,0.16666666666666666,0.0035335689045936395,0.9998290481400438
27.060635076597237,0.16666666666666666,0.0035335689045936395,0.9998290481400438
27.161859429068812,0.2,0.0035335689045936395,0.999863238512035
27.263083781540388,0.2,0.0035335689045936395,0.999863238512035
27.364308134011964,0.2,0.0035335689045936395,0.999863238512035
27.46553248648354,0.2,0.0035335689045936395,0.999863238512035
27.566756838955143,0.2,0.0035335689045936395,0.999863238512035
27.66798119142672,0.2,0.0035335689045936395,0.999863238512035
27.769205543898295,0.2222222222222222,0.0035335689045936395,0.9998803336980306
27.87042989636987,0.2222222222222222,0.0035335689045936395,0.9998803336980306
27.971654248841446,0.2222222222222222,0.0035335689045936395,0.9998803336980306
28.07287860131305,0.25,0.0035335689045936395,0.9998974288840262
28.174102953784626,0.25,0.0035335689045936395,0.9998974288840262
28.2753273062562,0.25,0.0035335689045936395,0.9998974288840262
28.376551658727777,0.25,0.0035335689045936395,0.9998974288840262
28.477776011199353,0.25,0.0035335689045936395,0.9998974288840262
28.579000363670957,0.25,0.0035335689045936395,0.9998974288840262
28.680224716142533,0.25,0.0035335689045936395,0.9998974288840262
28.78144906861411,0.25,0.0035335689045936395,0.9998974288840262
28.882673421085684,0.25,0.0035335689045936395,0.9998974288840262
28.98389777355726,0.25,0.0035335689045936395,0.9998974288840262
29.085122126028864,0.25,0.0035335689045936395,0.9998974288840262
29.18634647850044,0.25,0.0035335689045936395,0.9998974288840262
29.287570830972015,0.25,0.0035335689045936395,0.9998974288840262
29.38879518344359,0.25,0.0035335689045936395,0.9998974288840262
29.490019535915167,0.25,0.0035335689045936395,0.9998974288840262
29.59124388838677,0.2857142857142857,0.0035335689045936395,0.9999145240700219
29.692468240858346,0.2857142857142857,0.0035335689045936395,0.9999145240700219
29.793692593329922,0.2857142857142857,0.0035335689045936395,0.9999145240700219
29.894916945801498,0.2857142857142857,0.0035335689045936395,0.9999145240700219
29.996141298273074,0.2857142857142857,0.0035335689045936395,0.9999145240700219
30.097365650744678,0.2857142857142857,0.0035335689045936395,0.9999145240700219
30.198590003216253,0.2857142857142857,0.0035335689045936395,0.9999145240700219
30.29981435568783,0.2857142857142857,0.0035335689045936395,0.9999145240700219
30.401038708159405,0.2857142857142857,0.0035335689045936395,0.9999145240700219
30.50226306063098,0.2857142857142857,0.0035335689045936395,0.9999145240700219
30.603487413102584,0.2857142857142857,0.0035335689045936395,0.9999145240700219
30.70471176557416,0.2857142857142857,0.0035335689045936395,0.9999145240700219
30.805936118045736,0.2857142857142857,0.0035335689045936395,0.9999145240700219
30.90716047051731,0.2857142857142857,0.0035335689045936395,0.9999145240700219
31.008384822988887,0.2857142857142857,0.0035335689045936395,0.9999145240700219
31.10960917546049,0.2857142857142857,0.0035335689045936395,0.9999145240700219
31.210833527932067,0.2857142857142857,0.0035335689045936395,0.9999145240700219
31.312057880403643,0.2857142857142857,0.0035335689045936395,0.9999145240700219
31.41328223287522,0.2857142857142857,0.0035335689045936395,0.9999145240700219
31.514506585346794,0.2857142857142857,0.0035335689045936395,0.9999145240700219
31.615730937818398,0.2857142857142857,0.0035335689045936395,0.9999145240700219
31.716955290289974,0.2857142857142857,0.0035335689045936395,0.9999145240700219
31.81817964276155,0.2857142857142857,0.0035335689045936395,0.9999145240700219
31.919403995233125,0.2857142857142857,0.0035335689045936395,0.9999145240700219
32.0206283477047,0.3333333333333333,0.0035335689045936395,0.9999316192560175
32.121852700176305,0.4,0.0035335689045936395,0.9999487144420132
32.22307705264788,0.4,0.0035335689045936395,0.9999487144420132
32.324301405119456,0.4,0.0035335689045936395,0.9999487144420132
32.42552575759103,0.5,0.0035335689045936395,0.9999658096280087
32.52675011006261,0.5,0.0035335689045936395,0.9999658096280087
32.62797446253421,0.5,0.0035335689045936395,0.9999658096280087
32.72919881500579,0.5,0.0035335689045936395,0.9999658096280087
32.83042316747736,0.5,0.0035335689045936395,0.9999658096280087
32.93164751994894,0.6666666666666666,0.0035335689045936395,0.9999829048140044
33.032871872420515,0.6666666666666666,0.0035335689045936395,0.9999829048140044
33.13409622489212,0.6666666666666666,0.0035335689045936395,0.9999829048140044
33.235320577363694,0.6666666666666666,0.0035335689045936395,0.9999829048140044
33.33654492983527,0.6666666666666666,0.0035335689045936395,0.9999829048140044
33.437769282306846,0.6666666666666666,0.0035335689045936395,0.9999829048140044
33.53899363477842,0.6666666666666666,0.0035335689045936395,0.9999829048140044
33.640217987250026,0.6666666666666666,0.0035335689045936395,0.9999829048140044
33.7414423397216,1.0,0.0035335689045936395,1.0
33.84266669219318,1.0,0.0035335689045936395,1.0
33.94389104466475,1.0,0.0035335689045936395,1.0
34.04511539713633,1.0,0.0035335689045936395,1.0
34.14633974960793,1.0,0.0035335689045936395,1.0
34.24756410207951,1.0,0.0035335689045936395,1.0
34.348788454551084,1.0,0.0035335689045936395,1.0
34.45001280702266,1.0,0.0035335689045936395,1.0
34.551237159494235,1.0,0.0035335689045936395,1.0
34.65246151196581,1.0,0.0035335689045936395,1.0
34.753685864437415,1.0,0.0035335689045936395,1.0
34.85491021690899,1.0,0.0035335689045936395,1.0
34.956134569380566,1.0,0.0035335689045936395,1.0
35.05735892185214,1.0,0.0035335689045936395,1.0
35.15858327432372,1.0,0.0035335689045936395,1.0
35.25980762679532,1.0,0.0035335689045936395,1.0
35.3610319792669,1.0,0.0035335689045936395,1.0
35.46225633173847,1.0,0.0035335689045936395,1.0
35.56348068421005,1.0,0.0035335689045936395,1.0
35.664705036681625,1.0,0.0035335689045936395,1.0
35.76592938915323,1.0,0.0035335689045936395,1.0
35.867153741624804,1.0,0.0035335689045936395,1.0
35.96837809409638,1.0,0.0035335689045936395,1.0
36.069602446567956,1.0,0.0035335689045936395,1.0
36.17082679903953,1.0,0.0035335689045936395,1.0
36.272051151511135,1.0,0.0035335689045936395,1.0
36.37327550398271,1.0,0.0035335689045936395,1.0
36.47449985645429,1.0,0.0035335689045936395,1.0
36.57572420892586,1.0,0.0035335689045936395,1.0
36.67694856139744,1.0,0.0035335689045936395,1.0
36.77817291386904,1.0,0.0035335689045936395,1.0
36.87939726634062,1.0,0.0035335689045936395,1.0
36.980621618812194,1.0,0.0035335689045936395,1.0
37.08184597128377,1.0,0.0035335689045936395,1.0
37.183070323755345,1.0,0.0035335689045936395,1.0
37.28429467622695,1.0,0.0035335689045936395,1.0
37.385519028698525,1.0,0.0035335689045936395,1.0
37.4867433811701,1.0,0.0035335689045936395,1.0
37.587967733641676,1.0,0.0035335689045936395,1.0
37.68919208611325,1.0,0.0035335689045936395,1.0
37.790416438584856,1.0,0.0035335689045936395,1.0
37.89164079105643,1.0,0.0035335689045936395,1.0
37.99286514352801,1.0,0.0035335689045936395,1.0
38.09408949599958,1.0,0.0035335689045936395,1.0
38.19531384847116,1.0,0.0035335689045936395,1.0
38.29653820094276,1.0,0.0035335689045936395,1.0
38.39776255341434,1.0,0.0035335689045936395,1.0
38.498986905885914,1.0,0.0035335689045936395,1.0
38.60021125835749,1.0,0.0035335689045936395,1.0
38.701435610829066,1.0,0.0035335689045936395,1.0
38.80265996330067,1.0,0.0035335689045936395,1.0
38.903884315772245,1.0,0.0035335689045936395,1.0
39.00510866824382,1.0,0.0035335689045936395,1.0
39.1063330207154,1.0,0.0035335689045936395,1.0
39.20755737318697,1.0,0.0035335689045936395,1.0
39.30878172565858,1.0,0.0035335689045936395,1.0
39.41000607813015,1.0,0.0035335689045936395,1.0
39.51123043060173,1.0,0.0035335689045936395,1.0
39.612454783073304,1.0,0.0035335689045936395,1.0
39.71367913554488,1.0,0.0035335689045936395,1.0
39.81490348801648,1.0,0.0035335689045936395,1.0
39.91612784048806,1.0,0.0035335689045936395,1.0
40.017352192959635,1.0,0.0035335689045936395,1.0
40.11857654543121,1.0,0.0035335689045936395,1.0
40.219800897902786,1.0,0.0035335689045936395,1.0
40.32102525037439,1.0,0.0035335689045936395,1.0
40.422249602845966,1.0,0.0035335689045936395,1.0
40.52347395531754,1.0,0.0035335689045936395,1.0
40.62469830778912,1.0,0.0035335689045936395,1.0
40.72592266026069,1.0,0.0035335689045936395,1.0
40.8271470127323,1.0,0.0035335689045936395,1.0
40.92837136520387,1.0,0.0035335689045936395,1.0
41.02959571767545,1.0,0.0035335689045936395,1.0
41.130820070147024,1.0,0.0035335689045936395,1.0
41.2320444226186,1.0,0.0035335689045936395,1.0
41.333268775090204,1.0,0.0035335689045936395,1.0
41.43449312756178,1.0,0.0035335689045936395,1.0
41.535717480033355,1.0,0.0035335689045936395,1.0
41.63694183250493,1.0,0.0035335689045936395,1.0
41.73816618497651,1.0,0.0035335689045936395,1.0
41.83939053744811,1.0,0.0035335689045936395,1.0
41.94061488991969,1.0,0.0035335689045936395,1.0
42.04183924239126,1.0,0.0035335689045936395,1.0
42.14306359486284,1.0,0.0035335689045936395,1.0
42.24428794733441,1.0,0.0035335689045936395,1.0
42.34551229980599,1.0,0.0035335689045936395,1.0
42.44673665227759,1.0,0.0035335689045936395,1.0
42.54796100474917,1.0,0.0035335689045936395,1.0
42.649185357220745,1.0,0.0035335689045936395,1.0
42.75040970969232,1.0,0.0035335689045936395,1.0
42.851634062163896,1.0,0.0035335689045936395,1.0
42.9528584146355,1.0,0.0035335689045936395,1.0
43.054082767107076,1.0,0.0035335689045936395,1.0
43.15530711957865,1.0,0.0035335689045936395,1.0
43.25653147205023,1.0,0.0035335689045936395,1.0
43.3577558245218,1.0,0.0035335689045936395,1.0
43.45898017699341,1.0,0.0035335689045936395,1.0
43.56020452946498,1.0,0.0035335689045936395,1.0
43.66142888193656,1.0,0.0035335689045936395,1.0
43.762653234408134,1.0,0.0035335689045936395,1.0
43.86387758687971,1.0,0.0035335689045936395,1.0
43.965101939351314,1.0,0.0035335689045936395,1.0
44.06632629182289,1.0,0.0035335689045936395,1.0
44.167550644294465,1.0,0.0035335689045936395,1.0
44.26877499676604,1.0,0.0035335689045936395,1.0
44.36999934923762,1.0,0.0035335689045936395,1.0
44.47122370170922,1.0,0.0035335689045936395,1.0
44.572448054180796,1.0,0.0035335689045936395,1.0
44.67367240665237,1.0,0.0035335689045936395,1.0
44.77489675912395,1.0,0.0035335689045936395,1.0
44.87612111159552,1.0,0.0035335689045936395,1.0
44.97734546406713,1.0,0.0035335689045936395,1.0
45.0785698165387,1.0,0.0035335689045936395,1.0
45.17979416901028,1.0,0.0035335689045936395,1.0
45.281018521481855,1.0,0.0035335689045936395,1.0
45.38224287395343,1.0,0.0035335689045936395,1.0
45.483467226425034,1.0,0.0035335689045936395,1.0
45.58469157889661,1.0,0.0035335689045936395,1.0
45.685915931368186,1.0,0.0035335689045936395,1.0
45.78714028383976,1.0,0.0035335689045936395,1.0
45.88836463631134,1.0,0.0035335689045936395,1.0
45.98958898878294,1.0,0.0035335689045936395,1.0
46.09081334125452,1.0,0.0035335689045936395,1.0
46.19203769372609,1.0,0.0035335689045936395,1.0
46.29326204619767,1.0,0.0035335689045936395,1.0
46.394486398669244,1.0,0.0035335689045936395,1.0
46.49571075114085,1.0,0.0035335689045936395,1.0
46.596935103612424,1.0,0.0035335689045936395,1.0
46.698159456084,1.0,0.0035335689045936395,1.0
46.799383808555575,1.0,0.0035335689045936395,1.0
46.90060816102715,1.0,0.0035335689045936395,1.0
47.001832513498755,1.0,0.0035335689045936395,1.0
47.10305686597033,1.0,0.0035335689045936395,1.0
47.204281218441906,1.0,0.0035335689045936395,1.0
47.30550557091348,1.0,0.0035335689045936395,1.0
47.40672992338506,1.0,0.0035335689045936395,1.0
47.50795427585666,1.0,0.0035335689045936395,1.0
47.60917862832824,1.0,0.0035335689045936395,1.0
47.71040298079981,1.0,0.0035335689045936395,1.0
47.81162733327139,1.0,0.0035335689045936395,1.0
47.912851685742964,1.0,0.0035335689045936395,1.0
48.01407603821457,1.0,0.0035335689045936395,1.0
48.115300390686144,1.0,0.0035335689045936395,1.0
48.21652474315772,1.0,0.0035335689045936395,1.0
48.317749095629296,1.0,0.0035335689045936395,1.0
48.41897344810087,1.0,0.0035335689045936395,1.0
48.520197800572475,1.0,0.0035335689045936395,1.0
48.62142215304405,1.0,0.0035335689045936395,1.0
48.72264650551563,1.0,0.0035335689045936395,1.0
48.8238708579872,1.0,0.0035335689045936395,1.0
48.92509521045878,1.0,0.0035335689045936395,1.0
49.02631956293038,1.0,0.0035335689045936395,1.0
49.12754391540196,1.0,0.0035335689045936395,1.0
49.228768267873534,1.0,0.0035335689045936395,1.0
49.32999262034511,1.0,0.0035335689045936395,1.0
49.431216972816685,1.0,0.0035335689045936395,1.0
49.53244132528826,1.0,0.0035335689045936395,1.0
49.633665677759865,1.0,0.0035335689045936395,1.0
49.73489003023144,1.0,0.0035335689045936395,1.0
49.836114382703016,1.0,0.0035335689045936395,1.0
49.93733873517459,1.0,0.0035335689045936395,1.0
50.03856308764617,1.0,0.0035335689045936395,1.0
50.13978744011777,1.0,0.0035335689045936395,1.0
50.24101179258935,1.0,0.0035335689045936395,1.0
50.34223614506092,1.0,0.0035335689045936395,1.0
50.4434604975325,1.0,0.0035335689045936395,1.0
50.544684850004074,1.0,0.0035335689045936395,1.0
50.64590920247568,1.0,0.0035335689045936395,1.0
50.747133554947254,1.0,0.0035335689045936395,1.0
50.84835790741883,1.0,0.0035335689045936395,1.0
50.949582259890406,1.0,0.0035335689045936395,1.0
51.05080661236198,1.0,0.0035335689045936395,1.0
51.152030964833585,1.0,0.0035335689045936395,1.0
51.25325531730516,1.0,0.0035335689045936395,1.0
51.35447966977674,1.0,0.0035335689045936395,1.0
51.45570402224831,1.0,0.0035335689045936395,1.0
51.55692837471989,1.0,0.0035335689045936395,1.0
51.65815272719149,1.0,0.0035335689045936395,1.0
51.75937707966307,1.0,0.0035335689045936395,1.0
51.860601432134644,1.0,0.0017667844522968198,1.0
51.96182578460622,1.0,0.0017667844522968198,1.0
52.063050137077795,1.0,0.0017667844522968198,1.0
52.1642744895494,1.0,0.0017667844522968198,1.0
52.265498842020975,1.0,0.0017667844522968198,1.0
52.36672319449255,1.0,0.0017667844522968198,1.0
52.467947546964126,1.0,0.0017667844522968198,1.0
52.5691718994357,1.0,0.0017667844522968198,1.0
52.670396251907306,1.0,0.0017667844522968198,1.0
52.77162060437888,1.0,0.0017667844522968198,1.0
52.87284495685046,1.0,0.0017667844522968198,1.0
52.97406930932203,1.0,0.0017667844522968198,1.0
53.07529366179361,1.0,0.0017667844522968198,1.0
53.17651801426521,1.0,0.0017667844522968198,1.0
53.27774236673679,1.0,0.0017667844522968198,1.0
53.378966719208364,1.0,0.0017667844522968198,1.0
53.48019107167994,1.0,0.0017667844522968198,1.0
53.581415424151515,1.0,0.0017667844522968198,1.0
53.68263977662312,1.0,0.0017667844522968198,1.0
53.783864129094695,1.0,0.0017667844522968198,1.0
53.88508848156627,1.0,0.0017667844522968198,1.0
53.98631283403785,1.0,0.0017667844522968198,1.0
54.08753718650942,1.0,0.0017667844522968198,1.0
54.188761538981026,1.0,0.0017667844522968198,1.0
54.2899858914526,1.0,0.0017667844522968198,1.0
54.39121024392418,1.0,0.0017667844522968198,1.0
54.49243459639575,1.0,0.0017667844522968198,1.0
54.59365894886733,1.0,0.0017667844522968198,1.0
54.69488330133893,1.0,0.0017667844522968198,1.0
54.79610765381051,1.0,0.0017667844522968198,1.0
54.897332006282085,1.0,0.0017667844522968198,1.0
54.99855635875366,1.0,0.0017667844522968198,1.0
55.099780711225236,1.0,0.0017667844522968198,1.0
55.20100506369684,1.0,0.0017667844522968198,1.0
55.302229416168416,1.0,0.0017667844522968198,1.0
55.40345376863999,1.0,0.0017667844522968198,1.0
55.50467812111157,1.0,0.0017667844522968198,1.0
55.60590247358314,1.0,0.0017667844522968198,1.0
55.70712682605475,1.0,0.0017667844522968198,1.0
55.80835117852632,1.0,0.0017667844522968198,1.0
55.9095755309979,1.0,0.0017667844522968198,1.0
56.010799883469474,1.0,0.0017667844522968198,1.0
56.11202423594105,1.0,0.0017667844522968198,1.0
56.213248588412654,1.0,0.0017667844522968198,1.0
56.31447294088423,1.0,0.0017667844522968198,1.0
56.415697293355805,1.0,0.0017667844522968198,1.0
56.51692164582738,1.0,0.0017667844522968198,1.0
56.61814599829896,1.0,0.0017667844522968198,1.0
56.71937035077053,1.0,0.0017667844522968198,1.0
56.820594703242136,1.0,0.0017667844522968198,1.0
56.92181905571371,1.0,0.0017667844522968198,1.0
57.02304340818529,1.0,0.0017667844522968198,1.0
57.12426776065686,1.0,0.0017667844522968198,1.0
57.22549211312844,1.0,0.0017667844522968198,1.0
57.32671646560004,1.0,0.0017667844522968198,1.0
57.42794081807162,1.0,0.0017667844522968198,1.0
57.529165170543195,1.0,0.0017667844522968198,1.0
57.63038952301477,1.0,0.0017667844522968198,1.0
57.731613875486346,1.0,0.0017667844522968198,1.0
57.83283822795795,1.0,0.0017667844522968198,1.0
57.934062580429526,1.0,0.0017667844522968198,1.0
58.0352869329011,1.0,0.0017667844522968198,1.0
58.13651128537268,1.0,0.0017667844522968198,1.0
58.23773563784425,1.0,0.0017667844522968198,1.0
58.33895999031586,1.0,0.0017667844522968198,1.0
58.44018434278743,1.0,0.0017667844522968198,1.0
58.54140869525901,1.0,0.0017667844522968198,1.0
58.642633047730584,1.0,0.0017667844522968198,1.0
58.74385740020216,1.0,0.0017667844522968198,1.0
58.845081752673764,1.0,0.0017667844522968198,1.0
58.94630610514534,1.0,0.0017667844522968198,1.0
59.047530457616915,1.0,0.0017667844522968198,1.0
59.14875481008849,1.0,0.0017667844522968198,1.0
59.24997916256007,1.0,0.0017667844522968198,1.0
59.35120351503167,1.0,0.0017667844522968198,1.0
59.452427867503246,1.0,0.0017667844522968198,1.0
59.55365221997482,1.0,0.0017667844522968198,1.0
59.6548765724464,1.0,0.0017667844522968198,1.0
59.75610092491797,1.0,0.0017667844522968198,1.0
59.85732527738958,1.0,0.0017667844522968198,1.0
59.95854962986115,1.0,0.0017667844522968198,1.0
60.05977398233273,1.0,0.0017667844522968198,1.0
60.160998334804304,1.0,0.0017667844522968198,1.0
60.26222268727588,1.0,0.0017667844522968198,1.0
60.363447039747484,1.0,0.0017667844522968198,1.0
60.46467139221906,1.0,0.0017667844522968198,1.0
60.565895744690636,1.0,0.0017667844522968198,1.0
60.66712009716221,1.0,0.0017667844522968198,1.0
60.76834444963379,1.0,0.0017667844522968198,1.0
60.86956880210539,1.0,0.0017667844522968198,1.0
60.97079315457697,1.0,0.0017667844522968198,1.0
61.07201750704854,1.0,0.0017667844522968198,1.0
61.17324185952012,1.0,0.0017667844522968198,1.0
61.274466211991694,1.0,0.0017667844522968198,1.0
61.3756905644633,1.0,0.0017667844522968198,1.0
61.476914916934874,1.0,0.0017667844522968198,1.0
61.57813926940645,1.0,0.0017667844522968198,1.0
61.679363621878025,1.0,0.0017667844522968198,1.0
61.7805879743496,1.0,0.0017667844522968198,1.0
61.881812326821205,1.0,0.0017667844522968198,1.0
61.98303667929278,1.0,0.0017667844522968198,1.0
62.084261031764356,1.0,0.0017667844522968198,1.0
62.18548538423593,1.0,0.0017667844522968198,1.0
62.28670973670751,1.0,0.0017667844522968198,1.0
62.38793408917911,1.0,0.0017667844522968198,1.0
62.48915844165069,1.0,0.0017667844522968198,1.0
62.59038279412226,1.0,0.0017667844522968198,1.0
62.69160714659384,1.0,0.0017667844522968198,1.0
62.79283149906541,1.0,0.0017667844522968198,1.0
