Threshold,Precision,Recall,Specificity
-144.47065269814993,0.00821170972875961,1.0,0.0
-144.3817127984941,0.008211848766529521,1.0,1.7071546852860337e-05
-144.29277289883825,0.008211848766529521,1.0,1.7071546852860337e-05
-144.20383299918242,0.008211848766529521,1.0,1.7071546852860337e-05
-144.11489309952657,0.008211848766529521,1.0,1.7071546852860337e-05
-144.02595319987074,0.008211848766529521,1.0,1.7071546852860337e-05
-143.9370133002149,0.008211848766529521,1.0,1.7071546852860337e-05
-143.84807340055906,0.008211848766529521,1.0,1.7071546852860337e-05
-143.7591335009032,0.008211848766529521,1.0,1.7071546852860337e-05
-143.67019360124738,0.008211848766529521,1.0,1.7071546852860337e-05
-143.58125370159155,0.008211848766529521,1.0,1.7071546852860337e-05
-143.4923138019357,0.008211848766529521,1.0,1.7071546852860337e-05
-143.40337390227987,0.008211848766529521,1.0,1.7071546852860337e-05
-143.314434002624,0.008211848766529521,1.0,1.7071546852860337e-05
-143.22549410296818,0.008211848766529521,1.0,1.7071546852860337e-05
-143.13655420331233,0.008211848766529521,1.0,1.7071546852860337e-05
-143.0476143036565,0.008211848766529521,1.0,1.7071546852860337e-05
-142.95867440400067,0.008211848766529521,1.0,1.7071546852860337e-05
-142.86973450434482,0.008211848766529521,1.0,1.7071546852860337e-05
-142.780794604689,0.008211848766529521,1.0,1.7071546852860337e-05
-142.69185470503314,0.008211848766529521,1.0,1.7071546852860337e-05
-142.6029148053773,0.008211848766529521,1.0,1.7071546852860337e-05
-142.51397490572145,0.008211848766529521,1.0,1.7071546852860337e-05
-142.42503500606563,0.008211848766529521,1.0,1.7071546852860337e-05
-142.33609510640977,0.008211848766529521,1.0,1.7071546852860337e-05
-142.24715520675394,0.008211848766529521,1.0,1.7071546852860337e-05
-142.15821530709812,0.008211848766529521,1.0,1.7071546852860337e-05
-142.06927540744226,0.008211987809007788,1.0,3.4143093705720675e-05
-141.98033550778644,0.008211987809007788,1.0,3.4143093705720675e-05
-141.89139560813058,0.008211987809007788,1.0,3.4143093705720675e-05
-141.80245570847475,0.008211987809007788,1.0,3.4143093705720675e-05
-141.7135158088189,0.008211987809007788,1.0,3.4143093705720675e-05
-141.62457590916307,0.008211987809007788,1.0,3.4143093705720675e-05
-141.53563600950724,0.008211987809007788,1.0,3.4143093705720675e-05
-141.4466961098514,0.008211987809007788,1.0,3.4143093705720675e-05
-141.35775621019556,0.008212126856194654,1.0,5.121464055858101e-05
-141.2688163105397,0.008212126856194654,1.0,5.121464055858101e-05
-141.17987641088388,0.008212126856194654,1.0,5.121464055858101e-05
-141.09093651122802,0.008212126856194654,1.0,5.121464055858101e-05
-141.0019966115722,0.008212126856194654,1.0,5.121464055858101e-05
-140.91305671191634,0.008212126856194654,1.0,5.121464055858101e-05
-140.8241168122605,0.008212126856194654,1.0,5.121464055858101e-05
-140.7351769126047,0.008212126856194654,1.0,5.121464055858101e-05
-140.64623701294883,0.008212126856194654,1.0,5.121464055858101e-05
-140.557297113293,0.008212126856194654,1.0,5.121464055858101e-05
-140.46835721363715,0.008212126856194654,1.0,5.121464055858101e-05
-140.37941731398132,0.008212126856194654,1.0,5.121464055858101e-05
-140.29047741432547,0.008212126856194654,1.0,5.121464055858101e-05
-140.20153751466964,0.008212126856194654,1.0,5.121464055858101e-05
-140.11259761501378,0.008212126856194654,1.0,5.121464055858101e-05
-140.02365771535796,0.008212126856194654,1.0,5.121464055858101e-05
-139.93471781570213,0.008212126856194654,1.0,5.121464055858101e-05
-139.84577791604627,0.008212126856194654,1.0,5.121464055858101e-05
-139.75683801639045,0.008212126856194654,1.0,5.121464055858101e-05
-139.6678981167346,0.008212126856194654,1.0,5.121464055858101e-05
-139.57895821707876,0.008212126856194654,1.0,5.121464055858101e-05
-139.4900183174229,0.008212126856194654,1.0,5.121464055858101e-05
-139.40107841776708,0.008212126856194654,1.0,5.121464055858101e-05
-139.31213851811125,0.008212126856194654,1.0,5.121464055858101e-05
-139.2231986184554,0.008212126856194654,1.0,5.121464055858101e-05
-139.13425871879957,0.008212126856194654,1.0,5.121464055858101e-05
-139.04531881914372,0.008212126856194654,1.0,5.121464055858101e-05
-138.9563789194879,0.008212126856194654,1.0,5.121464055858101e-05
-138.86743901983203,0.008212126856194654,1.0,5.121464055858101e-05
-138.7784991201762,0.008212126856194654,1.0,5.121464055858101e-05
-138.68955922052038,0.008212126856194654,1.0,5.121464055858101e-05
-138.60061932086452,0.008212126856194654,1.0,5.121464055858101e-05
-138.5116794212087,0.008212126856194654,1.0,5.121464055858101e-05
-138.42273952155284,0.008212265908090351,1.0,6.828618741144135e-05
-138.33379962189701,0.008212265908090351,1.0,6.828618741144135e-05
-138.24485972224116,0.008212265908090351,1.0,6.828618741144135e-05
-138.15591982258533,0.008212265908090351,1.0,6.828618741144135e-05
-138.06697992292948,0.008212265908090351,1.0,6.828618741144135e-05
-137.97804002327365,0.008212265908090351,1.0,6.828618741144135e-05
-137.88910012361782,0.008212404964695125,1.0,8.53577342643017e-05
-137.80016022396197,0.008212404964695125,1.0,8.53577342643017e-05
-137.71122032430614,0.00821254402600921,1.0,0.00010242928111716202
-137.62228042465028,0.00821254402600921,1.0,0.00010242928111716202
-137.53334052499446,0.00821254402600921,1.0,0.00010242928111716202
-137.4444006253386,0.00821254402600921,1.0,0.00010242928111716202
-137.35546072568278,0.00821254402600921,1.0,0.00010242928111716202
-137.26652082602692,0.00821254402600921,1.0,0.00010242928111716202
-137.1775809263711,0.00821254402600921,1.0,0.00010242928111716202
-137.08864102671527,0.00821268309203285,1.0,0.00011950082797002237
-136.9997011270594,0.00821268309203285,1.0,0.00011950082797002237
-136.91076122740358,0.00821268309203285,1.0,0.00011950082797002237
-136.82182132774773,0.00821268309203285,1.0,0.00011950082797002237
-136.7328814280919,0.00821268309203285,1.0,0.00011950082797002237
-136.64394152843605,0.00821268309203285,1.0,0.00011950082797002237
-136.55500162878022,0.00821268309203285,1.0,0.00011950082797002237
-136.4660617291244,0.00821268309203285,1.0,0.00011950082797002237
-136.37712182946854,0.00821268309203285,1.0,0.00011950082797002237
-136.2881819298127,0.00821268309203285,1.0,0.00011950082797002237
-136.19924203015685,0.00821268309203285,1.0,0.00011950082797002237
-136.11030213050103,0.00821268309203285,1.0,0.00011950082797002237
-136.02136223084517,0.00821268309203285,1.0,0.00011950082797002237
-135.93242233118934,0.00821268309203285,1.0,0.00011950082797002237
-135.8434824315335,0.00821268309203285,1.0,0.00011950082797002237
-135.75454253187766,0.00821268309203285,1.0,0.00011950082797002237
-135.66560263222183,0.00821268309203285,1.0,0.00011950082797002237
-135.57666273256598,0.00821268309203285,1.0,0.00011950082797002237
-135.48772283291015,0.00821268309203285,1.0,0.00011950082797002237
-135.3987829332543,0.00821268309203285,1.0,0.00011950082797002237
-135.30984303359847,0.00821268309203285,1.0,0.00011950082797002237
-135.2209031339426,0.00821268309203285,1.0,0.00011950082797002237
-135.1319632342868,0.00821268309203285,1.0,0.00011950082797002237
-135.04302333463096,0.00821268309203285,1.0,0.00011950082797002237
-134.9540834349751,0.00821268309203285,1.0,0.00011950082797002237
-134.86514353531928,0.00821268309203285,1.0,0.00011950082797002237
-134.77620363566342,0.00821268309203285,1.0,0.00011950082797002237
-134.6872637360076,0.00821268309203285,1.0,0.00011950082797002237
-134.59832383635174,0.00821268309203285,1.0,0.00011950082797002237
-134.5093839366959,0.00821268309203285,1.0,0.00011950082797002237
-134.42044403704006,0.00821268309203285,1.0,0.00011950082797002237
-134.33150413738423,0.00821268309203285,1.0,0.00011950082797002237
-134.2425642377284,0.00821268309203285,1.0,0.00011950082797002237
-134.15362433807255,0.00821268309203285,1.0,0.00011950082797002237
-134.06468443841672,0.00821268309203285,1.0,0.00011950082797002237
-133.97574453876086,0.00821268309203285,1.0,0.00011950082797002237
-133.88680463910504,0.00821268309203285,1.0,0.00011950082797002237
-133.79786473944918,0.00821268309203285,1.0,0.00011950082797002237
-133.70892483979335,0.00821268309203285,1.0,0.00011950082797002237
-133.6199849401375,0.00821268309203285,1.0,0.00011950082797002237
-133.53104504048167,0.00821268309203285,1.0,0.00011950082797002237
-133.44210514082584,0.00821268309203285,1.0,0.00011950082797002237
-133.35316524117,0.008212822162766281,1.0,0.0001365723748228827
-133.26422534151416,0.008212822162766281,1.0,0.0001365723748228827
-133.1752854418583,0.008212822162766281,1.0,0.0001365723748228827
-133.08634554220248,0.008212822162766281,1.0,0.0001365723748228827
-132.99740564254662,0.008212822162766281,1.0,0.0001365723748228827
-132.9084657428908,0.008212822162766281,1.0,0.0001365723748228827
-132.81952584323497,0.008212961238209743,1.0,0.00015364392167574304
-132.73058594357911,0.008212961238209743,1.0,0.00015364392167574304
-132.6416460439233,0.008212961238209743,1.0,0.00015364392167574304
-132.55270614426743,0.008212961238209743,1.0,0.00015364392167574304
-132.4637662446116,0.008212961238209743,1.0,0.00015364392167574304
-132.37482634495575,0.008212961238209743,1.0,0.00015364392167574304
-132.28588644529992,0.008212961238209743,1.0,0.00015364392167574304
-132.1969465456441,0.008212961238209743,1.0,0.00015364392167574304
-132.10800664598824,0.008212961238209743,1.0,0.00015364392167574304
-132.0190667463324,0.008212961238209743,1.0,0.00015364392167574304
-131.93012684667656,0.008212961238209743,1.0,0.00015364392167574304
-131.84118694702073,0.008212961238209743,1.0,0.00015364392167574304
-131.75224704736488,0.008212961238209743,1.0,0.00015364392167574304
-131.66330714770905,0.008212961238209743,1.0,0.00015364392167574304
-131.5743672480532,0.008212961238209743,1.0,0.00015364392167574304
-131.48542734839737,0.008212961238209743,1.0,0.00015364392167574304
-131.39648744874154,0.008212961238209743,1.0,0.00015364392167574304
-131.30754754908568,0.008212961238209743,1.0,0.00015364392167574304
-131.21860764942986,0.008212961238209743,1.0,0.00015364392167574304
-131.129667749774,0.008212961238209743,1.0,0.00015364392167574304
-131.04072785011817,0.008212961238209743,1.0,0.00015364392167574304
-130.95178795046232,0.008212961238209743,1.0,0.00015364392167574304
-130.8628480508065,0.008212961238209743,1.0,0.00015364392167574304
-130.77390815115064,0.008212961238209743,1.0,0.00015364392167574304
-130.6849682514948,0.008212961238209743,1.0,0.00015364392167574304
-130.59602835183898,0.008212961238209743,1.0,0.00015364392167574304
-130.50708845218313,0.008212961238209743,1.0,0.00015364392167574304
-130.4181485525273,0.008212961238209743,1.0,0.00015364392167574304
-130.32920865287144,0.008212961238209743,1.0,0.00015364392167574304
-130.24026875321562,0.008212961238209743,1.0,0.00015364392167574304
-130.15132885355976,0.008212961238209743,1.0,0.00015364392167574304
-130.06238895390393,0.008212961238209743,1.0,0.00015364392167574304
-129.97344905424808,0.008212961238209743,1.0,0.00015364392167574304
-129.88450915459225,0.008212961238209743,1.0,0.00015364392167574304
-129.79556925493642,0.008212961238209743,1.0,0.00015364392167574304
-129.70662935528057,0.008213100318363475,1.0,0.0001707154685286034
-129.61768945562474,0.008213100318363475,1.0,0.0001707154685286034
-129.5287495559689,0.008213100318363475,1.0,0.0001707154685286034
-129.43980965631306,0.008213100318363475,1.0,0.0001707154685286034
-129.3508697566572,0.00821323940322772,1.0,0.0001877870153814637
-129.26192985700138,0.008213378492802709,1.0,0.00020485856223432405
-129.17298995734555,0.008213378492802709,1.0,0.00020485856223432405
-129.0840500576897,0.008213378492802709,1.0,0.00020485856223432405
-128.99511015803387,0.008213378492802709,1.0,0.00020485856223432405
-128.906170258378,0.008213378492802709,1.0,0.00020485856223432405
-128.81723035872218,0.008213378492802709,1.0,0.00020485856223432405
-128.72829045906633,0.008213378492802709,1.0,0.00020485856223432405
-128.6393505594105,0.008213378492802709,1.0,0.00020485856223432405
-128.55041065975468,0.008213378492802709,1.0,0.00020485856223432405
-128.46147076009882,0.008213378492802709,1.0,0.00020485856223432405
-128.372530860443,0.008213378492802709,1.0,0.00020485856223432405
-128.28359096078714,0.008213378492802709,1.0,0.00020485856223432405
-128.1946510611313,0.008213378492802709,1.0,0.00020485856223432405
-128.10571116147545,0.008213378492802709,1.0,0.00020485856223432405
-128.01677126181963,0.008213517587088688,1.0,0.0002219301090871844
-127.92783136216379,0.008213517587088688,1.0,0.0002219301090871844
-127.83889146250795,0.008213656686085896,1.0,0.00023900165594004474
-127.7499515628521,0.008213656686085896,1.0,0.00023900165594004474
-127.66101166319626,0.008213656686085896,1.0,0.00023900165594004474
-127.57207176354044,0.008213656686085896,1.0,0.00023900165594004474
-127.48313186388458,0.008213656686085896,1.0,0.00023900165594004474
-127.39419196422875,0.008213656686085896,1.0,0.00023900165594004474
-127.30525206457291,0.008213656686085896,1.0,0.00023900165594004474
-127.21631216491707,0.008213656686085896,1.0,0.00023900165594004474
-127.12737226526123,0.008213795789794571,1.0,0.0002560732027929051
-127.03843236560539,0.008213795789794571,1.0,0.0002560732027929051
-126.94949246594955,0.008213795789794571,1.0,0.0002560732027929051
-126.8605525662937,0.008213795789794571,1.0,0.0002560732027929051
-126.77161266663788,0.008213795789794571,1.0,0.0002560732027929051
-126.68267276698202,0.008213795789794571,1.0,0.0002560732027929051
-126.5937328673262,0.008213795789794571,1.0,0.0002560732027929051
-126.50479296767035,0.008213795789794571,1.0,0.0002560732027929051
-126.41585306801451,0.008213795789794571,1.0,0.0002560732027929051
-126.32691316835867,0.008213795789794571,1.0,0.0002560732027929051
-126.23797326870283,0.008213795789794571,1.0,0.0002560732027929051
-126.14903336904699,0.008213934898214951,1.0,0.0002731447496457654
-126.06009346939115,0.008213934898214951,1.0,0.0002731447496457654
-125.97115356973532,0.008213934898214951,1.0,0.0002731447496457654
-125.88221367007948,0.008213934898214951,1.0,0.0002731447496457654
-125.79327377042364,0.008213934898214951,1.0,0.0002731447496457654
-125.7043338707678,0.008213934898214951,1.0,0.0002731447496457654
-125.61539397111196,0.008213934898214951,1.0,0.0002731447496457654
-125.52645407145612,0.008213934898214951,1.0,0.0002731447496457654
-125.43751417180027,0.008213934898214951,1.0,0.0002731447496457654
-125.34857427214445,0.008213934898214951,1.0,0.0002731447496457654
-125.25963437248859,0.008213934898214951,1.0,0.0002731447496457654
-125.17069447283276,0.008214074011347277,1.0,0.0002902162964986257
-125.08175457317692,0.008214074011347277,1.0,0.0002902162964986257
-124.99281467352108,0.008214074011347277,1.0,0.0002902162964986257
-124.90387477386524,0.008214074011347277,1.0,0.0002902162964986257
-124.8149348742094,0.008214074011347277,1.0,0.0002902162964986257
-124.72599497455356,0.008214074011347277,1.0,0.0002902162964986257
-124.63705507489772,0.008214074011347277,1.0,0.0002902162964986257
-124.54811517524189,0.008214213129191789,1.0,0.0003072878433514861
-124.45917527558605,0.008214213129191789,1.0,0.0003072878433514861
-124.3702353759302,0.008214213129191789,1.0,0.0003072878433514861
-124.28129547627437,0.008214213129191789,1.0,0.0003072878433514861
-124.19235557661852,0.008214213129191789,1.0,0.0003072878433514861
-124.10341567696268,0.008214213129191789,1.0,0.0003072878433514861
-124.01447577730684,0.008214213129191789,1.0,0.0003072878433514861
-123.92553587765101,0.008214213129191789,1.0,0.0003072878433514861
-123.83659597799516,0.008214213129191789,1.0,0.0003072878433514861
-123.74765607833933,0.008214213129191789,1.0,0.0003072878433514861
-123.65871617868349,0.008214213129191789,1.0,0.0003072878433514861
-123.56977627902765,0.008214213129191789,1.0,0.0003072878433514861
-123.48083637937181,0.008214213129191789,1.0,0.0003072878433514861
-123.39189647971597,0.008214213129191789,1.0,0.0003072878433514861
-123.30295658006013,0.008214213129191789,1.0,0.0003072878433514861
-123.21401668040428,0.008214213129191789,1.0,0.0003072878433514861
-123.12507678074846,0.008214491379018326,1.0,0.0003414309370572068
-123.03613688109262,0.008214491379018326,1.0,0.0003414309370572068
-122.94719698143678,0.008214491379018326,1.0,0.0003414309370572068
-122.85825708178093,0.00821463051100083,1.0,0.0003585024839100671
-122.76931718212509,0.00821463051100083,1.0,0.0003585024839100671
-122.68037728246925,0.00821463051100083,1.0,0.0003585024839100671
-122.59143738281341,0.008214769647696477,1.0,0.0003755740307629274
-122.50249748315758,0.008214908789105507,1.0,0.0003926455776157878
-122.41355758350173,0.008214908789105507,1.0,0.0003926455776157878
-122.3246176838459,0.008214908789105507,1.0,0.0003926455776157878
-122.23567778419006,0.008214908789105507,1.0,0.0003926455776157878
-122.14673788453422,0.008214908789105507,1.0,0.0003926455776157878
-122.05779798487838,0.008214908789105507,1.0,0.0003926455776157878
-121.96885808522254,0.008215047935228158,1.0,0.0004097171244686481
-121.8799181855667,0.008215047935228158,1.0,0.0004097171244686481
-121.79097828591085,0.008215047935228158,1.0,0.0004097171244686481
-121.70203838625503,0.008215047935228158,1.0,0.0004097171244686481
-121.61309848659917,0.008215047935228158,1.0,0.0004097171244686481
-121.52415858694334,0.008215047935228158,1.0,0.0004097171244686481
-121.4352186872875,0.008215047935228158,1.0,0.0004097171244686481
-121.34627878763166,0.008215187086064672,1.0,0.00042678867132150847
-121.25733888797582,0.008215187086064672,1.0,0.00042678867132150847
-121.16839898831998,0.008215187086064672,1.0,0.00042678867132150847
-121.07945908866414,0.008215187086064672,1.0,0.00042678867132150847
-120.9905191890083,0.008215326241615285,1.0,0.0004438602181743688
-120.90157928935247,0.00821546540188024,1.0,0.0004609317650272291
-120.81263938969663,0.00821546540188024,1.0,0.0004609317650272291
-120.72369949004079,0.00821546540188024,1.0,0.0004609317650272291
-120.63475959038495,0.008215743736554131,1.0,0.0004950748587329498
-120.5458196907291,0.008215743736554131,1.0,0.0004950748587329498
-120.45687979107326,0.008215743736554131,1.0,0.0004950748587329498
-120.36793989141742,0.008215743736554131,1.0,0.0004950748587329498
-120.2789999917616,0.008215743736554131,1.0,0.0004950748587329498
-120.19006009210574,0.008215882910963545,1.0,0.0005121464055858102
-120.10112019244991,0.008215882910963545,1.0,0.0005121464055858102
-120.01218029279407,0.008215882910963545,1.0,0.0005121464055858102
-119.92324039313823,0.008215882910963545,1.0,0.0005121464055858102
-119.83430049348239,0.008215882910963545,1.0,0.0005121464055858102
-119.74536059382655,0.008216022090088258,1.0,0.0005292179524386705
-119.6564206941707,0.008216022090088258,1.0,0.0005292179524386705
-119.56748079451486,0.008216022090088258,1.0,0.0005292179524386705
-119.47854089485904,0.008216022090088258,1.0,0.0005292179524386705
-119.3896009952032,0.008216022090088258,1.0,0.0005292179524386705
-119.30066109554735,0.008216022090088258,1.0,0.0005292179524386705
-119.21172119589151,0.008216022090088258,1.0,0.0005292179524386705
-119.12278129623567,0.008216022090088258,1.0,0.0005292179524386705
-119.03384139657983,0.008216161273928511,1.0,0.0005462894992915308
-118.94490149692399,0.008216161273928511,1.0,0.0005462894992915308
-118.85596159726816,0.008216578853744896,1.0,0.0005975041398501119
-118.76702169761231,0.0082167180564497,1.0,0.0006145756867029722
-118.67808179795648,0.0082167180564497,1.0,0.0006145756867029722
-118.58914189830064,0.008216857263871242,1.0,0.0006316472335558325
-118.5002019986448,0.008216857263871242,1.0,0.0006316472335558325
-118.41126209898896,0.008216857263871242,1.0,0.0006316472335558325
-118.32232219933312,0.008216996476009758,1.0,0.0006487187804086928
-118.23338229967727,0.008216996476009758,1.0,0.0006487187804086928
-118.14444240002143,0.008217135692865493,1.0,0.0006657903272615531
-118.0555025003656,0.008217135692865493,1.0,0.0006657903272615531
-117.96656260070976,0.008217135692865493,1.0,0.0006657903272615531
-117.87762270105392,0.008217135692865493,1.0,0.0006657903272615531
-117.78868280139808,0.008217135692865493,1.0,0.0006657903272615531
-117.69974290174224,0.008217135692865493,1.0,0.0006657903272615531
-117.6108030020864,0.008217274914438685,1.0,0.0006828618741144135
-117.52186310243056,0.008217274914438685,1.0,0.0006828618741144135
-117.43292320277473,0.008217274914438685,1.0,0.0006828618741144135
-117.34398330311888,0.008217274914438685,1.0,0.0006828618741144135
-117.25504340346305,0.008217414140729571,1.0,0.0006999334209672739
-117.16610350380721,0.008217414140729571,1.0,0.0006999334209672739
-117.07716360415137,0.008217414140729571,1.0,0.0006999334209672739
-116.98822370449552,0.008217553371738394,1.0,0.0007170049678201342
-116.89928380483968,0.008217553371738394,1.0,0.0007170049678201342
-116.81034390518384,0.008217553371738394,1.0,0.0007170049678201342
-116.721404005528,0.008217553371738394,1.0,0.0007170049678201342
-116.63246410587217,0.008217553371738394,1.0,0.0007170049678201342
-116.54352420621633,0.008217553371738394,1.0,0.0007170049678201342
-116.45458430656049,0.008217692607465393,1.0,0.0007340765146729945
-116.36564440690465,0.008217971093074877,1.0,0.0007682196083787152
-116.27670450724881,0.008217971093074877,1.0,0.0007682196083787152
-116.18776460759297,0.008218110342957842,1.0,0.0007852911552315756
-116.09882470793713,0.008218110342957842,1.0,0.0007852911552315756
-116.0098848082813,0.008218110342957842,1.0,0.0007852911552315756
-115.92094490862544,0.008218110342957842,1.0,0.0007852911552315756
-115.83200500896962,0.008218110342957842,1.0,0.0007852911552315756
-115.74306510931378,0.008218110342957842,1.0,0.0007852911552315756
-115.65412520965793,0.008218249597559943,1.0,0.0008023627020844359
-115.5651853100021,0.008218249597559943,1.0,0.0008023627020844359
-115.47624541034625,0.008218249597559943,1.0,0.0008023627020844359
-115.38730551069041,0.008218388856881418,1.0,0.0008194342489372962
-115.29836561103457,0.008218388856881418,1.0,0.0008194342489372962
-115.20942571137874,0.008218388856881418,1.0,0.0008194342489372962
-115.12048581172289,0.008218388856881418,1.0,0.0008194342489372962
-115.03154591206706,0.008218388856881418,1.0,0.0008194342489372962
-114.94260601241122,0.008218388856881418,1.0,0.0008194342489372962
-114.85366611275538,0.008218388856881418,1.0,0.0008194342489372962
-114.76472621309954,0.008218388856881418,1.0,0.0008194342489372962
-114.6757863134437,0.008218388856881418,1.0,0.0008194342489372962
-114.58684641378785,0.008218388856881418,1.0,0.0008194342489372962
-114.49790651413201,0.008218388856881418,1.0,0.0008194342489372962
-114.40896661447618,0.008218388856881418,1.0,0.0008194342489372962
-114.32002671482034,0.008218388856881418,1.0,0.0008194342489372962
-114.2310868151645,0.008218388856881418,1.0,0.0008194342489372962
-114.14214691550866,0.008218388856881418,1.0,0.0008194342489372962
-114.05320701585282,0.008218388856881418,1.0,0.0008194342489372962
-113.96426711619698,0.008218388856881418,1.0,0.0008194342489372962
-113.87532721654114,0.008218388856881418,1.0,0.0008194342489372962
-113.78638731688531,0.008218388856881418,1.0,0.0008194342489372962
-113.69744741722945,0.008218388856881418,1.0,0.0008194342489372962
-113.60850751757363,0.008218388856881418,1.0,0.0008194342489372962
-113.51956761791779,0.008218388856881418,1.0,0.0008194342489372962
-113.43062771826195,0.008218388856881418,1.0,0.0008194342489372962
-113.3416878186061,0.008218528120922509,1.0,0.0008365057957901565
-113.25274791895026,0.008218528120922509,1.0,0.0008365057957901565
-113.16380801929442,0.008218528120922509,1.0,0.0008365057957901565
-113.07486811963858,0.008218528120922509,1.0,0.0008365057957901565
-112.98592821998275,0.008218528120922509,1.0,0.0008365057957901565
-112.89698832032691,0.008218528120922509,1.0,0.0008365057957901565
-112.80804842067107,0.008218528120922509,1.0,0.0008365057957901565
-112.71910852101523,0.008218528120922509,1.0,0.0008365057957901565
-112.63016862135939,0.008218528120922509,1.0,0.0008365057957901565
-112.54122872170355,0.008218528120922509,1.0,0.0008365057957901565
-112.4522888220477,0.008218667389683455,1.0,0.0008535773426430169
-112.36334892239188,0.008218806663164494,1.0,0.0008706488894958773
-112.27440902273602,0.008218806663164494,1.0,0.0008706488894958773
-112.1854691230802,0.008218806663164494,1.0,0.0008706488894958773
-112.09652922342435,0.008218806663164494,1.0,0.0008706488894958773
-112.00758932376851,0.008218806663164494,1.0,0.0008706488894958773
-111.91864942411267,0.008218806663164494,1.0,0.0008706488894958773
-111.82970952445683,0.008218806663164494,1.0,0.0008706488894958773
-111.740769624801,0.00821894594136587,1.0,0.0008877204363487376
-111.65182972514515,0.00821894594136587,1.0,0.0008877204363487376
-111.56288982548932,0.00821894594136587,1.0,0.0008877204363487376
-111.47394992583347,0.00821894594136587,1.0,0.0008877204363487376
-111.38501002617764,0.00821894594136587,1.0,0.0008877204363487376
-111.2960701265218,0.00821894594136587,1.0,0.0008877204363487376
-111.20713022686596,0.00821908522428782,1.0,0.0009047919832015979
-111.11819032721012,0.008219224511930585,1.0,0.0009218635300544582
-111.02925042755427,0.008219224511930585,1.0,0.0009218635300544582
-110.94031052789845,0.008219224511930585,1.0,0.0009218635300544582
-110.85137062824259,0.008219224511930585,1.0,0.0009218635300544582
-110.76243072858676,0.008219224511930585,1.0,0.0009218635300544582
-110.67349082893092,0.008219224511930585,1.0,0.0009218635300544582
-110.58455092927508,0.008219224511930585,1.0,0.0009218635300544582
-110.49561102961924,0.00821950310137952,1.0,0.000956006623760179
-110.4066711299634,0.008219642403186171,1.0,0.0009730781706130393
-110.31773123030756,0.008219642403186171,1.0,0.0009730781706130393
-110.22879133065172,0.008219642403186171,1.0,0.0009730781706130393
-110.13985143099589,0.008219642403186171,1.0,0.0009730781706130393
-110.05091153134003,0.008219781709714595,1.0,0.0009901497174658997
-109.96197163168421,0.008219781709714595,1.0,0.0009901497174658997
-109.87303173202837,0.00822006033693773,1.0,0.0010242928111716203
-109.78409183237252,0.00822006033693773,1.0,0.0010242928111716203
-109.69515193271668,0.008220199657632921,1.0,0.0010413643580244806
-109.60621203306084,0.008220338983050848,1.0,0.001058435904877341
-109.51727213340502,0.008220338983050848,1.0,0.001058435904877341
-109.42833223374916,0.008220338983050848,1.0,0.001058435904877341
-109.33939233409333,0.008220338983050848,1.0,0.001058435904877341
-109.25045243443748,0.008220338983050848,1.0,0.001058435904877341
-109.16151253478165,0.008220338983050848,1.0,0.001058435904877341
-109.07257263512581,0.008220338983050848,1.0,0.001058435904877341
-108.98363273546997,0.008220338983050848,1.0,0.001058435904877341
-108.89469283581413,0.008220338983050848,1.0,0.001058435904877341
-108.80575293615829,0.008220338983050848,1.0,0.001058435904877341
-108.71681303650246,0.008220338983050848,1.0,0.001058435904877341
-108.6278731368466,0.008220338983050848,1.0,0.001058435904877341
-108.53893323719078,0.008220338983050848,1.0,0.001058435904877341
-108.44999333753493,0.008220338983050848,1.0,0.001058435904877341
-108.3610534378791,0.008220478313191748,1.0,0.0010755074517302013
-108.27211353822325,0.008220478313191748,1.0,0.0010755074517302013
-108.18317363856741,0.008220478313191748,1.0,0.0010755074517302013
-108.09423373891158,0.008220478313191748,1.0,0.0010755074517302013
-108.00529383925573,0.008220478313191748,1.0,0.0010755074517302013
-107.9163539395999,0.008220478313191748,1.0,0.0010755074517302013
-107.82741403994405,0.008220478313191748,1.0,0.0010755074517302013
-107.73847414028822,0.008220617648055867,1.0,0.0010925789985830616
-107.64953424063238,0.008220896331954709,1.0,0.0011267220922887822
-107.56059434097654,0.008220896331954709,1.0,0.0011267220922887822
-107.4716544413207,0.008220896331954709,1.0,0.0011267220922887822
-107.38271454166485,0.008221035680989914,1.0,0.0011437936391416425
-107.29377464200903,0.008221035680989914,1.0,0.0011437936391416425
-107.20483474235317,0.008221035680989914,1.0,0.0011437936391416425
-107.11589484269734,0.008221035680989914,1.0,0.0011437936391416425
-107.0269549430415,0.008221035680989914,1.0,0.0011437936391416425
-106.93801504338566,0.008221035680989914,1.0,0.0011437936391416425
-106.84907514372982,0.008221035680989914,1.0,0.0011437936391416425
-106.76013524407398,0.008221035680989914,1.0,0.0011437936391416425
-106.67119534441815,0.008221035680989914,1.0,0.0011437936391416425
-106.5822554447623,0.008221035680989914,1.0,0.0011437936391416425
-106.49331554510647,0.008221035680989914,1.0,0.0011437936391416425
-106.40437564545061,0.008221035680989914,1.0,0.0011437936391416425
-106.31543574579479,0.008221175034749296,1.0,0.0011608651859945029
-106.22649584613895,0.008221314393233096,1.0,0.0011779367328473634
-106.1375559464831,0.008221314393233096,1.0,0.0011779367328473634
-106.04861604682726,0.008221314393233096,1.0,0.0011779367328473634
-105.95967614717142,0.008221314393233096,1.0,0.0011779367328473634
-105.8707362475156,0.008221314393233096,1.0,0.0011779367328473634
-105.78179634785974,0.008221314393233096,1.0,0.0011779367328473634
-105.69285644820391,0.008221453756441552,1.0,0.0011950082797002237
-105.60391654854807,0.008221453756441552,1.0,0.0011950082797002237
-105.51497664889223,0.008221453756441552,1.0,0.0011950082797002237
-105.42603674923639,0.008221453756441552,1.0,0.0011950082797002237
-105.33709684958055,0.008221453756441552,1.0,0.0011950082797002237
-105.24815694992472,0.008221593124374905,1.0,0.001212079826553084
-105.15921705026886,0.008221593124374905,1.0,0.001212079826553084
-105.07027715061304,0.008221593124374905,1.0,0.001212079826553084
-104.98133725095718,0.008221732497033396,1.0,0.0012291513734059443
-104.89239735130136,0.008221732497033396,1.0,0.0012291513734059443
-104.80345745164551,0.008221732497033396,1.0,0.0012291513734059443
-104.71451755198967,0.008221732497033396,1.0,0.0012291513734059443
-104.62557765233383,0.008221732497033396,1.0,0.0012291513734059443
-104.53663775267799,0.008221732497033396,1.0,0.0012291513734059443
-104.44769785302216,0.008221732497033396,1.0,0.0012291513734059443
-104.35875795336631,0.008221732497033396,1.0,0.0012291513734059443
-104.26981805371048,0.008221871874417265,1.0,0.0012462229202588047
-104.18087815405462,0.008221871874417265,1.0,0.0012462229202588047
-104.0919382543988,0.008221871874417265,1.0,0.0012462229202588047
-104.00299835474296,0.008221871874417265,1.0,0.0012462229202588047
-103.91405845508712,0.008221871874417265,1.0,0.0012462229202588047
-103.82511855543127,0.00822201125652675,1.0,0.001263294467111665
-103.73617865577543,0.00822201125652675,1.0,0.001263294467111665
-103.6472387561196,0.008222150643362097,1.0,0.0012803660139645253
-103.55829885646375,0.008222150643362097,1.0,0.0012803660139645253
-103.46935895680792,0.008222150643362097,1.0,0.0012803660139645253
-103.38041905715208,0.008222150643362097,1.0,0.0012803660139645253
-103.29147915749624,0.008222150643362097,1.0,0.0012803660139645253
-103.2025392578404,0.008222150643362097,1.0,0.0012803660139645253
-103.11359935818456,0.008222150643362097,1.0,0.0012803660139645253
-103.02465945852873,0.008222150643362097,1.0,0.0012803660139645253
-102.93571955887288,0.008222290034923542,1.0,0.0012974375608173856
-102.84677965921705,0.008222290034923542,1.0,0.0012974375608173856
-102.7578397595612,0.008222429431211325,1.0,0.001314509107670246
-102.66889985990537,0.008222429431211325,1.0,0.001314509107670246
-102.57995996024952,0.008222429431211325,1.0,0.001314509107670246
-102.49102006059368,0.008222429431211325,1.0,0.001314509107670246
-102.40208016093784,0.008222429431211325,1.0,0.001314509107670246
-102.313140261282,0.008222429431211325,1.0,0.001314509107670246
-102.22420036162617,0.008222429431211325,1.0,0.001314509107670246
-102.13526046197032,0.008222429431211325,1.0,0.001314509107670246
-102.04632056231449,0.008222429431211325,1.0,0.001314509107670246
-101.95738066265865,0.008222429431211325,1.0,0.001314509107670246
-101.86844076300281,0.008222429431211325,1.0,0.001314509107670246
-101.77950086334697,0.008222429431211325,1.0,0.001314509107670246
-101.69056096369113,0.008222568832225689,1.0,0.0013315806545231062
-101.6016210640353,0.008222568832225689,1.0,0.0013315806545231062
-101.51268116437944,0.008222568832225689,1.0,0.0013315806545231062
-101.42374126472362,0.008222568832225689,1.0,0.0013315806545231062
-101.33480136506776,0.008222708237966872,1.0,0.0013486522013759668
-101.24586146541193,0.008222708237966872,1.0,0.0013486522013759668
-101.1569215657561,0.008222708237966872,1.0,0.0013486522013759668
-101.06798166610025,0.008222708237966872,1.0,0.0013486522013759668
-100.97904176644441,0.008222708237966872,1.0,0.0013486522013759668
-100.89010186678857,0.008222708237966872,1.0,0.0013486522013759668
-100.80116196713274,0.008222708237966872,1.0,0.0013486522013759668
-100.71222206747689,0.008222708237966872,1.0,0.0013486522013759668
-100.62328216782106,0.008222708237966872,1.0,0.0013486522013759668
-100.53434226816522,0.008222708237966872,1.0,0.0013486522013759668
-100.44540236850938,0.008222847648435117,1.0,0.001365723748228827
-100.35646246885354,0.008222847648435117,1.0,0.001365723748228827
-100.2675225691977,0.008222847648435117,1.0,0.001365723748228827
-100.17858266954187,0.008222847648435117,1.0,0.001365723748228827
-100.08964276988601,0.008222847648435117,1.0,0.001365723748228827
-100.00070287023019,0.008222847648435117,1.0,0.001365723748228827
-99.91176297057433,0.008222847648435117,1.0,0.001365723748228827
-99.8228230709185,0.008222847648435117,1.0,0.001365723748228827
-99.73388317126266,0.008222847648435117,1.0,0.001365723748228827
-99.64494327160682,0.008222847648435117,1.0,0.001365723748228827
-99.55600337195098,0.008222847648435117,1.0,0.001365723748228827
-99.46706347229514,0.008222847648435117,1.0,0.001365723748228827
-99.37812357263931,0.008222847648435117,1.0,0.001365723748228827
-99.28918367298346,0.008222847648435117,1.0,0.001365723748228827
-99.20024377332763,0.00822298706363066,1.0,0.0013827952950816874
-99.11130387367179,0.00822298706363066,1.0,0.0013827952950816874
-99.02236397401595,0.00822298706363066,1.0,0.0013827952950816874
-98.9334240743601,0.00822298706363066,1.0,0.0013827952950816874
-98.84448417470426,0.00822298706363066,1.0,0.0013827952950816874
-98.75554427504842,0.00822298706363066,1.0,0.0013827952950816874
-98.66660437539258,0.00822298706363066,1.0,0.0013827952950816874
-98.57766447573675,0.00822298706363066,1.0,0.0013827952950816874
-98.4887245760809,0.00822298706363066,1.0,0.0013827952950816874
-98.39978467642507,0.00822298706363066,1.0,0.0013827952950816874
-98.31084477676923,0.00822298706363066,1.0,0.0013827952950816874
-98.22190487711339,0.00822298706363066,1.0,0.0013827952950816874
-98.13296497745755,0.00822298706363066,1.0,0.0013827952950816874
-98.0440250778017,0.00822298706363066,1.0,0.0013827952950816874
-97.95508517814588,0.008223126483553746,1.0,0.0013998668419345477
-97.86614527849002,0.008223126483553746,1.0,0.0013998668419345477
-97.7772053788342,0.008223126483553746,1.0,0.0013998668419345477
-97.68826547917834,0.008223126483553746,1.0,0.0013998668419345477
-97.59932557952251,0.008223126483553746,1.0,0.0013998668419345477
-97.51038567986667,0.008223126483553746,1.0,0.0013998668419345477
-97.42144578021083,0.008223126483553746,1.0,0.0013998668419345477
-97.33250588055499,0.008223265908204614,1.0,0.001416938388787408
-97.24356598089915,0.008223265908204614,1.0,0.001416938388787408
-97.15462608124332,0.008223265908204614,1.0,0.001416938388787408
-97.06568618158747,0.008223405337583506,1.0,0.0014340099356402684
-96.97674628193164,0.008223405337583506,1.0,0.0014340099356402684
-96.8878063822758,0.008223405337583506,1.0,0.0014340099356402684
-96.79886648261996,0.008223405337583506,1.0,0.0014340099356402684
-96.70992658296412,0.008223405337583506,1.0,0.0014340099356402684
-96.62098668330827,0.008223405337583506,1.0,0.0014340099356402684
-96.53204678365245,0.008223405337583506,1.0,0.0014340099356402684
-96.44310688399659,0.008223405337583506,1.0,0.0014340099356402684
-96.35416698434076,0.008223405337583506,1.0,0.0014340099356402684
-96.26522708468491,0.008223405337583506,1.0,0.0014340099356402684
-96.17628718502908,0.008223405337583506,1.0,0.0014340099356402684
-96.08734728537324,0.008223405337583506,1.0,0.0014340099356402684
-95.9984073857174,0.008223405337583506,1.0,0.0014340099356402684
-95.90946748606156,0.008223405337583506,1.0,0.0014340099356402684
-95.82052758640572,0.008223405337583506,1.0,0.0014340099356402684
-95.73158768674989,0.008223405337583506,1.0,0.0014340099356402684
-95.64264778709403,0.008223405337583506,1.0,0.0014340099356402684
-95.55370788743821,0.008223405337583506,1.0,0.0014340099356402684
-95.46476798778237,0.008223544771690659,1.0,0.0014510814824931287
-95.37582808812653,0.008223544771690659,1.0,0.0014510814824931287
-95.28688818847068,0.008223544771690659,1.0,0.0014510814824931287
-95.19794828881484,0.008223684210526315,1.0,0.001468153029345989
-95.10900838915902,0.008223684210526315,1.0,0.001468153029345989
-95.02006848950316,0.008223684210526315,1.0,0.001468153029345989
-94.93112858984733,0.008223684210526315,1.0,0.001468153029345989
-94.84218869019148,0.008223684210526315,1.0,0.001468153029345989
-94.75324879053565,0.008223684210526315,1.0,0.001468153029345989
-94.66430889087981,0.008223684210526315,1.0,0.001468153029345989
-94.57536899122397,0.008223684210526315,1.0,0.001468153029345989
-94.48642909156813,0.008223684210526315,1.0,0.001468153029345989
-94.39748919191229,0.008223684210526315,1.0,0.001468153029345989
-94.30854929225646,0.008223823654090717,1.0,0.0014852245761988493
-94.2196093926006,0.008223823654090717,1.0,0.0014852245761988493
-94.13066949294478,0.008223963102384102,1.0,0.0015022961230517096
-94.04172959328893,0.008223963102384102,1.0,0.0015022961230517096
-93.9527896936331,0.008223963102384102,1.0,0.0015022961230517096
-93.86384979397725,0.008223963102384102,1.0,0.0015022961230517096
-93.77490989432141,0.008223963102384102,1.0,0.0015022961230517096
-93.68596999466558,0.008223963102384102,1.0,0.0015022961230517096
-93.59703009500973,0.008223963102384102,1.0,0.0015022961230517096
-93.5080901953539,0.008223963102384102,1.0,0.0015022961230517096
-93.41915029569805,0.008223963102384102,1.0,0.0015022961230517096
-93.33021039604222,0.008223963102384102,1.0,0.0015022961230517096
-93.24127049638638,0.00822410255540671,1.0,0.00151936766990457
-93.15233059673054,0.00822410255540671,1.0,0.00151936766990457
-93.0633906970747,0.00822410255540671,1.0,0.00151936766990457
-92.97445079741885,0.00822410255540671,1.0,0.00151936766990457
-92.88551089776303,0.00822410255540671,1.0,0.00151936766990457
-92.79657099810717,0.00822410255540671,1.0,0.00151936766990457
-92.70763109845134,0.00822410255540671,1.0,0.00151936766990457
-92.61869119879549,0.00822410255540671,1.0,0.00151936766990457
-92.52975129913966,0.00822410255540671,1.0,0.00151936766990457
-92.44081139948382,0.00822410255540671,1.0,0.00151936766990457
-92.35187149982798,0.00822410255540671,1.0,0.00151936766990457
-92.26293160017214,0.00822410255540671,1.0,0.00151936766990457
-92.1739917005163,0.00822410255540671,1.0,0.00151936766990457
-92.08505180086047,0.00822410255540671,1.0,0.00151936766990457
-91.99611190120461,0.00822410255540671,1.0,0.00151936766990457
-91.90717200154879,0.008224242013158788,1.0,0.0015364392167574305
-91.81823210189295,0.008224242013158788,1.0,0.0015364392167574305
-91.7292922022371,0.008224242013158788,1.0,0.0015364392167574305
-91.64035230258126,0.008224242013158788,1.0,0.0015364392167574305
-91.55141240292542,0.008224242013158788,1.0,0.0015364392167574305
-91.4624725032696,0.008224242013158788,1.0,0.0015364392167574305
-91.37353260361374,0.00822438147564057,1.0,0.0015535107636102908
-91.28459270395791,0.00822438147564057,1.0,0.0015535107636102908
-91.19565280430206,0.00822438147564057,1.0,0.0015535107636102908
-91.10671290464623,0.00822438147564057,1.0,0.0015535107636102908
-91.01777300499039,0.00822438147564057,1.0,0.0015535107636102908
-90.92883310533455,0.00822438147564057,1.0,0.0015535107636102908
-90.8398932056787,0.008224520942852297,1.0,0.0015705823104631511
-90.75095330602286,0.008224520942852297,1.0,0.0015705823104631511
-90.66201340636704,0.008224520942852297,1.0,0.0015705823104631511
-90.57307350671118,0.008224520942852297,1.0,0.0015705823104631511
-90.48413360705536,0.008224660414794215,1.0,0.0015876538573160114
-90.39519370739951,0.008224799891466558,1.0,0.0016047254041688718
-90.30625380774367,0.008224799891466558,1.0,0.0016047254041688718
-90.21731390808783,0.008224799891466558,1.0,0.0016047254041688718
-90.12837400843199,0.008224799891466558,1.0,0.0016047254041688718
-90.03943410877616,0.008224799891466558,1.0,0.0016047254041688718
-89.95049420912031,0.008224799891466558,1.0,0.0016047254041688718
-89.86155430946448,0.008224799891466558,1.0,0.0016047254041688718
-89.77261440980863,0.008224799891466558,1.0,0.0016047254041688718
-89.6836745101528,0.008224799891466558,1.0,0.0016047254041688718
-89.59473461049696,0.008224799891466558,1.0,0.0016047254041688718
-89.50579471084112,0.008224799891466558,1.0,0.0016047254041688718
-89.41685481118527,0.008224799891466558,1.0,0.0016047254041688718
-89.32791491152943,0.008224799891466558,1.0,0.0016047254041688718
-89.2389750118736,0.008224799891466558,1.0,0.0016047254041688718
-89.15003511221775,0.008224799891466558,1.0,0.0016047254041688718
-89.06109521256192,0.00822493937286957,1.0,0.001621796951021732
-88.97215531290608,0.00822493937286957,1.0,0.001621796951021732
-88.88321541325024,0.00822493937286957,1.0,0.001621796951021732
-88.7942755135944,0.00822493937286957,1.0,0.001621796951021732
-88.70533561393856,0.00822493937286957,1.0,0.001621796951021732
-88.61639571428273,0.00822493937286957,1.0,0.001621796951021732
-88.52745581462688,0.00822493937286957,1.0,0.001621796951021732
-88.43851591497105,0.00822493937286957,1.0,0.001621796951021732
-88.3495760153152,0.00822493937286957,1.0,0.001621796951021732
-88.26063611565937,0.00822493937286957,1.0,0.001621796951021732
-88.17169621600353,0.00822493937286957,1.0,0.001621796951021732
-88.08275631634768,0.00822493937286957,1.0,0.001621796951021732
-87.99381641669184,0.00822493937286957,1.0,0.001621796951021732
-87.904876517036,0.00822493937286957,1.0,0.001621796951021732
-87.81593661738017,0.00822493937286957,1.0,0.001621796951021732
-87.72699671772432,0.00822493937286957,1.0,0.001621796951021732
-87.63805681806849,0.00822493937286957,1.0,0.001621796951021732
-87.54911691841265,0.00822493937286957,1.0,0.001621796951021732
-87.46017701875681,0.00822493937286957,1.0,0.001621796951021732
-87.37123711910097,0.008225078859003494,1.0,0.0016388684978745924
-87.28229721944513,0.008225078859003494,1.0,0.0016388684978745924
-87.19335731978929,0.008225078859003494,1.0,0.0016388684978745924
-87.10441742013344,0.008225218349868566,1.0,0.0016559400447274527
-87.01547752047762,0.008225218349868566,1.0,0.0016559400447274527
-86.92653762082176,0.008225218349868566,1.0,0.0016559400447274527
-86.83759772116593,0.008225218349868566,1.0,0.0016559400447274527
-86.7486578215101,0.008225218349868566,1.0,0.0016559400447274527
-86.65971792185425,0.008225218349868566,1.0,0.0016559400447274527
-86.57077802219841,0.008225218349868566,1.0,0.0016559400447274527
-86.48183812254257,0.008225218349868566,1.0,0.0016559400447274527
-86.39289822288674,0.008225218349868566,1.0,0.0016559400447274527
-86.30395832323089,0.008225218349868566,1.0,0.0016559400447274527
-86.21501842357506,0.008225218349868566,1.0,0.0016559400447274527
-86.1260785239192,0.008225218349868566,1.0,0.0016559400447274527
-86.03713862426338,0.008225218349868566,1.0,0.0016559400447274527
-85.94819872460754,0.008225218349868566,1.0,0.0016559400447274527
-85.8592588249517,0.008225218349868566,1.0,0.0016559400447274527
-85.77031892529585,0.008225218349868566,1.0,0.0016559400447274527
-85.68137902564001,0.008225357845465029,1.0,0.001673011591580313
-85.59243912598419,0.008225357845465029,1.0,0.001673011591580313
-85.50349922632833,0.008225357845465029,1.0,0.001673011591580313
-85.4145593266725,0.008225497345793125,1.0,0.0016900831384331733
-85.32561942701666,0.008225497345793125,1.0,0.0016900831384331733
-85.23667952736082,0.008225497345793125,1.0,0.0016900831384331733
-85.14773962770498,0.008225497345793125,1.0,0.0016900831384331733
-85.05879972804914,0.008225636850853093,1.0,0.0017071546852860339
-84.96985982839331,0.008225636850853093,1.0,0.0017071546852860339
-84.88091992873746,0.008225636850853093,1.0,0.0017071546852860339
-84.79198002908163,0.008225636850853093,1.0,0.0017071546852860339
-84.70304012942577,0.008225776360645172,1.0,0.0017242262321388942
-84.61410022976995,0.008225776360645172,1.0,0.0017242262321388942
-84.5251603301141,0.008225776360645172,1.0,0.0017242262321388942
-84.43622043045826,0.008225776360645172,1.0,0.0017242262321388942
-84.34728053080242,0.008225776360645172,1.0,0.0017242262321388942
-84.25834063114658,0.008225776360645172,1.0,0.0017242262321388942
-84.16940073149075,0.008225776360645172,1.0,0.0017242262321388942
-84.0804608318349,0.008225776360645172,1.0,0.0017242262321388942
-83.99152093217907,0.008225776360645172,1.0,0.0017242262321388942
-83.90258103252323,0.008225776360645172,1.0,0.0017242262321388942
-83.81364113286739,0.008225776360645172,1.0,0.0017242262321388942
-83.72470123321155,0.008225776360645172,1.0,0.0017242262321388942
-83.6357613335557,0.008225776360645172,1.0,0.0017242262321388942
-83.54682143389988,0.008225776360645172,1.0,0.0017242262321388942
-83.45788153424402,0.008225776360645172,1.0,0.0017242262321388942
-83.3689416345882,0.008225776360645172,1.0,0.0017242262321388942
-83.28000173493234,0.008225776360645172,1.0,0.0017242262321388942
-83.19106183527651,0.008225776360645172,1.0,0.0017242262321388942
-83.10212193562067,0.008225776360645172,1.0,0.0017242262321388942
-83.01318203596483,0.008226055394426635,1.0,0.0017583693258446148
-82.92424213630899,0.008226055394426635,1.0,0.0017583693258446148
-82.83530223665315,0.008226055394426635,1.0,0.0017583693258446148
-82.74636233699732,0.0082261949184165,1.0,0.0017754408726974751
-82.65742243734147,0.0082261949184165,1.0,0.0017754408726974751
-82.56848253768564,0.0082261949184165,1.0,0.0017754408726974751
-82.4795426380298,0.0082261949184165,1.0,0.0017754408726974751
-82.39060273837396,0.0082261949184165,1.0,0.0017754408726974751
-82.30166283871812,0.0082261949184165,1.0,0.0017754408726974751
-82.21272293906227,0.00822633444713944,1.0,0.0017925124195503355
-82.12378303940645,0.00822633444713944,1.0,0.0017925124195503355
-82.03484313975059,0.00822633444713944,1.0,0.0017925124195503355
-81.94590324009476,0.00822633444713944,1.0,0.0017925124195503355
-81.85696334043891,0.00822633444713944,1.0,0.0017925124195503355
-81.76802344078308,0.00822633444713944,1.0,0.0017925124195503355
-81.67908354112724,0.00822633444713944,1.0,0.0017925124195503355
-81.5901436414714,0.00822633444713944,1.0,0.0017925124195503355
-81.50120374181556,0.00822633444713944,1.0,0.0017925124195503355
-81.41226384215972,0.00822633444713944,1.0,0.0017925124195503355
-81.32332394250389,0.00822633444713944,1.0,0.0017925124195503355
-81.23438404284803,0.00822633444713944,1.0,0.0017925124195503355
-81.14544414319221,0.00822633444713944,1.0,0.0017925124195503355
-81.05650424353635,0.00822633444713944,1.0,0.0017925124195503355
-80.96756434388053,0.00822633444713944,1.0,0.0017925124195503355
-80.87862444422468,0.00822633444713944,1.0,0.0017925124195503355
-80.78968454456884,0.00822633444713944,1.0,0.0017925124195503355
-80.700744644913,0.00822633444713944,1.0,0.0017925124195503355
-80.61180474525716,0.00822633444713944,1.0,0.0017925124195503355
-80.52286484560133,0.00822633444713944,1.0,0.0017925124195503355
-80.43392494594549,0.008226473980595698,1.0,0.0018095839664031958
-80.34498504628965,0.008226473980595698,1.0,0.0018095839664031958
-80.25604514663381,0.008226473980595698,1.0,0.0018095839664031958
-80.16710524697797,0.008226473980595698,1.0,0.0018095839664031958
-80.07816534732213,0.008226473980595698,1.0,0.0018095839664031958
-79.98922544766629,0.008226473980595698,1.0,0.0018095839664031958
-79.90028554801044,0.008226613518785515,1.0,0.001826655513256056
-79.8113456483546,0.008226613518785515,1.0,0.001826655513256056
-79.72240574869878,0.008226613518785515,1.0,0.001826655513256056
-79.63346584904293,0.008226613518785515,1.0,0.001826655513256056
-79.5445259493871,0.008226613518785515,1.0,0.001826655513256056
-79.45558604973125,0.008226613518785515,1.0,0.001826655513256056
-79.36664615007541,0.008226613518785515,1.0,0.001826655513256056
-79.27770625041957,0.008226613518785515,1.0,0.001826655513256056
-79.18876635076373,0.008226613518785515,1.0,0.001826655513256056
-79.09982645110789,0.008226613518785515,1.0,0.001826655513256056
-79.01088655145206,0.008226613518785515,1.0,0.001826655513256056
-78.92194665179622,0.008226613518785515,1.0,0.001826655513256056
-78.83300675214038,0.008226613518785515,1.0,0.001826655513256056
-78.74406685248454,0.008226613518785515,1.0,0.001826655513256056
-78.6551269528287,0.008226613518785515,1.0,0.001826655513256056
-78.56618705317285,0.008226613518785515,1.0,0.001826655513256056
-78.47724715351701,0.008226613518785515,1.0,0.001826655513256056
-78.38830725386117,0.008226613518785515,1.0,0.001826655513256056
-78.29936735420534,0.008226613518785515,1.0,0.001826655513256056
-78.2104274545495,0.008226613518785515,1.0,0.001826655513256056
-78.12148755489366,0.008226613518785515,1.0,0.001826655513256056
-78.03254765523782,0.008226613518785515,1.0,0.001826655513256056
-77.94360775558198,0.008226613518785515,1.0,0.001826655513256056
-77.85466785592614,0.008226613518785515,1.0,0.001826655513256056
-77.7657279562703,0.008226613518785515,1.0,0.001826655513256056
-77.67678805661446,0.008226613518785515,1.0,0.001826655513256056
-77.58784815695863,0.008226613518785515,1.0,0.001826655513256056
-77.49890825730279,0.008226613518785515,1.0,0.001826655513256056
-77.40996835764695,0.008226613518785515,1.0,0.001826655513256056
-77.3210284579911,0.008226613518785515,1.0,0.001826655513256056
-77.23208855833526,0.008226613518785515,1.0,0.001826655513256056
-77.14314865867942,0.008226613518785515,1.0,0.001826655513256056
-77.05420875902358,0.008226613518785515,1.0,0.001826655513256056
-76.96526885936774,0.008226613518785515,1.0,0.001826655513256056
-76.87632895971191,0.008226613518785515,1.0,0.001826655513256056
-76.78738906005607,0.008226613518785515,1.0,0.001826655513256056
-76.69844916040023,0.008226613518785515,1.0,0.001826655513256056
-76.60950926074439,0.008226613518785515,1.0,0.001826655513256056
-76.52056936108855,0.008226613518785515,1.0,0.001826655513256056
-76.4316294614327,0.008226613518785515,1.0,0.001826655513256056
-76.34268956177687,0.008226613518785515,1.0,0.001826655513256056
-76.25374966212102,0.008226613518785515,1.0,0.001826655513256056
-76.16480976246518,0.008226613518785515,1.0,0.001826655513256056
-76.07586986280936,0.008226613518785515,1.0,0.001826655513256056
-75.98692996315351,0.008226613518785515,1.0,0.001826655513256056
-75.89799006349767,0.008226613518785515,1.0,0.001826655513256056
-75.80905016384183,0.008226613518785515,1.0,0.001826655513256056
-75.72011026418599,0.008226613518785515,1.0,0.001826655513256056
-75.63117036453015,0.008226613518785515,1.0,0.001826655513256056
-75.54223046487431,0.008226613518785515,1.0,0.001826655513256056
-75.45329056521847,0.008226613518785515,1.0,0.001826655513256056
-75.36435066556264,0.008226613518785515,1.0,0.001826655513256056
-75.2754107659068,0.008226613518785515,1.0,0.001826655513256056
-75.18647086625096,0.008226613518785515,1.0,0.001826655513256056
-75.09753096659512,0.008226613518785515,1.0,0.001826655513256056
-75.00859106693927,0.008226613518785515,1.0,0.001826655513256056
-74.91965116728343,0.008226613518785515,1.0,0.001826655513256056
-74.83071126762759,0.008226613518785515,1.0,0.001826655513256056
-74.74177136797175,0.008226613518785515,1.0,0.001826655513256056
-74.65283146831592,0.008226613518785515,1.0,0.001826655513256056
-74.56389156866008,0.008226613518785515,1.0,0.001826655513256056
-74.47495166900424,0.008226613518785515,1.0,0.001826655513256056
-74.3860117693484,0.008226613518785515,1.0,0.001826655513256056
-74.29707186969256,0.008226613518785515,1.0,0.001826655513256056
-74.20813197003672,0.008226613518785515,1.0,0.001826655513256056
-74.11919207038088,0.008226613518785515,1.0,0.001826655513256056
-74.03025217072503,0.008226613518785515,1.0,0.001826655513256056
-73.94131227106921,0.008226613518785515,1.0,0.001826655513256056
-73.85237237141337,0.008226613518785515,1.0,0.001826655513256056
-73.76343247175753,0.008226613518785515,1.0,0.001826655513256056
-73.67449257210168,0.008226613518785515,1.0,0.001826655513256056
-73.58555267244584,0.008226613518785515,1.0,0.001826655513256056
-73.49661277279,0.008226613518785515,1.0,0.001826655513256056
-73.40767287313416,0.008226613518785515,1.0,0.001826655513256056
-73.31873297347832,0.008226613518785515,1.0,0.001826655513256056
-73.22979307382249,0.008226613518785515,1.0,0.001826655513256056
-73.14085317416665,0.008226613518785515,1.0,0.001826655513256056
-73.05191327451081,0.008226613518785515,1.0,0.001826655513256056
-72.96297337485497,0.008226613518785515,1.0,0.001826655513256056
-72.87403347519913,0.008226613518785515,1.0,0.001826655513256056
-72.78509357554329,0.008226613518785515,1.0,0.001826655513256056
-72.69615367588744,0.008226613518785515,1.0,0.001826655513256056
-72.6072137762316,0.008226613518785515,1.0,0.001826655513256056
-72.51827387657578,0.008226613518785515,1.0,0.001826655513256056
-72.42933397691993,0.008226613518785515,1.0,0.001826655513256056
-72.3403940772641,0.008226613518785515,1.0,0.001826655513256056
-72.25145417760825,0.008226613518785515,1.0,0.001826655513256056
-72.16251427795241,0.008226613518785515,1.0,0.001826655513256056
-72.07357437829657,0.008226613518785515,1.0,0.001826655513256056
-71.98463447864073,0.008226613518785515,1.0,0.001826655513256056
-71.89569457898489,0.008226613518785515,1.0,0.001826655513256056
-71.80675467932906,0.008226613518785515,1.0,0.001826655513256056
-71.71781477967322,0.008226613518785515,1.0,0.001826655513256056
-71.62887488001738,0.008226613518785515,1.0,0.001826655513256056
-71.53993498036154,0.008226613518785515,1.0,0.001826655513256056
-71.4509950807057,0.008226613518785515,1.0,0.001826655513256056
-71.36205518104985,0.008226613518785515,1.0,0.001826655513256056
-71.27311528139401,0.008226613518785515,1.0,0.001826655513256056
-71.18417538173817,0.008226613518785515,1.0,0.001826655513256056
-71.09523548208234,0.008226613518785515,1.0,0.001826655513256056
-71.0062955824265,0.008226613518785515,1.0,0.001826655513256056
-70.91735568277066,0.008226613518785515,1.0,0.001826655513256056
-70.82841578311482,0.008226613518785515,1.0,0.001826655513256056
-70.73947588345898,0.008226613518785515,1.0,0.001826655513256056
-70.65053598380314,0.008226613518785515,1.0,0.001826655513256056
-70.5615960841473,0.008226613518785515,1.0,0.001826655513256056
-70.47265618449146,0.008226613518785515,1.0,0.001826655513256056
-70.38371628483561,0.008226613518785515,1.0,0.001826655513256056
-70.29477638517979,0.008226613518785515,1.0,0.001826655513256056
-70.20583648552395,0.008226613518785515,1.0,0.001826655513256056
-70.1168965858681,0.008226613518785515,1.0,0.001826655513256056
-70.02795668621226,0.008226613518785515,1.0,0.001826655513256056
-69.93901678655642,0.008226613518785515,1.0,0.001826655513256056
-69.85007688690058,0.008226613518785515,1.0,0.001826655513256056
-69.76113698724474,0.008226613518785515,1.0,0.001826655513256056
-69.6721970875889,0.008226613518785515,1.0,0.001826655513256056
-69.58325718793307,0.008226753061709129,1.0,0.0018437270601089164
-69.49431728827723,0.008226753061709129,1.0,0.0018437270601089164
-69.40537738862139,0.008226753061709129,1.0,0.0018437270601089164
-69.31643748896555,0.008226753061709129,1.0,0.0018437270601089164
-69.2274975893097,0.008226753061709129,1.0,0.0018437270601089164
-69.13855768965387,0.008226753061709129,1.0,0.0018437270601089164
-69.04961778999802,0.008226753061709129,1.0,0.0018437270601089164
-68.96067789034218,0.008226753061709129,1.0,0.0018437270601089164
-68.87173799068636,0.008226753061709129,1.0,0.0018437270601089164
-68.78279809103051,0.008226753061709129,1.0,0.0018437270601089164
-68.69385819137467,0.008226753061709129,1.0,0.0018437270601089164
-68.60491829171883,0.008226753061709129,1.0,0.0018437270601089164
-68.51597839206299,0.008226753061709129,1.0,0.0018437270601089164
-68.42703849240715,0.008226753061709129,1.0,0.0018437270601089164
-68.33809859275131,0.008226753061709129,1.0,0.0018437270601089164
-68.24915869309547,0.008226753061709129,1.0,0.0018437270601089164
-68.16021879343964,0.008226753061709129,1.0,0.0018437270601089164
-68.0712788937838,0.008226753061709129,1.0,0.0018437270601089164
-67.98233899412796,0.008226753061709129,1.0,0.0018437270601089164
-67.89339909447212,0.008226753061709129,1.0,0.0018437270601089164
-67.80445919481627,0.008226753061709129,1.0,0.0018437270601089164
-67.71551929516043,0.008226753061709129,1.0,0.0018437270601089164
-67.62657939550459,0.008226753061709129,1.0,0.0018437270601089164
-67.53763949584875,0.008226753061709129,1.0,0.0018437270601089164
-67.44869959619292,0.008226753061709129,1.0,0.0018437270601089164
-67.35975969653708,0.008226753061709129,1.0,0.0018437270601089164
-67.27081979688124,0.008226753061709129,1.0,0.0018437270601089164
-67.1818798972254,0.008226753061709129,1.0,0.0018437270601089164
-67.09293999756956,0.008226753061709129,1.0,0.0018437270601089164
-67.00400009791372,0.008226753061709129,1.0,0.0018437270601089164
-66.91506019825788,0.008226753061709129,1.0,0.0018437270601089164
-66.82612029860204,0.008226753061709129,1.0,0.0018437270601089164
-66.73718039894621,0.008226753061709129,1.0,0.0018437270601089164
-66.64824049929037,0.008226753061709129,1.0,0.0018437270601089164
-66.55930059963453,0.008226753061709129,1.0,0.0018437270601089164
-66.47036069997868,0.008226753061709129,1.0,0.0018437270601089164
-66.38142080032284,0.008226753061709129,1.0,0.0018437270601089164
-66.292480900667,0.008226753061709129,1.0,0.0018437270601089164
-66.20354100101116,0.008226753061709129,1.0,0.0018437270601089164
-66.11460110135532,0.008226753061709129,1.0,0.0018437270601089164
-66.02566120169949,0.008226753061709129,1.0,0.0018437270601089164
-65.93672130204365,0.008226753061709129,1.0,0.0018437270601089164
-65.84778140238781,0.008226753061709129,1.0,0.0018437270601089164
-65.75884150273197,0.008226753061709129,1.0,0.0018437270601089164
-65.66990160307613,0.008226753061709129,1.0,0.0018437270601089164
-65.58096170342029,0.008226753061709129,1.0,0.0018437270601089164
-65.49202180376444,0.008226753061709129,1.0,0.0018437270601089164
-65.4030819041086,0.008226753061709129,1.0,0.0018437270601089164
-65.31414200445278,0.008226753061709129,1.0,0.0018437270601089164
-65.22520210479694,0.008226753061709129,1.0,0.0018437270601089164
-65.1362622051411,0.008226753061709129,1.0,0.0018437270601089164
-65.04732230548525,0.008226753061709129,1.0,0.0018437270601089164
-64.95838240582941,0.008226753061709129,1.0,0.0018437270601089164
-64.86944250617357,0.008226753061709129,1.0,0.0018437270601089164
-64.78050260651773,0.008226892609366784,1.0,0.0018607986069617767
-64.69156270686189,0.008226892609366784,1.0,0.0018607986069617767
-64.60262280720605,0.008226892609366784,1.0,0.0018607986069617767
-64.51368290755022,0.008226892609366784,1.0,0.0018607986069617767
-64.42474300789438,0.008226892609366784,1.0,0.0018607986069617767
-64.33580310823854,0.008226892609366784,1.0,0.0018607986069617767
-64.2468632085827,0.008226892609366784,1.0,0.0018607986069617767
-64.15792330892685,0.008226892609366784,1.0,0.0018607986069617767
-64.06898340927101,0.008226892609366784,1.0,0.0018607986069617767
-63.98004350961517,0.008226892609366784,1.0,0.0018607986069617767
-63.89110360995933,0.008226892609366784,1.0,0.0018607986069617767
-63.8021637103035,0.008226892609366784,1.0,0.0018607986069617767
-63.71322381064766,0.008226892609366784,1.0,0.0018607986069617767
-63.62428391099182,0.008226892609366784,1.0,0.0018607986069617767
-63.53534401133598,0.008226892609366784,1.0,0.0018607986069617767
-63.44640411168014,0.008226892609366784,1.0,0.0018607986069617767
-63.3574642120243,0.008226892609366784,1.0,0.0018607986069617767
-63.268524312368456,0.008226892609366784,1.0,0.0018607986069617767
-63.179584412712614,0.008226892609366784,1.0,0.0018607986069617767
-63.09064451305679,0.008226892609366784,1.0,0.0018607986069617767
-63.001704613400946,0.008226892609366784,1.0,0.0018607986069617767
-62.912764713745105,0.008226892609366784,1.0,0.0018607986069617767
-62.823824814089264,0.008226892609366784,1.0,0.0018607986069617767
-62.73488491443342,0.008226892609366784,1.0,0.0018607986069617767
-62.64594501477758,0.008226892609366784,1.0,0.0018607986069617767
-62.55700511512174,0.008226892609366784,1.0,0.0018607986069617767
-62.4680652154659,0.008226892609366784,1.0,0.0018607986069617767
-62.37912531581007,0.008226892609366784,1.0,0.0018607986069617767
-62.29018541615423,0.008226892609366784,1.0,0.0018607986069617767
-62.20124551649839,0.008226892609366784,1.0,0.0018607986069617767
-62.11230561684255,0.008226892609366784,1.0,0.0018607986069617767
-62.02336571718671,0.008226892609366784,1.0,0.0018607986069617767
-61.934425817530865,0.008226892609366784,1.0,0.0018607986069617767
-61.845485917875024,0.008226892609366784,1.0,0.0018607986069617767
-61.75654601821918,0.00822703216175872,1.0,0.001877870153814637
-61.667606118563356,0.00822703216175872,1.0,0.001877870153814637
-61.578666218907514,0.00822703216175872,1.0,0.001877870153814637
-61.48972631925167,0.00822703216175872,1.0,0.001877870153814637
-61.40078641959583,0.00822703216175872,1.0,0.001877870153814637
-61.31184651993999,0.00822703216175872,1.0,0.001877870153814637
-61.22290662028415,0.00822703216175872,1.0,0.001877870153814637
-61.13396672062831,0.00822703216175872,1.0,0.001877870153814637
-61.04502682097247,0.00822703216175872,1.0,0.001877870153814637
-60.95608692131664,0.00822703216175872,1.0,0.001877870153814637
-60.8671470216608,0.00822703216175872,1.0,0.001877870153814637
-60.77820712200496,0.00822703216175872,1.0,0.001877870153814637
-60.689267222349116,0.00822703216175872,1.0,0.001877870153814637
-60.600327322693275,0.00822703216175872,1.0,0.001877870153814637
-60.511387423037434,0.00822703216175872,1.0,0.001877870153814637
-60.42244752338159,0.00822703216175872,1.0,0.001877870153814637
-60.33350762372575,0.00822703216175872,1.0,0.001877870153814637
-60.244567724069924,0.00822703216175872,1.0,0.001877870153814637
-60.15562782441408,0.00822703216175872,1.0,0.001877870153814637
-60.06668792475824,0.00822703216175872,1.0,0.001877870153814637
-59.9777480251024,0.00822703216175872,1.0,0.001877870153814637
-59.88880812544656,0.00822703216175872,1.0,0.001877870153814637
-59.79986822579072,0.00822703216175872,1.0,0.001877870153814637
-59.710928326134876,0.00822703216175872,1.0,0.001877870153814637
-59.621988426479035,0.00822703216175872,1.0,0.001877870153814637
-59.53304852682321,0.00822703216175872,1.0,0.001877870153814637
-59.44410862716737,0.00822703216175872,1.0,0.001877870153814637
-59.355168727511526,0.00822703216175872,1.0,0.001877870153814637
-59.266228827855684,0.00822703216175872,1.0,0.001877870153814637
-59.17728892819984,0.008227171718885175,1.0,0.0018949417006674976
-59.088349028544,0.008227171718885175,1.0,0.0018949417006674976
-58.99940912888816,0.008227171718885175,1.0,0.0018949417006674976
-58.91046922923232,0.008227171718885175,1.0,0.0018949417006674976
-58.82152932957648,0.008227171718885175,1.0,0.0018949417006674976
-58.73258942992065,0.008227171718885175,1.0,0.0018949417006674976
-58.64364953026481,0.008227171718885175,1.0,0.0018949417006674976
-58.55470963060897,0.008227171718885175,1.0,0.0018949417006674976
-58.46576973095313,0.008227171718885175,1.0,0.0018949417006674976
-58.376829831297286,0.008227171718885175,1.0,0.0018949417006674976
-58.287889931641445,0.008227171718885175,1.0,0.0018949417006674976
-58.1989500319856,0.008227171718885175,1.0,0.0018949417006674976
-58.11001013232976,0.008227171718885175,1.0,0.0018949417006674976
-58.021070232673935,0.008227171718885175,1.0,0.0018949417006674976
-57.932130333018094,0.008227171718885175,1.0,0.0018949417006674976
-57.84319043336225,0.008227311280746396,1.0,0.001912013247520358
-57.75425053370641,0.008227311280746396,1.0,0.001912013247520358
-57.66531063405057,0.008227311280746396,1.0,0.001912013247520358
-57.57637073439473,0.008227311280746396,1.0,0.001912013247520358
-57.48743083473889,0.008227311280746396,1.0,0.001912013247520358
-57.398490935083046,0.008227311280746396,1.0,0.001912013247520358
-57.30955103542722,0.008227311280746396,1.0,0.001912013247520358
-57.22061113577138,0.008227311280746396,1.0,0.001912013247520358
-57.13167123611554,0.008227311280746396,1.0,0.001912013247520358
-57.042731336459696,0.008227311280746396,1.0,0.001912013247520358
-56.953791436803854,0.008227311280746396,1.0,0.001912013247520358
-56.86485153714801,0.008227311280746396,1.0,0.001912013247520358
-56.77591163749217,0.008227311280746396,1.0,0.001912013247520358
-56.68697173783633,0.008227311280746396,1.0,0.001912013247520358
-56.5980318381805,0.008227311280746396,1.0,0.001912013247520358
-56.50909193852466,0.008227311280746396,1.0,0.001912013247520358
-56.42015203886882,0.008227311280746396,1.0,0.001912013247520358
-56.33121213921298,0.008227311280746396,1.0,0.001912013247520358
-56.24227223955714,0.008227311280746396,1.0,0.001912013247520358
-56.1533323399013,0.008227311280746396,1.0,0.001912013247520358
-56.064392440245456,0.008227311280746396,1.0,0.001912013247520358
-55.975452540589615,0.008227311280746396,1.0,0.001912013247520358
-55.88651264093379,0.008227311280746396,1.0,0.001912013247520358
-55.797572741277946,0.008227311280746396,1.0,0.001912013247520358
-55.708632841622105,0.008227311280746396,1.0,0.001912013247520358
-55.619692941966264,0.008227311280746396,1.0,0.001912013247520358
-55.53075304231042,0.008227311280746396,1.0,0.001912013247520358
-55.44181314265458,0.008227311280746396,1.0,0.001912013247520358
-55.35287324299874,0.008227311280746396,1.0,0.001912013247520358
-55.2639333433429,0.008227311280746396,1.0,0.001912013247520358
-55.17499344368707,0.008227311280746396,1.0,0.001912013247520358
-55.08605354403123,0.008227311280746396,1.0,0.001912013247520358
-54.99711364437539,0.008227450847342619,1.0,0.0019290847943732182
-54.90817374471955,0.008227450847342619,1.0,0.0019290847943732182
-54.81923384506371,0.008227450847342619,1.0,0.0019290847943732182
-54.730293945407865,0.008227450847342619,1.0,0.0019290847943732182
-54.641354045752024,0.008227450847342619,1.0,0.0019290847943732182
-54.55241414609618,0.008227450847342619,1.0,0.0019290847943732182
-54.463474246440356,0.008227450847342619,1.0,0.0019290847943732182
-54.374534346784515,0.008227450847342619,1.0,0.0019290847943732182
-54.28559444712867,0.008227450847342619,1.0,0.0019290847943732182
-54.19665454747283,0.008227450847342619,1.0,0.0019290847943732182
-54.10771464781699,0.008227450847342619,1.0,0.0019290847943732182
-54.01877474816115,0.008227450847342619,1.0,0.0019290847943732182
-53.92983484850531,0.008227450847342619,1.0,0.0019290847943732182
-53.84089494884947,0.008227590418674085,1.0,0.0019461563412260785
-53.75195504919364,0.008227590418674085,1.0,0.0019461563412260785
-53.6630151495378,0.008227590418674085,1.0,0.0019461563412260785
-53.57407524988196,0.008227590418674085,1.0,0.0019461563412260785
-53.485135350226116,0.008227590418674085,1.0,0.0019461563412260785
-53.396195450570275,0.008227590418674085,1.0,0.0019461563412260785
-53.307255550914434,0.008227590418674085,1.0,0.0019461563412260785
-53.21831565125859,0.008227590418674085,1.0,0.0019461563412260785
-53.12937575160275,0.008227590418674085,1.0,0.0019461563412260785
-53.04043585194691,0.008227590418674085,1.0,0.0019461563412260785
-52.95149595229108,0.008227590418674085,1.0,0.0019461563412260785
-52.86255605263524,0.008227590418674085,1.0,0.0019461563412260785
-52.7736161529794,0.008227590418674085,1.0,0.0019461563412260785
-52.68467625332356,0.008227590418674085,1.0,0.0019461563412260785
-52.59573635366772,0.008227590418674085,1.0,0.0019461563412260785
-52.50679645401188,0.008227590418674085,1.0,0.0019461563412260785
-52.417856554356035,0.008227590418674085,1.0,0.0019461563412260785
-52.328916654700194,0.008227590418674085,1.0,0.0019461563412260785
-52.23997675504437,0.008227590418674085,1.0,0.0019461563412260785
-52.151036855388526,0.008227590418674085,1.0,0.0019461563412260785
-52.062096955732684,0.008227590418674085,1.0,0.0019461563412260785
-51.97315705607684,0.008227590418674085,1.0,0.0019461563412260785
-51.884217156421,0.008227590418674085,1.0,0.0019461563412260785
-51.79527725676516,0.00822772999474104,1.0,0.0019632278880789386
-51.70633735710932,0.00822772999474104,1.0,0.0019632278880789386
-51.61739745745348,0.00822772999474104,1.0,0.0019632278880789386
-51.52845755779765,0.00822772999474104,1.0,0.0019632278880789386
-51.43951765814181,0.00822772999474104,1.0,0.0019632278880789386
-51.35057775848597,0.00822772999474104,1.0,0.0019632278880789386
-51.26163785883013,0.00822772999474104,1.0,0.0019632278880789386
-51.172697959174286,0.00822772999474104,1.0,0.0019632278880789386
-51.083758059518445,0.00822772999474104,1.0,0.0019632278880789386
-50.994818159862604,0.00822772999474104,1.0,0.0019632278880789386
-50.90587826020676,0.00822772999474104,1.0,0.0019632278880789386
-50.816938360550935,0.00822772999474104,1.0,0.0019632278880789386
-50.727998460895094,0.00822772999474104,1.0,0.0019632278880789386
-50.63905856123925,0.00822772999474104,1.0,0.0019632278880789386
-50.55011866158341,0.00822772999474104,1.0,0.0019632278880789386
-50.46117876192757,0.00822772999474104,1.0,0.0019632278880789386
-50.37223886227173,0.00822772999474104,1.0,0.0019632278880789386
-50.28329896261589,0.00822772999474104,1.0,0.0019632278880789386
-50.19435906296005,0.00822772999474104,1.0,0.0019632278880789386
-50.10541916330422,0.00822772999474104,1.0,0.0019632278880789386
-50.01647926364838,0.00822772999474104,1.0,0.0019632278880789386
-49.92753936399254,0.00822772999474104,1.0,0.0019632278880789386
-49.838599464336696,0.00822772999474104,1.0,0.0019632278880789386
-49.749659564680854,0.00822772999474104,1.0,0.0019632278880789386
-49.66071966502501,0.00822772999474104,1.0,0.0019632278880789386
-49.57177976536917,0.00822772999474104,1.0,0.0019632278880789386
-49.48283986571333,0.00822772999474104,1.0,0.0019632278880789386
-49.3938999660575,0.00822772999474104,1.0,0.0019632278880789386
-49.30496006640166,0.00822772999474104,1.0,0.0019632278880789386
-49.21602016674582,0.00822772999474104,1.0,0.0019632278880789386
-49.12708026708998,0.00822772999474104,1.0,0.0019632278880789386
-49.03814036743414,0.00822772999474104,1.0,0.0019632278880789386
-48.9492004677783,0.00822772999474104,1.0,0.0019632278880789386
-48.860260568122456,0.00822772999474104,1.0,0.0019632278880789386
-48.771320668466615,0.00822772999474104,1.0,0.0019632278880789386
-48.68238076881079,0.00822772999474104,1.0,0.0019632278880789386
-48.593440869154946,0.00822772999474104,1.0,0.0019632278880789386
-48.504500969499105,0.00822772999474104,1.0,0.0019632278880789386
-48.415561069843264,0.00822772999474104,1.0,0.0019632278880789386
-48.32662117018742,0.008227869575543717,1.0,0.0019802994349317994
-48.23768127053158,0.008227869575543717,1.0,0.0019802994349317994
-48.14874137087574,0.008227869575543717,1.0,0.0019802994349317994
-48.0598014712199,0.008227869575543717,1.0,0.0019802994349317994
-47.97086157156407,0.008227869575543717,1.0,0.0019802994349317994
-47.88192167190823,0.008227869575543717,1.0,0.0019802994349317994
-47.79298177225239,0.008227869575543717,1.0,0.0019802994349317994
-47.70404187259655,0.008227869575543717,1.0,0.0019802994349317994
-47.61510197294071,0.008227869575543717,1.0,0.0019802994349317994
-47.526162073284866,0.008227869575543717,1.0,0.0019802994349317994
-47.437222173629024,0.008227869575543717,1.0,0.0019802994349317994
-47.34828227397318,0.008227869575543717,1.0,0.0019802994349317994
-47.25934237431734,0.008227869575543717,1.0,0.0019802994349317994
-47.170402474661515,0.008227869575543717,1.0,0.0019802994349317994
-47.08146257500567,0.008227869575543717,1.0,0.0019802994349317994
-46.99252267534983,0.008227869575543717,1.0,0.0019802994349317994
-46.90358277569399,0.008227869575543717,1.0,0.0019802994349317994
-46.81464287603815,0.008227869575543717,1.0,0.0019802994349317994
-46.72570297638231,0.008227869575543717,1.0,0.0019802994349317994
-46.63676307672647,0.008227869575543717,1.0,0.0019802994349317994
-46.547823177070626,0.008227869575543717,1.0,0.0019802994349317994
-46.4588832774148,0.008227869575543717,1.0,0.0019802994349317994
-46.36994337775896,0.008227869575543717,1.0,0.0019802994349317994
-46.281003478103116,0.008227869575543717,1.0,0.0019802994349317994
-46.192063578447275,0.008227869575543717,1.0,0.0019802994349317994
-46.103123678791434,0.008227869575543717,1.0,0.0019802994349317994
-46.01418377913559,0.008227869575543717,1.0,0.0019802994349317994
-45.92524387947975,0.008227869575543717,1.0,0.0019802994349317994
-45.83630397982391,0.008227869575543717,1.0,0.0019802994349317994
-45.74736408016808,0.008227869575543717,1.0,0.0019802994349317994
-45.65842418051224,0.008227869575543717,1.0,0.0019802994349317994
-45.5694842808564,0.008227869575543717,1.0,0.0019802994349317994
-45.48054438120056,0.008227869575543717,1.0,0.0019802994349317994
-45.39160448154472,0.008227869575543717,1.0,0.0019802994349317994
-45.30266458188888,0.008227869575543717,1.0,0.0019802994349317994
-45.213724682233035,0.008227869575543717,1.0,0.0019802994349317994
-45.124784782577194,0.008227869575543717,1.0,0.0019802994349317994
-45.03584488292137,0.008227869575543717,1.0,0.0019802994349317994
-44.946904983265526,0.008227869575543717,1.0,0.0019802994349317994
-44.857965083609685,0.008227869575543717,1.0,0.0019802994349317994
-44.76902518395384,0.008227869575543717,1.0,0.0019802994349317994
-44.680085284298,0.008227869575543717,1.0,0.0019802994349317994
-44.59114538464216,0.008227869575543717,1.0,0.0019802994349317994
-44.50220548498632,0.008227869575543717,1.0,0.0019802994349317994
-44.41326558533048,0.008227869575543717,1.0,0.0019802994349317994
-44.32432568567465,0.008227869575543717,1.0,0.0019802994349317994
-44.23538578601881,0.008227869575543717,1.0,0.0019802994349317994
-44.14644588636297,0.008227869575543717,1.0,0.0019802994349317994
-44.05750598670713,0.008228009161082364,1.0,0.0019973709817846597
-43.968566087051286,0.008228009161082364,1.0,0.0019973709817846597
-43.879626187395445,0.00822814875135722,1.0,0.00201444252863752
-43.790686287739604,0.00822814875135722,1.0,0.00201444252863752
-43.70174638808376,0.00822814875135722,1.0,0.00201444252863752
-43.612806488427935,0.00822814875135722,1.0,0.00201444252863752
-43.523866588772094,0.008228288346368526,1.0,0.0020315140754903803
-43.43492668911625,0.008228288346368526,1.0,0.0020315140754903803
-43.34598678946041,0.008228288346368526,1.0,0.0020315140754903803
-43.25704688980457,0.008228288346368526,1.0,0.0020315140754903803
-43.16810699014873,0.008228288346368526,1.0,0.0020315140754903803
-43.07916709049289,0.008228288346368526,1.0,0.0020315140754903803
-42.99022719083705,0.008228288346368526,1.0,0.0020315140754903803
-42.90128729118122,0.008228288346368526,1.0,0.0020315140754903803
-42.81234739152538,0.008228288346368526,1.0,0.0020315140754903803
-42.72340749186954,0.008228288346368526,1.0,0.0020315140754903803
-42.634467592213696,0.008228288346368526,1.0,0.0020315140754903803
-42.545527692557854,0.008228288346368526,1.0,0.0020315140754903803
-42.45658779290201,0.008228288346368526,1.0,0.0020315140754903803
-42.36764789324617,0.008228288346368526,1.0,0.0020315140754903803
-42.27870799359033,0.008228288346368526,1.0,0.0020315140754903803
-42.189768093934504,0.008228427946116522,1.0,0.0020485856223432406
-42.10082819427866,0.008228567550601449,1.0,0.002065657169196101
-42.01188829462282,0.008228707159823549,1.0,0.0020827287160489613
-41.92294839496698,0.008228846773783063,1.0,0.0020998002629018216
-41.83400849531114,0.0082291260159153,1.0,0.0021339433566075422
-41.7450685956553,0.008229265644088503,1.0,0.0021510149034604025
-41.656128695999456,0.008229405277000085,1.0,0.002168086450313263
-41.567188796343615,0.00822968455703935,1.0,0.0022022295440189835
-41.478248896687774,0.008229824204167515,1.0,0.002219301090871844
-41.38930899703195,0.008229824204167515,1.0,0.002219301090871844
-41.300369097376105,0.008229963856035024,1.0,0.002236372637724704
-41.211429197720264,0.008230103512642117,1.0,0.0022534441845775645
-41.12248929806442,0.008230103512642117,1.0,0.0022534441845775645
-41.03354939840858,0.008230103512642117,1.0,0.0022534441845775645
-40.94460949875274,0.008230243173989038,1.0,0.0022705157314304248
-40.8556695990969,0.008230243173989038,1.0,0.0022705157314304248
-40.76672969944106,0.008230522510903322,1.0,0.0023046588251361454
-40.67778979978523,0.008230522510903322,1.0,0.0023046588251361454
-40.58884990012939,0.008230662186471168,1.0,0.0023217303719890057
-40.49991000047355,0.008230801866779805,1.0,0.0023388019188418665
-40.41097010081771,0.008230801866779805,1.0,0.0023388019188418665
-40.322030201161866,0.008230801866779805,1.0,0.0023388019188418665
-40.233090301506024,0.008230941551829475,1.0,0.002355873465694727
-40.14415040185018,0.008214109940091306,0.9979381443298969,0.002355873465694727
-40.05521050219434,0.008214249346593802,0.9979381443298969,0.002372945012547587
-39.966270602538515,0.008214388757828279,0.9979381443298969,0.0023900165594004474
-39.877330702882674,0.008214388757828279,0.9979381443298969,0.0023900165594004474
-39.78839080322683,0.008214388757828279,0.9979381443298969,0.0023900165594004474
-39.69945090357099,0.008214667594494136,0.9979381443298969,0.002424159653106168
-39.61051100391515,0.008215085884988798,0.9979381443298969,0.002475374293664749
-39.52157110425931,0.008215504218084294,0.9979381443298969,0.00252658893422333
-39.43263120460347,0.008215643671917437,0.9979381443298969,0.0025436604810761903
-39.343691304947626,0.008215783130484969,0.9979381443298969,0.0025607320279290506
-39.2547514052918,0.008216062061824169,0.9979381443298969,0.0025948751216347712
-39.16581150563596,0.00821675947304088,0.9979381443298969,0.002680232855899073
-39.076871605980116,0.008217177976604812,0.9979381443298969,0.002731447496457654
-38.987931706324275,0.008217177976604812,0.9979381443298969,0.002731447496457654
-38.898991806668434,0.008217317487266554,0.9979381443298969,0.0027485190433105145
-38.81005190701259,0.008217736047676453,0.9979381443298969,0.0027997336838690955
-38.72111200735675,0.008217736047676453,0.9979381443298969,0.0027997336838690955
-38.63217210770091,0.008217736047676453,0.9979381443298969,0.0027997336838690955
-38.54323220804508,0.008218015111639358,0.9979381443298969,0.002833876777574816
-38.45429230838924,0.008218433743123005,0.9979381443298969,0.002885091418133397
-38.3653524087334,0.008218573296428996,0.9979381443298969,0.0029021629649862574
-38.27641250907756,0.008218573296428996,0.9979381443298969,0.0029021629649862574
-38.18747260942172,0.008218991984784676,0.9979381443298969,0.0029533776055448383
-38.09853270976588,0.00821982948948745,0.9979381443298969,0.0030558068866620007
-38.009592810110036,0.008220108695652173,0.9979381443298969,0.0030899499803677213
-37.920652910454194,0.008220806794055202,0.9979381443298969,0.003175307714632023
-37.83171301079837,0.008221086066617974,0.9979381443298969,0.0032094508083377435
-37.742773111142526,0.008221505011041278,0.9979381443298969,0.0032606654488963245
-37.653833211486685,0.00822178433104573,0.9979381443298969,0.003294808542602045
-37.56489331183084,0.008205354715955423,0.9958762886597938,0.003346023183160626
-37.475953412175,0.008205633515680745,0.9958762886597938,0.0033801662768663467
-37.38701351251916,0.008206051750794271,0.9958762886597938,0.003431380917424928
-37.29807361286332,0.008206330597889801,0.9958762886597938,0.0034655240111306487
-37.20913371320748,0.008206748904067694,0.9958762886597938,0.0035167386516892296
-37.12019381355165,0.008207167252892899,0.9958762886597938,0.0035679532922478106
-37.03125391389581,0.008207864595724434,0.9958762886597938,0.003653311026512112
-36.94231401423997,0.008207864595724434,0.9958762886597938,0.003653311026512112
-36.85337411458413,0.00820856205706905,0.9958762886597938,0.0037386687607764138
-36.764434214928286,0.008209259636956965,0.9958762886597938,0.003824026495040716
-36.675494315272445,0.008209817786238782,0.9958762886597938,0.003892312682452157
-36.586554415616604,0.008210515579580805,0.9958762886597938,0.003977670416716459
-36.49761451596076,0.008211073899665097,0.9958762886597938,0.0040459566041279
-36.408674616304936,0.008211492689561374,0.9958762886597938,0.004097171244686481
-36.319734716649094,0.00821219076766131,0.9958762886597938,0.004182528978950783
-36.23079481699325,0.008213028618068663,0.9958762886597938,0.004284958260067945
-36.14185491733741,0.008214704831879178,0.9958762886597938,0.004489816822302269
-36.05291501768157,0.008215822687917807,0.9958762886597938,0.004626389197125151
-35.96397511802573,0.008216521502449645,0.9958762886597938,0.004711746931389454
-35.87503521836989,0.008217220435869954,0.9958762886597938,0.004797104665653755
-35.78609531871405,0.008218199142448784,0.9958762886597938,0.004916605493623777
-35.697155419058205,0.008218478815722307,0.9958762886597938,0.004950748587329498
-35.60821551940238,0.00821945782209894,0.9958762886597938,0.00507024941529952
-35.51927561974654,0.00822057697217258,0.9958762886597938,0.005206821790122403
-35.430335720090696,0.008221416534749528,0.9958762886597938,0.005309251071239565
-35.341395820434855,0.00822281618686052,0.9958762886597938,0.005479966539768169
-35.25245592077901,0.008223936251723962,0.9958762886597938,0.005616538914591051
-35.16351602112317,0.0082250566217666,0.9958762886597938,0.005753111289413934
-35.07457612146733,0.008226597629104783,0.9958762886597938,0.005940898304795397
-34.98563622181149,0.008228419564217448,0.9958762886597938,0.006162828413882582
-34.89669632215566,0.008229681376725166,0.9958762886597938,0.006316472335558325
-34.80775642249982,0.008232346474408141,0.9958762886597938,0.006640831725762671
-34.71881652284398,0.008233469137275625,0.9958762886597938,0.006777404100585554
-34.62987662318814,0.008234872896527032,0.9958762886597938,0.006948119569114158
-34.5409367235323,0.008235855812843161,0.9958762886597938,0.00706762039708418
-34.451996823876456,0.00823740086978767,0.9958762886597938,0.007255407412465643
-34.363056924220615,0.008238946506550219,0.9958762886597938,0.007443194427847107
-34.274117024564774,0.008240211549944554,0.9958762886597938,0.007596838349522851
-34.18517712490895,0.008242039520835466,0.9958762886597938,0.007818768458610034
-34.096237225253105,0.008243164829163395,0.9958762886597938,0.007955340833432918
-34.007297325597264,0.008244149726048441,0.9958762886597938,0.00807484166140294
-33.91835742594142,0.008246542598599966,0.9958762886597938,0.008365057957901566
-33.82941752628558,0.008248232521602514,0.9958762886597938,0.00856991652013589
-33.74047762662974,0.008249218629912384,0.9958762886597938,0.008689417348105912
-33.6515377269739,0.00825189639855122,0.9958762886597938,0.009013776738310258
-33.56259782731806,0.008254293770827993,0.9958762886597938,0.009303993034808883
-33.47365792766223,0.00825584575413647,0.9958762886597938,0.009491780050190348
-33.38471802800639,0.008257680668820844,0.9958762886597938,0.009713710159277533
-33.29577812835055,0.008259092696773312,0.9958762886597938,0.009884425627806136
-33.20683822869471,0.008260787767876995,0.9958762886597938,0.01008928419004046
-33.117898329038866,0.00826333167952644,0.9958762886597938,0.010396572033391945
-33.028958429383025,0.008265877158454983,0.9958762886597938,0.010703859876743431
-32.94001852972718,0.008268565754784811,0.9958762886597938,0.011028219266947779
-32.85107863007134,0.008271681052198932,0.9958762886597938,0.011403793297710706
-32.762138730415515,0.008274231678486997,0.9958762886597938,0.011711081141062191
-32.673198830759674,0.008277918694728183,0.9958762886597938,0.01215494135923656
-32.58425893110383,0.008280189261468833,0.9958762886597938,0.012428086108882326
-32.49531903144799,0.008283029222115516,0.9958762886597938,0.012769517045939533
-32.40637913179215,0.008286013278207613,0.9958762886597938,0.0131280195298496
-32.31743923213631,0.008288714991762768,0.9958762886597938,0.013452378920053945
-32.22849933248047,0.008292557301055884,0.9958762886597938,0.013913310685081176
-32.139559432824626,0.008296403174275997,0.9958762886597938,0.014374242450108404
-32.0506195331688,0.008299254269906183,0.9958762886597938,0.01471567338716561
-31.961679633512958,0.008302678172379414,0.9958762886597938,0.01512539051163426
-31.872739733857117,0.008306962025316455,0.9958762886597938,0.015637536917220068
-31.783799834201275,0.008310106328068546,0.9958762886597938,0.016013110947982998
-31.694859934545434,0.008313253012048192,0.9958762886597938,0.016388684978745925
-31.605920034889593,0.00831668847716785,0.9958762886597938,0.016798402103214573
-31.51698013523375,0.008322133774423654,0.9958762886597938,0.017447120883623265
-31.42804023557791,0.008325863614424603,0.9958762886597938,0.017890981101797633
-31.339100335922083,0.008329884105960264,0.9958762886597938,0.018368984413677722
-31.250160436266242,0.008333477113131697,0.9958762886597938,0.01879577308499923
-31.1612205366104,0.00833764888658726,0.9958762886597938,0.019290847943732183
-31.07228063695456,0.008341536707942594,0.9958762886597938,0.01975177970875941
-30.983340737298718,0.008344995594256985,0.9958762886597938,0.02016149683322806
-30.894400837642877,0.008349900596421472,0.9958762886597938,0.02074192942622531
-30.805460937987036,0.008354955889984432,0.9958762886597938,0.02133943356607542
-30.716521038331194,0.008359872611464968,0.9958762886597938,0.021919866159072675
-30.627581138675367,0.008363491541272012,0.9958762886597938,0.02234665483039418
-30.538641239019526,0.008367548464217037,0.9958762886597938,0.02282465814227427
-30.449701339363685,0.008372480022187939,0.9958762886597938,0.023405090735271524
-30.360761439707844,0.008379306755490788,0.9958762886597938,0.024207453437355957
-30.271821540052002,0.008384688829094697,0.9958762886597938,0.02483910067091179
-30.18288164039616,0.008389640617672093,0.9958762886597938,0.02541953326390904
-30.09394174074032,0.008395035978725623,0.9958762886597938,0.026051180497464875
-30.00500184108448,0.008383337681537525,0.9938144329896907,0.026699899277873567
-29.916061941428637,0.008371914923242942,0.9917525773195877,0.027382761151987983
-29.82712204177281,0.008377601672036925,0.9917525773195877,0.028048551479249534
-29.73818214211697,0.008383880638639058,0.9917525773195877,0.02878262799392253
-29.649242242461128,0.008389291008982298,0.9917525773195877,0.029414275227478363
-29.560302342805286,0.008396173718754363,0.9917525773195877,0.0302166379295628
-29.471362443149445,0.00840277413832259,0.9917525773195877,0.030984857537941512
-29.382422543493604,0.00841070835300495,0.9917525773195877,0.03190672106799597
-29.293482643837763,0.008399097097062066,0.9896907216494846,0.03257251139525753
-29.20454274418192,0.008405863089504929,0.9896907216494846,0.0333578025504891
-29.115602844526094,0.00841411467737129,0.9896907216494846,0.034313809174249275
-29.026662944870253,0.008420609441608336,0.9896907216494846,0.035064957235775136
-28.937723045214412,0.008426670411853516,0.9896907216494846,0.035764890656742404
-28.84878314555857,0.008435704117678073,0.9896907216494846,0.036806255014766885
-28.75984324590273,0.008444162972345366,0.9896907216494846,0.037779333185379925
-28.670903346246888,0.008451894633046908,0.9896907216494846,0.03866705362172866
-28.581963446591047,0.008458745990906848,0.9896907216494846,0.03945234477696024
-28.493023546935206,0.008467998024133795,0.9896907216494846,0.04051078068183758
-28.40408364727938,0.00847592308099804,0.9896907216494846,0.04141557266503918
-28.315143747623537,0.008483713038406476,0.9896907216494846,0.04230329310138792
-28.226203847967696,0.008494522802484647,0.9896907216494846,0.04353244447479386
-28.137263948311855,0.00850370265386387,0.9896907216494846,0.04457380883281834
-28.048324048656013,0.008513808332889906,0.9896907216494846,0.04571760247195998
-27.959384149000172,0.008520911737555918,0.9896907216494846,0.04651996517404442
-27.87044424934433,0.008531968218418387,0.9896907216494846,0.047766188094303226
-27.78150434968849,0.008544726301735648,0.9896907216494846,0.04920019802994349
-27.692564450032663,0.00855386260358193,0.9896907216494846,0.05022449084111511
-27.60362455037682,0.008563476771569257,0.9896907216494846,0.05129999829284532
-27.51468465072098,0.008553876924175863,0.9876288659793815,0.052204790276046915
-27.42574475106514,0.00856458303533114,0.9876288659793815,0.053399798555747134
-27.336804851409298,0.008575315979805936,0.9876288659793815,0.05459480683544736
-27.247864951753456,0.008586845454708423,0.9876288659793815,0.05587517284941188
-27.158925052097615,0.008598405974007324,0.9876288659793815,0.05715553886337641
-27.069985152441774,0.008610152430255967,0.9876288659793815,0.058452976424193795
-26.981045252785947,0.008623172751494204,0.9876288659793815,0.05988698635983406
-26.892105353130106,0.008636543939994952,0.9876288659793815,0.06135513938918005
-26.803165453474264,0.008649331888768508,0.9876288659793815,0.0627550062311146
-26.714225553818423,0.008623962683733796,0.9835051546391752,0.06389879987025625
-26.62528565416258,0.008620065193770373,0.9814432989690721,0.06543523908701368
-26.53634575450674,0.008632884761870217,0.9814432989690721,0.06683510592894822
-26.4474058548509,0.008646213648665831,0.9814432989690721,0.06828618741144135
-26.358465955195058,0.008658008658008658,0.9814432989690721,0.06956655342540588
-26.26952605553923,0.008671415298854134,0.9814432989690721,0.071017634907899
-26.18058615588339,0.008684546615581098,0.9814432989690721,0.07243457329668641
-26.09164625622755,0.008701533736723763,0.9814432989690721,0.07426122880994247
-26.002706356571707,0.008714596949891068,0.9814432989690721,0.07566109565187702
-25.913766456915866,0.008710801393728223,0.979381443298969,0.07719753486863444
-25.824826557260025,0.008728408673281882,0.979381443298969,0.07907540502244909
-25.735886657604183,0.008743994256576404,0.979381443298969,0.08073134506717654
-25.646946757948342,0.008725166479127851,0.9752577319587629,0.08260921522099117
-25.558006858292515,0.008740806445651773,0.9752577319587629,0.08426515526571862
-25.469066958636674,0.008756988928796238,0.9752577319587629,0.08597230995100466
-25.380127058980833,0.008773719649051215,0.9752577319587629,0.08773067927684927
-25.29118715932499,0.008793946492646922,0.9752577319587629,0.08984755108660396
-25.20224725966915,0.008793665579878901,0.9731958762886598,0.09174249278727145
-25.11330736001331,0.008812546676624346,0.9731958762886598,0.09370572067535039
-25.024367460357468,0.008826224358135274,0.9731958762886598,0.0951226590641378
-24.935427560701626,0.008823529411764706,0.9711340206185567,0.0967615275620124
-24.846487661045785,0.008820493572299897,0.9690721649484536,0.09836625296618126
-24.757547761389958,0.008840901395733795,0.9690721649484536,0.10046605322908309
-24.668607861734117,0.00884071630537229,0.9670103092783505,0.10236099492975058
-24.579667962078275,0.008859755176061659,0.9670103092783505,0.10430715127097666
-24.490728062422434,0.008858100051104423,0.9649484536082474,0.10604844904996842
-24.401788162766593,0.008838647269692544,0.9608247422680413,0.10789217611007733
-24.31284826311075,0.008841312697265848,0.9587628865979382,0.11007733410724346
-24.22390836345491,0.00885866148482597,0.9587628865979382,0.11183570343308807
-24.13496846379907,0.008883200244526802,0.9587628865979382,0.11431107772675282
-24.046028564143242,0.008904634239754882,0.9587628865979382,0.11646209263021322
-23.9570886644874,0.008927371513045481,0.9587628865979382,0.11873260836164365
-23.86814876483156,0.008928399622852084,0.9567010309278351,0.12072997934342831
-23.77920886517572,0.00892891580205963,0.954639175257732,0.12267613568465438
-23.690268965519877,0.008933578265493571,0.9525773195876288,0.12503200915034912
-23.601329065864036,0.008898625462864233,0.9463917525773196,0.12726838178807381
-23.512389166208195,0.008923190575244464,0.9463917525773196,0.12969254144117998
-23.423449266552353,0.008945450293309426,0.9463917525773196,0.1318776994383461
-23.334509366896526,0.00896992437122589,0.9463917525773196,0.13426771599774656
-23.245569467240685,0.008994708994708995,0.9463917525773196,0.13667480410399988
-23.156629567584844,0.00899891934374693,0.9443298969072165,0.13896239138228314
-23.067689667929002,0.009024808370608288,0.9443298969072165,0.14145483722280075
-22.97874976827316,0.00903269162351267,0.9422680412371134,0.14408385543814126
-22.88980986861732,0.00906062889091558,0.9422680412371134,0.14674701674718746
-22.80086996896148,0.009084042299435477,0.9422680412371134,0.1489663178380593
-22.711930069305637,0.009090002990132563,0.9402061855670103,0.15139047749116546
-22.62299016964981,0.00912109453134376,0.9402061855670103,0.15430971200300458
-22.53405026999397,0.009126283697047497,0.9381443298969072,0.15664851392184645
-22.445110370338128,0.009156587712060535,0.9381443298969072,0.15946531915256842
-22.356170470682287,0.00918653718023784,0.9381443298969072,0.1622309097427318
-22.267230571026445,0.00920940776423916,0.9381443298969072,0.16433071000563362
-22.178290671370604,0.009222955815134586,0.9360824742268041,0.16740358843914846
-22.089350771714763,0.009254729288975864,0.9360824742268041,0.17028867985728185
-22.00041087205892,0.009284823199787308,0.9360824742268041,0.17300305580688666
-21.911470972403094,0.009312820512820513,0.9360824742268041,0.17551257319425714
-21.822531072747253,0.00934637159032424,0.9360824742268041,0.17850009389350768
-21.733591173091412,0.009378808849959716,0.9360824742268041,0.18136811376478823
-21.64465127343557,0.009409326424870466,0.9360824742268041,0.1840483466206873
-21.55571137377973,0.009440632148055728,0.9360824742268041,0.18677979411714496
-21.466771474123888,0.009453058158218735,0.934020618556701,0.18964781398842548
-21.377831574468047,0.009467158176943699,0.931958762886598,0.19265240623452892
-21.288891674812206,0.009484752891692955,0.9298969072164949,0.19594721477713095
-21.19995177515638,0.009524010643240275,0.9298969072164949,0.19929323796029158
-21.111011875500537,0.009519972860656433,0.9257731958762887,0.2025026887686293
-21.022071975844696,0.009536581731485621,0.9237113402061856,0.20567799648326135
-20.933132076188855,0.0095321549936951,0.9195876288659793,0.20885330419789336
-20.844192176533014,0.009571637050390592,0.9195876288659793,0.21214811274049541
-20.755252276877172,0.009584733350564315,0.9175257731958762,0.21499906106492309
-20.66631237722133,0.009604776429359465,0.9154639175257732,0.21841337043549516
-20.57737247756549,0.009650076070419475,0.9154639175257732,0.22211789610256585
-20.488432577909663,0.009669533330423015,0.9134020618556701,0.2254468477388736
-20.39949267825382,0.00966723661712482,0.9092783505154639,0.2287587278283285
-20.31055277859798,0.009663430848136654,0.9051546391752577,0.2319511070898134
-20.22161287894214,0.009661942558977647,0.9010309278350516,0.23533127336667975
-20.132672979286298,0.009683724235963042,0.8989690721649485,0.23881386892466328
-20.043733079630456,0.009680801231290849,0.8948453608247423,0.24207453437355958
-19.954793179974615,0.009700907359695306,0.8927835051546392,0.24540348600986736
-19.865853280318774,0.009720753358385275,0.8907216494845361,0.2486982945524694
-19.776913380662947,0.00977088186732409,0.8907216494845361,0.25259060723492155
-19.687973481007106,0.009816397018723869,0.8907216494845361,0.25609027433975795
-19.599033581351264,0.009837711990139462,0.8886597938144329,0.2594362975229185
-19.510093681695423,0.009884867666620797,0.8886597938144329,0.2630042508151664
-19.421153782039582,0.009934767074660582,0.8886597938144329,0.26674291957594276
-19.33221388238374,0.009956930486731812,0.8865979381443299,0.2700889427591034
-19.2432739827279,0.009936009307737057,0.8804123711340206,0.27363982450449836
-19.154334083072058,0.009940590354118912,0.8762886597938144,0.27737849326527475
-19.065394183416217,0.00994077834179357,0.8721649484536083,0.2807928026358468
-18.97645428376039,0.009988665344290167,0.8721649484536083,0.28427539819383035
-18.88751438410455,0.009994302535371759,0.8680412371134021,0.2880652815951653
-18.798574484448707,0.009999045437189767,0.8639175257731959,0.2917868788090889
-18.709634584792866,0.009976736935510948,0.8577319587628865,0.2952694743670724
-18.620694685137025,0.009981676150062686,0.8536082474226804,0.2990081431278488
-18.531754785481183,0.009981345543523028,0.8494845360824742,0.3023712378578623
-18.442814885825342,0.010011448615204735,0.8474226804123711,0.30617819280605013
-18.3538749861695,0.010068347174248548,0.8474226804123711,0.31013879167591374
-18.264935086513674,0.010121906169190986,0.8474226804123711,0.3138262457961316
-18.175995186857833,0.010146003464488988,0.845360824742268,0.3171381258855865
-18.08705528720199,0.010186545789644093,0.843298969072165,0.3215425849736245
-17.99811538754615,0.01025319628979694,0.843298969072165,0.325998258702221
-17.90917548789031,0.010316039044568315,0.843298969072165,0.33014664458746606
-17.820235588234468,0.010378076630296879,0.843298969072165,0.334192601191594
-17.731295688578626,0.01044326422224492,0.843298969072165,0.3383922017173976
-17.642355788922785,0.010477388870342313,0.8412371134020619,0.3421820851187326
-17.553415889266958,0.010535013426977897,0.8412371134020619,0.34581832459839185
-17.464475989611117,0.010597677861762644,0.8412371134020619,0.3497277088276969
-17.375536089955276,0.010578279266572637,0.8350515463917526,0.35331273366679755
-17.286596190299434,0.010549242921248064,0.8288659793814434,0.356317325912901
-17.197656290643593,0.01058438473314681,0.8268041237113402,0.36007306622053026
-17.10871639098775,0.01063179438109667,0.8247422680412371,0.36454581149597964
-17.01977649133191,0.010701482155278505,0.8247422680412371,0.3687283404749304
-16.93083659167607,0.010706407704309464,0.8206185567010309,0.37217679293920825
-16.841896692020242,0.010775978772946337,0.8206185567010309,0.3762739641838947
-16.7529567923644,0.01081832302368041,0.8185567010309278,0.38030284924116975
-16.66401689270856,0.010864495596587012,0.8164948453608247,0.3845195213138263
-16.57507699305272,0.010857253363538415,0.8103092783505155,0.3887703364801885
-16.486137093396877,0.010839656466271993,0.8041237113402062,0.39244071905355343
-16.39719719374105,0.010913975485531986,0.8041237113402062,0.3966232480325042
-16.308257294085195,0.010959598805431904,0.8020618556701031,0.40070334773033783
-16.219317394429368,0.01100209833834288,0.8,0.4045785888659371
-16.130377494773512,0.011077169041025495,0.8,0.40865868856377074
-16.041437595117685,0.01112612483109565,0.797938144329897,0.4128070744490158
-15.95249769546183,0.011141658226016496,0.7938144329896907,0.4166652440377623
-15.863557795806003,0.011181643468638985,0.7917525773195876,0.42028441197056865
-15.774617896150176,0.011230024923031814,0.7896907216494845,0.4243132970278437
-15.68567799649432,0.011273092132444077,0.7876288659793814,0.42803489424176727
-15.596738096838493,0.011354516541331034,0.7876288659793814,0.4321832801270123
-15.507798197182638,0.01137860821655288,0.7835051546391752,0.43636580910596307
-15.41885829752681,0.011428054516946087,0.7814432989690722,0.44030933642897385
-15.329918397870955,0.011425098754178062,0.7752577319587629,0.44459429468904177
-15.240978498215128,0.011505860032436734,0.7752577319587629,0.4485378220120525
-15.152038598559272,0.01155552816467398,0.7731958762886598,0.45239599160079896
-15.063098698903445,0.011577019770942611,0.7690721649484537,0.4563395189238097
-14.974158799247618,0.011661716429576363,0.7690721649484537,0.460334260887379
-14.885218899591763,0.011691667717130972,0.7649484536082474,0.46461921914744697
-14.796278999935936,0.011754241057246331,0.7628865979381443,0.46893832050122064
-14.70733910028008,0.011775623180058238,0.7587628865979381,0.47277941854311417
-14.618399200624253,0.011775333096751299,0.7525773195876289,0.47706437680318214
-14.529459300968398,0.011868760771306865,0.7525773195876289,0.48122983423528004
-14.44051940131257,0.011894619568779081,0.7484536082474227,0.4852075046519965
-14.351579501656744,0.011949955435249068,0.7463917525773196,0.48903153114703724
-14.262639602000888,0.012013311148086523,0.7443298969072165,0.49316284548542944
-14.173699702345061,0.012086620782272956,0.7422680412371134,0.4976697338545846
-14.084759802689206,0.012153012863913338,0.7402061855670103,0.5018351912866825
-13.995819903033379,0.01218014329580348,0.7360824742268042,0.5057275039691347
-13.906880003377523,0.012258531042319479,0.734020618556701,0.5103026785257012
-13.817940103721696,0.012224769049107452,0.7257731958762886,0.5144510644109462
-13.72900020406584,0.012327951528736034,0.7257731958762886,0.5185653072024856
-13.640060304410014,0.012365743357829282,0.7216494845360825,0.5227819792751421
-13.551120404754187,0.012428774928774929,0.7195876288659794,0.52658893422333
-13.462180505098331,0.012421914267250663,0.7134020618556701,0.5303958891715178
-13.373240605442504,0.012459705168604441,0.709278350515464,0.5345442750567629
-13.284300705786649,0.012465272700687235,0.7030927835051546,0.5388121617699779
-13.195360806130822,0.012564480471628593,0.7030927835051546,0.5424996158901958
-13.106420906474966,0.012680822580045369,0.7030927835051546,0.5467504310565581
-13.017481006819139,0.01276180466931912,0.7010309278350515,0.5509841746760674
-12.928541107163284,0.01284090909090909,0.6989690721649484,0.5550984174676067
-12.839601207507457,0.012961192888549035,0.6989690721649484,0.5592809464465576
-12.75066130785163,0.013038111402561333,0.6969072164948453,0.5632074022227154
-12.661721408195774,0.012929859407251627,0.6845360824742268,0.5673216450142547
-12.572781508539947,0.012892068233629431,0.6762886597938145,0.5712651723372655
-12.483841608884092,0.013014323691624013,0.6762886597938145,0.5753452720350991
-12.394901709228265,0.013006242996638386,0.6701030927835051,0.5789644399679055
-12.305961809572409,0.013086679053235318,0.668041237113402,0.5828738241972105
-12.217021909916582,0.01321693726034103,0.668041237113402,0.5870392816293084
-12.128082010260755,0.013261397800749558,0.6639175257731958,0.5909828089523191
-12.0391421106049,0.013381540123841582,0.6639175257731958,0.5947044061662428
-11.950202210949072,0.013465329921557112,0.6618556701030928,0.5985113611144306
-11.861262311293217,0.013562770195812495,0.6597938144329897,0.6026768185465285
-11.77232241163739,0.013610683102208527,0.6556701030927835,0.6065691312289807
-11.683382511981534,0.013751946030098598,0.6556701030927835,0.6106663024736672
-11.594442612325707,0.013896171997902464,0.6556701030927835,0.6147634737183536
-11.505502712669852,0.014034158612471866,0.6556701030927835,0.6186045717602472
-11.416562813014025,0.014129078267070778,0.6536082474226804,0.6223944551615822
-11.327622913358198,0.014225263347438552,0.6515463917525773,0.6261672670160643
-11.238683013702342,0.014260411462827558,0.6474226804123712,0.6294620755586664
-11.149743114046515,0.0143079886269834,0.643298969072165,0.63306417194462
-11.06080321439066,0.01446252259769156,0.643298969072165,0.6370418423613363
-10.971863314734833,0.01435787110653821,0.6329896907216495,0.6402171500759684
-10.882923415078977,0.014509878060308158,0.6329896907216495,0.6440411765710091
-10.79398351542315,0.014586322333811573,0.6288659793814433,0.6482407770968127
-10.705043615767323,0.014696640077350737,0.6268041237113402,0.6520648035918535
-10.616103716111468,0.01479203280609256,0.6247422680412371,0.6554791129624256
-10.52716381645564,0.014906954933609754,0.622680412371134,0.6593031394574662
-10.438223916799785,0.014961101137043686,0.6185567010309279,0.6628028065623026
-10.349284017143958,0.0149742865786024,0.6123711340206186,0.6664731891356676
-10.260344117488103,0.015153061224489795,0.6123711340206186,0.6704679310992369
-10.171404217832276,0.015231309376290789,0.6082474226804123,0.6743943868753948
-10.08246431817642,0.015379802929982795,0.6082474226804123,0.6775867661368796
-9.993524418520593,0.015498972006958722,0.6061855670103092,0.6811888625228332
-9.904584518864766,0.015621667732992109,0.6041237113402061,0.6848080304556395
-9.81564461920891,0.015745483957940145,0.6020618556701031,0.6883930552947403
-9.726704719553084,0.015777692853633236,0.5958762886597938,0.6922341533366339
-9.637764819897228,0.015980977659809777,0.5958762886597938,0.6962118237533503
-9.548824920241401,0.0161723559037493,0.5958762886597938,0.6998651347798625
-9.459885020585546,0.01637672125573752,0.5958762886597938,0.7036720897280503
-9.370945120929719,0.016519444763106572,0.5938144329896907,0.7072912576608567
-9.282005221273891,0.016696620093918486,0.5938144329896907,0.7104494938286358
-9.193065321618036,0.016660800187727327,0.5855670103092784,0.713846731652355
-9.104125421962209,0.01679325896036079,0.5835051546391753,0.717141540194957
-9.015185522306354,0.016876876876876876,0.5793814432989691,0.7205558495655291
-8.926245622650526,0.017062359584674235,0.5793814432989691,0.7236457995458968
-8.837305722994671,0.017257262175274825,0.5793814432989691,0.7268211072605288
-8.748365823338844,0.017360462945678553,0.5752577319587628,0.7304061320996296
-8.659425923682988,0.017252235234857072,0.5649484536082474,0.7335472967205559
-8.570486024027161,0.01727104709706201,0.5587628865979382,0.7367567475288936
-8.481546124371334,0.017344767554323296,0.554639175257732,0.7398296259624084
-8.392606224715479,0.01750146933977666,0.5525773195876289,0.7431585775987162
-8.303666325059652,0.017724867724867723,0.5525773195876289,0.7464533861413183
-8.214726425403796,0.017800977046108547,0.5484536082474227,0.7494409068405689
-8.12578652574797,0.017842605156037993,0.5422680412371134,0.7528552162111409
-8.036846626092114,0.018053267435475015,0.5422680412371134,0.7557915222698328
-7.947906726436287,0.018153995965778675,0.5381443298969072,0.7590180446250234
-7.858966826780431,0.018247146681696493,0.534020618556701,0.7621079946053912
-7.770026927124604,0.018414103204624936,0.5319587628865979,0.7652150161326118
-7.681087027468777,0.018661844484629295,0.5319587628865979,0.7683903238472438
-7.592147127812922,0.018786233213473252,0.5278350515463918,0.7717363470304044
-7.503207228157095,0.018953471086665674,0.5257731958762887,0.7746726530890964
-7.414267328501239,0.019129386955866846,0.5237113402061856,0.777660173788347
-7.325327428845412,0.019186843307446324,0.5195876288659794,0.7800843334414531
-7.236387529189557,0.019358321764615147,0.5175257731958763,0.7829352817658808
-7.14744762953373,0.01937046004842615,0.511340206185567,0.7856667292623385
-7.058507729877903,0.019364527347454946,0.5051546391752577,0.7881933181965618
-6.969567830222047,0.019621976613807466,0.5051546391752577,0.7910271949741366
-6.88062793056622,0.01978431849509446,0.5030927835051546,0.7936220700957713
-6.791688030910365,0.01997205556012164,0.5010309278350515,0.7964388753264934
-6.702748131254538,0.02021798818537316,0.5010309278350515,0.7989654642607167
-6.613808231598682,0.02027540762017403,0.4948453608247423,0.8020212711473786
-6.524868331942855,0.020476353666895132,0.4927835051546392,0.8048210048312477
-6.435928432287,0.020589001824341934,0.488659793814433,0.8075353807808525
-6.346988532631173,0.020895785575736202,0.488659793814433,0.8104204721989859
-6.2580486329753455,0.021101573676680974,0.4865979381443299,0.8131007050548851
-6.16910873331949,0.021135703918722788,0.48041237113402063,0.8157809379107841
-6.080168833663663,0.021431199411331862,0.48041237113402063,0.8183758130324189
-5.9912289340078075,0.021714818266542403,0.48041237113402063,0.8207999726855251
-5.9022890343519805,0.021928166351606805,0.47835051546391755,0.8233436331666012
-5.813349134696125,0.02195168711656442,0.47216494845360824,0.8258190074602659
-5.724409235040298,0.021943878046412273,0.465979381443299,0.8280383085511378
-5.635469335384471,0.022036399409739303,0.4618556701030928,0.8302917527357154
-5.5465294357286155,0.022304092402668525,0.4618556701030928,0.8323744814517643
-5.457589536072788,0.022334512379989895,0.4556701030927835,0.8348498557454291
-5.368649636416933,0.022634166325276525,0.4556701030927835,0.8370862283831538
-5.279709736761106,0.022710774655190294,0.4515463917525773,0.8391177424586441
-5.19076983710525,0.0229594523433386,0.44948453608247424,0.8416272598460146
-5.101829937449423,0.023079388823592263,0.44536082474226807,0.843914847124298
-5.012890037793568,0.023145143845987454,0.44123711340206184,0.8458097888249654
-4.923950138137741,0.023115687992988607,0.4350515463917526,0.8477730167130444
-4.835010238481914,0.023263579697239536,0.4309278350515464,0.8501971763661506
-4.746070338826058,0.023415512777214906,0.4288659793814433,0.8519043310514366
-4.657130439170231,0.023356499943032925,0.422680412371134,0.8536627003772812
-4.568190539514376,0.023333718378191058,0.41649484536082476,0.8556600713590659
-4.479250639858549,0.023432923257176334,0.41237113402061853,0.8577086569814091
-4.390310740202693,0.023778385447628107,0.41237113402061853,0.8598255287911638
-4.301370840546866,0.02389284421382889,0.40824742268041236,0.8619082575072128
-4.212430940891039,0.023932253313696614,0.4020618556701031,0.8642299878792017
-4.123491041235184,0.024174454828660437,0.4,0.8663127165952507
-4.034551141579357,0.024282281522701402,0.3958762886597938,0.8682930160301825
-3.945611241923501,0.024499743458183683,0.3938144329896907,0.8701708861839972
-3.856671342267674,0.024602967977089298,0.38969072164948454,0.8720828994315175
-3.7677314426118187,0.024947201689545933,0.38969072164948454,0.8738924833979207
-3.6787915429559916,0.025070384770076417,0.38556701030927837,0.8758557112859996
-3.589851643300136,0.025373134328358207,0.38556701030927837,0.8773750789559042
-3.500911743644309,0.02576112412177986,0.38556701030927837,0.8792700206565717
-3.411971843988482,0.02588498670770953,0.38144329896907214,0.8811478908103864
-3.3230319443326266,0.02568104426787741,0.3731958762886598,0.8827696877614081
-3.2340920446767996,0.025951557093425604,0.3711340206185567,0.8846646294620756
-3.145152145020944,0.02606912712360867,0.3670103092783505,0.8864742134284788
-3.056212245365117,0.026217786384626844,0.3628865979381443,0.888403298222852
-2.9672723457092616,0.026268115942028984,0.35876288659793815,0.8898885227990508
-2.8783324460534345,0.026683024076061955,0.35876288659793815,0.8916468921248955
-2.7893925463976075,0.026623073330219522,0.3525773195876289,0.8932686890759172
-2.700452646741752,0.0268265740886855,0.35051546391752575,0.8947197705584103
-2.611512747085925,0.02671572548392257,0.3443298969072165,0.8961367089471977
-2.5225728474300695,0.026851098454027666,0.3402061855670103,0.8979121498198952
-2.4336329477742424,0.026807876882343207,0.334020618556701,0.8996022329583283
-2.344693048118387,0.027168410394870064,0.3319587628865979,0.9015825323932601
-2.25575314846256,0.02723535457348407,0.32783505154639175,0.9030506854226061
-2.1668132488067045,0.027719665271966527,0.32783505154639175,0.9047919832015979
-2.0778733491508774,0.02816651904340124,0.32783505154639175,0.9063454939652081
-1.9889334494950504,0.02856116400215556,0.32783505154639175,0.9076770746197312
-1.8999935498391949,0.028534845436253887,0.3216494845360825,0.9093330146644587
-1.8110536501833678,0.02864050585828529,0.31752577319587627,0.9108353107875105
-1.7221137505275124,0.028889728096676736,0.3154639175257732,0.9122010345357393
-1.6331738508716853,0.029248709615752246,0.3154639175257732,0.9133106850811752
-1.5442339512158298,0.0297723292469352,0.3154639175257732,0.9148812673916383
-1.4552940515600028,0.030219237606162356,0.3154639175257732,0.9161787049524558
-1.3663541519041473,0.030497592295345103,0.3134020618556701,0.9175102856069789
-1.2774142522483203,0.0310330747243773,0.3134020618556701,0.9189784386363249
-1.1884743525924932,0.03117206982543641,0.30927835051546393,0.9204124485719651
-1.0995344529366378,0.031183708103521425,0.3030927835051546,0.9220342455229869
-1.0105945532808107,0.031054561138667242,0.29690721649484536,0.9232975399900984
-0.9216546536249552,0.031126698816308637,0.2927835051546392,0.9245437629103573
-0.8327147539691282,0.03144513826940232,0.2907216494845361,0.9258582720180275
-0.7437748543132727,0.03175323202540259,0.28865979381443296,0.9271215664851392
-0.6548349546574457,0.03226549896289468,0.28865979381443296,0.9283165747648394
-0.5658950550016186,0.03286384976525822,0.28865979381443296,0.9296652269662155
-0.47695515534576316,0.0334208641680592,0.28865979381443296,0.9308773067927685
-0.3880152556899361,0.03370514064015519,0.2865979381443299,0.9319698857913515
-0.29907535603408064,0.03395669291338583,0.2845360824742268,0.9329771070556703
-0.2101354563782536,0.034,0.2804123711340206,0.9340355429605477
-0.12119555672239812,0.03430749682337993,0.27835051546391754,0.9351281219591308
-0.032255657066571075,0.03429602888086643,0.27422680412371137,0.936067057036038
0.056684242589284395,0.03488982161594963,0.27422680412371137,0.9371937791283268
0.14562414224511144,0.03490540900612843,0.27010309278350514,0.9381668572989399
0.2345640419009385,0.03513513513513514,0.26804123711340205,0.9390545777352886
0.32350394155679396,0.03534246575342466,0.26597938144329897,0.9398910835310788
0.412443841212621,0.03540563144689155,0.2618556701030928,0.9409324478891032
0.5013837408684765,0.035734543391945546,0.2597938144329897,0.9419567407002748
0.5903236405243035,0.035372571759930416,0.2515463917525773,0.9432029636205337
0.679263540180159,0.0354295837023915,0.24742268041237114,0.9442272564317052
0.768203439835986,0.035607420706163975,0.24536082474226803,0.9449784044932311
0.8571433394918131,0.03589899604502586,0.24329896907216494,0.9459002680232856
0.9460832391476686,0.035968992248062014,0.23917525773195877,0.9469245608344572
1.0350231388034956,0.03553459119496855,0.2329896907216495,0.9476415658022773
1.123963038459351,0.036229560756652776,0.2329896907216495,0.9486829301603018
1.2129029381151781,0.03636959370904325,0.2288659793814433,0.9497925807057378
1.3018428377710336,0.03696303696303696,0.2288659793814433,0.9506290865015279
1.3907827374268606,0.037112010796221326,0.2268041237113402,0.9512778052819366
1.4797226370827161,0.0378657487091222,0.2268041237113402,0.9522850265462554
1.5686625367385432,0.03847499125568381,0.2268041237113402,0.953070317701487
1.6576024363943702,0.03851640513552068,0.22268041237113403,0.9539751096846886
1.7465423360502257,0.03807106598984772,0.21649484536082475,0.9547091861993615
1.8354822357060527,0.03871681415929203,0.21649484536082475,0.9554944773545931
1.9244221353619082,0.03890759446315002,0.21443298969072164,0.9561431961350018
2.0133620350177353,0.039634146341463415,0.21443298969072164,0.956979701930792
2.1023019346735907,0.03992248062015504,0.21237113402061855,0.9577137784454649
2.1912418343294178,0.04020496649586126,0.21030927835051547,0.958430783413285
2.280181733985245,0.04096385542168675,0.21030927835051547,0.9592331461153695
2.3691216336411003,0.04091653027823241,0.20618556701030927,0.9599842941768953
2.4580615332969273,0.04123281965847563,0.20412371134020618,0.9607012991447155
2.547001432952783,0.04125903870693322,0.2,0.9615207333936528
2.63594133260861,0.04210069444444445,0.2,0.9623230960957372
2.7248812322644653,0.04253433761630483,0.1979381443298969,0.9631083872509688
2.8138211319202924,0.043184885290148446,0.1979381443298969,0.963688819843966
2.902761031576148,0.04391582799634035,0.1979381443298969,0.964320467077522
2.991700931231975,0.04458894565722248,0.1979381443298969,0.9648838281236662
3.080640830887802,0.0438886267107126,0.19175257731958764,0.965413046076105
3.1695807305436574,0.044209514656415184,0.18969072164948453,0.9660446933096608
3.2585206301994845,0.044965786901270774,0.18969072164948453,0.9666421974495109
3.34746052985534,0.045862412761714856,0.18969072164948453,0.9673250593236253
3.436400429511167,0.04501770359129995,0.18350515463917524,0.9677689195417997
3.5253403291670224,0.04524421593830334,0.18144329896907216,0.9682981374942383
3.6142802288228495,0.04535974973931178,0.17938144329896907,0.9687419977124128
3.703220128478705,0.04567180031864047,0.177319587628866,0.96932243030541
3.792160028134532,0.04604550379198267,0.17525773195876287,0.969937005992113
3.881099927790359,0.04633204633204633,0.1731958762886598,0.9704832954914044
3.9700398274462145,0.04611923509561305,0.16907216494845362,0.9710466565375488
4.058979727102042,0.046723646723646726,0.16907216494845362,0.9714393021151646
4.147919626757897,0.046592894583576,0.16494845360824742,0.9720538778018676
4.236859526413724,0.04682868998221695,0.16288659793814433,0.9725489526606006
4.32579942606958,0.04770531400966183,0.16288659793814433,0.9730781706130393
4.414739325725407,0.04828850855745721,0.16288659793814433,0.9734196015500964
4.503679225381234,0.047975077881619935,0.15876288659793814,0.9739146764088294
4.592619125037089,0.04749841671944269,0.15463917525773196,0.974324393533298
4.681559024692916,0.048355899419729204,0.15463917525773196,0.9748023968451781
4.770498924348772,0.04921259842519685,0.15463917525773196,0.9752633286102054
4.859438824004599,0.048666666666666664,0.15051546391752577,0.9756389026409683
4.948378723660454,0.049224544841537425,0.15051546391752577,0.9759291189374669
5.037318623316281,0.04993160054719562,0.15051546391752577,0.976287621421377
5.126258522972137,0.05083565459610028,0.15051546391752577,0.9767314816395514
5.215198422627964,0.051590106007067135,0.15051546391752577,0.9770899841234614
5.304138322283791,0.05255579553635709,0.15051546391752577,0.9775338443416358
5.393078221939646,0.053519061583577714,0.15051546391752577,0.9779606330129573
5.482018121595473,0.0531437125748503,0.1463917525773196,0.9784044932311317
5.570958021251329,0.05319148936170213,0.14432989690721648,0.978728852621336
5.659897920907156,0.053117782909930716,0.1422680412371134,0.9790019973709818
5.748837820563011,0.05345911949685535,0.1402061855670103,0.9794458575891561
5.837777720218838,0.05292702485966319,0.1360824742268041,0.9798385031667719
5.926717619874665,0.05237315875613748,0.13195876288659794,0.9802311487443878
6.015657519530521,0.052980132450331126,0.13195876288659794,0.9804701504003278
6.104597419186348,0.0532994923857868,0.12989690721649486,0.9808969390716493
6.193537318842203,0.05344827586206897,0.12783505154639174,0.9812554415555593
6.28247721849803,0.054481546572934976,0.12783505154639174,0.9816310155863223
6.371417118153886,0.05296229802513465,0.12164948453608247,0.9819895180702324
6.460357017809713,0.053783044667274384,0.12164948453608247,0.982279734366731
6.549296917465568,0.05488372093023256,0.12164948453608247,0.9826553083974939
6.6382368171213955,0.05560791705937795,0.12164948453608247,0.982894310053434
6.7271767167772225,0.05491329479768786,0.11752577319587629,0.983252812537344
6.816116616433078,0.05593719332679097,0.11752577319587629,0.9835771719275483
6.905056516088905,0.055944055944055944,0.1154639175257732,0.983867388224047
6.9939964157447605,0.056910569105691054,0.1154639175257732,0.9841576045205456
7.0829363154005875,0.057435897435897436,0.1154639175257732,0.9843112484422214
7.171876215056443,0.056016597510373446,0.11134020618556702,0.9844648923638971
7.26081611471227,0.056962025316455694,0.11134020618556702,0.9847380371135429
7.349756014368097,0.058315334773218146,0.11134020618556702,0.9851136111443057
7.438695914023953,0.05953693495038589,0.11134020618556702,0.9854379705345101
7.52763581367978,0.05975197294250282,0.10927835051546392,0.9857623299247145
7.616575713335635,0.059496567505720827,0.10721649484536082,0.9859671884869488
7.705515612991462,0.059371362048894066,0.10515463917525773,0.9862061901428888
7.794455512647318,0.06042654028436019,0.10515463917525773,0.9864622633456818
7.883395412303145,0.060459492140266025,0.10309278350515463,0.9867354080953276
7.972335311959,0.06134969325153374,0.10309278350515463,0.9869402666575618
8.061275211614827,0.06218905472636816,0.10309278350515463,0.9871280536729433
8.150215111270654,0.06313131313131314,0.10309278350515463,0.9873329122351776
8.23915501092651,0.06298200514138817,0.10103092783505155,0.9875548423442648
8.328094910582337,0.06405228758169934,0.10103092783505155,0.987776772453352
8.417034810238192,0.0636604774535809,0.09896907216494845,0.9879474879218806
8.50597470989402,0.0646900269541779,0.09896907216494845,0.9881523464841149
8.594914609549875,0.06403269754768393,0.09690721649484536,0.988271847312085
8.683854509205702,0.0636237897648686,0.09484536082474226,0.9884425627806136
8.772794408861529,0.06460674157303371,0.09484536082474226,0.9886303497959951
8.861734308517384,0.06437768240343347,0.09278350515463918,0.9888352083582294
8.950674208173211,0.06502890173410404,0.09278350515463918,0.9889547091861993
9.039614107829067,0.0650887573964497,0.09072164948453608,0.9892107823889923
9.128554007484894,0.06475903614457831,0.088659793814433,0.9893985694043738
9.21749390714075,0.06584992343032159,0.088659793814433,0.9895863564197552
9.306433806796576,0.0655226209048362,0.0865979381443299,0.9897741434351367
9.395373706452432,0.06635071090047394,0.0865979381443299,0.9899107158099595
9.484313606108259,0.0673076923076923,0.0865979381443299,0.9900643597316353
9.573253505764086,0.06829268292682927,0.0865979381443299,0.990218003653311
9.662193405419941,0.06710310965630115,0.08453608247422681,0.9902692182938696
9.751133305075768,0.06821963394342762,0.08453608247422681,0.9904399337623983
9.840073204731624,0.06734006734006734,0.08247422680412371,0.9905423630435154
9.929013104387451,0.06747404844290658,0.08041237113402062,0.9907984362463083
10.017953004043306,0.06666666666666667,0.07835051546391752,0.9909179370742783
10.106892903699134,0.0683453237410072,0.07835051546391752,0.9911569387302184
10.195832803354989,0.0695970695970696,0.07835051546391752,0.9913276541987469
10.284772703010816,0.07063197026022305,0.07835051546391752,0.9914642265735698
10.373712602666643,0.07142857142857142,0.07835051546391752,0.991566655854687
10.462652502322499,0.07196969696969698,0.07835051546391752,0.9916349420420985
10.551592401978326,0.07378640776699029,0.07835051546391752,0.9918568721511856
10.640532301634181,0.07341269841269842,0.07628865979381444,0.9920275876197142
10.729472201290008,0.07142857142857142,0.07216494845360824,0.9922324461819485
10.818412100945864,0.07083333333333333,0.07010309278350516,0.9923860901036243
10.90735200060169,0.06623931623931624,0.06391752577319587,0.9925397340253
10.996291900257518,0.06739130434782609,0.06391752577319587,0.9926763064001229
11.085231799913373,0.0684326710816777,0.06391752577319587,0.9927958072280929
11.1741716995692,0.06997742663656885,0.06391752577319587,0.9929665226966216
11.263111599225056,0.06697459584295612,0.05979381443298969,0.9931030950714445
11.352051498880883,0.06791569086651054,0.05979381443298969,0.9932055243525616
11.440991398536738,0.0688836104513064,0.05979381443298969,0.9933079536336787
11.529931298192565,0.06796116504854369,0.0577319587628866,0.9934445260085016
11.61887119784842,0.06930693069306931,0.0577319587628866,0.9935810983833245
11.707811097504248,0.06801007556675064,0.05567010309278351,0.9936835276644417
11.796750997160075,0.06701030927835051,0.05360824742268041,0.9938201000392646
11.88569089681593,0.06806282722513089,0.05360824742268041,0.9939225293203817
11.974630796471757,0.06613756613756613,0.05154639175257732,0.9939737439609403
12.063570696127613,0.06756756756756757,0.05154639175257732,0.9941103163357632
12.15251059578344,0.06887052341597796,0.05154639175257732,0.9942298171637332
12.241450495439295,0.06963788300835655,0.05154639175257732,0.9942981033511447
12.330390395095122,0.07062146892655367,0.05154639175257732,0.994383461085409
12.41933029475095,0.07102272727272728,0.05154639175257732,0.9944176041791146
12.508270194406805,0.07163323782234957,0.05154639175257732,0.9944688188196733
12.597210094062632,0.06764705882352941,0.04742268041237113,0.9945883196476433
12.686149993718487,0.06990881458966565,0.04742268041237113,0.9947761066630247
12.775089893374314,0.07098765432098765,0.04742268041237113,0.9948614643972891
12.86402979303017,0.071875,0.04742268041237113,0.9949297505847005
12.952969692685997,0.0744336569579288,0.04742268041237113,0.9951175376000819
13.041909592341852,0.07308970099667775,0.04536082474226804,0.995237038428052
13.13084949199768,0.07094594594594594,0.04329896907216495,0.9953053246154634
13.219789391653507,0.0711864406779661,0.04329896907216495,0.9953223961623162
13.308729291309362,0.07216494845360824,0.04329896907216495,0.9953906823497277
13.397669190965189,0.07092198581560284,0.041237113402061855,0.9955272547245506
13.486609090621045,0.06785714285714285,0.03917525773195876,0.9955443262714034
13.575548990276872,0.06909090909090909,0.03917525773195876,0.9956296840056678
13.664488889932727,0.06985294117647059,0.03917525773195876,0.9956808986462263
13.753428789588554,0.07063197026022305,0.03917525773195876,0.9957321132867849
13.842368689244381,0.07279693486590039,0.03917525773195876,0.9958686856616078
13.931308588900237,0.07421875,0.03917525773195876,0.9959540433958721
14.020248488556064,0.07539682539682539,0.03917525773195876,0.9960223295832835
14.10918838821192,0.07661290322580645,0.03917525773195876,0.996090615770695
14.198128287867746,0.07346938775510205,0.03711340206185567,0.9961247588644007
14.287068187523602,0.0759493670886076,0.03711340206185567,0.9962613312392236
14.376008087179429,0.07758620689655173,0.03711340206185567,0.9963466889734879
14.464947986835284,0.07792207792207792,0.03711340206185567,0.9963637605203407
14.553887886491111,0.07894736842105263,0.03711340206185567,0.9964149751608993
14.642827786146938,0.07964601769911504,0.03711340206185567,0.996449118254605
14.731767685802794,0.07692307692307693,0.03505154639175258,0.9965174044420165
14.82070758545862,0.07582938388625593,0.032989690721649485,0.9966710483636922
14.909647485114476,0.07246376811594203,0.030927835051546393,0.9967222630042508
14.998587384770303,0.07389162561576355,0.030927835051546393,0.9967905491916622
15.087527284426159,0.07462686567164178,0.030927835051546393,0.996824692285368
15.176467184081986,0.07731958762886598,0.030927835051546393,0.996944193113338
15.265407083737841,0.07853403141361257,0.030927835051546393,0.9969954077538966
15.354346983393668,0.07936507936507936,0.030927835051546393,0.9970295508476023
15.443286883049495,0.08152173913043478,0.030927835051546393,0.9971149085818666
15.53222678270535,0.08241758241758242,0.030927835051546393,0.9971490516755723
15.621166682361178,0.0847457627118644,0.030927835051546393,0.9972344094098367
15.710106582017033,0.08045977011494253,0.0288659793814433,0.9972685525035423
15.79904648167286,0.08235294117647059,0.0288659793814433,0.9973368386909538
15.887986381328716,0.08284023668639054,0.0288659793814433,0.9973539102378066
15.976926280984543,0.08433734939759036,0.0288659793814433,0.9974051248783652
16.06586618064037,0.08588957055214724,0.0288659793814433,0.9974563395189238
16.154806080296225,0.08695652173913043,0.0288659793814433,0.9974904826126295
16.243745979952052,0.08387096774193549,0.026804123711340205,0.9975758403468938
16.332685879607908,0.087248322147651,0.026804123711340205,0.997678269628011
16.421625779263735,0.0896551724137931,0.026804123711340205,0.9977465558154225
16.51056567891959,0.09219858156028368,0.026804123711340205,0.9978148420028339
16.599505578575418,0.0948905109489051,0.026804123711340205,0.9978831281902453
16.688445478231273,0.09701492537313433,0.026804123711340205,0.9979343428308038
16.7773853778871,0.09701492537313433,0.026804123711340205,0.9979343428308038
16.866325277542927,0.0916030534351145,0.024742268041237112,0.9979684859245096
16.955265177198783,0.09302325581395349,0.024742268041237112,0.9980026290182153
17.04420507685461,0.09448818897637795,0.024742268041237112,0.9980367721119211
17.133144976510465,0.09523809523809523,0.024742268041237112,0.9980538436587739
17.222084876166292,0.096,0.024742268041237112,0.9980709152056267
17.311024775822148,0.09836065573770492,0.024742268041237112,0.9981221298461853
17.399964675477975,0.1,0.024742268041237112,0.9981562729398911
17.4889045751338,0.10344827586206896,0.024742268041237112,0.9982245591273026
17.577844474789657,0.08928571428571429,0.020618556701030927,0.9982587022210082
17.666784374445484,0.09259259259259259,0.020618556701030927,0.9983269884084197
17.75572427410134,0.09523809523809523,0.020618556701030927,0.9983782030489783
17.844664173757167,0.0970873786407767,0.020618556701030927,0.998412346142684
17.933604073413022,0.10101010101010101,0.020618556701030927,0.9984806323300954
18.02254397306885,0.10309278350515463,0.020618556701030927,0.9985147754238012
18.111483872724705,0.08695652173913043,0.016494845360824743,0.9985659900643598
18.20042377238053,0.07692307692307693,0.01443298969072165,0.9985659900643598
18.28936367203636,0.06741573033707865,0.012371134020618556,0.9985830616112126
18.378303571692214,0.07142857142857142,0.012371134020618556,0.9986684193454769
18.46724347134804,0.07228915662650602,0.012371134020618556,0.9986854908923297
18.556183371003897,0.07228915662650602,0.012371134020618556,0.9986854908923297
18.645123270659724,0.07407407407407407,0.012371134020618556,0.9987196339860355
18.73406317031558,0.0759493670886076,0.012371134020618556,0.9987537770797412
18.823003069971406,0.07792207792207792,0.012371134020618556,0.9987879201734469
18.911942969627233,0.08,0.012371134020618556,0.9988220632671526
19.00088286928309,0.0821917808219178,0.012371134020618556,0.9988562063608584
19.089822768938916,0.08450704225352113,0.012371134020618556,0.9988903494545641
19.17876266859477,0.08695652173913043,0.012371134020618556,0.9989244925482698
19.2677025682506,0.09230769230769231,0.012371134020618556,0.9989927787356813
19.356642467906454,0.09230769230769231,0.012371134020618556,0.9989927787356813
19.44558236756228,0.06451612903225806,0.008247422680412371,0.9990098502825341
19.534522267218136,0.06557377049180328,0.008247422680412371,0.999026921829387
19.623462166873963,0.06779661016949153,0.008247422680412371,0.9990610649230927
19.71240206652979,0.05172413793103448,0.006185567010309278,0.9990610649230927
19.801341966185646,0.05172413793103448,0.006185567010309278,0.9990610649230927
19.890281865841473,0.03571428571428571,0.004123711340206186,0.9990781364699456
19.97922176549733,0.03636363636363636,0.004123711340206186,0.9990952080167984
20.068161665153156,0.037037037037037035,0.004123711340206186,0.9991122795636512
20.15710156480901,0.0392156862745098,0.004123711340206186,0.9991634942042098
20.246041464464838,0.04,0.004123711340206186,0.9991805657510627
20.334981364120665,0.0425531914893617,0.004123711340206186,0.9992317803916213
20.42392126377652,0.043478260869565216,0.004123711340206186,0.9992488519384741
20.512861163432348,0.043478260869565216,0.004123711340206186,0.9992488519384741
20.601801063088203,0.043478260869565216,0.004123711340206186,0.9992488519384741
20.69074096274403,0.043478260869565216,0.004123711340206186,0.9992488519384741
20.779680862399886,0.022727272727272728,0.002061855670103093,0.9992659234853271
20.868620762055713,0.022727272727272728,0.002061855670103093,0.9992659234853271
20.957560661711568,0.023255813953488372,0.002061855670103093,0.9992829950321799
21.046500561367395,0.023809523809523808,0.002061855670103093,0.9993000665790327
21.135440461023222,0.025,0.002061855670103093,0.9993342096727384
21.224380360679078,0.025,0.002061855670103093,0.9993342096727384
21.313320260334905,0.02564102564102564,0.002061855670103093,0.9993512812195913
21.40226015999076,0.02564102564102564,0.002061855670103093,0.9993512812195913
21.491200059646587,0.02631578947368421,0.002061855670103093,0.9993683527664442
21.580139959302443,0.02702702702702703,0.002061855670103093,0.999385424313297
21.66907985895827,0.02857142857142857,0.002061855670103093,0.9994195674070028
21.758019758614125,0.029411764705882353,0.002061855670103093,0.9994366389538556
21.846959658269952,0.029411764705882353,0.002061855670103093,0.9994366389538556
21.93589955792578,0.030303030303030304,0.002061855670103093,0.9994537105007084
22.024839457581635,0.0,0.0,0.9994537105007084
22.113779357237462,0.0,0.0,0.9994878535944142
22.202719256893317,0.0,0.0,0.9995049251412671
22.291659156549144,0.0,0.0,0.9995049251412671
22.380599056205,0.0,0.0,0.9995049251412671
22.469538955860827,0.0,0.0,0.9995219966881199
22.558478855516654,0.0,0.0,0.9995219966881199
22.64741875517251,0.0,0.0,0.9995219966881199
22.736358654828337,0.0,0.0,0.9995561397818257
22.825298554484192,0.0,0.0,0.9995561397818257
22.91423845414002,0.0,0.0,0.9995561397818257
23.003178353795875,0.0,0.0,0.9995732113286785
23.0921182534517,0.0,0.0,0.9995732113286785
23.181058153107557,0.0,0.0,0.9995732113286785
23.269998052763384,0.0,0.0,0.9995732113286785
23.35893795241921,0.0,0.0,0.9995902828755313
23.447877852075067,0.0,0.0,0.9996073544223842
23.536817751730894,0.0,0.0,0.9996073544223842
23.62575765138675,0.0,0.0,0.9996414975160899
23.714697551042576,0.0,0.0,0.9996414975160899
23.80363745069843,0.0,0.0,0.9996414975160899
23.89257735035426,0.0,0.0,0.9996756406097956
23.981517250010086,0.0,0.0,0.9996756406097956
24.07045714966594,0.0,0.0,0.9996756406097956
24.15939704932177,0.0,0.0,0.9996927121566486
24.248336948977624,0.0,0.0,0.9996927121566486
24.33727684863345,0.0,0.0,0.9997097837035014
24.426216748289306,0.0,0.0,0.9997097837035014
24.515156647945133,0.0,0.0,0.9997268552503542
24.60409654760099,0.0,0.0,0.9997439267972071
24.693036447256816,0.0,0.0,0.99976099834406
24.781976346912643,0.0,0.0,0.99976099834406
24.8709162465685,0.0,0.0,0.9997780698909128
24.959856146224325,0.0,0.0,0.9997780698909128
25.04879604588018,0.0,0.0,0.9997951414377657
25.137735945536008,0.0,0.0,0.9998122129846185
25.226675845191863,0.0,0.0,0.9998122129846185
25.31561574484769,0.0,0.0,0.9998122129846185
25.404555644503517,0.0,0.0,0.9998122129846185
25.493495544159373,0.0,0.0,0.9998292845314714
25.5824354438152,0.0,0.0,0.9998292845314714
25.671375343471055,0.0,0.0,0.9998292845314714
25.760315243126882,0.0,0.0,0.9998463560783243
25.849255142782738,0.0,0.0,0.9998634276251771
25.938195042438565,0.0,0.0,0.9998804991720299
26.02713494209442,0.0,0.0,0.9998804991720299
26.116074841750248,0.0,0.0,0.9998975707188829
26.205014741406075,0.0,0.0,0.9998975707188829
26.29395464106193,0.0,0.0,0.9999146422657357
26.382894540717757,0.0,0.0,0.9999146422657357
26.471834440373613,0.0,0.0,0.9999146422657357
26.56077434002944,0.0,0.0,0.9999146422657357
26.649714239685295,0.0,0.0,0.9999146422657357
26.738654139341122,0.0,0.0,0.9999146422657357
26.827594038996978,0.0,0.0,0.9999146422657357
26.916533938652805,0.0,0.0,0.9999146422657357
27.00547383830863,0.0,0.0,0.9999146422657357
27.094413737964487,0.0,0.0,0.9999146422657357
27.183353637620314,0.0,0.0,0.9999146422657357
27.27229353727617,0.0,0.0,0.9999317138125886
27.361233436931997,0.0,0.0,0.9999487853594414
27.450173336587852,0.0,0.0,0.9999487853594414
27.53911323624368,0.0,0.0,0.9999658569062942
27.628053135899506,0.0,0.0,0.9999658569062942
27.71699303555536,0.0,0.0,0.9999658569062942
27.80593293521119,0.0,0.0,0.9999658569062942
27.894872834867044,0.0,0.0,0.9999658569062942
27.98381273452287,0.0,0.0,0.9999658569062942
28.072752634178727,0.0,0.0,0.9999658569062942
28.161692533834554,0.0,0.0,0.9999829284531472
28.25063243349041,0.0,0.0,0.9999829284531472
28.339572333146236,0.0,0.0,0.9999829284531472
28.428512232802063,0.0,0.0,0.9999829284531472
28.51745213245792,0.0,0.0,0.9999829284531472
28.606392032113746,0.0,0.0,0.9999829284531472
28.6953319317696,0.0,0.0,0.9999829284531472
28.78427183142543,0.0,0.0,0.9999829284531472
28.873211731081284,0.0,0.0,0.9999829284531472
28.96215163073711,0.0,0.0,0.9999829284531472
29.051091530392938,0.0,0.0,0.9999829284531472
29.140031430048793,0.0,0.0,0.9999829284531472
29.22897132970462,0.0,0.0,0.9999829284531472
29.317911229360476,0.0,0.0,0.9999829284531472
29.406851129016303,0.0,0.0,0.9999829284531472
29.49579102867216,0.0,0.0,0.9999829284531472
29.584730928327986,0.0,0.0,0.9999829284531472
29.67367082798384,0.0,0.0,0.9999829284531472
29.762610727639668,0.0,0.0,0.9999829284531472
29.851550627295495,0.0,0.0,0.9999829284531472
29.94049052695135,0.0,0.0,0.9999829284531472
30.029430426607178,0.0,0.0,0.9999829284531472
30.118370326263033,0.0,0.0,0.9999829284531472
30.20731022591886,0.0,0.0,0.9999829284531472
30.296250125574716,0.0,0.0,0.9999829284531472
30.385190025230543,0.0,0.0,0.9999829284531472
30.47412992488637,0.0,0.0,0.9999829284531472
30.563069824542225,0.0,0.0,0.9999829284531472
30.652009724198052,0.0,0.0,0.9999829284531472
30.740949623853908,0.0,0.0,0.9999829284531472
30.829889523509735,0.0,0.0,0.9999829284531472
30.91882942316559,0.0,0.0,0.9999829284531472
31.007769322821417,0.0,0.0,0.9999829284531472
31.096709222477273,0.0,0.0,0.9999829284531472
31.1856491221331,0.0,0.0,0.9999829284531472
31.274589021788927,0.0,0.0,0.9999829284531472
31.363528921444782,0.0,0.0,0.9999829284531472
31.45246882110061,0.0,0.0,0.9999829284531472
31.541408720756465,0.0,0.0,0.9999829284531472
31.630348620412292,0.0,0.0,0.9999829284531472
31.719288520068147,0.0,0.0,0.9999829284531472
31.808228419723974,0.0,0.0,0.9999829284531472
31.8971683193798,0.0,0.0,0.9999829284531472
31.986108219035657,0.0,0.0,0.9999829284531472
32.075048118691484,0.0,0.0,0.9999829284531472
32.16398801834734,0.0,0.0,0.9999829284531472
32.25292791800317,0.0,0.0,0.9999829284531472
32.34186781765902,0.0,0.0,0.9999829284531472
32.43080771731485,0.0,0.0,0.9999829284531472
32.519747616970704,0.0,0.0,0.9999829284531472
32.60868751662653,0.0,0.0,0.9999829284531472
32.69762741628236,0.0,0.0,0.9999829284531472
32.786567315938214,0.0,0.0,0.9999829284531472
32.87550721559404,0.0,0.0,0.9999829284531472
32.9644471152499,0.0,0.0,0.9999829284531472
33.053387014905724,0.0,0.0,0.9999829284531472
33.14232691456158,0.0,0.0,0.9999829284531472
33.231266814217406,0.0,0.0,0.9999829284531472
33.32020671387326,0.0,0.0,0.9999829284531472
