Threshold,Precision,Recall,Specificity
-143.29947250193698,0.008431817412210897,1.0,0.0
-143.20400716192563,0.008431960176766394,1.0,1.7075336384126766e-05
-143.1085418219143,0.008431960176766394,1.0,1.7075336384126766e-05
-143.01307648190294,0.008431960176766394,1.0,1.7075336384126766e-05
-142.91761114189157,0.008431960176766394,1.0,1.7075336384126766e-05
-142.82214580188023,0.008431960176766394,1.0,1.7075336384126766e-05
-142.72668046186888,0.008431960176766394,1.0,1.7075336384126766e-05
-142.63121512185754,0.008431960176766394,1.0,1.7075336384126766e-05
-142.5357497818462,0.008431960176766394,1.0,1.7075336384126766e-05
-142.44028444183485,0.008431960176766394,1.0,1.7075336384126766e-05
-142.34481910182348,0.008431960176766394,1.0,1.7075336384126766e-05
-142.24935376181213,0.008431960176766394,1.0,1.7075336384126766e-05
-142.1538884218008,0.008431960176766394,1.0,1.7075336384126766e-05
-142.05842308178944,0.008431960176766394,1.0,1.7075336384126766e-05
-141.9629577417781,0.008431960176766394,1.0,1.7075336384126766e-05
-141.86749240176675,0.008431960176766394,1.0,1.7075336384126766e-05
-141.77202706175538,0.008431960176766394,1.0,1.7075336384126766e-05
-141.67656172174404,0.008431960176766394,1.0,1.7075336384126766e-05
-141.5810963817327,0.008431960176766394,1.0,1.7075336384126766e-05
-141.48563104172135,0.008431960176766394,1.0,1.7075336384126766e-05
-141.39016570171,0.008431960176766394,1.0,1.7075336384126766e-05
-141.29470036169866,0.008431960176766394,1.0,1.7075336384126766e-05
-141.1992350216873,0.008431960176766394,1.0,1.7075336384126766e-05
-141.10376968167594,0.008431960176766394,1.0,1.7075336384126766e-05
-141.0083043416646,0.008431960176766394,1.0,1.7075336384126766e-05
-140.91283900165325,0.008431960176766394,1.0,1.7075336384126766e-05
-140.8173736616419,0.008431960176766394,1.0,1.7075336384126766e-05
-140.72190832163056,0.008431960176766394,1.0,1.7075336384126766e-05
-140.6264429816192,0.008431960176766394,1.0,1.7075336384126766e-05
-140.53097764160785,0.008431960176766394,1.0,1.7075336384126766e-05
-140.4355123015965,0.008431960176766394,1.0,1.7075336384126766e-05
-140.34004696158516,0.008431960176766394,1.0,1.7075336384126766e-05
-140.24458162157381,0.008431960176766394,1.0,1.7075336384126766e-05
-140.14911628156247,0.008431960176766394,1.0,1.7075336384126766e-05
-140.0536509415511,0.008431960176766394,1.0,1.7075336384126766e-05
-139.95818560153975,0.008431960176766394,1.0,1.7075336384126766e-05
-139.8627202615284,0.008431960176766394,1.0,1.7075336384126766e-05
-139.76725492151706,0.00843210294615645,1.0,3.415067276825353e-05
-139.67178958150572,0.00843210294615645,1.0,3.415067276825353e-05
-139.57632424149438,0.008432388499441227,1.0,6.830134553650706e-05
-139.480858901483,0.008432388499441227,1.0,6.830134553650706e-05
-139.38539356147166,0.008432531283336438,1.0,8.537668192063384e-05
-139.28992822146031,0.008432531283336438,1.0,8.537668192063384e-05
-139.19446288144897,0.008432531283336438,1.0,8.537668192063384e-05
-139.09899754143763,0.008432531283336438,1.0,8.537668192063384e-05
-139.00353220142628,0.008432531283336438,1.0,8.537668192063384e-05
-138.9080668614149,0.008432531283336438,1.0,8.537668192063384e-05
-138.81260152140356,0.008432531283336438,1.0,8.537668192063384e-05
-138.71713618139222,0.008432531283336438,1.0,8.537668192063384e-05
-138.62167084138088,0.008432531283336438,1.0,8.537668192063384e-05
-138.52620550136953,0.008432531283336438,1.0,8.537668192063384e-05
-138.4307401613582,0.008432531283336438,1.0,8.537668192063384e-05
-138.33527482134681,0.008432531283336438,1.0,8.537668192063384e-05
-138.23980948133547,0.008432531283336438,1.0,8.537668192063384e-05
-138.14434414132413,0.008432531283336438,1.0,8.537668192063384e-05
-138.04887880131278,0.008432531283336438,1.0,8.537668192063384e-05
-137.95341346130144,0.008432531283336438,1.0,8.537668192063384e-05
-137.8579481212901,0.008432531283336438,1.0,8.537668192063384e-05
-137.76248278127872,0.008432531283336438,1.0,8.537668192063384e-05
-137.66701744126738,0.008432531283336438,1.0,8.537668192063384e-05
-137.57155210125603,0.008432531283336438,1.0,8.537668192063384e-05
-137.4760867612447,0.008432531283336438,1.0,8.537668192063384e-05
-137.38062142123334,0.008432531283336438,1.0,8.537668192063384e-05
-137.285156081222,0.008432531283336438,1.0,8.537668192063384e-05
-137.18969074121063,0.008432531283336438,1.0,8.537668192063384e-05
-137.09422540119928,0.008432531283336438,1.0,8.537668192063384e-05
-136.99876006118794,0.008432531283336438,1.0,8.537668192063384e-05
-136.9032947211766,0.008432531283336438,1.0,8.537668192063384e-05
-136.80782938116525,0.008432531283336438,1.0,8.537668192063384e-05
-136.7123640411539,0.008432531283336438,1.0,8.537668192063384e-05
-136.61689870114253,0.008432531283336438,1.0,8.537668192063384e-05
-136.5214333611312,0.008432531283336438,1.0,8.537668192063384e-05
-136.42596802111984,0.008432531283336438,1.0,8.537668192063384e-05
-136.3305026811085,0.008432531283336438,1.0,8.537668192063384e-05
-136.23503734109715,0.008432531283336438,1.0,8.537668192063384e-05
-136.1395720010858,0.008432531283336438,1.0,8.537668192063384e-05
-136.04410666107444,0.008432531283336438,1.0,8.537668192063384e-05
-135.9486413210631,0.008432531283336438,1.0,8.537668192063384e-05
-135.85317598105175,0.008432531283336438,1.0,8.537668192063384e-05
-135.7577106410404,0.008432531283336438,1.0,8.537668192063384e-05
-135.66224530102906,0.008432531283336438,1.0,8.537668192063384e-05
-135.56677996101772,0.008432531283336438,1.0,8.537668192063384e-05
-135.47131462100634,0.008432531283336438,1.0,8.537668192063384e-05
-135.375849280995,0.008432531283336438,1.0,8.537668192063384e-05
-135.28038394098365,0.00843267407206719,1.0,0.00010245201830476061
-135.1849186009723,0.00843267407206719,1.0,0.00010245201830476061
-135.08945326096097,0.00843267407206719,1.0,0.00010245201830476061
-134.99398792094962,0.00843267407206719,1.0,0.00010245201830476061
-134.89852258093828,0.00843267407206719,1.0,0.00010245201830476061
-134.8030572409269,0.00843281686563373,1.0,0.00011952735468888737
-134.70759190091556,0.008432959664036305,1.0,0.00013660269107301413
-134.61212656090422,0.008432959664036305,1.0,0.00013660269107301413
-134.51666122089287,0.00843310246727516,1.0,0.00015367802745714092
-134.42119588088153,0.00843310246727516,1.0,0.00015367802745714092
-134.32573054087015,0.00843310246727516,1.0,0.00015367802745714092
-134.2302652008588,0.00843310246727516,1.0,0.00015367802745714092
-134.13479986084747,0.00843310246727516,1.0,0.00015367802745714092
-134.03933452083612,0.00843310246727516,1.0,0.00015367802745714092
-133.94386918082478,0.00843310246727516,1.0,0.00015367802745714092
-133.84840384081343,0.00843310246727516,1.0,0.00015367802745714092
-133.7529385008021,0.00843310246727516,1.0,0.00015367802745714092
-133.65747316079072,0.008433245275350538,1.0,0.00017075336384126768
-133.56200782077937,0.008433245275350538,1.0,0.00017075336384126768
-133.46654248076803,0.008433245275350538,1.0,0.00017075336384126768
-133.37107714075668,0.008433245275350538,1.0,0.00017075336384126768
-133.27561180074534,0.008433388088262689,1.0,0.00018782870022539445
-133.18014646073397,0.008433388088262689,1.0,0.00018782870022539445
-133.08468112072262,0.008433388088262689,1.0,0.00018782870022539445
-132.98921578071128,0.008433388088262689,1.0,0.00018782870022539445
-132.89375044069993,0.008433388088262689,1.0,0.00018782870022539445
-132.7982851006886,0.008433388088262689,1.0,0.00018782870022539445
-132.70281976067724,0.008433388088262689,1.0,0.00018782870022539445
-132.6073544206659,0.008433388088262689,1.0,0.00018782870022539445
-132.51188908065453,0.008433388088262689,1.0,0.00018782870022539445
-132.41642374064318,0.008433388088262689,1.0,0.00018782870022539445
-132.32095840063184,0.008433388088262689,1.0,0.00018782870022539445
-132.2254930606205,0.008433388088262689,1.0,0.00018782870022539445
-132.13002772060915,0.008433388088262689,1.0,0.00018782870022539445
-132.03456238059778,0.008433388088262689,1.0,0.00018782870022539445
-131.93909704058643,0.008433388088262689,1.0,0.00018782870022539445
-131.8436317005751,0.008433530906011854,1.0,0.00020490403660952122
-131.74816636056374,0.008433530906011854,1.0,0.00020490403660952122
-131.6527010205524,0.008433673728598283,1.0,0.00022197937299364798
-131.55723568054105,0.008433673728598283,1.0,0.00022197937299364798
-131.4617703405297,0.008433673728598283,1.0,0.00022197937299364798
-131.36630500051834,0.008433673728598283,1.0,0.00022197937299364798
-131.270839660507,0.008433673728598283,1.0,0.00022197937299364798
-131.17537432049565,0.008433673728598283,1.0,0.00022197937299364798
-131.0799089804843,0.008433673728598283,1.0,0.00022197937299364798
-130.98444364047296,0.008433673728598283,1.0,0.00022197937299364798
-130.88897830046162,0.00843381655602222,1.0,0.00023905470937777475
-130.79351296045024,0.00843381655602222,1.0,0.00023905470937777475
-130.6980476204389,0.00843381655602222,1.0,0.00023905470937777475
-130.60258228042755,0.00843381655602222,1.0,0.00023905470937777475
-130.5071169404162,0.00843381655602222,1.0,0.00023905470937777475
-130.41165160040487,0.00843381655602222,1.0,0.00023905470937777475
-130.31618626039352,0.00843381655602222,1.0,0.00023905470937777475
-130.22072092038215,0.00843381655602222,1.0,0.00023905470937777475
-130.1252555803708,0.00843395938828391,1.0,0.0002561300457619015
-130.02979024035946,0.0084341022253836,1.0,0.00027320538214602825
-129.93432490034812,0.008434245067321534,1.0,0.00029028071853015504
-129.83885956033677,0.008434245067321534,1.0,0.00029028071853015504
-129.74339422032543,0.008434245067321534,1.0,0.00029028071853015504
-129.64792888031405,0.008434245067321534,1.0,0.00029028071853015504
-129.5524635403027,0.008434245067321534,1.0,0.00029028071853015504
-129.45699820029137,0.008434245067321534,1.0,0.00029028071853015504
-129.36153286028002,0.008434245067321534,1.0,0.00029028071853015504
-129.26606752026868,0.008434245067321534,1.0,0.00029028071853015504
-129.17060218025733,0.008434245067321534,1.0,0.00029028071853015504
-129.07513684024596,0.008434245067321534,1.0,0.00029028071853015504
-128.97967150023462,0.008434245067321534,1.0,0.00029028071853015504
-128.88420616022327,0.008434245067321534,1.0,0.00029028071853015504
-128.78874082021193,0.008434245067321534,1.0,0.00029028071853015504
-128.69327548020058,0.008434245067321534,1.0,0.00029028071853015504
-128.59781014018924,0.008434245067321534,1.0,0.00029028071853015504
-128.50234480017787,0.00843438791409796,1.0,0.00030735605491428184
-128.40687946016652,0.00843438791409796,1.0,0.00030735605491428184
-128.31141412015518,0.008434530765713124,1.0,0.0003244313912984086
-128.21594878014383,0.008434530765713124,1.0,0.0003244313912984086
-128.1204834401325,0.008434530765713124,1.0,0.0003244313912984086
-128.02501810012114,0.008434673622167271,1.0,0.00034150672768253537
-127.92955276010979,0.008434673622167271,1.0,0.00034150672768253537
-127.83408742009843,0.008434673622167271,1.0,0.00034150672768253537
-127.73862208008708,0.008434673622167271,1.0,0.00034150672768253537
-127.64315674007574,0.008434673622167271,1.0,0.00034150672768253537
-127.5476914000644,0.008434673622167271,1.0,0.00034150672768253537
-127.45222606005304,0.008434673622167271,1.0,0.00034150672768253537
-127.35676072004169,0.008434673622167271,1.0,0.00034150672768253537
-127.26129538003033,0.008434673622167271,1.0,0.00034150672768253537
-127.16583004001899,0.008434673622167271,1.0,0.00034150672768253537
-127.07036470000764,0.008434673622167271,1.0,0.00034150672768253537
-126.9748993599963,0.008434959349593495,1.0,0.0003756574004507889
-126.87943401998494,0.008434959349593495,1.0,0.0003756574004507889
-126.7839686799736,0.008434959349593495,1.0,0.0003756574004507889
-126.68850333996224,0.008434959349593495,1.0,0.0003756574004507889
-126.5930379999509,0.008434959349593495,1.0,0.0003756574004507889
-126.49757265993955,0.008435102220566067,1.0,0.00039273273683491564
-126.4021073199282,0.008435102220566067,1.0,0.00039273273683491564
-126.30664197991685,0.008435102220566067,1.0,0.00039273273683491564
-126.2111766399055,0.008435245096378604,1.0,0.00040980807321904243
-126.11571129989414,0.008435245096378604,1.0,0.00040980807321904243
-126.0202459598828,0.008435245096378604,1.0,0.00040980807321904243
-125.92478061987146,0.008435245096378604,1.0,0.00040980807321904243
-125.82931527986011,0.008435245096378604,1.0,0.00040980807321904243
-125.73384993984875,0.008435245096378604,1.0,0.00040980807321904243
-125.63838459983741,0.008435245096378604,1.0,0.00040980807321904243
-125.54291925982605,0.008435245096378604,1.0,0.00040980807321904243
-125.4474539198147,0.008435245096378604,1.0,0.00040980807321904243
-125.35198857980336,0.008435387977031352,1.0,0.00042688340960316917
-125.25652323979202,0.008435387977031352,1.0,0.00042688340960316917
-125.16105789978066,0.008435387977031352,1.0,0.00042688340960316917
-125.06559255976931,0.008435387977031352,1.0,0.00042688340960316917
-124.97012721975796,0.008435387977031352,1.0,0.00042688340960316917
-124.87466187974661,0.00843553086252456,1.0,0.00044395874598729596
-124.77919653973527,0.00843553086252456,1.0,0.00044395874598729596
-124.68373119972392,0.00843553086252456,1.0,0.00044395874598729596
-124.58826585971256,0.00843553086252456,1.0,0.00044395874598729596
-124.49280051970122,0.00843553086252456,1.0,0.00044395874598729596
-124.39733517968988,0.00843553086252456,1.0,0.00044395874598729596
-124.30186983967852,0.00843553086252456,1.0,0.00044395874598729596
-124.20640449966717,0.00843553086252456,1.0,0.00044395874598729596
-124.11093915965583,0.008435673752858475,1.0,0.0004610340823714227
-124.01547381964447,0.008435816648033338,1.0,0.0004781094187555495
-123.92000847963313,0.008435816648033338,1.0,0.0004781094187555495
-123.82454313962178,0.008435816648033338,1.0,0.0004781094187555495
-123.72907779961042,0.008435816648033338,1.0,0.0004781094187555495
-123.63361245959908,0.008435816648033338,1.0,0.0004781094187555495
-123.53814711958773,0.008435959548049396,1.0,0.0004951847551396762
-123.44268177957638,0.008436102452906899,1.0,0.000512260091523803
-123.34721643956503,0.008436102452906899,1.0,0.000512260091523803
-123.25175109955369,0.008436102452906899,1.0,0.000512260091523803
-123.15628575954233,0.008436102452906899,1.0,0.000512260091523803
-123.06082041953098,0.008436102452906899,1.0,0.000512260091523803
-122.96535507951964,0.008436245362606088,1.0,0.0005293354279079298
-122.86988973950828,0.008436245362606088,1.0,0.0005293354279079298
-122.77442439949694,0.008436388277147213,1.0,0.0005464107642920565
-122.67895905948559,0.008436388277147213,1.0,0.0005464107642920565
-122.58349371947423,0.008436388277147213,1.0,0.0005464107642920565
-122.48802837946289,0.008436388277147213,1.0,0.0005464107642920565
-122.39256303945155,0.008436531196530518,1.0,0.0005634861006761833
-122.2970976994402,0.008436531196530518,1.0,0.0005634861006761833
-122.20163235942884,0.008436531196530518,1.0,0.0005634861006761833
-122.1061670194175,0.008436531196530518,1.0,0.0005634861006761833
-122.01070167940614,0.008436531196530518,1.0,0.0005634861006761833
-121.9152363393948,0.008436531196530518,1.0,0.0005634861006761833
-121.81977099938345,0.008436531196530518,1.0,0.0005634861006761833
-121.7243056593721,0.008436531196530518,1.0,0.0005634861006761833
-121.62884031936075,0.008436531196530518,1.0,0.0005634861006761833
-121.5333749793494,0.008436531196530518,1.0,0.0005634861006761833
-121.43790963933805,0.008436531196530518,1.0,0.0005634861006761833
-121.3424442993267,0.008436531196530518,1.0,0.0005634861006761833
-121.24697895931536,0.008436531196530518,1.0,0.0005634861006761833
-121.15151361930401,0.008436531196530518,1.0,0.0005634861006761833
-121.05604827929265,0.008436531196530518,1.0,0.0005634861006761833
-120.96058293928131,0.008436674120756252,1.0,0.0005805614370603101
-120.86511759926995,0.008436674120756252,1.0,0.0005805614370603101
-120.7696522592586,0.008436674120756252,1.0,0.0005805614370603101
-120.67418691924726,0.008436817049824656,1.0,0.0005976367734444369
-120.57872157923592,0.00843695998373598,1.0,0.0006147121098285637
-120.48325623922456,0.00843695998373598,1.0,0.0006147121098285637
-120.38779089921321,0.00843695998373598,1.0,0.0006147121098285637
-120.29232555920186,0.00843695998373598,1.0,0.0006147121098285637
-120.19686021919051,0.00843695998373598,1.0,0.0006147121098285637
-120.10139487917917,0.00843710292249047,1.0,0.0006317874462126904
-120.00592953916782,0.00843710292249047,1.0,0.0006317874462126904
-119.91046419915646,0.00843710292249047,1.0,0.0006317874462126904
-119.81499885914512,0.00843710292249047,1.0,0.0006317874462126904
-119.71953351913376,0.00843710292249047,1.0,0.0006317874462126904
-119.62406817912242,0.00843710292249047,1.0,0.0006317874462126904
-119.52860283911107,0.00843710292249047,1.0,0.0006317874462126904
-119.43313749909973,0.00843710292249047,1.0,0.0006317874462126904
-119.33767215908837,0.00843710292249047,1.0,0.0006317874462126904
-119.24220681907703,0.00843710292249047,1.0,0.0006317874462126904
-119.14674147906567,0.00843710292249047,1.0,0.0006317874462126904
-119.05127613905432,0.00843710292249047,1.0,0.0006317874462126904
-118.95581079904298,0.00843710292249047,1.0,0.0006317874462126904
-118.86034545903163,0.00843710292249047,1.0,0.0006317874462126904
-118.76488011902028,0.00843710292249047,1.0,0.0006317874462126904
-118.66941477900893,0.00843710292249047,1.0,0.0006317874462126904
-118.57394943899757,0.00843724586608837,1.0,0.0006488627825968172
-118.47848409898623,0.00843724586608837,1.0,0.0006488627825968172
-118.38301875897488,0.00843724586608837,1.0,0.0006488627825968172
-118.28755341896354,0.00843724586608837,1.0,0.0006488627825968172
-118.19208807895218,0.00843724586608837,1.0,0.0006488627825968172
-118.09662273894084,0.00843724586608837,1.0,0.0006488627825968172
-118.00115739892948,0.00843724586608837,1.0,0.0006488627825968172
-117.90569205891813,0.00843724586608837,1.0,0.0006488627825968172
-117.81022671890679,0.00843724586608837,1.0,0.0006488627825968172
-117.71476137889545,0.00843724586608837,1.0,0.0006488627825968172
-117.61929603888409,0.00843724586608837,1.0,0.0006488627825968172
-117.52383069887274,0.00843724586608837,1.0,0.0006488627825968172
-117.42836535886138,0.00843724586608837,1.0,0.0006488627825968172
-117.33290001885004,0.00843724586608837,1.0,0.0006488627825968172
-117.2374346788387,0.00843724586608837,1.0,0.0006488627825968172
-117.14196933882735,0.00843724586608837,1.0,0.0006488627825968172
-117.046503998816,0.008437388814529928,1.0,0.0006659381189809439
-116.95103865880465,0.008437388814529928,1.0,0.0006659381189809439
-116.85557331879329,0.008437531767815391,1.0,0.0006830134553650707
-116.76010797878195,0.008437531767815391,1.0,0.0006830134553650707
-116.6646426387706,0.008437531767815391,1.0,0.0006830134553650707
-116.56917729875926,0.008437531767815391,1.0,0.0006830134553650707
-116.4737119587479,0.008437531767815391,1.0,0.0006830134553650707
-116.37824661873655,0.00843781768891901,1.0,0.0007171641281333242
-116.2827812787252,0.00843796065673766,1.0,0.000734239464517451
-116.18731593871385,0.0084381036294012,1.0,0.0007513148009015778
-116.09185059870251,0.0084381036294012,1.0,0.0007513148009015778
-115.99638525869116,0.0084381036294012,1.0,0.0007513148009015778
-115.9009199186798,0.0084381036294012,1.0,0.0007513148009015778
-115.80545457866846,0.0084381036294012,1.0,0.0007513148009015778
-115.7099892386571,0.0084381036294012,1.0,0.0007513148009015778
-115.61452389864576,0.0084381036294012,1.0,0.0007513148009015778
-115.51905855863441,0.0084381036294012,1.0,0.0007513148009015778
-115.42359321862307,0.0084381036294012,1.0,0.0007513148009015778
-115.32812787861171,0.0084381036294012,1.0,0.0007513148009015778
-115.23266253860037,0.0084381036294012,1.0,0.0007513148009015778
-115.13719719858902,0.0084381036294012,1.0,0.0007513148009015778
-115.04173185857766,0.0084381036294012,1.0,0.0007513148009015778
-114.94626651856632,0.0084381036294012,1.0,0.0007513148009015778
-114.85080117855497,0.0084381036294012,1.0,0.0007513148009015778
-114.75533583854362,0.0084381036294012,1.0,0.0007513148009015778
-114.65987049853227,0.0084381036294012,1.0,0.0007513148009015778
-114.56440515852093,0.008438389589263929,1.0,0.0007854654736698313
-114.46893981850957,0.008438389589263929,1.0,0.0007854654736698313
-114.37347447849822,0.008438532576463612,1.0,0.0008025408100539581
-114.27800913848688,0.008438532576463612,1.0,0.0008025408100539581
-114.18254379847552,0.008438532576463612,1.0,0.0008025408100539581
-114.08707845846418,0.008438532576463612,1.0,0.0008025408100539581
-113.99161311845283,0.008438532576463612,1.0,0.0008025408100539581
-113.89614777844147,0.008438532576463612,1.0,0.0008025408100539581
-113.80068243843013,0.008438532576463612,1.0,0.0008025408100539581
-113.70521709841879,0.008438532576463612,1.0,0.0008025408100539581
-113.60975175840743,0.008438532576463612,1.0,0.0008025408100539581
-113.51428641839608,0.008438532576463612,1.0,0.0008025408100539581
-113.41882107838474,0.008438532576463612,1.0,0.0008025408100539581
-113.32335573837338,0.008438532576463612,1.0,0.0008025408100539581
-113.22789039836204,0.008438675568509166,1.0,0.0008196161464380849
-113.13242505835069,0.008438818565400843,1.0,0.0008366914828222115
-113.03695971833933,0.008438818565400843,1.0,0.0008366914828222115
-112.94149437832799,0.008438818565400843,1.0,0.0008366914828222115
-112.84602903831664,0.008438818565400843,1.0,0.0008366914828222115
-112.75056369830529,0.008438818565400843,1.0,0.0008366914828222115
-112.65509835829394,0.008438818565400843,1.0,0.0008366914828222115
-112.5596330182826,0.008438818565400843,1.0,0.0008366914828222115
-112.46416767827125,0.008438818565400843,1.0,0.0008366914828222115
-112.3687023382599,0.008438818565400843,1.0,0.0008366914828222115
-112.27323699824855,0.008438818565400843,1.0,0.0008366914828222115
-112.17777165823719,0.008438818565400843,1.0,0.0008366914828222115
-112.08230631822585,0.008438818565400843,1.0,0.0008366914828222115
-111.9868409782145,0.008439104573723544,1.0,0.0008708421555904651
-111.89137563820316,0.008439104573723544,1.0,0.0008708421555904651
-111.7959102981918,0.008439104573723544,1.0,0.0008708421555904651
-111.70044495818046,0.008439104573723544,1.0,0.0008708421555904651
-111.6049796181691,0.008439104573723544,1.0,0.0008708421555904651
-111.50951427815775,0.008439104573723544,1.0,0.0008708421555904651
-111.41404893814641,0.008439104573723544,1.0,0.0008708421555904651
-111.31858359813506,0.008439104573723544,1.0,0.0008708421555904651
-111.2231182581237,0.008439104573723544,1.0,0.0008708421555904651
-111.12765291811236,0.008439104573723544,1.0,0.0008708421555904651
-111.032187578101,0.008439104573723544,1.0,0.0008708421555904651
-110.93672223808966,0.008439104573723544,1.0,0.0008708421555904651
-110.84125689807831,0.008439247585155059,1.0,0.0008879174919745919
-110.74579155806697,0.008439247585155059,1.0,0.0008879174919745919
-110.65032621805561,0.008439247585155059,1.0,0.0008879174919745919
-110.55486087804427,0.00843939060143368,1.0,0.0009049928283587187
-110.45939553803291,0.00843939060143368,1.0,0.0009049928283587187
-110.36393019802156,0.008439533622559652,1.0,0.0009220681647428454
-110.26846485801022,0.008439533622559652,1.0,0.0009220681647428454
-110.17299951799887,0.008439533622559652,1.0,0.0009220681647428454
-110.07753417798752,0.008439533622559652,1.0,0.0009220681647428454
-109.98206883797617,0.008439676648533226,1.0,0.0009391435011269722
-109.88660349796481,0.008439676648533226,1.0,0.0009391435011269722
-109.79113815795347,0.008439676648533226,1.0,0.0009391435011269722
-109.69567281794212,0.008439819679354641,1.0,0.000956218837511099
-109.60020747793078,0.008440105755541997,1.0,0.0009903695102793525
-109.50474213791942,0.008440248800908429,1.0,0.0010074448466634793
-109.40927679790808,0.008440248800908429,1.0,0.0010074448466634793
-109.31381145789672,0.00844039185112369,1.0,0.001024520183047606
-109.21834611788537,0.00844039185112369,1.0,0.001024520183047606
-109.12288077787403,0.00844039185112369,1.0,0.001024520183047606
-109.02741543786269,0.00844039185112369,1.0,0.001024520183047606
-108.93195009785133,0.00844039185112369,1.0,0.001024520183047606
-108.83648475783998,0.00844039185112369,1.0,0.001024520183047606
-108.74101941782862,0.00844039185112369,1.0,0.001024520183047606
-108.64555407781728,0.00844039185112369,1.0,0.001024520183047606
-108.55008873780594,0.00844053490618803,1.0,0.0010415955194317328
-108.45462339779459,0.00844053490618803,1.0,0.0010415955194317328
-108.35915805778323,0.00844053490618803,1.0,0.0010415955194317328
-108.26369271777189,0.008440677966101696,1.0,0.0010586708558158596
-108.16822737776053,0.008440677966101696,1.0,0.0010586708558158596
-108.07276203774919,0.008440677966101696,1.0,0.0010586708558158596
-107.97729669773784,0.008440677966101696,1.0,0.0010586708558158596
-107.8818313577265,0.008440677966101696,1.0,0.0010586708558158596
-107.78636601771514,0.008440677966101696,1.0,0.0010586708558158596
-107.6909006777038,0.008440964100477982,1.0,0.001092821528584113
-107.59543533769244,0.008440964100477982,1.0,0.001092821528584113
-107.49996999768109,0.008440964100477982,1.0,0.001092821528584113
-107.40450465766975,0.008440964100477982,1.0,0.001092821528584113
-107.3090393176584,0.008441250254254526,1.0,0.0011269722013523666
-107.21357397764704,0.008441250254254526,1.0,0.0011269722013523666
-107.1181086376357,0.00844139333841851,1.0,0.0011440475377364934
-107.02264329762434,0.00844139333841851,1.0,0.0011440475377364934
-106.927177957613,0.00844139333841851,1.0,0.0011440475377364934
-106.83171261760165,0.00844139333841851,1.0,0.0011440475377364934
-106.73624727759031,0.008441536427433298,1.0,0.0011611228741206202
-106.64078193757895,0.008441679521299136,1.0,0.001178198210504747
-106.5453165975676,0.008441822620016273,1.0,0.0011952735468888738
-106.44985125755625,0.008441965723584953,1.0,0.0012123488832730006
-106.3543859175449,0.008441965723584953,1.0,0.0012123488832730006
-106.25892057753356,0.008441965723584953,1.0,0.0012123488832730006
-106.16345523752221,0.008442108832005425,1.0,0.0012294242196571274
-106.06798989751087,0.008442108832005425,1.0,0.0012294242196571274
-105.97252455749951,0.008442251945277934,1.0,0.001246499556041254
-105.87705921748815,0.008442251945277934,1.0,0.001246499556041254
-105.78159387747681,0.008442251945277934,1.0,0.001246499556041254
-105.68612853746546,0.00844253818638005,1.0,0.0012806502288095075
-105.59066319745412,0.00844253818638005,1.0,0.0012806502288095075
-105.49519785744278,0.008442824446893277,1.0,0.001314800901577761
-105.39973251743142,0.008442967584429676,1.0,0.0013318762379618879
-105.30426717742006,0.008442967584429676,1.0,0.0013318762379618879
-105.20880183740871,0.008442967584429676,1.0,0.0013318762379618879
-105.11333649739737,0.008443110726819593,1.0,0.0013489515743460147
-105.01787115738603,0.008443110726819593,1.0,0.0013489515743460147
-104.92240581737468,0.008443110726819593,1.0,0.0013489515743460147
-104.82694047736332,0.008443110726819593,1.0,0.0013489515743460147
-104.73147513735196,0.008443253874063274,1.0,0.0013660269107301415
-104.63600979734062,0.008443397026160968,1.0,0.001383102247114268
-104.54054445732928,0.008443397026160968,1.0,0.001383102247114268
-104.44507911731793,0.00844354018311292,1.0,0.0014001775834983948
-104.34961377730659,0.00844354018311292,1.0,0.0014001775834983948
-104.25414843729523,0.00844354018311292,1.0,0.0014001775834983948
-104.15868309728387,0.00844354018311292,1.0,0.0014001775834983948
-104.06321775727253,0.00844354018311292,1.0,0.0014001775834983948
-103.96775241726118,0.00844354018311292,1.0,0.0014001775834983948
-103.87228707724984,0.00844354018311292,1.0,0.0014001775834983948
-103.77682173723849,0.008443683344919378,1.0,0.0014172529198825216
-103.68135639722713,0.0084439696830968,1.0,0.0014514035926507752
-103.58589105721578,0.0084439696830968,1.0,0.0014514035926507752
-103.49042571720443,0.008444112859468259,1.0,0.001468478929034902
-103.39496037719309,0.008444112859468259,1.0,0.001468478929034902
-103.29949503718174,0.008444112859468259,1.0,0.001468478929034902
-103.2040296971704,0.008444112859468259,1.0,0.001468478929034902
-103.10856435715904,0.008444112859468259,1.0,0.001468478929034902
-103.01309901714768,0.008444112859468259,1.0,0.001468478929034902
-102.91763367713634,0.008444112859468259,1.0,0.001468478929034902
-102.82216833712499,0.008444112859468259,1.0,0.001468478929034902
-102.72670299711365,0.00844425604069521,1.0,0.0014855542654190288
-102.6312376571023,0.00844425604069521,1.0,0.0014855542654190288
-102.53577231709095,0.00844425604069521,1.0,0.0014855542654190288
-102.44030697707959,0.00844425604069521,1.0,0.0014855542654190288
-102.34484163706824,0.00844425604069521,1.0,0.0014855542654190288
-102.2493762970569,0.00844425604069521,1.0,0.0014855542654190288
-102.15391095704555,0.00844425604069521,1.0,0.0014855542654190288
-102.05844561703421,0.00844425604069521,1.0,0.0014855542654190288
-101.96298027702285,0.008444399226777902,1.0,0.0015026296018031556
-101.86751493701149,0.008444542417716583,1.0,0.0015197049381872824
-101.77204959700015,0.008444542417716583,1.0,0.0015197049381872824
-101.6765842569888,0.008444542417716583,1.0,0.0015197049381872824
-101.58111891697746,0.008444542417716583,1.0,0.0015197049381872824
-101.48565357696611,0.008444542417716583,1.0,0.0015197049381872824
-101.39018823695476,0.008444542417716583,1.0,0.0015197049381872824
-101.29472289694341,0.008444542417716583,1.0,0.0015197049381872824
-101.19925755693205,0.008444542417716583,1.0,0.0015197049381872824
-101.10379221692071,0.008444542417716583,1.0,0.0015197049381872824
-101.00832687690936,0.008444542417716583,1.0,0.0015197049381872824
-100.91286153689802,0.008444542417716583,1.0,0.0015197049381872824
-100.81739619688666,0.008444542417716583,1.0,0.0015197049381872824
-100.72193085687532,0.008444685613511497,1.0,0.001536780274571409
-100.62646551686396,0.008444685613511497,1.0,0.001536780274571409
-100.53100017685261,0.008444685613511497,1.0,0.001536780274571409
-100.43553483684127,0.008444685613511497,1.0,0.001536780274571409
-100.34006949682993,0.008444685613511497,1.0,0.001536780274571409
-100.24460415681857,0.008444685613511497,1.0,0.001536780274571409
-100.14913881680722,0.008444685613511497,1.0,0.001536780274571409
-100.05367347679586,0.008444685613511497,1.0,0.001536780274571409
-99.95820813678452,0.008444685613511497,1.0,0.001536780274571409
-99.86274279677318,0.008444685613511497,1.0,0.001536780274571409
-99.76727745676183,0.008444685613511497,1.0,0.001536780274571409
-99.67181211675047,0.008444685613511497,1.0,0.001536780274571409
-99.57634677673913,0.008444685613511497,1.0,0.001536780274571409
-99.48088143672777,0.008444685613511497,1.0,0.001536780274571409
-99.38541609671643,0.008444828814162893,1.0,0.0015538556109555358
-99.28995075670508,0.008444828814162893,1.0,0.0015538556109555358
-99.19448541669374,0.008444828814162893,1.0,0.0015538556109555358
-99.09902007668238,0.008444828814162893,1.0,0.0015538556109555358
-99.00355473667103,0.008444828814162893,1.0,0.0015538556109555358
-98.90808939665968,0.008444828814162893,1.0,0.0015538556109555358
-98.81262405664833,0.008444828814162893,1.0,0.0015538556109555358
-98.71715871663699,0.008444828814162893,1.0,0.0015538556109555358
-98.62169337662564,0.008444828814162893,1.0,0.0015538556109555358
-98.52622803661428,0.008444828814162893,1.0,0.0015538556109555358
-98.43076269660294,0.008444828814162893,1.0,0.0015538556109555358
-98.33529735659158,0.008444828814162893,1.0,0.0015538556109555358
-98.23983201658024,0.008444828814162893,1.0,0.0015538556109555358
-98.1443666765689,0.008444828814162893,1.0,0.0015538556109555358
-98.04890133655755,0.008444828814162893,1.0,0.0015538556109555358
-97.95343599654619,0.008444972019671019,1.0,0.0015709309473396626
-97.85797065653485,0.008444972019671019,1.0,0.0015709309473396626
-97.76250531652349,0.00844511523003612,1.0,0.0015880062837237894
-97.66703997651214,0.008445258445258445,1.0,0.0016050816201079161
-97.5715746365008,0.008445258445258445,1.0,0.0016050816201079161
-97.47610929648945,0.008445258445258445,1.0,0.0016050816201079161
-97.3806439564781,0.008445258445258445,1.0,0.0016050816201079161
-97.28517861646675,0.00844540166533824,1.0,0.001622156956492043
-97.1897132764554,0.00844540166533824,1.0,0.001622156956492043
-97.09424793644405,0.00844540166533824,1.0,0.001622156956492043
-96.9987825964327,0.00844540166533824,1.0,0.001622156956492043
-96.90331725642136,0.00844540166533824,1.0,0.001622156956492043
-96.80785191641002,0.00844540166533824,1.0,0.001622156956492043
-96.71238657639866,0.00844540166533824,1.0,0.001622156956492043
-96.6169212363873,0.00844540166533824,1.0,0.001622156956492043
-96.52145589637595,0.00844540166533824,1.0,0.001622156956492043
-96.42599055636461,0.008445544890275752,1.0,0.0016392322928761697
-96.33052521635327,0.008445544890275752,1.0,0.0016392322928761697
-96.23505987634192,0.008445688120071229,1.0,0.0016563076292602965
-96.13959453633056,0.008445688120071229,1.0,0.0016563076292602965
-96.0441291963192,0.008445831354724917,1.0,0.001673382965644423
-95.94866385630786,0.008445831354724917,1.0,0.001673382965644423
-95.85319851629652,0.008445831354724917,1.0,0.001673382965644423
-95.75773317628517,0.008445831354724917,1.0,0.001673382965644423
-95.66226783627383,0.008445831354724917,1.0,0.001673382965644423
-95.56680249626247,0.008445831354724917,1.0,0.001673382965644423
-95.47133715625111,0.008445831354724917,1.0,0.001673382965644423
-95.37587181623977,0.008445831354724917,1.0,0.001673382965644423
-95.28040647622842,0.008445831354724917,1.0,0.001673382965644423
-95.18494113621708,0.008445974594237064,1.0,0.0016904583020285499
-95.08947579620573,0.008445974594237064,1.0,0.0016904583020285499
-94.99401045619437,0.008445974594237064,1.0,0.0016904583020285499
-94.89854511618302,0.008446117838607917,1.0,0.0017075336384126767
-94.80307977617167,0.008446117838607917,1.0,0.0017075336384126767
-94.70761443616033,0.008446117838607917,1.0,0.0017075336384126767
-94.61214909614898,0.008446117838607917,1.0,0.0017075336384126767
-94.51668375613764,0.008446261087837723,1.0,0.0017246089747968035
-94.42121841612628,0.008446261087837723,1.0,0.0017246089747968035
-94.32575307611492,0.008446261087837723,1.0,0.0017246089747968035
-94.23028773610358,0.008446261087837723,1.0,0.0017246089747968035
-94.13482239609223,0.008446261087837723,1.0,0.0017246089747968035
-94.03935705608089,0.008446261087837723,1.0,0.0017246089747968035
-93.94389171606954,0.008446261087837723,1.0,0.0017246089747968035
-93.84842637605819,0.008446261087837723,1.0,0.0017246089747968035
-93.75296103604683,0.008446261087837723,1.0,0.0017246089747968035
-93.65749569603548,0.008446261087837723,1.0,0.0017246089747968035
-93.56203035602414,0.008446261087837723,1.0,0.0017246089747968035
-93.4665650160128,0.008446261087837723,1.0,0.0017246089747968035
-93.37109967600145,0.008446261087837723,1.0,0.0017246089747968035
-93.27563433599009,0.008446261087837723,1.0,0.0017246089747968035
-93.18016899597873,0.008446261087837723,1.0,0.0017246089747968035
-93.08470365596739,0.008446261087837723,1.0,0.0017246089747968035
-92.98923831595604,0.00844640434192673,1.0,0.0017416843111809303
-92.8937729759447,0.00844640434192673,1.0,0.0017416843111809303
-92.79830763593336,0.00844640434192673,1.0,0.0017416843111809303
-92.702842295922,0.00844640434192673,1.0,0.0017416843111809303
-92.60737695591064,0.00844640434192673,1.0,0.0017416843111809303
-92.5119116158993,0.008446547600875185,1.0,0.001758759647565057
-92.41644627588795,0.008446547600875185,1.0,0.001758759647565057
-92.3209809358766,0.008446547600875185,1.0,0.001758759647565057
-92.22551559586526,0.008446547600875185,1.0,0.001758759647565057
-92.1300502558539,0.008446547600875185,1.0,0.001758759647565057
-92.03458491584254,0.008446547600875185,1.0,0.001758759647565057
-91.9391195758312,0.008446547600875185,1.0,0.001758759647565057
-91.84365423581986,0.008446690864683333,1.0,0.0017758349839491839
-91.74818889580851,0.008446690864683333,1.0,0.0017758349839491839
-91.65272355579717,0.008446690864683333,1.0,0.0017758349839491839
-91.55725821578581,0.008446690864683333,1.0,0.0017758349839491839
-91.46179287577446,0.008446690864683333,1.0,0.0017758349839491839
-91.3663275357631,0.008446690864683333,1.0,0.0017758349839491839
-91.27086219575176,0.008446690864683333,1.0,0.0017758349839491839
-91.17539685574042,0.008446690864683333,1.0,0.0017758349839491839
-91.07993151572907,0.008446690864683333,1.0,0.0017758349839491839
-90.98446617571771,0.008446690864683333,1.0,0.0017758349839491839
-90.88900083570637,0.008446690864683333,1.0,0.0017758349839491839
-90.79353549569501,0.008446690864683333,1.0,0.0017758349839491839
-90.69807015568367,0.008446690864683333,1.0,0.0017758349839491839
-90.60260481567232,0.008446690864683333,1.0,0.0017758349839491839
-90.50713947566098,0.008446690864683333,1.0,0.0017758349839491839
-90.41167413564962,0.008446690864683333,1.0,0.0017758349839491839
-90.31620879563827,0.008446690864683333,1.0,0.0017758349839491839
-90.22074345562692,0.008446834133351426,1.0,0.0017929103203333106
-90.12527811561557,0.008446834133351426,1.0,0.0017929103203333106
-90.02981277560423,0.008446834133351426,1.0,0.0017929103203333106
-89.93434743559288,0.008446834133351426,1.0,0.0017929103203333106
-89.83888209558152,0.008446834133351426,1.0,0.0017929103203333106
-89.74341675557018,0.008446834133351426,1.0,0.0017929103203333106
-89.64795141555882,0.008446834133351426,1.0,0.0017929103203333106
-89.55248607554748,0.008446834133351426,1.0,0.0017929103203333106
-89.45702073553613,0.008446834133351426,1.0,0.0017929103203333106
-89.36155539552479,0.008446834133351426,1.0,0.0017929103203333106
-89.26609005551343,0.008446834133351426,1.0,0.0017929103203333106
-89.17062471550209,0.008446834133351426,1.0,0.0017929103203333106
-89.07515937549073,0.008446834133351426,1.0,0.0017929103203333106
-88.97969403547938,0.008446834133351426,1.0,0.0017929103203333106
-88.88422869546804,0.008446977406879707,1.0,0.0018099856567174374
-88.7887633554567,0.008446977406879707,1.0,0.0018099856567174374
-88.69329801544534,0.008446977406879707,1.0,0.0018099856567174374
-88.59783267543399,0.008446977406879707,1.0,0.0018099856567174374
-88.50236733542263,0.008446977406879707,1.0,0.0018099856567174374
-88.40690199541129,0.008446977406879707,1.0,0.0018099856567174374
-88.31143665539994,0.008446977406879707,1.0,0.0018099856567174374
-88.2159713153886,0.008446977406879707,1.0,0.0018099856567174374
-88.12050597537724,0.008446977406879707,1.0,0.0018099856567174374
-88.0250406353659,0.008446977406879707,1.0,0.0018099856567174374
-87.92957529535454,0.008446977406879707,1.0,0.0018099856567174374
-87.8341099553432,0.008446977406879707,1.0,0.0018099856567174374
-87.73864461533185,0.008446977406879707,1.0,0.0018099856567174374
-87.6431792753205,0.008447120685268424,1.0,0.001827060993101564
-87.54771393530915,0.008447120685268424,1.0,0.001827060993101564
-87.4522485952978,0.008447120685268424,1.0,0.001827060993101564
-87.35678325528644,0.008447120685268424,1.0,0.001827060993101564
-87.2613179152751,0.008447120685268424,1.0,0.001827060993101564
-87.16585257526376,0.008447120685268424,1.0,0.001827060993101564
-87.07038723525241,0.008447120685268424,1.0,0.001827060993101564
-86.97492189524107,0.008447120685268424,1.0,0.001827060993101564
-86.87945655522971,0.008447120685268424,1.0,0.001827060993101564
-86.78399121521835,0.008447120685268424,1.0,0.001827060993101564
-86.688525875207,0.008447120685268424,1.0,0.001827060993101564
-86.59306053519566,0.008447120685268424,1.0,0.001827060993101564
-86.49759519518432,0.008447120685268424,1.0,0.001827060993101564
-86.40212985517297,0.008447120685268424,1.0,0.001827060993101564
-86.30666451516161,0.008447120685268424,1.0,0.001827060993101564
-86.21119917515026,0.008447120685268424,1.0,0.001827060993101564
-86.11573383513891,0.008447120685268424,1.0,0.001827060993101564
-86.02026849512757,0.008447120685268424,1.0,0.001827060993101564
-85.92480315511622,0.008447120685268424,1.0,0.001827060993101564
-85.82933781510488,0.008447120685268424,1.0,0.001827060993101564
-85.73387247509352,0.008447120685268424,1.0,0.001827060993101564
-85.63840713508216,0.008447120685268424,1.0,0.001827060993101564
-85.54294179507082,0.008447120685268424,1.0,0.001827060993101564
-85.44747645505947,0.008447120685268424,1.0,0.001827060993101564
-85.35201111504813,0.008447263968517827,1.0,0.0018441363294856908
-85.25654577503678,0.008447263968517827,1.0,0.0018441363294856908
-85.16108043502543,0.008447263968517827,1.0,0.0018441363294856908
-85.06561509501407,0.008447263968517827,1.0,0.0018441363294856908
-84.97014975500272,0.008447263968517827,1.0,0.0018441363294856908
-84.87468441499138,0.008447263968517827,1.0,0.0018441363294856908
-84.77921907498003,0.008447263968517827,1.0,0.0018441363294856908
-84.68375373496869,0.008447263968517827,1.0,0.0018441363294856908
-84.58828839495733,0.008447263968517827,1.0,0.0018441363294856908
-84.49282305494597,0.008447263968517827,1.0,0.0018441363294856908
-84.39735771493463,0.008447263968517827,1.0,0.0018441363294856908
-84.30189237492328,0.008447263968517827,1.0,0.0018441363294856908
-84.20642703491194,0.008447263968517827,1.0,0.0018441363294856908
-84.1109616949006,0.008447263968517827,1.0,0.0018441363294856908
-84.01549635488924,0.008447407256628162,1.0,0.0018612116658698176
-83.92003101487788,0.008447407256628162,1.0,0.0018612116658698176
-83.82456567486653,0.008447407256628162,1.0,0.0018612116658698176
-83.72910033485519,0.008447550549599675,1.0,0.0018782870022539444
-83.63363499484385,0.008447550549599675,1.0,0.0018782870022539444
-83.5381696548325,0.008447693847432613,1.0,0.0018953623386380712
-83.44270431482114,0.008447693847432613,1.0,0.0018953623386380712
-83.34723897480978,0.008447693847432613,1.0,0.0018953623386380712
-83.25177363479844,0.008447693847432613,1.0,0.0018953623386380712
-83.1563082947871,0.008447693847432613,1.0,0.0018953623386380712
-83.06084295477575,0.008447693847432613,1.0,0.0018953623386380712
-82.9653776147644,0.008447693847432613,1.0,0.0018953623386380712
-82.86991227475305,0.008447693847432613,1.0,0.0018953623386380712
-82.77444693474169,0.008447693847432613,1.0,0.0018953623386380712
-82.67898159473035,0.008447693847432613,1.0,0.0018953623386380712
-82.583516254719,0.008447693847432613,1.0,0.0018953623386380712
-82.48805091470766,0.008447693847432613,1.0,0.0018953623386380712
-82.39258557469631,0.008447693847432613,1.0,0.0018953623386380712
-82.29712023468495,0.008447693847432613,1.0,0.0018953623386380712
-82.20165489467361,0.008447693847432613,1.0,0.0018953623386380712
-82.10618955466225,0.008447693847432613,1.0,0.0018953623386380712
-82.0107242146509,0.008447693847432613,1.0,0.0018953623386380712
-81.91525887463956,0.008447693847432613,1.0,0.0018953623386380712
-81.81979353462822,0.008447693847432613,1.0,0.0018953623386380712
-81.72432819461686,0.008447693847432613,1.0,0.0018953623386380712
-81.62886285460552,0.008447693847432613,1.0,0.0018953623386380712
-81.53339751459416,0.008447693847432613,1.0,0.0018953623386380712
-81.43793217458281,0.008447693847432613,1.0,0.0018953623386380712
-81.34246683457147,0.008447693847432613,1.0,0.0018953623386380712
-81.24700149456012,0.008447693847432613,1.0,0.0018953623386380712
-81.15153615454877,0.008447693847432613,1.0,0.0018953623386380712
-81.05607081453742,0.008447693847432613,1.0,0.0018953623386380712
-80.96060547452606,0.008447693847432613,1.0,0.0018953623386380712
-80.86514013451472,0.008447693847432613,1.0,0.0018953623386380712
-80.76967479450337,0.008447693847432613,1.0,0.0018953623386380712
-80.67420945449203,0.008447693847432613,1.0,0.0018953623386380712
-80.57874411448067,0.008447693847432613,1.0,0.0018953623386380712
-80.48327877446933,0.008447693847432613,1.0,0.0018953623386380712
-80.38781343445797,0.008447693847432613,1.0,0.0018953623386380712
-80.29234809444662,0.008447693847432613,1.0,0.0018953623386380712
-80.19688275443528,0.008447693847432613,1.0,0.0018953623386380712
-80.10141741442393,0.008447693847432613,1.0,0.0018953623386380712
-80.00595207441258,0.008447693847432613,1.0,0.0018953623386380712
-79.91048673440123,0.008447693847432613,1.0,0.0018953623386380712
-79.81502139438987,0.008447693847432613,1.0,0.0018953623386380712
-79.71955605437853,0.008447693847432613,1.0,0.0018953623386380712
-79.62409071436718,0.008447693847432613,1.0,0.0018953623386380712
-79.52862537435584,0.008447693847432613,1.0,0.0018953623386380712
-79.43316003434448,0.008447693847432613,1.0,0.0018953623386380712
-79.33769469433314,0.008447693847432613,1.0,0.0018953623386380712
-79.2422293543218,0.008447693847432613,1.0,0.0018953623386380712
-79.14676401431043,0.008447693847432613,1.0,0.0018953623386380712
-79.05129867429909,0.008447693847432613,1.0,0.0018953623386380712
-78.95583333428775,0.008447693847432613,1.0,0.0018953623386380712
-78.86036799427639,0.008447837150127226,1.0,0.001912437675022198
-78.76490265426504,0.008447837150127226,1.0,0.001912437675022198
-78.6694373142537,0.008447837150127226,1.0,0.001912437675022198
-78.57397197424234,0.008447837150127226,1.0,0.001912437675022198
-78.478506634231,0.008447837150127226,1.0,0.001912437675022198
-78.38304129421965,0.008447837150127226,1.0,0.001912437675022198
-78.2875759542083,0.008447837150127226,1.0,0.001912437675022198
-78.19211061419695,0.008447837150127226,1.0,0.001912437675022198
-78.0966452741856,0.008447837150127226,1.0,0.001912437675022198
-78.00117993417425,0.008447837150127226,1.0,0.001912437675022198
-77.9057145941629,0.008447837150127226,1.0,0.001912437675022198
-77.81024925415156,0.008447837150127226,1.0,0.001912437675022198
-77.7147839141402,0.008447837150127226,1.0,0.001912437675022198
-77.61931857412885,0.008447837150127226,1.0,0.001912437675022198
-77.52385323411751,0.008447837150127226,1.0,0.001912437675022198
-77.42838789410615,0.008447837150127226,1.0,0.001912437675022198
-77.33292255409481,0.008447837150127226,1.0,0.001912437675022198
-77.23745721408346,0.008447837150127226,1.0,0.001912437675022198
-77.1419918740721,0.008447837150127226,1.0,0.001912437675022198
-77.04652653406076,0.008447837150127226,1.0,0.001912437675022198
-76.95106119404942,0.00844798045768376,1.0,0.0019295130114063248
-76.85559585403806,0.00844798045768376,1.0,0.0019295130114063248
-76.76013051402671,0.00844798045768376,1.0,0.0019295130114063248
-76.66466517401537,0.00844798045768376,1.0,0.0019295130114063248
-76.56919983400401,0.00844798045768376,1.0,0.0019295130114063248
-76.47373449399267,0.00844798045768376,1.0,0.0019295130114063248
-76.37826915398132,0.00844798045768376,1.0,0.0019295130114063248
-76.28280381396996,0.00844798045768376,1.0,0.0019295130114063248
-76.18733847395862,0.00844798045768376,1.0,0.0019295130114063248
-76.09187313394727,0.00844798045768376,1.0,0.0019295130114063248
-75.99640779393592,0.00844798045768376,1.0,0.0019295130114063248
-75.90094245392457,0.00844798045768376,1.0,0.0019295130114063248
-75.80547711391323,0.00844798045768376,1.0,0.0019295130114063248
-75.71001177390187,0.00844798045768376,1.0,0.0019295130114063248
-75.61454643389052,0.00844798045768376,1.0,0.0019295130114063248
-75.51908109387918,0.00844798045768376,1.0,0.0019295130114063248
-75.42361575386782,0.00844798045768376,1.0,0.0019295130114063248
-75.32815041385648,0.00844798045768376,1.0,0.0019295130114063248
-75.23268507384513,0.00844798045768376,1.0,0.0019295130114063248
-75.13721973383377,0.00844798045768376,1.0,0.0019295130114063248
-75.04175439382243,0.00844798045768376,1.0,0.0019295130114063248
-74.94628905381109,0.00844798045768376,1.0,0.0019295130114063248
-74.85082371379973,0.00844798045768376,1.0,0.0019295130114063248
-74.75535837378838,0.00844798045768376,1.0,0.0019295130114063248
-74.65989303377704,0.00844798045768376,1.0,0.0019295130114063248
-74.56442769376568,0.00844798045768376,1.0,0.0019295130114063248
-74.46896235375434,0.00844798045768376,1.0,0.0019295130114063248
-74.37349701374299,0.00844798045768376,1.0,0.0019295130114063248
-74.27803167373163,0.00844798045768376,1.0,0.0019295130114063248
-74.18256633372029,0.00844798045768376,1.0,0.0019295130114063248
-74.08710099370894,0.00844798045768376,1.0,0.0019295130114063248
-73.99163565369759,0.00844798045768376,1.0,0.0019295130114063248
-73.89617031368624,0.00844798045768376,1.0,0.0019295130114063248
-73.8007049736749,0.00844798045768376,1.0,0.0019295130114063248
-73.70523963366354,0.00844798045768376,1.0,0.0019295130114063248
-73.6097742936522,0.00844798045768376,1.0,0.0019295130114063248
-73.51430895364085,0.00844798045768376,1.0,0.0019295130114063248
-73.41884361362949,0.00844798045768376,1.0,0.0019295130114063248
-73.32337827361815,0.00844798045768376,1.0,0.0019295130114063248
-73.2279129336068,0.00844798045768376,1.0,0.0019295130114063248
-73.13244759359544,0.00844798045768376,1.0,0.0019295130114063248
-73.0369822535841,0.00844798045768376,1.0,0.0019295130114063248
-72.94151691357276,0.00844798045768376,1.0,0.0019295130114063248
-72.8460515735614,0.00844798045768376,1.0,0.0019295130114063248
-72.75058623355005,0.00844798045768376,1.0,0.0019295130114063248
-72.65512089353871,0.00844798045768376,1.0,0.0019295130114063248
-72.55965555352735,0.00844798045768376,1.0,0.0019295130114063248
-72.464190213516,0.00844798045768376,1.0,0.0019295130114063248
-72.36872487350466,0.00844798045768376,1.0,0.0019295130114063248
-72.2732595334933,0.00844798045768376,1.0,0.0019295130114063248
-72.17779419348196,0.00844798045768376,1.0,0.0019295130114063248
-72.08232885347061,0.00844798045768376,1.0,0.0019295130114063248
-71.98686351345926,0.00844798045768376,1.0,0.0019295130114063248
-71.89139817344791,0.00844798045768376,1.0,0.0019295130114063248
-71.79593283343657,0.00844798045768376,1.0,0.0019295130114063248
-71.70046749342521,0.00844798045768376,1.0,0.0019295130114063248
-71.60500215341386,0.00844798045768376,1.0,0.0019295130114063248
-71.50953681340252,0.00844798045768376,1.0,0.0019295130114063248
-71.41407147339116,0.00844798045768376,1.0,0.0019295130114063248
-71.31860613337982,0.00844798045768376,1.0,0.0019295130114063248
-71.22314079336847,0.00844798045768376,1.0,0.0019295130114063248
-71.12767545335711,0.00844798045768376,1.0,0.0019295130114063248
-71.03221011334577,0.00844798045768376,1.0,0.0019295130114063248
-70.93674477333442,0.00844798045768376,1.0,0.0019295130114063248
-70.84127943332307,0.00844798045768376,1.0,0.0019295130114063248
-70.74581409331172,0.00844798045768376,1.0,0.0019295130114063248
-70.65034875330038,0.00844798045768376,1.0,0.0019295130114063248
-70.55488341328902,0.00844798045768376,1.0,0.0019295130114063248
-70.45941807327767,0.00844798045768376,1.0,0.0019295130114063248
-70.36395273326633,0.00844798045768376,1.0,0.0019295130114063248
-70.26848739325497,0.00844798045768376,1.0,0.0019295130114063248
-70.17302205324363,0.00844798045768376,1.0,0.0019295130114063248
-70.07755671323228,0.00844798045768376,1.0,0.0019295130114063248
-69.98209137322092,0.00844798045768376,1.0,0.0019295130114063248
-69.88662603320958,0.00844798045768376,1.0,0.0019295130114063248
-69.79116069319824,0.00844798045768376,1.0,0.0019295130114063248
-69.69569535318689,0.00844798045768376,1.0,0.0019295130114063248
-69.60023001317553,0.00844798045768376,1.0,0.0019295130114063248
-69.50476467316419,0.00844798045768376,1.0,0.0019295130114063248
-69.40929933315284,0.00844798045768376,1.0,0.0019295130114063248
-69.31383399314149,0.008448123770102463,1.0,0.0019465883477904516
-69.21836865313014,0.008448123770102463,1.0,0.0019465883477904516
-69.1229033131188,0.008448123770102463,1.0,0.0019465883477904516
-69.02743797310744,0.008448267087383582,1.0,0.001963663684174578
-68.9319726330961,0.008448267087383582,1.0,0.001963663684174578
-68.83650729308475,0.008448267087383582,1.0,0.001963663684174578
-68.74104195307339,0.008448267087383582,1.0,0.001963663684174578
-68.64557661306205,0.008448267087383582,1.0,0.001963663684174578
-68.5501112730507,0.008448267087383582,1.0,0.001963663684174578
-68.45464593303934,0.008448267087383582,1.0,0.001963663684174578
-68.359180593028,0.008448410409527363,1.0,0.001980739020558705
-68.26371525301666,0.008448410409527363,1.0,0.001980739020558705
-68.1682499130053,0.008448410409527363,1.0,0.001980739020558705
-68.07278457299395,0.008448410409527363,1.0,0.001980739020558705
-67.97731923298261,0.008448410409527363,1.0,0.001980739020558705
-67.88185389297125,0.008448410409527363,1.0,0.001980739020558705
-67.7863885529599,0.008448410409527363,1.0,0.001980739020558705
-67.69092321294856,0.008448410409527363,1.0,0.001980739020558705
-67.5954578729372,0.008448410409527363,1.0,0.001980739020558705
-67.49999253292586,0.008448410409527363,1.0,0.001980739020558705
-67.40452719291451,0.008448410409527363,1.0,0.001980739020558705
-67.30906185290316,0.008448410409527363,1.0,0.001980739020558705
-67.21359651289181,0.008448410409527363,1.0,0.001980739020558705
-67.11813117288047,0.008448410409527363,1.0,0.001980739020558705
-67.02266583286911,0.008448410409527363,1.0,0.001980739020558705
-66.92720049285776,0.008448410409527363,1.0,0.001980739020558705
-66.83173515284642,0.008448410409527363,1.0,0.001980739020558705
-66.73626981283506,0.008448410409527363,1.0,0.001980739020558705
-66.64080447282372,0.008448410409527363,1.0,0.001980739020558705
-66.54533913281237,0.008448410409527363,1.0,0.001980739020558705
-66.44987379280101,0.008448410409527363,1.0,0.001980739020558705
-66.35440845278967,0.008448410409527363,1.0,0.001980739020558705
-66.25894311277833,0.008448410409527363,1.0,0.001980739020558705
-66.16347777276697,0.008448410409527363,1.0,0.001980739020558705
-66.06801243275562,0.008448410409527363,1.0,0.001980739020558705
-65.97254709274428,0.008448410409527363,1.0,0.001980739020558705
-65.87708175273292,0.008448410409527363,1.0,0.001980739020558705
-65.78161641272158,0.008448410409527363,1.0,0.001980739020558705
-65.68615107271023,0.008448410409527363,1.0,0.001980739020558705
-65.59068573269887,0.008448410409527363,1.0,0.001980739020558705
-65.49522039268753,0.008448410409527363,1.0,0.001980739020558705
-65.39975505267618,0.008448410409527363,1.0,0.001980739020558705
-65.30428971266483,0.008448410409527363,1.0,0.001980739020558705
-65.20882437265348,0.008448410409527363,1.0,0.001980739020558705
-65.11335903264214,0.008448410409527363,1.0,0.001980739020558705
-65.01789369263078,0.008448410409527363,1.0,0.001980739020558705
-64.92242835261943,0.008448410409527363,1.0,0.001980739020558705
-64.82696301260809,0.008448410409527363,1.0,0.001980739020558705
-64.73149767259673,0.008448410409527363,1.0,0.001980739020558705
-64.63603233258539,0.008448410409527363,1.0,0.001980739020558705
-64.54056699257404,0.008448410409527363,1.0,0.001980739020558705
-64.44510165256268,0.008448410409527363,1.0,0.001980739020558705
-64.34963631255134,0.008448410409527363,1.0,0.001980739020558705
-64.25417097254,0.008448410409527363,1.0,0.001980739020558705
-64.15870563252864,0.008448410409527363,1.0,0.001980739020558705
-64.06324029251729,0.008448410409527363,1.0,0.001980739020558705
-63.96777495250595,0.008448410409527363,1.0,0.001980739020558705
-63.87230961249459,0.008448410409527363,1.0,0.001980739020558705
-63.776844272483245,0.008448410409527363,1.0,0.001980739020558705
-63.6813789324719,0.008448410409527363,1.0,0.001980739020558705
-63.58591359246054,0.008448410409527363,1.0,0.001980739020558705
-63.4904482524492,0.008448410409527363,1.0,0.001980739020558705
-63.394982912437854,0.008448410409527363,1.0,0.001980739020558705
-63.299517572426495,0.008448410409527363,1.0,0.001980739020558705
-63.20405223241515,0.008448410409527363,1.0,0.001980739020558705
-63.10858689240381,0.008448410409527363,1.0,0.001980739020558705
-63.01312155239245,0.008448410409527363,1.0,0.001980739020558705
-62.917656212381104,0.008448410409527363,1.0,0.001980739020558705
-62.82219087236976,0.008448410409527363,1.0,0.001980739020558705
-62.7267255323584,0.008448410409527363,1.0,0.001980739020558705
-62.63126019234706,0.008448410409527363,1.0,0.001980739020558705
-62.53579485233571,0.008448410409527363,1.0,0.001980739020558705
-62.440329512324354,0.008448410409527363,1.0,0.001980739020558705
-62.34486417231301,0.008448410409527363,1.0,0.001980739020558705
-62.249398832301665,0.008448410409527363,1.0,0.001980739020558705
-62.15393349229031,0.008448410409527363,1.0,0.001980739020558705
-62.05846815227896,0.008448410409527363,1.0,0.001980739020558705
-61.96300281226762,0.008448410409527363,1.0,0.001980739020558705
-61.86753747225626,0.008448410409527363,1.0,0.001980739020558705
-61.772072132244915,0.008448410409527363,1.0,0.001980739020558705
-61.67660679223357,0.008448410409527363,1.0,0.001980739020558705
-61.58114145222221,0.008448410409527363,1.0,0.001980739020558705
-61.48567611221087,0.008448410409527363,1.0,0.001980739020558705
-61.390210772199524,0.008448410409527363,1.0,0.001980739020558705
-61.294745432188165,0.008448410409527363,1.0,0.001980739020558705
-61.19928009217682,0.008448410409527363,1.0,0.001980739020558705
-61.103814752165476,0.008448410409527363,1.0,0.001980739020558705
-61.00834941215412,0.008448410409527363,1.0,0.001980739020558705
-60.912884072142774,0.008448410409527363,1.0,0.001980739020558705
-60.81741873213143,0.008448410409527363,1.0,0.001980739020558705
-60.72195339212007,0.008448410409527363,1.0,0.001980739020558705
-60.626488052108726,0.008448410409527363,1.0,0.001980739020558705
-60.53102271209738,0.008448410409527363,1.0,0.001980739020558705
-60.43555737208602,0.008448410409527363,1.0,0.001980739020558705
-60.34009203207468,0.008448410409527363,1.0,0.001980739020558705
-60.244626692063335,0.008448410409527363,1.0,0.001980739020558705
-60.14916135205199,0.008448410409527363,1.0,0.001980739020558705
-60.05369601204063,0.008448410409527363,1.0,0.001980739020558705
-59.95823067202929,0.008448410409527363,1.0,0.001980739020558705
-59.86276533201794,0.008448410409527363,1.0,0.001980739020558705
-59.767299992006585,0.008448410409527363,1.0,0.001980739020558705
-59.67183465199524,0.008448410409527363,1.0,0.001980739020558705
-59.576369311983896,0.008448410409527363,1.0,0.001980739020558705
-59.48090397197254,0.008448410409527363,1.0,0.001980739020558705
-59.38543863196119,0.008448410409527363,1.0,0.001980739020558705
-59.28997329194985,0.008448410409527363,1.0,0.001980739020558705
-59.19450795193849,0.008448410409527363,1.0,0.001980739020558705
-59.099042611927146,0.008448410409527363,1.0,0.001980739020558705
-59.0035772719158,0.008448410409527363,1.0,0.001980739020558705
-58.90811193190444,0.008448410409527363,1.0,0.001980739020558705
-58.8126465918931,0.008448410409527363,1.0,0.001980739020558705
-58.717181251881755,0.008448410409527363,1.0,0.001980739020558705
-58.621715911870396,0.008448410409527363,1.0,0.001980739020558705
-58.52625057185905,0.008448410409527363,1.0,0.001980739020558705
-58.43078523184771,0.008448410409527363,1.0,0.001980739020558705
-58.33531989183635,0.008448410409527363,1.0,0.001980739020558705
-58.239854551825005,0.008448410409527363,1.0,0.001980739020558705
-58.14438921181366,0.008448410409527363,1.0,0.001980739020558705
-58.0489238718023,0.008448553736534057,1.0,0.0019978143569428317
-57.95345853179096,0.008448553736534057,1.0,0.0019978143569428317
-57.85799319177961,0.008448553736534057,1.0,0.0019978143569428317
-57.762527851768255,0.008448553736534057,1.0,0.0019978143569428317
-57.66706251175691,0.008448553736534057,1.0,0.0019978143569428317
-57.571597171745566,0.008448553736534057,1.0,0.0019978143569428317
-57.47613183173421,0.008448553736534057,1.0,0.0019978143569428317
-57.38066649172286,0.008448553736534057,1.0,0.0019978143569428317
-57.28520115171152,0.008448553736534057,1.0,0.0019978143569428317
-57.18973581170016,0.008448553736534057,1.0,0.0019978143569428317
-57.094270471688816,0.008448553736534057,1.0,0.0019978143569428317
-56.99880513167747,0.008448553736534057,1.0,0.0019978143569428317
-56.90333979166611,0.008448553736534057,1.0,0.0019978143569428317
-56.80787445165477,0.008448553736534057,1.0,0.0019978143569428317
-56.712409111643424,0.008448553736534057,1.0,0.0019978143569428317
-56.616943771632066,0.008448553736534057,1.0,0.0019978143569428317
-56.52147843162072,0.008448553736534057,1.0,0.0019978143569428317
-56.42601309160938,0.008448553736534057,1.0,0.0019978143569428317
-56.33054775159802,0.008448553736534057,1.0,0.0019978143569428317
-56.235082411586674,0.008448553736534057,1.0,0.0019978143569428317
-56.13961707157533,0.008448553736534057,1.0,0.0019978143569428317
-56.04415173156397,0.008448553736534057,1.0,0.0019978143569428317
-55.94868639155263,0.008448553736534057,1.0,0.0019978143569428317
-55.85322105154128,0.008448553736534057,1.0,0.0019978143569428317
-55.757755711529924,0.008448553736534057,1.0,0.0019978143569428317
-55.66229037151858,0.008448553736534057,1.0,0.0019978143569428317
-55.566825031507236,0.008448553736534057,1.0,0.0019978143569428317
-55.47135969149588,0.008448553736534057,1.0,0.0019978143569428317
-55.37589435148453,0.008448553736534057,1.0,0.0019978143569428317
-55.28042901147319,0.008448553736534057,1.0,0.0019978143569428317
-55.18496367146183,0.008448553736534057,1.0,0.0019978143569428317
-55.089498331450486,0.008448553736534057,1.0,0.0019978143569428317
-54.99403299143914,0.008448553736534057,1.0,0.0019978143569428317
-54.89856765142778,0.008448553736534057,1.0,0.0019978143569428317
-54.80310231141644,0.008448553736534057,1.0,0.0019978143569428317
-54.707636971405094,0.008448553736534057,1.0,0.0019978143569428317
-54.612171631393736,0.008448697068403909,1.0,0.0020148896933269585
-54.51670629138239,0.008448697068403909,1.0,0.0020148896933269585
-54.42124095137105,0.008448697068403909,1.0,0.0020148896933269585
-54.32577561135969,0.008448697068403909,1.0,0.0020148896933269585
-54.230310271348344,0.008448697068403909,1.0,0.0020148896933269585
-54.134844931337,0.008448697068403909,1.0,0.0020148896933269585
-54.03937959132564,0.008448697068403909,1.0,0.0020148896933269585
-53.9439142513143,0.008448697068403909,1.0,0.0020148896933269585
-53.84844891130295,0.008448697068403909,1.0,0.0020148896933269585
-53.752983571291594,0.008448697068403909,1.0,0.0020148896933269585
-53.65751823128025,0.008448697068403909,1.0,0.0020148896933269585
-53.562052891268905,0.008448697068403909,1.0,0.0020148896933269585
-53.46658755125755,0.008448697068403909,1.0,0.0020148896933269585
-53.3711222112462,0.008448697068403909,1.0,0.0020148896933269585
-53.27565687123486,0.008448697068403909,1.0,0.0020148896933269585
-53.1801915312235,0.008448697068403909,1.0,0.0020148896933269585
-53.084726191212155,0.008448697068403909,1.0,0.0020148896933269585
-52.98926085120081,0.008448697068403909,1.0,0.0020148896933269585
-52.89379551118945,0.008448697068403909,1.0,0.0020148896933269585
-52.79833017117811,0.008448697068403909,1.0,0.0020148896933269585
-52.702864831166764,0.008448697068403909,1.0,0.0020148896933269585
-52.607399491155405,0.008448697068403909,1.0,0.0020148896933269585
-52.51193415114406,0.008448697068403909,1.0,0.0020148896933269585
-52.41646881113272,0.008448697068403909,1.0,0.0020148896933269585
-52.32100347112136,0.008448697068403909,1.0,0.0020148896933269585
-52.225538131110014,0.008448697068403909,1.0,0.0020148896933269585
-52.13007279109867,0.008448697068403909,1.0,0.0020148896933269585
-52.03460745108731,0.008448697068403909,1.0,0.0020148896933269585
-51.93914211107597,0.008448697068403909,1.0,0.0020148896933269585
-51.84367677106462,0.008448697068403909,1.0,0.0020148896933269585
-51.748211431053264,0.008448697068403909,1.0,0.0020148896933269585
-51.65274609104192,0.008448697068403909,1.0,0.0020148896933269585
-51.557280751030575,0.008448697068403909,1.0,0.0020148896933269585
-51.46181541101922,0.008448697068403909,1.0,0.0020148896933269585
-51.36635007100787,0.008448697068403909,1.0,0.0020148896933269585
-51.27088473099653,0.008448697068403909,1.0,0.0020148896933269585
-51.17541939098517,0.008448697068403909,1.0,0.0020148896933269585
-51.079954050973825,0.008448697068403909,1.0,0.0020148896933269585
-50.98448871096248,0.008448697068403909,1.0,0.0020148896933269585
-50.88902337095112,0.008448697068403909,1.0,0.0020148896933269585
-50.79355803093978,0.008448697068403909,1.0,0.0020148896933269585
-50.69809269092843,0.008448697068403909,1.0,0.0020148896933269585
-50.602627350917075,0.008448697068403909,1.0,0.0020148896933269585
-50.50716201090573,0.008448697068403909,1.0,0.0020148896933269585
-50.411696670894386,0.008448697068403909,1.0,0.0020148896933269585
-50.31623133088304,0.008448697068403909,1.0,0.0020148896933269585
-50.22076599087168,0.008448697068403909,1.0,0.0020148896933269585
-50.12530065086034,0.008448697068403909,1.0,0.0020148896933269585
-50.029835310848995,0.008448697068403909,1.0,0.0020148896933269585
-49.934369970837636,0.008448697068403909,1.0,0.0020148896933269585
-49.83890463082629,0.008448697068403909,1.0,0.0020148896933269585
-49.74343929081495,0.008448697068403909,1.0,0.0020148896933269585
-49.64797395080359,0.008448697068403909,1.0,0.0020148896933269585
-49.552508610792245,0.008448697068403909,1.0,0.0020148896933269585
-49.4570432707809,0.008448697068403909,1.0,0.0020148896933269585
-49.36157793076954,0.008448697068403909,1.0,0.0020148896933269585
-49.2661125907582,0.008448697068403909,1.0,0.0020148896933269585
-49.17064725074685,0.008448697068403909,1.0,0.0020148896933269585
-49.075181910735495,0.008448697068403909,1.0,0.0020148896933269585
-48.97971657072415,0.008448697068403909,1.0,0.0020148896933269585
-48.884251230712806,0.008448697068403909,1.0,0.0020148896933269585
-48.78878589070145,0.008448697068403909,1.0,0.0020148896933269585
-48.6933205506901,0.008448697068403909,1.0,0.0020148896933269585
-48.59785521067876,0.008448697068403909,1.0,0.0020148896933269585
-48.5023898706674,0.008448697068403909,1.0,0.0020148896933269585
-48.406924530656056,0.008448697068403909,1.0,0.0020148896933269585
-48.31145919064471,0.008448697068403909,1.0,0.0020148896933269585
-48.21599385063335,0.008448697068403909,1.0,0.0020148896933269585
-48.12052851062201,0.008448697068403909,1.0,0.0020148896933269585
-48.025063170610665,0.008448697068403909,1.0,0.0020148896933269585
-47.929597830599306,0.008448697068403909,1.0,0.0020148896933269585
-47.83413249058796,0.008448697068403909,1.0,0.0020148896933269585
-47.73866715057662,0.008448697068403909,1.0,0.0020148896933269585
-47.64320181056526,0.008448697068403909,1.0,0.0020148896933269585
-47.547736470553915,0.008448697068403909,1.0,0.0020148896933269585
-47.45227113054257,0.008448697068403909,1.0,0.0020148896933269585
-47.35680579053121,0.008448697068403909,1.0,0.0020148896933269585
-47.26134045051987,0.008448697068403909,1.0,0.0020148896933269585
-47.16587511050852,0.008448697068403909,1.0,0.0020148896933269585
-47.070409770497164,0.008448697068403909,1.0,0.0020148896933269585
-46.97494443048582,0.008448697068403909,1.0,0.0020148896933269585
-46.879479090474476,0.008448697068403909,1.0,0.0020148896933269585
-46.78401375046312,0.008448697068403909,1.0,0.0020148896933269585
-46.68854841045177,0.008448697068403909,1.0,0.0020148896933269585
-46.59308307044043,0.008448697068403909,1.0,0.0020148896933269585
-46.49761773042907,0.008448697068403909,1.0,0.0020148896933269585
-46.402152390417726,0.008448697068403909,1.0,0.0020148896933269585
-46.30668705040638,0.008448697068403909,1.0,0.0020148896933269585
-46.21122171039502,0.008448697068403909,1.0,0.0020148896933269585
-46.11575637038368,0.008448697068403909,1.0,0.0020148896933269585
-46.020291030372334,0.008448697068403909,1.0,0.0020148896933269585
-45.924825690360976,0.008448697068403909,1.0,0.0020148896933269585
-45.82936035034963,0.008448840405137166,1.0,0.0020319650297110853
-45.73389501033829,0.008448840405137166,1.0,0.0020319650297110853
-45.63842967032693,0.008448840405137166,1.0,0.0020319650297110853
-45.542964330315584,0.008448840405137166,1.0,0.0020319650297110853
-45.44749899030424,0.008448840405137166,1.0,0.0020319650297110853
-45.35203365029288,0.008448840405137166,1.0,0.0020319650297110853
-45.25656831028154,0.008448840405137166,1.0,0.0020319650297110853
-45.16110297027019,0.008448840405137166,1.0,0.0020319650297110853
-45.065637630258834,0.008448840405137166,1.0,0.0020319650297110853
-44.97017229024749,0.008448840405137166,1.0,0.0020319650297110853
-44.874706950236146,0.008448840405137166,1.0,0.0020319650297110853
-44.77924161022479,0.008448840405137166,1.0,0.0020319650297110853
-44.68377627021344,0.008448840405137166,1.0,0.0020319650297110853
-44.5883109302021,0.008448840405137166,1.0,0.0020319650297110853
-44.49284559019074,0.008448840405137166,1.0,0.0020319650297110853
-44.397380250179395,0.008448840405137166,1.0,0.0020319650297110853
-44.30191491016805,0.008448840405137166,1.0,0.0020319650297110853
-44.20644957015669,0.008448983746734078,1.0,0.002049040366095212
-44.11098423014535,0.00844912709319489,1.0,0.002066115702479339
-44.015518890134004,0.00844912709319489,1.0,0.002066115702479339
-43.920053550122645,0.00844912709319489,1.0,0.002066115702479339
-43.8245882101113,0.00844912709319489,1.0,0.002066115702479339
-43.72912287009996,0.00844912709319489,1.0,0.002066115702479339
-43.6336575300886,0.00844912709319489,1.0,0.002066115702479339
-43.538192190077254,0.00844912709319489,1.0,0.002066115702479339
-43.44272685006591,0.00844912709319489,1.0,0.002066115702479339
-43.34726151005455,0.00844912709319489,1.0,0.002066115702479339
-43.25179617004321,0.008449270444519852,1.0,0.0020831910388634657
-43.15633083003186,0.008449557161763209,1.0,0.0021173417116317193
-43.060865490020504,0.008449557161763209,1.0,0.0021173417116317193
-42.96540015000916,0.008449557161763209,1.0,0.0021173417116317193
-42.869934809997815,0.0084497005276821,1.0,0.002134417048015846
-42.77446946998646,0.0084497005276821,1.0,0.002134417048015846
-42.67900412997511,0.0084497005276821,1.0,0.002134417048015846
-42.58353878996377,0.0084497005276821,1.0,0.002134417048015846
-42.48807344995241,0.0084497005276821,1.0,0.002134417048015846
-42.392608109941065,0.0084497005276821,1.0,0.002134417048015846
-42.29714276992972,0.0084497005276821,1.0,0.002134417048015846
-42.20167742991836,0.008449843898466133,1.0,0.002151492384399973
-42.10621208990702,0.008449843898466133,1.0,0.002151492384399973
-42.010746749895674,0.008449843898466133,1.0,0.002151492384399973
-41.915281409884315,0.008449843898466133,1.0,0.002151492384399973
-41.81981606987297,0.00844998727411555,1.0,0.0021685677207840997
-41.72435072986163,0.00844998727411555,1.0,0.0021685677207840997
-41.62888538985027,0.00844998727411555,1.0,0.0021685677207840997
-41.533420049838924,0.00844998727411555,1.0,0.0021685677207840997
-41.43795470982758,0.008450130654630603,1.0,0.002185643057168226
-41.34248936981622,0.008450130654630603,1.0,0.002185643057168226
-41.24702402980488,0.008450130654630603,1.0,0.002185643057168226
-41.15155868979353,0.008450417430258603,1.0,0.0022197937299364796
-41.056093349782174,0.008450560825372046,1.0,0.0022368690663206064
-40.96062800977083,0.008450704225352112,1.0,0.002253944402704733
-40.865162669759485,0.008451134454494543,1.0,0.0023051704118571136
-40.769697329748126,0.00845127787394359,1.0,0.0023222457482412404
-40.67423198973678,0.00845127787394359,1.0,0.0023222457482412404
-40.57876664972544,0.0084514212982605,1.0,0.002339321084625367
-40.48330130971409,0.0084514212982605,1.0,0.002339321084625367
-40.387835969702735,0.008451564727445524,1.0,0.002356396421009494
-40.29237062969139,0.008451564727445524,1.0,0.002356396421009494
-40.196905289680046,0.008451564727445524,1.0,0.002356396421009494
-40.10143994966869,0.008451708161498905,1.0,0.0023734717573936207
-40.00597460965734,0.008451708161498905,1.0,0.0023734717573936207
-39.910509269646,0.00845199504421174,1.0,0.0024076224301618743
-39.81504392963464,0.008452138492871691,1.0,0.002424697766546001
-39.719578589623296,0.008452281946400991,1.0,0.002441773102930128
-39.62411324961195,0.008452568868068638,1.0,0.002475923775698381
-39.52864790960059,0.008452568868068638,1.0,0.002475923775698381
-39.43318256958925,0.008452999287096445,1.0,0.0025271497848507614
-39.337717229577905,0.008453286257468768,1.0,0.002561300457619015
-39.242251889566546,0.008453429749961806,1.0,0.002578375794003142
-39.1467865495552,0.008453716749562886,1.0,0.0026125264667713954
-39.05132120954386,0.008454003768652282,1.0,0.002646677139539649
-38.9558558695325,0.008454003768652282,1.0,0.002646677139539649
-38.860390529521155,0.008454434333831319,1.0,0.0026979031486920294
-38.76492518950981,0.00845486494287024,1.0,0.0027491291578444097
-38.66945984949845,0.00845486494287024,1.0,0.0027491291578444097
-38.57399450948711,0.008455152039932766,1.0,0.002783279830612663
-38.47852916947576,0.008455439156493539,1.0,0.0028174305033809165
-38.383063829464405,0.008455869867898258,1.0,0.002868656512533297
-38.28759848945306,0.008456300623185206,1.0,0.0029198825216856772
-38.192133149441716,0.008456444218033623,1.0,0.002936957858069804
-38.09666780943036,0.008456875031840644,1.0,0.0029881838672221844
-38.00120246941901,0.008457305889545547,1.0,0.003039409876374565
-37.90573712940767,0.008457880434782608,1.0,0.0031077112219110715
-37.81027178939631,0.008458024083289458,1.0,0.0031247865582951983
-37.714806449384966,0.00845859872611465,1.0,0.0031930879038317055
-37.61934110937362,0.008458742399021639,1.0,0.0032101632402158323
-37.52387576936226,0.008459891958006319,1.0,0.003346765931288846
-37.42841042935092,0.008460323123184343,1.0,0.0033979919404412266
-37.332945089339574,0.00846104182948792,1.0,0.0034833686223618605
-37.237479749328216,0.008461616882454889,1.0,0.0035516699678983677
-37.14201440931687,0.008461904438251885,1.0,0.0035858206406666213
-37.04654906930553,0.008462479608482872,1.0,0.003654121986203128
-36.95108372929417,0.008463054856909796,1.0,0.003722423331739635
-36.855618389282824,0.00846406172986386,1.0,0.0038419506864285228
-36.76015304927148,0.008464924954530774,1.0,0.0039444027047332835
-36.66468770926012,0.0084653566328959,1.0,0.0039956287138856635
-36.56922236924878,0.008466364053654307,1.0,0.004115156068574551
-36.47375702923743,0.008467803642175784,1.0,0.0042859094324158185
-36.378291689226074,0.00846852362003877,1.0,0.004371286114336452
-36.28282634921473,0.008468811645466295,1.0,0.004405436787104706
-36.187361009203386,0.008469531794758414,1.0,0.00449081346902534
-36.09189566919203,0.008469963943125382,1.0,0.00454203947817772
-35.99643032918068,0.008471692977681002,1.0,0.0047469435147872415
-35.90096498916934,0.008473134379147242,1.0,0.004917696878628509
-35.80549964915798,0.008473711077080143,1.0,0.004985998224165016
-35.710034309146636,0.008474864708485075,1.0,0.00512260091523803
-35.61456896913529,0.008476740029617525,1.0,0.005344580288231678
-35.51910362912393,0.00847818314918538,1.0,0.005515333652072946
-35.42363828911259,0.008478904893247523,1.0,0.005600710333993579
-35.328172949101244,0.008480637580463881,1.0,0.005805614370603101
-35.232707609089886,0.008481648641744017,1.0,0.005925141725291988
-35.13724226907854,0.008482226499293147,1.0,0.005993443070828495
-35.0417769290672,0.008483960544472648,1.0,0.006198347107438017
-34.94631158905584,0.008485550708833152,1.0,0.006386175807663411
-34.850846249044494,0.008486418322483896,1.0,0.006488627825968172
-34.75538090903315,0.008487575416709275,1.0,0.006625230517041186
-34.65991556902179,0.008489311649790323,1.0,0.006830134553650707
-34.56445022901045,0.008490614290829113,1.0,0.0069838125811078474
-34.4689848889991,0.008492206950649705,1.0,0.007171641281333243
-34.373519548987744,0.00849481441048035,1.0,0.007478997336247524
-34.2780542089764,0.008496988517121943,1.0,0.0077351273820094255
-34.182588868965055,0.008482097143052189,0.9979919678714859,0.0079741820913872
-34.0871235289537,0.008483400187761373,0.9979919678714859,0.008127860118844341
-33.99165818894235,0.008484993341755728,0.9979919678714859,0.008315688819069736
-33.89619284893101,0.008487166789050359,0.9979919678714859,0.008571818864831637
-33.80072750891965,0.008489631375764408,0.9979919678714859,0.008862099583361793
-33.705262168908305,0.008491952294706626,0.9979919678714859,0.00913530496550782
-33.60979682889696,0.00849383897595406,0.9979919678714859,0.009357284338501469
-33.5143314888856,0.008495581272115006,0.9979919678714859,0.00956218837511099
-33.41886614887426,0.008497905445840814,0.9979919678714859,0.009835393757257019
-33.323400808862914,0.008501103261892138,0.9979919678714859,0.010211051157707807
-33.227935468851555,0.00850284853980257,0.9979919678714859,0.010415955194317329
-33.13247012884021,0.008506195659615252,0.9979919678714859,0.010808687931152243
-33.03700478882887,0.008508525645415325,0.9979919678714859,0.011081893313298272
-32.94153944881751,0.008512897810969134,0.9979919678714859,0.011594153404822075
-32.846074108806164,0.00851639877994448,0.9979919678714859,0.012003961478041118
-32.75060876879482,0.00851771238581638,0.9979919678714859,0.01215763950549826
-32.65514342878346,0.008520340813632545,0.9979919678714859,0.01246499556041254
-32.55967808877212,0.008523117025655096,0.9979919678714859,0.01278942695171095
-32.46421274876077,0.008524871355060035,0.9979919678714859,0.01299433098832047
-32.368747408749414,0.008529113967496697,0.9979919678714859,0.013489515743460146
-32.27328206873807,0.008532921280796635,0.9979919678714859,0.013933474489447442
-32.177816728726725,0.008536438742034662,0.9979919678714859,0.014343282562666485
-32.08235138871537,0.00853995910442119,0.9979919678714859,0.014753090635885526
-31.986886048704022,0.008543041804180418,0.9979919678714859,0.01511167269995219
-31.891420708692678,0.008545832831817321,0.9979919678714859,0.015436104091250598
-31.79595536868132,0.008549213885161867,0.9979919678714859,0.015828836828085512
-31.700490028669975,0.008552597614909398,0.9979919678714859,0.016221569564920428
-31.60502468865863,0.008556720555067747,0.9979919678714859,0.01669967898367598
-31.509559348647272,0.008561732329583628,0.9979919678714859,0.01728024042073629
-31.414094008635928,0.008566307008169878,0.9979919678714859,0.01780957584864422
-31.318628668624584,0.008571330022075056,0.9979919678714859,0.018390137285704527
-31.223163328613225,0.008574583347710569,0.9979919678714859,0.01876579468615532
-31.12769798860188,0.00857946796941083,0.9979919678714859,0.0193292807868315
-31.032232648590536,0.00858435815945834,0.9979919678714859,0.019892766887507685
-30.936767308579178,0.008587324625060474,0.9979919678714859,0.02023427361519022
-30.841301968567834,0.008592966561775994,0.9979919678714859,0.020883136397787036
-30.74583662855649,0.008597872156387855,0.9979919678714859,0.02144662249846322
-30.650371288545145,0.008602932267054405,0.9979919678714859,0.02202718393552353
-30.554905948533786,0.008608594737844907,0.9979919678714859,0.022676046718120346
-30.459440608522442,0.008613667481238842,0.9979919678714859,0.023256608155180658
-30.363975268511098,0.00861799895959771,0.9979919678714859,0.023751792910320334
-30.26850992849974,0.008621586927106824,0.9979919678714859,0.024161600983539377
-30.173044588488395,0.008628172632894691,0.9979919678714859,0.024912915784440954
-30.07757924847705,0.00863461839156344,0.9979919678714859,0.025647155248958404
-29.982113908465692,0.008642576426807637,0.9979919678714859,0.026552148077317123
-29.886648568454348,0.008649645834421066,0.9979919678714859,0.02735468888737108
-29.791183228443003,0.008656877601853304,0.9979919678714859,0.028174305033809167
-29.695717888431645,0.008662762323084432,0.9979919678714859,0.02884024315279011
-29.6002525484203,0.008652722292971407,0.9959839357429718,0.029659859299228195
-29.504787208408956,0.008658462075586978,0.9959839357429718,0.030308722081825012
-29.409321868397598,0.008665723220993413,0.9959839357429718,0.031128338228263098
-29.313856528386253,0.0086731482129118,0.9959839357429718,0.03196502971108531
-29.21839118837491,0.008683473389355743,0.9959839357429718,0.03312615258520593
-29.12292584836355,0.008674014754586713,0.9939759036144579,0.03401407007718052
-29.027460508352206,0.008680707784578153,0.9939759036144579,0.034765384878082096
-28.931995168340862,0.00868756362104672,0.9939759036144579,0.0355337750153678
-28.836529828329503,0.008693972179289026,0.9939759036144579,0.036250939143501124
-28.74106448831816,0.008701154880556873,0.9939759036144579,0.03705347995355508
-28.645599148306815,0.008708962313944897,0.9939759036144579,0.03792432210914555
-28.550133808295456,0.008718472594053825,0.9939759036144579,0.03898299296496141
-28.454668468284112,0.008726926535145714,0.9939759036144579,0.03992213646608838
-28.359203128272767,0.00873770983742564,0.9939759036144579,0.04111741001297726
-28.26373778826141,0.008728686279706688,0.9919678714859438,0.04205655351410423
-28.168272448250065,0.008739031984149447,0.9919678714859438,0.043200601051840724
-28.07280710823872,0.008733856537991391,0.9899598393574297,0.04456662796257086
-27.97734176822736,0.008743150016847855,0.9899598393574297,0.04559114814561847
-27.881876428216017,0.008753861997940269,0.9899598393574297,0.04676934635612322
-27.786411088204673,0.008765067738150268,0.9899598393574297,0.04799877057578034
-27.690945748193315,0.008775989746510966,0.9899598393574297,0.049194044122669214
-27.59548040818197,0.008785686281498378,0.9899598393574297,0.050252714978485075
-27.500015068170626,0.008794619762027936,0.9899598393574297,0.0512260091523803
-27.404549728159267,0.008804672012573,0.9899598393574297,0.052318830680964414
-27.309084388147923,0.008816638947010748,0.9899598393574297,0.05361655624615805
-27.21361904813658,0.008828954673257042,0.9899598393574297,0.05494843248411994
-27.11815370812522,0.008823687655804444,0.9879518072289156,0.05629738405846595
-27.022688368113876,0.008838270429518387,0.9879518072289156,0.057868315005805616
-26.92722302810253,0.008833477259643063,0.9859437751004017,0.05926849258930401
-26.831757688091173,0.00884509376519969,0.9859437751004017,0.06051499214534526
-26.73629234807983,0.00885961746661855,0.9859437751004017,0.062068847756300796
-26.640827008068484,0.00885419490070653,0.9839357429718876,0.06340072399426269
-26.545361668057126,0.008849717677718257,0.9819277108433735,0.06483505225052934
-26.44989632804578,0.008863994779487737,0.9819277108433735,0.06635475718871661
-26.354430988034437,0.008860644575578756,0.9799196787148594,0.06790861279967216
-26.25896564802308,0.008873211266069058,0.9799196787148594,0.06924048903763404
-26.163500308011734,0.008889536578257067,0.9799196787148594,0.07096509801243084
-26.06803496800039,0.00890478449691617,0.9799196787148594,0.07257017963253876
-25.97256962798903,0.008924489310729504,0.9799196787148594,0.0746362953350181
-25.877104287977687,0.008923499770957398,0.9779116465863453,0.07642920565535141
-25.781638947966343,0.008905455279925084,0.9738955823293173,0.0783416433303736
-25.686173607954984,0.008922658032231951,0.9738955823293173,0.08013455365070692
-25.59070826794364,0.008922481334685225,0.9718875502008032,0.08201284065296087
-25.495242927932296,0.008942428497524203,0.9718875502008032,0.0840789563554402
-25.399777587920937,0.008962796985241014,0.9718875502008032,0.08617922273068779
-25.304312247909593,0.008980258275196676,0.9718875502008032,0.08797213305102111
-25.20884690789825,0.00900013016717184,0.9718875502008032,0.09000409808073219
-25.11338156788689,0.009018577524363202,0.9718875502008032,0.09188238508298613
-25.017916227875546,0.00901994472249197,0.9698795180722891,0.0938972747763131
-24.9224508878642,0.009039865244244806,0.9698795180722891,0.09591216446964006
-24.826985547852843,0.009058684521465145,0.9698795180722891,0.09780752680827812
-24.7315202078415,0.00904118343640157,0.9658634538152611,0.09978826582883683
-24.636054867830154,0.009064355036276265,0.9658634538152611,0.10211051157707807
-24.540589527818796,0.009087645714069791,0.9658634538152611,0.10443275732531931
-24.44512418780745,0.009107433635021017,0.9658634538152611,0.10639642100949388
-24.349658847796107,0.009110406741700989,0.963855421686747,0.10854791339389386
-24.25419350778475,0.009112180645652215,0.9618473895582329,0.11057987842360495
-24.158728167773404,0.009133029534577765,0.9618473895582329,0.11262891878970016
-24.06326282776206,0.009155723760919013,0.9618473895582329,0.11484871251963663
-23.9677974877507,0.009159369191561116,0.9598393574297188,0.117051430913189
-23.872332147739357,0.009183300993256614,0.9598393574297188,0.11937367666143023
-23.776866807728013,0.009207180830572464,0.9598393574297188,0.12167884707328734
-23.681401467716654,0.009208494208494209,0.9578313253012049,0.12364251075746192
-23.58593612770531,0.00921391378409245,0.9558232931726908,0.12599890717847143
-23.490470787693965,0.009239847814271295,0.9558232931726908,0.1284748309541698
-23.395005447682607,0.009262862925196545,0.9558232931726908,0.130660474011338
-23.299540107671262,0.009286174135273806,0.9558232931726908,0.1328631924048904
-23.204074767659918,0.009317803660565723,0.9558232931726908,0.13583430093572843
-23.10860942764856,0.009343042769937386,0.9558232931726908,0.13819069735673792
-23.013144087637215,0.009372108133650987,0.9558232931726908,0.14088860050542995
-22.91767874762587,0.00940191198546259,0.9558232931726908,0.14363772966327437
-22.822213407614512,0.009412091069411694,0.9538152610441767,0.14636978348473464
-22.726748067603168,0.00944071232658902,0.9538152610441767,0.14898230995150605
-22.631282727591824,0.009470641012860133,0.9538152610441767,0.1516972884365822
-22.535817387580465,0.009499430034197948,0.9538152610441767,0.15429273956696946
-22.44035204756912,0.009511196725258849,0.9518072289156626,0.1571272454067345
-22.344886707557777,0.009524768425291985,0.9497991967871486,0.1601154292739567
-22.249421367546418,0.009515728225953089,0.9457831325301205,0.16286455843180112
-22.153956027535074,0.009489628322890686,0.9397590361445783,0.16588689297179154
-22.05849068752373,0.009524003337471255,0.9397590361445783,0.16892630284816612
-21.96302534751237,0.009557847442050444,0.9397590361445783,0.17189741137900416
-21.867560007501027,0.009592522751496269,0.9397590361445783,0.17491974591899462
-21.772094667489682,0.009624678663239074,0.9397590361445783,0.17770302574960728
-21.676629327478324,0.009623923504264678,0.9357429718875502,0.18115224369920088
-21.58116398746698,0.009657430626075063,0.9357429718875502,0.18402090021173417
-21.485698647455635,0.009657210647907257,0.9317269076305221,0.18750426883409604
-21.390233307444277,0.00967384718246589,0.929718875502008,0.1906632060651595
-21.294767967432932,0.009712607509964338,0.929718875502008,0.1939245953145277
-21.199302627421588,0.009734718388503762,0.927710843373494,0.1975104159551943
-21.103837287410244,0.009773847553364785,0.927710843373494,0.2007547298681784
-21.008371947398885,0.009728328978950275,0.9196787148594378,0.20393074243562598
-20.91290660738754,0.009741228631112249,0.9176706827309237,0.20673109760262276
-20.817441267376196,0.009716425896201177,0.9116465863453815,0.20990711017007035
-20.721975927364838,0.00975421106909591,0.9116465863453815,0.2129977460555973
-20.626510587353494,0.009775571860164005,0.9096385542168675,0.21646403934157502
-20.53104524734215,0.0098143293541608,0.9096385542168675,0.21958882589987022
-20.43557990733079,0.009858327348697526,0.9096385542168675,0.22310634519500033
-20.340114567319446,0.009900773702845653,0.9096385542168675,0.2264701864626733
-20.244649227308102,0.009923814960370606,0.9076305220883534,0.22998770575780342
-20.149183887296743,0.009945531126645644,0.9056224899598394,0.23338569769824466
-20.0537185472854,0.009944849276838912,0.9016064257028112,0.2367324636295335
-19.958253207274055,0.00999399025085138,0.9016064257028112,0.24052318830680963
-19.862787867262696,0.01001856117360288,0.8995983935742972,0.24409193361109213
-19.767322527251352,0.010046524172341717,0.8975903614457831,0.2478997336247524
-19.671857187240008,0.01009553492784064,0.8975903614457831,0.2515880062837238
-19.57639184722865,0.010144795969315964,0.8975903614457831,0.25525920360631105
-19.480926507217305,0.01015216845755481,0.893574297188755,0.2591353049655078
-19.38546116720596,0.010186056115074903,0.891566265060241,0.26328461170685064
-19.289995827194602,0.0102396162450128,0.891566265060241,0.2671777884024315
-19.194530487183258,0.010266274246251535,0.8895582329317269,0.27074653370671403
-19.099065147171913,0.010322730979843877,0.8895582329317269,0.2747763130933679
-19.003599807160555,0.010382488047248523,0.8895582329317269,0.27899392118024724
-18.90813446714921,0.010444418248261228,0.8895582329317269,0.28331398128543134
-18.812669127137866,0.010497381578635577,0.8895582329317269,0.28696810327163447
-18.717203787126508,0.010552141393930733,0.8895582329317269,0.2907076019397582
-18.621738447115163,0.01051572568088725,0.8815261044176707,0.2946520046444915
-18.52627310710382,0.010483190745872997,0.8734939759036144,0.2988866880677549
-18.43080776709246,0.010541876696393952,0.8734939759036144,0.3028310907724882
-18.335342427081116,0.01058278468666179,0.8714859437751004,0.3071511508776723
-18.23987708706977,0.010503067484662577,0.8594377510040161,0.31148828631924047
-18.144411747058413,0.010543470209140966,0.857429718875502,0.3157571204152722
-18.04894640704707,0.010582536330890572,0.8554216867469879,0.319906427156615
-17.953481067035725,0.010573942605739427,0.8493975903614458,0.32414111057987843
-17.858015727024366,0.010606212928521163,0.8473895582329317,0.3278123079024657
-17.76255038701302,0.010679218544387083,0.8473895582329317,0.3324567993989482
-17.667085047001677,0.01074338085539715,0.8473895582329317,0.33648657878560206
-17.57161970699032,0.010821345231684489,0.8473895582329317,0.34131889898230994
-17.476154366978975,0.010869565217391304,0.8453815261044176,0.3458267877877194
-17.38068902696763,0.010936201163757273,0.8453815261044176,0.34985656717437336
-17.28522368695627,0.010926390631534923,0.8393574297188755,0.35390342189741136
-17.189758346944927,0.010945064197011155,0.8353413654618473,0.35810395464790656
-17.094293006933583,0.01099949640859816,0.8333333333333334,0.3628508981626938
-16.998827666922224,0.011017152612905807,0.8293172690763052,0.3669489788948842
-16.90336232691088,0.011090523376030505,0.8293172690763052,0.37118366231814764
-16.807896986899536,0.011092773463921431,0.8232931726907631,0.37587937982378256
-16.712431646888177,0.01111232160366053,0.8192771084337349,0.38002868656512534
-16.616966306876833,0.011135185540714736,0.8152610441767069,0.3843487466703094
-16.52150096686549,0.011129522231427783,0.8092369477911646,0.3885834300935728
-16.42603562685413,0.01118188645656588,0.8072289156626506,0.3929888668806775
-16.330570286842786,0.011262712576695711,0.8072289156626506,0.3973943036677823
-16.23510494683144,0.011344075401416598,0.8072289156626506,0.4017655897821187
-16.139639606820083,0.011424024553127398,0.8072289156626506,0.4060002732053821
-16.04417426680874,0.01145770673999599,0.8032128514056225,0.41071306604740115
-15.948708926797394,0.011538683436219927,0.8032128514056225,0.4148965234615122
-15.853243586786036,0.011567749811079463,0.7991967871485943,0.4193019602486169
-15.757778246774691,0.011656854992238527,0.7991967871485943,0.42379277371764223
-15.662312906763347,0.011722671706135947,0.7971887550200804,0.4285055665596612
-15.566847566751989,0.01177905351140724,0.7951807228915663,0.4327060993101564
-15.471382226740644,0.01180771997122992,0.7911646586345381,0.436957858069804
-15.3759168867293,0.011874187992869444,0.7891566265060241,0.4415681988935182
-15.280451546717956,0.011980246311425436,0.7891566265060241,0.44657127245406736
-15.184986206706611,0.012010812803342139,0.785140562248996,0.4508059558773308
-15.089520866695239,0.01204408941730138,0.7811244979919679,0.45514309131889896
-14.994055526683894,0.012144485030127064,0.7811244979919679,0.45970220613346086
-14.89859018667255,0.012243099486985806,0.7811244979919679,0.46410764292056556
-14.803124846661206,0.012304960040593683,0.7791164658634538,0.468205723652756
-14.707659506649861,0.012363427257044278,0.7771084337349398,0.47211597568472097
-14.612194166638517,0.012404549408770178,0.7730923694779116,0.4766067891537463
-14.516728826627144,0.01250893495353824,0.7730923694779116,0.48102930127723514
-14.4212634866158,0.012617159336697908,0.7730923694779116,0.4855371900826446
-14.325798146604455,0.012723907726882146,0.7730923694779116,0.4899084761969811
-14.230332806593111,0.012773053193263299,0.7690763052208835,0.49453589235707945
-14.134867466581767,0.012856758212170166,0.7670682730923695,0.4991803838535619
-14.039402126570423,0.012911555842479019,0.7630522088353414,0.5039444027047333
-13.94393678655905,0.012932217343578484,0.7570281124497992,0.5086571955467523
-13.848471446547705,0.013011731321590477,0.7550200803212851,0.5129943309883205
-13.753006106536361,0.013023743016759777,0.748995983935743,0.5173314664298887
-13.657540766525017,0.013130104196001127,0.748995983935743,0.521292944471006
-13.562075426513672,0.01325703724765425,0.748995983935743,0.5259374359674885
-13.466610086502328,0.01340183960908307,0.748995983935743,0.5311283382282631
-13.371144746490955,0.013493905977945444,0.7469879518072289,0.5356191516972885
-13.275679406479611,0.013545670876807615,0.7429718875502008,0.5399050611297043
-13.180214066468267,0.013674834608419263,0.7429718875502008,0.544310497916809
-13.084748726456922,0.013659774576397702,0.7349397590361446,0.5487330100402978
-12.989283386445578,0.013788426763110307,0.7349397590361446,0.5530018441363295
-12.893818046434234,0.013810157884725128,0.7289156626506024,0.5573731302506659
-12.798352706422861,0.013900622072037478,0.7269076305220884,0.5615053616556246
-12.702887366411517,0.013948622573520865,0.7228915662650602,0.5654497643603579
-12.607422026400172,0.014019423558897242,0.7188755020080321,0.5700771805204563
-12.511956686388828,0.013956430632981458,0.7088353413654619,0.5741411105798784
-12.416491346377484,0.014022051773729626,0.7048192771084337,0.5785636227033673
-12.32102600636614,0.014146380783491858,0.7048192771084337,0.5823201967078752
-12.225560666354767,0.014175152749490836,0.6987951807228916,0.5867427088313639
-12.130095326343422,0.014235168271208755,0.6947791164658634,0.5908749402363227
-12.034629986332078,0.01434392150340928,0.6927710843373494,0.5951950003415067
-11.939164646320734,0.01449214483743594,0.6927710843373494,0.5993955330920019
-11.84369930630939,0.014591109602986088,0.6907630522088354,0.6033057851239669
-11.748233966298045,0.01469391252195519,0.6887550200803213,0.6072672631650844
-11.652768626286672,0.01475743281256762,0.6847389558232931,0.61126289187897
-11.557303286275328,0.014841082216968742,0.6807228915662651,0.6157537053479953
-11.461837946263984,0.014967673368169338,0.678714859437751,0.6201762174714842
-11.36637260625264,0.015033557046979866,0.6746987951807228,0.6241035448398333
-11.270907266241295,0.015165233137166138,0.6726907630522089,0.6285260569633222
-11.17544192622995,0.015186862449110288,0.6666666666666666,0.6323850829861348
-11.079976586218578,0.01533699819836467,0.6666666666666666,0.6360392049723379
-10.984511246207234,0.01545429078345317,0.6646586345381527,0.6399323816679189
-10.88904590619589,0.015447845804988663,0.6566265060240963,0.644132914418414
-10.793580566184545,0.015513867010358489,0.6526104417670683,0.6478382624137695
-10.6981152261732,0.015523309068119365,0.6465863453815262,0.6513045556997473
-10.602649886161856,0.015518251024790162,0.6385542168674698,0.6555221637866266
-10.507184546150484,0.015641961906641667,0.6365461847389559,0.6593641144730551
-10.41171920613914,0.01570210856886496,0.6325301204819277,0.6628304077590329
-10.316253866127795,0.01579053576833821,0.6285140562248996,0.6668772624820709
-10.22078852611645,0.015892483008840514,0.6244979919678715,0.6711631719144867
-10.125323186105106,0.01598220751008586,0.6204819277108434,0.6751417252919882
-10.029857846093762,0.016016749542004712,0.6144578313253012,0.6790007513148009
-9.93439250608239,0.016185337987940335,0.6144578313253012,0.6823987432552421
-9.838927166071045,0.01628280664167113,0.6104417670682731,0.6863943719691278
-9.7434618260597,0.016423654398612392,0.608433734939759,0.6901509459736357
-9.647996486048356,0.01658247309466286,0.606425702811245,0.6941807253602896
-9.552531146037012,0.01667129758266185,0.6024096385542169,0.6978519226828769
-9.457065806025668,0.016807195053400788,0.6004016064257028,0.7013352913052388
-9.361600466014295,0.016994429919290666,0.6004016064257028,0.7046820572365275
-9.26613512600295,0.017085658401886902,0.5963855421686747,0.7082508025408101
-9.170669785991606,0.01710197196207318,0.5903614457831325,0.71147804111741
-9.075204445980262,0.017191639682072418,0.5863453815261044,0.7149614097397718
-8.979739105968918,0.017137397742879323,0.5763052208835341,0.7189399631172734
-8.884273765957573,0.01733615221987315,0.5763052208835341,0.7222184277030258
-8.7888084259462,0.01742373295836645,0.572289156626506,0.7255651936343146
-8.693343085934856,0.017555789083266365,0.570281124497992,0.7286216788470733
-8.597877745923512,0.017721836057361138,0.5682730923694779,0.7321562734785876
-8.502412405912168,0.017773263932969404,0.5622489959839357,0.7357762447920224
-8.406947065900823,0.017951357611632995,0.5602409638554217,0.7393791407690732
-8.311481725889479,0.018036202630550852,0.5562248995983936,0.7424868519909842
-8.216016385878106,0.018135056713268267,0.5522088353413654,0.7457653165767366
-8.120551045866762,0.018189113280727566,0.5461847389558233,0.7492999112082508
-8.025085705855417,0.01822987259419897,0.5401606425702812,0.7526296018031555
-7.929620365844073,0.018299394606494223,0.5341365461847389,0.756334949798511
-7.834155025832729,0.01846947309729579,0.5321285140562249,0.7595280377023428
-7.7386896858213845,0.0185997171145686,0.5281124497991968,0.7630455569974729
-7.643224345810012,0.01877866972477064,0.5261044176706827,0.7662386449013046
-7.547759005798667,0.018737744208003487,0.5180722891566265,0.7692951301140633
-7.452293665787323,0.018841539707072936,0.5140562248995983,0.772368690663206
-7.356828325775979,0.019084538541821978,0.5140562248995983,0.77532272385766
-7.2613629857646345,0.019243830654290243,0.5120481927710844,0.7780889283518886
-7.16589764575329,0.019255749980897074,0.5060240963855421,0.7808380575097329
-7.070432305741917,0.019273937611270223,0.5,0.7836554880131139
-6.974966965730573,0.019386233419668785,0.4959839357429719,0.7866607472167202
-6.879501625719229,0.01958131019660909,0.4939759036144578,0.7896830817567106
-6.784036285707884,0.019777203745560218,0.4919678714859438,0.7926541902875487
-6.68857094569654,0.01996236603125256,0.4899598393574297,0.7954545454545454
-6.593105605685196,0.020240564081294068,0.4899598393574297,0.7983232019670787
-6.497640265673823,0.020361800588977703,0.4859437751004016,0.801191858479612
-6.402174925662479,0.020623828191580023,0.4859437751004016,0.8037702342736152
-6.306709585651134,0.020743301642178046,0.4819277108433735,0.8065364387678438
-6.21124424563979,0.020987003863716193,0.4799196787148594,0.8096270746533707
-6.115778905628446,0.021297451434681876,0.4799196787148594,0.8124615804931357
-6.020313565617101,0.021241977763716894,0.4718875502008032,0.8151082576326754
-5.924848225605757,0.021282451151270525,0.46586345381526106,0.8178232361177515
-5.829382885594384,0.021423248882265277,0.46184738955823296,0.8206065159483642
-5.73391754558304,0.021444159787456115,0.4538152610441767,0.8239020558705007
-5.638452205571696,0.021483622350674372,0.44779116465863456,0.8265658083464245
-5.542986865560351,0.021588355963661227,0.44377510040160645,0.8289734307765863
-5.447521525549007,0.02172188057925015,0.4397590361445783,0.8315859572433577
-5.352056185537663,0.02184857027788965,0.4357429718875502,0.8341131070282084
-5.25659084552629,0.02183896315950607,0.42971887550200805,0.8363329007581449
-5.161125505514946,0.02202916537387527,0.42771084337349397,0.8385356191516973
-5.065660165503601,0.02232283879119722,0.42570281124497994,0.841455501673383
-4.970194825492257,0.02230999146029035,0.41967871485943775,0.8436069940577829
-4.874729485480913,0.022537653050167947,0.41767068273092367,0.8459633904787924
-4.779264145469568,0.022797356828193834,0.41566265060240964,0.8484905402636432
-4.683798805458196,0.023112996873604286,0.41566265060240964,0.8506078819752749
-4.588333465446851,0.023393141040199864,0.41365461847389556,0.8531521070965098
-4.492868125435507,0.023432990880757242,0.40763052208835343,0.8555426541902875
-4.397402785424163,0.023711703251555347,0.40562248995983935,0.8579844272932177
-4.301937445412818,0.023749850817519992,0.39959839357429716,0.8603237483778431
-4.206472105401474,0.023636363636363636,0.39156626506024095,0.8624581654258588
-4.111006765390101,0.02374507874015748,0.38755020080321284,0.8645072057919541
-4.015541425378757,0.024,0.3855421686746988,0.8666757735127382
-3.9200760853674126,0.024260129556712817,0.38353413654618473,0.8688272658971382
-3.8246107453560683,0.024667441560118818,0.38353413654618473,0.8710470596270746
-3.729145405344724,0.02493765586034913,0.3815261044176707,0.8731473260023223
-3.6336800653333796,0.025333333333333333,0.3815261044176707,0.8751792910320333
-3.538214725322007,0.025759219088937094,0.3815261044176707,0.8772966327436651
-3.4427493853106625,0.025938189845474614,0.37751004016064255,0.879448125128065
-3.3472840452993182,0.026208829712683953,0.3755020080321285,0.8813605628030872
-3.251818705287974,0.026229973061108747,0.3714859437751004,0.8827265897138173
-3.1563533652766296,0.0265282583621684,0.36947791164658633,0.8847073287343761
-3.0608880252652853,0.026963657678780773,0.36947791164658633,0.8866197664093982
-2.9654226852539125,0.027232142857142858,0.3674698795180723,0.8883785260569633
-2.869957345242568,0.027117103469171337,0.35943775100401604,0.8903421897411379
-2.774492005231224,0.02740991684631968,0.357429718875502,0.8921521753978553
-2.6790266652198795,0.027703866019721395,0.35542168674698793,0.8939280103818045
-2.583561325208535,0.027976474328405658,0.3534136546184739,0.8955843180110649
-2.488095985197191,0.028330904970050187,0.3514056224899598,0.8975138310224712
-2.392630645185818,0.02875924404272802,0.3514056224899598,0.8990847619698108
-2.297165305174474,0.0292007341898882,0.3514056224899598,0.9006556929171504
-2.2016999651631295,0.029456576942610464,0.3493975903614458,0.9021070965098013
-2.106234625151785,0.029604130808950087,0.3453815261044177,0.9037292534662933
-2.010769285140441,0.02938090241343127,0.3373493975903614,0.9052318830680964
-1.9153039451290965,0.029537366548042704,0.3333333333333333,0.9068711153609726
-1.8198386051177238,0.030034376696218563,0.3333333333333333,0.9084591216446964
-1.7243732651063794,0.03001841620626151,0.3273092369477912,0.9100642032648043
-1.6289079250950351,0.030048525569242254,0.3232931726907631,0.9112594768116932
-1.5334425850836908,0.030142180094786728,0.3192771084337349,0.9126425790588074
-1.4379772450723465,0.03072463768115942,0.3192771084337349,0.9143501126972201
-1.3425119050610022,0.031029065200314218,0.3172690763052209,0.9157502902807185
-1.2470465650496294,0.031293601754036275,0.3152610441767068,0.9170138651731439
-1.151581225038285,0.031224655312246552,0.3092369477911647,0.9184140427566423
-1.0561158850269408,0.03177878662814693,0.3092369477911647,0.9198825216856772
-0.9606505450155964,0.03208219752568673,0.3072289156626506,0.9211802472508709
-0.8651852050042521,0.03244397011739594,0.30522088353413657,0.9225975001707534
-0.7697198649929078,0.03279756733275413,0.3032128514056225,0.9239635270814835
-0.674254524981535,0.03202296819787986,0.29116465863453816,0.9251588006283724
-0.5787891849701907,0.03219270598829356,0.28714859437751006,0.9265931288846391
-0.4833238449588464,0.03229500687127806,0.28313253012048195,0.9278567037770644
-0.38785850494750207,0.03276022304832714,0.28313253012048195,0.9289153746328803
-0.29239316493615775,0.033136094674556214,0.28112449799196787,0.9302472508708421
-0.19692782492481342,0.03302796528447444,0.2751004016064257,0.9315108257632675
-0.10146248491344068,0.032408544070709554,0.26506024096385544,0.9327060993101564
-0.005997144902096352,0.033074417439238286,0.26506024096385544,0.9341062768936548
0.08946819510924797,0.03319713993871297,0.26104417670682734,0.935352776449696
0.1849335351205923,0.03382773874577153,0.26104417670682734,0.9365992760057373
0.2803988751319366,0.0344644750795334,0.26104417670682734,0.9378116248890103
0.37586421514328094,0.03507825148407987,0.26104417670682734,0.9389385970903626
0.4713295551546537,0.03546879296123179,0.25903614457831325,0.9400997199644833
0.566794895165998,0.03518570231778833,0.25301204819277107,0.941004712792842
0.6622602351773423,0.03584637268847795,0.25301204819277107,0.9421316849941944
0.7577255751886867,0.03642671292281006,0.25301204819277107,0.9430879038317055
0.853190915200031,0.03666764447051921,0.25100401606425704,0.9439245953145277
0.9486562552113753,0.037070254110612856,0.24899598393574296,0.9450003415067277
1.044121595222748,0.03668890236506974,0.2429718875502008,0.9457516563076293
1.1395869352340924,0.037037037037037035,0.24096385542168675,0.9467249504815245
1.2350522752454367,0.03789074834227976,0.24096385542168675,0.9479714500375658
1.330517615256781,0.03857280617164899,0.24096385542168675,0.9489276688750768
1.4259829552681254,0.038599934576382076,0.23694779116465864,0.9498155863670514
1.5214482952794697,0.03860232945091514,0.23293172690763053,0.9506693531862578
1.6169136352908424,0.038696537678207736,0.2289156626506024,0.951642647360153
1.7123789753021867,0.03863401172818213,0.2248995983935743,0.9524110374974387
1.807844315313531,0.03865073787772312,0.22088353413654618,0.9532818796530291
1.9033096553248754,0.039026136770497676,0.21887550200803213,0.9541697971450037
1.9987749953362197,0.03917301414581066,0.21686746987951808,0.9547674339184482
2.094240335347564,0.03958564557898631,0.21485943775100402,0.9556724267468069
2.189705675358937,0.039289761994710994,0.20883534136546184,0.9565774195751656
2.285171015370281,0.040061633281972264,0.20883534136546184,0.9574482617307561
2.3806363553816254,0.04055118110236221,0.20682730923694778,0.958387405231883
2.4761016953929698,0.03998384491114701,0.19879518072289157,0.9594119254149307
2.571567035404314,0.04072398190045249,0.19879518072289157,0.9601803155522164
2.6670323754156584,0.04061976549413735,0.19477911646586346,0.9608804043439656
2.762497715427031,0.04015378043571124,0.18875502008032127,0.9616317191448671
2.8579630554383755,0.0394563787812363,0.18072289156626506,0.9625879379823783
2.95342839544972,0.03939122649955237,0.17670682730923695,0.963356328119664
3.048893735461064,0.039783001808318265,0.17670682730923695,0.9637319855201147
3.1443590754724084,0.04,0.1746987951807229,0.9643466976299433
3.2398244154837528,0.040149393090569564,0.17269076305220885,0.9648931083942354
3.3352897554951255,0.04051477597712107,0.1706827309236948,0.9656273478587528
3.43075509550647,0.04106280193236715,0.1706827309236948,0.9661054572775084
3.526220435517814,0.04119666503187837,0.1686746987951807,0.9666177173690321
3.6216857755291585,0.041979010494752625,0.1686746987951807,0.967266580151629
3.717151115540503,0.041772796739684155,0.1646586345381526,0.9678812922614576
3.812616455551847,0.0421875,0.16265060240963855,0.9685984563895909
3.9080817955631915,0.04204364023416711,0.15863453815261044,0.9692643945085718
4.003547135574564,0.042116630669546434,0.1566265060240964,0.9697083532545591
4.0990124755859085,0.04230769230769231,0.15461847389558234,0.9702376886824671
4.194477815597253,0.043137254901960784,0.15461847389558234,0.9708353254559114
4.289943155608597,0.04389965792474344,0.15461847389558234,0.9713646608838195
4.3854084956199415,0.043706293706293704,0.15060240963855423,0.971979372993648
4.480873835631286,0.043400713436385255,0.1465863453815261,0.9725257837579401
4.576339175642659,0.04353083434099154,0.14457831325301204,0.9729868178403115
4.671804515654003,0.043558282208588955,0.142570281124498,0.9733795505771464
4.767269855665347,0.0443472829481574,0.142570281124498,0.9738747353322861
4.8627351956766915,0.043865225683407505,0.13855421686746988,0.9743186940782733
4.958200535688036,0.04471808165910564,0.13855421686746988,0.9748309541697971
5.05366587569938,0.044707429322813935,0.13654618473895583,0.9751895362338638
5.149131215710753,0.044876088412592094,0.13453815261044177,0.9756505703162353
5.244596555722097,0.045081967213114756,0.13253012048192772,0.9761286797349907
5.340061895733442,0.04564315352697095,0.13253012048192772,0.976436035789905
5.435527235744786,0.04580690627202255,0.13052208835341367,0.9768799945358924
5.53099257575613,0.046762589928057555,0.13052208835341367,0.977375179291032
5.626457915767475,0.04678362573099415,0.1285140562248996,0.9777337613550987
5.721923255778847,0.04697986577181208,0.12650602409638553,0.978177720101086
5.817388595790192,0.04783599088838269,0.12650602409638553,0.978587528174305
5.912853935801536,0.04809930178432894,0.12449799196787148,0.9790485622566765
6.00831927581288,0.048221343873517786,0.12248995983935743,0.9794412949935114
6.103784615824225,0.048348106365834004,0.12048192771084337,0.9798340277303463
6.199249955835569,0.04942339373970346,0.12048192771084337,0.9802950618127177
6.294715295846942,0.0502092050209205,0.12048192771084337,0.9806194932040161
6.390180635858286,0.04948805460750853,0.11646586345381527,0.9809780752680828
6.48564597586963,0.049479166666666664,0.1144578313253012,0.9813025066593812
6.581111315880975,0.04875886524822695,0.11044176706827309,0.981678164059832
6.676576655892319,0.04954954954954955,0.11044176706827309,0.9819855201147463
6.772041995903663,0.049586776859504134,0.10843373493975904,0.9823270268424288
6.867507335915036,0.05027932960893855,0.10843373493975904,0.9825831568881906
6.96297267592638,0.04933586337760911,0.10441767068273092,0.982890512943105
7.058438015937725,0.05029013539651837,0.10441767068273092,0.9832320196707875
7.153903355949069,0.04885343968095713,0.09839357429718876,0.983710129089543
7.249368695960413,0.04853387259858443,0.0963855421686747,0.9839321084625368
7.344834035971758,0.04923076923076923,0.0963855421686747,0.9841711631719144
7.44029937598313,0.0502092050209205,0.0963855421686747,0.9844955945632129
7.535764715994475,0.05128205128205128,0.0963855421686747,0.9848371012908954
7.631230056005819,0.052060737527114966,0.0963855421686747,0.9850761560002732
7.726695396017163,0.05292171995589857,0.0963855421686747,0.9853322860460351
7.822160736028508,0.052690582959641255,0.09437751004016064,0.9855713407554129
7.917626076039852,0.05328798185941043,0.09437751004016064,0.9857420941192542
8.013091416051225,0.0539609644087256,0.09437751004016064,0.9859299228194796
8.108556756062569,0.053864168618266976,0.09236947791164658,0.9862031282016256
8.204022096073913,0.055089820359281436,0.09236947791164658,0.9865275595929239
8.299487436085258,0.055757575757575756,0.09236947791164658,0.9866983129567652
8.394952776096602,0.05693069306930693,0.09236947791164658,0.9869885936752955
8.490418116107946,0.056818181818181816,0.09036144578313253,0.9872447237210573
8.58588345611932,0.05761843790012804,0.09036144578313253,0.9874325524212827
8.681348796130663,0.0587467362924282,0.09036144578313253,0.9876886824670446
8.776814136142008,0.06032171581769437,0.09036144578313253,0.9880301891947272
8.872279476153352,0.059065934065934064,0.08634538152610442,0.9883033945768732
8.967744816164696,0.0599721059972106,0.08634538152610442,0.9884912232770986
9.06321015617604,0.05982905982905983,0.08433734939759036,0.9887302779864763
9.158675496187414,0.06158357771260997,0.08433734939759036,0.9890717847141589
9.254140836198758,0.0626865671641791,0.08433734939759036,0.9892766887507684
9.349606176210102,0.06278713629402756,0.0823293172690763,0.9895498941329144
9.445071516221446,0.06356589147286822,0.0823293172690763,0.9896864968239875
9.54053685623279,0.06487341772151899,0.0823293172690763,0.9899084761969811
9.636002196244135,0.0644122383252818,0.08032128514056225,0.9900792295608224
9.731467536255508,0.06578947368421052,0.08032128514056225,0.990301208933816
9.826932876266852,0.06688963210702341,0.08032128514056225,0.9904719622976572
9.922398216278197,0.06529209621993128,0.07630522088353414,0.990711017007035
10.01786355628954,0.06608695652173913,0.07630522088353414,0.9908305443617239
10.113328896300885,0.06725663716814159,0.07630522088353414,0.9910012977255652
10.20879423631223,0.06788990825688074,0.07429718875502007,0.9913257291168636
10.304259576323602,0.06954887218045112,0.07429718875502007,0.9915477084898573
10.399724916334947,0.07088122605363985,0.07429718875502007,0.9917184618536985
10.49519025634629,0.07017543859649122,0.07228915662650602,0.9918550645447716
10.590655596357635,0.07114624505928854,0.07228915662650602,0.9919745918994605
10.68612093636898,0.07028112449799197,0.07028112449799197,0.9920941192541493
10.781586276380324,0.07053941908713693,0.06827309236947791,0.9923502492999112
10.877051616391697,0.07021276595744681,0.06626506024096386,0.9925380780001366
10.972516956403041,0.07142857142857142,0.06626506024096386,0.9926746806912096
11.067982296414385,0.07079646017699115,0.0642570281124498,0.9928283587186667
11.16344763642573,0.07256235827664399,0.0642570281124498,0.9930161874188922
11.258912976437074,0.07407407407407407,0.0642570281124498,0.9931698654463493
11.354378316448418,0.07476635514018691,0.0642570281124498,0.9932381667918858
11.449843656459791,0.07655502392344497,0.0642570281124498,0.993408920155727
11.545308996471135,0.0774818401937046,0.0642570281124498,0.9934942968376477
11.64077433648248,0.0784313725490196,0.0642570281124498,0.9935796735195683
11.736239676493824,0.07769423558897243,0.06224899598393574,0.9937162762106414
11.831705016505168,0.07908163265306123,0.06224899598393574,0.9938358035653302
11.927170356516513,0.07751937984496124,0.060240963855421686,0.9939041049108668
12.022635696527885,0.07329842931937172,0.05622489959839357,0.9939553309200191
12.11810103653923,0.07387862796833773,0.05622489959839357,0.9940065569291715
12.213566376550574,0.07258064516129033,0.05421686746987952,0.9941090089474762
12.309031716561918,0.07397260273972603,0.05421686746987952,0.9942285363021651
12.404497056573263,0.07541899441340782,0.05421686746987952,0.994348063656854
12.499962396584607,0.07449856733524356,0.05220883534136546,0.9944846663479271
12.59542773659598,0.07352941176470588,0.050200803212851405,0.994621269039
12.690893076607324,0.0748502994011976,0.050200803212851405,0.9947237210573048
12.786358416618668,0.0755287009063444,0.050200803212851405,0.9947749470664572
12.881823756630013,0.07668711656441718,0.050200803212851405,0.9948603237483779
12.977289096641357,0.0759493670886076,0.04819277108433735,0.995014001775835
13.072754436652701,0.07792207792207792,0.04819277108433735,0.995150604466908
13.168219776664046,0.07947019867549669,0.04819277108433735,0.9952530564852128
13.263685116675418,0.07796610169491526,0.04618473895582329,0.9953555085035175
13.359150456686763,0.07931034482758621,0.04618473895582329,0.9954408851854382
13.454615796698107,0.07719298245614035,0.04417670682730924,0.9955091865309746
13.550081136709451,0.07913669064748201,0.04417670682730924,0.9956287138856635
13.645546476720796,0.08029197080291971,0.04417670682730924,0.9956970152312
13.74101181673214,0.08148148148148149,0.04417670682730924,0.9957653165767366
13.836477156743513,0.08239700374531835,0.04417670682730924,0.9958165425858889
13.931942496754857,0.08396946564885496,0.04417670682730924,0.9959019192678096
14.027407836766201,0.08560311284046693,0.04417670682730924,0.9959872959497302
14.122873176777546,0.08661417322834646,0.04417670682730924,0.9960385219588825
14.21833851678889,0.07692307692307693,0.03815261044176707,0.9961068233044191
14.313803856800234,0.07083333333333333,0.03413654618473896,0.9961921999863397
14.409269196811607,0.07264957264957266,0.03413654618473896,0.9962946520046445
14.504734536822951,0.07391304347826087,0.03413654618473896,0.996362953350181
14.600199876834296,0.07555555555555556,0.03413654618473896,0.9964483300321016
14.69566521684564,0.07657657657657657,0.03413654618473896,0.9964995560412541
14.791130556856984,0.07373271889400922,0.0321285140562249,0.9965678573867905
14.886595896868329,0.07511737089201878,0.0321285140562249,0.996636158732327
14.982061236879701,0.0761904761904762,0.0321285140562249,0.9966873847414794
15.077526576891046,0.0761904761904762,0.0321285140562249,0.9966873847414794
15.17299191690239,0.07729468599033816,0.0321285140562249,0.9967386107506317
15.268457256913734,0.07804878048780488,0.0321285140562249,0.9967727614234
15.363922596925079,0.07352941176470588,0.030120481927710843,0.9967727614234
15.459387936936423,0.06153846153846154,0.024096385542168676,0.9968752134417048
15.554853276947796,0.06282722513089005,0.024096385542168676,0.9969435147872413
15.65031861695914,0.058823529411764705,0.02208835341365462,0.9969947407963937
15.745783956970484,0.06077348066298342,0.02208835341365462,0.9970971928146984
15.841249296981829,0.062146892655367235,0.02208835341365462,0.9971654941602349
15.936714636993173,0.06432748538011696,0.02208835341365462,0.9972679461785398
16.032179977004517,0.06547619047619048,0.02208835341365462,0.9973191721876921
16.12764531701589,0.06134969325153374,0.020080321285140562,0.9973874735332287
16.223110657027235,0.06369426751592357,0.020080321285140562,0.9974899255515334
16.31857599703858,0.06493506493506493,0.020080321285140562,0.9975411515606858
16.414041337049923,0.06578947368421052,0.020080321285140562,0.997575302233454
16.509506677061268,0.06578947368421052,0.020080321285140562,0.997575302233454
16.604972017072612,0.06666666666666667,0.020080321285140562,0.9976094529062223
16.700437357083985,0.0684931506849315,0.020080321285140562,0.9976777542517588
16.79590269709533,0.06944444444444445,0.020080321285140562,0.997711904924527
16.891368037106673,0.06474820143884892,0.018072289156626505,0.9977802062700635
16.986833377118018,0.06569343065693431,0.018072289156626505,0.9978143569428318
17.082298717129362,0.06818181818181818,0.018072289156626505,0.9978997336247524
17.177764057140706,0.06923076923076923,0.018072289156626505,0.9979338842975206
17.27322939715208,0.06299212598425197,0.01606425702811245,0.997968034970289
17.368694737163423,0.056451612903225805,0.014056224899598393,0.9980021856430572
17.464160077174768,0.058333333333333334,0.014056224899598393,0.9980704869885937
17.559625417186112,0.059322033898305086,0.014056224899598393,0.9981046376613619
17.655090757197456,0.0603448275862069,0.014056224899598393,0.9981387883341302
17.7505560972088,0.06140350877192982,0.014056224899598393,0.9981729390068984
17.846021437220173,0.06306306306306306,0.014056224899598393,0.9982241650160508
17.941486777231518,0.06542056074766354,0.014056224899598393,0.9982924663615873
18.036952117242862,0.0660377358490566,0.014056224899598393,0.9983095416979715
18.132417457254206,0.0594059405940594,0.012048192771084338,0.998377843043508
18.22788279726555,0.061224489795918366,0.012048192771084338,0.9984290690526604
18.323348137276895,0.061855670103092786,0.012048192771084338,0.9984461443890444
18.418813477288268,0.0625,0.012048192771084338,0.9984632197254286
18.514278817299612,0.06382978723404255,0.012048192771084338,0.9984973703981969
18.609744157310956,0.06666666666666667,0.012048192771084338,0.9985656717437333
18.7052094973223,0.06976744186046512,0.012048192771084338,0.9986339730892698
18.800674837333645,0.07058823529411765,0.012048192771084338,0.998651048425654
18.89614017734499,0.0625,0.010040160642570281,0.9987193497711905
18.991605517356362,0.05194805194805195,0.008032128514056224,0.9987535004439587
19.087070857367706,0.05263157894736842,0.008032128514056224,0.9987705757803429
19.18253619737905,0.05333333333333334,0.008032128514056224,0.998787651116727
19.278001537390395,0.05555555555555555,0.008032128514056224,0.9988388771258794
19.37346687740174,0.05714285714285714,0.008032128514056224,0.9988730277986476
19.468932217413084,0.058823529411764705,0.008032128514056224,0.9989071784714159
19.564397557424456,0.06060606060606061,0.008032128514056224,0.9989413291441841
19.6598628974358,0.06153846153846154,0.008032128514056224,0.9989584044805683
19.755328237447145,0.06153846153846154,0.008032128514056224,0.9989584044805683
19.85079357745849,0.06349206349206349,0.008032128514056224,0.9989925551533365
19.946258917469834,0.06451612903225806,0.008032128514056224,0.9990096304897207
20.041724257481178,0.05,0.006024096385542169,0.9990267058261048
20.13718959749255,0.05172413793103448,0.006024096385542169,0.999060856498873
20.232654937503895,0.05263157894736842,0.006024096385542169,0.9990779318352572
20.32812027751524,0.05357142857142857,0.006024096385542169,0.9990950071716412
20.423585617526584,0.037037037037037035,0.004016064257028112,0.9991120825080254
20.519050957537928,0.03773584905660377,0.004016064257028112,0.9991291578444096
20.614516297549272,0.03773584905660377,0.004016064257028112,0.9991291578444096
20.709981637560645,0.038461538461538464,0.004016064257028112,0.9991462331807937
20.80544697757199,0.0392156862745098,0.004016064257028112,0.9991633085171778
20.900912317583334,0.04,0.004016064257028112,0.9991803838535619
20.996377657594678,0.04081632653061224,0.004016064257028112,0.9991974591899461
21.091842997606022,0.02127659574468085,0.002008032128514056,0.9992145345263301
21.187308337617367,0.021739130434782608,0.002008032128514056,0.9992316098627143
21.28277367762874,0.022222222222222223,0.002008032128514056,0.9992486851990984
21.378239017640084,0.022727272727272728,0.002008032128514056,0.9992657605354826
21.473704357651428,0.022727272727272728,0.002008032128514056,0.9992657605354826
21.569169697662772,0.022727272727272728,0.002008032128514056,0.9992657605354826
21.664635037674117,0.023809523809523808,0.002008032128514056,0.9992999112082508
21.76010037768546,0.024390243902439025,0.002008032128514056,0.999316986544635
21.855565717696834,0.024390243902439025,0.002008032128514056,0.999316986544635
21.951031057708178,0.025,0.002008032128514056,0.999334061881019
22.046496397719523,0.025,0.002008032128514056,0.999334061881019
22.141961737730867,0.02564102564102564,0.002008032128514056,0.9993511372174032
22.23742707774221,0.02564102564102564,0.002008032128514056,0.9993511372174032
22.332892417753555,0.02702702702702703,0.002008032128514056,0.9993852878901714
22.42835775776493,0.027777777777777776,0.002008032128514056,0.9994023632265555
22.523823097776273,0.02857142857142857,0.002008032128514056,0.9994194385629397
22.619288437787617,0.029411764705882353,0.002008032128514056,0.9994365138993239
22.71475377779896,0.030303030303030304,0.002008032128514056,0.9994535892357079
22.810219117810306,0.03125,0.002008032128514056,0.9994706645720921
22.90568445782165,0.03225806451612903,0.002008032128514056,0.9994877399084762
23.001149797832994,0.03333333333333333,0.002008032128514056,0.9995048152448603
23.096615137844367,0.034482758620689655,0.002008032128514056,0.9995218905812444
23.19208047785571,0.03571428571428571,0.002008032128514056,0.9995389659176286
23.287545817867056,0.03571428571428571,0.002008032128514056,0.9995389659176286
23.3830111578784,0.037037037037037035,0.002008032128514056,0.9995560412540127
23.478476497889744,0.037037037037037035,0.002008032128514056,0.9995560412540127
23.57394183790109,0.037037037037037035,0.002008032128514056,0.9995560412540127
23.66940717791246,0.038461538461538464,0.002008032128514056,0.9995731165903968
23.764872517923806,0.04,0.002008032128514056,0.999590191926781
23.86033785793515,0.041666666666666664,0.002008032128514056,0.9996072672631651
23.955803197946494,0.041666666666666664,0.002008032128514056,0.9996072672631651
24.05126853795784,0.041666666666666664,0.002008032128514056,0.9996072672631651
24.146733877969183,0.045454545454545456,0.002008032128514056,0.9996414179359333
24.242199217980556,0.045454545454545456,0.002008032128514056,0.9996414179359333
24.3376645579919,0.0,0.0,0.9996584932723175
24.433129898003244,0.0,0.0,0.9996584932723175
24.52859523801459,0.0,0.0,0.9996584932723175
24.624060578025933,0.0,0.0,0.9996755686087015
24.719525918037277,0.0,0.0,0.9996755686087015
24.81499125804865,0.0,0.0,0.9996755686087015
24.910456598059994,0.0,0.0,0.9996926439450857
25.00592193807134,0.0,0.0,0.9996926439450857
25.101387278082683,0.0,0.0,0.9996926439450857
25.196852618094027,0.0,0.0,0.9996926439450857
25.29231795810537,0.0,0.0,0.9996926439450857
25.387783298116744,0.0,0.0,0.9996926439450857
25.48324863812809,0.0,0.0,0.9996926439450857
25.578713978139433,0.0,0.0,0.9996926439450857
25.674179318150777,0.0,0.0,0.9997097192814699
25.76964465816212,0.0,0.0,0.999726794617854
25.865109998173466,0.0,0.0,0.9997438699542381
25.96057533818484,0.0,0.0,0.9997438699542381
26.056040678196183,0.0,0.0,0.9997609452906222
26.151506018207527,0.0,0.0,0.9997609452906222
26.24697135821887,0.0,0.0,0.9997609452906222
26.342436698230216,0.0,0.0,0.9997609452906222
26.43790203824156,0.0,0.0,0.9997780206270064
26.533367378252933,0.0,0.0,0.9997780206270064
26.628832718264277,0.0,0.0,0.9997950959633904
26.72429805827562,0.0,0.0,0.9997950959633904
26.819763398286966,0.0,0.0,0.9997950959633904
26.91522873829831,0.0,0.0,0.9997950959633904
27.010694078309655,0.0,0.0,0.9998121712997746
27.106159418321027,0.0,0.0,0.9998121712997746
27.201624758332372,0.0,0.0,0.9998121712997746
27.297090098343716,0.0,0.0,0.9998121712997746
27.39255543835506,0.0,0.0,0.9998292466361587
27.488020778366405,0.0,0.0,0.9998292466361587
27.58348611837775,0.0,0.0,0.9998292466361587
27.678951458389122,0.0,0.0,0.9998292466361587
27.774416798400466,0.0,0.0,0.9998292466361587
27.86988213841181,0.0,0.0,0.9998292466361587
27.965347478423155,0.0,0.0,0.9998463219725429
28.0608128184345,0.0,0.0,0.9998463219725429
28.156278158445843,0.0,0.0,0.9998463219725429
28.251743498457216,0.0,0.0,0.9998463219725429
28.34720883846856,0.0,0.0,0.9998463219725429
28.442674178479905,0.0,0.0,0.9998463219725429
28.53813951849125,0.0,0.0,0.9998463219725429
28.633604858502594,0.0,0.0,0.9998463219725429
28.729070198513938,0.0,0.0,0.9998463219725429
28.82453553852531,0.0,0.0,0.9998463219725429
28.920000878536655,0.0,0.0,0.9998463219725429
29.015466218548,0.0,0.0,0.9998463219725429
29.110931558559344,0.0,0.0,0.9998463219725429
29.206396898570688,0.0,0.0,0.9998463219725429
29.301862238582032,0.0,0.0,0.9998463219725429
29.397327578593405,0.0,0.0,0.9998463219725429
29.49279291860475,0.0,0.0,0.9998463219725429
29.588258258616094,0.0,0.0,0.9998463219725429
29.683723598627438,0.0,0.0,0.999863397308927
29.779188938638782,0.0,0.0,0.999863397308927
29.874654278650127,0.0,0.0,0.999863397308927
29.9701196186615,0.0,0.0,0.999863397308927
30.065584958672844,0.0,0.0,0.999863397308927
30.161050298684188,0.0,0.0,0.999863397308927
30.256515638695532,0.0,0.0,0.999863397308927
30.351980978706877,0.0,0.0,0.999863397308927
30.44744631871822,0.0,0.0,0.999863397308927
30.542911658729594,0.0,0.0,0.9998804726453111
30.638376998740938,0.0,0.0,0.9998804726453111
30.733842338752282,0.0,0.0,0.9998804726453111
30.829307678763627,0.0,0.0,0.9998804726453111
30.92477301877497,0.0,0.0,0.9998804726453111
31.020238358786315,0.0,0.0,0.9998804726453111
31.115703698797688,0.0,0.0,0.9998804726453111
31.211169038809032,0.0,0.0,0.9998804726453111
31.306634378820377,0.0,0.0,0.9998804726453111
31.40209971883172,0.0,0.0,0.9998804726453111
31.497565058843065,0.0,0.0,0.9998804726453111
31.59303039885441,0.0,0.0,0.9998804726453111
31.688495738865782,0.0,0.0,0.9998804726453111
31.783961078877127,0.0,0.0,0.9998804726453111
31.87942641888847,0.0,0.0,0.9998804726453111
31.974891758899815,0.0,0.0,0.9998804726453111
32.07035709891116,0.0,0.0,0.9998804726453111
32.165822438922504,0.0,0.0,0.9998804726453111
32.26128777893388,0.0,0.0,0.9998804726453111
32.35675311894522,0.0,0.0,0.9998804726453111
32.452218458956565,0.0,0.0,0.9998804726453111
32.54768379896791,0.0,0.0,0.9998804726453111
32.643149138979254,0.0,0.0,0.9998804726453111
32.7386144789906,0.0,0.0,0.9998804726453111
32.83407981900194,0.0,0.0,0.9998804726453111
32.929545159013315,0.0,0.0,0.9998804726453111
33.02501049902466,0.0,0.0,0.9998804726453111
33.120475839036004,0.0,0.0,0.9998804726453111
33.21594117904735,0.0,0.0,0.9998804726453111
33.31140651905869,0.0,0.0,0.9998804726453111
33.40687185907004,0.0,0.0,0.9998804726453111
33.50233719908141,0.0,0.0,0.9998804726453111
33.597802539092754,0.0,0.0,0.9998804726453111
33.6932678791041,0.0,0.0,0.9998804726453111
33.78873321911544,0.0,0.0,0.9998804726453111
33.88419855912679,0.0,0.0,0.9998804726453111
33.97966389913813,0.0,0.0,0.9998804726453111
34.075129239149504,0.0,0.0,0.9998804726453111
34.17059457916085,0.0,0.0,0.9998804726453111
34.26605991917219,0.0,0.0,0.9998804726453111
34.36152525918354,0.0,0.0,0.9998804726453111
34.45699059919488,0.0,0.0,0.9998804726453111
34.552455939206226,0.0,0.0,0.9998804726453111
34.6479212792176,0.0,0.0,0.9998804726453111
34.74338661922894,0.0,0.0,0.9998804726453111
34.83885195924029,0.0,0.0,0.9998804726453111
34.93431729925163,0.0,0.0,0.9998804726453111
35.029782639262976,0.0,0.0,0.9998804726453111
35.12524797927432,0.0,0.0,0.9998804726453111
35.22071331928569,0.0,0.0,0.9998804726453111
35.31617865929704,0.0,0.0,0.9998804726453111
35.41164399930838,0.0,0.0,0.9998975479816953
35.507109339319726,0.0,0.0,0.9998975479816953
35.60257467933107,0.0,0.0,0.9998975479816953
35.698040019342415,0.0,0.0,0.9998975479816953
35.79350535935379,0.0,0.0,0.9998975479816953
35.88897069936513,0.0,0.0,0.9998975479816953
35.984436039376476,0.0,0.0,0.9998975479816953
36.07990137938782,0.0,0.0,0.9998975479816953
36.175366719399165,0.0,0.0,0.9998975479816953
36.27083205941051,0.0,0.0,0.9998975479816953
36.36629739942188,0.0,0.0,0.9998975479816953
36.461762739433226,0.0,0.0,0.9998975479816953
36.55722807944457,0.0,0.0,0.9998975479816953
36.652693419455915,0.0,0.0,0.9998975479816953
36.74815875946726,0.0,0.0,0.9998975479816953
36.8436240994786,0.0,0.0,0.9998975479816953
36.939089439489976,0.0,0.0,0.9998975479816953
37.03455477950132,0.0,0.0,0.9998975479816953
37.130020119512665,0.0,0.0,0.9998975479816953
37.22548545952401,0.0,0.0,0.9998975479816953
37.32095079953535,0.0,0.0,0.9998975479816953
37.4164161395467,0.0,0.0,0.9998975479816953
37.51188147955807,0.0,0.0,0.9998975479816953
37.607346819569415,0.0,0.0,0.9998975479816953
37.70281215958076,0.0,0.0,0.9998975479816953
37.7982774995921,0.0,0.0,0.9998975479816953
37.89374283960345,0.0,0.0,0.9998975479816953
37.98920817961479,0.0,0.0,0.9998975479816953
38.084673519626165,0.0,0.0,0.9999146233180793
38.18013885963751,0.0,0.0,0.9999146233180793
38.27560419964885,0.0,0.0,0.9999146233180793
38.3710695396602,0.0,0.0,0.9999487739908476
38.46653487967154,0.0,0.0,0.9999487739908476
38.562000219682886,0.0,0.0,0.9999487739908476
38.65746555969426,0.0,0.0,0.9999487739908476
38.7529308997056,0.0,0.0,0.9999487739908476
38.84839623971695,0.0,0.0,0.9999487739908476
38.94386157972829,0.0,0.0,0.9999487739908476
39.039326919739636,0.0,0.0,0.9999658493272318
39.13479225975098,0.0,0.0,0.9999658493272318
39.23025759976235,0.0,0.0,0.9999658493272318
39.3257229397737,0.0,0.0,0.9999658493272318
39.42118827978504,0.0,0.0,0.9999658493272318
39.51665361979639,0.0,0.0,0.9999658493272318
39.61211895980773,0.0,0.0,0.9999658493272318
39.707584299819075,0.0,0.0,0.9999658493272318
39.80304963983045,0.0,0.0,0.9999658493272318
39.89851497984179,0.0,0.0,0.9999658493272318
39.99398031985314,0.0,0.0,0.9999658493272318
40.08944565986448,0.0,0.0,0.9999658493272318
40.184910999875825,0.0,0.0,0.9999658493272318
40.28037633988717,0.0,0.0,0.9999658493272318
40.37584167989854,0.0,0.0,0.9999658493272318
40.47130701990989,0.0,0.0,0.9999658493272318
40.56677235992123,0.0,0.0,0.9999658493272318
40.662237699932575,0.0,0.0,0.9999658493272318
40.75770303994392,0.0,0.0,0.9999658493272318
40.853168379955264,0.0,0.0,0.9999658493272318
40.94863371996664,0.0,0.0,0.9999658493272318
41.04409905997798,0.0,0.0,0.9999658493272318
41.139564399989325,0.0,0.0,0.9999658493272318
41.23502974000067,0.0,0.0,0.9999658493272318
41.330495080012014,0.0,0.0,0.9999658493272318
41.42596042002336,0.0,0.0,0.9999658493272318
41.52142576003473,0.0,0.0,0.9999658493272318
41.616891100046075,0.0,0.0,0.9999658493272318
41.71235644005742,0.0,0.0,0.9999658493272318
41.807821780068764,0.0,0.0,0.9999658493272318
41.90328712008011,0.0,0.0,0.9999658493272318
41.99875246009145,0.0,0.0,0.9999658493272318
42.094217800102825,0.0,0.0,0.9999658493272318
42.18968314011417,0.0,0.0,0.9999658493272318
42.285148480125514,0.0,0.0,0.9999658493272318
42.38061382013686,0.0,0.0,0.9999658493272318
42.4760791601482,0.0,0.0,0.9999658493272318
42.57154450015955,0.0,0.0,0.9999658493272318
42.66700984017089,0.0,0.0,0.9999658493272318
42.762475180182264,0.0,0.0,0.9999658493272318
42.85794052019361,0.0,0.0,0.9999658493272318
42.95340586020495,0.0,0.0,0.9999829246636158
43.0488712002163,0.0,0.0,0.9999829246636158
43.14433654022764,0.0,0.0,0.9999829246636158
43.239801880238986,0.0,0.0,0.9999829246636158
43.33526722025036,0.0,0.0,0.9999829246636158
43.4307325602617,0.0,0.0,0.9999829246636158
43.52619790027305,0.0,0.0,0.9999829246636158
43.62166324028439,0.0,0.0,0.9999829246636158
43.717128580295736,0.0,0.0,0.9999829246636158
43.81259392030708,0.0,0.0,0.9999829246636158
43.90805926031845,0.0,0.0,0.9999829246636158
44.0035246003298,0.0,0.0,0.9999829246636158
44.09898994034114,0.0,0.0,0.9999829246636158
44.194455280352486,0.0,0.0,0.9999829246636158
44.28992062036383,0.0,0.0,0.9999829246636158
44.385385960375174,0.0,0.0,0.9999829246636158
44.48085130038655,0.0,0.0,0.9999829246636158
44.57631664039789,0.0,0.0,0.9999829246636158
44.671781980409236,0.0,0.0,0.9999829246636158
44.76724732042058,0.0,0.0,0.9999829246636158
44.862712660431924,0.0,0.0,0.9999829246636158
44.95817800044327,0.0,0.0,0.9999829246636158
45.05364334045464,0.0,0.0,0.9999829246636158
45.149108680465986,0.0,0.0,0.9999829246636158
45.24457402047733,0.0,0.0,0.9999829246636158
45.340039360488674,0.0,0.0,0.9999829246636158
45.43550470050002,0.0,0.0,0.9999829246636158
45.53097004051136,0.0,0.0,0.9999829246636158
45.626435380522736,0.0,0.0,0.9999829246636158
45.72190072053408,0.0,0.0,0.9999829246636158
45.817366060545424,0.0,0.0,0.9999829246636158
45.91283140055677,0.0,0.0,0.9999829246636158
46.00829674056811,0.0,0.0,0.9999829246636158
46.10376208057946,0.0,0.0,0.9999829246636158
46.19922742059083,0.0,0.0,0.9999829246636158
46.294692760602175,0.0,0.0,0.9999829246636158
46.39015810061352,0.0,0.0,0.9999829246636158
46.48562344062486,0.0,0.0,0.9999829246636158
46.58108878063621,0.0,0.0,0.9999829246636158
46.67655412064755,0.0,0.0,0.9999829246636158
46.772019460658925,0.0,0.0,0.9999829246636158
46.86748480067027,0.0,0.0,0.9999829246636158
46.96295014068161,0.0,0.0,0.9999829246636158
47.05841548069296,0.0,0.0,0.9999829246636158
47.1538808207043,0.0,0.0,0.9999829246636158
47.249346160715646,0.0,0.0,0.9999829246636158
47.34481150072702,0.0,0.0,0.9999829246636158
47.44027684073836,0.0,0.0,0.9999829246636158
47.53574218074972,0.0,0.0,0.9999829246636158
