Threshold,Precision,Recall,Specificity
-26.477933203956123,0.008116866625354288,1.0,0.0
-26.43361271634759,0.008116949083668577,1.0,1.0241914008889981e-05
-26.389292228739055,0.008116949083668577,1.0,1.0241914008889981e-05
-26.34497174113052,0.008116949083668577,1.0,1.0241914008889981e-05
-26.300651253521988,0.008116949083668577,1.0,1.0241914008889981e-05
-26.256330765913454,0.008116949083668577,1.0,1.0241914008889981e-05
-26.21201027830492,0.008116949083668577,1.0,1.0241914008889981e-05
-26.167689790696386,0.008116949083668577,1.0,1.0241914008889981e-05
-26.123369303087852,0.008116949083668577,1.0,1.0241914008889981e-05
-26.079048815479318,0.008116949083668577,1.0,1.0241914008889981e-05
-26.034728327870784,0.008116949083668577,1.0,1.0241914008889981e-05
-25.99040784026225,0.008116949083668577,1.0,1.0241914008889981e-05
-25.946087352653716,0.008116949083668577,1.0,1.0241914008889981e-05
-25.901766865045182,0.008117031543658252,1.0,2.0483828017779962e-05
-25.85744637743665,0.008117031543658252,1.0,2.0483828017779962e-05
-25.813125889828115,0.008117031543658252,1.0,2.0483828017779962e-05
-25.76880540221958,0.008117031543658252,1.0,2.0483828017779962e-05
-25.724484914611047,0.008117031543658252,1.0,2.0483828017779962e-05
-25.680164427002516,0.008117031543658252,1.0,2.0483828017779962e-05
-25.635843939393983,0.008117031543658252,1.0,2.0483828017779962e-05
-25.59152345178545,0.008117031543658252,1.0,2.0483828017779962e-05
-25.547202964176915,0.008117031543658252,1.0,2.0483828017779962e-05
-25.50288247656838,0.008117031543658252,1.0,2.0483828017779962e-05
-25.458561988959847,0.008117031543658252,1.0,2.0483828017779962e-05
-25.414241501351313,0.008117031543658252,1.0,2.0483828017779962e-05
-25.36992101374278,0.008117031543658252,1.0,2.0483828017779962e-05
-25.325600526134245,0.008117031543658252,1.0,2.0483828017779962e-05
-25.28128003852571,0.008117031543658252,1.0,2.0483828017779962e-05
-25.236959550917177,0.008117031543658252,1.0,2.0483828017779962e-05
-25.192639063308643,0.008117031543658252,1.0,2.0483828017779962e-05
-25.14831857570011,0.008117031543658252,1.0,2.0483828017779962e-05
-25.103998088091576,0.008117031543658252,1.0,2.0483828017779962e-05
-25.05967760048304,0.008117031543658252,1.0,2.0483828017779962e-05
-25.015357112874508,0.008117031543658252,1.0,2.0483828017779962e-05
-24.971036625265974,0.008117031543658252,1.0,2.0483828017779962e-05
-24.92671613765744,0.008117031543658252,1.0,2.0483828017779962e-05
-24.882395650048906,0.008117031543658252,1.0,2.0483828017779962e-05
-24.838075162440372,0.008117031543658252,1.0,2.0483828017779962e-05
-24.79375467483184,0.008117031543658252,1.0,2.0483828017779962e-05
-24.749434187223304,0.008117031543658252,1.0,2.0483828017779962e-05
-24.70511369961477,0.008117031543658252,1.0,2.0483828017779962e-05
-24.660793212006237,0.008117031543658252,1.0,2.0483828017779962e-05
-24.616472724397703,0.008117114005323363,1.0,3.072574202666994e-05
-24.57215223678917,0.008117114005323363,1.0,3.072574202666994e-05
-24.527831749180635,0.008117114005323363,1.0,3.072574202666994e-05
-24.4835112615721,0.008117114005323363,1.0,3.072574202666994e-05
-24.439190773963567,0.008117114005323363,1.0,3.072574202666994e-05
-24.394870286355033,0.008117114005323363,1.0,3.072574202666994e-05
-24.3505497987465,0.008117114005323363,1.0,3.072574202666994e-05
-24.306229311137965,0.008117114005323363,1.0,3.072574202666994e-05
-24.26190882352943,0.008117114005323363,1.0,3.072574202666994e-05
-24.2175883359209,0.008117114005323363,1.0,3.072574202666994e-05
-24.173267848312364,0.008117114005323363,1.0,3.072574202666994e-05
-24.128947360703833,0.008117196468663964,1.0,4.0967656035559924e-05
-24.0846268730953,0.008117196468663964,1.0,4.0967656035559924e-05
-24.040306385486765,0.008117196468663964,1.0,4.0967656035559924e-05
-23.99598589787823,0.008117196468663964,1.0,4.0967656035559924e-05
-23.951665410269698,0.008117196468663964,1.0,4.0967656035559924e-05
-23.907344922661164,0.008117196468663964,1.0,4.0967656035559924e-05
-23.86302443505263,0.008117196468663964,1.0,4.0967656035559924e-05
-23.818703947444096,0.008117196468663964,1.0,4.0967656035559924e-05
-23.774383459835562,0.008117196468663964,1.0,4.0967656035559924e-05
-23.730062972227028,0.008117196468663964,1.0,4.0967656035559924e-05
-23.685742484618494,0.008117196468663964,1.0,4.0967656035559924e-05
-23.64142199700996,0.008117196468663964,1.0,4.0967656035559924e-05
-23.597101509401426,0.008117196468663964,1.0,4.0967656035559924e-05
-23.552781021792892,0.008117196468663964,1.0,4.0967656035559924e-05
-23.50846053418436,0.008117196468663964,1.0,4.0967656035559924e-05
-23.464140046575825,0.008117196468663964,1.0,4.0967656035559924e-05
-23.41981955896729,0.008117196468663964,1.0,4.0967656035559924e-05
-23.375499071358757,0.008117196468663964,1.0,4.0967656035559924e-05
-23.331178583750223,0.008117196468663964,1.0,4.0967656035559924e-05
-23.28685809614169,0.008117196468663964,1.0,4.0967656035559924e-05
-23.242537608533155,0.008117196468663964,1.0,4.0967656035559924e-05
-23.19821712092462,0.008117196468663964,1.0,4.0967656035559924e-05
-23.153896633316087,0.008117196468663964,1.0,4.0967656035559924e-05
-23.109576145707553,0.008117196468663964,1.0,4.0967656035559924e-05
-23.06525565809902,0.008117196468663964,1.0,4.0967656035559924e-05
-23.020935170490485,0.008117196468663964,1.0,4.0967656035559924e-05
-22.97661468288195,0.008117196468663964,1.0,4.0967656035559924e-05
-22.932294195273418,0.008117196468663964,1.0,4.0967656035559924e-05
-22.887973707664884,0.008117196468663964,1.0,4.0967656035559924e-05
-22.84365322005635,0.008117196468663964,1.0,4.0967656035559924e-05
-22.799332732447816,0.008117196468663964,1.0,4.0967656035559924e-05
-22.755012244839286,0.008117196468663964,1.0,4.0967656035559924e-05
-22.710691757230748,0.008117196468663964,1.0,4.0967656035559924e-05
-22.666371269622218,0.008117196468663964,1.0,4.0967656035559924e-05
-22.62205078201368,0.008117196468663964,1.0,4.0967656035559924e-05
-22.57773029440515,0.008117196468663964,1.0,4.0967656035559924e-05
-22.533409806796616,0.008117196468663964,1.0,4.0967656035559924e-05
-22.489089319188082,0.008117196468663964,1.0,4.0967656035559924e-05
-22.444768831579548,0.008117196468663964,1.0,4.0967656035559924e-05
-22.400448343971014,0.008117196468663964,1.0,4.0967656035559924e-05
-22.35612785636248,0.008117196468663964,1.0,4.0967656035559924e-05
-22.311807368753946,0.008117196468663964,1.0,4.0967656035559924e-05
-22.267486881145413,0.008117196468663964,1.0,4.0967656035559924e-05
-22.22316639353688,0.008117196468663964,1.0,4.0967656035559924e-05
-22.178845905928345,0.008117196468663964,1.0,4.0967656035559924e-05
-22.13452541831981,0.008117196468663964,1.0,4.0967656035559924e-05
-22.090204930711277,0.008117196468663964,1.0,4.0967656035559924e-05
-22.045884443102743,0.008117196468663964,1.0,4.0967656035559924e-05
-22.00156395549421,0.008117196468663964,1.0,4.0967656035559924e-05
-21.957243467885675,0.008117196468663964,1.0,4.0967656035559924e-05
-21.91292298027714,0.008117196468663964,1.0,4.0967656035559924e-05
-21.868602492668607,0.008117196468663964,1.0,4.0967656035559924e-05
-21.824282005060073,0.008117196468663964,1.0,4.0967656035559924e-05
-21.77996151745154,0.008117196468663964,1.0,4.0967656035559924e-05
-21.735641029843006,0.008117196468663964,1.0,4.0967656035559924e-05
-21.69132054223447,0.008117196468663964,1.0,4.0967656035559924e-05
-21.647000054625938,0.008117196468663964,1.0,4.0967656035559924e-05
-21.602679567017404,0.008117196468663964,1.0,4.0967656035559924e-05
-21.55835907940887,0.008117196468663964,1.0,4.0967656035559924e-05
-21.514038591800336,0.008117196468663964,1.0,4.0967656035559924e-05
-21.469718104191802,0.008117196468663964,1.0,4.0967656035559924e-05
-21.42539761658327,0.008117196468663964,1.0,4.0967656035559924e-05
-21.381077128974734,0.008117196468663964,1.0,4.0967656035559924e-05
-21.3367566413662,0.008117196468663964,1.0,4.0967656035559924e-05
-21.29243615375767,0.008117196468663964,1.0,4.0967656035559924e-05
-21.248115666149133,0.008117196468663964,1.0,4.0967656035559924e-05
-21.203795178540602,0.008117196468663964,1.0,4.0967656035559924e-05
-21.159474690932065,0.008117196468663964,1.0,4.0967656035559924e-05
-21.115154203323534,0.008117196468663964,1.0,4.0967656035559924e-05
-21.070833715714997,0.008117196468663964,1.0,4.0967656035559924e-05
-21.026513228106467,0.008117196468663964,1.0,4.0967656035559924e-05
-20.982192740497933,0.008117196468663964,1.0,4.0967656035559924e-05
-20.9378722528894,0.008117196468663964,1.0,4.0967656035559924e-05
-20.893551765280865,0.008117196468663964,1.0,4.0967656035559924e-05
-20.84923127767233,0.008117278933680104,1.0,5.120957004444991e-05
-20.804910790063797,0.008117278933680104,1.0,5.120957004444991e-05
-20.760590302455263,0.008117278933680104,1.0,5.120957004444991e-05
-20.71626981484673,0.008117278933680104,1.0,5.120957004444991e-05
-20.671949327238195,0.008117278933680104,1.0,5.120957004444991e-05
-20.62762883962966,0.008117278933680104,1.0,5.120957004444991e-05
-20.583308352021128,0.008117278933680104,1.0,5.120957004444991e-05
-20.538987864412594,0.008117278933680104,1.0,5.120957004444991e-05
-20.49466737680406,0.008117278933680104,1.0,5.120957004444991e-05
-20.450346889195526,0.008117278933680104,1.0,5.120957004444991e-05
-20.406026401586992,0.008117278933680104,1.0,5.120957004444991e-05
-20.361705913978458,0.008117278933680104,1.0,5.120957004444991e-05
-20.317385426369924,0.008117278933680104,1.0,5.120957004444991e-05
-20.27306493876139,0.008117443868739206,1.0,7.169339806222987e-05
-20.228744451152856,0.008117443868739206,1.0,7.169339806222987e-05
-20.184423963544322,0.008117443868739206,1.0,7.169339806222987e-05
-20.14010347593579,0.008117443868739206,1.0,7.169339806222987e-05
-20.095782988327255,0.008117443868739206,1.0,7.169339806222987e-05
-20.05146250071872,0.008117443868739206,1.0,7.169339806222987e-05
-20.007142013110187,0.008117443868739206,1.0,7.169339806222987e-05
-19.962821525501653,0.008117443868739206,1.0,7.169339806222987e-05
-19.91850103789312,0.00811752633878227,1.0,8.193531207111985e-05
-19.874180550284585,0.008117608810501076,1.0,9.217722608000984e-05
-19.829860062676055,0.008117608810501076,1.0,9.217722608000984e-05
-19.785539575067517,0.008117608810501076,1.0,9.217722608000984e-05
-19.741219087458987,0.008117608810501076,1.0,9.217722608000984e-05
-19.69689859985045,0.00811769128389568,1.0,0.00010241914008889981
-19.65257811224192,0.00811769128389568,1.0,0.00010241914008889981
-19.60825762463338,0.008117856235712472,1.0,0.00012290296810667977
-19.56393713702485,0.008117938714134763,1.0,0.00013314488211556977
-19.519616649416314,0.008118021194233055,1.0,0.00014338679612445974
-19.475296161807783,0.008118103676007397,1.0,0.00015362871013334972
-19.43097567419925,0.008118186159457839,1.0,0.0001638706241422397
-19.386655186590716,0.008118186159457839,1.0,0.0001638706241422397
-19.34233469898218,0.008118186159457839,1.0,0.0001638706241422397
-19.298014211373648,0.008118351131387232,1.0,0.00018435445216001968
-19.253693723765114,0.008118351131387232,1.0,0.00018435445216001968
-19.20937323615658,0.008118351131387232,1.0,0.00018435445216001968
-19.165052748548046,0.008118433619866285,1.0,0.00019459636616890965
-19.120732260939512,0.008118598601853357,1.0,0.0002150801941866896
-19.076411773330978,0.00811868109536148,1.0,0.00022532210819557958
-19.032091285722444,0.008118763590546061,1.0,0.00023556402220446958
-18.98777079811391,0.008119011086159068,1.0,0.00026628976423113954
-18.943450310505376,0.008119176091617636,1.0,0.0002867735922489195
-18.899129822896843,0.008119423612381358,1.0,0.0003174993342755894
-18.85480933528831,0.008119588634608349,1.0,0.00033798316229336937
-18.810488847679775,0.00811967114823735,1.0,0.00034822507630225935
-18.76616836007124,0.008119753663543424,1.0,0.0003584669903111493
-18.721847872462707,0.008119918699186992,1.0,0.00037895081832892933
-18.677527384854173,0.008120083741539462,1.0,0.0003994346463467093
-18.63320689724564,0.008120248790601244,1.0,0.00041991847436448923
-18.588886409637105,0.008120331317648255,1.0,0.0004301603883733792
-18.54456592202857,0.00812049637677477,1.0,0.00045064421639115916
-18.500245434420037,0.00812074397804655,1.0,0.00048136995841782914
-18.455924946811507,0.00812074397804655,1.0,0.00048136995841782914
-18.41160445920297,0.008121074136564146,1.0,0.0005223376144533891
-18.36728397159444,0.008121404321928809,1.0,0.000563305270488949
-18.3229634839859,0.008121404321928809,1.0,0.000563305270488949
-18.27864299637737,0.008121486872465212,1.0,0.000573547184497839
-18.234322508768834,0.008121817091393313,1.0,0.0006145148405333989
-18.190002021160304,0.008121899650321217,1.0,0.0006247567545422889
-18.145681533551766,0.008122147337175851,1.0,0.0006554824965689588
-18.101361045943236,0.008122312470138558,1.0,0.0006759663245867387
-18.0570405583347,0.0081224776098161,1.0,0.0006964501526045187
-18.012720070726168,0.008122560182173064,1.0,0.0007066920666134087
-17.96839958311763,0.008122973069141852,1.0,0.0007579016366578587
-17.9240790955091,0.008123385998088616,1.0,0.0008091112067023085
-17.879758607900563,0.008123798969019755,1.0,0.0008603207767467584
-17.835438120292032,0.008123964169149272,1.0,0.0008808046047645384
-17.791117632683495,0.008124459809853069,1.0,0.0009422560888178783
-17.746797145074964,0.008124872889973562,1.0,0.0009934656588623282
-17.70247665746643,0.008125120758209016,1.0,0.001024191400888998
-17.658156169857897,0.008125368641568532,1.0,0.001054917142915668
-17.613835682249363,0.008125781814113843,1.0,0.001106126712960118
-17.56951519464083,0.008126195028680689,1.0,0.0011573362830045678
-17.525194707032295,0.0081264429775938,1.0,0.0011880620250312379
-17.48087421942376,0.0081264429775938,1.0,0.0011880620250312379
-17.436553731815227,0.00812677359968266,1.0,0.0012290296810667978
-17.392233244206693,0.008126938920815745,1.0,0.0012495135090845777
-17.34791275659816,0.008127600272615379,1.0,0.0013314488211556975
-17.303592268989625,0.008128096357107253,1.0,0.0013929003052090374
-17.25927178138109,0.00812859250216186,1.0,0.0014543517892623775
-17.214951293772558,0.008129088707790291,1.0,0.0015158032733157173
-17.170630806164024,0.008129750409539992,1.0,0.0015977385853868371
-17.12631031855549,0.008130329486944666,1.0,0.001669431983449067
-17.081989830946956,0.008131156883497517,1.0,0.0017718511235379668
-17.037669343338422,0.008131901684392652,1.0,0.0018640283496179767
-16.99334885572989,0.008132729400987328,1.0,0.0019664474897068763
-16.949028368121354,0.008133474490003664,1.0,0.002058624715786886
-16.904707880512824,0.008134385339781116,1.0,0.002171285769884676
-16.860387392904286,0.008134799429851354,1.0,0.0022224953399291258
-16.816066905295756,0.008135213562083184,1.0,0.0022737049099735757
-16.77174641768722,0.00813612480143375,1.0,0.002386365964071366
-16.727425930078688,0.008137119113573408,1.0,0.0025092689321780455
-16.68310544247015,0.008137865007180469,1.0,0.0026014461582580554
-16.63878495486162,0.00813919137795797,1.0,0.002765316782400295
-16.594464467253083,0.00814018643981458,1.0,0.0028882197505069747
-16.550143979644552,0.008141845417027564,1.0,0.0030930580306847743
-16.505823492036015,0.008142675159235668,1.0,0.0031954771707736742
-16.461503004427485,0.00814342207183334,1.0,0.003287654396853684
-16.417182516818947,0.008144584208273022,1.0,0.0034310411929781436
-16.372862029210417,0.008145497548195043,1.0,0.0035437022470759336
-16.32854154160188,0.008146826408360949,1.0,0.0037075728712181732
-16.28422105399335,0.0081481557021793,1.0,0.003871443495360413
-16.239900566384815,0.008149152957255193,1.0,0.003994346463467093
-16.19558007877628,0.008150566153218403,1.0,0.004168459001618222
-16.151259591167747,0.008151979839409058,1.0,0.004342571539769352
-16.106939103559213,0.008153810043779531,1.0,0.004567893647964932
-16.06261861595068,0.008155141617759633,1.0,0.004731764272107171
-16.018298128342146,0.008156806696952682,1.0,0.004936602552284971
-15.973977640733612,0.008147762428400773,0.9987484355444305,0.005069747434400541
-15.929657153125078,0.00814950980392157,0.9987484355444305,0.005284827628587231
-15.885336665516544,0.008150758388233491,0.9987484355444305,0.00543845633872058
-15.84101617790801,0.008153006804389138,0.9987484355444305,0.00571498801696061
-15.796695690299476,0.008154756430301358,0.9987484355444305,0.0059300682111472994
-15.752375202690942,0.008156173344235487,0.9987484355444305,0.006104180749298429
-15.708054715082408,0.008158174531773943,0.9987484355444305,0.006349986685511788
-15.663734227473874,0.00816034359341446,0.9987484355444305,0.006616276449742928
-15.61941373986534,0.008163014791628306,0.9987484355444305,0.006944017698027407
-15.575093252256806,0.008165520628683693,0.9987484355444305,0.007251275118294107
-15.530772764648272,0.008167777197776891,0.9987484355444305,0.007527806796534136
-15.48645227703974,0.0081702859600086,0.9987484355444305,0.007835064216800835
-15.442131789431206,0.008172210388333606,0.9987484355444305,0.008070628239005305
-15.397811301822673,0.00817547562212501,0.9987484355444305,0.008470062885352014
-15.353490814214139,0.008178072926274364,0.9987484355444305,0.008787562219627605
-15.309170326605605,0.008180671881246989,0.9987484355444305,0.009105061553903194
-15.26484983899707,0.008183104657601673,0.9987484355444305,0.009402077060161003
-15.220529351388537,0.008186714542190306,0.9987484355444305,0.009842479362543273
-15.176208863780003,0.008189739221461632,0.9987484355444305,0.010211188266863312
-15.131888376171469,0.008192429702177461,0.9987484355444305,0.010538929515147791
-15.087567888562935,0.00819478532332433,0.9987484355444305,0.01082570310739671
-15.043247400954401,0.008197984405337935,0.9987484355444305,0.01121489583973453
-14.998926913345867,0.008201607432835207,0.9987484355444305,0.011655298142116799
-14.954606425737333,0.00820540240403895,0.9987484355444305,0.012116184272516848
-14.9102859381288,0.008208272045587797,0.9987484355444305,0.012464409348819106
-14.865965450520266,0.008213002892047384,0.9987484355444305,0.013037956533316946
-14.821644962911732,0.008216047031206564,0.9987484355444305,0.013406665437636986
-14.777324475303198,0.008219855379988051,0.9987484355444305,0.013867551568037035
-14.733003987694666,0.008223667260941703,0.9987484355444305,0.014328437698437084
-14.688683500086132,0.008229603885858075,0.9987484355444305,0.015045371679059383
-14.644363012477598,0.008234274393263992,0.9987484355444305,0.01560867694954833
-14.600042524869064,0.008239120334520676,0.9987484355444305,0.01619246604805506
-14.55572203726053,0.008243716490532122,0.9987484355444305,0.01674552940453512
-14.511401549651996,0.00824899988629198,0.9987484355444305,0.017380528073086297
-14.467081062043462,0.008254546206839481,0.9987484355444305,0.018046252483664146
-14.422760574434928,0.008259245076020244,0.9987484355444305,0.018609557754153096
-14.378440086826394,0.008263093586265454,0.9987484355444305,0.019070443884553145
-14.33411959921786,0.008267459569221843,0.9987484355444305,0.019592781499006534
-14.289799111609327,0.00827234466029482,0.9987484355444305,0.020176570597513262
-14.245478624000793,0.008266434335262514,0.9974968710888611,0.02069890821196665
-14.201158136392259,0.008270895166144331,0.9974968710888611,0.02123148774042893
-14.156837648783725,0.008277939343581222,0.9974968710888611,0.02207132468915791
-14.112517161175191,0.008283876064067518,0.9974968710888611,0.02277801675577132
-14.068196673566657,0.008278645047893418,0.9962453066332916,0.023382289682295828
-14.023876185958123,0.008285538820247525,0.9962453066332916,0.024201642803007024
-13.979555698349591,0.008291580296038582,0.9962453066332916,0.024918576783629326
-13.935235210741057,0.008297544093733062,0.9962453066332916,0.025625268850242734
-13.890914723132523,0.008304469390310062,0.9962453066332916,0.026444621970953933
-13.84659423552399,0.008312360982028174,0.9962453066332916,0.027376636145762922
-13.802273747915455,0.008318789386228015,0.9962453066332916,0.02813453778242078
-13.757953260306921,0.008326098553392676,0.9962453066332916,0.028994858559167537
-13.713632772698388,0.00832286432160804,0.9949937421777222,0.029834695507896514
-13.669312285089854,0.00832984073763621,0.9949937421777222,0.030654048628607714
-13.62499179748132,0.008337528316133904,0.9949937421777222,0.031555337061390035
-13.580671309872786,0.008335695463659937,0.9937421777221527,0.03255904463426125
-13.536350822264252,0.008343315890128827,0.9937421777221527,0.033450091153034676
-13.492030334655718,0.008352180087308684,0.9937421777221527,0.03448452446793257
-13.447709847047184,0.008360799014394474,0.9937421777221527,0.035488232040803785
-13.40338935943865,0.008368994666610452,0.9937421777221527,0.036440730043630555
-13.359068871830116,0.008377736744922185,0.9937421777221527,0.03745467953051066
-13.314748384221582,0.008376731067848352,0.9924906132665833,0.03855056432946189
-13.270427896613048,0.0083857664040607,0.9924906132665833,0.03959523955836867
-13.226107409004516,0.008394554654584718,0.9924906132665833,0.040609189045248774
-13.181786921395982,0.008403628502394981,0.9924906132665833,0.04165386427415555
-13.137466433787448,0.008415132381811428,0.9924906132665833,0.04297507118130236
-13.093145946178915,0.008425951505620843,0.9924906132665833,0.04421434277637805
-13.04882545857038,0.008437247308167,0.9924906132665833,0.045504823941498185
-13.004504970961847,0.008438189198691654,0.9912390488110138,0.0468157889346361
-12.960184483353313,0.008449351896303409,0.9912390488110138,0.048085786271738463
-12.915863995744779,0.008459640465280225,0.9912390488110138,0.04925336446875192
-12.871543508136245,0.00847095062890391,0.9912390488110138,0.050533603719863165
-12.827223020527711,0.008482381921388026,0.9912390488110138,0.05182408488498331
-12.782902532919177,0.008496668919571305,0.9912390488110138,0.05343206538437903
-12.738582045310643,0.00850890104105115,0.9912390488110138,0.05480448186157029
-12.69426155770211,0.008521718546573558,0.9912390488110138,0.056238349822814886
-12.649941070093575,0.008532919616018618,0.9912390488110138,0.057487863331899466
-12.605620582485042,0.008547377509173322,0.9912390488110138,0.059095843831295194
-12.561300094876508,0.008560959000356706,0.9912390488110138,0.06060140519060202
-12.516979607267974,0.00857551214864221,0.9912390488110138,0.062209385689997745
-12.472659119659442,0.008589183268444512,0.9912390488110138,0.06371494704930457
-12.428338632050908,0.008601589990877102,0.9912390488110138,0.06507712161248694
-12.384018144442374,0.008615438169001828,0.9912390488110138,0.06659292488580267
-12.33969765683384,0.008628766914344235,0.9912390488110138,0.06804727667506504
-12.295377169225306,0.008632920786676272,0.9899874843554443,0.06967574100247854
-12.251056681616772,0.008646604212896668,0.9899874843554443,0.07116081853376759
-12.206736194008238,0.008663176571090619,0.9899874843554443,0.07295315348532334
-12.162415706399704,0.008667602914070044,0.9887359198998749,0.07460210164075462
-12.11809521879117,0.008674047119094997,0.9874843554443054,0.0764661299903726
-12.073774731182636,0.008689523012367978,0.9874843554443054,0.07812532005981278
-12.029454243574103,0.00869689979802885,0.986232790988736,0.08008152563551077
-11.985133755965569,0.00870247915606962,0.9849812265331664,0.08184313484503984
-11.940813268357035,0.008720801382917424,0.9849812265331664,0.08378909850672894
-11.8964927807485,0.008737454480859757,0.9849812265331664,0.08555070771625801
-11.852172293139967,0.008743728655178935,0.983729662077597,0.08737376840984043
-11.807851805531433,0.00874837012849517,0.9824780976220275,0.08902271656527172
-11.763531317922899,0.0087676190050707,0.9824780976220275,0.09104037362502304
-11.719210830314367,0.00877742946708464,0.981226533166458,0.09322190130891661
-11.674890342705833,0.00879663394109397,0.981226533166458,0.09521907454065015
-11.6305698550973,0.008817905747384997,0.981226533166458,0.0974210860525615
-11.586249367488765,0.008840377069144378,0.981226533166458,0.09973575861857063
-11.541928879880231,0.008860859639010387,0.981226533166458,0.10183535099039308
-11.497608392271697,0.00888163857168751,0.981226533166458,0.1039554271902333
-11.453287904663163,0.008902009764959692,0.981226533166458,0.10602429382002909
-11.40896741705463,0.008923693316335822,0.981226533166458,0.10821606341793154
-11.364646929446096,0.008933766900564778,0.9799749687108886,0.11036686535979844
-11.320326441837562,0.008942559493178726,0.9787234042553191,0.11238452241954977
-11.276005954229028,0.008964086339511904,0.9787234042553191,0.11453532436141667
-11.231685466620494,0.008976495603700937,0.9774718397997497,0.11690120649747025
-11.18736497901196,0.008986899865196503,0.9762202753441802,0.11906225035334603
-11.143044491403426,0.008998706219388227,0.9749687108886108,0.12135643909133739
-11.098724003794892,0.009020797628421881,0.9749687108886108,0.12352772486122207
-11.054403516186358,0.009043627667231652,0.9749687108886108,0.1257604621151601
-11.010083028577824,0.009067628913979746,0.9749687108886108,0.128095618509187
-10.965762540969292,0.009090378668533754,0.9749687108886108,0.13029763002109834
-10.921442053360758,0.00911654905265129,0.9749687108886108,0.13281714086728527
-10.877121565752224,0.00914126123588913,0.9749687108886108,0.13518302300333887
-10.83280107814369,0.009165784209907048,0.9749687108886108,0.13751817939736577
-10.788480590535157,0.00918816272130026,0.9749687108886108,0.139638255597206
-10.744160102926623,0.009203288578695215,0.9737171464330413,0.14216800835740184
-10.699839615318089,0.009218612818261633,0.9724655819774718,0.14470800303160655
-10.655519127709555,0.009246587568873392,0.9724655819774718,0.1473196911038735
-10.611198640101021,0.009260253702311483,0.9712140175219024,0.14968557323992707
-10.566878152492487,0.009286073283392768,0.9712140175219024,0.15207193920399845
-10.522557664883953,0.009285474350976534,0.9687108886107635,0.15420225731784756
-10.47823717727542,0.009302381554087392,0.967459324155194,0.15684467113214118
-10.433916689666887,0.009329664228643156,0.967459324155194,0.15933345623630144
-10.389596202058353,0.009345228728104686,0.9662077596996246,0.16183248325447058
-10.34527571444982,0.00935135594661226,0.9637046307884856,0.16455683238083532
-10.300955226841285,0.0093705066653669,0.9624530663329162,0.16736311681927118
-10.256634739232751,0.009363959756977128,0.9586983729662077,0.17002601446158258
-10.212314251624218,0.009382473784264427,0.9574468085106383,0.1727606055019562
-10.167993764015684,0.009399606299212599,0.9561952440550688,0.17536205166021426
-10.12367327640715,0.009431516573051047,0.9561952440550688,0.17817857801265902
-10.079352788798616,0.00946329258171999,0.9561952440550688,0.18096437862307707
-10.035032301190082,0.009482855047787127,0.9549436795994993,0.18373993731948626
-9.990711813581548,0.009515851437978598,0.9549436795994993,0.18659743132796658
-9.946391325973014,0.009545733194880585,0.9549436795994993,0.18916815174419796
-9.90207083836448,0.009563253012048193,0.9536921151439299,0.19172863024642045
-9.857750350755946,0.009582693227894326,0.9524405506883604,0.1944427374587763
-9.813429863147412,0.009589023789369955,0.9499374217772215,0.1970953931870788
-9.769109375538878,0.009583449534771697,0.9461827284105131,0.19979925848542576
-9.724788887930345,0.009606697967960707,0.9449311639549437,0.2028103812040394
-9.68046840032181,0.009627908164568277,0.9436795994993742,0.20563714947049305
-9.636147912713277,0.009650505594217386,0.9424280350438048,0.20856633687703557
-9.591827425104743,0.009669041067709003,0.9411764705882353,0.21114729920727585
-9.547506937496209,0.009693949994191375,0.9399249061326659,0.21424035723796064
-9.503186449887675,0.009716662132224338,0.9386733416770964,0.2171388189024765
-9.458865962279141,0.009754321164275773,0.9386733416770964,0.2201909092771257
-9.414545474670607,0.009779727630015538,0.9374217772215269,0.22327372539380158
-9.370224987062073,0.009805977975878342,0.9361702127659575,0.22640775108052194
-9.32590449945354,0.009842234766246924,0.9361702127659575,0.22928572891702
-9.281584011845005,0.009883067979124001,0.9361702127659575,0.23250168991581147
-9.237263524236472,0.009878147416433525,0.932415519399249,0.23519531330014953
-9.192943036627938,0.009919842347740406,0.932415519399249,0.23844200004096766
-9.148622549019404,0.00993528027385537,0.9299123904881101,0.2416784448677769
-9.10430206141087,0.009945641232132072,0.9274092615769712,0.2445154550482394
-9.05998157380234,0.009958763442309247,0.9249061326658323,0.24755730350887975
-9.015661086193806,0.009998105906864735,0.9249061326658323,0.2505479423994756
-8.971340598585272,0.009983428866371465,0.9198998748435544,0.25349761363403595
-8.927020110976738,0.009996590521650188,0.9173967459324155,0.2565189782666585
-8.882699623368204,0.010034497864417917,0.9173967459324155,0.259355988447121
-8.83837913575967,0.010035605779409136,0.9136420525657072,0.26246953030582354
-8.794058648151136,0.010051916491770684,0.9111389236545682,0.2656957332186239
-8.749738160542602,0.010084756342853973,0.9098873591989988,0.26911653249759315
-8.705417672934068,0.010127887214064808,0.9098873591989988,0.2722608000983224
-8.661097185325534,0.010160951714485654,0.9086357947434293,0.27565087363526497
-8.616776697717,0.010208098987626547,0.9086357947434293,0.2790307052581987
-8.572456210108466,0.010253513169973872,0.9086357947434293,0.282256908170999
-8.528135722499933,0.010297872340425531,0.9086357947434293,0.28538069194371046
-8.483815234891399,0.010331461794966797,0.9073842302878599,0.28870931399659966
-8.439494747282865,0.010350158902854525,0.904881101376721,0.2919662426514267
-8.39517425967433,0.010376395855190354,0.9036295369211514,0.2947520432618448
-8.350853772065797,0.010410500021658461,0.9023779724655819,0.29806018148671626
-8.306533284457263,0.010456246193114251,0.9023779724655819,0.3011634814314099
-8.26221279684873,0.010481355141549317,0.899874843554443,0.30478911899055694
-8.217892309240195,0.010532329417279466,0.899874843554443,0.3081894344415084
-8.173571821631661,0.01056581561327349,0.8986232790988736,0.3113644277842643
-8.129251334023127,0.010585452395032524,0.8961201501877347,0.3145701468690469
-8.084930846414593,0.010622019520746364,0.8948685857321652,0.317909010835945
-8.04061035880606,0.010656716417910448,0.8936170212765957,0.3211044880067187
-7.996289871197526,0.010690296269641358,0.8923654568210263,0.32420778795141236
-7.951969383588992,0.010737790093522688,0.8923654568210263,0.3272291525840349
-7.907648895980458,0.010761965307419854,0.8898623279098874,0.3306397099489953
-7.863328408371924,0.010771665043816943,0.886107634543179,0.33407075114197343
-7.81900792076339,0.010829330967603782,0.886107634543179,0.3376554210450849
-7.774687433154856,0.010872239650612044,0.8848560700876095,0.3412298490341875
-7.730366945546322,0.010911732430719773,0.8836045056320401,0.34456871300108566
-7.686046457937788,0.01096647923203579,0.8836045056320401,0.34787685122595713
-7.641725970329254,0.010973572889187206,0.8798498122653317,0.3510723283967308
-7.5974054827207205,0.01096487788043734,0.8748435544430538,0.3542473217394867
-7.55308499511219,0.010987625128083866,0.8723404255319149,0.3574427989102604
-7.508764507503656,0.011030285741453906,0.8710888610763454,0.3608738401032385
-7.464444019895122,0.011070757271655676,0.869837296620776,0.3641512525860833
-7.420123532286588,0.011079800179326246,0.8660826032540676,0.3674184231549192
-7.3758030446780545,0.011125243515641352,0.8648310387984981,0.37094164157397735
-7.331482557069521,0.011182134476899426,0.8648310387984981,0.3741780864007866
-7.287162069460987,0.011195001301744337,0.8610763454317898,0.37761936950777364
-7.242841581852453,0.011236506378802748,0.8598247809762203,0.38084557242057393
-7.198521094243919,0.011275847332259442,0.8585732165206508,0.38392838853724987
-7.154200606635385,0.011273099937188006,0.853566958698373,0.38736967164423686
-7.109880119026851,0.011281318535256197,0.8498122653316645,0.3905139392449661
-7.065559631418317,0.011326996007150375,0.8485607008760951,0.3938937708678998
-7.021239143809783,0.011360198971532282,0.8460575719649562,0.3974681988570024
-6.976918656201249,0.011370740196326896,0.8423028785982478,0.40070464368381165
-6.932598168592715,0.011392770429733263,0.8397997496871089,0.40365431491837195
-6.8882776809841815,0.01143598409203407,0.8385481852315394,0.40681906634711895
-6.843957193375648,0.011480642504118616,0.83729662077597,0.4100350273459104
-6.799636705767114,0.011489890276723484,0.8335419274092616,0.41315881111862185
-6.75531621815858,0.011502428868841083,0.8297872340425532,0.41644646551547554
-6.710995730550046,0.011567854276442056,0.8297872340425532,0.4197853294823737
-6.666675242941512,0.011601783269561555,0.8272841051314143,0.42324709641737845
-6.622354755332978,0.011647401394158652,0.8260325406758448,0.42640160593211657
-6.578034267724444,0.011681371939853361,0.8235294117647058,0.42982240521108583
-6.53371378011591,0.011751259063471086,0.8235294117647058,0.433253446404064
-6.489393292507376,0.011751176914507493,0.818523153942428,0.43669472951105104
-6.445072804898842,0.011822980692747126,0.818523153942428,0.4401564964460558
-6.4007523172903085,0.011892638929298807,0.818523153942428,0.4434748765849362
-6.356431829681775,0.011946141743807398,0.8172715894868585,0.446844466293861
-6.312111342073241,0.01200095713155037,0.8160200250312891,0.4502447817448125
-6.267790854464707,0.012065136935603257,0.8160200250312891,0.45320469489338167
-6.223470366856173,0.012117263843648208,0.8147684605757196,0.4564206558921731
-6.179149879247639,0.01219375140481007,0.8147684605757196,0.45987218091316906
-6.134829391639105,0.012255133015328344,0.8135168961201502,0.4634363669882628
-6.090508904030571,0.01231312134780299,0.8122653316645807,0.46681619861119644
-6.046188416422041,0.01238502347238655,0.8122653316645807,0.4699502242979168
-6.001867928813507,0.012385268251468951,0.8072590738423029,0.4732276367807616
-5.957547441204973,0.01247003325342201,0.8072590738423029,0.47685327433990865
-5.913226953596439,0.012510944644420664,0.804755944931164,0.4802023802208157
-5.868906465987905,0.012570242593934173,0.8035043804755945,0.4834900346176694
-5.824585978379371,0.012633280119828928,0.8022528160200251,0.4869005919826297
-5.780265490770837,0.012669270575172989,0.799749687108886,0.4899731661852967
-5.735945003162303,0.012744824284973474,0.799749687108886,0.49303549847395484
-5.6916245155537695,0.012738981282725138,0.7947434292866082,0.49597492779450625
-5.647304027945236,0.012797222558637116,0.7934918648310388,0.4990884696532088
-5.602983540336702,0.012824675324675325,0.7909887359198998,0.5017513672955202
-5.558663052728168,0.01283752066453048,0.7872340425531915,0.5046191032180094
-5.514342565119634,0.012878445549028467,0.7847309136420526,0.5077838546467563
-5.4700220775111,0.012913223140495868,0.7822277847309136,0.5106925582252811
-5.425701589902566,0.012888205213486882,0.7759699624530664,0.5136524713738504
-5.381381102294032,0.012933470062574556,0.7734668335419274,0.516940125770704
-5.337060614685498,0.012963781383504852,0.7709637046307884,0.519643991069051
-5.292740127076964,0.013003791007476121,0.7684605757196495,0.5226960814437002
-5.24841963946843,0.013042088438998402,0.7659574468085106,0.5256662365062783
-5.2040991518598965,0.013066146023300222,0.7622027534418022,0.5288719555910608
-5.159778664251363,0.0131042075948274,0.7596996245306633,0.5318011429976034
-5.115458176642829,0.01311902693310165,0.7559449311639549,0.5346483950920748
-5.071137689034295,0.013136324889073464,0.7521902377972466,0.5375775824986173
-5.026817201425761,0.013225359241247276,0.7521902377972466,0.5407320920133555
-4.982496713817227,0.013293158454448777,0.7509386733416771,0.5438661177000758
-4.938176226208693,0.013384193267750786,0.7509386733416771,0.547010385300805
-4.893855738600159,0.013478602718184882,0.7509386733416771,0.5502263462995964
-4.849535250991625,0.013545294197458278,0.7496871088861077,0.5532169851901924
-4.805214763383091,0.013544274982927384,0.7446808510638298,0.5561666564247526
-4.760894275774557,0.013592188502796369,0.7421777221526908,0.5592392306274196
-4.7165737881660235,0.013656601074995963,0.7409261576971214,0.5620864827218911
-4.6722533005574896,0.013725672348924706,0.7396745932415519,0.5650566377844691
-4.627932812948956,0.01370119242459668,0.7334167709637046,0.567955099448985
-4.583612325340422,0.013724428541161515,0.7296620775969962,0.5709047706835454
-4.539291837731891,0.013766793829822524,0.7271589486858573,0.5737110551219812
-4.4949713501233575,0.013815977856256562,0.7246558197747184,0.576711935926586
-4.450650862514824,0.013888555157748035,0.723404255319149,0.579682090989164
-4.40633037490629,0.013981954086939695,0.723404255319149,0.5825293430836355
-4.362009887297756,0.01404234606960331,0.7221526908635795,0.5850693377578402
-4.317689399689222,0.014065524761694724,0.718397997496871,0.5879165898523117
-4.273368912080688,0.014156760222956642,0.718397997496871,0.5906102132366496
-4.229048424472154,0.014222597299444003,0.7171464330413017,0.5932423851369344
-4.18472793686362,0.014269648881669374,0.7146433041301627,0.5960179438333436
-4.140407449255086,0.014300460736675144,0.7108886107634543,0.5990188246379483
-4.096086961646552,0.014320837452158263,0.7071339173967459,0.6017124480222864
-4.051766474038018,0.014414368446564789,0.7071339173967459,0.6043343780085623
-4.0074459864294845,0.01451397451705713,0.7071339173967459,0.6070894528769536
-3.9631254988209506,0.014573033417026895,0.704630788485607,0.6100903336815584
-3.9188050112124166,0.01468287085332777,0.704630788485607,0.6130502468301277
-3.8744845236038827,0.014707813525935653,0.7008760951188986,0.6157745959564923
-3.830164035995349,0.014815598708926398,0.7008760951188986,0.6186116061369549
-3.785843548386815,0.01488642113392453,0.6996245306633292,0.6211311169831418
-3.741523060778281,0.014995439669510167,0.6996245306633292,0.6239271595075688
-3.697202573169747,0.015106066747736792,0.6996245306633292,0.6267232020319957
-3.652882085561213,0.01516760613239659,0.6971214017521903,0.629590937954485
-3.6085615979526793,0.015246661365069789,0.6958698372966208,0.6322026260267519
-3.5642411103441454,0.015278775487649887,0.6921151439299124,0.6349679428091521
-3.5199206227356115,0.015377342750681275,0.6921151439299124,0.6373440668592146
-3.4756001351270776,0.015489328328945158,0.6921151439299124,0.640006964501526
-3.4312796475185436,0.015562008401229174,0.690863579474343,0.6423626047235708
-3.3869591599100097,0.015650741350906095,0.6896120150187734,0.6450664700219177
-3.342638672301476,0.01575996796521938,0.6896120150187734,0.6475654970400868
-3.298318184692942,0.01584512114315347,0.688360450563204,0.6501259755423093
-3.253997697084408,0.015902495647127105,0.685857321652065,0.652676212130523
-3.209677209475874,0.01598667290156652,0.6846057571964956,0.6551649972346832
-3.16535672186734,0.016001411889284348,0.6808510638297872,0.6573772506606035
-3.1210362342588063,0.0160492730449202,0.6783479349186483,0.6596714393985948
-3.0767157466502724,0.016142025958526034,0.6770963704630788,0.6622831274708617
-3.0323952590417385,0.016246734136160245,0.6770963704630788,0.664495380896782
-2.988074771433208,0.0163567649281935,0.6770963704630788,0.6667895696347733
-2.943754283824674,0.016476822805628313,0.6770963704630788,0.6692578709109158
-2.8994337962161403,0.016532220961261234,0.6745932415519399,0.6716032692189516
-2.8551133086076064,0.016553428042001234,0.6708385481852316,0.6738564903009074
-2.8107928209990725,0.01660396131961071,0.6683354192740926,0.6760789856408366
-2.7664723333905386,0.01665049607211042,0.6658322903629537,0.6782093037546857
-2.7221518457820046,0.01674286615166325,0.6645807259073843,0.6806161535467748
-2.6778313581734707,0.016756053441655296,0.6608260325406758,0.6826747782625617
-2.633510870564937,0.016883033830018546,0.6608260325406758,0.6851021118826687
-2.589190382956403,0.01696279129651088,0.6595744680851063,0.6872017042544911
-2.544869895347869,0.017024450353460018,0.6570713391739674,0.689536860648518
-2.500549407739335,0.017149576977101233,0.6570713391739674,0.6918412913005182
-2.456228920130801,0.01723174060311092,0.655819774718398,0.6939203998443229
-2.4119084325222673,0.01732878300917796,0.6545682102628285,0.6962453143243409
-2.3675879449137334,0.017454860995227448,0.6545682102628285,0.6984780515782789
-2.3232674573051995,0.017478404087257572,0.6508135168961201,0.7006186116061369
-2.2789469696966655,0.01747316379397921,0.6458072590738423,0.7028308650320572
-2.2346264820881316,0.017595307917888565,0.6458072590738423,0.7049304574038796
-2.1903059944795977,0.017730740155315786,0.6458072590738423,0.707224646141871
-2.145985506871064,0.017766233766233767,0.6420525657071339,0.7095188348798623
-2.10166501926253,0.01783470612871702,0.639549436795995,0.711782297875827
-2.057344531653996,0.017863422181588016,0.6357947434292867,0.7139433417317028
-2.013024044045462,0.017915943773678434,0.6332916145181476,0.7159200311354186
-1.9687035564369282,0.017981376431553033,0.6307884856070087,0.7180913169053033
-1.9243830688283943,0.01809092216947202,0.6295369211514393,0.7203855056432946
-1.8800625812198604,0.018185770178235038,0.6282853566958698,0.7224236465310637
-1.8357420936113265,0.01821433785954154,0.6245306633291614,0.7245232389028862
-1.7914216060027925,0.01832634135570766,0.623279098873592,0.7267867018988509
-1.7471011183942586,0.0184033177812338,0.6220275344180225,0.7284971015383355
-1.7027806307857247,0.018511607076211092,0.6207759699624531,0.7306581453942113
-1.6584601431771908,0.018490679494888754,0.6157697121401752,0.7325221737438292
-1.614139655568657,0.01854234466056157,0.6132665832290363,0.7343657182654294
-1.569819167960123,0.018553867297854472,0.6082603254067585,0.7367008746594563
-1.525498680351589,0.018571922943822816,0.60450563204005,0.7385853868370921
-1.4811781927430587,0.01867203842875959,0.6032540675844806,0.7405518343267989
-1.4368577051345248,0.018814895776407214,0.6032540675844806,0.7425592494725415
-1.392537217525991,0.018966670601660567,0.6032540675844806,0.7446588418443639
-1.348216729917457,0.01907746004045532,0.6020025031289111,0.746696982732133
-1.303896242308923,0.019171625993529576,0.6007509386733417,0.7484893176836888
-1.2595757547003892,0.0193228936033171,0.6007509386733417,0.7504967328294312
-1.2152552670918553,0.019313478860667047,0.5957446808510638,0.7524529384051292
-1.1709347794833214,0.019414697948172976,0.5944931163954944,0.7542862410127205
-1.1266142918747875,0.019545716401942227,0.5944931163954944,0.7559659149101784
-1.0822938042662535,0.019669682131297203,0.5932415519399249,0.7580450234539831
-1.0379733166577196,0.019689812298816937,0.5894868585732165,0.7598271164915299
-0.9936528290491857,0.019830743968675003,0.5894868585732165,0.7615682418730413
-0.9493323414406518,0.019870080244554833,0.5857321652065082,0.7635654151047748
-0.9050118538321179,0.019935828877005346,0.5832290362953693,0.7653679919703394
-0.860691366223584,0.01999310582557739,0.5807259073842302,0.7670579077818063
-0.8163708786150501,0.020054694621695533,0.5782227784730913,0.7687887912493087
-0.7720503910065162,0.02014419925715534,0.5769712140175219,0.770335320264651
-0.7277299033979823,0.02030479210711769,0.5769712140175219,0.7721891067002602
-0.6834094157894484,0.020365604756411394,0.574468085106383,0.7738687805977181
-0.6390889281809145,0.020525892138449155,0.574468085106383,0.7756713574632828
-0.5947684405723805,0.020650560129572143,0.574468085106383,0.7770540158544829
-0.5504479529638466,0.020682148040638608,0.5707133917396746,0.7788565927200475
-0.5061274653553127,0.020793346129238645,0.5694618272841051,0.7805465085315144
-0.4618069777467788,0.020910095799557847,0.5682102628285357,0.7822773919990168
-0.4174864901382449,0.021020881670533644,0.5669586983729662,0.7839263401544481
-0.373166002529711,0.021077721175865774,0.5644555694618273,0.7854728691697904
-0.3288455149211771,0.02118743820330524,0.5632040050062578,0.7870808496691861
-0.2845250273126432,0.02128466461246741,0.5619524405506884,0.7885454433724575
-0.24020453970410927,0.02140263711064399,0.5607008760951189,0.7902046334418976
-0.19588405209557536,0.02150692840646651,0.5594493116395495,0.7917101948012044
-0.15156356448704145,0.021672727272727274,0.5594493116395495,0.793338659128618
-0.10724307687850754,0.02174125464139144,0.5569461827284106,0.7949261557999959
-0.06292258926997363,0.02186115214180207,0.5556946182728411,0.7965341362993916
-0.01860210166143972,0.021966579064808846,0.5544430538172715,0.797988488088654
0.02571838594709064,0.022044488877780554,0.5519399249061326,0.7996271943300765
0.07003887355562455,0.02213613724405091,0.5506883604505632,0.8009279174092054
0.11435936116415846,0.022249252445390503,0.5494367959949937,0.8024129949404945
0.15867984877269237,0.022252845403970805,0.5456821026282853,0.8037956533316947
0.20300033638122628,0.022322806295648596,0.5431789737171464,0.8053216985190192
0.24732082398976019,0.02242361470740549,0.541927409261577,0.8066633892541838
0.2916413115982941,0.022512898014487467,0.5406758448060075,0.8078924189352507
0.335961799206828,0.022512594458438288,0.5369211514392991,0.8092238677564063
0.3802822868153619,0.022375033060037026,0.5294117647058824,0.8107089452876953
0.4246027744238958,0.02249946683727874,0.5281602002503129,0.8122247485610111
0.46892326203242973,0.02265285307853347,0.5281602002503129,0.8135254716401401
0.5132437496409636,0.022833026728709013,0.5281602002503129,0.8150310329994469
0.5575642372494976,0.022942779291553132,0.5269086357947435,0.8163727237346116
0.6018847248580315,0.023028304479252543,0.5244055068836045,0.8179397365779717
0.6462052124665654,0.023195305580159434,0.5244055068836045,0.8192814273131362
0.6905257000750993,0.0233076837292294,0.523153942428035,0.8206026342202831
0.7348461876836332,0.023383923552557615,0.5206508135168961,0.8220569860095455
0.7791666752921671,0.023458748866727108,0.5181476846057572,0.82349085397079
0.823487162900701,0.023578442566796073,0.5168961201501877,0.8248325447059547
0.8678076505092349,0.02351115198896298,0.5118898623279099,0.8260206067309859
0.9121281381177688,0.023638470451911937,0.5106382978723404,0.827403265122186
0.9564486257263027,0.02379147472155811,0.5106382978723404,0.8285401175771728
1.0007691133348366,0.02389479246169201,0.509386733416771,0.8297179376881951
1.0450896009433706,0.024002364765001477,0.5081351689612015,0.8309162416272353
1.0894100885519045,0.024165228260222604,0.5081351689612015,0.8320838198242487
1.1337305761604384,0.024227886056971515,0.5056320400500626,0.8333538171613512
1.1780510637689723,0.02433574879227053,0.5043804755944932,0.8345213953583646
1.2223715513775062,0.024348672997321647,0.5006257822277848,0.8358426022655113
1.26669203898604,0.024394728777198896,0.4981226533166458,0.8369794547204982
1.311012526594574,0.024577003828578487,0.4981226533166458,0.8382187263155738
1.355333014203108,0.024771270305595318,0.4981226533166458,0.8395194493947029
1.3996535018116418,0.024789757750721727,0.49436795994993743,0.8408508982158586
1.4439739894201757,0.0248545408550468,0.4918648310387985,0.8420799278969254
1.4882944770287097,0.02496497261495351,0.490613266583229,0.8431962965238944
1.53261496463724,0.025051387461459403,0.4881101376720901,0.8445482291730678
1.576935452245774,0.025063143578783757,0.48435544430538174,0.8458182265101702
1.6212559398543078,0.025138391403451643,0.4831038798498123,0.8466887892009258
1.6655764274628417,0.025237627007538514,0.4818523153942428,0.847702738687806
1.7098969150713756,0.025432685955872638,0.4818523153942428,0.8489010426268461
1.7542174026799096,0.02554380363200958,0.4806007509386733,0.8499662016837707
1.7985378902884435,0.02566336102921469,0.4793491864831039,0.8510723283967307
1.8428583778969774,0.02580209388720027,0.4780976220275344,0.8522808742497798
1.8871788655055113,0.026023571087948772,0.4780976220275344,0.8535713554148999
1.9314993531140452,0.02618770137793926,0.4780976220275344,0.8545136115037179
1.975819840722579,0.026284925836495342,0.47684605757196497,0.8554456256785268
2.020140328331113,0.026319444444444444,0.47434292866082606,0.8563981236813536
2.064460815939647,0.026418786692759294,0.47309136420525655,0.8573301378561625
2.108781303548181,0.026645989003242634,0.47309136420525655,0.8585796513652472
2.1531017911567147,0.02684277801448658,0.47309136420525655,0.8596448104221717
2.1974222787652486,0.026804860614724802,0.4693366708385482,0.8605563407689629
2.2417427663737826,0.026908410677027123,0.46808510638297873,0.861478113029763
2.2860632539823165,0.026715899218071243,0.4618272841051314,0.862317949978492
2.3303837415908504,0.026833892372757767,0.46057571964956195,0.8633114156373544
2.3747042291993843,0.026750937017711474,0.4555694618272841,0.86436633278027
2.419024716807918,0.026876943580630832,0.45431789737171463,0.865390524181159
2.463345204416452,0.026960601772547853,0.4530663329161452,0.8661893934738524
2.507665692024986,0.026945883059371012,0.4493116395494368,0.8672238267887503
2.55198617963352,0.027129146829894958,0.4493116395494368,0.8681455990495504
2.596306667242054,0.027208292050910753,0.44680851063829785,0.8692722095905283
2.6406271548505877,0.027296426928385218,0.4455569461827284,0.8700710788832217
2.6849476424591217,0.027252373967420675,0.44180225281602004,0.8709518834879862
2.7292681300676556,0.027276966117500776,0.43929912390488113,0.8718019623507242
2.7735886176761895,0.027289076550160295,0.43679599499374216,0.8725905897294086
2.8179091052847234,0.027469500196772925,0.43679599499374216,0.8734509105061554
2.8622295928932573,0.027562173293204498,0.4355444305381727,0.8742497797988488
2.906550080501791,0.02741035856573705,0.4305381727158949,0.8749871976074889
2.950870568110325,0.0275685205962494,0.4305381727158949,0.875724615416129
2.995191055718859,0.027528860902559134,0.4267834793491865,0.8766259038489113
3.0395115433273894,0.027653517690117934,0.425531914893617,0.8775579180237203
3.0838320309359233,0.027784607819031228,0.42428035043804757,0.878510416026547
3.128152518544457,0.027873989774039255,0.4230287859824781,0.8792683176632049
3.172473006152991,0.027847049044056525,0.4192740926157697,0.8802208156660317
3.216793493761525,0.027956809240813594,0.41802252816020025,0.8810606526147606
3.261113981370059,0.02810501514641535,0.41802252816020025,0.8817058931973207
3.305434468978593,0.02821316614420063,0.4167709637046308,0.8825252463180319
3.3497549565871267,0.0283179802115319,0.41551939924906134,0.8833241156107253
3.3940754441956607,0.028512538646513225,0.41551939924906134,0.8841434687314366
3.4383959318041946,0.02845774586973445,0.4117647058823529,0.8849628218521477
3.4827164194127285,0.028556503569562946,0.41051314142678347,0.8857207234888056
3.5270369070212624,0.028739157101550863,0.41051314142678347,0.8864683832114546
3.5713573946297963,0.02893436838390967,0.41051314142678347,0.8872570105901391
3.61567788223833,0.02899707368981112,0.409261576971214,0.8878510416026547
3.659998369846864,0.029081177520071364,0.40801001251564456,0.8885270079272415
3.704318857455398,0.02915844249057958,0.4067584480600751,0.8891722485098015
3.748639345063932,0.029108660278430662,0.4030037546933667,0.8900018435445216
3.792959832672466,0.02928071292170592,0.4030037546933667,0.8906675679550995
3.8372803202809997,0.0294063759618908,0.40175219023779724,0.8914869210758106
3.8816008078895337,0.02938467207074429,0.3992490613266583,0.8920809520883263
3.9259212954980676,0.02959183673469388,0.3992490613266583,0.892859337553002
3.9702417831066015,0.029373246024321797,0.392991239048811,0.8937299002437575
4.014562270715135,0.029555722891566265,0.392991239048811,0.8944058665683443
4.058882758323669,0.029693577459444075,0.39173967459324155,0.8952457035170732
4.103203245932203,0.029703915950334288,0.38923654568210264,0.8959523955836867
4.147523733540737,0.029685848784705544,0.3867334167709637,0.8965566685102112
4.191844221149271,0.02986950217496375,0.3867334167709637,0.8972121510067802
4.236164708757805,0.029849295089936802,0.38423028785982477,0.8978061820192957
4.280485196366339,0.030053842388644152,0.38423028785982477,0.8985231159999181
4.324805683974873,0.0299625468164794,0.3804755944931164,0.8991990823245049
4.369126171583407,0.02995140335217693,0.37797246558197745,0.8998238390790471
4.413446659191941,0.029940119760479042,0.37546933667083854,0.9004485958335894
4.4577671468004745,0.030120481927710843,0.37546933667083854,0.9010631106741228
4.502087634409008,0.03029690971520905,0.37546933667083854,0.9016571416866384
4.546408122017539,0.03041709053916582,0.3742177722152691,0.9023843175812696
4.590728609626073,0.030346377848165934,0.3717146433041302,0.9028042360556341
4.635049097234607,0.03050220807230153,0.3717146433041302,0.9033163317560786
4.6793695848431405,0.03048780487804878,0.3692115143929912,0.903920604682603
4.723690072451674,0.030561330561330563,0.36795994993742176,0.904483909953092
4.768010560060208,0.03065174181399728,0.3667083854818523,0.9050984247936255
4.812331047668742,0.030848599705201096,0.3667083854818523,0.9057231815481677
4.856651535277276,0.030839338702840186,0.3642052565707134,0.9063376963887011
4.90097202288581,0.031010230179028132,0.3642052565707134,0.9068702759171634
4.945292510494344,0.031001930916112422,0.3617021276595745,0.9074847907576968
4.989612998102878,0.031199395444240528,0.3617021276595745,0.9080890636842213
5.033933485711412,0.03140962938810999,0.3617021276595745,0.9087240623527725
5.078253973319946,0.03149261891744123,0.360450563204005,0.9092873676232615
5.12257446092848,0.03160444884924568,0.3591989987484355,0.9099326082058216
5.1668949485370135,0.0317935083637975,0.3591989987484355,0.9104856715623015
5.211215436145547,0.0319634703196347,0.3591989987484355,0.9109772834347283
5.255535923754081,0.03214245716205622,0.3591989987484355,0.9114893791351728
5.299856411362615,0.03231981981981982,0.3591989987484355,0.9119912329216084
5.344176898971149,0.03255075422479301,0.3591989987484355,0.9126364735041684
5.388497386579683,0.032629777524244154,0.3579474342928661,0.9131588111186218
5.432817874188217,0.032739804709936815,0.3566958698372966,0.9137630840451464
5.477138361796751,0.03279824460099318,0.35544430538172717,0.9142239701755464
5.521458849405285,0.032825049470375976,0.35294117647058826,0.9148999365001331
5.565779337013819,0.032798406934520324,0.3504380475594493,0.9154325160285954
5.610099824622349,0.032869934024505186,0.34918648310387984,0.9159241279010222
5.6544203122308865,0.032827684285375684,0.34668335419274093,0.9164157397734488
5.698740799839417,0.03302730416120186,0.34668335419274093,0.9169380773879022
5.743061287447954,0.03321342925659473,0.34668335419274093,0.9174194473463201
5.787381775056485,0.03328509406657019,0.3454317897371715,0.9179008173047379
5.831702262665022,0.0334099987894928,0.3454317897371715,0.9182183166390135
5.8760227502735525,0.03360525995373189,0.3454317897371715,0.9187099285114402
5.92034323788209,0.03370098039215686,0.344180225281602,0.9192425080399025
5.96466372549062,0.0336746021956334,0.34167709637046306,0.9197648456543559
6.008984213099158,0.03395522388059701,0.34167709637046306,0.9204510538929516
6.053304700707688,0.03415061295971979,0.34167709637046306,0.9209221819373604
6.097625188316226,0.03407090771938647,0.33917396745932415,0.9213113746696983
6.141945675924756,0.03390259329538267,0.3354192740926158,0.9217825027141072
6.186266163533293,0.03388966747356351,0.33291614518147683,0.9223355660705873
6.230586651141824,0.03407198667862175,0.33291614518147683,0.9227657264589606
6.274907138750361,0.03413189077794951,0.3316645807259074,0.923195886847334
6.319227626358892,0.03396862440036302,0.327909887359199,0.9236874987197607
6.363548113967429,0.03373274290179734,0.3241551939924906,0.9240152399680452
6.407868601575959,0.0338271928674446,0.32290362953692114,0.9245273356684898
6.452189089184497,0.03380430476693516,0.32040050062578224,0.925059915196952
6.496509576793027,0.03382860175112762,0.3191489361702128,0.9254081402732542
6.540830064401565,0.03401814300960512,0.3191489361702128,0.9258383006616276
6.585150552010095,0.03408938397530533,0.31789737171464333,0.9262889448780188
6.6294710396186325,0.03410622809382583,0.3166458072590738,0.9266166861263033
6.673791527227163,0.03390290208841877,0.31289111389236546,0.9270366046006677
6.7181120148357,0.03399781540141999,0.311639549436796,0.9275384583871034
6.762432502444231,0.033977257158514865,0.31038798498122655,0.9277842643233167
6.806752990052761,0.03381175821142699,0.30663329161451813,0.9282963600237613
6.8510734776612985,0.0337996952486494,0.3053817271589487,0.9285626497879924
6.895393965269829,0.03395491232952964,0.3053817271589487,0.9289006329502858
6.939714452878366,0.03416888390981655,0.3053817271589487,0.9293615190806858
6.984034940486897,0.03435651929034075,0.3053817271589487,0.9297609537270325
7.028355428095434,0.03453155958109256,0.3053817271589487,0.9301296626313525
7.0726759157039645,0.03460059803502777,0.3041301627033792,0.930559823019726
7.116996403312502,0.03435442313197824,0.30037546933667086,0.9309080480960282
7.161316890921032,0.03451251078515962,0.30037546933667086,0.9312357893443126
7.20563737852957,0.034672060098237506,0.30037546933667086,0.9315635305925971
7.2499578661381,0.03485332558814987,0.30037546933667086,0.9319322394969172
7.294278353746638,0.03488032691185056,0.29912390488110135,0.9322702226592106
7.338598841355168,0.03495373770010281,0.2978723404255319,0.932700383047584
7.382919328963705,0.03514990400236302,0.2978723404255319,0.9330895757799218
7.427239816572236,0.03519976236447349,0.29662077596996245,0.9334685265982506
7.471560304180773,0.035357302700283456,0.29662077596996245,0.9337757840185174
7.515880791789304,0.035419480714392916,0.295369211514393,0.9341752186648641
7.560201279397841,0.03548776804590758,0.29411764705882354,0.9345848952252197
7.604521767006371,0.03551912568306011,0.2928660826032541,0.9349228783875131
7.648842254614909,0.035747021081576534,0.2928660826032541,0.9353530387758865
7.693162742223439,0.03597232897770945,0.2928660826032541,0.9357729572502509
7.737483229831977,0.03604579207920792,0.29161451814768463,0.9361826338106065
7.781803717440507,0.036213863848305876,0.29161451814768463,0.9364898912308732
7.8261242050490445,0.036244336822371506,0.2903629536921151,0.9368176324791577
7.870444692657575,0.03631504480427606,0.28911138923654567,0.9372170671255045
7.914765180266112,0.03644107903454804,0.28911138923654567,0.9374423892337
7.959085667874643,0.03632038065027756,0.28660826032540676,0.9377701304819844
8.00340615548318,0.036323084275927994,0.2853566958698373,0.9380466621602245
8.04772664309171,0.03649751880902834,0.2853566958698373,0.9383539195804912
8.092047130700248,0.03636363636363636,0.2828535669586984,0.9386611770007579
8.136367618308778,0.0362400906002265,0.28035043804755944,0.9389889182490424
8.180688105917316,0.03623070674248578,0.27909887359199,0.9392449660992647
8.225008593525846,0.03637846655791191,0.27909887359199,0.9395010139494869
8.269329081134384,0.03635768096953816,0.27784730913642053,0.9397365779716913
8.313649568742914,0.03636064494899638,0.2765957446808511,0.9400131096499313
8.357970056351444,0.036216305606085665,0.27409261576971217,0.9403101251561892
8.402290543959982,0.03643926788685524,0.27409261576971217,0.9406890759745181
8.446611031568512,0.03627549314610498,0.2715894868585732,0.9409553657387493
8.49093151917705,0.036403288038919644,0.2715894868585732,0.941170445932936
8.53525200678558,0.03659976387249114,0.2715894868585732,0.9414981871812205
8.579572494394117,0.036823349736976076,0.2715894868585732,0.9418668960855404
8.623892982002648,0.0366643929058663,0.2690863579474343,0.9421434277637805
8.668213469611185,0.036706689536878216,0.26783479349186484,0.9424814109260738
8.712533957219716,0.03689655172413793,0.26783479349186484,0.9427886683463406
8.756854444828253,0.037075537075537075,0.26783479349186484,0.9430754419385895
8.801174932436783,0.036946671314046706,0.26533166458072593,0.943403183186874
8.84549542004532,0.036933309994748816,0.2640801001251564,0.9436489891230874
8.889815907653851,0.03625483984512495,0.25782227784730916,0.9439152788873184
8.934136395262389,0.0362639306562887,0.2565707133917397,0.9442020524795673
8.978456882870919,0.03626666666666667,0.2553191489361702,0.9444785841578074
9.022777370479456,0.036493738819320214,0.2553191489361702,0.9448370511481186
9.067097858087987,0.03645178667624349,0.25406758448060074,0.9450418894282964
9.111418345696524,0.036629375676651026,0.25406758448060074,0.9453184211065364
9.155738833305055,0.03674873280231716,0.25406758448060074,0.9455027755586964
9.200059320913592,0.03691580287324968,0.25406758448060074,0.9457588234089187
9.244379808522122,0.03717267899652078,0.25406758448060074,0.9461480161412564
9.28870029613066,0.037350505979760806,0.25406758448060074,0.9464143059054876
9.33302078373919,0.03753004252172305,0.25406758448060074,0.9466805956697187
9.377341271347728,0.03767631774313289,0.25406758448060074,0.9468956758639054
9.421661758956258,0.03772175536881419,0.2528160200250313,0.9472234171121899
9.465982246564796,0.0377323071146987,0.25156445556946183,0.94749994879043
9.510302734173326,0.03789592760180995,0.25156445556946183,0.9477355128126345
9.554623221781863,0.037929072634174096,0.2503128911138924,0.9480427702329012
9.598943709390394,0.0380517503805175,0.2503128911138924,0.9482168827710522
9.643264196998931,0.038204393505253106,0.2503128911138924,0.9484319629652389
9.687584684607462,0.0378191591476291,0.246558197747184,0.9486675269874434
9.731905172215999,0.038052926405254005,0.246558197747184,0.9489952682357279
9.77622565982453,0.038259856282773355,0.246558197747184,0.9492820418279768
9.820546147433067,0.03825136612021858,0.2453066332916145,0.9495278477641902
9.864866635041597,0.03846908734052993,0.2453066332916145,0.949824863270448
9.909187122650128,0.03865115361861566,0.2453066332916145,0.9500706692066614
9.953507610258665,0.038446294094332145,0.2428035043804756,0.9503062332288658
9.997828097867195,0.038630027877339705,0.2428035043804756,0.9505520391650791
10.042148585475733,0.0385691446842526,0.24155193992490614,0.9507261517032303
10.086469073084263,0.0388095716871104,0.24155193992490614,0.9510436510375059
10.1307895606928,0.03860925813624419,0.2390488110137672,0.9512894569737192
10.175110048301331,0.0387188323535374,0.2390488110137672,0.9514328437698437
10.219430535909868,0.03899550837076358,0.2390488110137672,0.9517913107601549
10.263751023518399,0.039155391553915536,0.2390488110137672,0.9519961490403327
10.308071511126936,0.039316591189790036,0.2390488110137672,0.9522009873205105
10.352391998735467,0.03924808923776079,0.23779724655819776,0.9523648579446526
10.396712486344004,0.03930948419301165,0.23654568210262827,0.9526925991929371
10.441032973952534,0.039440734557595995,0.23654568210262827,0.9528564698170794
10.485353461561072,0.039647577092511016,0.23654568210262827,0.9531125176673017
10.529673949169602,0.039806234203875315,0.23654568210262827,0.9533071140334706
10.57399443677814,0.039729501267962805,0.23529411764705882,0.9534607427436039
10.61831492438667,0.03991507430997877,0.23529411764705882,0.9536860648517995
10.662635411995208,0.040068201193520885,0.23529411764705882,0.9538704193039595
10.706955899603738,0.040085744908896034,0.23404255319148937,0.9541367090681907
10.751276387212275,0.040025823111684955,0.2327909887359199,0.9543108216063418
10.795596874820806,0.03998271017938189,0.23153942428035043,0.9545054179725107
10.839917362429343,0.04014756944444445,0.23153942428035043,0.9547000143386796
10.884237850037874,0.04031379385487034,0.23153942428035043,0.9548946107048485
10.928558337646411,0.04049026045086452,0.23153942428035043,0.9550994489850263
10.972878825254941,0.04039517014270033,0.23028785982478098,0.9552325938671419
11.017199312863479,0.04032613486117232,0.22903629536921152,0.9553964644912841
11.06151980047201,0.04051361523134824,0.22903629536921152,0.9556115446854708
11.105840288080547,0.04067570571238053,0.22903629536921152,0.9557958991376309
11.150160775689077,0.04087558633013178,0.22903629536921152,0.9560212212458264
11.194481263297615,0.041040592061000226,0.22903629536921152,0.9562055756979865
11.238801750906145,0.04095409540954095,0.22778473091364204,0.9563489624941109
11.283122238514682,0.040876242095754294,0.2265331664580726,0.9565025912042443
11.327442726123213,0.04100589034888989,0.2265331664580726,0.9566459780003687
11.371763213731743,0.04115507048658481,0.2265331664580726,0.9568098486245109
11.41608370134028,0.04132420091324201,0.2265331664580726,0.9569942030766709
11.46040418894881,0.04146620847651775,0.2265331664580726,0.9571478317868043
11.504724676557348,0.04125374510255819,0.22403003754693368,0.9573936377230177
11.549045164165879,0.041010194624652455,0.22152690863579474,0.9576087179172044
11.593365651774416,0.040968342644320296,0.2202753441802253,0.9578033142833733
11.637686139382946,0.04091653027823241,0.2190237797246558,0.9579876687355333
11.682006626991484,0.04104127579737336,0.2190237797246558,0.9581208136176489
11.726327114600014,0.041195856873822975,0.2190237797246558,0.9582846842417911
11.770647602208552,0.041390728476821195,0.2190237797246558,0.958489522521969
11.814968089817082,0.04136947218259629,0.21777221526908636,0.9587046027161555
11.85928857742562,0.04147794994040525,0.21777221526908636,0.9588172637702533
11.90360906503415,0.04165669140531482,0.21777221526908636,0.9590016182224134
11.947929552642687,0.04187725631768953,0.21777221526908636,0.959226940330609
11.992250040251218,0.04201883602994446,0.21777221526908636,0.9593703271267334
12.036570527859755,0.04223300970873786,0.21777221526908636,0.9595854073209201
12.080891015468286,0.042377009254749146,0.21777221526908636,0.9597287941170446
12.125211503076823,0.0425531914893617,0.21777221526908636,0.9599029066551957
12.169531990685353,0.04276234947161465,0.21777221526908636,0.9601077449353735
12.21385247829389,0.04298418972332016,0.21777221526908636,0.9603228251295602
12.258172965902421,0.04314406149268535,0.21777221526908636,0.9604764538396936
12.302493453510959,0.04309915296462382,0.2165206508135169,0.9606608082918536
12.346813941119489,0.04328246184638479,0.2165206508135169,0.9608349208300047
12.391134428728027,0.04351106639839034,0.2165206508135169,0.9610500010241914
12.435454916336557,0.04374209860935525,0.2165206508135169,0.9612650812183781
12.479775403945094,0.043964421855146124,0.2165206508135169,0.9614699194985559
12.524095891553625,0.04408766564729868,0.2165206508135169,0.9615825805526537
12.568416379162162,0.044046094750320106,0.21526908635794745,0.9617669350048137
12.612736866770693,0.0442159383033419,0.21526908635794745,0.961920563714947
12.65705735437923,0.04445593176531403,0.21526908635794745,0.9621356439091338
12.70137784198776,0.0446521287642783,0.21526908635794745,0.9623097564472849
12.745698329596298,0.04487346725802244,0.21526908635794745,0.9625043528134538
12.790018817204828,0.04481132075471698,0.21401752190237797,0.9626682234375961
12.834339304813366,0.045023696682464455,0.21401752190237797,0.9628525778897561
12.878659792421896,0.0452141723955579,0.21401752190237797,0.9630164485138982
12.922980280030426,0.04546663121510237,0.21401752190237797,0.9632315287080849
12.967300767638964,0.04529709565680789,0.2127659574468085,0.9633032221061472
13.011621255247494,0.04517508687516707,0.21151439299123906,0.963415883160245
13.055941742856032,0.045100671140939595,0.21026282853566958,0.9635695118703783
13.100262230464562,0.045283018867924525,0.21026282853566958,0.9637231405805117
13.1445827180731,0.04546684709066306,0.21026282853566958,0.963876769290645
13.18890320568163,0.04570184983677911,0.21026282853566958,0.964071365656814
13.233223693290167,0.045926735921268454,0.21026282853566958,0.964255720108974
13.277544180898698,0.04552934722984092,0.20775969962453067,0.9643581392490629
13.321864668507235,0.04574262882336732,0.20775969962453067,0.964532251787214
13.366185156115765,0.04568106312292359,0.2065081351689612,0.9646961224113563
13.410505643724303,0.045618915159944366,0.20525657071339173,0.9648599930354985
13.454826131332833,0.04591265397536394,0.20525657071339173,0.9650955570577029
13.49914661894137,0.04611923509561305,0.20525657071339173,0.9652594276818451
13.543467106549901,0.04603219429539678,0.20400500625782228,0.9654028144779696
13.587787594158439,0.04573863636363636,0.20150187734668334,0.9655974108441385
13.632108081766969,0.045688178183894916,0.2002503128911139,0.9657715233822897
13.676428569375506,0.04557179707652623,0.19899874843554444,0.9658944263503964
13.720749056984037,0.045874206578188116,0.19899874843554444,0.9661299903726008
13.765069544592574,0.04608695652173913,0.19899874843554444,0.9662938609967431
13.809390032201105,0.04631517623070201,0.19899874843554444,0.9664679735348942
13.853710519809642,0.04625292740046839,0.19774718397997496,0.9666318441590365
13.898031007418172,0.046511627906976744,0.19774718397997496,0.9668264405252054
13.94235149502671,0.04647720544701007,0.1964956195244055,0.9670107949773654
13.98667198263524,0.04662904662904663,0.1964956195244055,0.9671234560314632
14.030992470243778,0.046795827123695975,0.1964956195244055,0.9672463589995698
14.075312957852308,0.046706586826347304,0.19524405506883605,0.9673897457956943
14.119633445460845,0.04631578947368421,0.1927409261576971,0.9675228906778098
14.163953933069376,0.046251511487303505,0.19148936170212766,0.9676867613019521
14.208274420677913,0.04644808743169399,0.19148936170212766,0.9678301480980765
14.252594908286444,0.04661791590493602,0.19148936170212766,0.9679530510661832
14.296915395894981,0.04697574455019957,0.19148936170212766,0.9682090989164055
14.341235883503511,0.04717853839037928,0.19148936170212766,0.96835248571253
14.385556371112042,0.047117172969621826,0.1902377972465582,0.9685163563366722
14.42987685872058,0.04701120797011208,0.18898623279098872,0.9686495012187878
14.47419734632911,0.04727614276768942,0.18898623279098872,0.9688338556709478
14.518517833937647,0.04755905511811023,0.18898623279098872,0.9690284520371167
14.562838321546177,0.047784810126582276,0.18898623279098872,0.9691820807472501
14.607158809154715,0.04764930114358323,0.18773466833541927,0.9692947418013478
14.651479296763245,0.04789272030651341,0.18773466833541927,0.96945861242549
14.695799784371783,0.04789456766313083,0.18648310387984982,0.9696634507056678
14.740120271980313,0.047757341077767024,0.18523153942428036,0.9697761117597656
14.78444075958885,0.04771178188899708,0.18397997496871088,0.9699502242979168
14.82876124719738,0.04758800521512386,0.18272841051314143,0.9700731272660235
14.873081734805918,0.04779050736497545,0.18272841051314143,0.970206272148139
14.917402222414449,0.047978968123562275,0.18272841051314143,0.9703291751162457
14.961722710022986,0.04820072631231429,0.18272841051314143,0.9704725619123702
15.006043197631517,0.04839244282399735,0.18272841051314143,0.9705954648804769
15.050363685240054,0.048317227590803064,0.18147684605757197,0.9707490935906102
15.094684172848584,0.048576214405360134,0.18147684605757197,0.9709129642147525
15.139004660457122,0.048788694481830416,0.18147684605757197,0.9710461090968681
15.183325148065652,0.0486815415821501,0.1802252816020025,0.9711792539789836
15.22764563567419,0.04906303236797274,0.1802252816020025,0.971414818001188
15.27196612328272,0.04905660377358491,0.17897371714643304,0.9716094143673569
15.316286610891257,0.049276361130255,0.17897371714643304,0.9717425592494725
15.360607098499788,0.0492542490461325,0.17772215269086358,0.9719269137016325
15.404927586108325,0.04956369982547993,0.17772215269086358,0.9721112681537926
15.449248073716856,0.04977216964598668,0.17772215269086358,0.9722341711218992
15.493568561325393,0.05003523608174771,0.17772215269086358,0.9723877998320326
15.537889048933923,0.05028328611898017,0.17772215269086358,0.9725311866281571
15.58220953654246,0.05047991468183434,0.17772215269086358,0.9726438476822549
15.626530024150991,0.05041115480872363,0.17647058823529413,0.9727974763923882
15.670850511759529,0.05068296189791517,0.17647058823529413,0.9729511051025216
15.715170999368059,0.050920910075839654,0.17647058823529413,0.9730842499846372
15.759491486976597,0.05117967332123412,0.17647058823529413,0.9732276367807616
15.803811974585127,0.05149744338933528,0.17647058823529413,0.9734017493189128
15.848132462193664,0.051800146950771495,0.17647058823529413,0.9735656199430549
15.892452949802195,0.051310446659283866,0.1739674593241552,0.9736782809971527
15.936773437410725,0.05159613956941351,0.1739674593241552,0.9738319097072861
15.981093925019263,0.051885031728256814,0.1739674593241552,0.9739855384174194
16.025414412627793,0.05211848518935133,0.1739674593241552,0.9741084413855261
16.06973490023633,0.052177177177177174,0.1739674593241552,0.9741391671275528
16.11405538784486,0.052393516773464,0.1739674593241552,0.9742518281816506
16.158375875453398,0.05215419501133787,0.17271589486858574,0.9743132796657039
16.20269636306193,0.052150742291587365,0.17146433041301626,0.9744976341178639
16.247016850670466,0.0524904214559387,0.17146433041301626,0.9746717466560151
16.291337338278996,0.05234795996920708,0.1702127659574468,0.9747844077101129
16.335657825887534,0.05250965250965251,0.1702127659574468,0.974866343022184
16.379978313496064,0.05275407292474787,0.1702127659574468,0.9749892459902907
16.4242988011046,0.053021442495126705,0.1702127659574468,0.9751223908724063
16.468619288713132,0.05343811394891945,0.1702127659574468,0.9753272291525841
16.51293977632167,0.053776196124950576,0.1702127659574468,0.9754910997767263
16.5572602639302,0.054011119936457505,0.1702127659574468,0.9756037608308241
16.601580751538737,0.05393527766679984,0.16896120150187735,0.9757471476269485
16.645901239147268,0.053988718775181306,0.1677096370463079,0.9759519859071263
16.690221726755805,0.053462940461725394,0.16520650813516896,0.9760646469612241
16.734542214364335,0.053636733035351485,0.16520650813516896,0.9761465822732952
16.778862701972873,0.053644553644553644,0.1639549436795995,0.9763309367254552
16.823183189581403,0.05393165911897901,0.1639549436795995,0.9764640816075708
16.86750367718994,0.05428926647326979,0.1639549436795995,0.9766279522317131
16.91182416479847,0.054447215295095594,0.1639549436795995,0.9766996456297753
16.95614465240701,0.05441607367099205,0.16270337922403003,0.9768635162539175
17.00046514001554,0.054292929292929296,0.16145181476846057,0.9769864192220242
17.044785627624076,0.05443037974683544,0.16145181476846057,0.9770478707060776
17.089106115232607,0.054707379134860054,0.16145181476846057,0.9771707736741843
17.133426602841144,0.05505761843790013,0.16145181476846057,0.9773244023843176
17.177747090449675,0.054935622317596564,0.16020025031289112,0.9774473053524243
17.222067578058212,0.05510116229014206,0.16020025031289112,0.9775189987504865
17.266388065666742,0.05536332179930796,0.16020025031289112,0.9776316598045843
17.31070855327528,0.05565217391304348,0.16020025031289112,0.9777545627726909
17.35502904088381,0.055846422338568937,0.16020025031289112,0.977836498084762
17.39934952849234,0.056189640035118525,0.16020025031289112,0.9779798848808865
17.443670016100878,0.05658709106984969,0.16020025031289112,0.9781437555050287
17.48799050370941,0.056863616170590846,0.16020025031289112,0.9782564165591265
17.532310991317946,0.057245080500894455,0.16020025031289112,0.9784100452692599
17.576631478926476,0.0576057605760576,0.16020025031289112,0.9785534320653844
17.620951966535014,0.057362240289069555,0.15894868585732166,0.9786251254634466
17.665272454143544,0.05764866091693146,0.15894868585732166,0.9787377865175444
17.70959294175208,0.058043875685557585,0.15894868585732166,0.9788914152276778
17.753913429360612,0.05844454670961804,0.15894868585732166,0.9790450439378111
17.79823391696915,0.05857933579335793,0.15894868585732166,0.9790962535078556
17.84255440457768,0.0584958217270195,0.15769712140175218,0.9792293983899711
17.886874892186217,0.05827505827505827,0.15644555694618273,0.9793113337020423
17.931195379794747,0.0585480093676815,0.15644555694618273,0.9794137528421312
17.975515867403285,0.058713010803193987,0.15644555694618273,0.9794752043261845
18.019836355011815,0.0583804143126177,0.15519399249061328,0.9795161719822201
18.064156842620353,0.05868433506862281,0.15519399249061328,0.9796288330363179
18.108477330228883,0.058935361216730035,0.15519399249061328,0.9797210102623979
18.15279781783742,0.058823529411764705,0.1539424280350438,0.9798439132305046
18.19711830544595,0.059077809798270896,0.1539424280350438,0.9799360904565845
18.24143879305449,0.059420289855072465,0.1539424280350438,0.9800589934246912
18.28575928066302,0.059912323429128105,0.1539424280350438,0.9802331059628423
18.330079768271556,0.06005859375,0.1539424280350438,0.9802843155328868
18.374400255880087,0.05986261040235525,0.15269086357947434,0.9803764927589668
18.418720743488624,0.05984174085064293,0.15143929912390489,0.9805301214691001
18.463041231097154,0.060079443892750745,0.15143929912390489,0.9806120567811712
18.507361718705692,0.05997001499250375,0.15018773466833543,0.9807349597492779
18.551682206314222,0.05982905982905983,0.14893617021276595,0.9808476208033757
18.59600269392276,0.06016177957532862,0.14893617021276595,0.9809602818574735
18.64032318153129,0.06055979643765903,0.14893617021276595,0.9810934267395891
18.684643669139827,0.06,0.14643304130162704,0.9812265716217047
18.728964156748358,0.06001034661148474,0.14518147684605756,0.9813904422458469
18.773284644356895,0.059344091618948464,0.14267834793491865,0.9814928613859358
18.817605131965426,0.05913134484563056,0.1414267834793492,0.9815850386120158
18.861925619573963,0.05947368421052632,0.1414267834793492,0.9816976996661136
18.906246107182493,0.0598834128245893,0.1414267834793492,0.9818308445482292
18.950566594791024,0.059637912673056445,0.14017521902377972,0.9819127798603003
18.99488708239956,0.06011808910359635,0.14017521902377972,0.9820664085704336
19.03920757000809,0.059967585089141004,0.13892365456821026,0.9821790696245314
19.08352805761663,0.06019522776572668,0.13892365456821026,0.9822507630225936
19.12784854522516,0.06014215418261345,0.1376720901126408,0.9823941498187181
19.172169032833697,0.06043956043956044,0.1376720901126408,0.9824863270447981
19.216489520442227,0.06084070796460177,0.1376720901126408,0.9826092300129048
19.260810008050765,0.06010016694490818,0.13516896120150187,0.9827014072389848
19.305130495659295,0.0604364857302742,0.13516896120150187,0.9828038263790737
19.349450983267833,0.06074240719910011,0.13516896120150187,0.9828960036051537
19.393771470876363,0.06058890147225368,0.13391739674593242,0.9830086646592515
19.4380919584849,0.06093394077448747,0.13391739674593242,0.9831110837993404
19.48241244609343,0.060884549109707066,0.13266583229036297,0.9832544705954649
19.526732933701968,0.06123627960716349,0.13266583229036297,0.9833568897355538
19.5710534213105,0.06042998256827426,0.13016270337922403,0.9834388250476249
19.615373908919036,0.060854300760678756,0.13016270337922403,0.9835617280157316
19.659694396527566,0.06132075471698113,0.13016270337922403,0.9836948728978472
19.704014884136104,0.061867935752528254,0.13016270337922403,0.9838485016079805
19.748335371744634,0.061713600958657876,0.12891113892365458,0.9839611626620783
19.79265585935317,0.06204819277108434,0.12891113892365458,0.9840533398881584
19.836976346961702,0.061893203883495146,0.1276595744680851,0.984166000942256
19.88129683457024,0.0617737003058104,0.12640801001251564,0.9842889039103627
19.92561732217877,0.06223043746149107,0.12640801001251564,0.9844118068784694
19.969937809787307,0.06253869969040247,0.12640801001251564,0.9844937421905405
20.014258297395838,0.06230529595015576,0.1251564455569462,0.9845859194166205
20.058578785004375,0.06246096189881324,0.1251564455569462,0.9846268870726561
20.102899272612905,0.06277463904582549,0.1251564455569462,0.9847088223847272
20.147219760221443,0.06337135614702155,0.1251564455569462,0.9848624510948606
20.191540247829973,0.06377551020408163,0.1251564455569462,0.9849648702349495
20.23586073543851,0.06358381502890173,0.12390488110137672,0.9850672893750384
20.28018122304704,0.06395348837209303,0.12390488110137672,0.9851594666011184
20.32450171065558,0.06449511400651466,0.12390488110137672,0.985292611483234
20.36882219826411,0.06479057591623037,0.12390488110137672,0.9853643048812962
20.413142685872646,0.06513157894736842,0.12390488110137672,0.9854462401933674
20.457463173481177,0.0656498673740053,0.12390488110137672,0.985569143161474
20.501783661089707,0.0659121171770972,0.12390488110137672,0.9856305946455274
20.546104148698245,0.06572769953051644,0.12265331664580725,0.9857330137856163
20.590424636306775,0.06612685560053981,0.12265331664580725,0.9858251910116963
20.634745123915312,0.06521739130434782,0.12015018773466833,0.9859071263237674
20.679065611523843,0.06579849211788896,0.12015018773466833,0.986040271205883
20.72338609913238,0.06556245686680469,0.11889862327909888,0.986132448431963
20.76770658674091,0.06565307532826538,0.11889862327909888,0.9861529322599808
20.812027074349448,0.0660180681028492,0.11889862327909888,0.9862348675720518
20.85634756195798,0.06648005598320504,0.11889862327909888,0.9863372867121407
20.900668049566516,0.06671348314606741,0.11889862327909888,0.9863884962821852
20.944988537175046,0.06699576868829338,0.11889862327909888,0.9864499477662385
20.989309024783584,0.06728045325779036,0.11889862327909888,0.9865113992502919
21.033629512392114,0.06685633001422475,0.11764705882352941,0.9865626088203363
21.07795000000065,0.06695156695156695,0.11764705882352941,0.9865830926483541
21.122270487609182,0.0667144906743185,0.11639549436795996,0.9866752698744341
21.16659097521772,0.06690647482014389,0.11639549436795996,0.9867162375304697
21.21091146282625,0.06739130434782609,0.11639549436795996,0.9868186566705586
21.255231950434787,0.06783369803063458,0.11639549436795996,0.9869108338966386
21.299552438043317,0.06823184152604549,0.11639549436795996,0.9869927692087097
21.343872925651855,0.06873614190687362,0.11639549436795996,0.9870951883487986
21.388193413260385,0.06780923994038748,0.11389236545682102,0.9871873655748786
21.432513900868923,0.06847253574115876,0.11389236545682102,0.9873205104569942
21.476834388477453,0.06813020439061317,0.11264080100125157,0.9873922038550564
21.52115487608599,0.0684931506849315,0.11264080100125157,0.9874638972531187
21.56547536369452,0.06896551724137931,0.11264080100125157,0.9875560744791987
21.60979585130306,0.06933744221879815,0.11264080100125157,0.9876277678772609
21.65411633891159,0.06904577191621412,0.1113892365456821,0.987709703189332
21.698436826520126,0.06942277691107644,0.1113892365456821,0.9877813965873943
21.742757314128657,0.06907378335949764,0.11013767209011265,0.9878530899854565
21.787077801737194,0.06882911392405064,0.10888610763454318,0.9879452672115365
21.831398289345724,0.06836248012718601,0.10763454317897372,0.987996476781581
21.875718776954262,0.06896551724137931,0.10763454317897372,0.9881091378356788
21.920039264562792,0.06935483870967742,0.10763454317897372,0.988180831233741
21.964359752171323,0.06969205834683954,0.10763454317897372,0.9882422827177944
22.00868023977986,0.06991869918699187,0.10763454317897372,0.9882832503738299
22.05300072738839,0.06972928630024611,0.10638297872340426,0.9883856695139187
22.097321214996928,0.07007419620774938,0.10638297872340426,0.988447120997972
22.141641702605458,0.07030603804797353,0.10638297872340426,0.9884880886540076
22.185962190213996,0.07059800664451828,0.10638297872340426,0.9885392982240521
22.230282677822526,0.06994171523730225,0.10513141426783479,0.9885597820520698
22.274603165431063,0.07017543859649122,0.10513141426783479,0.9886007497081054
22.318923653039594,0.06968933669185558,0.10387984981226533,0.9886519592781499
22.36324414064813,0.0699831365935919,0.10387984981226533,0.9887031688481943
22.40756462825666,0.07021996615905245,0.10387984981226533,0.9887441365042299
22.4518851158652,0.07075873827791987,0.10387984981226533,0.9888363137303099
22.49620560347373,0.0711835334476844,0.10387984981226533,0.9889080071283721
22.540526091082267,0.07142857142857142,0.10387984981226533,0.9889489747844077
22.584846578690797,0.07179930795847751,0.10387984981226533,0.989010426268461
22.629167066299335,0.07217391304347825,0.10387984981226533,0.9890718777525144
22.673487553907865,0.07161572052401746,0.10262828535669587,0.9891128454085499
22.717808041516403,0.07186678352322524,0.10262828535669587,0.9891538130645855
22.762128529124933,0.07243816254416961,0.10262828535669587,0.9892459902906655
22.80644901673347,0.07282415630550622,0.10262828535669587,0.9893074417747189
22.850769504342,0.07232142857142858,0.10137672090112641,0.9893586513447633
22.895089991950538,0.07277628032345014,0.10137672090112641,0.9894303447428255
22.93941047955907,0.07303877366997295,0.10137672090112641,0.9894713123988611
22.983730967167606,0.07336956521739131,0.10137672090112641,0.9895225219689056
23.028051454776136,0.072992700729927,0.10012515644555695,0.9895942153669678
23.072371942384674,0.07247706422018349,0.09887359198998748,0.9896454249370122
23.116692429993204,0.0728110599078341,0.09887359198998748,0.9896966345070567
23.16101291760174,0.0729455216989843,0.09887359198998748,0.9897171183350745
23.205333405210272,0.0730804810360777,0.09887359198998748,0.9897376021630923
23.24965389281881,0.07136237256719184,0.09637046307884856,0.9897376021630923
23.29397438042734,0.07182835820895522,0.09637046307884856,0.9898092955611545
23.338294868035877,0.07230046948356808,0.09637046307884856,0.9898809889592167
23.382615355644408,0.07196969696969698,0.0951188986232791,0.9899629242712878
23.426935843252945,0.07224334600760456,0.0951188986232791,0.9900038919273234
23.471256330861475,0.07272727272727272,0.0951188986232791,0.9900755853253856
23.515576818470006,0.0728667305848514,0.0951188986232791,0.9900960691534034
23.559897306078543,0.07342995169082125,0.0951188986232791,0.9901780044654745
23.604217793687074,0.0728862973760933,0.09386733416770963,0.990229214035519
23.64853828129561,0.0730282375851996,0.09386733416770963,0.9902496978635368
23.69285876890414,0.07367387033398821,0.09386733416770963,0.9903418750896168
23.73717925651268,0.07433102081268583,0.09386733416770963,0.9904340523156968
23.78149974412121,0.07470119521912351,0.09386733416770963,0.9904852618857412
23.825820231729747,0.07530120481927711,0.09386733416770963,0.9905671971978123
23.870140719338277,0.07568113017154389,0.09386733416770963,0.9906184067678567
23.914461206946815,0.0762970498474059,0.09386733416770963,0.9907003420799279
23.958781694555345,0.07653061224489796,0.09386733416770963,0.9907310678219545
24.003102182163882,0.07518022657054584,0.09136420525657071,0.9908027612200168
24.047422669772413,0.07572614107883817,0.09136420525657071,0.990874454618079
24.09174315738095,0.07660020986358866,0.09136420525657071,0.9909871156721768
24.13606364498948,0.07724867724867725,0.09136420525657071,0.9910690509842479
24.180384132598018,0.077577045696068,0.09136420525657071,0.9911100186402835
24.22470462020655,0.07790821771611527,0.09136420525657071,0.991150986296319
24.269025107815086,0.07725321888412018,0.09011264080100125,0.9911919539523546
24.313345595423616,0.07659115426105717,0.08886107634543179,0.9912329216083902
24.357666083032154,0.07675675675675675,0.08886107634543179,0.9912534054364079
24.401986570640684,0.07725788900979326,0.08886107634543179,0.9913148569204613
24.44630705824922,0.07793633369923161,0.08886107634543179,0.9913967922325324
24.490627545857752,0.07769145394006659,0.08760951188986232,0.9914889694586124
24.53494803346629,0.07803790412486064,0.08760951188986232,0.991529937114648
24.57926852107482,0.0773542600896861,0.08635794743429287,0.9915709047706835
24.623589008683357,0.07796610169491526,0.08635794743429287,0.9916425981687458
24.667909496291887,0.0785876993166287,0.08635794743429287,0.991714291566808
24.712229983900425,0.07903780068728522,0.08635794743429287,0.9917655011368525
24.756550471508955,0.07912844036697247,0.08635794743429287,0.9917757430508614
24.800870959117493,0.07976878612716763,0.08635794743429287,0.9918474364489236
24.845191446726023,0.08051341890315053,0.08635794743429287,0.9919293717609947
24.88951193433456,0.08089097303634232,0.08635794743429287,0.9919703394170303
24.93383242194309,0.0800942285041225,0.0851063829787234,0.992001065159057
24.97815290955162,0.08018867924528301,0.0851063829787234,0.9920113070730658
25.02247339716016,0.08056872037914692,0.0851063829787234,0.9920522747291014
25.06679388476869,0.08133971291866028,0.0851063829787234,0.9921342100411725
25.111114372377227,0.07951807228915662,0.08260325406758448,0.9921751776972081
25.155434859985757,0.08019441069258809,0.08260325406758448,0.9922468710952703
25.199755347594294,0.0795593635250918,0.08135168961201501,0.9922980806653148
25.244075835202825,0.07985257985257985,0.08135168961201501,0.9923288064073414
25.288396322811362,0.08024691358024691,0.08135168961201501,0.992369774063377
25.332716810419893,0.08074534161490683,0.08135168961201501,0.9924209836334215
25.37703729802843,0.08114856429463171,0.08135168961201501,0.992461951289457
25.42135778563696,0.08165829145728644,0.08135168961201501,0.9925131608595015
25.465678273245498,0.08196721311475409,0.08135168961201501,0.9925438866015281
25.509998760854028,0.08238276299112801,0.08135168961201501,0.9925848542575636
25.554319248462566,0.08290816326530612,0.08135168961201501,0.992636063827608
25.598639736071096,0.08226221079691516,0.08010012515644556,0.9926872733976525
25.642960223679633,0.08258064516129032,0.08010012515644556,0.9927179991396792
25.687280711288164,0.08300907911802853,0.08010012515644556,0.9927589667957147
25.7316011988967,0.08322496749024708,0.08010012515644556,0.9927794506237325
25.77592168650523,0.08256880733944955,0.07884856070087609,0.992830660193777
25.82024217411377,0.08311345646437995,0.07884856070087609,0.9928818697638214
25.8645626617223,0.08355437665782493,0.07884856070087609,0.992922837419857
25.908883149330837,0.08233731739707835,0.07759699624530664,0.992922837419857
25.953203636939367,0.08266666666666667,0.07759699624530664,0.9929535631618837
25.997524124547905,0.08176943699731903,0.07634543178973717,0.9929842889039103
26.041844612156435,0.08209959623149395,0.07634543178973717,0.993015014645937
26.086165099764973,0.08276797829036635,0.07634543178973717,0.9930764661299903
26.130485587373503,0.08310626702997276,0.07634543178973717,0.993107191872017
26.17480607498204,0.08344733242134063,0.07634543178973717,0.9931379176140437
26.21912656259057,0.08402203856749312,0.07634543178973717,0.9931891271840881
26.263447050199108,0.08437067773167359,0.07634543178973717,0.9932198529261148
26.30776753780764,0.08217270194986072,0.07384230287859825,0.9932505786681415
26.352088025416176,0.08263305322128851,0.07384230287859825,0.993291546324177
26.396408513024706,0.08309859154929577,0.07384230287859825,0.9933325139802126
26.440729000633244,0.08345120226308345,0.07384230287859825,0.9933632397222393
26.485049488241774,0.08368794326241134,0.07384230287859825,0.9933837235502571
26.529369975850305,0.08285714285714285,0.07259073842302878,0.9934246912062926
26.573690463458842,0.0830945558739255,0.07259073842302878,0.9934451750343104
26.618010951067372,0.0836940836940837,0.07259073842302878,0.9934963846043549
26.66233143867591,0.0838150289017341,0.07259073842302878,0.9935066265183637
26.70665192628444,0.08430232558139535,0.07259073842302878,0.9935475941743993
26.750972413892978,0.08454810495626822,0.07259073842302878,0.9935680780024171
26.795292901501508,0.0849194729136164,0.07259073842302878,0.9935988037444438
26.839613389110045,0.08504398826979472,0.07259073842302878,0.9936090456584526
26.883933876718576,0.08504398826979472,0.07259073842302878,0.9936090456584526
26.928254364327113,0.08529411764705883,0.07259073842302878,0.9936295294864704
26.972574851935644,0.08567208271787297,0.07259073842302878,0.9936602552284971
27.01689533954418,0.08482142857142858,0.07133917396745933,0.9937012228845327
27.06121582715271,0.08421052631578947,0.07008760951188986,0.993762674368586
27.10553631476125,0.08433734939759036,0.07008760951188986,0.9937729162825949
27.14985680236978,0.08446455505279035,0.07008760951188986,0.9937831581966038
27.194177289978317,0.08333333333333333,0.0688360450563204,0.9938036420246216
27.238497777586847,0.0834597875569044,0.0688360450563204,0.9938138839386305
27.282818265195385,0.0834597875569044,0.0688360450563204,0.9938138839386305
27.327138752803915,0.08358662613981763,0.0688360450563204,0.9938241258526394
27.371459240412452,0.08396946564885496,0.0688360450563204,0.993854851594666
27.415779728020983,0.08294930875576037,0.06758448060075094,0.9938855773366927
27.46010021562952,0.08307692307692308,0.06758448060075094,0.9938958192507016
27.50442070323805,0.08320493066255778,0.06758448060075094,0.9939060611647105
27.548741190846588,0.08217054263565891,0.06633291614518148,0.9939367869067371
27.59306167845512,0.08255451713395638,0.06633291614518148,0.9939675126487638
27.637382166063656,0.08255451713395638,0.06633291614518148,0.9939675126487638
27.681702653672186,0.0828125,0.06633291614518148,0.9939879964767816
27.726023141280724,0.08294209702660407,0.06633291614518148,0.9939982383907905
27.770343628889254,0.08333333333333333,0.06633291614518148,0.9940289641328172
27.81466411649779,0.08386075949367089,0.06633291614518148,0.9940699317888527
27.858984604106322,0.08439490445859872,0.06633291614518148,0.9941108994448883
27.90330509171486,0.08507223113964688,0.06633291614518148,0.9941621090149327
27.94762557932339,0.08562197092084006,0.06633291614518148,0.9942030766709683
27.99194606693192,0.08603896103896104,0.06633291614518148,0.994233802412995
28.036266554540457,0.08346972176759411,0.06382978723404255,0.9942645281550216
28.080587042148988,0.08388157894736842,0.06382978723404255,0.9942952538970483
28.124907529757525,0.08443708609271523,0.06382978723404255,0.9943362215530839
28.169228017366056,0.08485856905158069,0.06382978723404255,0.9943669472951105
28.213548504974593,0.08557046979865772,0.06382978723404255,0.994418156865155
28.257868992583123,0.08614864864864864,0.06382978723404255,0.9944591245211906
28.30218948019166,0.08673469387755102,0.06382978723404255,0.9945000921772261
28.34650996780019,0.08673469387755102,0.06382978723404255,0.9945000921772261
28.39083045540873,0.08703071672354949,0.06382978723404255,0.9945205760052439
28.43515094301726,0.08717948717948718,0.06382978723404255,0.9945308179192528
28.479471430625797,0.08777969018932874,0.06382978723404255,0.9945717855752884
28.523791918234327,0.08793103448275862,0.06382978723404255,0.9945820274892972
28.568112405842864,0.08854166666666667,0.06382978723404255,0.9946229951453328
28.612432893451395,0.08900523560209424,0.06382978723404255,0.9946537208873595
28.656753381059932,0.08963093145869948,0.06382978723404255,0.994694688543395
28.701073868668463,0.09042553191489362,0.06382978723404255,0.9947458981134394
28.745394356277,0.09042553191489362,0.06382978723404255,0.9947458981134394
28.78971484388553,0.08896797153024912,0.0625782227784731,0.9947561400274483
28.834035331494068,0.08765652951699464,0.06132665832290363,0.9947766238554661
28.878355819102598,0.08781362007168458,0.06132665832290363,0.994786865769475
28.922676306711136,0.08781362007168458,0.06132665832290363,0.994786865769475
28.966996794319666,0.08812949640287769,0.06132665832290363,0.9948073495974927
29.011317281928203,0.08860759493670886,0.06132665832290363,0.9948380753395194
29.055637769536734,0.08941605839416059,0.06132665832290363,0.9948892849095639
29.09995825714527,0.08957952468007313,0.06132665832290363,0.9948995268235727
29.1442787447538,0.09040590405904059,0.06132665832290363,0.9949507363936172
29.18859923236234,0.09090909090909091,0.06132665832290363,0.9949814621356439
29.23291971997087,0.09107806691449814,0.06132665832290363,0.9949917040496528
29.277240207579407,0.0914179104477612,0.06132665832290363,0.9950121878776705
29.321560695187937,0.0914179104477612,0.06132665832290363,0.9950121878776705
29.365881182796475,0.09245283018867924,0.06132665832290363,0.9950736393617239
29.410201670405005,0.09262759924385633,0.06132665832290363,0.9950838812757328
29.454522158013543,0.09315589353612168,0.06132665832290363,0.9951146070177594
29.498842645622073,0.09404990403071017,0.06132665832290363,0.9951658165878039
29.543163133230603,0.09404990403071017,0.06132665832290363,0.9951658165878039
29.58748362083914,0.09441233140655106,0.06132665832290363,0.9951863004158217
29.63180410844767,0.0945945945945946,0.06132665832290363,0.9951965423298306
29.67612459605621,0.09514563106796116,0.06132665832290363,0.9952272680718572
29.72044508366474,0.09514563106796116,0.06132665832290363,0.9952272680718572
29.764765571273276,0.09375,0.060075093867334166,0.995247751899875
29.809086058881807,0.09411764705882353,0.060075093867334166,0.9952682357278928
29.853406546490344,0.09411764705882353,0.060075093867334166,0.9952682357278928
29.897727034098875,0.09504950495049505,0.060075093867334166,0.9953194452979373
29.942047521707412,0.09504950495049505,0.060075093867334166,0.9953194452979373
29.986368009315942,0.096,0.060075093867334166,0.9953706548679817
30.03068849692448,0.096579476861167,0.060075093867334166,0.9954013806100084
30.07500898453301,0.09494949494949495,0.058823529411764705,0.9954116225240173
30.119329472141548,0.09572301425661914,0.058823529411764705,0.9954525901800528
30.163649959750078,0.09631147540983606,0.058823529411764705,0.9954833159220795
30.207970447358615,0.09670781893004116,0.058823529411764705,0.9955037997500973
30.252290934967146,0.09690721649484536,0.058823529411764705,0.9955140416641062
30.296611422575683,0.09771309771309772,0.058823529411764705,0.9955550093201417
30.340931910184214,0.09771309771309772,0.058823529411764705,0.9955550093201417
30.38525239779275,0.09812108559498957,0.058823529411764705,0.9955754931481595
30.42957288540128,0.09832635983263599,0.058823529411764705,0.9955857350621684
30.47389337300982,0.09873949579831932,0.058823529411764705,0.9956062188901862
30.51821386061835,0.09894736842105263,0.058823529411764705,0.9956164608041951
30.562534348226887,0.09936575052854123,0.058823529411764705,0.9956369446322129
30.606854835835417,0.09978768577494693,0.058823529411764705,0.9956574284602306
30.651175323443955,0.10021321961620469,0.058823529411764705,0.9956779122882484
30.695495811052485,0.10085836909871244,0.058823529411764705,0.9957086380302751
30.739816298661022,0.10129310344827586,0.058823529411764705,0.9957291218582929
30.784136786269553,0.10151187904967603,0.058823529411764705,0.9957393637723018
30.82845727387809,0.10173160173160173,0.058823529411764705,0.9957496056863107
30.87277776148662,0.1019522776572668,0.058823529411764705,0.9957598476003195
30.917098249095158,0.10043668122270742,0.057571964956195244,0.9957803314283373
30.96141873670369,0.10065645514223195,0.057571964956195244,0.9957905733423462
31.005739224312226,0.1013215859030837,0.057571964956195244,0.9958212990843729
31.050059711920756,0.10154525386313466,0.057571964956195244,0.9958315409983818
31.094380199529287,0.10154525386313466,0.057571964956195244,0.9958315409983818
31.138700687137824,0.10267857142857142,0.057571964956195244,0.9958827505684262
31.183021174746354,0.1029082774049217,0.057571964956195244,0.9958929924824351
31.227341662354892,0.1036036036036036,0.057571964956195244,0.9959237182244618
31.271662149963422,0.10407239819004525,0.057571964956195244,0.9959442020524796
31.31598263757196,0.10430839002267574,0.057571964956195244,0.9959544439664885
31.36030312518049,0.10454545454545454,0.057571964956195244,0.9959646858804974
31.404623612789027,0.10478359908883828,0.057571964956195244,0.9959749277945062
31.448944100397558,0.10297482837528604,0.056320400500625784,0.9959851697085151
31.493264588006095,0.10416666666666667,0.056320400500625784,0.9960363792785596
31.537585075614626,0.10416666666666667,0.056320400500625784,0.9960363792785596
31.581905563223163,0.10440835266821345,0.056320400500625784,0.9960466211925685
31.626226050831693,0.10465116279069768,0.056320400500625784,0.9960568631065774
31.67054653844023,0.10514018691588785,0.056320400500625784,0.9960773469345952
31.71486702604876,0.1056338028169014,0.056320400500625784,0.9960978307626129
31.7591875136573,0.10401891252955082,0.05506883604505632,0.9961183145906307
31.80350800126583,0.10476190476190476,0.05506883604505632,0.9961490403326574
31.847828488874367,0.10476190476190476,0.05506883604505632,0.9961490403326574
31.892148976482897,0.10551558752997602,0.05506883604505632,0.9961797660746841
31.936469464091434,0.10602409638554217,0.05506883604505632,0.9962002499027018
31.980789951699965,0.10653753026634383,0.05506883604505632,0.9962207337307196
32.025110439308506,0.10679611650485436,0.05506883604505632,0.9962309756447285
32.069430926917036,0.1073170731707317,0.05506883604505632,0.9962514594727463
32.11375141452557,0.10513447432762836,0.05381727158948686,0.9962514594727463
32.1580719021341,0.10565110565110565,0.05381727158948686,0.9962719433007641
32.20239238974264,0.10696517412935323,0.05381727158948686,0.9963231528708085
32.24671287735117,0.10723192019950124,0.05381727158948686,0.9963333947848174
32.2910333649597,0.10831234256926953,0.05381727158948686,0.996374362440853
32.33535385256823,0.10632911392405063,0.052565707133917394,0.9963846043548619
32.37967434017678,0.10632911392405063,0.052565707133917394,0.9963846043548619
32.42399482778531,0.1065989847715736,0.052565707133917394,0.9963948462688708
32.46831531539384,0.10741687979539642,0.052565707133917394,0.9964255720108974
32.51263580300237,0.10796915167095116,0.052565707133917394,0.9964460558389152
32.5569562906109,0.10852713178294573,0.052565707133917394,0.996466539666933
32.60127677821944,0.10852713178294573,0.052565707133917394,0.996466539666933
32.64559726582797,0.10621761658031088,0.05131414267834793,0.996466539666933
32.689917753436504,0.10443864229765012,0.05006257822277847,0.9964870234949508
32.734238241045034,0.10498687664041995,0.05006257822277847,0.9965075073229686
32.77855872865358,0.10610079575596817,0.05006257822277847,0.9965484749790041
32.82287921626211,0.10610079575596817,0.05006257822277847,0.9965484749790041
32.86719970387064,0.10638297872340426,0.05006257822277847,0.996558716893013
32.91152019147917,0.10427807486631016,0.04881101376720901,0.9965689588070219
32.955840679087714,0.10455764075067024,0.04881101376720901,0.9965792007210308
33.000161166696245,0.10512129380053908,0.04881101376720901,0.9965996845490486
33.044481654304775,0.10569105691056911,0.04881101376720901,0.9966201683770664
33.088802141913305,0.10354223433242507,0.04755944931163955,0.9966304102910752
33.13312262952185,0.10354223433242507,0.04755944931163955,0.9966304102910752
33.17744311713038,0.10354223433242507,0.04755944931163955,0.9966304102910752
33.22176360473891,0.10382513661202186,0.04755944931163955,0.9966406522050841
33.26608409234744,0.1043956043956044,0.04755944931163955,0.9966611360331019
33.310404579955986,0.10497237569060773,0.04755944931163955,0.9966816198611197
33.354725067564516,0.10614525139664804,0.04755944931163955,0.9967225875171553
33.399045555173046,0.10614525139664804,0.04755944931163955,0.9967225875171553
33.44336604278158,0.10644257703081232,0.04755944931163955,0.9967328294311641
33.48768653039012,0.10451977401129943,0.04630788485607009,0.9967533132591819
33.53200701799865,0.10511363636363637,0.04630788485607009,0.9967737970871997
33.57632750560718,0.10541310541310542,0.04630788485607009,0.9967840390012086
33.62064799321571,0.10571428571428572,0.04630788485607009,0.9967942809152175
33.66496848082426,0.10632183908045977,0.04630788485607009,0.9968147647432353
33.70928896843279,0.10662824207492795,0.04630788485607009,0.996825006657244
33.75360945604132,0.1072463768115942,0.04630788485607009,0.9968454904852618
33.79792994364985,0.10465116279069768,0.04505632040050062,0.9968454904852618
33.84225043125839,0.10495626822157435,0.04505632040050062,0.9968557323992707
33.88657091886692,0.10526315789473684,0.04505632040050062,0.9968659743132796
33.93089140647545,0.10619469026548672,0.04505632040050062,0.9968967000553063
33.975211894083984,0.10619469026548672,0.04505632040050062,0.9968967000553063
34.01953238169253,0.10746268656716418,0.04505632040050062,0.9969376677113418
34.06385286930106,0.10746268656716418,0.04505632040050062,0.9969376677113418
34.10817335690959,0.10810810810810811,0.04505632040050062,0.9969581515393596
34.15249384451812,0.1094224924012158,0.04505632040050062,0.9969991191953952
34.19681433212665,0.11009174311926606,0.04505632040050062,0.997019603023413
34.241134819735194,0.1111111111111111,0.04505632040050062,0.9970503287654396
34.285455307343724,0.11145510835913312,0.04505632040050062,0.9970605706794485
34.329775794952255,0.11214953271028037,0.04505632040050062,0.9970810545074663
34.374096282560785,0.1125,0.04505632040050062,0.9970912964214752
34.41841677016933,0.1125,0.04505632040050062,0.9970912964214752
34.46273725777786,0.109717868338558,0.04380475594493116,0.9970912964214752
34.50705774538639,0.109717868338558,0.04380475594493116,0.9970912964214752
34.55137823299492,0.10725552050473186,0.0425531914893617,0.9971015383354841
34.595698720603465,0.10759493670886076,0.0425531914893617,0.997111780249493
34.640019208211996,0.10932475884244373,0.0425531914893617,0.9971629898195374
34.684339695820526,0.11038961038961038,0.0425531914893617,0.9971937155615641
34.72866018342906,0.10749185667752444,0.04130162703379224,0.9971937155615641
34.7729806710376,0.10784313725490197,0.04130162703379224,0.997203957475573
34.81730115864613,0.10819672131147541,0.04130162703379224,0.9972141993895819
34.86162164625466,0.10891089108910891,0.04130162703379224,0.9972346832175997
34.90594213386319,0.10891089108910891,0.04130162703379224,0.9972346832175997
34.95026262147174,0.10927152317880795,0.04130162703379224,0.9972449251316086
34.99458310908027,0.10738255033557047,0.04005006257822278,0.9972756508736352
35.0389035966888,0.10738255033557047,0.04005006257822278,0.9972756508736352
35.08322408429733,0.10774410774410774,0.04005006257822278,0.9972858927876441
35.12754457190587,0.10508474576271186,0.03879849812265332,0.997296134701653
35.1718650595144,0.1054421768707483,0.03879849812265332,0.9973063766156619
35.21618554712293,0.10580204778156997,0.03879849812265332,0.9973166185296708
35.26050603473146,0.10580204778156997,0.03879849812265332,0.9973166185296708
35.30482652234001,0.10580204778156997,0.03879849812265332,0.9973166185296708
35.34914700994854,0.10273972602739725,0.03754693366708386,0.9973166185296708
35.39346749755707,0.10416666666666667,0.03754693366708386,0.9973575861857064
35.4377879851656,0.10416666666666667,0.03754693366708386,0.9973575861857064
35.482108472774144,0.10416666666666667,0.03754693366708386,0.9973575861857064
35.526428960382674,0.10452961672473868,0.03754693366708386,0.9973678280997152
35.570749447991204,0.1056338028169014,0.03754693366708386,0.9973985538417419
35.615069935599735,0.10320284697508897,0.03629536921151439,0.9974190376697597
35.659390423208265,0.10320284697508897,0.03629536921151439,0.9974190376697597
35.70371091081681,0.10320284697508897,0.03629536921151439,0.9974190376697597
35.74803139842534,0.10469314079422383,0.03629536921151439,0.9974600053257953
35.79235188603387,0.0989010989010989,0.03379224030037547,0.997480489153813
35.8366723736424,0.09558823529411764,0.03254067584480601,0.997480489153813
35.880992861250945,0.0959409594095941,0.03254067584480601,0.9974907310678219
35.925313348859476,0.09259259259259259,0.03128911138923655,0.9974907310678219
35.969633836468006,0.09293680297397769,0.03128911138923655,0.9975009729818308
36.013954324076536,0.09293680297397769,0.03128911138923655,0.9975009729818308
36.05827481168508,0.09328358208955224,0.03128911138923655,0.9975112148958397
36.10259529929361,0.09328358208955224,0.03128911138923655,0.9975112148958397
36.14691578690214,0.09398496240601503,0.03128911138923655,0.9975316987238575
36.19123627451067,0.0946969696969697,0.03128911138923655,0.9975521825518753
36.23555676211922,0.09195402298850575,0.030037546933667083,0.9975726663798931
36.27987724972775,0.09195402298850575,0.030037546933667083,0.9975726663798931
36.32419773733628,0.09230769230769231,0.030037546933667083,0.997582908293902
36.36851822494481,0.09302325581395349,0.030037546933667083,0.9976033921219197
36.41283871255335,0.09448818897637795,0.030037546933667083,0.9976443597779553
36.45715920016188,0.09448818897637795,0.030037546933667083,0.9976443597779553
36.50147968777041,0.09486166007905138,0.030037546933667083,0.9976546016919642
36.54580017537894,0.09486166007905138,0.030037546933667083,0.9976546016919642
36.59012066298749,0.09523809523809523,0.030037546933667083,0.9976648436059731
36.63444115059602,0.096,0.030037546933667083,0.9976853274339909
36.67876163820455,0.096,0.030037546933667083,0.9976853274339909
36.72308212581308,0.096,0.030037546933667083,0.9976853274339909
36.76740261342162,0.0963855421686747,0.030037546933667083,0.9976955693479997
36.811723101030154,0.0963855421686747,0.030037546933667083,0.9976955693479997
36.856043588638684,0.0963855421686747,0.030037546933667083,0.9976955693479997
36.900364076247214,0.0967741935483871,0.030037546933667083,0.9977058112620086
36.94468456385576,0.09716599190283401,0.030037546933667083,0.9977160531760175
36.98900505146429,0.09836065573770492,0.030037546933667083,0.9977467789180442
37.03332553907282,0.09504132231404959,0.028785982478097622,0.9977570208320531
37.07764602668135,0.0954356846473029,0.028785982478097622,0.997767262746062
37.12196651428988,0.09623430962343096,0.028785982478097622,0.9977877465740798
37.166287001898425,0.0970464135021097,0.028785982478097622,0.9978082304020975
37.210607489506955,0.09787234042553192,0.028785982478097622,0.9978287142301153
37.254927977115486,0.09787234042553192,0.028785982478097622,0.9978287142301153
37.299248464724016,0.09829059829059829,0.028785982478097622,0.9978389561441242
37.34356895233256,0.09956709956709957,0.028785982478097622,0.9978696818861509
37.38788943994109,0.09956709956709957,0.028785982478097622,0.9978696818861509
37.43220992754962,0.09956709956709957,0.028785982478097622,0.9978696818861509
37.47653041515815,0.1,0.028785982478097622,0.9978799238001598
37.520850902766696,0.1,0.028785982478097622,0.9978799238001598
37.56517139037523,0.1013215859030837,0.028785982478097622,0.9979106495421864
37.60949187798376,0.10222222222222223,0.028785982478097622,0.9979311333702042
37.65381236559229,0.10267857142857142,0.028785982478097622,0.9979413752842131
37.69813285320082,0.10267857142857142,0.028785982478097622,0.9979413752842131
37.74245334080936,0.09954751131221719,0.02753441802252816,0.9979618591122309
37.78677382841789,0.1004566210045662,0.02753441802252816,0.9979823429402487
37.83109431602642,0.10091743119266056,0.02753441802252816,0.9979925848542576
37.87541480363495,0.09722222222222222,0.026282853566958697,0.9980028267682665
37.9197352912435,0.09767441860465116,0.026282853566958697,0.9980130686822754
37.96405577885203,0.09813084112149532,0.026282853566958697,0.9980233105962842
38.00837626646056,0.09813084112149532,0.026282853566958697,0.9980233105962842
38.05269675406909,0.09859154929577464,0.026282853566958697,0.9980335525102931
38.097017241677634,0.09859154929577464,0.026282853566958697,0.9980335525102931
38.141337729286164,0.09905660377358491,0.026282853566958697,0.998043794424302
38.185658216894694,0.0995260663507109,0.026282853566958697,0.9980540363383109
38.229978704503225,0.0995260663507109,0.026282853566958697,0.9980540363383109
38.27429919211177,0.1,0.026282853566958697,0.9980642782523198
38.3186196797203,0.1,0.026282853566958697,0.9980642782523198
38.36294016732883,0.10047846889952153,0.026282853566958697,0.9980745201663287
38.40726065493736,0.10144927536231885,0.026282853566958697,0.9980950039943465
38.451581142545905,0.10144927536231885,0.026282853566958697,0.9980950039943465
38.495901630154435,0.10194174757281553,0.026282853566958697,0.9981052459083554
38.540222117762966,0.10194174757281553,0.026282853566958697,0.9981052459083554
38.584542605371496,0.1024390243902439,0.026282853566958697,0.9981154878223643
38.628863092980026,0.09803921568627451,0.025031289111389236,0.9981154878223643
38.67318358058857,0.09900990099009901,0.025031289111389236,0.998135971650382
38.7175040681971,0.09950248756218906,0.025031289111389236,0.9981462135643909
38.76182455580563,0.09950248756218906,0.025031289111389236,0.9981462135643909
38.80614504341416,0.09950248756218906,0.025031289111389236,0.9981462135643909
38.85046553102271,0.09595959595959595,0.023779724655819776,0.9981666973924087
38.89478601863124,0.09375,0.02252816020025031,0.9982179069624532
38.93910650623977,0.09523809523809523,0.02252816020025031,0.9982486327044798
38.9834269938483,0.09523809523809523,0.02252816020025031,0.9982486327044798
39.02774748145684,0.0967741935483871,0.02252816020025031,0.9982793584465065
39.07206796906537,0.0967741935483871,0.02252816020025031,0.9982793584465065
39.1163884566739,0.09782608695652174,0.02252816020025031,0.9982998422745243
39.16070894428243,0.09944751381215469,0.02252816020025031,0.998330568016551
39.20502943189098,0.09944751381215469,0.02252816020025031,0.998330568016551
39.24934991949951,0.1005586592178771,0.02252816020025031,0.9983510518445687
39.29367040710804,0.10112359550561797,0.02252816020025031,0.9983612937585776
39.33799089471657,0.10112359550561797,0.02252816020025031,0.9983612937585776
39.38231138232511,0.10112359550561797,0.02252816020025031,0.9983612937585776
39.426631869933644,0.1016949152542373,0.02252816020025031,0.9983715356725865
39.470952357542174,0.1016949152542373,0.02252816020025031,0.9983715356725865
39.515272845150704,0.1016949152542373,0.02252816020025031,0.9983715356725865
39.55959333275925,0.10227272727272728,0.02252816020025031,0.9983817775865954
39.60391382036778,0.10227272727272728,0.02252816020025031,0.9983817775865954
39.64823430797631,0.10227272727272728,0.02252816020025031,0.9983817775865954
39.69255479558484,0.10285714285714286,0.02252816020025031,0.9983920195006043
39.736875283193385,0.10404624277456648,0.02252816020025031,0.9984125033286221
39.781195770801915,0.10465116279069768,0.02252816020025031,0.998422745242631
39.825516258410445,0.09411764705882353,0.02002503128911139,0.998422745242631
39.869836746018976,0.09467455621301775,0.02002503128911139,0.9984329871566399
39.91415723362752,0.09467455621301775,0.02002503128911139,0.9984329871566399
39.95847772123605,0.09523809523809523,0.02002503128911139,0.9984432290706488
40.00279820884458,0.09580838323353294,0.02002503128911139,0.9984534709846576
40.04711869645311,0.08484848484848485,0.017521902377972465,0.9984534709846576
40.09143918406164,0.08536585365853659,0.017521902377972465,0.9984637128986665
40.135759671670186,0.08536585365853659,0.017521902377972465,0.9984637128986665
40.18008015927872,0.08536585365853659,0.017521902377972465,0.9984637128986665
40.22440064688725,0.08536585365853659,0.017521902377972465,0.9984637128986665
40.26872113449578,0.08536585365853659,0.017521902377972465,0.9984637128986665
40.31304162210432,0.08588957055214724,0.017521902377972465,0.9984739548126754
40.35736210971285,0.08641975308641975,0.017521902377972465,0.9984841967266843
40.40168259732138,0.08641975308641975,0.017521902377972465,0.9984841967266843
40.44600308492991,0.08695652173913043,0.017521902377972465,0.9984944386406932
40.49032357253846,0.0880503144654088,0.017521902377972465,0.998514922468711
40.53464406014699,0.08860759493670886,0.017521902377972465,0.9985251643827199
40.57896454775552,0.08917197452229299,0.017521902377972465,0.9985354062967288
40.62328503536405,0.08974358974358974,0.017521902377972465,0.9985456482107377
40.66760552297259,0.08974358974358974,0.017521902377972465,0.9985456482107377
40.711926010581124,0.08974358974358974,0.017521902377972465,0.9985456482107377
40.756246498189654,0.08974358974358974,0.017521902377972465,0.9985456482107377
40.800566985798184,0.08974358974358974,0.017521902377972465,0.9985456482107377
40.84488747340673,0.09032258064516129,0.017521902377972465,0.9985558901247465
40.88920796101526,0.09090909090909091,0.017521902377972465,0.9985661320387554
40.93352844862379,0.0915032679738562,0.017521902377972465,0.9985763739527643
40.97784893623232,0.09210526315789473,0.017521902377972465,0.9985866158667732
41.022169423840865,0.09271523178807947,0.017521902377972465,0.9985968577807821
41.066489911449395,0.09271523178807947,0.017521902377972465,0.9985968577807821
41.110810399057925,0.09271523178807947,0.017521902377972465,0.9985968577807821
41.155130886666456,0.09271523178807947,0.017521902377972465,0.9985968577807821
41.199451374275,0.09271523178807947,0.017521902377972465,0.9985968577807821
41.24377186188353,0.09271523178807947,0.017521902377972465,0.9985968577807821
41.28809234949206,0.09271523178807947,0.017521902377972465,0.9985968577807821
41.33241283710059,0.08108108108108109,0.015018773466833541,0.998607099694791
41.376733324709136,0.08108108108108109,0.015018773466833541,0.998607099694791
41.421053812317666,0.08108108108108109,0.015018773466833541,0.998607099694791
41.4653742999262,0.08108108108108109,0.015018773466833541,0.998607099694791
41.50969478753473,0.08163265306122448,0.015018773466833541,0.9986173416087999
41.55401527514327,0.08275862068965517,0.015018773466833541,0.9986378254368177
41.5983357627518,0.08275862068965517,0.015018773466833541,0.9986378254368177
41.64265625036033,0.08391608391608392,0.015018773466833541,0.9986583092648355
41.68697673796886,0.07746478873239436,0.01376720901126408,0.9986583092648355
41.73129722557739,0.07801418439716312,0.01376720901126408,0.9986685511788443
41.77561771318594,0.07857142857142857,0.01376720901126408,0.9986787930928532
41.81993820079447,0.07913669064748201,0.01376720901126408,0.9986890350068621
41.864258688403,0.08088235294117647,0.01376720901126408,0.9987197607488888
41.90857917601153,0.08208955223880597,0.01376720901126408,0.9987402445769066
41.95289966362007,0.08270676691729323,0.01376720901126408,0.9987504864909155
41.9972201512286,0.08270676691729323,0.01376720901126408,0.9987504864909155
42.041540638837134,0.08270676691729323,0.01376720901126408,0.9987504864909155
42.085861126445664,0.07633587786259542,0.012515644555694618,0.9987607284049244
42.13018161405421,0.07633587786259542,0.012515644555694618,0.9987607284049244
42.17450210166274,0.07633587786259542,0.012515644555694618,0.9987607284049244
42.21882258927127,0.0703125,0.011264080100125156,0.9987812122329421
42.2631430768798,0.06299212598425197,0.010012515644555695,0.9987812122329421
42.307463564488344,0.064,0.010012515644555695,0.9988016960609599
42.351784052096875,0.06451612903225806,0.010012515644555695,0.9988119379749688
42.396104539705405,0.06451612903225806,0.010012515644555695,0.9988119379749688
42.440425027313935,0.06451612903225806,0.010012515644555695,0.9988119379749688
42.48474551492248,0.06504065040650407,0.010012515644555695,0.9988221798889777
42.52906600253101,0.06557377049180328,0.010012515644555695,0.9988324218029866
42.57338649013954,0.06557377049180328,0.010012515644555695,0.9988324218029866
42.61770697774807,0.06666666666666667,0.010012515644555695,0.9988529056310044
42.662027465356616,0.06722689075630252,0.010012515644555695,0.9988631475450133
42.706347952965146,0.06722689075630252,0.010012515644555695,0.9988631475450133
42.750668440573676,0.0603448275862069,0.008760951188986232,0.998883631373031
42.79498892818221,0.0603448275862069,0.008760951188986232,0.998883631373031
42.83930941579075,0.0603448275862069,0.008760951188986232,0.998883631373031
42.88362990339928,0.0603448275862069,0.008760951188986232,0.998883631373031
42.92795039100781,0.0603448275862069,0.008760951188986232,0.998883631373031
42.97227087861634,0.06086956521739131,0.008760951188986232,0.9988938732870399
43.01659136622489,0.06140350877192982,0.008760951188986232,0.9989041152010488
43.06091185383342,0.06140350877192982,0.008760951188986232,0.9989041152010488
43.10523234144195,0.06140350877192982,0.008760951188986232,0.9989041152010488
43.14955282905048,0.061946902654867256,0.008760951188986232,0.9989143571150577
43.19387331665901,0.0625,0.008760951188986232,0.9989245990290666
43.23819380426755,0.06363636363636363,0.008760951188986232,0.9989450828570843
43.28251429187608,0.06422018348623854,0.008760951188986232,0.9989553247710932
43.326834779484614,0.06422018348623854,0.008760951188986232,0.9989553247710932
43.371155267093144,0.06422018348623854,0.008760951188986232,0.9989553247710932
43.41547575470169,0.06422018348623854,0.008760951188986232,0.9989553247710932
43.45979624231022,0.05660377358490566,0.007509386733416771,0.998975808599111
43.50411672991875,0.05660377358490566,0.007509386733416771,0.998975808599111
43.54843721752728,0.05714285714285714,0.007509386733416771,0.9989860505131198
43.592757705135824,0.05825242718446602,0.007509386733416771,0.9990065343411376
43.637078192744355,0.0594059405940594,0.007509386733416771,0.9990270181691554
43.681398680352885,0.06060606060606061,0.007509386733416771,0.9990475019971732
43.725719167961415,0.06060606060606061,0.007509386733416771,0.9990475019971732
43.77003965556996,0.061224489795918366,0.007509386733416771,0.9990577439111821
43.81436014317849,0.061224489795918366,0.007509386733416771,0.9990577439111821
43.85868063078702,0.061224489795918366,0.007509386733416771,0.9990577439111821
43.90300111839555,0.061224489795918366,0.007509386733416771,0.9990577439111821
43.947321606004095,0.061224489795918366,0.007509386733416771,0.9990577439111821
43.991642093612626,0.061224489795918366,0.007509386733416771,0.9990577439111821
44.035962581221156,0.061855670103092786,0.007509386733416771,0.999067985825191
44.08028306882969,0.05263157894736842,0.006257822277847309,0.9990782277391999
44.12460355643823,0.05263157894736842,0.006257822277847309,0.9990782277391999
44.16892404404676,0.053763440860215055,0.006257822277847309,0.9990987115672176
44.21324453165529,0.054945054945054944,0.006257822277847309,0.9991191953952354
44.25756501926382,0.054945054945054944,0.006257822277847309,0.9991191953952354
44.30188550687237,0.05555555555555555,0.006257822277847309,0.9991294373092443
44.3462059944809,0.05555555555555555,0.006257822277847309,0.9991294373092443
44.39052648208943,0.05555555555555555,0.006257822277847309,0.9991294373092443
44.43484696969796,0.05555555555555555,0.006257822277847309,0.9991294373092443
44.4791674573065,0.056818181818181816,0.006257822277847309,0.9991499211372621
44.52348794491503,0.056818181818181816,0.006257822277847309,0.9991499211372621
44.56780843252356,0.05747126436781609,0.006257822277847309,0.999160163051271
44.61212892013209,0.05813953488372093,0.006257822277847309,0.9991704049652799
44.656449407740624,0.05813953488372093,0.006257822277847309,0.9991704049652799
44.70076989534917,0.05952380952380952,0.006257822277847309,0.9991908887932976
44.7450903829577,0.06097560975609756,0.006257822277847309,0.9992113726213154
44.78941087056623,0.0625,0.006257822277847309,0.9992318564493332
44.83373135817476,0.0625,0.006257822277847309,0.9992318564493332
44.878051845783304,0.0625,0.006257822277847309,0.9992318564493332
44.922372333391834,0.06329113924050633,0.006257822277847309,0.9992420983633421
44.966692821000365,0.06329113924050633,0.006257822277847309,0.9992420983633421
45.011013308608895,0.0641025641025641,0.006257822277847309,0.999252340277351
45.05533379621744,0.0641025641025641,0.006257822277847309,0.999252340277351
45.09965428382597,0.06493506493506493,0.006257822277847309,0.9992625821913599
45.1439747714345,0.05263157894736842,0.0050062578222778474,0.9992625821913599
45.18829525904303,0.05405405405405406,0.0050062578222778474,0.9992830660193777
45.232615746651575,0.0547945205479452,0.0050062578222778474,0.9992933079333866
45.276936234260106,0.0547945205479452,0.0050062578222778474,0.9992933079333866
45.321256721868636,0.056338028169014086,0.0050062578222778474,0.9993137917614043
45.365577209477166,0.056338028169014086,0.0050062578222778474,0.9993137917614043
45.40989769708571,0.05714285714285714,0.0050062578222778474,0.9993240336754132
45.45421818469424,0.043478260869565216,0.0037546933667083854,0.9993240336754132
45.49853867230277,0.04411764705882353,0.0037546933667083854,0.9993342755894221
45.5428591599113,0.045454545454545456,0.0037546933667083854,0.9993547594174399
45.58717964751985,0.046153846153846156,0.0037546933667083854,0.9993650013314488
45.63150013512838,0.046875,0.0037546933667083854,0.9993752432454577
45.67582062273691,0.047619047619047616,0.0037546933667083854,0.9993854851594666
45.72014111034544,0.04838709677419355,0.0037546933667083854,0.9993957270734755
45.76446159795398,0.04838709677419355,0.0037546933667083854,0.9993957270734755
45.80878208556251,0.04918032786885246,0.0037546933667083854,0.9994059689874843
45.85310257317104,0.04918032786885246,0.0037546933667083854,0.9994059689874843
45.89742306077957,0.04918032786885246,0.0037546933667083854,0.9994059689874843
45.94174354838812,0.04918032786885246,0.0037546933667083854,0.9994059689874843
45.98606403599665,0.04918032786885246,0.0037546933667083854,0.9994059689874843
46.03038452360518,0.05,0.0037546933667083854,0.9994162109014932
46.07470501121371,0.05,0.0037546933667083854,0.9994162109014932
46.11902549882225,0.05,0.0037546933667083854,0.9994162109014932
46.163345986430784,0.05,0.0037546933667083854,0.9994162109014932
46.207666474039314,0.05,0.0037546933667083854,0.9994162109014932
46.251986961647845,0.05172413793103448,0.0037546933667083854,0.999436694729511
46.296307449256375,0.05263157894736842,0.0037546933667083854,0.9994469366435199
46.34062793686492,0.05263157894736842,0.0037546933667083854,0.9994469366435199
46.38494842447345,0.05357142857142857,0.0037546933667083854,0.9994571785575288
46.42926891208198,0.05454545454545454,0.0037546933667083854,0.9994674204715377
46.47358939969051,0.05660377358490566,0.0037546933667083854,0.9994879042995555
46.517909887299055,0.05660377358490566,0.0037546933667083854,0.9994879042995555
46.562230374907585,0.05660377358490566,0.0037546933667083854,0.9994879042995555
46.606550862516116,0.05660377358490566,0.0037546933667083854,0.9994879042995555
46.650871350124646,0.05660377358490566,0.0037546933667083854,0.9994879042995555
46.69519183773319,0.05660377358490566,0.0037546933667083854,0.9994879042995555
46.73951232534172,0.05660377358490566,0.0037546933667083854,0.9994879042995555
46.78383281295025,0.05660377358490566,0.0037546933667083854,0.9994879042995555
46.82815330055878,0.057692307692307696,0.0037546933667083854,0.9994981462135644
46.872473788167326,0.04,0.0025031289111389237,0.9995083881275733
46.91679427577586,0.04081632653061224,0.0025031289111389237,0.9995186300415821
46.96111476338439,0.04081632653061224,0.0025031289111389237,0.9995186300415821
47.00543525099292,0.04081632653061224,0.0025031289111389237,0.9995186300415821
47.04975573860146,0.041666666666666664,0.0025031289111389237,0.999528871955591
47.09407622620999,0.0425531914893617,0.0025031289111389237,0.9995391138695999
47.13839671381852,0.043478260869565216,0.0025031289111389237,0.9995493557836088
47.18271720142705,0.043478260869565216,0.0025031289111389237,0.9995493557836088
47.2270376890356,0.044444444444444446,0.0025031289111389237,0.9995595976976177
47.27135817664413,0.044444444444444446,0.0025031289111389237,0.9995595976976177
47.31567866425266,0.044444444444444446,0.0025031289111389237,0.9995595976976177
47.35999915186119,0.044444444444444446,0.0025031289111389237,0.9995595976976177
47.40431963946973,0.044444444444444446,0.0025031289111389237,0.9995595976976177
47.448640127078264,0.044444444444444446,0.0025031289111389237,0.9995595976976177
47.492960614686794,0.044444444444444446,0.0025031289111389237,0.9995595976976177
47.537281102295324,0.044444444444444446,0.0025031289111389237,0.9995595976976177
47.58160158990387,0.045454545454545456,0.0025031289111389237,0.9995698396116266
47.6259220775124,0.045454545454545456,0.0025031289111389237,0.9995698396116266
47.67024256512093,0.045454545454545456,0.0025031289111389237,0.9995698396116266
47.71456305272946,0.046511627906976744,0.0025031289111389237,0.9995800815256355
47.75888354033799,0.046511627906976744,0.0025031289111389237,0.9995800815256355
47.803204027946535,0.047619047619047616,0.0025031289111389237,0.9995903234396444
47.847524515555065,0.047619047619047616,0.0025031289111389237,0.9995903234396444
47.891845003163596,0.047619047619047616,0.0025031289111389237,0.9995903234396444
47.936165490772126,0.047619047619047616,0.0025031289111389237,0.9995903234396444
47.98048597838067,0.047619047619047616,0.0025031289111389237,0.9995903234396444
48.0248064659892,0.047619047619047616,0.0025031289111389237,0.9995903234396444
48.06912695359773,0.047619047619047616,0.0025031289111389237,0.9995903234396444
48.11344744120626,0.04878048780487805,0.0025031289111389237,0.9996005653536533
48.157767928814806,0.04878048780487805,0.0025031289111389237,0.9996005653536533
48.20208841642334,0.04878048780487805,0.0025031289111389237,0.9996005653536533
48.24640890403187,0.05,0.0025031289111389237,0.9996108072676622
48.2907293916404,0.05128205128205128,0.0025031289111389237,0.999621049181671
48.33504987924894,0.05263157894736842,0.0025031289111389237,0.9996312910956799
48.37937036685747,0.05263157894736842,0.0025031289111389237,0.9996312910956799
48.423690854466,0.05263157894736842,0.0025031289111389237,0.9996312910956799
48.46801134207453,0.05263157894736842,0.0025031289111389237,0.9996312910956799
48.51233182968308,0.05405405405405406,0.0025031289111389237,0.9996415330096888
48.55665231729161,0.05555555555555555,0.0025031289111389237,0.9996517749236977
48.60097280490014,0.05555555555555555,0.0025031289111389237,0.9996517749236977
48.64529329250867,0.058823529411764705,0.0025031289111389237,0.9996722587517155
48.68961378011721,0.058823529411764705,0.0025031289111389237,0.9996722587517155
48.73393426772574,0.058823529411764705,0.0025031289111389237,0.9996722587517155
48.778254755334274,0.058823529411764705,0.0025031289111389237,0.9996722587517155
48.822575242942804,0.058823529411764705,0.0025031289111389237,0.9996722587517155
48.86689573055135,0.06060606060606061,0.0025031289111389237,0.9996825006657244
48.91121621815988,0.06060606060606061,0.0025031289111389237,0.9996825006657244
48.95553670576841,0.06060606060606061,0.0025031289111389237,0.9996825006657244
48.99985719337694,0.06060606060606061,0.0025031289111389237,0.9996825006657244
49.044177680985484,0.06060606060606061,0.0025031289111389237,0.9996825006657244
49.088498168594015,0.06060606060606061,0.0025031289111389237,0.9996825006657244
49.132818656202545,0.06060606060606061,0.0025031289111389237,0.9996825006657244
49.177139143811075,0.06060606060606061,0.0025031289111389237,0.9996825006657244
49.221459631419606,0.06060606060606061,0.0025031289111389237,0.9996825006657244
49.26578011902815,0.06060606060606061,0.0025031289111389237,0.9996825006657244
49.31010060663668,0.06060606060606061,0.0025031289111389237,0.9996825006657244
49.35442109424521,0.06060606060606061,0.0025031289111389237,0.9996825006657244
49.39874158185374,0.06060606060606061,0.0025031289111389237,0.9996825006657244
49.443062069462286,0.0625,0.0025031289111389237,0.9996927425797333
49.487382557070816,0.0625,0.0025031289111389237,0.9996927425797333
49.53170304467935,0.0625,0.0025031289111389237,0.9996927425797333
49.57602353228788,0.0625,0.0025031289111389237,0.9996927425797333
49.62034401989642,0.0625,0.0025031289111389237,0.9996927425797333
49.66466450750495,0.0625,0.0025031289111389237,0.9996927425797333
49.70898499511348,0.0625,0.0025031289111389237,0.9996927425797333
49.75330548272201,0.0625,0.0025031289111389237,0.9996927425797333
49.79762597033056,0.0625,0.0025031289111389237,0.9996927425797333
49.84194645793909,0.0625,0.0025031289111389237,0.9996927425797333
49.88626694554762,0.0625,0.0025031289111389237,0.9996927425797333
49.93058743315615,0.0625,0.0025031289111389237,0.9996927425797333
49.97490792076469,0.0625,0.0025031289111389237,0.9996927425797333
50.01922840837322,0.0625,0.0025031289111389237,0.9996927425797333
50.063548895981754,0.06451612903225806,0.0025031289111389237,0.9997029844937422
50.107869383590284,0.06451612903225806,0.0025031289111389237,0.9997029844937422
50.15218987119883,0.06451612903225806,0.0025031289111389237,0.9997029844937422
50.19651035880736,0.06666666666666667,0.0025031289111389237,0.9997132264077511
50.24083084641589,0.06666666666666667,0.0025031289111389237,0.9997132264077511
50.28515133402442,0.06896551724137931,0.0025031289111389237,0.99972346832176
50.329471821632964,0.06896551724137931,0.0025031289111389237,0.99972346832176
50.373792309241495,0.06896551724137931,0.0025031289111389237,0.99972346832176
50.418112796850025,0.06896551724137931,0.0025031289111389237,0.99972346832176
50.462433284458555,0.07407407407407407,0.0025031289111389237,0.9997439521497777
50.5067537720671,0.07407407407407407,0.0025031289111389237,0.9997439521497777
50.55107425967563,0.07407407407407407,0.0025031289111389237,0.9997439521497777
50.59539474728416,0.08,0.0025031289111389237,0.9997644359777955
50.63971523489269,0.08,0.0025031289111389237,0.9997644359777955
50.68403572250122,0.08333333333333333,0.0025031289111389237,0.9997746778918044
50.728356210109766,0.08695652173913043,0.0025031289111389237,0.9997849198058133
50.772676697718296,0.08695652173913043,0.0025031289111389237,0.9997849198058133
50.81699718532683,0.08695652173913043,0.0025031289111389237,0.9997849198058133
50.86131767293536,0.08695652173913043,0.0025031289111389237,0.9997849198058133
50.9056381605439,0.08695652173913043,0.0025031289111389237,0.9997849198058133
50.94995864815243,0.08695652173913043,0.0025031289111389237,0.9997849198058133
50.99427913576096,0.08695652173913043,0.0025031289111389237,0.9997849198058133
51.03859962336949,0.08695652173913043,0.0025031289111389237,0.9997849198058133
51.08292011097804,0.08695652173913043,0.0025031289111389237,0.9997849198058133
51.12724059858657,0.08695652173913043,0.0025031289111389237,0.9997849198058133
51.1715610861951,0.08695652173913043,0.0025031289111389237,0.9997849198058133
51.21588157380363,0.09090909090909091,0.0025031289111389237,0.9997951617198222
51.26020206141217,0.09090909090909091,0.0025031289111389237,0.9997951617198222
51.3045225490207,0.09090909090909091,0.0025031289111389237,0.9997951617198222
51.34884303662923,0.09090909090909091,0.0025031289111389237,0.9997951617198222
51.393163524237764,0.09090909090909091,0.0025031289111389237,0.9997951617198222
51.43748401184631,0.09090909090909091,0.0025031289111389237,0.9997951617198222
51.48180449945484,0.09090909090909091,0.0025031289111389237,0.9997951617198222
51.52612498706337,0.09523809523809523,0.0025031289111389237,0.9998054036338311
51.5704454746719,0.09523809523809523,0.0025031289111389237,0.9998054036338311
51.614765962280444,0.09523809523809523,0.0025031289111389237,0.9998054036338311
51.659086449888974,0.09523809523809523,0.0025031289111389237,0.9998054036338311
51.703406937497505,0.09523809523809523,0.0025031289111389237,0.9998054036338311
51.747727425106035,0.09523809523809523,0.0025031289111389237,0.9998054036338311
51.79204791271458,0.09523809523809523,0.0025031289111389237,0.9998054036338311
51.83636840032311,0.05,0.0012515644555694619,0.9998054036338311
51.88068888793164,0.05,0.0012515644555694619,0.9998054036338311
51.92500937554017,0.05,0.0012515644555694619,0.9998054036338311
51.969329863148715,0.05,0.0012515644555694619,0.9998054036338311
52.013650350757246,0.05263157894736842,0.0012515644555694619,0.99981564554784
52.057970838365776,0.05263157894736842,0.0012515644555694619,0.99981564554784
52.102291325974306,0.05263157894736842,0.0012515644555694619,0.99981564554784
52.14661181358285,0.05263157894736842,0.0012515644555694619,0.99981564554784
52.19093230119138,0.05555555555555555,0.0012515644555694619,0.9998258874618489
52.23525278879991,0.058823529411764705,0.0012515644555694619,0.9998361293758578
52.27957327640844,0.058823529411764705,0.0012515644555694619,0.9998361293758578
52.32389376401697,0.058823529411764705,0.0012515644555694619,0.9998361293758578
52.36821425162552,0.058823529411764705,0.0012515644555694619,0.9998361293758578
52.41253473923405,0.058823529411764705,0.0012515644555694619,0.9998361293758578
52.45685522684258,0.058823529411764705,0.0012515644555694619,0.9998361293758578
52.50117571445111,0.058823529411764705,0.0012515644555694619,0.9998361293758578
52.54549620205965,0.0625,0.0012515644555694619,0.9998463712898666
52.58981668966818,0.0625,0.0012515644555694619,0.9998463712898666
52.63413717727671,0.0625,0.0012515644555694619,0.9998463712898666
52.678457664885244,0.0625,0.0012515644555694619,0.9998463712898666
52.72277815249379,0.0625,0.0012515644555694619,0.9998463712898666
52.76709864010232,0.0625,0.0012515644555694619,0.9998463712898666
52.81141912771085,0.0625,0.0012515644555694619,0.9998463712898666
52.85573961531938,0.0625,0.0012515644555694619,0.9998463712898666
52.900060102927924,0.0625,0.0012515644555694619,0.9998463712898666
52.944380590536454,0.06666666666666667,0.0012515644555694619,0.9998566132038755
52.988701078144985,0.06666666666666667,0.0012515644555694619,0.9998566132038755
53.033021565753515,0.06666666666666667,0.0012515644555694619,0.9998566132038755
53.07734205336206,0.06666666666666667,0.0012515644555694619,0.9998566132038755
53.12166254097059,0.07142857142857142,0.0012515644555694619,0.9998668551178844
53.16598302857912,0.07142857142857142,0.0012515644555694619,0.9998668551178844
53.21030351618765,0.07142857142857142,0.0012515644555694619,0.9998668551178844
53.254624003796195,0.07142857142857142,0.0012515644555694619,0.9998668551178844
53.298944491404725,0.07142857142857142,0.0012515644555694619,0.9998668551178844
53.343264979013256,0.07142857142857142,0.0012515644555694619,0.9998668551178844
53.387585466621786,0.07142857142857142,0.0012515644555694619,0.9998668551178844
53.43190595423033,0.07142857142857142,0.0012515644555694619,0.9998668551178844
53.47622644183886,0.07142857142857142,0.0012515644555694619,0.9998668551178844
53.52054692944739,0.07142857142857142,0.0012515644555694619,0.9998668551178844
53.56486741705592,0.07142857142857142,0.0012515644555694619,0.9998668551178844
53.609187904664466,0.07142857142857142,0.0012515644555694619,0.9998668551178844
53.653508392273,0.07142857142857142,0.0012515644555694619,0.9998668551178844
53.69782887988153,0.07142857142857142,0.0012515644555694619,0.9998668551178844
53.74214936749006,0.07142857142857142,0.0012515644555694619,0.9998668551178844
53.78646985509859,0.07142857142857142,0.0012515644555694619,0.9998668551178844
53.83079034270713,0.07142857142857142,0.0012515644555694619,0.9998668551178844
53.87511083031566,0.07692307692307693,0.0012515644555694619,0.9998770970318933
53.91943131792419,0.07692307692307693,0.0012515644555694619,0.9998770970318933
53.96375180553272,0.07692307692307693,0.0012515644555694619,0.9998770970318933
54.00807229314127,0.07692307692307693,0.0012515644555694619,0.9998770970318933
54.0523927807498,0.07692307692307693,0.0012515644555694619,0.9998770970318933
54.09671326835833,0.07692307692307693,0.0012515644555694619,0.9998770970318933
54.14103375596686,0.08333333333333333,0.0012515644555694619,0.9998873389459022
54.185354243575404,0.08333333333333333,0.0012515644555694619,0.9998873389459022
54.229674731183934,0.08333333333333333,0.0012515644555694619,0.9998873389459022
54.273995218792464,0.08333333333333333,0.0012515644555694619,0.9998873389459022
54.318315706400995,0.08333333333333333,0.0012515644555694619,0.9998873389459022
54.36263619400954,0.09090909090909091,0.0012515644555694619,0.9998975808599111
54.40695668161807,0.09090909090909091,0.0012515644555694619,0.9998975808599111
54.4512771692266,0.09090909090909091,0.0012515644555694619,0.9998975808599111
54.49559765683513,0.09090909090909091,0.0012515644555694619,0.9998975808599111
54.539918144443675,0.09090909090909091,0.0012515644555694619,0.9998975808599111
54.584238632052205,0.09090909090909091,0.0012515644555694619,0.9998975808599111
54.628559119660736,0.09090909090909091,0.0012515644555694619,0.9998975808599111
54.672879607269266,0.09090909090909091,0.0012515644555694619,0.9998975808599111
54.71720009487781,0.09090909090909091,0.0012515644555694619,0.9998975808599111
54.76152058248634,0.09090909090909091,0.0012515644555694619,0.9998975808599111
54.80584107009487,0.09090909090909091,0.0012515644555694619,0.9998975808599111
54.8501615577034,0.09090909090909091,0.0012515644555694619,0.9998975808599111
54.894482045311946,0.09090909090909091,0.0012515644555694619,0.9998975808599111
54.93880253292048,0.09090909090909091,0.0012515644555694619,0.9998975808599111
54.98312302052901,0.1,0.0012515644555694619,0.99990782277392
55.02744350813754,0.1,0.0012515644555694619,0.99990782277392
55.07176399574608,0.1,0.0012515644555694619,0.99990782277392
55.11608448335461,0.1,0.0012515644555694619,0.99990782277392
55.16040497096314,0.1,0.0012515644555694619,0.99990782277392
55.20472545857167,0.1,0.0012515644555694619,0.99990782277392
55.2490459461802,0.1,0.0012515644555694619,0.99990782277392
55.29336643378875,0.1,0.0012515644555694619,0.99990782277392
55.33768692139728,0.1111111111111111,0.0012515644555694619,0.9999180646879289
55.38200740900581,0.1111111111111111,0.0012515644555694619,0.9999180646879289
55.42632789661434,0.125,0.0012515644555694619,0.9999283066019378
55.47064838422288,0.125,0.0012515644555694619,0.9999283066019378
55.514968871831414,0.125,0.0012515644555694619,0.9999283066019378
55.559289359439944,0.125,0.0012515644555694619,0.9999283066019378
55.603609847048475,0.125,0.0012515644555694619,0.9999283066019378
55.64793033465702,0.125,0.0012515644555694619,0.9999283066019378
55.69225082226555,0.125,0.0012515644555694619,0.9999283066019378
55.73657130987408,0.125,0.0012515644555694619,0.9999283066019378
55.78089179748261,0.125,0.0012515644555694619,0.9999283066019378
55.825212285091155,0.125,0.0012515644555694619,0.9999283066019378
55.869532772699685,0.125,0.0012515644555694619,0.9999283066019378
55.913853260308215,0.125,0.0012515644555694619,0.9999283066019378
55.958173747916746,0.14285714285714285,0.0012515644555694619,0.9999385485159467
56.00249423552529,0.0,0.0,0.9999385485159467
56.04681472313382,0.0,0.0,0.9999385485159467
56.09113521074235,0.0,0.0,0.9999385485159467
56.13545569835088,0.0,0.0,0.9999385485159467
56.179776185959426,0.0,0.0,0.9999385485159467
56.224096673567956,0.0,0.0,0.9999385485159467
56.26841716117649,0.0,0.0,0.9999385485159467
56.31273764878502,0.0,0.0,0.9999385485159467
56.35705813639356,0.0,0.0,0.9999385485159467
56.40137862400209,0.0,0.0,0.9999487904299555
56.44569911161062,0.0,0.0,0.9999487904299555
56.49001959921915,0.0,0.0,0.9999487904299555
56.5343400868277,0.0,0.0,0.9999487904299555
56.57866057443623,0.0,0.0,0.9999487904299555
56.62298106204476,0.0,0.0,0.9999487904299555
56.66730154965329,0.0,0.0,0.9999487904299555
56.71162203726183,0.0,0.0,0.9999487904299555
56.75594252487036,0.0,0.0,0.9999487904299555
56.800263012478894,0.0,0.0,0.9999487904299555
56.844583500087424,0.0,0.0,0.9999487904299555
56.888903987695954,0.0,0.0,0.9999487904299555
56.9332244753045,0.0,0.0,0.9999487904299555
56.97754496291303,0.0,0.0,0.9999487904299555
57.02186545052156,0.0,0.0,0.9999487904299555
57.06618593813009,0.0,0.0,0.9999487904299555
57.110506425738635,0.0,0.0,0.9999487904299555
57.154826913347165,0.0,0.0,0.9999487904299555
57.199147400955695,0.0,0.0,0.9999487904299555
57.243467888564226,0.0,0.0,0.9999487904299555
57.28778837617277,0.0,0.0,0.9999487904299555
57.3321088637813,0.0,0.0,0.9999487904299555
57.37642935138983,0.0,0.0,0.9999487904299555
57.42074983899836,0.0,0.0,0.9999692742579733
57.465070326606906,0.0,0.0,0.9999692742579733
57.509390814215436,0.0,0.0,0.9999692742579733
57.55371130182397,0.0,0.0,0.9999692742579733
57.5980317894325,0.0,0.0,0.9999692742579733
57.64235227704104,0.0,0.0,0.9999692742579733
57.68667276464957,0.0,0.0,0.9999692742579733
57.7309932522581,0.0,0.0,0.9999692742579733
57.77531373986663,0.0,0.0,0.9999692742579733
57.81963422747518,0.0,0.0,0.9999692742579733
57.86395471508371,0.0,0.0,0.9999692742579733
57.90827520269224,0.0,0.0,0.9999692742579733
57.95259569030077,0.0,0.0,0.9999692742579733
57.99691617790931,0.0,0.0,0.9999692742579733
58.04123666551784,0.0,0.0,0.9999692742579733
58.08555715312637,0.0,0.0,0.9999692742579733
58.129877640734904,0.0,0.0,0.9999692742579733
58.17419812834345,0.0,0.0,0.9999692742579733
58.21851861595198,0.0,0.0,0.9999692742579733
58.26283910356051,0.0,0.0,0.9999692742579733
58.30715959116904,0.0,0.0,0.9999692742579733
58.35148007877757,0.0,0.0,0.9999692742579733
58.395800566386114,0.0,0.0,0.9999692742579733
58.440121053994645,0.0,0.0,0.9999692742579733
58.484441541603175,0.0,0.0,0.9999692742579733
58.528762029211705,0.0,0.0,0.9999692742579733
58.57308251682025,0.0,0.0,0.9999692742579733
58.61740300442878,0.0,0.0,0.9999692742579733
58.66172349203731,0.0,0.0,0.9999692742579733
58.70604397964584,0.0,0.0,0.9999692742579733
58.750364467254386,0.0,0.0,0.9999692742579733
58.794684954862916,0.0,0.0,0.9999795161719822
58.839005442471446,0.0,0.0,0.9999795161719822
58.88332593007998,0.0,0.0,0.9999795161719822
58.92764641768852,0.0,0.0,0.9999795161719822
58.97196690529705,0.0,0.0,0.9999795161719822
59.01628739290558,0.0,0.0,0.9999795161719822
59.06060788051411,0.0,0.0,0.9999795161719822
59.10492836812266,0.0,0.0,0.9999795161719822
59.14924885573119,0.0,0.0,0.9999795161719822
59.19356934333972,0.0,0.0,0.9999795161719822
59.23788983094825,0.0,0.0,0.9999795161719822
59.28221031855679,0.0,0.0,0.9999795161719822
59.32653080616532,0.0,0.0,0.9999795161719822
59.37085129377385,0.0,0.0,0.9999795161719822
59.415171781382384,0.0,0.0,0.9999795161719822
59.45949226899093,0.0,0.0,0.9999795161719822
59.50381275659946,0.0,0.0,0.9999795161719822
59.54813324420799,0.0,0.0,0.9999795161719822
59.59245373181652,0.0,0.0,0.9999795161719822
59.636774219425064,0.0,0.0,0.9999795161719822
59.681094707033594,0.0,0.0,0.9999795161719822
59.725415194642125,0.0,0.0,0.9999795161719822
59.769735682250655,0.0,0.0,0.9999795161719822
59.814056169859185,0.0,0.0,0.9999795161719822
59.85837665746773,0.0,0.0,0.9999795161719822
59.90269714507626,0.0,0.0,0.9999795161719822
59.94701763268479,0.0,0.0,0.9999795161719822
59.99133812029332,0.0,0.0,0.9999795161719822
60.035658607901865,0.0,0.0,0.9999795161719822
60.079979095510396,0.0,0.0,0.9999795161719822
60.124299583118926,0.0,0.0,0.9999795161719822
60.16862007072746,0.0,0.0,0.9999795161719822
60.212940558336,0.0,0.0,0.9999795161719822
60.25726104594453,0.0,0.0,0.9999795161719822
60.30158153355306,0.0,0.0,0.9999795161719822
60.34590202116159,0.0,0.0,0.9999795161719822
60.39022250877014,0.0,0.0,0.9999795161719822
60.43454299637867,0.0,0.0,0.9999795161719822
60.4788634839872,0.0,0.0,0.9999897580859911
60.52318397159573,0.0,0.0,0.9999897580859911
60.56750445920427,0.0,0.0,0.9999897580859911
60.6118249468128,0.0,0.0,0.9999897580859911
60.65614543442133,0.0,0.0,0.9999897580859911
60.70046592202986,0.0,0.0,0.9999897580859911
60.74478640963841,0.0,0.0,0.9999897580859911
60.78910689724694,0.0,0.0,0.9999897580859911
60.83342738485547,0.0,0.0,0.9999897580859911
60.877747872464,0.0,0.0,0.9999897580859911
60.922068360072544,0.0,0.0,0.9999897580859911
60.966388847681074,0.0,0.0,0.9999897580859911
61.010709335289604,0.0,0.0,0.9999897580859911
61.055029822898135,0.0,0.0,0.9999897580859911
61.09935031050668,0.0,0.0,0.9999897580859911
61.14367079811521,0.0,0.0,0.9999897580859911
61.18799128572374,0.0,0.0,0.9999897580859911
61.23231177333227,0.0,0.0,0.9999897580859911
61.2766322609408,0.0,0.0,0.9999897580859911
61.320952748549345,0.0,0.0,0.9999897580859911
61.365273236157876,0.0,0.0,0.9999897580859911
61.409593723766406,0.0,0.0,0.9999897580859911
61.453914211374936,0.0,0.0,0.9999897580859911
61.49823469898348,0.0,0.0,0.9999897580859911
61.54255518659201,0.0,0.0,0.9999897580859911
61.58687567420054,0.0,0.0,0.9999897580859911
61.63119616180907,0.0,0.0,0.9999897580859911
61.67551664941762,0.0,0.0,0.9999897580859911
61.71983713702615,0.0,0.0,0.9999897580859911
61.76415762463468,0.0,0.0,0.9999897580859911
61.80847811224321,0.0,0.0,0.9999897580859911
61.85279859985175,0.0,0.0,0.9999897580859911
61.89711908746028,0.0,0.0,0.9999897580859911
61.94143957506881,0.0,0.0,0.9999897580859911
61.98576006267734,0.0,0.0,0.9999897580859911
62.03008055028589,0.0,0.0,0.9999897580859911
62.07440103789442,0.0,0.0,0.9999897580859911
62.118721525502956,0.0,0.0,0.9999897580859911
