Threshold,Precision,Recall,Specificity
-17.08844845357519,0.00826924835173766,1.0,0.0
-17.044299927077628,0.008269332358080377,1.0,1.0243487702693013e-05
-17.000151400580066,0.008269332358080377,1.0,1.0243487702693013e-05
-16.956002874082504,0.008269332358080377,1.0,1.0243487702693013e-05
-16.911854347584942,0.008269332358080377,1.0,1.0243487702693013e-05
-16.86770582108738,0.008269332358080377,1.0,1.0243487702693013e-05
-16.82355729458982,0.008269332358080377,1.0,1.0243487702693013e-05
-16.779408768092257,0.008269332358080377,1.0,1.0243487702693013e-05
-16.735260241594695,0.008269332358080377,1.0,1.0243487702693013e-05
-16.691111715097133,0.008269332358080377,1.0,1.0243487702693013e-05
-16.64696318859957,0.008269332358080377,1.0,1.0243487702693013e-05
-16.60281466210201,0.008269332358080377,1.0,1.0243487702693013e-05
-16.558666135604447,0.008269416366129934,1.0,2.0486975405386025e-05
-16.514517609106885,0.008269416366129934,1.0,2.0486975405386025e-05
-16.470369082609324,0.00826950037588638,1.0,3.073046310807904e-05
-16.426220556111762,0.00826950037588638,1.0,3.073046310807904e-05
-16.3820720296142,0.00826950037588638,1.0,3.073046310807904e-05
-16.337923503116638,0.00826958438734977,1.0,4.097395081077205e-05
-16.293774976619076,0.00826958438734977,1.0,4.097395081077205e-05
-16.249626450121514,0.00826958438734977,1.0,4.097395081077205e-05
-16.205477923623953,0.00826958438734977,1.0,4.097395081077205e-05
-16.16132939712639,0.008269668400520156,1.0,5.121743851346506e-05
-16.11718087062883,0.008269668400520156,1.0,5.121743851346506e-05
-16.073032344131267,0.008269668400520156,1.0,5.121743851346506e-05
-16.028883817633705,0.008269668400520156,1.0,5.121743851346506e-05
-15.984735291136143,0.008269668400520156,1.0,5.121743851346506e-05
-15.940586764638581,0.008269668400520156,1.0,5.121743851346506e-05
-15.89643823814102,0.008269668400520156,1.0,5.121743851346506e-05
-15.852289711643458,0.008269752415397588,1.0,6.146092621615808e-05
-15.808141185145896,0.008269752415397588,1.0,6.146092621615808e-05
-15.763992658648334,0.008269752415397588,1.0,6.146092621615808e-05
-15.719844132150772,0.008269752415397588,1.0,6.146092621615808e-05
-15.67569560565321,0.00826983643198212,1.0,7.170441391885109e-05
-15.631547079155649,0.008269920450273801,1.0,8.19479016215441e-05
-15.587398552658087,0.008269920450273801,1.0,8.19479016215441e-05
-15.543250026160525,0.008270004470272686,1.0,9.219138932423711e-05
-15.499101499662963,0.008270088491978828,1.0,0.00010243487702693013
-15.4549529731654,0.00827025654051308,1.0,0.00012292185243231615
-15.410804446667838,0.00827025654051308,1.0,0.00012292185243231615
-15.366655920170276,0.008270340567341298,1.0,0.00013316534013500916
-15.322507393672714,0.008270340567341298,1.0,0.00013316534013500916
-15.278358867175152,0.008270508626120176,1.0,0.0001536523155403952
-15.23421034067759,0.008270508626120176,1.0,0.0001536523155403952
-15.190061814180028,0.008270508626120176,1.0,0.0001536523155403952
-15.145913287682466,0.008270508626120176,1.0,0.0001536523155403952
-15.101764761184905,0.00827059265807094,1.0,0.0001638958032430882
-15.057616234687343,0.008270760727095377,1.0,0.00018438277864847423
-15.013467708189781,0.00827092880295071,1.0,0.00020486975405386025
-14.969319181692219,0.00827092880295071,1.0,0.00020486975405386025
-14.925170655194657,0.008271180929542545,1.0,0.0002356002171619393
-14.881022128697095,0.00827126497515572,1.0,0.0002458437048646323
-14.836873602199534,0.008271517122243674,1.0,0.00027657416797271134
-14.792725075701972,0.008271769284705357,1.0,0.0003073046310807904
-14.74857654920441,0.0082719374015548,1.0,0.0003277916064861764
-14.704428022706848,0.008272105525238051,1.0,0.00034827858189156243
-14.660279496209286,0.008272189589642487,1.0,0.00035852206959425544
-14.616130969711724,0.008272441793107654,1.0,0.0003892525327023345
-14.571982443214162,0.008272609937294836,1.0,0.0004097395081077205
-14.5278339167166,0.00827286216639226,1.0,0.00044046997121579954
-14.483685390219039,0.00827286216639226,1.0,0.00044046997121579954
-14.439536863721477,0.008273114410870913,1.0,0.0004712004343238786
-14.395388337223915,0.008273366670732203,1.0,0.0005019308974319577
-14.351239810726353,0.008273618945977538,1.0,0.0005326613605400367
-14.307091284228791,0.008273703041144902,1.0,0.0005429048482427297
-14.26294275773123,0.008273955336904483,1.0,0.0005736353113508087
-14.218794231233668,0.00827429175518668,1.0,0.0006146092621615808
-14.174645704736106,0.008274544086852216,1.0,0.0006453397252696598
-14.130497178238544,0.008274880553014131,1.0,0.0006863136760804319
-14.086348651740982,0.008275132920593288,1.0,0.0007170441391885109
-14.04220012524342,0.008275805976067264,1.0,0.000798992040810055
-13.998051598745858,0.008276142544862997,1.0,0.000839965991620827
-13.953903072248297,0.00827664744938942,1.0,0.0009014269178369851
-13.909754545750735,0.00827698408663379,1.0,0.0009424008686477572
-13.865606019253173,0.008277489093848829,1.0,0.0010038617948639153
-13.821457492755611,0.008277825799562719,1.0,0.0010448357456746874
-13.77730896625805,0.008278078346825042,1.0,0.0010755662087827663
-13.733160439760487,0.008278499293174814,1.0,0.0011267836472962315
-13.689011913262926,0.008278836081079707,1.0,0.0011677575981070035
-13.644863386765364,0.008279425525855404,1.0,0.0012394620120258545
-13.600714860267802,0.008279930831044655,1.0,0.0013009229382420127
-13.55656633377024,0.008280941626482735,1.0,0.0014238447906743288
-13.512417807272678,0.008281531371132658,1.0,0.00149554920459318
-13.468269280775116,0.00828220546788356,1.0,0.001577497106214724
-13.424120754277554,0.008283301109188968,1.0,0.0017106624463497332
-13.379972227779993,0.008283806887568183,1.0,0.0017721233725658911
-13.33582370128243,0.008284397040414424,1.0,0.0018438277864847423
-13.291675174784869,0.008285240261789164,1.0,0.0019462626635116725
-13.247526648287307,0.008286421060132542,1.0,0.002089671491349375
-13.203378121789743,0.008287095953168745,1.0,0.002171619392970919
-13.159229595292182,0.008288952475993604,1.0,0.002396976122430165
-13.11508106879462,0.008290049903248803,1.0,0.002530141462565174
-13.070932542297058,0.008291654358211692,1.0,0.0027247677289163412
-13.026784015799496,0.008293090449701489,1.0,0.002898907019862123
-12.982635489301934,0.008293597424298,1.0,0.0029603679460782806
-12.938486962804372,0.008295287787379748,1.0,0.003165237700132141
-12.89433843630681,0.008296640574037834,1.0,0.0033291335033752293
-12.850189909809249,0.008298501376287083,1.0,0.0035544902328344757
-12.806041383311687,0.008300278375429545,1.0,0.0037696034745910286
-12.761892856814125,0.008302818266200185,1.0,0.004076908105671819
-12.717744330316563,0.008305105497286046,1.0,0.00435348227364453
-12.673595803819001,0.008307478772044415,1.0,0.004640299929319935
-12.62944727732144,0.008309429262665756,1.0,0.004875900146481874
-12.585298750823878,0.008312144512861358,1.0,0.005203691752968051
-12.541150224326316,0.008314606741573034,1.0,0.005500752896346148
-12.497001697828754,0.00831758034026465,1.0,0.0058592749659404034
-12.452853171331192,0.008320215875871374,1.0,0.0061768230847238864
-12.40870464483363,0.008323278594654288,1.0,0.0065455886420208356
-12.364556118336068,0.008327621308070837,1.0,0.007068006514858179
-12.320407591838507,0.008331797989723434,1.0,0.007569937412290137
-12.276259065340945,0.00833589349718382,1.0,0.0080616248220194
-12.232110538843383,0.008339651250947688,1.0,0.008512338280937894
-12.187962012345821,0.008343840011480468,1.0,0.009014269178369852
-12.14381348584826,0.008347604934726652,1.0,0.009464982637288344
-12.099664959350697,0.008351201895948538,1.0,0.00989520912080145
-12.055516432853135,0.008356260009033795,1.0,0.010499574895260337
-12.011367906355574,0.008361324252976282,1.0,0.011103940669719226
-11.967219379858012,0.008366136674306504,1.0,0.011677575981070035
-11.92307085336045,0.008371298991124777,1.0,0.012292185243231616
-11.878922326862888,0.00837741596854867,1.0,0.01301947287012282
-11.834773800365326,0.008372983995550887,0.9987714987714987,0.013705786546203252
-11.790625273867764,0.00837954278411082,0.9987714987714987,0.01448429161160792
-11.746476747370203,0.008386284865489355,0.9987714987714987,0.015283283652417975
-11.70232822087264,0.008393471056462353,0.9987714987714987,0.016133493131741495
-11.658179694375079,0.008401364059109228,0.9987714987714987,0.017065650512686558
-11.614031167877517,0.008398494063133507,0.9975429975429976,0.017936346967415466
-11.569882641379955,0.008407276642887465,0.9975429975429976,0.01897093922538746
-11.525734114882393,0.008412851355691626,0.9975429975429976,0.019626522438359814
-11.481585588384831,0.008420790641722322,0.9975429975429976,0.020558679819304877
-11.43743706188727,0.008429182410829216,0.9975429975429976,0.021542054638763405
-11.393288535389708,0.008439344807516421,0.9975429975429976,0.022730299212275797
-11.349140008892146,0.008427053964356683,0.995085995085995,0.023703430544031633
-11.304991482394584,0.008436796933588868,0.995085995085995,0.024840457679030557
-11.260842955897022,0.00844576981627844,0.995085995085995,0.025885293424705243
-11.21669442939946,0.008453702930617016,0.995085995085995,0.026807207317947616
-11.172545902901899,0.008463684523996113,0.995085995085995,0.027964721428351925
-11.128397376404337,0.008475196969855502,0.995085995085995,0.029296374829702015
-11.084248849906775,0.008487007544006706,0.995085995085995,0.03065875869416019
-11.040100323409213,0.008487201007133864,0.9938574938574939,0.03187773373078066
-10.995951796911651,0.008499238325366391,0.9938574938574939,0.03326060457064421
-10.95180327041409,0.008510772597205857,0.9938574938574939,0.034582014484291615
-10.907654743916527,0.008522427996544677,0.9938574938574939,0.0359136678856417
-10.863506217418966,0.008535736141298614,0.9938574938574939,0.03742970406564027
-10.819357690921404,0.008526419220894482,0.9914004914004914,0.03875111397928767
-10.775209164423842,0.008539321086938119,0.9914004914004914,0.04021593272077277
-10.73106063792628,0.008555254007293699,0.9914004914004914,0.04201878655644674
-10.686912111428718,0.008557625948930296,0.9901719901719902,0.04347336181022915
-10.642763584931156,0.008550098900397728,0.9877149877149877,0.044999641477930404
-10.598615058433595,0.008564671794106995,0.9877149877149877,0.04663859951036129
-10.554466531936033,0.00856926376898204,0.9864864864864865,0.04833901846900833
-10.51031800543847,0.00858548059446167,0.9864864864864865,0.05015211579238499
-10.466169478940909,0.008601482497107845,0.9864864864864865,0.051934482652653574
-10.422020952443347,0.008621059864296144,0.9864864864864865,0.05410610204562449
-10.377872425945785,0.008627552227887863,0.9852579852579852,0.0560011472706227
-10.333723899448223,0.008649604728162983,0.9852579852579852,0.058428853856160944
-10.289575372950662,0.00865945945945946,0.984029484029484,0.06068242115075341
-10.2454268464531,0.008666543890628216,0.9828009828009828,0.06262868381426508
-10.201278319955538,0.008686304954451189,0.9828009828009828,0.06477981623183061
-10.157129793457976,0.008693949054981883,0.9815724815724816,0.06677729633385575
-10.112981266960414,0.008713765349968374,0.9815724815724816,0.0689181852637186
-10.068832740462852,0.00873224043715847,0.9815724815724816,0.07090542187804104
-10.02468421396529,0.0087544374808257,0.9815724815724816,0.07328191102506582
-9.980535687467729,0.008778194043132903,0.9815724815724816,0.07581205248763098
-9.936387160970167,0.008799947134234988,0.9815724815724816,0.07811683722073692
-9.892238634472605,0.008811740153046014,0.9803439803439803,0.08051381334316708
-9.848090107975043,0.008824082992880946,0.9791154791154791,0.08296200690411071
-9.803941581477481,0.00885044196686359,0.9791154791154791,0.08571750509613513
-9.75979305497992,0.008867401160782915,0.9778869778869779,0.08862665560369995
-9.715644528482358,0.008880895462365111,0.9766584766584766,0.09116704055396782
-9.671496001984796,0.008863539588982765,0.9717444717444718,0.09395326920910031
-9.627347475487234,0.00886556699177491,0.9692874692874693,0.0964526802085574
-9.583198948989672,0.008890942282121206,0.9692874692874693,0.09905452608504144
-9.53905042249211,0.008897279942116806,0.9668304668304668,0.10198416356801164
-9.494901895994548,0.008922497845902681,0.9668304668304668,0.10454503549368489
-9.450753369496987,0.00894958891024256,0.9668304668304668,0.10728004671030393
-9.406604842999425,0.008979917845732542,0.9668304668304668,0.11032236255800375
-9.362456316501863,0.008999519109665895,0.9656019656019657,0.11340565235651434
-9.3183077900043,0.009018945530164638,0.9643734643734644,0.11645821169191686
-9.274159263506737,0.009040694657456843,0.9631449631449631,0.11972588426907593
-9.230010737009176,0.009062709784948726,0.961916461916462,0.1230038003339377
-9.185862210511614,0.00908330623054407,0.9606879606879607,0.12612806408325908
-9.141713684014052,0.009102139760384131,0.9594594594594594,0.12906794505393196
-9.09756515751649,0.009124194321943687,0.9582309582309583,0.13230488716798294
-9.053416631018928,0.009124751917137387,0.9545454545454546,0.13569548159757433
-9.009268104521366,0.009158092005233195,0.9545454545454546,0.13887096278540917
-8.965119578023804,0.009167041233942892,0.952088452088452,0.1419337656085144
-8.920971051526243,0.009202745386752796,0.952088452088452,0.1452936295749977
-8.87682252502868,0.00923663667242715,0.952088452088452,0.14845886727512983
-8.832673998531119,0.009249288056094,0.9496314496314496,0.15182897472931584
-8.788525472033557,0.009273718857362516,0.9484029484029484,0.15517859520809646
-8.744376945535995,0.009309617123907144,0.9484029484029484,0.1584667547606609
-8.700228419038433,0.009350661934811835,0.9484029484029484,0.16219538428444116
-8.656079892540872,0.009387273677938691,0.9484029484029484,0.16549378732470832
-8.61193136604331,0.009416448862942427,0.9471744471744472,0.1691814428976778
-8.567782839545748,0.00941138937629606,0.9422604422604423,0.17304323776159306
-8.523634313048186,0.009451982205133894,0.9422604422604423,0.1766284584575356
-8.479485786550624,0.009456030694968748,0.9385749385749386,0.18020343566577549
-8.435337260053062,0.009470544369873228,0.9361179361179361,0.18361451707077225
-8.3911887335555,0.009509190970012354,0.9361179361179361,0.18696413754955288
-8.347040207057939,0.0095423197492163,0.9348894348894349,0.1908771498519816
-8.302891680560377,0.009585831611830504,0.9348894348894349,0.19458529240035646
-8.258743154062815,0.009616114583596933,0.9336609336609336,0.1982012435594071
-8.214594627565253,0.00966503039397716,0.9336609336609336,0.2022986386404843
-8.170446101067691,0.009687396160826112,0.9312039312039312,0.2062526248937238
-8.12629757457013,0.009733297379200534,0.9312039312039312,0.21003247185601753
-8.082149048072568,0.00978329611894836,0.9312039312039312,0.21410937996168936
-8.038000521575006,0.009833428467645686,0.9312039312039312,0.2181555576042531
-7.993851995077444,0.00985414304148907,0.9287469287469288,0.22187394364033067
-7.949703468579882,0.009890225051743562,0.9275184275184275,0.225766468967354
-7.90555494208232,0.00990112045924346,0.9238329238329238,0.22969996824518812
-7.861406415584758,0.009948537485612986,0.9238329238329238,0.233408110793563
-7.817257889087196,0.009988163162164679,0.9226044226044227,0.2374952623869375
-7.773109362589635,0.010040106951871658,0.9226044226044227,0.2414799791032851
-7.728960836092073,0.01009381468240101,0.9226044226044227,0.2455568872089569
-7.684812309594511,0.010121484844799395,0.9201474201474201,0.2496440388023314
-7.640663783096949,0.01014311707356815,0.9176904176904177,0.25325998996138205
-7.596515256599387,0.01017037077485939,0.9152334152334153,0.2572754371408377
-7.552366730101825,0.010213607160507386,0.914004914004914,0.2614445366358338
-7.5082182036042635,0.010272979578310758,0.914004914004914,0.26575704495866753
-7.464069677106702,0.0103174382758908,0.9127764127764127,0.26993638794136626
-7.41992115060914,0.010362983757210094,0.9115479115479116,0.2741567048748758
-7.375772624111578,0.01041871436996265,0.9115479115479116,0.27807996066500723
-7.331624097614016,0.010468023789678895,0.9103194103194103,0.28248466037716524
-7.287475571116454,0.010521376878563405,0.9090909090909091,0.28712496030648516
-7.243327044618892,0.010580648851141709,0.9090909090909091,0.2911608944613462
-7.199178518121329,0.010634317619294308,0.9078624078624079,0.2957294899767473
-7.155029991623767,0.010664312897017754,0.9054054054054054,0.2996322587914733
-7.110881465126205,0.010684756026551764,0.9017199017199017,0.30383208874957746
-7.066732938628643,0.010730964615632365,0.9004914004914005,0.30780656197822237
-7.022584412131081,0.010765039393270009,0.898034398034398,0.3119039570592996
-6.97843588563352,0.010780393899007848,0.8943488943488943,0.3157145344847013
-6.934287359135958,0.010800101297501825,0.8906633906633906,0.3197914425903732
-6.890138832638396,0.010866795569345144,0.8906633906633906,0.32401175952388267
-6.845990306140834,0.01091446317122441,0.8894348894348895,0.3279247718263114
-6.801841779643272,0.010968671774254722,0.8882063882063882,0.3322065496860371
-6.75769325314571,0.011010827568302255,0.8857493857493858,0.3366317363736005
-6.7135447266481485,0.01103681500269003,0.8820638820638821,0.3409647316718396
-6.669396200150587,0.011063829787234043,0.8783783783783784,0.34533870092088953
-6.625247673653025,0.011122361554638211,0.8771498771498771,0.34973315714534486
-6.581099147155463,0.01117160654605934,0.8746928746928747,0.3544451614885836
-6.536950620657901,0.011245538111634078,0.8746928746928747,0.358737182836012
-6.492802094160339,0.0112836323760787,0.8722358722358723,0.36272189955235956
-6.448653567662777,0.011298530870915084,0.8673218673218673,0.36715732972762566
-6.404505041165216,0.011374804646591586,0.8673218673218673,0.37144935107505406
-6.360356514667654,0.01139018691588785,0.8624078624078624,0.37586429427491475
-6.316207988170092,0.011454061208150193,0.8611793611793612,0.3802689939870727
-6.27205946167253,0.011482529446601303,0.8574938574938575,0.38446882394517684
-6.227910935174968,0.011544895897172577,0.8562653562653563,0.38870962785409174
-6.183762408677406,0.011610836780995596,0.855036855036855,0.39309384059084435
-6.1396138821798445,0.011675962636919562,0.8538083538083538,0.39738586193827274
-6.095465355682283,0.011723309593490433,0.8513513513513513,0.4015754484086742
-6.051316829184721,0.011787149962526403,0.8501228501228502,0.4057138174405622
-6.007168302687159,0.01180305369703208,0.8452088452088452,0.4099546213494771
-5.963019776189597,0.01188666205943331,0.8452088452088452,0.4141544513075812
-5.918871249692035,0.011907870684702565,0.8402948402948403,0.41861036845825267
-5.874722723194473,0.011964282581618512,0.8378378378378378,0.4230765290966268
-5.830574196696912,0.0120492570802636,0.8378378378378378,0.4271944111531094
-5.78642567019935,0.012140631953716065,0.8378378378378378,0.43155813691445666
-5.742277143701788,0.012153369064477388,0.8329238329238329,0.43549163619229075
-5.698128617204226,0.012206131956231266,0.8304668304668305,0.43961976173647604
-5.653980090706664,0.012200887337260892,0.8243243243243243,0.44352253055120205
-5.609831564209102,0.012274659240803166,0.8230958230958231,0.4477326039970089
-5.5656830377115405,0.012313997710741055,0.8194103194103194,0.4519836513936265
-5.521534511213979,0.012374164976461174,0.816953316953317,0.45631664669186567
-5.477385984716417,0.01241001799640072,0.8132678132678133,0.4603525808467267
-5.433237458218855,0.01249669649261902,0.8132678132678133,0.4641426712967231
-5.389088931721293,0.012538528863350964,0.8095823095823096,0.4683732317179353
-5.344940405223731,0.01259513448229588,0.8071253071253072,0.4723989223850937
-5.300791878726169,0.012678778507924237,0.8058968058968059,0.4767216741956301
-5.256643352228608,0.0127785569580801,0.8058968058968059,0.48086004322751813
-5.212494825731046,0.012880171212031964,0.8058968058968059,0.4850086557471088
-5.168346299233484,0.012924806523761455,0.8022113022113022,0.4891572682666994
-5.124197772735922,0.013010076823306396,0.800982800982801,0.49332636776169553
-5.08004924623836,0.013095693106153567,0.7997542997542998,0.49745449330588076
-5.035900719740798,0.013138952533506356,0.7960687960687961,0.5014392100222284
-4.9917521932432365,0.013204153380753822,0.7936117936117936,0.5054649006893868
-4.947603666745675,0.013269321904683412,0.7911547911547911,0.5094496174057344
-4.903455140248113,0.013300912359457157,0.7862407862407862,0.5136699343392438
-4.859306613750551,0.013326348873755892,0.7813267813267813,0.5176444075678888
-4.815158087252989,0.013414453809916134,0.7800982800982801,0.5216086373088309
-4.771009560755427,0.013457689195519783,0.7764127764127764,0.5254192147342327
-4.726861034257865,0.013533221807575173,0.7751842751842751,0.5288507831146348
-4.682712507760304,0.013613085848873139,0.773955773955774,0.5323950298597666
-4.638563981262742,0.013720408563277218,0.773955773955774,0.5361031724081415
-4.59441545476518,0.013812033377250768,0.7727272727272727,0.539954723784354
-4.550266928267618,0.01383508577753182,0.7678132678132679,0.5436526228450262
-4.506118401770056,0.013879591199178828,0.7641277641277642,0.5473197914425904
-4.461969875272494,0.01398412734099238,0.7641277641277642,0.5507513598229925
-4.4178213487749325,0.014026421336475494,0.7604422604422605,0.5542853630804216
-4.373672822277371,0.014057464170609614,0.7555282555282555,0.5581574014320396
-4.329524295779807,0.014146813510898115,0.7542997542997543,0.5617016481771714
-4.285375769282245,0.014156864568320238,0.7481572481572482,0.565583930016492
-4.241227242784683,0.014149615168012015,0.7407862407862408,0.5696403511467585
-4.1970787162871215,0.014181878447806426,0.7358722358722358,0.5734816590352684
-4.15293018978956,0.01426080309581253,0.7334152334152334,0.5772922364606702
-4.108781663291998,0.014340459376732303,0.730958230958231,0.5810823269106665
-4.064633136794436,0.014402292708991111,0.7285012285012284,0.5843090255370148
-4.020484610296874,0.01443990308132847,0.7248157248157249,0.5875049937002551
-3.9763360837993122,0.014539978770149843,0.7235872235872236,0.591079970908495
-3.9321875573017504,0.014613622784305915,0.7211302211302212,0.5945525132397078
-3.8880390308041886,0.014678208505833647,0.7186732186732187,0.5977382379152454
-3.8438905043066267,0.0147479193544307,0.7162162162162162,0.6010366409555126
-3.799741977809065,0.014756103776950915,0.7113022113022113,0.6039970089015908
-3.755593451311503,0.014834430275606747,0.7088452088452089,0.6074797947205064
-3.711444924813941,0.014856490964245897,0.7039312039312039,0.6107884412484763
-3.6672963983163793,0.014921862750222128,0.7014742014742015,0.6138717310469869
-3.6231478718188175,0.015031249175918356,0.7002457002457002,0.6173954908167133
-3.5789993453212556,0.015118503560420873,0.699017199017199,0.6203046413242781
-3.534850818823694,0.015246925158766312,0.699017199017199,0.6235518269260317
-3.490702292326132,0.01537214642712414,0.699017199017199,0.6266658471876505
-3.44655376582857,0.015436552231085459,0.6965601965601965,0.6295545107198098
-3.4024052393310082,0.015463209645966657,0.6916461916461917,0.6328119398092663
-3.3582567128334464,0.015571317743544276,0.6904176904176904,0.6360488819233172
-3.3141081863358846,0.015687919463087247,0.6891891891891891,0.6394394763529087
-3.2699596598383227,0.015712270803949224,0.6842751842751843,0.6425739835899327
-3.225811133340761,0.01579172001707213,0.6818181818181818,0.6456777603638487
-3.181662606843199,0.015871649159060905,0.6793611793611793,0.6487610501623593
-3.137514080345637,0.015866581736058833,0.6732186732186732,0.6518238529854645
-3.0933655538480753,0.016001401582620374,0.6732186732186732,0.6548047079069481
-3.0492170273505135,0.016076791708379955,0.6707616707616708,0.6577036149268103
-3.0050685008529516,0.016130469655110953,0.6670761670761671,0.6607356872868074
-2.96091997435539,0.0162348360041935,0.6658476658476659,0.6635731333804534
-2.916771447857828,0.01634885618446103,0.6646191646191646,0.6665744752773425
-2.872622921360266,0.0164269169815921,0.6621621621621622,0.6694119213709884
-2.8284743948627042,0.016499216517651398,0.6597051597051597,0.6721059586367967
-2.7843258683651424,0.016601108805401554,0.6584766584766585,0.6747590219517942
-2.7401773418675806,0.016704133882852502,0.6572481572481572,0.6774018417790889
-2.6960288153700187,0.01678528689298986,0.6547911547911548,0.6801880704342215
-2.651880288872457,0.016942687307288852,0.6547911547911548,0.6832098993065159
-2.607731762374895,0.017094291212315586,0.6547911547911548,0.6860678323755672
-2.563583235877333,0.017205692108667528,0.6535626535626535,0.6887208956905647
-2.5194347093797713,0.017328025062002348,0.6523341523341524,0.6915378548088053
-2.4752861828822095,0.01749069468691327,0.6523341523341524,0.6944572488040728
-2.4311376563846476,0.017586436170212764,0.6498771498771498,0.6972946948977188
-2.386989129887086,0.01761612914029271,0.6461916461916462,0.6995277752169059
-2.342840603389524,0.017766068835072788,0.6461916461916462,0.7021091341179845
-2.298692076891962,0.017778080512226686,0.6412776412776413,0.7045778146543336
-2.2545435503944002,0.017934446505875078,0.6412776412776413,0.707200147506223
-2.2103950238968384,0.01807145334720777,0.64004914004914,0.7100171066244635
-2.1662464973992765,0.01815828143586873,0.6375921375921376,0.712537004599326
-2.1220979709017147,0.01827289403132496,0.6363636363636364,0.7149237372340534
-2.077949444404153,0.018432686822589847,0.6351351351351351,0.7179865400571587
-2.033800917906591,0.01858709329498472,0.6351351351351351,0.7203732726918861
-1.9896523914090292,0.01863692508900676,0.6302211302211302,0.7232926666871536
-1.9455038649114673,0.018665593090070636,0.6265356265356266,0.7253413642276922
-1.9013553384139055,0.018764082296014478,0.6240786240786241,0.7278817491779601
-1.8572068119163436,0.018893940523216815,0.6228501228501229,0.7303196992512011
-1.8130582854187818,0.01904296875,0.6228501228501229,0.7324708316687666
-1.76890975892122,0.019221291276490884,0.6228501228501229,0.7350009731313317
-1.724761232423658,0.019298379700397432,0.6203931203931204,0.7371213750857892
-1.6806127059260962,0.019427954668105773,0.6191646191646192,0.7394261598188951
-1.6364641794285344,0.019458281444582816,0.6142506142506142,0.7419050838429468
-1.5923156529309725,0.019576304433111025,0.6130221130221131,0.7440049988219989
-1.548167126433409,0.01970014636654931,0.6117936117936118,0.7461561312395645
-1.504018599935847,0.019779080432268614,0.6093366093366094,0.7482048287801031
-1.4598700734382852,0.019830256224608826,0.6056511056511057,0.7503866916607767
-1.4157215469407234,0.020006492979465954,0.6056511056511057,0.7526300154676664
-1.3715730204431615,0.02002211030585923,0.6007371007371007,0.7548323653237454
-1.3274244939455997,0.020133674395577193,0.5995085995085995,0.756717167061041
-1.2832759674480378,0.020268864194447914,0.5982800982800983,0.7588682994786065
-1.239127440950476,0.020303716754761305,0.5945945945945946,0.7607735881913074
-1.1949789144529142,0.020378826314899373,0.5921375921375921,0.7626583899286029
-1.1508303879553523,0.020386403377830854,0.5872235872235873,0.7647173309568441
-1.1066818614577905,0.020546767537826686,0.5872235872235873,0.7665918892064371
-1.0625333349602286,0.020561315230121894,0.5823095823095823,0.7687122911608945
-1.0183848084626668,0.02065103255162758,0.5798525798525799,0.7707097712629196
-0.9742362819651049,0.020697263901147397,0.5761670761670762,0.7726867643895393
-0.9300877554675431,0.020776794056146283,0.5737100737100738,0.7745408356637268
-0.8859392289699812,0.02087635808566041,0.5712530712530712,0.7765997766919681
-0.8417907024724194,0.02100593055366925,0.5700245700245701,0.7784845784292636
-0.7976421759748575,0.020941691760197098,0.5638820638820639,0.7801849973879106
-0.7534936494772957,0.02112287160607455,0.5638820638820639,0.782110773076017
-0.7093451229797338,0.02129535121091213,0.5638820638820639,0.7839136269116909
-0.665196596482172,0.02143592623794814,0.5626535626535627,0.7858291591120945
-0.6210480699846102,0.021598679556708324,0.5626535626535627,0.7874783606322281
-0.5768995434870483,0.02159847764034253,0.5577395577395577,0.7893324319064154
-0.5327510169894865,0.021745391705069124,0.5565110565110565,0.7912479641068191
-0.4886024904919246,0.021923244446595363,0.5565110565110565,0.7929791135285742
-0.44445396399436277,0.022021484375,0.5540540540540541,0.7948331848027617
-0.4003054374968009,0.022188330217455476,0.5540540540540541,0.7964106819089763
-0.3561569109992391,0.022343594836146972,0.5528255528255528,0.7983057271339746
-0.3120083845016772,0.022483725588382575,0.5515970515970516,0.8000368765557297
-0.2678598580041154,0.022674477325522673,0.5515970515970516,0.8017577824897821
-0.22371133150655353,0.022689118380220787,0.547911547911548,0.8032123577435645
-0.1795628050089917,0.02276689570300482,0.5454545454545454,0.8047796113620765
-0.13541427851142984,0.022905894519131335,0.5442260442260443,0.8064288128822101
-0.091265752013868,0.022998696219035202,0.5417690417690417,0.8080985013777491
-0.04711722551630615,0.023082180976917818,0.5393120393120393,0.8096759984839638
-0.002968699018744303,0.023250875889160208,0.538083538083538,0.8115198262704486
0.04117982747881754,0.023357977070609666,0.5356265356265356,0.8132612191799063
0.08532835397637939,0.02346072760689767,0.5331695331695332,0.8149513946508508
0.12947688047394124,0.023580025050373033,0.5319410319410319,0.8163342654907143
0.17362540697150308,0.023769006971510128,0.5319410319410319,0.8178298146953075
0.21777393346906493,0.023946466098882867,0.5319410319410319,0.819212685535171
0.2619224599666268,0.02409235402375774,0.5307125307125307,0.820749208690575
0.3060709864641886,0.02418855824942341,0.5282555282555282,0.8223062188213843
0.35021951296175047,0.024325243819460194,0.527027027027027,0.8237403070997613
0.3943680394593123,0.024508683729433274,0.527027027027027,0.8250924474765168
0.43851656595687416,0.024596774193548387,0.5245700245700246,0.8265470227302992
0.482665092454436,0.024697814969781497,0.5221130221130221,0.8280835458857032
0.5268136189519979,0.024753636790239324,0.5184275184275184,0.829691773455026
0.5709621454495597,0.024968936749304775,0.5184275184275184,0.8311975661473219
0.6151106719471215,0.02509687034277198,0.5171990171990172,0.8324780021101584
0.6592591984446834,0.02524645347439288,0.515970515970516,0.8338916034131301
0.7034077249422452,0.025438649748042014,0.5147420147420148,0.8355715353963717
0.7475562514398071,0.025670873667442716,0.5147420147420148,0.837097815064073
0.7917047779373689,0.025799665903607005,0.5122850122850123,0.8387060426333958
0.8358533044349308,0.02598616563843709,0.5122850122850123,0.8398942872069082
0.8800018309324926,0.02615036459642947,0.5110565110565111,0.8413078885098798
0.9241503574300545,0.02612555485098288,0.5061425061425061,0.8426805158620407
0.9682988839276163,0.02607361963190184,0.5012285012285013,0.8438892474109585
1.0124474104251782,0.026125661205005805,0.4975429975429975,0.8453540661524436
1.05659593692274,0.02633632461958642,0.4975429975429975,0.8466242586275775
1.1007444634203019,0.026498753771481046,0.4963144963144963,0.8479661555166303
1.1448929899178637,0.026653439153439155,0.4950859950859951,0.8492465914794669
1.1890415164154255,0.026846978882153087,0.4950859950859951,0.8503631316390605
1.2331900429129874,0.02698348771647201,0.49385749385749383,0.8515104022617621
1.2773385694105492,0.027048958615093318,0.4914004914004914,0.8526166989336529
1.321487095908111,0.027130197682344922,0.48894348894348894,0.8538049435071653
1.365635622405673,0.02732015376166941,0.48894348894348894,0.85484977925284
1.4097841489032348,0.02749117097153937,0.4877149877149877,0.8561404587033793
1.4539326754007966,0.027471761260633106,0.48402948402948404,0.8571238335228378
1.4980812018983585,0.027389563873867546,0.47911547911547914,0.8581379388054045
1.5422297283959203,0.02749043502904917,0.47665847665847666,0.8593978877928357
1.5863782548934822,0.027619183556951185,0.47542997542997545,0.8604324800508077
1.630526781391044,0.027631862992012663,0.47174447174447176,0.8615797506735093
1.6746753078886059,0.027596223674655047,0.4668304668304668,0.8628396996609405
1.7188238343861677,0.027539734856808027,0.4619164619164619,0.8639972137713449
1.7629723608837296,0.02764671188439988,0.4606879606879607,0.8648986406891819
1.8071208873812914,0.027625129956928562,0.457002457002457,0.8658717720209377
1.8512694138788532,0.027711204313960455,0.45454545454545453,0.8670190426436393
1.895417940376415,0.027853260869565216,0.4533169533169533,0.8680741218770167
1.939566466873977,0.02799756542909312,0.4520884520884521,0.869129201110394
1.9837149933715388,0.028152807609696226,0.45085995085995084,0.8702252542945822
2.0278635198691006,0.02837921435199505,0.45085995085995084,0.8712905770156623
2.0720120463666625,0.028199735140609177,0.44471744471744473,0.8722124909089046
2.1161605728642243,0.028170119271814186,0.44103194103194104,0.873134404802147
2.160309099361786,0.02831158560695927,0.4398034398034398,0.874138266597011
2.204457625859348,0.028450749123366273,0.43857493857493857,0.8751216414164695
2.24860615235691,0.028566843203338146,0.43734643734643736,0.8759923378711983
2.2927546788544717,0.028714713257300007,0.43611793611793614,0.8769961996660623
2.3369032053520336,0.028806920189325933,0.43366093366093367,0.8780922528502505
2.3810517318495954,0.028827201051248356,0.4312039312039312,0.8788707579156552
2.4252002583471572,0.02896631631217413,0.42997542997543,0.8798131587843029
2.469348784844719,0.029171528588098017,0.42997542997543,0.8806838552390318
2.513497311342281,0.02918238993710692,0.4275184275184275,0.881411142865923
2.557645837839843,0.029039338173223028,0.4226044226044226,0.882179404443625
2.6017943643374046,0.02905445586611163,0.4201474201474201,0.8829271790459216
2.6459428908349665,0.02929587116669522,0.4201474201474201,0.8839207973530828
2.690091417332532,0.029551542383133154,0.4201474201474201,0.8849553896110548
2.7342399438300937,0.029762422765642678,0.4201474201474201,0.8857953556026756
2.7783884703276556,0.02993591431832148,0.4189189189189189,0.8868094608852423
2.8225369968252174,0.030067209055535903,0.4176904176904177,0.887649426876863
2.8666855233227793,0.03011672458344471,0.4152334152334152,0.8884996363561866
2.910834049820341,0.03018054432767448,0.41277641277641275,0.8894010632740236
2.954982576317903,0.030124841686267414,0.4090909090909091,0.8901795683394282
2.999131102815465,0.030316824471959214,0.4090909090909091,0.8908966124786167
3.0432796293130266,0.03031138054560485,0.40540540540540543,0.8918595003226699
3.0874281558105885,0.030241376121335428,0.40171990171990174,0.892586787949561
3.1315766823081503,0.030384938018454655,0.4004914004914005,0.8934369974288846
3.175725208805712,0.030525720746184284,0.39803439803439805,0.8945945115392889
3.219873735303274,0.030677177319783457,0.3968058968058968,0.8954549645063151
3.264022261800836,0.030858889844272475,0.3968058968058968,0.8960900607438821
3.3081707882983977,0.031057692307692307,0.3968058968058968,0.8967763744199625
3.3523193147959596,0.031059506531204643,0.39434889434889436,0.8974217141452322
3.3964678412935214,0.031149615496933708,0.3931203931203931,0.8980465668950964
3.4406163677910833,0.0312254516889238,0.3906633906633907,0.8989377503252307
3.484764894288645,0.03133030243131053,0.3894348894348894,0.8996035770259058
3.528913420786207,0.031458437033349926,0.3882063882063882,0.9003411081404997
3.573061947283769,0.031666499649263456,0.3882063882063882,0.9010171783288774
3.6172104737813306,0.031704361873990304,0.3857493857493858,0.901764952931174
3.6613590002788925,0.03192354615697438,0.3857493857493858,0.9024615100949571
3.7055075267764543,0.03193776230934589,0.3832923832923833,0.9031273367956322
3.749656053274016,0.03214175337385392,0.3832923832923833,0.9037624330331991
3.793804579771578,0.03224802986312733,0.3820638820638821,0.9043975292707661
3.83795310626914,0.03248041775456919,0.3820638820638821,0.905104329922252
3.8821016327667017,0.0324682147735631,0.3796068796068796,0.9056779652336028
3.9262501592642636,0.03254437869822485,0.3783783783783784,0.9062106265941428
3.9703986857618254,0.032697837895409525,0.37714987714987713,0.9069686446841421
4.014547212259387,0.032693750669953905,0.3746928746928747,0.9075627669708982
4.058695738756949,0.03275509104622347,0.37346437346437344,0.9080442108929249
4.102844265254511,0.03276554193338396,0.371007371007371,0.9086793071304918
4.146992791752073,0.03265261548542099,0.36732186732186733,0.9092631859295452
4.191141318249635,0.03260869565217391,0.36486486486486486,0.9097446298515719
4.2352898447471965,0.0326147042564953,0.36240786240786244,0.9103694826014361
4.279438371244758,0.03253481894150418,0.35872235872235875,0.9110557962775165
4.32358689774232,0.03259043565908836,0.3574938574938575,0.9115167532241377
4.367735424239882,0.03267605633802817,0.35626535626535627,0.9120596580723804
4.411883950737444,0.03265676380542012,0.3538083538083538,0.9126128064083259
4.456032477235006,0.03277003882164878,0.3525798525798526,0.9132274156704875
4.500181003732568,0.03279631760644419,0.3501228501228501,0.9139034858588653
4.544329530230129,0.03298229371600509,0.3501228501228501,0.9144054167562972
4.588478056727691,0.03320130475302889,0.3501228501228501,0.9149892955553507
4.632626583225253,0.03331378299120235,0.3488943488943489,0.9155834178421068
4.676775109722815,0.0335340654150431,0.3488943488943489,0.9161570531534576
4.720923636220377,0.03326205749584224,0.343980343980344,0.9166384970754843
4.765072162717939,0.03334130019120459,0.34275184275184273,0.9171404279729162
4.8092206892155005,0.033409445980050474,0.3415233415233415,0.9176116284072401
4.853369215713062,0.033462188934525246,0.3402948402948403,0.9180418548907532
4.897517742210624,0.03345091837975915,0.33783783783783783,0.9186052467144014
4.941666268708186,0.033709242461387595,0.33783783783783783,0.919250586439671
4.985814795205748,0.033637259733859046,0.3353808353808354,0.9196603259477787
5.02996332170331,0.03375527426160337,0.33415233415233414,0.9202442047468322
5.074111848200872,0.03393636930754835,0.33415233415233414,0.920684674718048
5.118260374698433,0.03418803418803419,0.33415233415233414,0.9212890404925069
5.162408901195995,0.034326097930338216,0.33415233415233414,0.921616832098993
5.206557427693557,0.034128393808678,0.33046683046683045,0.922016328119398
5.250705954191119,0.03405612244897959,0.32800982800982803,0.9224260676275058
5.294854480688681,0.03402233919630248,0.32555282555282555,0.9229279985249378
5.339003007186243,0.03418913688556315,0.32555282555282555,0.9233172510576401
5.3831515336838045,0.03436203319502075,0.32555282555282555,0.9237167470780452
5.427300060181366,0.03443328550932568,0.32432432432432434,0.9241674605369636
5.471448586678928,0.03459572795177565,0.32432432432432434,0.9245362260942606
5.51559711317649,0.03480094911679409,0.32432432432432434,0.9249971830408817
5.559745639674052,0.034852902199840975,0.3230958230958231,0.9253966790612868
5.603894166171614,0.034937991732230965,0.32186732186732187,0.9258678794956107
5.648042692669176,0.03516778523489933,0.32186732186732187,0.9263698103930427
5.692191219166737,0.03508771929824561,0.3194103194103194,0.926759062925745
5.736339745664299,0.03530689842476915,0.3194103194103194,0.9272302633600689
5.780488272161861,0.03538251366120219,0.3181818181818182,0.9276707333312846
5.824636798659423,0.03544929925803792,0.31695331695331697,0.928090716327095
5.868785325156985,0.03541781959048146,0.3144963144963145,0.9285824037368243
5.912933851654547,0.03555989401757077,0.3132678132678133,0.9291560390481751
5.9570823781521085,0.03572929802437999,0.3132678132678133,0.9295043176300667
6.00123090464967,0.03589091422919316,0.31203931203931207,0.9301086834045256
6.045379431147232,0.03612572891480586,0.31203931203931207,0.9305798838388495
6.089527957644794,0.03631684300829282,0.31203931203931207,0.9309588928838491
6.133676484142356,0.036578341013824886,0.31203931203931207,0.9314710672689838
6.177825010639918,0.03675832127351664,0.31203931203931207,0.9318193458508753
6.22197353713748,0.03691860465116279,0.31203931203931207,0.9321266504819561
6.266122063635041,0.03704784130688448,0.31203931203931207,0.9323724941868208
6.310270590132603,0.03712943938949222,0.3108108108108108,0.9327924771826311
6.354419116630165,0.03732664502803187,0.3108108108108108,0.9331612427399281
6.398567643127727,0.037108505269407746,0.3071253071253071,0.9335504952726305
6.442716169625289,0.03730786449783614,0.3071253071253071,0.9339192608299274
6.486864696122851,0.037370553804592525,0.3058968058968059,0.934298269874927
6.5310132226204125,0.037260521949011915,0.3034398034398034,0.9346260614814131
6.575161749117974,0.037081882851521114,0.300982800982801,0.934830931235467
6.619310275615536,0.037285040328717094,0.300982800982801,0.935199696792764
6.663458802113098,0.037536387314233186,0.300982800982801,0.9356504102516825
6.70760732861066,0.037721324095458045,0.300982800982801,0.9359782018581687
6.751755855108222,0.03784706064836358,0.29975429975429974,0.9364596457801952
6.795904381605784,0.038000311477962935,0.29975429975429974,0.9367259764604653
6.840052908103345,0.03820259902927822,0.29975429975429974,0.9370742550423569
6.884201434600907,0.038334122101277804,0.2985257985257985,0.9375556989643834
6.928349961098469,0.038345745523688794,0.2972972972972973,0.9378322731323561
6.972498487596031,0.03852889667250438,0.2972972972972973,0.9381395777634369
7.016647014093593,0.038757206918641894,0.2972972972972973,0.9385185868084366
7.060795540591155,0.03880212526163259,0.29606879606879605,0.9388463784149227
7.1049440670887165,0.03873581847649919,0.2936117936117936,0.9392458744353277
7.149092593586278,0.03896315617867623,0.2936117936117936,0.9396146399926247
7.19324112008384,0.03882063882063882,0.29115479115479115,0.9398912141605974
7.237389646581402,0.038651315789473686,0.28869778869778867,0.9401268143777594
7.281538173078964,0.038810900082576386,0.28869778869778867,0.9403829015703267
7.325686699576526,0.038883349950149554,0.28746928746928746,0.9407516671276236
7.369835226074088,0.03875062635710706,0.28501228501228504,0.9410487282710017
7.413983752571649,0.038945778076212856,0.28501228501228504,0.9413560329020825
7.458132279069211,0.039000506500084416,0.28378378378378377,0.9416940679962714
7.502280805566773,0.03918575063613232,0.28378378378378377,0.9419808856519468
7.546429332064335,0.03907849829351536,0.28132678132678135,0.9423189207461357
7.590577858561897,0.03910806174957118,0.2800982800982801,0.9426159818895138
7.634726385059459,0.039337474120082816,0.2800982800982801,0.9429642604714054
7.6788749115570205,0.03936188659615051,0.2788697788697789,0.9432510781270808
7.723023438054582,0.03904479693219453,0.2751842751842752,0.9435276522950534
7.767171964552144,0.03909537166900421,0.273955773955774,0.9438554439015396
7.811320491049706,0.03931593794076164,0.273955773955774,0.9441832355080257
7.855469017547268,0.03953900709219858,0.273955773955774,0.944511027114512
7.89961754404483,0.039558089807555236,0.2727272727272727,0.9447876012824846
7.943766070542392,0.03972798854688619,0.2727272727272727,0.9450334449873493
7.987914597039953,0.03995680345572354,0.2727272727272727,0.9453612365938354
8.032063123537515,0.03979019714234039,0.2702702702702703,0.9456173237864028
8.076211650035077,0.03948326055312955,0.2665847665847666,0.9459246284174836
8.120360176532639,0.03967818614006217,0.2665847665847666,0.9462012025854563
8.1645087030302,0.039831130690161524,0.2665847665847666,0.9464163158272129
8.208657229527763,0.03986710963455149,0.26535626535626533,0.946713376970591
8.252805756025325,0.04,0.26535626535626533,0.9468977597492394
8.296954282522886,0.040014889261120415,0.2641277641277641,0.9471640904295094
8.341102809020448,0.04018691588785047,0.2641277641277641,0.9473996906466714
8.385251335518014,0.0403831705484598,0.2641277641277641,0.9476660213269414
8.429399862015575,0.04054308881765039,0.2641277641277641,0.9478811345686979
8.473548388513137,0.04053030303030303,0.2628992628992629,0.9481064912981572
8.5176969150107,0.04029652157384528,0.26044226044226043,0.948280630589103
8.561845441508261,0.04045801526717557,0.26044226044226043,0.9484957438308596
8.605993968005823,0.04049126847054308,0.2592137592137592,0.948782561486535
8.650142494503385,0.040623796688486716,0.2592137592137592,0.9489567007774807
8.694291021000947,0.04061110036743377,0.257985257985258,0.94918205750694
8.738439547498508,0.04082426127527216,0.257985257985258,0.9494586316749126
8.78258807399607,0.04096432771462172,0.25675675675675674,0.9498786146707231
8.826736600493632,0.041149832644221306,0.25675675675675674,0.9501142148878851
8.870885126991194,0.04085680285600952,0.25307125307125306,0.9504624934697766
8.915033653488756,0.041068580542264754,0.25307125307125306,0.9507288241500466
8.959182179986318,0.041024614768861316,0.25184275184275184,0.9509132069286951
9.00333070648388,0.04118119726797911,0.25184275184275184,0.9511078331950462
9.047479232981441,0.04134731746672045,0.25184275184275184,0.9513127029491001
9.091627759479003,0.04141291108404385,0.25061425061425063,0.9516302510678836
9.135776285976565,0.04146241830065359,0.2493857493857494,0.9519273122112617
9.179924812474127,0.041469924040238144,0.24815724815724816,0.9521731559161263
9.224073338971689,0.041666666666666664,0.24815724815724816,0.9524087561332882
9.26822186546925,0.041701244813278006,0.24692874692874692,0.952685330301261
9.312370391966812,0.041927409261576974,0.24692874692874692,0.952951660981531
9.356518918464374,0.04184100418410042,0.2457002457002457,0.953084826321666
9.400667444961936,0.042034468263976464,0.2457002457002457,0.9533101830511252
9.444815971459498,0.042027455121436116,0.24447174447174447,0.9535355397805845
9.48896449795706,0.042286442838929024,0.24447174447174447,0.9538326009239626
9.533113024454622,0.04247598719316969,0.24447174447174447,0.9540477141657191
9.577261550952183,0.04273137212797939,0.24447174447174447,0.9543345318213945
9.621410077449745,0.04288793103448276,0.24447174447174447,0.9545086711123403
9.665558603947307,0.043073593073593076,0.24447174447174447,0.9547135408663942
9.709707130444869,0.043307943416757345,0.24447174447174447,0.9549696280589615
9.75385565694243,0.043440296878410826,0.24447174447174447,0.9551130368867993
9.798004183439993,0.043592552026286965,0.24447174447174447,0.9552769326900423
9.842152709937555,0.04356435643564356,0.24324324324324326,0.9554715589563935
9.886301236435116,0.04363233665559247,0.24201474201474202,0.9557686200997716
9.930449762932678,0.043904613327390235,0.24201474201474202,0.956055437755447
9.97459828943024,0.04412094064949608,0.24201474201474202,0.9562807944849062
10.018746815927802,0.04412426834759117,0.24078624078624078,0.9565061512143654
10.062895342425364,0.04414761150101879,0.23955773955773957,0.9567519949192301
10.107043868922926,0.044298046342571555,0.23955773955773957,0.9569056472347705
10.151192395420487,0.04427202190780465,0.23832923832923833,0.9571002735011217
10.19534092191805,0.044316877152698046,0.2371007371007371,0.9573666041813916
10.239489448415611,0.044290657439446365,0.23587223587223588,0.9575612304477429
10.283637974913173,0.044223199814771935,0.23464373464373464,0.9577148827632832
10.327786501410735,0.04416550441655044,0.2334152334152334,0.9578787785665264
10.371935027908297,0.044055944055944055,0.2321867321867322,0.957991456931256
10.416083554405859,0.04426229508196721,0.2321867321867322,0.9581963266853099
10.46023208090342,0.044470588235294116,0.2321867321867322,0.9584011964393637
10.504380607400982,0.0442080378250591,0.22972972972972974,0.9585855792180121
10.548529133898544,0.044418052256532066,0.22972972972972974,0.958790448972066
10.592677660396106,0.04419493549928333,0.22727272727272727,0.9590158057015252
10.636826186893668,0.044167066730676906,0.22604422604422605,0.9592104319678765
10.68097471339123,0.04438012542209358,0.22604422604422605,0.9594153017219302
10.725123239888791,0.04455205811138015,0.22604422604422605,0.9595791975251734
10.769271766386353,0.04450389105058366,0.22481572481572482,0.9597533368161192
10.813420292883915,0.04422184216955778,0.22235872235872237,0.959927476107065
10.857568819381477,0.044193469187331205,0.22113022113022113,0.9601221023734161
10.901717345879039,0.044444444444444446,0.22113022113022113,0.9603577025905781
10.9458658723766,0.04466501240694789,0.22113022113022113,0.9605625723446319
10.990014398874163,0.0448542237727386,0.22113022113022113,0.9607367116355777
11.034162925371724,0.04490717511289513,0.2199017199017199,0.9610030423158477
11.078311451869286,0.04514501891551072,0.2199017199017199,0.9612181555576043
11.122459978366848,0.045293522267206475,0.2199017199017199,0.9613513208977392
11.16660850486441,0.04551233155352148,0.2199017199017199,0.9615459471640905
11.210757031361972,0.045477772100153295,0.21867321867321868,0.9617303299427389
11.254905557859534,0.04544287548138639,0.21744471744471744,0.9619147127213874
11.299054084357095,0.04559505409582689,0.21744471744471744,0.9620478780615224
11.343202610854657,0.04561949196474858,0.21621621621621623,0.9622834782786843
11.38735113735222,0.04560854834506125,0.214987714987715,0.9624883480327382
11.431499663849781,0.045871559633027525,0.214987714987715,0.9627137047621974
11.475648190347343,0.046186328846661386,0.214987714987715,0.9629800354424675
11.519796716844905,0.046202867764206054,0.21375921375921375,0.9632053921719267
11.563945243342467,0.046474358974358976,0.21375921375921375,0.9634307489013859
11.608093769840028,0.046149718272068686,0.2113022113022113,0.9635844012169263
11.65224229633759,0.046191247974068074,0.21007371007371006,0.9638302449217909
11.696390822835152,0.04639175257731959,0.21007371007371006,0.9639941407250341
11.740539349332714,0.046632124352331605,0.21007371007371006,0.9641887669913852
11.784687875830276,0.04688785302988758,0.21007371007371006,0.9643936367454391
11.828836402327838,0.04709446433489397,0.21007371007371006,0.9645575325486822
11.8729849288254,0.04736842105263158,0.21007371007371006,0.9647726457904388
11.917133455322961,0.04755283648498331,0.21007371007371006,0.9649160546182765
11.961281981820523,0.047246295778585405,0.2076167076167076,0.9650901939092222
12.005430508318085,0.04719101123595506,0.20638820638820637,0.9652540897124653
12.049579034815647,0.0471884713195818,0.20515970515970516,0.9654589594665192
12.093727561313209,0.04713231118682567,0.20393120393120392,0.9656228552697622
12.13787608781077,0.04725306006262454,0.20393120393120392,0.9657150466590865
12.182024614308332,0.04752361866590323,0.20393120393120392,0.9659199164131403
12.226173140805894,0.047714860592124174,0.20393120393120392,0.966063325240978
12.270321667303456,0.047907647907647906,0.20393120393120392,0.9662067340688157
12.314470193801018,0.048157818392805335,0.20393120393120392,0.9663911168474643
12.35861872029858,0.048424737456242706,0.20393120393120392,0.9665857431138154
12.402767246796142,0.048472385428907167,0.20270270270270271,0.9668213433309774
12.446915773293703,0.0486438679245283,0.20270270270270271,0.9669442651834097
12.491064299791265,0.048917877260598874,0.20270270270270271,0.9671388914497608
12.535212826288827,0.04889683959451401,0.20147420147420148,0.9673232742284092
12.579361352786389,0.048860911270983215,0.20024570024570024,0.967497413519355
12.62350987928395,0.04912597950572634,0.20024570024570024,0.9676817962980035
12.667658405781513,0.04942389326864766,0.20024570024570024,0.9678866660520574
12.711806932279075,0.049664838513101765,0.20024570024570024,0.9680505618553005
12.755955458776636,0.04990814451928965,0.20024570024570024,0.9682144576585435
12.800103985274198,0.0499691548426897,0.19901719901719903,0.9684500578757055
12.84425251177176,0.05020142547257515,0.19901719901719903,0.9686037101912459
12.888401038269322,0.050530255770430445,0.19901719901719903,0.9688188234330025
12.932549564766884,0.050720100187852224,0.19901719901719903,0.9689417452854348
12.976698091264446,0.0510557831705011,0.19901719901719903,0.9691568585271914
13.020846617762007,0.05126582278481013,0.19901719901719903,0.9692900238673263
13.06499514425957,0.051176096630642084,0.1977886977886978,0.9694231892074614
13.109143670757131,0.05110188438198659,0.19656019656019655,0.9695665980352991
13.153292197254693,0.051364365971107544,0.19656019656019655,0.9697304938385422
13.197440723752255,0.051323434473854096,0.19533169533169534,0.9698943896417852
13.241589250249817,0.05155642023346303,0.19533169533169534,0.9700377984696229
13.285737776747379,0.05170731707317073,0.19533169533169534,0.9701299898589472
13.32988630324494,0.051977770513239624,0.19533169533169534,0.9702938856621902
13.374034829742502,0.051576872536136666,0.1928746928746929,0.9704270510023253
13.418183356240064,0.0518836748182419,0.1928746928746929,0.9706114337809737
13.462331882737626,0.05210753401924992,0.1928746928746929,0.9707445991211088
13.506480409235188,0.052228875582168995,0.1928746928746929,0.9708163035350276
13.55062893573275,0.05238571905238572,0.1928746928746929,0.9709084949243518
13.594777462230311,0.05256109809173083,0.1928746928746929,0.9710109298013788
13.638925988727873,0.052525252525252523,0.19164619164619165,0.9711748256046219
13.683074515225435,0.05277401894451962,0.19164619164619165,0.9713182344324596
13.727223041722997,0.052971137521222414,0.19164619164619165,0.9714309127971892
13.771371568220559,0.053169734151329244,0.19164619164619165,0.9715435911619188
13.81552009471812,0.05351629502572899,0.19164619164619165,0.9717382174282699
13.859668621215683,0.05348516218081435,0.1904176904176904,0.9719021132315131
13.903817147713244,0.053670360110803325,0.1904176904176904,0.97200454810854
13.947965674210806,0.05402579295921924,0.1904176904176904,0.9721991743748911
13.992114200708372,0.05436688881094353,0.1904176904176904,0.9723835571535396
14.036262727205933,0.05469301340860974,0.1904176904176904,0.9725576964444854
14.080411253703495,0.0549061282323769,0.1904176904176904,0.972670374809215
14.124559780201057,0.05517977928088288,0.1904176904176904,0.9728137836370527
14.168708306698619,0.05555555555555555,0.1904176904176904,0.9730084099034039
14.21285683319618,0.055135135135135134,0.18796068796068796,0.973141575243539
14.257005359693743,0.055535390199637026,0.18796068796068796,0.9733464449975928
14.301153886191305,0.055372203887055375,0.1855036855036855,0.9736127756778628
14.345302412688866,0.05571955719557196,0.1855036855036855,0.9737869149688085
14.389450939186428,0.054957296695135535,0.18181818181818182,0.9739303237966462
14.43359946568399,0.055182699478001494,0.18181818181818182,0.974043002161376
14.477747992181552,0.05495327102803738,0.18058968058968058,0.974104463087592
14.521896518679114,0.0552423900789177,0.18058968058968058,0.9742478719154297
14.566045045176676,0.054841149773071106,0.17813267813267813,0.9744015242309702
14.610193571674237,0.05469046714774022,0.1769041769041769,0.9745039591079971
14.6543420981718,0.054600992745322645,0.17567567567567569,0.9746371244481321
14.698490624669361,0.054510556621881,0.17444717444717445,0.9747702897882671
14.742639151166923,0.05474171164225135,0.17444717444717445,0.9748829681529967
14.786787677664485,0.05460883036405887,0.1732186732186732,0.9749956465177264
14.830936204162047,0.05488516932658622,0.1732186732186732,0.9751288118578614
14.875084730659609,0.0543605788032851,0.17076167076167076,0.9752312467348883
14.919233257157167,0.05468135326514555,0.17076167076167076,0.9753848990504287
14.963381783654732,0.05452390359541683,0.16953316953316952,0.9754873339274556
15.00753031015229,0.05403257846642829,0.16707616707616707,0.9756102557798879
15.051678836649856,0.054248105305145594,0.16707616707616707,0.9757126906569149
15.095827363147414,0.054086538461538464,0.16584766584766586,0.9758151255339418
15.13997588964498,0.05430410297666935,0.16584766584766586,0.9759175604109688
15.184124416142538,0.05452342487883683,0.16584766584766586,0.9760199952879957
15.228272942640103,0.05478896103896104,0.16584766584766586,0.976142917140428
15.272421469137662,0.05392156862745098,0.16216216216216217,0.976276082480563
15.316569995635227,0.05420944558521561,0.16216216216216217,0.976409247820698
15.360718522132785,0.054500412881915775,0.16216216216216217,0.976542413160833
15.40486704863035,0.05470368835474513,0.16216216216216217,0.9766346045501573
15.449015575127909,0.05453788509575354,0.16093366093366093,0.9767370394271842
15.493164101625474,0.05443886097152429,0.1597051597051597,0.9768702047673192
15.537312628123033,0.05475989890480202,0.1597051597051597,0.9770136135951569
15.581461154620598,0.05515485787017395,0.1597051597051597,0.9771877528861027
15.625609681118156,0.05546075085324232,0.1597051597051597,0.9773209182262377
15.669758207615722,0.055793991416309016,0.1597051597051597,0.9774643270540754
15.71390673411328,0.05603448275862069,0.1597051597051597,0.9775667619311023
15.758055260610845,0.05584415584415584,0.15847665847665848,0.9776589533204265
15.802203787108404,0.05616020896821942,0.15847665847665848,0.9777921186605616
15.84635231360597,0.056214317083882304,0.15724815724815724,0.9779867449269127
15.890500840103527,0.05648720211827008,0.15724815724815724,0.9780994232916423
15.934649366601093,0.057091882247992866,0.15724815724815724,0.9783452669965069
15.978797893098651,0.05687416032243618,0.15601965601965603,0.9784272148981286
16.022946419596217,0.05710431654676259,0.15601965601965603,0.9785194062874527
16.067094946093775,0.057362240289069555,0.15601965601965603,0.9786218411644797
16.11124347259134,0.057622504537205084,0.15601965601965603,0.9787242760415066
16.1553919990889,0.05791153670770634,0.15601965601965603,0.9788369544062362
16.199540525586464,0.05831037649219467,0.15601965601965603,0.9789906067217766
16.243689052084022,0.05874190564292322,0.15601965601965603,0.9791545025250197
16.287837578581588,0.059124767225325885,0.15601965601965603,0.9792979113528574
16.331986105079146,0.05893358278765201,0.1547911547911548,0.9793901027421816
16.37613463157671,0.059322033898305086,0.1547911547911548,0.9795335115700193
16.42028315807427,0.059574468085106386,0.1547911547911548,0.9796257029593436
16.464431684571835,0.059354226020892686,0.15356265356265356,0.9797076508609651
16.508580211069393,0.05927342256214149,0.15233415233415235,0.9798408162011002
16.55272873756696,0.05978784956605593,0.15233415233415235,0.9800251989797486
16.596877264064517,0.06022340942204954,0.15233415233415235,0.980178851295289
16.641025790562082,0.06008793356130923,0.1511056511056511,0.9802915296600186
16.68517431705964,0.059833251593918585,0.14987714987714987,0.9803632340739374
16.729322843557206,0.05957656326932546,0.14864864864864866,0.9804349384878563
16.773471370054764,0.05975308641975308,0.14864864864864866,0.9804963994140725
16.81761989655233,0.06019900497512438,0.14864864864864866,0.980650051729613
16.861768423049895,0.06068204613841525,0.14864864864864866,0.980813947532856
16.905916949547453,0.06060606060606061,0.14742014742014742,0.980947112872991
16.95006547604502,0.059989832231825115,0.14496314496314497,0.9810597912377206
16.994214002542577,0.05972434915773354,0.14373464373464373,0.9811314956516395
17.038362529040143,0.059877175025588536,0.14373464373464373,0.9811827130901529
17.0825110555377,0.060154241645244216,0.14373464373464373,0.9812749044794772
17.126659582035266,0.059948320413436694,0.14250614250614252,0.9813670958688014
17.170808108532825,0.059802392095683825,0.14127764127764128,0.981479774233531
17.21495663503039,0.06017791732077447,0.14127764127764128,0.9816026960859634
17.25910516152795,0.06075013206550449,0.14127764127764128,0.9817870788646118
17.303253688025514,0.06094329623741388,0.14127764127764128,0.981848539790828
17.347402214523072,0.061202767429483766,0.14127764127764128,0.9819304876924495
17.391550741020637,0.061596143545795394,0.14127764127764128,0.9820534095448819
17.435699267518196,0.062095032397408205,0.14127764127764128,0.9822070618604223
17.47984779401576,0.0625,0.14127764127764128,0.9823299837128545
17.52399632051332,0.06273867975995635,0.14127764127764128,0.9824016881267734
17.568144847010885,0.06301369863013699,0.14127764127764128,0.982483636028395
17.612293373508443,0.06332599118942732,0.14127764127764128,0.9825758274177192
17.65644190000601,0.06256921373200443,0.13882063882063883,0.9826577753193407
17.700590426503567,0.06253489670575098,0.1375921375921376,0.9828011841471784
17.744738953001132,0.06263982102908278,0.1375921375921376,0.9828319146102865
17.78888747949869,0.06288601909039865,0.1375921375921376,0.9829036190242053
17.833036005996256,0.06309859154929577,0.1375921375921376,0.9829650799504215
17.877184532493814,0.06306818181818181,0.13636363636363635,0.9831084887782592
17.92133305899138,0.06350114416475973,0.13636363636363635,0.9832314106306915
17.965481585488938,0.06329113924050633,0.13513513513513514,0.9833236020200158
18.009630111986503,0.06362058993637941,0.13513513513513514,0.98341579340934
18.05377863848406,0.06417736289381563,0.13513513513513514,0.9835694457248804
18.097927164981627,0.06436512580456408,0.13513513513513514,0.9836206631633939
18.142075691479185,0.06485849056603774,0.13513513513513514,0.9837538285035289
18.18622421797675,0.06505026611472502,0.13513513513513514,0.9838050459420423
18.23037274447431,0.06547619047619048,0.13513513513513514,0.9839177243067719
18.274521270971874,0.06563245823389022,0.13513513513513514,0.9839586982575828
18.318669797469433,0.06530856800479329,0.1339066339066339,0.9840201591837989
18.362818323966998,0.06574185765983112,0.1339066339066339,0.9841328375485285
18.406966850464556,0.0661006670709521,0.1339066339066339,0.9842250289378528
18.45111537696212,0.06650396583282489,0.1339066339066339,0.9843274638148797
18.49526390345968,0.0669122160834868,0.1339066339066339,0.9844298986919067
18.539412429957245,0.06740878169449598,0.1339066339066339,0.9845528205443389
18.583560956454804,0.06770186335403727,0.1339066339066339,0.9846245249582578
18.62770948295237,0.06745783885071831,0.13267813267813267,0.9847064728598793
18.671858009449927,0.06792452830188679,0.13267813267813267,0.984819151224609
18.716006535947493,0.06826801517067003,0.13267813267813267,0.9849010991262305
18.76015506244505,0.06679389312977099,0.128992628992629,0.9849728035401494
18.804303588942616,0.06649616368286446,0.12776412776412777,0.9850445079540682
18.848452115440175,0.0671400903808909,0.12776412776412777,0.9851981602696086
18.89260064193774,0.06753246753246753,0.12776412776412777,0.9852903516589329
18.9367491684353,0.06736429038587312,0.12653562653562653,0.9853927865359597
18.980897694932864,0.06762967826657912,0.12653562653562653,0.9854542474621759
19.025046221430422,0.06737120211360634,0.12530712530712532,0.9855361953637974
19.069194747927988,0.06795469686875416,0.12530712530712532,0.9856693607039325
19.113343274425546,0.06827309236947791,0.12530712530712532,0.9857410651178513
19.15749180092311,0.06805929919137467,0.12407862407862408,0.9858332565071756
19.20164032742067,0.06847457627118644,0.12407862407862408,0.9859254478964998
19.245788853918235,0.06880108991825613,0.12407862407862408,0.9859971523104186
19.289937380415793,0.06922549691569568,0.12407862407862408,0.9860893436997429
19.33408590691336,0.06955922865013774,0.12407862407862408,0.9861610481136618
19.378234433410917,0.06994459833795014,0.12407862407862408,0.9862429960152833
19.422382959908482,0.07038327526132404,0.12407862407862408,0.9863351874046076
19.46653148640604,0.07072829131652661,0.12407862407862408,0.9864068918185264
19.510680012903606,0.07137809187279152,0.12407862407862408,0.9865400571586613
19.554828539401164,0.07183499288762446,0.12407862407862408,0.9866322485479856
19.59897706589873,0.07214285714285715,0.12407862407862408,0.9866937094742018
19.643125592396288,0.07194244604316546,0.12285012285012285,0.986785900863526
19.687274118893853,0.07267441860465117,0.12285012285012285,0.9869293096913637
19.73142264539141,0.07278020378457059,0.12285012285012285,0.9869497966667691
19.775571171888977,0.07304601899196493,0.12285012285012285,0.9870010141052825
19.819719698386535,0.07279411764705883,0.12162162162162163,0.9870829620069042
19.8638682248841,0.07300884955752213,0.12162162162162163,0.9871239359577149
19.90801675138166,0.07291666666666667,0.12039312039312039,0.9872366143224445
19.952165277879224,0.0734632683658171,0.12039312039312039,0.9873390491994715
19.996313804376783,0.07309721175584025,0.11916461916461916,0.9874005101256876
20.040462330874348,0.07348484848484849,0.11916461916461916,0.9874722145396064
20.084610857371906,0.07376425855513308,0.11916461916461916,0.9875234319781199
20.128759383869472,0.0743295019157088,0.11916461916461916,0.9876258668551469
20.17290791036703,0.07390300230946882,0.11793611793611794,0.9876770842936603
20.217056436864596,0.07459207459207459,0.11793611793611794,0.9878000061460926
20.261204963362154,0.07476635514018691,0.11793611793611794,0.9878307366092007
20.30535348985972,0.07511737089201878,0.11793611793611794,0.9878921975354169
20.349502016357278,0.07565011820330969,0.11793611793611794,0.987984388924741
20.393650542854843,0.0759493670886076,0.11793611793611794,0.9880356063632546
20.4377990693524,0.07606973058637084,0.11793611793611794,0.98805609333866
20.481947595849967,0.07569721115537849,0.1167076167076167,0.9881175542648761
20.526096122347525,0.07612179487179487,0.1167076167076167,0.9881892586787949
20.57024464884509,0.07592891760904685,0.11547911547911548,0.9882814500681192
20.61439317534265,0.07654723127035831,0.11547911547911548,0.9883838849451462
20.658541701840214,0.07679738562091504,0.11547911547911548,0.9884248588959569
20.702690228337772,0.07648026315789473,0.11425061425061425,0.9884965633098758
20.746838754835338,0.07666941467436109,0.11425061425061425,0.9885272937729839
20.790987281332896,0.07705053852526926,0.11425061425061425,0.9885887546991999
20.83513580783046,0.07756463719766472,0.11425061425061425,0.9886707026008216
20.87928433432802,0.07698744769874477,0.11302211302211303,0.9887014330639297
20.923432860825585,0.07763713080168777,0.11302211302211303,0.9888038679409565
20.967581387323143,0.07849829351535836,0.11302211302211303,0.9889370332810915
21.01172991382071,0.07890222984562607,0.11302211302211303,0.9889984942073077
21.055878440318267,0.07931034482758621,0.11302211302211303,0.9890599551335238
21.100026966815832,0.0798611111111111,0.11302211302211303,0.9891419030351454
21.14417549331339,0.08020924149956409,0.11302211302211303,0.9891931204736589
21.188324019810956,0.08070175438596491,0.11302211302211303,0.9892648248875777
21.232472546308514,0.08060230292294066,0.11179361179361179,0.9893672597646046
21.27662107280608,0.08110516934046345,0.11179361179361179,0.9894389641785235
21.320769599303638,0.08146821844225605,0.11179361179361179,0.989490181617037
21.364918125801204,0.0819081908190819,0.11179361179361179,0.9895516425432531
21.409066652298762,0.08227848101265822,0.11179361179361179,0.9896028599817666
21.453215178796327,0.08265213442325159,0.11179361179361179,0.9896540774202801
21.497363705293886,0.08280254777070063,0.11179361179361179,0.9896745643956855
21.54151223179145,0.08325709057639524,0.11179361179361179,0.9897360253219016
21.58566075828901,0.08294930875576037,0.11056511056511056,0.9898077297358204
21.629809284786575,0.08341056533827618,0.11056511056511056,0.9898691906620366
21.673957811284133,0.08348794063079777,0.11056511056511056,0.9898794341497393
21.7181063377817,0.08419083255378859,0.11056511056511056,0.9899716255390636
21.762254864279257,0.08482563619227144,0.11056511056511056,0.9900535734406851
21.806403390776822,0.08404154863078375,0.10933660933660934,0.9900638169283877
21.85055191727438,0.08388941849380362,0.10810810810810811,0.990156008317712
21.894700443771946,0.08421052631578947,0.10810810810810811,0.9901969822685228
21.938848970269504,0.0846968238691049,0.10810810810810811,0.990258443194739
21.98299749676707,0.08438409311348205,0.10687960687960688,0.9903301476086578
22.027146023264628,0.08471275559883155,0.10687960687960688,0.9903711215594686
22.071294549762193,0.0849609375,0.10687960687960688,0.9904018520225767
22.11544307625975,0.08464566929133858,0.10565110565110565,0.9904735564364955
22.159591602757317,0.08506429277942631,0.10565110565110565,0.9905247738750089
22.203740129254875,0.08523290386521308,0.10565110565110565,0.9905452608504144
22.24788865575244,0.0847457627118644,0.10442260442260443,0.9905964782889278
22.29203718225,0.085,0.10442260442260443,0.9906272087520359
22.336185708747564,0.0853413654618474,0.10442260442260443,0.9906681827028466
22.380334235245122,0.0859453993933266,0.10442260442260443,0.9907398871167655
22.424482761742688,0.08664627930682976,0.10442260442260443,0.990821835018387
22.468631288240253,0.08717948717948718,0.10442260442260443,0.9908832959446032
22.51277981473781,0.0878099173553719,0.10442260442260443,0.990955000358522
22.556928341235377,0.08731808731808732,0.10319410319410319,0.9910062177970356
22.601076867732935,0.08814270724029381,0.10319410319410319,0.9910984091863597
22.6452253942305,0.08851422550052687,0.10319410319410319,0.9911393831371705
22.68937392072806,0.08888888888888889,0.10319410319410319,0.9911803570879814
22.733522447225624,0.08926673751328375,0.10319410319410319,0.9912213310387921
22.777670973723183,0.08945686900958466,0.10319410319410319,0.9912418180141975
22.821819500220748,0.08983957219251337,0.10319410319410319,0.9912827919650082
22.865968026718306,0.08924731182795699,0.10196560196560196,0.991323765915819
22.91011655321587,0.0895361380798274,0.10196560196560196,0.9913544963789271
22.95426507971343,0.08982683982683982,0.10196560196560196,0.9913852268420352
22.998413606210995,0.08922742110990206,0.10073710073710074,0.9914262007928459
23.042562132708554,0.08991228070175439,0.10073710073710074,0.9914979052067648
23.08671065920612,0.0891089108910891,0.09950859950859951,0.9915183921821702
23.130859185703677,0.08879023307436182,0.09828009828009827,0.991590096596089
23.175007712201243,0.08918617614269789,0.09828009828009827,0.9916310705468998
23.2191562386988,0.0893854748603352,0.09828009828009827,0.9916515575223052
23.263304765196366,0.08968609865470852,0.09828009828009827,0.9916822879854132
23.307453291693925,0.08998875140607424,0.09828009828009827,0.9917130184485213
23.35160181819149,0.0903954802259887,0.09828009828009827,0.9917539923993322
23.39575034468905,0.08967082860385925,0.09705159705159705,0.9917847228624402
23.439898871186614,0.08934707903780069,0.09582309582309582,0.991856427276359
23.484047397684172,0.0896551724137931,0.09582309582309582,0.9918871577394671
23.528195924181738,0.09006928406466513,0.09582309582309582,0.9919281316902779
23.572344450679296,0.09048723897911833,0.09582309582309582,0.9919691056410886
23.61649297717686,0.08974358974358974,0.0945945945945946,0.9919998361041967
23.66064150367442,0.08984830805134189,0.0945945945945946,0.9920100795918995
23.704790030171985,0.0903755868544601,0.0945945945945946,0.9920612970304129
23.748938556669543,0.09080188679245282,0.0945945945945946,0.9921022709812237
23.79308708316711,0.09134045077105575,0.0945945945945946,0.9921534884197372
23.837235609664667,0.09166666666666666,0.0945945945945946,0.9921842188828452
23.881384136162232,0.09177592371871275,0.0945945945945946,0.9921944623705479
23.92553266265979,0.09101796407185629,0.09336609336609336,0.992225192833656
23.969681189157356,0.09057971014492754,0.09213759213759214,0.9922866537598721
24.013829715654914,0.09146341463414634,0.09213759213759214,0.9923686016614937
24.05797824215248,0.09168704156479218,0.09213759213759214,0.9923890886368991
24.102126768650038,0.09202453987730061,0.09213759213759214,0.9924198191000072
24.146275295147603,0.09225092250922509,0.09213759213759214,0.9924403060754126
24.19042382164516,0.09247842170160296,0.09213759213759214,0.9924607930508179
24.234572348142727,0.09316770186335403,0.09213759213759214,0.9925222539770341
24.278720874640285,0.0925,0.09090909090909091,0.9925632279278449
24.32286940113785,0.09284818067754078,0.09090909090909091,0.992593958390953
24.36701792763541,0.09331651954602774,0.09090909090909091,0.9926349323417637
24.411166454132974,0.09355246523388117,0.09090909090909091,0.9926554193171692
24.455314980630533,0.09323116219667944,0.08968058968058969,0.992727123731088
24.499463507128098,0.09346991037131883,0.08968058968058969,0.9927476107064933
24.543612033625656,0.09395109395109395,0.08968058968058969,0.9927885846573041
24.587760560123222,0.0944372574385511,0.08968058968058969,0.9928295586081148
24.63190908662078,0.09492847854356307,0.08968058968058969,0.9928705325589257
24.676057613118346,0.09517601043024772,0.08968058968058969,0.992891019534331
24.720206139615904,0.09530026109660575,0.08968058968058969,0.9929012630220337
24.76435466611347,0.09567496723460026,0.08968058968058969,0.9929319934851418
24.808503192611028,0.09592641261498029,0.08968058968058969,0.9929524804605472
24.852651719108593,0.09630606860158311,0.08968058968058969,0.9929832109236553
24.89680024560615,0.0964332892998679,0.08968058968058969,0.992993454411358
24.940948772103717,0.09681697612732096,0.08968058968058969,0.9930241848744661
24.985097298601275,0.09759358288770054,0.08968058968058969,0.9930856458006823
25.02924582509884,0.0953020134228188,0.08722358722358722,0.9930958892883849
25.0733943515964,0.09581646423751687,0.08722358722358722,0.9931368632391957
25.117542878093964,0.09607577807848444,0.08722358722358722,0.993157350214601
25.161691404591522,0.09620596205962059,0.08722358722358722,0.9931675937023038
25.205839931089088,0.09633649932157395,0.08722358722358722,0.9931778371900064
25.249988457586646,0.0958904109589041,0.085995085995086,0.9932392981162226
25.29413698408421,0.0958904109589041,0.085995085995086,0.9932392981162226
25.33828551058177,0.09628610729023383,0.085995085995086,0.9932700285793307
25.382434037079335,0.09681881051175657,0.085995085995086,0.9933110025301415
25.426582563576893,0.09735744089012517,0.085995085995086,0.9933519764809522
25.47073109007446,0.09776536312849161,0.085995085995086,0.9933827069440603
25.514879616572017,0.09718309859154929,0.08476658476658476,0.9934339243825738
25.559028143069582,0.09759547383309759,0.08476658476658476,0.9934646548456818
25.60317666956714,0.09829059829059829,0.08476658476658476,0.9935158722841954
25.647325196064706,0.0988538681948424,0.08476658476658476,0.9935568462350061
25.691473722562264,0.09826589595375723,0.08353808353808354,0.9936080636735196
25.73562224905983,0.09855072463768116,0.08353808353808354,0.993628550648925
25.779770775557388,0.09724238026124818,0.08230958230958231,0.993628550648925
25.823919302054954,0.09635036496350365,0.08108108108108109,0.993659281112033
25.868067828552512,0.09649122807017543,0.08108108108108109,0.9936695245997357
25.912216355050077,0.09734513274336283,0.08108108108108109,0.9937309855259518
25.956364881547636,0.09777777777777778,0.08108108108108109,0.9937617159890599
26.0005134080452,0.09821428571428571,0.08108108108108109,0.993792446452168
26.04466193454276,0.09895052473763119,0.08108108108108109,0.9938436638906815
26.088810461040325,0.09803921568627451,0.07985257985257985,0.9938743943537895
26.132958987537883,0.09833585476550681,0.07985257985257985,0.993894881329195
26.17710751403545,0.09863429438543247,0.07985257985257985,0.9939153683046004
26.221256040533007,0.09878419452887538,0.07985257985257985,0.9939256117923031
26.265404567030572,0.09908536585365854,0.07985257985257985,0.9939460987677085
26.30955309352813,0.09800918836140889,0.07862407862407862,0.9939665857431138
26.353701620025696,0.0970724191063174,0.0773955773955774,0.9939973162062219
26.397850146523254,0.09752321981424149,0.0773955773955774,0.99402804666933
26.44199867302082,0.09782608695652174,0.0773955773955774,0.9940485336447353
26.486147199518378,0.09813084112149532,0.0773955773955774,0.9940690206201408
26.530295726015943,0.0984375,0.0773955773955774,0.9940895075955462
26.5744442525135,0.0987460815047022,0.0773955773955774,0.9941099945709515
26.618592779011067,0.0987460815047022,0.0773955773955774,0.9941099945709515
26.662741305508625,0.09748427672955975,0.07616707616707617,0.9941202380586542
26.70688983200619,0.09748427672955975,0.07616707616707617,0.9941202380586542
26.75103835850375,0.09682539682539683,0.07493857493857493,0.9941714554971677
26.795186885001314,0.09682539682539683,0.07493857493857493,0.9941714554971677
26.839335411498872,0.09728867623604466,0.07493857493857493,0.9942021859602758
26.883483937996438,0.09728867623604466,0.07493857493857493,0.9942021859602758
26.927632464493996,0.0976,0.07493857493857493,0.9942226729356811
26.97178099099156,0.09775641025641026,0.07493857493857493,0.9942329164233839
27.01592951748912,0.09775641025641026,0.07493857493857493,0.9942329164233839
27.060078043986685,0.0966183574879227,0.07371007371007371,0.9942534033987892
27.104226570484244,0.0966183574879227,0.07371007371007371,0.9942534033987892
27.14837509698181,0.0966183574879227,0.07371007371007371,0.9942534033987892
27.192523623479367,0.09577922077922078,0.07248157248157248,0.9942943773496
27.236672149976933,0.09656301145662848,0.07248157248157248,0.9943455947881135
27.28082067647449,0.09602649006622517,0.07125307125307126,0.9944070557143296
27.324969202972056,0.09618573797678276,0.07125307125307126,0.9944172992020323
27.369117729469615,0.09666666666666666,0.07125307125307126,0.9944480296651403
27.41326625596718,0.09698996655518395,0.07125307125307126,0.9944685166405458
27.45741478246474,0.09813874788494077,0.07125307125307126,0.9945402210544646
27.501563308962304,0.09830508474576272,0.07125307125307126,0.9945504645421673
27.545711835459862,0.09847198641765705,0.07125307125307126,0.99456070802987
27.589860361957427,0.09880749574105621,0.07125307125307126,0.9945811950052754
27.634008888454986,0.09897610921501707,0.07125307125307126,0.994591438492978
27.67815741495255,0.09965635738831616,0.07125307125307126,0.9946324124437889
27.72230594145011,0.1,0.07125307125307126,0.9946528994191942
27.766454467947675,0.1,0.07125307125307126,0.9946528994191942
27.810602994445233,0.10086956521739131,0.07125307125307126,0.9947041168577078
27.8547515209428,0.1012216404886562,0.07125307125307126,0.9947246038331131
27.898900047440357,0.10175438596491228,0.07125307125307126,0.9947553342962212
27.943048573937922,0.10265486725663717,0.07125307125307126,0.9948065517347346
27.98719710043548,0.0994671403197158,0.0687960687960688,0.9948065517347346
28.031345626933046,0.1,0.0687960687960688,0.9948372821978427
28.075494153430604,0.1003584229390681,0.0687960687960688,0.9948577691732481
28.11964267992817,0.09927797833935018,0.06756756756756757,0.9948884996363562
28.163791206425735,0.09818181818181818,0.06633906633906633,0.9949192300994643
28.207939732923293,0.09854014598540146,0.06633906633906633,0.9949397170748696
28.25208825942086,0.0974264705882353,0.06511056511056511,0.9949704475379777
28.296236785918417,0.09760589318600368,0.06511056511056511,0.9949806910256804
28.340385312415982,0.09796672828096119,0.06511056511056511,0.9950011780010858
28.38453383891354,0.09833024118738404,0.06511056511056511,0.9950216649764912
28.428682365411106,0.09665427509293681,0.06388206388206388,0.9950216649764912
28.472830891908664,0.09683426443202979,0.06388206388206388,0.9950319084641939
28.51697941840623,0.0975609756097561,0.06388206388206388,0.9950728824150047
28.561127944903788,0.09811320754716982,0.06388206388206388,0.9951036128781128
28.605276471401353,0.09811320754716982,0.06388206388206388,0.9951036128781128
28.64942499789891,0.09811320754716982,0.06388206388206388,0.9951036128781128
28.693573524396477,0.09829867674858223,0.06388206388206388,0.9951138563658154
28.737722050894035,0.09885931558935361,0.06388206388206388,0.9951445868289235
28.7818705773916,0.09751434034416825,0.06265356265356266,0.995165073804329
28.82601910388916,0.09751434034416825,0.06265356265356266,0.995165073804329
28.870167630386725,0.09751434034416825,0.06265356265356266,0.995165073804329
28.914316156884283,0.09596928982725528,0.06142506142506143,0.9951753172920316
28.958464683381848,0.09633911368015415,0.06142506142506143,0.9951958042674369
29.002613209879406,0.09689922480620156,0.06142506142506143,0.995226534730545
29.046761736376972,0.0970873786407767,0.06142506142506143,0.9952367782182477
29.09091026287453,0.0970873786407767,0.06142506142506143,0.9952367782182477
29.135058789372096,0.09784735812133072,0.06142506142506143,0.9952777521690586
29.179207315869654,0.09803921568627451,0.06142506142506143,0.9952879956567612
29.22335584236722,0.09823182711198428,0.06142506142506143,0.9952982391444639
29.267504368864778,0.09861932938856016,0.06142506142506143,0.9953187261198693
29.311652895362343,0.09900990099009901,0.06142506142506143,0.9953392130952747
29.3558014218599,0.09940357852882704,0.06142506142506143,0.9953597000706801
29.399949948357467,0.099601593625498,0.06142506142506143,0.9953699435583827
29.444098474855025,0.10020040080160321,0.06142506142506143,0.9954006740214908
29.48824700135259,0.09879032258064516,0.060196560196560195,0.9954211609968963
29.53239552785015,0.09898989898989899,0.060196560196560195,0.9954314044845989
29.576544054347714,0.1,0.060196560196560195,0.9954826219231124
29.620692580845272,0.1,0.060196560196560195,0.9954826219231124
29.664841107342838,0.10103092783505155,0.060196560196560195,0.9955338393616259
29.708989633840396,0.1012396694214876,0.060196560196560195,0.9955440828493285
29.75313816033796,0.1016597510373444,0.060196560196560195,0.995564569824734
29.79728668683552,0.1022964509394572,0.060196560196560195,0.995595300287842
29.841435213333085,0.1022964509394572,0.060196560196560195,0.995595300287842
29.885583739830643,0.1022964509394572,0.060196560196560195,0.995595300287842
29.92973226632821,0.100418410041841,0.05896805896805897,0.995595300287842
29.973880792825767,0.10062893081761007,0.05896805896805897,0.9956055437755447
30.018029319323333,0.10126582278481013,0.05896805896805897,0.9956362742386528
30.06217784582089,0.1014799154334038,0.05896805896805897,0.9956465177263555
30.106326372318456,0.10212765957446808,0.05896805896805897,0.9956772481894636
30.150474898816015,0.10256410256410256,0.05896805896805897,0.9956977351648689
30.19462342531358,0.1032258064516129,0.05896805896805897,0.995728465627977
30.238771951811138,0.10129310344827586,0.05773955773955774,0.995728465627977
30.282920478308704,0.10173160173160173,0.05773955773955774,0.9957489526033824
30.327069004806262,0.1019522776572668,0.05773955773955774,0.9957591960910851
30.371217531303827,0.10239651416122005,0.05773955773955774,0.9957796830664905
30.415366057801386,0.10065645514223195,0.056511056511056514,0.9957899265541932
30.45951458429895,0.0989010989010989,0.05528255528255528,0.9958001700418959
30.50366311079651,0.09911894273127753,0.05528255528255528,0.9958104135295985
30.547811637294075,0.09955752212389381,0.05528255528255528,0.9958309005050039
30.591960163791633,0.09977827050997783,0.05528255528255528,0.9958411439927066
30.6361086902892,0.1,0.05528255528255528,0.9958513874804094
30.680257216786757,0.10022271714922049,0.05528255528255528,0.995861630968112
30.724405743284322,0.10044642857142858,0.05528255528255528,0.9958718744558147
30.76855426978188,0.10089686098654709,0.05528255528255528,0.9958923614312201
30.812702796279446,0.09954751131221719,0.05405405405405406,0.9959230918943281
30.856851322777004,0.10022779043280182,0.05405405405405406,0.9959538223574362
30.90099984927457,0.10091743119266056,0.05405405405405406,0.9959845528205443
30.945148375772128,0.09953703703703703,0.052825552825552825,0.9960152832836524
30.989296902269693,0.10023310023310024,0.052825552825552825,0.9960460137467605
31.03344542876725,0.1011764705882353,0.052825552825552825,0.9960869876975713
31.077593955264817,0.1016548463356974,0.052825552825552825,0.9961074746729767
31.121742481762375,0.09761904761904762,0.05036855036855037,0.9961177181606794
31.16589100825994,0.09785202863961814,0.05036855036855037,0.996127961648382
31.2100395347575,0.09808612440191387,0.05036855036855037,0.9961382051360848
31.254188061255064,0.09808612440191387,0.05036855036855037,0.9961382051360848
31.298336587752623,0.0985576923076923,0.05036855036855037,0.9961586921114901
31.342485114250188,0.09951456310679611,0.05036855036855037,0.9961996660623009
31.386633640747746,0.09951456310679611,0.05036855036855037,0.9961996660623009
31.43078216724531,0.09975669099756691,0.05036855036855037,0.9962099095500035
31.47493069374287,0.09828009828009827,0.04914004914004914,0.9962406400131116
31.519079220240435,0.09828009828009827,0.04914004914004914,0.9962406400131116
31.563227746737994,0.09828009828009827,0.04914004914004914,0.9962406400131116
31.60737627323556,0.09828009828009827,0.04914004914004914,0.9962406400131116
31.651524799733117,0.09828009828009827,0.04914004914004914,0.9962406400131116
31.695673326230683,0.09900990099009901,0.04914004914004914,0.9962713704762197
31.73982185272824,0.09925558312655088,0.04914004914004914,0.9962816139639225
31.783970379225806,0.1,0.04914004914004914,0.9963123444270305
31.828118905723365,0.1,0.04914004914004914,0.9963123444270305
31.87226743222093,0.10025062656641603,0.04914004914004914,0.9963225879147332
31.91641595871849,0.10075566750629723,0.04914004914004914,0.9963430748901386
31.960564485216054,0.10152284263959391,0.04914004914004914,0.9963738053532467
32.00471301171361,0.10152284263959391,0.04914004914004914,0.9963738053532467
32.04886153821118,0.10152284263959391,0.04914004914004914,0.9963738053532467
32.093010064708736,0.10204081632653061,0.04914004914004914,0.9963942923286521
32.1371585912063,0.10204081632653061,0.04914004914004914,0.9963942923286521
32.18130711770386,0.10256410256410256,0.04914004914004914,0.9964147793040574
32.225455644201425,0.10309278350515463,0.04914004914004914,0.9964352662794629
32.26960417069898,0.1012987012987013,0.04791154791154791,0.9964557532548682
32.31375269719655,0.1012987012987013,0.04791154791154791,0.9964557532548682
32.35790122369411,0.1015625,0.04791154791154791,0.9964659967425709
32.40204975019167,0.10182767624020887,0.04791154791154791,0.9964762402302736
32.44619827668923,0.09973753280839895,0.04668304668304668,0.9964864837179763
32.490346803186796,0.10052910052910052,0.04668304668304668,0.9965172141810844
32.534495329684354,0.10106382978723404,0.04668304668304668,0.9965377011564898
32.57864385618192,0.10133333333333333,0.04668304668304668,0.9965479446441925
32.62279238267948,0.09919571045576407,0.045454545454545456,0.9965581881318951
32.66694090917704,0.09703504043126684,0.044226044226044224,0.9965684316195978
32.7110894356746,0.0972972972972973,0.044226044226044224,0.9965786751073006
32.75523796217217,0.09782608695652174,0.044226044226044224,0.9965991620827059
32.799386488669725,0.09836065573770492,0.044226044226044224,0.9966196490581113
32.84353501516729,0.09668508287292818,0.042997542997543,0.9966503795212194
32.88768354166485,0.09695290858725762,0.042997542997543,0.9966606230089221
32.931832068162414,0.09722222222222222,0.042997542997543,0.9966708664966247
32.97598059465997,0.0947075208913649,0.04176904176904177,0.9966708664966247
33.02012912115754,0.09550561797752809,0.04176904176904177,0.9967015969597328
33.064277647655096,0.09550561797752809,0.04176904176904177,0.9967015969597328
33.10842617415266,0.09322033898305085,0.04054054054054054,0.9967118404474355
33.15257470065022,0.09375,0.04054054054054054,0.9967323274228409
33.196723227147785,0.09375,0.04054054054054054,0.9967323274228409
33.240871753645344,0.09375,0.04054054054054054,0.9967323274228409
33.28502028014291,0.0953757225433526,0.04054054054054054,0.9967937883490571
33.32916880664047,0.09565217391304348,0.04054054054054054,0.9968040318367598
33.37331733313803,0.09593023255813954,0.04054054054054054,0.9968142753244624
33.41746585963559,0.09593023255813954,0.04054054054054054,0.9968142753244624
33.46161438613316,0.09593023255813954,0.04054054054054054,0.9968142753244624
33.505762912630715,0.09593023255813954,0.04054054054054054,0.9968142753244624
33.54991143912828,0.0967741935483871,0.04054054054054054,0.9968450057875705
33.59405996562584,0.09763313609467456,0.04054054054054054,0.9968757362506786
33.638208492123404,0.09821428571428571,0.04054054054054054,0.9968962232260841
33.68235701862096,0.09850746268656717,0.04054054054054054,0.9969064667137867
33.72650554511853,0.09580838323353294,0.03931203931203931,0.9969064667137867
33.770654071616086,0.09667673716012085,0.03931203931203931,0.9969371971768948
33.81480259811365,0.0972644376899696,0.03931203931203931,0.9969576841523001
33.85895112461122,0.0972644376899696,0.03931203931203931,0.9969576841523001
33.903099651108775,0.0972644376899696,0.03931203931203931,0.9969576841523001
33.94724817760634,0.09815950920245399,0.03931203931203931,0.9969884146154082
33.9913967041039,0.09846153846153846,0.03931203931203931,0.996998658103111
34.035545230601464,0.09627329192546584,0.038083538083538086,0.9970191450785163
34.07969375709902,0.09627329192546584,0.038083538083538086,0.9970191450785163
34.12384228359659,0.09657320872274143,0.038083538083538086,0.997029388566219
34.167990810094146,0.09657320872274143,0.038083538083538086,0.997029388566219
34.21213933659171,0.096875,0.038083538083538086,0.9970396320539218
34.25628786308927,0.09717868338557993,0.038083538083538086,0.9970498755416244
34.300436389586835,0.09717868338557993,0.038083538083538086,0.9970498755416244
34.34458491608439,0.09717868338557993,0.038083538083538086,0.9970498755416244
34.38873344258196,0.09748427672955975,0.038083538083538086,0.9970601190293271
34.43288196907952,0.09779179810725552,0.038083538083538086,0.9970703625170299
34.47703049557708,0.0981012658227848,0.038083538083538086,0.9970806060047325
34.52117902207464,0.09841269841269841,0.038083538083538086,0.9970908494924352
34.565327548572206,0.09554140127388536,0.036855036855036855,0.9970908494924352
34.609476075069765,0.09646302250803858,0.036855036855036855,0.9971215799555433
34.65362460156733,0.0967741935483871,0.036855036855036855,0.9971318234432459
34.69777312806489,0.09740259740259741,0.036855036855036855,0.9971523104186514
34.741921654562454,0.09771986970684039,0.036855036855036855,0.997162553906354
34.78607018106001,0.09570957095709572,0.03562653562653563,0.9971932843694621
34.83021870755758,0.09570957095709572,0.03562653562653563,0.9971932843694621
34.874367234055136,0.09271523178807947,0.0343980343980344,0.9971932843694621
34.9185157605527,0.0903010033444816,0.033169533169533166,0.9972137713448676
34.96266428705026,0.09121621621621621,0.033169533169533166,0.9972445018079755
35.006812813547825,0.09152542372881356,0.033169533169533166,0.9972547452956783
35.05096134004538,0.09183673469387756,0.033169533169533166,0.997264988783381
35.09510986654295,0.09246575342465753,0.033169533169533166,0.9972854757587863
35.13925839304051,0.09027777777777778,0.03194103194103194,0.9973162062218944
35.18340691953807,0.09027777777777778,0.03194103194103194,0.9973162062218944
35.22755544603563,0.09027777777777778,0.03194103194103194,0.9973162062218944
35.271703972533196,0.09059233449477352,0.03194103194103194,0.9973264497095972
35.315852499030754,0.09090909090909091,0.03194103194103194,0.9973366931972998
35.36000102552832,0.0912280701754386,0.03194103194103194,0.9973469366850025
35.40414955202588,0.08865248226950355,0.030712530712530713,0.9973674236604079
35.44829807852344,0.08896797153024912,0.030712530712530713,0.9973776671481106
35.492446605021,0.08896797153024912,0.030712530712530713,0.9973776671481106
35.53659513151857,0.08928571428571429,0.030712530712530713,0.9973879106358133
35.580743658016125,0.08960573476702509,0.030712530712530713,0.997398154123516
35.62489218451369,0.08992805755395683,0.030712530712530713,0.9974083976112187
35.66904071101125,0.09025270758122744,0.030712530712530713,0.9974186410989213
35.713189237508814,0.09025270758122744,0.030712530712530713,0.9974186410989213
35.75733776400637,0.09025270758122744,0.030712530712530713,0.9974186410989213
35.80148629050394,0.09057971014492754,0.030712530712530713,0.997428884586624
35.845634817001496,0.09090909090909091,0.030712530712530713,0.9974391280743268
35.88978334349906,0.09157509157509157,0.030712530712530713,0.9974596150497321
35.93393186999662,0.09191176470588236,0.030712530712530713,0.9974698585374349
35.978080396494185,0.09225092250922509,0.030712530712530713,0.9974801020251375
36.022228922991744,0.09225092250922509,0.030712530712530713,0.9974801020251375
36.06637744948931,0.09259259259259259,0.030712530712530713,0.9974903455128402
36.11052597598687,0.09363295880149813,0.030712530712530713,0.9975210759759483
36.15467450248443,0.09433962264150944,0.030712530712530713,0.9975415629513537
36.19882302898199,0.0946969696969697,0.030712530712530713,0.9975518064390564
36.242971555479556,0.09505703422053231,0.030712530712530713,0.997562049926759
36.287120081977115,0.09505703422053231,0.030712530712530713,0.997562049926759
36.33126860847468,0.09541984732824428,0.030712530712530713,0.9975722934144617
36.37541713497224,0.09230769230769231,0.029484029484029485,0.9975825369021645
36.419565661469804,0.09266409266409266,0.029484029484029485,0.9975927803898671
36.46371418796736,0.09302325581395349,0.029484029484029485,0.9976030238775698
36.50786271446493,0.09302325581395349,0.029484029484029485,0.9976030238775698
36.552011240962486,0.0933852140077821,0.029484029484029485,0.9976132673652726
36.59615976746005,0.09486166007905138,0.029484029484029485,0.9976542413160833
36.64030829395761,0.09486166007905138,0.029484029484029485,0.9976542413160833
36.684456820455175,0.09486166007905138,0.029484029484029485,0.9976542413160833
36.72860534695273,0.09561752988047809,0.029484029484029485,0.9976747282914887
36.7727538734503,0.09561752988047809,0.029484029484029485,0.9976747282914887
36.81690239994786,0.0963855421686747,0.029484029484029485,0.9976952152668941
36.86105092644542,0.09349593495934959,0.028255528255528257,0.9977157022422994
36.90519945294298,0.09465020576131687,0.028255528255528257,0.9977464327054075
36.949347979440546,0.09465020576131687,0.028255528255528257,0.9977464327054075
36.993496505938104,0.09465020576131687,0.028255528255528257,0.9977464327054075
37.03764503243567,0.09504132231404959,0.028255528255528257,0.9977566761931103
37.08179355893323,0.0954356846473029,0.028255528255528257,0.9977669196808129
37.12594208543079,0.0954356846473029,0.028255528255528257,0.9977669196808129
37.17009061192835,0.09243697478991597,0.02702702702702703,0.9977874066562183
37.21423913842592,0.09243697478991597,0.02702702702702703,0.9977874066562183
37.258387664923475,0.08898305084745763,0.025798525798525797,0.997797650143921
37.30253619142104,0.08974358974358974,0.025798525798525797,0.9978181371193264
37.3466847179186,0.09051724137931035,0.025798525798525797,0.9978386240947318
37.390833244416164,0.08658008658008658,0.02457002457002457,0.9978386240947318
37.43498177091372,0.08658008658008658,0.02457002457002457,0.9978386240947318
37.47913029741129,0.08695652173913043,0.02457002457002457,0.9978488675824345
37.523278823908846,0.08695652173913043,0.02457002457002457,0.9978488675824345
37.56742735040641,0.08695652173913043,0.02457002457002457,0.9978488675824345
37.61157587690397,0.08733624454148471,0.02457002457002457,0.9978591110701371
37.655724403401535,0.08771929824561403,0.02457002457002457,0.9978693545578399
37.699872929899094,0.0881057268722467,0.02457002457002457,0.9978795980455425
37.74402145639666,0.08520179372197309,0.02334152334152334,0.9979103285086506
37.78816998289422,0.08597285067873303,0.02334152334152334,0.997930815484056
37.83231850939178,0.0871559633027523,0.02334152334152334,0.9979615459471641
37.87646703588934,0.0871559633027523,0.02334152334152334,0.9979615459471641
37.92061556238691,0.0871559633027523,0.02334152334152334,0.9979615459471641
37.964764088884465,0.08837209302325581,0.02334152334152334,0.9979922764102722
38.00891261538203,0.08450704225352113,0.022113022113022112,0.9980025198979748
38.05306114187959,0.08571428571428572,0.022113022113022112,0.9980332503610829
38.097209668377154,0.08173076923076923,0.020884520884520884,0.9980434938487857
38.14135819487471,0.0825242718446602,0.020884520884520884,0.998063980824191
38.18550672137228,0.0825242718446602,0.020884520884520884,0.998063980824191
38.229655247869836,0.08292682926829269,0.020884520884520884,0.9980742243118937
38.2738037743674,0.08374384236453201,0.020884520884520884,0.9980947112872991
38.31795230086496,0.08374384236453201,0.020884520884520884,0.9980947112872991
38.362100827362525,0.08415841584158416,0.020884520884520884,0.9981049547750018
38.40624935386008,0.085,0.020884520884520884,0.9981254417504072
38.45039788035765,0.085,0.020884520884520884,0.9981254417504072
38.49454640685521,0.085,0.020884520884520884,0.9981254417504072
38.53869493335277,0.08585858585858586,0.020884520884520884,0.9981459287258125
38.58284345985033,0.08629441624365482,0.020884520884520884,0.9981561722135153
38.626991986347896,0.08629441624365482,0.020884520884520884,0.9981561722135153
38.671140512845454,0.08717948717948718,0.020884520884520884,0.9981766591889206
38.71528903934302,0.08808290155440414,0.020884520884520884,0.998197146164326
38.75943756584058,0.08900523560209424,0.020884520884520884,0.9982176331397314
38.80358609233814,0.08947368421052632,0.020884520884520884,0.9982278766274341
38.8477346188357,0.08994708994708994,0.020884520884520884,0.9982381201151368
38.89188314533327,0.08994708994708994,0.020884520884520884,0.9982381201151368
38.936031671830825,0.09090909090909091,0.020884520884520884,0.9982586070905421
38.98018019832839,0.09239130434782608,0.020884520884520884,0.9982893375536502
39.02432872482595,0.08743169398907104,0.019656019656019656,0.9982893375536502
39.068477251323515,0.08743169398907104,0.019656019656019656,0.9982893375536502
39.11262577782107,0.08791208791208792,0.019656019656019656,0.998299581041353
39.15677430431864,0.08839779005524862,0.019656019656019656,0.9983098245290557
39.2009228308162,0.08888888888888889,0.019656019656019656,0.9983200680167583
39.24507135731376,0.0893854748603352,0.019656019656019656,0.998330311504461
39.28921988381132,0.0893854748603352,0.019656019656019656,0.998330311504461
39.333368410308886,0.0893854748603352,0.019656019656019656,0.998330311504461
39.377516936806444,0.0893854748603352,0.019656019656019656,0.998330311504461
39.42166546330401,0.0893854748603352,0.019656019656019656,0.998330311504461
39.465813989801575,0.0898876404494382,0.019656019656019656,0.9983405549921638
39.50996251629913,0.0903954802259887,0.019656019656019656,0.9983507984798664
39.5541110427967,0.09195402298850575,0.019656019656019656,0.9983815289429745
39.59825956929426,0.09195402298850575,0.019656019656019656,0.9983815289429745
39.64240809579182,0.0872093023255814,0.018427518427518427,0.9983917724306772
39.68655662228938,0.0872093023255814,0.018427518427518427,0.9983917724306772
39.730705148786946,0.08771929824561403,0.018427518427518427,0.9984020159183798
39.774853675284504,0.08771929824561403,0.018427518427518427,0.9984020159183798
39.81900220178207,0.08771929824561403,0.018427518427518427,0.9984020159183798
39.86315072827963,0.08875739644970414,0.018427518427518427,0.9984225028937853
39.90729925477719,0.08928571428571429,0.018427518427518427,0.9984327463814879
39.95144778127475,0.09036144578313253,0.018427518427518427,0.9984532333568934
39.99559630777232,0.09036144578313253,0.018427518427518427,0.9984532333568934
40.039744834269875,0.09036144578313253,0.018427518427518427,0.9984532333568934
40.08389336076744,0.09036144578313253,0.018427518427518427,0.9984532333568934
40.128041887265,0.08536585365853659,0.0171990171990172,0.998463476844596
40.172190413762564,0.08536585365853659,0.0171990171990172,0.998463476844596
40.21633894026012,0.08588957055214724,0.0171990171990172,0.9984737203322988
40.26048746675769,0.08641975308641975,0.0171990171990172,0.9984839638200015
40.304635993255246,0.0875,0.0171990171990172,0.9985044507954068
40.34878451975281,0.08227848101265822,0.01597051597051597,0.9985146942831095
40.39293304625037,0.08280254777070063,0.01597051597051597,0.9985249377708122
40.437081572747935,0.08280254777070063,0.01597051597051597,0.9985249377708122
40.481230099245494,0.08280254777070063,0.01597051597051597,0.9985249377708122
40.52537862574306,0.08333333333333333,0.01597051597051597,0.9985351812585149
40.56952715224062,0.08333333333333333,0.01597051597051597,0.9985351812585149
40.61367567873818,0.08333333333333333,0.01597051597051597,0.9985351812585149
40.65782420523574,0.08387096774193549,0.01597051597051597,0.9985454247462175
40.701972731733306,0.08441558441558442,0.01597051597051597,0.9985556682339203
40.746121258230865,0.08441558441558442,0.01597051597051597,0.9985556682339203
40.79026978472843,0.08496732026143791,0.01597051597051597,0.998565911721623
40.83441831122599,0.08496732026143791,0.01597051597051597,0.998565911721623
40.878566837723554,0.08552631578947369,0.01597051597051597,0.9985761552093256
40.92271536422111,0.08552631578947369,0.01597051597051597,0.9985761552093256
40.96686389071868,0.08552631578947369,0.01597051597051597,0.9985761552093256
41.011012417216236,0.08,0.014742014742014743,0.9985863986970284
41.0551609437138,0.08053691275167785,0.014742014742014743,0.9985966421847311
41.09930947021136,0.08053691275167785,0.014742014742014743,0.9985966421847311
41.143457996708925,0.08108108108108109,0.014742014742014743,0.9986068856724337
41.18760652320648,0.08163265306122448,0.014742014742014743,0.9986171291601365
41.23175504970405,0.0821917808219178,0.014742014742014743,0.9986273726478392
41.27590357620161,0.08275862068965517,0.014742014742014743,0.9986376161355418
41.32005210269917,0.08275862068965517,0.014742014742014743,0.9986376161355418
41.36420062919673,0.08333333333333333,0.014742014742014743,0.9986478596232445
41.408349155694296,0.08391608391608392,0.014742014742014743,0.9986581031109473
41.452497682191854,0.08391608391608392,0.014742014742014743,0.9986581031109473
41.49664620868942,0.08391608391608392,0.014742014742014743,0.9986581031109473
41.54079473518698,0.08391608391608392,0.014742014742014743,0.9986581031109473
41.58494326168454,0.0851063829787234,0.014742014742014743,0.9986785900863526
41.6290917881821,0.0851063829787234,0.014742014742014743,0.9986785900863526
41.67324031467967,0.08633093525179857,0.014742014742014743,0.998699077061758
41.717388841177225,0.08695652173913043,0.014742014742014743,0.9987093205494607
41.76153736767479,0.08695652173913043,0.014742014742014743,0.9987093205494607
41.80568589417235,0.08888888888888889,0.014742014742014743,0.9987400510125688
41.849834420669914,0.09022556390977443,0.014742014742014743,0.9987605379879742
41.89398294716747,0.09090909090909091,0.014742014742014743,0.9987707814756769
41.93813147366504,0.09090909090909091,0.014742014742014743,0.9987707814756769
41.982280000162596,0.09090909090909091,0.014742014742014743,0.9987707814756769
42.02642852666016,0.09090909090909091,0.014742014742014743,0.9987707814756769
42.07057705315772,0.0916030534351145,0.014742014742014743,0.9987810249633795
42.114725579655286,0.09230769230769231,0.014742014742014743,0.9987912684510822
42.158874106152844,0.0859375,0.013513513513513514,0.998801511938785
42.20302263265041,0.0859375,0.013513513513513514,0.998801511938785
42.24717115914797,0.088,0.013513513513513514,0.998832242401893
42.29131968564553,0.088,0.013513513513513514,0.998832242401893
42.33546821214309,0.08943089430894309,0.013513513513513514,0.9988527293772984
42.37961673864066,0.09016393442622951,0.013513513513513514,0.998862972865001
42.423765265138215,0.09016393442622951,0.013513513513513514,0.998862972865001
42.46791379163578,0.09016393442622951,0.013513513513513514,0.998862972865001
42.51206231813334,0.09016393442622951,0.013513513513513514,0.998862972865001
42.556210844630904,0.09016393442622951,0.013513513513513514,0.998862972865001
42.60035937112846,0.09090909090909091,0.013513513513513514,0.9988732163527038
42.64450789762603,0.0847457627118644,0.012285012285012284,0.9988937033281091
42.688656424123586,0.0847457627118644,0.012285012285012284,0.9988937033281091
42.73280495062115,0.0847457627118644,0.012285012285012284,0.9988937033281091
42.77695347711871,0.0847457627118644,0.012285012285012284,0.9988937033281091
42.821102003616275,0.0847457627118644,0.012285012285012284,0.9988937033281091
42.86525053011383,0.0847457627118644,0.012285012285012284,0.9988937033281091
42.9093990566114,0.08547008547008547,0.012285012285012284,0.9989039468158118
42.95354758310896,0.08547008547008547,0.012285012285012284,0.9989039468158118
42.99769610960652,0.08620689655172414,0.012285012285012284,0.9989141903035146
43.04184463610408,0.08771929824561403,0.012285012285012284,0.9989346772789199
43.085993162601646,0.08771929824561403,0.012285012285012284,0.9989346772789199
43.130141689099204,0.08771929824561403,0.012285012285012284,0.9989346772789199
43.17429021559677,0.08771929824561403,0.012285012285012284,0.9989346772789199
43.21843874209433,0.08849557522123894,0.012285012285012284,0.9989449207666227
43.26258726859189,0.08928571428571429,0.012285012285012284,0.9989551642543253
43.30673579508945,0.09009009009009009,0.012285012285012284,0.998965407742028
43.35088432158702,0.08181818181818182,0.011056511056511056,0.998965407742028
43.395032848084576,0.07407407407407407,0.009828009828009828,0.9989756512297306
43.43918137458214,0.07407407407407407,0.009828009828009828,0.9989756512297306
43.4833299010797,0.07476635514018691,0.009828009828009828,0.9989858947174334
43.527478427577265,0.07476635514018691,0.009828009828009828,0.9989858947174334
43.57162695407482,0.0761904761904762,0.009828009828009828,0.9990063816928387
43.61577548057239,0.0761904761904762,0.009828009828009828,0.9990063816928387
43.65992400706995,0.07692307692307693,0.009828009828009828,0.9990166251805415
43.70407253356751,0.07692307692307693,0.009828009828009828,0.9990166251805415
43.74822106006507,0.07692307692307693,0.009828009828009828,0.9990166251805415
43.792369586562636,0.07692307692307693,0.009828009828009828,0.9990166251805415
43.836518113060194,0.07766990291262135,0.009828009828009828,0.9990268686682442
43.88066663955776,0.07766990291262135,0.009828009828009828,0.9990268686682442
43.92481516605532,0.07766990291262135,0.009828009828009828,0.9990268686682442
43.96896369255288,0.0784313725490196,0.009828009828009828,0.9990371121559468
44.01311221905044,0.0784313725490196,0.009828009828009828,0.9990371121559468
44.05726074554801,0.0784313725490196,0.009828009828009828,0.9990371121559468
44.101409272045565,0.07920792079207921,0.009828009828009828,0.9990473556436495
44.14555779854313,0.07920792079207921,0.009828009828009828,0.9990473556436495
44.18970632504069,0.08080808080808081,0.009828009828009828,0.9990678426190549
44.233854851538254,0.08163265306122448,0.009828009828009828,0.9990780861067576
44.27800337803581,0.08163265306122448,0.009828009828009828,0.9990780861067576
44.32215190453338,0.08163265306122448,0.009828009828009828,0.9990780861067576
44.366300431030936,0.08247422680412371,0.009828009828009828,0.9990883295944604
44.4104489575285,0.08247422680412371,0.009828009828009828,0.9990883295944604
44.45459748402606,0.08247422680412371,0.009828009828009828,0.9990883295944604
44.498746010523625,0.08333333333333333,0.009828009828009828,0.999098573082163
44.54289453702118,0.08333333333333333,0.009828009828009828,0.999098573082163
44.58704306351875,0.08333333333333333,0.009828009828009828,0.999098573082163
44.63119159001631,0.08421052631578947,0.009828009828009828,0.9991088165698657
44.67534011651387,0.08421052631578947,0.009828009828009828,0.9991088165698657
44.71948864301143,0.07526881720430108,0.0085995085995086,0.9991190600575685
44.763637169508996,0.07692307692307693,0.0085995085995086,0.9991395470329738
44.807785696006555,0.07692307692307693,0.0085995085995086,0.9991395470329738
44.85193422250412,0.07692307692307693,0.0085995085995086,0.9991395470329738
44.89608274900168,0.07692307692307693,0.0085995085995086,0.9991395470329738
44.940231275499244,0.07692307692307693,0.0085995085995086,0.9991395470329738
44.9843798019968,0.07692307692307693,0.0085995085995086,0.9991395470329738
45.02852832849437,0.07777777777777778,0.0085995085995086,0.9991497905206764
45.07267685499193,0.07865168539325842,0.0085995085995086,0.9991600340083792
45.11682538148949,0.08045977011494253,0.0085995085995086,0.9991805209837845
45.16097390798706,0.08139534883720931,0.0085995085995086,0.9991907644714872
45.205122434484615,0.08139534883720931,0.0085995085995086,0.9991907644714872
45.24927096098218,0.08139534883720931,0.0085995085995086,0.9991907644714872
45.29341948747974,0.08139534883720931,0.0085995085995086,0.9991907644714872
45.337568013977304,0.08139534883720931,0.0085995085995086,0.9991907644714872
45.38171654047486,0.08139534883720931,0.0085995085995086,0.9991907644714872
45.42586506697243,0.08139534883720931,0.0085995085995086,0.9991907644714872
45.470013593469986,0.08139534883720931,0.0085995085995086,0.9991907644714872
45.51416211996755,0.08333333333333333,0.0085995085995086,0.9992112514468926
45.55831064646511,0.08433734939759036,0.0085995085995086,0.9992214949345953
45.602459172962675,0.08433734939759036,0.0085995085995086,0.9992214949345953
45.64660769946023,0.08433734939759036,0.0085995085995086,0.9992214949345953
45.6907562259578,0.08536585365853659,0.0085995085995086,0.9992317384222981
45.73490475245536,0.08536585365853659,0.0085995085995086,0.9992317384222981
45.77905327895292,0.08536585365853659,0.0085995085995086,0.9992317384222981
45.82320180545048,0.08641975308641975,0.0085995085995086,0.9992419819100007
45.867350331948046,0.0875,0.0085995085995086,0.9992522253977034
45.911498858445604,0.08860759493670886,0.0085995085995086,0.9992624688854062
45.95564738494317,0.08860759493670886,0.0085995085995086,0.9992624688854062
45.99979591144073,0.08974358974358974,0.0085995085995086,0.9992727123731088
46.04394443793829,0.09090909090909091,0.0085995085995086,0.9992829558608115
46.08809296443585,0.09210526315789473,0.0085995085995086,0.9992931993485141
46.13224149093342,0.09333333333333334,0.0085995085995086,0.9993034428362169
46.176390017430975,0.0945945945945946,0.0085995085995086,0.9993136863239196
46.22053854392854,0.0958904109589041,0.0085995085995086,0.9993239298116222
46.2646870704261,0.0958904109589041,0.0085995085995086,0.9993239298116222
46.308835596923664,0.0958904109589041,0.0085995085995086,0.9993239298116222
46.35298412342122,0.09722222222222222,0.0085995085995086,0.999334173299325
46.39713264991879,0.09722222222222222,0.0085995085995086,0.999334173299325
46.44128117641635,0.09859154929577464,0.0085995085995086,0.9993444167870277
46.48542970291391,0.10144927536231885,0.0085995085995086,0.999364903762433
46.52957822941147,0.10144927536231885,0.0085995085995086,0.999364903762433
46.573726755909036,0.10144927536231885,0.0085995085995086,0.999364903762433
46.617875282406594,0.10144927536231885,0.0085995085995086,0.999364903762433
46.66202380890416,0.10294117647058823,0.0085995085995086,0.9993751472501358
46.70617233540172,0.10294117647058823,0.0085995085995086,0.9993751472501358
46.75032086189928,0.1044776119402985,0.0085995085995086,0.9993853907378384
46.79446938839684,0.10606060606060606,0.0085995085995086,0.9993956342255411
46.83861791489441,0.1076923076923077,0.0085995085995086,0.9994058777132439
46.882766441391965,0.1076923076923077,0.0085995085995086,0.9994058777132439
46.92691496788952,0.109375,0.0085995085995086,0.9994161212009465
46.97106349438709,0.11290322580645161,0.0085995085995086,0.9994366081763519
47.015212020884654,0.11475409836065574,0.0085995085995086,0.9994468516640546
47.05936054738222,0.11475409836065574,0.0085995085995086,0.9994468516640546
47.10350907387977,0.11475409836065574,0.0085995085995086,0.9994468516640546
47.147657600377336,0.1,0.007371007371007371,0.9994468516640546
47.1918061268749,0.08620689655172414,0.006142506142506142,0.9994570951517573
47.23595465337247,0.08771929824561403,0.006142506142506142,0.9994673386394599
47.28010317987002,0.08771929824561403,0.006142506142506142,0.9994673386394599
47.32425170636758,0.08771929824561403,0.006142506142506142,0.9994673386394599
47.36840023286515,0.08928571428571429,0.006142506142506142,0.9994775821271626
47.412548759362714,0.08928571428571429,0.006142506142506142,0.9994775821271626
47.456697285860265,0.09090909090909091,0.006142506142506142,0.9994878256148654
47.50084581235783,0.09090909090909091,0.006142506142506142,0.9994878256148654
47.544994338855396,0.09090909090909091,0.006142506142506142,0.9994878256148654
47.58914286535296,0.09090909090909091,0.006142506142506142,0.9994878256148654
47.63329139185051,0.09259259259259259,0.006142506142506142,0.999498069102568
47.67743991834808,0.09259259259259259,0.006142506142506142,0.999498069102568
47.72158844484564,0.09259259259259259,0.006142506142506142,0.999498069102568
47.76573697134321,0.09259259259259259,0.006142506142506142,0.999498069102568
47.80988549784076,0.09259259259259259,0.006142506142506142,0.999498069102568
47.854034024338326,0.09433962264150944,0.006142506142506142,0.9995083125902707
47.89818255083589,0.09433962264150944,0.006142506142506142,0.9995083125902707
47.942331077333456,0.09433962264150944,0.006142506142506142,0.9995083125902707
47.98647960383101,0.09615384615384616,0.006142506142506142,0.9995185560779735
48.03062813032857,0.09803921568627451,0.006142506142506142,0.9995287995656761
48.07477665682614,0.09803921568627451,0.006142506142506142,0.9995287995656761
48.118925183323704,0.10204081632653061,0.006142506142506142,0.9995492865410815
48.163073709821255,0.10204081632653061,0.006142506142506142,0.9995492865410815
48.20722223631882,0.10204081632653061,0.006142506142506142,0.9995492865410815
48.251370762816386,0.10416666666666667,0.006142506142506142,0.9995595300287842
48.29551928931395,0.10416666666666667,0.006142506142506142,0.9995595300287842
48.3396678158115,0.10416666666666667,0.006142506142506142,0.9995595300287842
48.38381634230907,0.10416666666666667,0.006142506142506142,0.9995595300287842
48.42796486880663,0.10638297872340426,0.006142506142506142,0.9995697735164869
48.4721133953042,0.10869565217391304,0.006142506142506142,0.9995800170041896
48.51626192180175,0.10869565217391304,0.006142506142506142,0.9995800170041896
48.560410448299315,0.10869565217391304,0.006142506142506142,0.9995800170041896
48.60455897479688,0.1111111111111111,0.006142506142506142,0.9995902604918923
48.648707501294446,0.1111111111111111,0.006142506142506142,0.9995902604918923
48.692856027792,0.11363636363636363,0.006142506142506142,0.999600503979595
48.73700455428956,0.11363636363636363,0.006142506142506142,0.999600503979595
48.78115308078713,0.11627906976744186,0.006142506142506142,0.9996107474672976
48.82530160728469,0.11627906976744186,0.006142506142506142,0.9996107474672976
48.869450133782244,0.11627906976744186,0.006142506142506142,0.9996107474672976
48.91359866027981,0.11627906976744186,0.006142506142506142,0.9996107474672976
48.957747186777375,0.11627906976744186,0.006142506142506142,0.9996107474672976
49.00189571327494,0.11627906976744186,0.006142506142506142,0.9996107474672976
49.04604423977249,0.11627906976744186,0.006142506142506142,0.9996107474672976
49.09019276627006,0.09523809523809523,0.004914004914004914,0.9996107474672976
49.13434129276762,0.09523809523809523,0.004914004914004914,0.9996107474672976
49.17848981926519,0.09523809523809523,0.004914004914004914,0.9996107474672976
49.22263834576274,0.09523809523809523,0.004914004914004914,0.9996107474672976
49.266786872260305,0.09523809523809523,0.004914004914004914,0.9996107474672976
49.31093539875787,0.09523809523809523,0.004914004914004914,0.9996107474672976
49.355083925255435,0.07317073170731707,0.0036855036855036856,0.9996107474672976
49.39923245175299,0.07317073170731707,0.0036855036855036856,0.9996107474672976
49.44338097825055,0.075,0.0036855036855036856,0.9996209909550003
49.48752950474812,0.07692307692307693,0.0036855036855036856,0.9996312344427031
49.53167803124568,0.07692307692307693,0.0036855036855036856,0.9996312344427031
49.575826557743234,0.07692307692307693,0.0036855036855036856,0.9996312344427031
49.6199750842408,0.07692307692307693,0.0036855036855036856,0.9996312344427031
49.664123610738365,0.07692307692307693,0.0036855036855036856,0.9996312344427031
49.70827213723593,0.07692307692307693,0.0036855036855036856,0.9996312344427031
49.75242066373348,0.07692307692307693,0.0036855036855036856,0.9996312344427031
49.79656919023105,0.07692307692307693,0.0036855036855036856,0.9996312344427031
49.84071771672861,0.07894736842105263,0.0036855036855036856,0.9996414779304057
49.88486624322618,0.08108108108108109,0.0036855036855036856,0.9996517214181084
49.92901476972373,0.08333333333333333,0.0036855036855036856,0.9996619649058112
49.973163296221294,0.08333333333333333,0.0036855036855036856,0.9996619649058112
50.01731182271886,0.08333333333333333,0.0036855036855036856,0.9996619649058112
50.061460349216425,0.08333333333333333,0.0036855036855036856,0.9996619649058112
50.105608875713976,0.08333333333333333,0.0036855036855036856,0.9996619649058112
50.14975740221154,0.08333333333333333,0.0036855036855036856,0.9996619649058112
50.19390592870911,0.08571428571428572,0.0036855036855036856,0.9996722083935138
50.23805445520667,0.08571428571428572,0.0036855036855036856,0.9996722083935138
50.28220298170422,0.08571428571428572,0.0036855036855036856,0.9996722083935138
50.32635150820179,0.08571428571428572,0.0036855036855036856,0.9996722083935138
50.370500034699354,0.08571428571428572,0.0036855036855036856,0.9996722083935138
50.41464856119692,0.08823529411764706,0.0036855036855036856,0.9996824518812165
50.45879708769447,0.08823529411764706,0.0036855036855036856,0.9996824518812165
50.502945614192036,0.08823529411764706,0.0036855036855036856,0.9996824518812165
50.5470941406896,0.09090909090909091,0.0036855036855036856,0.9996926953689192
50.59124266718717,0.09090909090909091,0.0036855036855036856,0.9996926953689192
50.63539119368472,0.09090909090909091,0.0036855036855036856,0.9996926953689192
50.679539720182284,0.09090909090909091,0.0036855036855036856,0.9996926953689192
50.72368824667985,0.09090909090909091,0.0036855036855036856,0.9996926953689192
50.767836773177414,0.09090909090909091,0.0036855036855036856,0.9996926953689192
50.81198529967498,0.09090909090909091,0.0036855036855036856,0.9996926953689192
50.85613382617253,0.09090909090909091,0.0036855036855036856,0.9996926953689192
50.9002823526701,0.09375,0.0036855036855036856,0.9997029388566219
50.94443087916766,0.09375,0.0036855036855036856,0.9997029388566219
50.98857940566523,0.06666666666666667,0.002457002457002457,0.9997131823443246
51.03272793216278,0.06896551724137931,0.002457002457002457,0.9997234258320273
51.076876458660344,0.06896551724137931,0.002457002457002457,0.9997234258320273
51.12102498515791,0.06896551724137931,0.002457002457002457,0.9997234258320273
51.165173511655475,0.07142857142857142,0.002457002457002457,0.99973366931973
51.209322038153026,0.07142857142857142,0.002457002457002457,0.99973366931973
51.25347056465059,0.07407407407407407,0.002457002457002457,0.9997439128074327
51.29761909114816,0.07692307692307693,0.002457002457002457,0.9997541562951354
51.34176761764572,0.07692307692307693,0.002457002457002457,0.9997541562951354
51.38591614414327,0.07692307692307693,0.002457002457002457,0.9997541562951354
51.43006467064084,0.07692307692307693,0.002457002457002457,0.9997541562951354
51.474213197138404,0.07692307692307693,0.002457002457002457,0.9997541562951354
51.51836172363597,0.08,0.002457002457002457,0.999764399782838
51.56251025013352,0.08,0.002457002457002457,0.999764399782838
51.606658776631086,0.08,0.002457002457002457,0.999764399782838
51.65080730312865,0.08333333333333333,0.002457002457002457,0.9997746432705408
51.69495582962622,0.08333333333333333,0.002457002457002457,0.9997746432705408
51.73910435612377,0.08333333333333333,0.002457002457002457,0.9997746432705408
51.78325288262133,0.08333333333333333,0.002457002457002457,0.9997746432705408
51.8274014091189,0.08333333333333333,0.002457002457002457,0.9997746432705408
51.871549935616464,0.08333333333333333,0.002457002457002457,0.9997746432705408
51.915698462114015,0.08695652173913043,0.002457002457002457,0.9997848867582434
51.95984698861158,0.08695652173913043,0.002457002457002457,0.9997848867582434
52.003995515109146,0.08695652173913043,0.002457002457002457,0.9997848867582434
52.04814404160671,0.09090909090909091,0.002457002457002457,0.9997951302459461
52.09229256810426,0.09090909090909091,0.002457002457002457,0.9997951302459461
52.13644109460183,0.09090909090909091,0.002457002457002457,0.9997951302459461
52.180589621099394,0.09090909090909091,0.002457002457002457,0.9997951302459461
52.22473814759696,0.09090909090909091,0.002457002457002457,0.9997951302459461
52.26888667409451,0.09090909090909091,0.002457002457002457,0.9997951302459461
52.313035200592076,0.09523809523809523,0.002457002457002457,0.9998053737336489
52.35718372708964,0.09523809523809523,0.002457002457002457,0.9998053737336489
52.401332253587206,0.09523809523809523,0.002457002457002457,0.9998053737336489
52.44548078008476,0.09523809523809523,0.002457002457002457,0.9998053737336489
52.48962930658232,0.09523809523809523,0.002457002457002457,0.9998053737336489
52.53377783307989,0.09523809523809523,0.002457002457002457,0.9998053737336489
52.577926359577454,0.09523809523809523,0.002457002457002457,0.9998053737336489
52.622074886075005,0.09523809523809523,0.002457002457002457,0.9998053737336489
52.66622341257257,0.09523809523809523,0.002457002457002457,0.9998053737336489
52.710371939070136,0.1,0.002457002457002457,0.9998156172213515
52.7545204655677,0.1,0.002457002457002457,0.9998156172213515
52.79866899206525,0.1,0.002457002457002457,0.9998156172213515
52.84281751856282,0.1,0.002457002457002457,0.9998156172213515
52.88696604506038,0.1,0.002457002457002457,0.9998156172213515
52.93111457155795,0.1,0.002457002457002457,0.9998156172213515
52.9752630980555,0.1,0.002457002457002457,0.9998156172213515
53.019411624553065,0.1,0.002457002457002457,0.9998156172213515
53.06356015105063,0.1,0.002457002457002457,0.9998156172213515
53.107708677548196,0.1,0.002457002457002457,0.9998156172213515
53.15185720404575,0.1,0.002457002457002457,0.9998156172213515
53.19600573054331,0.1,0.002457002457002457,0.9998156172213515
53.24015425704088,0.1,0.002457002457002457,0.9998156172213515
53.28430278353844,0.1,0.002457002457002457,0.9998156172213515
53.328451310035994,0.1,0.002457002457002457,0.9998156172213515
53.37259983653356,0.1,0.002457002457002457,0.9998156172213515
53.416748363031125,0.1,0.002457002457002457,0.9998156172213515
53.46089688952869,0.1,0.002457002457002457,0.9998156172213515
53.50504541602624,0.1,0.002457002457002457,0.9998156172213515
53.54919394252381,0.10526315789473684,0.002457002457002457,0.9998258607090542
53.59334246902137,0.10526315789473684,0.002457002457002457,0.9998258607090542
53.63749099551894,0.10526315789473684,0.002457002457002457,0.9998258607090542
53.68163952201649,0.10526315789473684,0.002457002457002457,0.9998258607090542
53.725788048514055,0.10526315789473684,0.002457002457002457,0.9998258607090542
53.76993657501162,0.10526315789473684,0.002457002457002457,0.9998258607090542
53.814085101509185,0.10526315789473684,0.002457002457002457,0.9998258607090542
53.85823362800674,0.10526315789473684,0.002457002457002457,0.9998258607090542
53.9023821545043,0.10526315789473684,0.002457002457002457,0.9998258607090542
53.94653068100187,0.10526315789473684,0.002457002457002457,0.9998258607090542
53.99067920749943,0.10526315789473684,0.002457002457002457,0.9998258607090542
54.034827733996984,0.05555555555555555,0.0012285012285012285,0.9998258607090542
54.07897626049455,0.05555555555555555,0.0012285012285012285,0.9998258607090542
54.123124786992115,0.05555555555555555,0.0012285012285012285,0.9998258607090542
54.16727331348968,0.05555555555555555,0.0012285012285012285,0.9998258607090542
54.21142183998723,0.05555555555555555,0.0012285012285012285,0.9998258607090542
54.2555703664848,0.05555555555555555,0.0012285012285012285,0.9998258607090542
54.29971889298236,0.05555555555555555,0.0012285012285012285,0.9998258607090542
54.34386741947993,0.05555555555555555,0.0012285012285012285,0.9998258607090542
54.38801594597748,0.05555555555555555,0.0012285012285012285,0.9998258607090542
54.432164472475044,0.05555555555555555,0.0012285012285012285,0.9998258607090542
54.47631299897261,0.05555555555555555,0.0012285012285012285,0.9998258607090542
54.520461525470175,0.05555555555555555,0.0012285012285012285,0.9998258607090542
54.564610051967726,0.05555555555555555,0.0012285012285012285,0.9998258607090542
54.60875857846529,0.05555555555555555,0.0012285012285012285,0.9998258607090542
54.65290710496286,0.05555555555555555,0.0012285012285012285,0.9998258607090542
54.69705563146042,0.05555555555555555,0.0012285012285012285,0.9998258607090542
54.741204157957974,0.05555555555555555,0.0012285012285012285,0.9998258607090542
54.78535268445554,0.05555555555555555,0.0012285012285012285,0.9998258607090542
54.829501210953104,0.05555555555555555,0.0012285012285012285,0.9998258607090542
54.87364973745067,0.05555555555555555,0.0012285012285012285,0.9998258607090542
54.91779826394822,0.05555555555555555,0.0012285012285012285,0.9998258607090542
54.961946790445786,0.05555555555555555,0.0012285012285012285,0.9998258607090542
55.00609531694335,0.05555555555555555,0.0012285012285012285,0.9998258607090542
55.05024384344092,0.058823529411764705,0.0012285012285012285,0.999836104196757
55.09439236993847,0.058823529411764705,0.0012285012285012285,0.999836104196757
55.138540896436034,0.058823529411764705,0.0012285012285012285,0.999836104196757
55.1826894229336,0.058823529411764705,0.0012285012285012285,0.999836104196757
55.226837949431165,0.058823529411764705,0.0012285012285012285,0.999836104196757
55.270986475928716,0.058823529411764705,0.0012285012285012285,0.999836104196757
55.31513500242628,0.058823529411764705,0.0012285012285012285,0.999836104196757
55.35928352892385,0.058823529411764705,0.0012285012285012285,0.999836104196757
55.40343205542141,0.058823529411764705,0.0012285012285012285,0.999836104196757
55.44758058191896,0.058823529411764705,0.0012285012285012285,0.999836104196757
55.49172910841653,0.058823529411764705,0.0012285012285012285,0.999836104196757
55.535877634914094,0.058823529411764705,0.0012285012285012285,0.999836104196757
55.58002616141166,0.058823529411764705,0.0012285012285012285,0.999836104196757
55.62417468790921,0.058823529411764705,0.0012285012285012285,0.999836104196757
55.668323214406776,0.058823529411764705,0.0012285012285012285,0.999836104196757
55.71247174090434,0.0625,0.0012285012285012285,0.9998463476844596
55.75662026740191,0.06666666666666667,0.0012285012285012285,0.9998565911721623
55.80076879389946,0.06666666666666667,0.0012285012285012285,0.9998565911721623
55.84491732039702,0.06666666666666667,0.0012285012285012285,0.9998565911721623
55.88906584689459,0.06666666666666667,0.0012285012285012285,0.9998565911721623
55.933214373392154,0.07142857142857142,0.0012285012285012285,0.999866834659865
55.977362899889705,0.07142857142857142,0.0012285012285012285,0.999866834659865
56.02151142638727,0.07142857142857142,0.0012285012285012285,0.999866834659865
56.065659952884836,0.07142857142857142,0.0012285012285012285,0.999866834659865
56.1098084793824,0.07142857142857142,0.0012285012285012285,0.999866834659865
56.15395700587995,0.07142857142857142,0.0012285012285012285,0.999866834659865
56.19810553237752,0.07692307692307693,0.0012285012285012285,0.9998770781475677
56.24225405887508,0.07692307692307693,0.0012285012285012285,0.9998770781475677
56.28640258537265,0.07692307692307693,0.0012285012285012285,0.9998770781475677
56.3305511118702,0.07692307692307693,0.0012285012285012285,0.9998770781475677
56.374699638367765,0.07692307692307693,0.0012285012285012285,0.9998770781475677
56.41884816486533,0.07692307692307693,0.0012285012285012285,0.9998770781475677
56.462996691362896,0.07692307692307693,0.0012285012285012285,0.9998770781475677
56.50714521786046,0.07692307692307693,0.0012285012285012285,0.9998770781475677
56.55129374435801,0.0,0.0,0.9998770781475677
56.59544227085558,0.0,0.0,0.9998770781475677
56.639590797353144,0.0,0.0,0.9998770781475677
56.68373932385071,0.0,0.0,0.9998770781475677
56.72788785034826,0.0,0.0,0.9998873216352704
56.772036376845826,0.0,0.0,0.9998873216352704
56.81618490334339,0.0,0.0,0.9998873216352704
56.860333429840956,0.0,0.0,0.9998873216352704
56.90448195633851,0.0,0.0,0.9998873216352704
56.94863048283607,0.0,0.0,0.9998873216352704
56.99277900933364,0.0,0.0,0.9998873216352704
57.036927535831204,0.0,0.0,0.9998873216352704
57.081076062328755,0.0,0.0,0.9998975651229731
57.12522458882632,0.0,0.0,0.9999078086106757
57.169373115323886,0.0,0.0,0.9999078086106757
57.21352164182145,0.0,0.0,0.9999078086106757
57.257670168319,0.0,0.0,0.9999180520983785
57.30181869481657,0.0,0.0,0.9999180520983785
57.34596722131413,0.0,0.0,0.9999180520983785
57.3901157478117,0.0,0.0,0.9999180520983785
57.43426427430925,0.0,0.0,0.9999282955860811
57.478412800806815,0.0,0.0,0.9999282955860811
57.52256132730438,0.0,0.0,0.9999282955860811
57.566709853801946,0.0,0.0,0.9999282955860811
57.6108583802995,0.0,0.0,0.9999282955860811
57.65500690679706,0.0,0.0,0.9999282955860811
57.69915543329463,0.0,0.0,0.9999282955860811
57.74330395979219,0.0,0.0,0.9999282955860811
57.787452486289745,0.0,0.0,0.9999282955860811
57.83160101278731,0.0,0.0,0.9999282955860811
57.875749539284875,0.0,0.0,0.9999282955860811
57.91989806578244,0.0,0.0,0.9999282955860811
57.96404659227999,0.0,0.0,0.9999282955860811
58.00819511877756,0.0,0.0,0.9999282955860811
58.05234364527512,0.0,0.0,0.9999282955860811
58.09649217177269,0.0,0.0,0.9999282955860811
58.14064069827024,0.0,0.0,0.9999282955860811
58.184789224767805,0.0,0.0,0.9999282955860811
58.22893775126537,0.0,0.0,0.9999282955860811
58.273086277762935,0.0,0.0,0.9999282955860811
58.31723480426049,0.0,0.0,0.9999282955860811
58.36138333075805,0.0,0.0,0.9999282955860811
58.40553185725562,0.0,0.0,0.9999282955860811
58.44968038375318,0.0,0.0,0.9999282955860811
58.493828910250734,0.0,0.0,0.9999385390737838
58.5379774367483,0.0,0.0,0.9999385390737838
58.582125963245865,0.0,0.0,0.9999385390737838
58.62627448974343,0.0,0.0,0.9999487825614866
58.67042301624098,0.0,0.0,0.9999487825614866
58.71457154273855,0.0,0.0,0.9999487825614866
58.75872006923611,0.0,0.0,0.9999487825614866
58.80286859573368,0.0,0.0,0.9999487825614866
58.84701712223123,0.0,0.0,0.9999487825614866
58.891165648728794,0.0,0.0,0.9999487825614866
58.93531417522636,0.0,0.0,0.9999487825614866
58.979462701723925,0.0,0.0,0.9999487825614866
59.023611228221476,0.0,0.0,0.9999487825614866
59.06775975471904,0.0,0.0,0.9999487825614866
59.11190828121661,0.0,0.0,0.9999487825614866
59.15605680771417,0.0,0.0,0.9999487825614866
59.200205334211724,0.0,0.0,0.9999487825614866
59.24435386070929,0.0,0.0,0.9999487825614866
59.288502387206854,0.0,0.0,0.9999487825614866
59.33265091370442,0.0,0.0,0.9999487825614866
59.37679944020197,0.0,0.0,0.9999487825614866
59.420947966699536,0.0,0.0,0.9999487825614866
59.4650964931971,0.0,0.0,0.9999487825614866
59.50924501969467,0.0,0.0,0.9999487825614866
59.55339354619222,0.0,0.0,0.9999487825614866
59.597542072689784,0.0,0.0,0.9999487825614866
59.64169059918735,0.0,0.0,0.9999487825614866
59.685839125684915,0.0,0.0,0.9999487825614866
59.729987652182466,0.0,0.0,0.9999487825614866
59.77413617868003,0.0,0.0,0.9999487825614866
59.8182847051776,0.0,0.0,0.9999487825614866
59.86243323167516,0.0,0.0,0.9999487825614866
59.90658175817271,0.0,0.0,0.9999487825614866
59.95073028467028,0.0,0.0,0.9999487825614866
59.994878811167844,0.0,0.0,0.9999487825614866
60.03902733766541,0.0,0.0,0.9999487825614866
60.08317586416296,0.0,0.0,0.9999487825614866
60.127324390660526,0.0,0.0,0.9999487825614866
60.17147291715809,0.0,0.0,0.9999487825614866
60.21562144365566,0.0,0.0,0.9999487825614866
60.25976997015321,0.0,0.0,0.9999487825614866
60.30391849665077,0.0,0.0,0.9999487825614866
60.34806702314834,0.0,0.0,0.9999590260491892
60.392215549645904,0.0,0.0,0.9999590260491892
60.436364076143455,0.0,0.0,0.9999590260491892
60.48051260264102,0.0,0.0,0.9999590260491892
60.524661129138586,0.0,0.0,0.9999590260491892
60.56880965563615,0.0,0.0,0.9999590260491892
60.6129581821337,0.0,0.0,0.9999590260491892
60.65710670863127,0.0,0.0,0.9999590260491892
60.70125523512883,0.0,0.0,0.9999590260491892
60.7454037616264,0.0,0.0,0.9999590260491892
60.78955228812395,0.0,0.0,0.9999590260491892
60.833700814621515,0.0,0.0,0.9999590260491892
60.87784934111908,0.0,0.0,0.9999590260491892
60.921997867616646,0.0,0.0,0.9999590260491892
60.9661463941142,0.0,0.0,0.9999590260491892
61.01029492061176,0.0,0.0,0.9999590260491892
61.05444344710933,0.0,0.0,0.9999590260491892
61.098591973606894,0.0,0.0,0.9999590260491892
61.142740500104445,0.0,0.0,0.9999590260491892
61.18688902660201,0.0,0.0,0.9999590260491892
61.231037553099576,0.0,0.0,0.9999590260491892
61.27518607959714,0.0,0.0,0.9999590260491892
61.31933460609469,0.0,0.0,0.9999590260491892
61.36348313259226,0.0,0.0,0.9999590260491892
61.40763165908982,0.0,0.0,0.9999590260491892
61.45178018558739,0.0,0.0,0.9999590260491892
61.49592871208494,0.0,0.0,0.9999590260491892
61.540077238582505,0.0,0.0,0.9999590260491892
61.58422576508007,0.0,0.0,0.9999590260491892
61.628374291577636,0.0,0.0,0.9999590260491892
61.67252281807519,0.0,0.0,0.9999590260491892
61.71667134457275,0.0,0.0,0.9999590260491892
61.76081987107032,0.0,0.0,0.9999590260491892
61.80496839756788,0.0,0.0,0.9999590260491892
61.849116924065434,0.0,0.0,0.9999590260491892
61.893265450563,0.0,0.0,0.9999590260491892
61.937413977060565,0.0,0.0,0.9999590260491892
61.98156250355813,0.0,0.0,0.9999590260491892
62.025711030055696,0.0,0.0,0.9999590260491892
62.06985955655325,0.0,0.0,0.9999590260491892
62.11400808305081,0.0,0.0,0.9999590260491892
62.15815660954838,0.0,0.0,0.9999590260491892
62.20230513604594,0.0,0.0,0.9999590260491892
62.246453662543495,0.0,0.0,0.9999590260491892
62.29060218904106,0.0,0.0,0.9999692695368919
62.334750715538625,0.0,0.0,0.9999692695368919
62.37889924203619,0.0,0.0,0.9999692695368919
62.42304776853374,0.0,0.0,0.9999692695368919
62.46719629503131,0.0,0.0,0.9999692695368919
62.51134482152887,0.0,0.0,0.9999692695368919
62.55549334802644,0.0,0.0,0.9999692695368919
62.59964187452399,0.0,0.0,0.9999692695368919
62.643790401021555,0.0,0.0,0.9999692695368919
62.68793892751912,0.0,0.0,0.9999692695368919
62.732087454016686,0.0,0.0,0.9999692695368919
62.77623598051424,0.0,0.0,0.9999692695368919
62.8203845070118,0.0,0.0,0.9999692695368919
62.86453303350937,0.0,0.0,0.9999692695368919
62.90868156000693,0.0,0.0,0.9999692695368919
62.952830086504484,0.0,0.0,0.9999692695368919
62.99697861300205,0.0,0.0,0.9999692695368919
63.041127139499615,0.0,0.0,0.9999692695368919
63.08527566599718,0.0,0.0,0.9999692695368919
63.12942419249473,0.0,0.0,0.9999692695368919
63.1735727189923,0.0,0.0,0.9999692695368919
63.21772124548986,0.0,0.0,0.9999692695368919
63.26186977198743,0.0,0.0,0.9999692695368919
63.30601829848498,0.0,0.0,0.9999692695368919
63.350166824982544,0.0,0.0,0.9999692695368919
63.39431535148011,0.0,0.0,0.9999692695368919
63.438463877977675,0.0,0.0,0.9999692695368919
63.482612404475226,0.0,0.0,0.9999795130245946
63.52676093097279,0.0,0.0,0.9999795130245946
63.57090945747036,0.0,0.0,0.9999795130245946
63.61505798396792,0.0,0.0,0.9999795130245946
63.659206510465474,0.0,0.0,0.9999795130245946
63.70335503696304,0.0,0.0,0.9999795130245946
63.747503563460604,0.0,0.0,0.9999795130245946
63.79165208995817,0.0,0.0,0.9999795130245946
63.83580061645572,0.0,0.0,0.9999795130245946
63.879949142953286,0.0,0.0,0.9999795130245946
63.92409766945085,0.0,0.0,0.9999795130245946
63.96824619594842,0.0,0.0,0.9999795130245946
64.01239472244598,0.0,0.0,0.9999795130245946
64.05654324894354,0.0,0.0,0.9999795130245946
64.1006917754411,0.0,0.0,0.9999795130245946
64.14484030193867,0.0,0.0,0.9999795130245946
64.18898882843621,0.0,0.0,0.9999795130245946
64.23313735493377,0.0,0.0,0.9999795130245946
64.27728588143134,0.0,0.0,0.9999795130245946
64.3214344079289,0.0,0.0,0.9999795130245946
64.36558293442647,0.0,0.0,0.9999795130245946
64.40973146092404,0.0,0.0,0.9999795130245946
64.4538799874216,0.0,0.0,0.9999795130245946
64.49802851391917,0.0,0.0,0.9999795130245946
64.5421770404167,0.0,0.0,0.9999795130245946
64.58632556691427,0.0,0.0,0.9999795130245946
64.63047409341183,0.0,0.0,0.9999795130245946
64.6746226199094,0.0,0.0,0.9999795130245946
64.71877114640697,0.0,0.0,0.9999795130245946
64.76291967290453,0.0,0.0,0.9999795130245946
64.8070681994021,0.0,0.0,0.9999795130245946
64.85121672589966,0.0,0.0,0.9999795130245946
64.8953652523972,0.0,0.0,0.9999795130245946
64.93951377889476,0.0,0.0,0.9999795130245946
64.98366230539233,0.0,0.0,0.9999795130245946
65.0278108318899,0.0,0.0,0.9999795130245946
65.07195935838746,0.0,0.0,0.9999795130245946
65.11610788488503,0.0,0.0,0.9999795130245946
65.16025641138259,0.0,0.0,0.9999795130245946
65.20440493788016,0.0,0.0,0.9999795130245946
65.2485534643777,0.0,0.0,0.9999795130245946
65.29270199087526,0.0,0.0,0.9999795130245946
65.33685051737282,0.0,0.0,0.9999795130245946
65.38099904387039,0.0,0.0,0.9999795130245946
65.42514757036795,0.0,0.0,0.9999795130245946
65.46929609686552,0.0,0.0,0.9999795130245946
65.51344462336309,0.0,0.0,0.9999795130245946
65.55759314986065,0.0,0.0,0.9999795130245946
65.60174167635819,0.0,0.0,0.9999795130245946
65.64589020285575,0.0,0.0,0.9999795130245946
65.69003872935332,0.0,0.0,0.9999795130245946
65.73418725585088,0.0,0.0,0.9999795130245946
65.77833578234845,0.0,0.0,0.9999795130245946
65.82248430884601,0.0,0.0,0.9999795130245946
65.86663283534358,0.0,0.0,0.9999795130245946
65.91078136184115,0.0,0.0,0.9999795130245946
65.95492988833868,0.0,0.0,0.9999795130245946
65.99907841483625,0.0,0.0,0.9999897565122973
66.04322694133381,0.0,0.0,0.9999897565122973
66.08737546783138,0.0,0.0,0.9999897565122973
66.13152399432894,0.0,0.0,0.9999897565122973
66.17567252082651,0.0,0.0,0.9999897565122973
66.21982104732407,0.0,0.0,0.9999897565122973
66.26396957382164,0.0,0.0,0.9999897565122973
66.30811810031918,0.0,0.0,0.9999897565122973
66.35226662681674,0.0,0.0,0.9999897565122973
66.39641515331431,0.0,0.0,0.9999897565122973
66.44056367981187,0.0,0.0,0.9999897565122973
66.48471220630944,0.0,0.0,0.9999897565122973
66.528860732807,0.0,0.0,0.9999897565122973
66.57300925930457,0.0,0.0,0.9999897565122973
66.61715778580214,0.0,0.0,0.9999897565122973
66.66130631229967,0.0,0.0,0.9999897565122973
66.70545483879724,0.0,0.0,0.9999897565122973
66.7496033652948,0.0,0.0,0.9999897565122973
66.79375189179237,0.0,0.0,0.9999897565122973
66.83790041828993,0.0,0.0,0.9999897565122973
66.8820489447875,0.0,0.0,0.9999897565122973
66.92619747128506,0.0,0.0,0.9999897565122973
66.97034599778263,0.0,0.0,0.9999897565122973
67.01449452428017,0.0,0.0,0.9999897565122973
67.05864305077773,0.0,0.0,0.9999897565122973
67.1027915772753,0.0,0.0,0.9999897565122973
67.14694010377286,0.0,0.0,0.9999897565122973
67.19108863027043,0.0,0.0,0.9999897565122973
67.235237156768,0.0,0.0,0.9999897565122973
67.27938568326556,0.0,0.0,0.9999897565122973
67.32353420976312,0.0,0.0,0.9999897565122973
67.36768273626066,0.0,0.0,0.9999897565122973
67.41183126275823,0.0,0.0,0.9999897565122973
67.45597978925579,0.0,0.0,0.9999897565122973
67.50012831575336,0.0,0.0,0.9999897565122973
67.54427684225092,0.0,0.0,0.9999897565122973
67.58842536874849,0.0,0.0,0.9999897565122973
67.63257389524605,0.0,0.0,0.9999897565122973
67.67672242174362,0.0,0.0,0.9999897565122973
67.72087094824118,0.0,0.0,0.9999897565122973
67.76501947473872,0.0,0.0,0.9999897565122973
67.80916800123629,0.0,0.0,0.9999897565122973
67.85331652773385,0.0,0.0,0.9999897565122973
67.89746505423142,0.0,0.0,0.9999897565122973
67.94161358072898,0.0,0.0,0.9999897565122973
67.98576210722655,0.0,0.0,0.9999897565122973
68.02991063372411,0.0,0.0,0.9999897565122973
68.07405916022168,0.0,0.0,0.9999897565122973
68.11820768671922,0.0,0.0,0.9999897565122973
68.16235621321678,0.0,0.0,0.9999897565122973
68.20650473971435,0.0,0.0,0.9999897565122973
68.25065326621191,0.0,0.0,0.9999897565122973
68.29480179270948,0.0,0.0,0.9999897565122973
68.33895031920704,0.0,0.0,0.9999897565122973
68.38309884570461,0.0,0.0,0.9999897565122973
68.42724737220217,0.0,0.0,0.9999897565122973
68.47139589869971,0.0,0.0,0.9999897565122973
68.51554442519728,0.0,0.0,0.9999897565122973
68.55969295169484,0.0,0.0,0.9999897565122973
68.60384147819241,0.0,0.0,0.9999897565122973
68.64799000468997,0.0,0.0,0.9999897565122973
68.69213853118754,0.0,0.0,0.9999897565122973
68.7362870576851,0.0,0.0,0.9999897565122973
68.78043558418267,0.0,0.0,0.9999897565122973
68.8245841106802,0.0,0.0,0.9999897565122973
68.86873263717777,0.0,0.0,0.9999897565122973
68.91288116367534,0.0,0.0,0.9999897565122973
68.9570296901729,0.0,0.0,0.9999897565122973
69.00117821667047,0.0,0.0,0.9999897565122973
69.04532674316803,0.0,0.0,0.9999897565122973
69.0894752696656,0.0,0.0,0.9999897565122973
69.13362379616316,0.0,0.0,0.9999897565122973
69.1777723226607,0.0,0.0,0.9999897565122973
69.22192084915827,0.0,0.0,0.9999897565122973
69.26606937565583,0.0,0.0,0.9999897565122973
69.3102179021534,0.0,0.0,0.9999897565122973
69.35436642865096,0.0,0.0,0.9999897565122973
69.39851495514853,0.0,0.0,0.9999897565122973
69.4426634816461,0.0,0.0,0.9999897565122973
69.48681200814366,0.0,0.0,0.9999897565122973
69.5309605346412,0.0,0.0,0.9999897565122973
69.57510906113876,0.0,0.0,0.9999897565122973
69.61925758763633,0.0,0.0,0.9999897565122973
69.66340611413389,0.0,0.0,0.9999897565122973
69.70755464063146,0.0,0.0,0.9999897565122973
69.75170316712902,0.0,0.0,0.9999897565122973
69.79585169362659,0.0,0.0,0.9999897565122973
69.84000022012415,0.0,0.0,0.9999897565122973
69.88414874662169,0.0,0.0,0.9999897565122973
69.92829727311926,0.0,0.0,0.9999897565122973
69.97244579961682,0.0,0.0,0.9999897565122973
70.01659432611439,0.0,0.0,0.9999897565122973
70.06074285261195,0.0,0.0,0.9999897565122973
70.10489137910952,0.0,0.0,0.9999897565122973
70.14903990560708,0.0,0.0,0.9999897565122973
70.19318843210465,0.0,0.0,0.9999897565122973
70.23733695860219,0.0,0.0,0.9999897565122973
70.28148548509975,0.0,0.0,0.9999897565122973
70.32563401159732,0.0,0.0,0.9999897565122973
70.36978253809488,0.0,0.0,0.9999897565122973
70.41393106459245,0.0,0.0,0.9999897565122973
70.45807959109001,0.0,0.0,0.9999897565122973
70.50222811758758,0.0,0.0,0.9999897565122973
70.54637664408514,0.0,0.0,0.9999897565122973
70.59052517058268,0.0,0.0,0.9999897565122973
70.63467369708025,0.0,0.0,0.9999897565122973
70.67882222357781,0.0,0.0,0.9999897565122973
70.72297075007538,0.0,0.0,0.9999897565122973
70.76711927657294,0.0,0.0,0.9999897565122973
70.8112678030705,0.0,0.0,0.9999897565122973
70.85541632956807,0.0,0.0,0.9999897565122973
70.89956485606564,0.0,0.0,0.9999897565122973
70.94371338256317,0.0,0.0,0.9999897565122973
70.98786190906074,0.0,0.0,0.9999897565122973
71.0320104355583,0.0,0.0,0.9999897565122973
71.07615896205587,0.0,0.0,0.9999897565122973
71.12030748855344,0.0,0.0,0.9999897565122973
71.164456015051,0.0,0.0,0.9999897565122973
