Threshold,Precision,Recall,Specificity
-17.388345004386128,0.008431817412210897,1.0,0.0
-17.346306127336522,0.008431960176766394,1.0,1.7075336384126766e-05
-17.304267250286916,0.008431960176766394,1.0,1.7075336384126766e-05
-17.26222837323731,0.008431960176766394,1.0,1.7075336384126766e-05
-17.220189496187704,0.008431960176766394,1.0,1.7075336384126766e-05
-17.178150619138098,0.008431960176766394,1.0,1.7075336384126766e-05
-17.13611174208849,0.008431960176766394,1.0,1.7075336384126766e-05
-17.094072865038886,0.008431960176766394,1.0,1.7075336384126766e-05
-17.052033987989276,0.008431960176766394,1.0,1.7075336384126766e-05
-17.00999511093967,0.008431960176766394,1.0,1.7075336384126766e-05
-16.967956233890064,0.008431960176766394,1.0,1.7075336384126766e-05
-16.925917356840458,0.008431960176766394,1.0,1.7075336384126766e-05
-16.88387847979085,0.008431960176766394,1.0,1.7075336384126766e-05
-16.841839602741246,0.008431960176766394,1.0,1.7075336384126766e-05
-16.79980072569164,0.008431960176766394,1.0,1.7075336384126766e-05
-16.757761848642033,0.008431960176766394,1.0,1.7075336384126766e-05
-16.715722971592427,0.008431960176766394,1.0,1.7075336384126766e-05
-16.67368409454282,0.008431960176766394,1.0,1.7075336384126766e-05
-16.631645217493215,0.008431960176766394,1.0,1.7075336384126766e-05
-16.58960634044361,0.00843210294615645,1.0,3.415067276825353e-05
-16.547567463394003,0.00843210294615645,1.0,3.415067276825353e-05
-16.505528586344397,0.008432245720381313,1.0,5.1226009152380304e-05
-16.46348970929479,0.008432245720381313,1.0,5.1226009152380304e-05
-16.42145083224518,0.008432245720381313,1.0,5.1226009152380304e-05
-16.379411955195575,0.008432245720381313,1.0,5.1226009152380304e-05
-16.33737307814597,0.008432245720381313,1.0,5.1226009152380304e-05
-16.295334201096363,0.008432245720381313,1.0,5.1226009152380304e-05
-16.253295324046757,0.008432245720381313,1.0,5.1226009152380304e-05
-16.21125644699715,0.008432245720381313,1.0,5.1226009152380304e-05
-16.169217569947545,0.008432245720381313,1.0,5.1226009152380304e-05
-16.12717869289794,0.008432245720381313,1.0,5.1226009152380304e-05
-16.085139815848333,0.008432245720381313,1.0,5.1226009152380304e-05
-16.043100938798727,0.008432245720381313,1.0,5.1226009152380304e-05
-16.00106206174912,0.008432245720381313,1.0,5.1226009152380304e-05
-15.959023184699515,0.008432245720381313,1.0,5.1226009152380304e-05
-15.916984307649907,0.008432245720381313,1.0,5.1226009152380304e-05
-15.8749454306003,0.008432388499441227,1.0,6.830134553650706e-05
-15.832906553550695,0.008432388499441227,1.0,6.830134553650706e-05
-15.790867676501088,0.008432388499441227,1.0,6.830134553650706e-05
-15.748828799451482,0.008432388499441227,1.0,6.830134553650706e-05
-15.706789922401876,0.008432531283336438,1.0,8.537668192063384e-05
-15.664751045352268,0.008432531283336438,1.0,8.537668192063384e-05
-15.622712168302662,0.008432531283336438,1.0,8.537668192063384e-05
-15.580673291253056,0.008432531283336438,1.0,8.537668192063384e-05
-15.53863441420345,0.008432531283336438,1.0,8.537668192063384e-05
-15.496595537153844,0.00843267407206719,1.0,0.00010245201830476061
-15.454556660104238,0.00843267407206719,1.0,0.00010245201830476061
-15.412517783054632,0.00843267407206719,1.0,0.00010245201830476061
-15.370478906005026,0.008432959664036305,1.0,0.00013660269107301413
-15.32844002895542,0.008432959664036305,1.0,0.00013660269107301413
-15.286401151905812,0.00843310246727516,1.0,0.00015367802745714092
-15.244362274856206,0.008433245275350538,1.0,0.00017075336384126768
-15.2023233978066,0.008433245275350538,1.0,0.00017075336384126768
-15.160284520756994,0.008433388088262689,1.0,0.00018782870022539445
-15.118245643707388,0.008433530906011854,1.0,0.00020490403660952122
-15.076206766657782,0.008433530906011854,1.0,0.00020490403660952122
-15.034167889608174,0.008433530906011854,1.0,0.00020490403660952122
-14.992129012558568,0.008433530906011854,1.0,0.00020490403660952122
-14.950090135508962,0.008433673728598283,1.0,0.00022197937299364798
-14.908051258459356,0.00843395938828391,1.0,0.0002561300457619015
-14.86601238140975,0.00843395938828391,1.0,0.0002561300457619015
-14.823973504360143,0.0084341022253836,1.0,0.00027320538214602825
-14.781934627310537,0.008434245067321534,1.0,0.00029028071853015504
-14.739895750260931,0.008434245067321534,1.0,0.00029028071853015504
-14.697856873211325,0.008434245067321534,1.0,0.00029028071853015504
-14.655817996161717,0.008434245067321534,1.0,0.00029028071853015504
-14.613779119112111,0.008434530765713124,1.0,0.0003244313912984086
-14.571740242062505,0.008434816483460646,1.0,0.0003585820640666621
-14.5297013650129,0.008434959349593495,1.0,0.0003756574004507889
-14.487662487963293,0.008435102220566067,1.0,0.00039273273683491564
-14.445623610913687,0.008435102220566067,1.0,0.00039273273683491564
-14.40358473386408,0.008435387977031352,1.0,0.00042688340960316917
-14.361545856814473,0.008435816648033338,1.0,0.0004781094187555495
-14.319506979764867,0.008435959548049396,1.0,0.0004951847551396762
-14.277468102715261,0.008436245362606088,1.0,0.0005293354279079298
-14.235429225665655,0.008436531196530518,1.0,0.0005634861006761833
-14.193390348616049,0.008436531196530518,1.0,0.0005634861006761833
-14.151351471566443,0.008436674120756252,1.0,0.0005805614370603101
-14.109312594516837,0.00843724586608837,1.0,0.0006488627825968172
-14.06727371746723,0.00843796065673766,1.0,0.000734239464517451
-14.025234840417625,0.008438675568509166,1.0,0.0008196161464380849
-13.983195963368017,0.008439104573723544,1.0,0.0008708421555904651
-13.94115708631841,0.00843939060143368,1.0,0.0009049928283587187
-13.899118209268805,0.008439819679354641,1.0,0.000956218837511099
-13.857079332219199,0.008440248800908429,1.0,0.0010074448466634793
-13.815040455169592,0.00844053490618803,1.0,0.0010415955194317328
-13.773001578119985,0.008441107174941098,1.0,0.0011098968649682398
-13.730962701070379,0.00844139333841851,1.0,0.0011440475377364934
-13.688923824020772,0.008442824446893277,1.0,0.001314800901577761
-13.646884946971166,0.008443253874063274,1.0,0.0013660269107301415
-13.60484606992156,0.0084439696830968,1.0,0.0014514035926507752
-13.562807192871954,0.00844511523003612,1.0,0.0015880062837237894
-13.520768315822348,0.008445974594237064,1.0,0.0016904583020285499
-13.478729438772742,0.008447407256628162,1.0,0.0018612116658698176
-13.436690561723136,0.008447837150127226,1.0,0.001912437675022198
-13.39465168467353,0.008448410409527363,1.0,0.001980739020558705
-13.352612807623922,0.00844912709319489,1.0,0.002066115702479339
-13.310573930574316,0.008450417430258603,1.0,0.0022197937299364796
-13.26853505352471,0.0084514212982605,1.0,0.002339321084625367
-13.226496176475104,0.008452425404799891,1.0,0.0024588484393142547
-13.184457299425496,0.00845357324732643,1.0,0.0025954511303872686
-13.14241842237589,0.008454290807231984,1.0,0.0026808278123079026
-13.100379545326284,0.008455726292554547,1.0,0.00285158117614917
-13.058340668276678,0.008456875031840644,1.0,0.0029881838672221844
-13.016301791227072,0.008458024083289458,1.0,0.0031247865582951983
-12.974262914177466,0.008459891958006319,1.0,0.003346765931288846
-12.93222403712786,0.008460179396575156,1.0,0.0033809166040570998
-12.890185160078254,0.008462048223479636,1.0,0.003602895977050748
-12.848146283028647,0.008463486344555666,1.0,0.0037736493408920156
-12.806107405979041,0.008465500535468407,1.0,0.004012704050269791
-12.764068528929435,0.008467227748023463,1.0,0.004217608086879311
-12.72202965187983,0.008469099690486719,1.0,0.004439587459872959
-12.679990774830221,0.008471692977681002,1.0,0.0047469435147872415
-12.637951897780615,0.008473999455485978,1.0,0.005020148896933269
-12.59591302073101,0.008475730138198651,1.0,0.005225052933542791
-12.553874143681401,0.008477750161724149,1.0,0.005464107642920566
-12.511835266631795,0.008481648641744017,1.0,0.005925141725291988
-12.46979638958219,0.008484394166553087,1.0,0.006249573116590397
-12.427757512532583,0.00848728611357284,1.0,0.0065910798442729325
-12.385718635482977,0.008490903820906719,1.0,0.007017963253876101
-12.343679758433371,0.008495249142798656,1.0,0.007530223345399905
-12.301640881383765,0.008499889057672943,1.0,0.008076634109691961
-12.259602004334159,0.008503807930057034,1.0,0.008537668192063384
-12.217563127284553,0.008507439738968515,1.0,0.008964551601666553
-12.175524250234947,0.008513111559369551,1.0,0.009630489720647497
-12.13348537318534,0.00851689697633055,1.0,0.010074448466634793
-12.091446496135735,0.008519956886965151,1.0,0.010433030530701454
-12.049407619086127,0.008524623838134853,1.0,0.010979441294993512
-12.00736874203652,0.008530318602261049,1.0,0.011645379413974455
-11.965329864986915,0.008536752605595173,1.0,0.012396694214876033
-11.923290987937307,0.008542317060619576,1.0,0.01304555699747285
-11.8812521108877,0.008548769183232052,1.0,0.013796871798374428
-11.839213233838095,0.008554790167144796,1.0,0.014496960590123625
-11.797174356788489,0.008560819638313965,1.0,0.015197049381872822
-11.755135479738883,0.008566120820145864,1.0,0.015811761491701385
-11.713096602689276,0.008573642076267539,1.0,0.016682603647291853
-11.67105772563967,0.008580289455547898,1.0,0.017450993784577557
-11.629018848590064,0.008588576158940398,1.0,0.018407212622088654
-11.586979971540458,0.008595988538681949,1.0,0.019260979441294995
-11.544941094490852,0.00860252202452928,1.0,0.020012294242196572
-11.502902217441246,0.008610702861589003,1.0,0.020951437743323545
-11.46086334039164,0.008620391206508569,1.0,0.022061334608291783
-11.418824463342032,0.008629652734456228,1.0,0.023120005464107644
-11.376785586292426,0.00863818494041734,1.0,0.024093299638002868
-11.33474670924282,0.008630270195179552,0.9979919678714859,0.025151970493818728
-11.292707832193212,0.008638670652854064,0.9979919678714859,0.02610818933132983
-11.250668955143606,0.00864723792953458,0.9979919678714859,0.027081483505225053
-11.208630078094,0.008657480795024998,0.9979919678714859,0.028242606379345673
-11.166591201044394,0.0086669921875,0.9979919678714859,0.02931835257154566
-11.124552323994788,0.008678494097925543,0.9979919678714859,0.030616078136739295
-11.082513446945182,0.008672389977794485,0.9959839357429718,0.03187965302916467
-11.040474569895576,0.008681801473805815,0.9959839357429718,0.03293832388498053
-10.99843569284597,0.0086767515644446,0.9939759036144579,0.0343214261320948
-10.956396815796364,0.008689698757109754,0.9939759036144579,0.035772829724745575
-10.914357938746758,0.008702990664064561,0.9939759036144579,0.03725838399016461
-10.872319061697151,0.008713868253353518,0.9939759036144579,0.03847073287343761
-10.830280184647545,0.008727080394922426,0.9939759036144579,0.03993921180247251
-10.788241307597938,0.008737864077669903,0.9939759036144579,0.041134485349361385
-10.746202430548331,0.008732543751104827,0.9919678714859438,0.042483436923707395
-10.704163553498725,0.008729062643861326,0.9899598393574297,0.04403729253466293
-10.66212467644912,0.008743305075728017,0.9899598393574297,0.045608223482002594
-10.620085799399511,0.008757749631392892,0.9899598393574297,0.047196229765726384
-10.578046922349905,0.00877364702532434,0.9899598393574297,0.04893791407690731
-10.5360080453003,0.008790542588663231,0.9899598393574297,0.050782050406393005
-10.493969168250693,0.008789167172817892,0.9879518072289156,0.05255788539034219
-10.451930291201087,0.00880741828076331,0.9879518072289156,0.0545386244109009
-10.409891414151481,0.0088246372392517,0.9879518072289156,0.05639983607677071
-10.367852537101875,0.00884160586565072,0.9879518072289156,0.058226897069872274
-10.325813660052269,0.008841271270370037,0.9859437751004017,0.06010518407212622
-10.283774783002663,0.008842530768397878,0.9839357429718876,0.06215422443822143
-10.241735905953057,0.008862041524994575,0.9839357429718876,0.0642374154770849
-10.19969702890345,0.0088808337109198,0.9839357429718876,0.06623522983402773
-10.157658151853843,0.008898412813714451,0.9839357429718876,0.06809644149989755
-10.115619274804237,0.008918333545674608,0.9839357429718876,0.07019670787514513
-10.07358039775463,0.00893720247323399,0.9839357429718876,0.07217744689570385
-10.031541520705025,0.008957133717210493,0.9839357429718876,0.07426063793456732
-9.989502643655417,0.008962281441296141,0.9819277108433735,0.07668533570111331
-9.94746376660581,0.00898517171049005,0.9819277108433735,0.07905880745850694
-9.905424889556205,0.009006354176259324,0.9819277108433735,0.08124445051567517
-9.863386012506599,0.009028803545051698,0.9819277108433735,0.08354962092753228
-9.821347135456993,0.009015680248810559,0.9779116465863453,0.08595724335769414
-9.779308258407386,0.00902289140968754,0.9759036144578314,0.08856976982446554
-9.73726938135778,0.009028799076642403,0.9738955823293173,0.09104569360016393
-9.695230504308174,0.009051716093391313,0.9738955823293173,0.09336793934840516
-9.653191627258568,0.009076448020960045,0.9738955823293173,0.09586093846048767
-9.611152750208962,0.009103194564360524,0.9738955823293173,0.09854176627279558
-9.569113873159356,0.00913027108433735,0.9738955823293173,0.1012396694214876
-9.527074996109748,0.009158200838400242,0.9738955823293173,0.10400587391571614
-9.485036119060142,0.009189260880274351,0.9738955823293173,0.10706235912847484
-9.442997242010536,0.009177798468466756,0.9698795180722891,0.10962365958609385
-9.40095836496093,0.009207014868471216,0.9698795180722891,0.11247524076224302
-9.358919487911324,0.00923412228042672,0.9698795180722891,0.11510484256539853
-9.316880610861716,0.009262810678122122,0.9698795180722891,0.11787104705962707
-9.27484173381211,0.00929507534207032,0.9698795180722891,0.12096168294515403
-9.232802856762504,0.009307714589166747,0.9678714859437751,0.12398401748514445
-9.190763979712898,0.009315386850004841,0.9658634538152611,0.12652824260637935
-9.148725102663292,0.009345794392523364,0.9658634538152611,0.12939689911891264
-9.106686225613686,0.009377497904197453,0.9658634538152611,0.1323680076497507
-9.06464734856408,0.009388385784419192,0.963855421686747,0.1351854381531316
-9.022608471514474,0.009403219473890853,0.9618473895582329,0.1383614507205792
-8.980569594464866,0.009436750132981344,0.9618473895582329,0.14145208660610614
-8.93853071741526,0.009450749337656689,0.9598393574297188,0.14452564715524896
-8.896491840365654,0.00946259596500625,0.9578313253012049,0.14739430366778225
-8.854452963316048,0.009497451417648933,0.9578313253012049,0.1505532408988457
-8.812414086266442,0.009534279432340595,0.9578313253012049,0.1538658561573663
-8.770375209216835,0.00956601957323921,0.9578313253012049,0.15670036199713133
-8.72833633216723,0.009601642545139797,0.9578313253012049,0.1598592992281948
-8.686297455117623,0.009626858125189604,0.9558232931726908,0.16383785260569633
-8.644258578068015,0.00966360111253223,0.9558232931726908,0.16704801584591217
-8.60221970101841,0.009702998552703998,0.9558232931726908,0.17046308312273753
-8.560180823968803,0.009721454738953358,0.9538152610441767,0.17379277371764223
-8.518141946919197,0.00975800156128025,0.9538152610441767,0.17691756027593744
-8.476103069869591,0.009797450600222763,0.9538152610441767,0.1802643262072263
-8.434064192819985,0.00983946141895391,0.9538152610441767,0.18379892083874053
-8.392025315770379,0.009877107982782641,0.9538152610441767,0.18694078273341985
-8.349986438720771,0.00987659476728404,0.9497991967871486,0.19032169933747695
-8.307947561671165,0.009921550530687587,0.9497991967871486,0.19402704733283246
-8.265908684621559,0.009924564878418812,0.9457831325301205,0.1976811693190356
-8.223869807571953,0.009924455636202045,0.9417670682730924,0.2010791612594768
-8.181830930522347,0.009950671882973295,0.9397590361445783,0.2049040366095212
-8.13979205347274,0.009975435223753071,0.9377510040160643,0.2085923092684926
-8.097753176423135,0.009999356264618158,0.9357429718875502,0.21219520524554333
-8.055714299373529,0.010051335145161986,0.9357429718875502,0.21631036131411788
-8.01367542232392,0.01007824183445675,0.9337349397590361,0.22010108599139402
-7.971636545274315,0.010125645101583085,0.9337349397590361,0.22378935865036542
-7.929597668224709,0.010177281680892974,0.9337349397590361,0.22776791202786695
-7.887558791175103,0.010203184097106166,0.9317269076305221,0.23140495867768596
-7.8455199141254965,0.010225039199664318,0.929718875502008,0.23471757393620654
-7.8034810370758905,0.010256410256410256,0.927710843373494,0.23873027798647634
-7.761442160026284,0.01030973846291172,0.927710843373494,0.24270883136397786
-7.7194032829766766,0.010316445760165063,0.9236947791164659,0.2464824807048699
-7.6773644059270705,0.010344594442315927,0.9216867469879518,0.2501878287002254
-7.635325528877464,0.010353420933393746,0.9176706827309237,0.2540980807321904
-7.593286651827858,0.010368479821343117,0.9136546184738956,0.25845229151014276
-7.551247774778252,0.010422154522756947,0.9136546184738956,0.2623113175329554
-7.509208897728646,0.010480490164463077,0.9136546184738956,0.26646062427429823
-7.46717002067904,0.010537773866320812,0.9136546184738956,0.2704904036609521
-7.425131143629434,0.01059815522221187,0.9136546184738956,0.2746909364114473
-7.383092266579826,0.01065523863050911,0.9136546184738956,0.2786182637797965
-7.34105338953022,0.01068914369128623,0.9116465863453815,0.28251144047537735
-7.299014512480614,0.0107002509350883,0.9076305220883534,0.2864216925073424
-7.256975635431008,0.010716582124741017,0.9036144578313253,0.29067345126698996
-7.214936758381402,0.010776120117818913,0.9036144578313253,0.29463492930810736
-7.172897881331796,0.01080937936347441,0.9016064257028112,0.29839150331261527
-7.13085900428219,0.010799292961088646,0.8955823293172691,0.30242128269926916
-7.088820127232582,0.010856864654333009,0.8955823293172691,0.30616078136739294
-7.046781250182976,0.01091318390917099,0.8955823293172691,0.30978075268082783
-7.00474237313337,0.010950880992223645,0.893574297188755,0.3137251553855611
-6.962703496083764,0.010966160853528728,0.8895582329317269,0.3177720101085991
-6.920664619034158,0.01100351016953372,0.8875502008032129,0.3216481114677959
-6.878625741984552,0.011048201222567392,0.8855421686746988,0.32595109623659585
-6.8365868649349455,0.01111027133247676,0.8855421686746988,0.3297588962502561
-6.794547987885339,0.011177007299270073,0.8855421686746988,0.3338057509732942
-6.752509110835732,0.01122105477914924,0.8835341365461847,0.33795505771463696
-6.7104702337861255,0.011266521237007571,0.8815261044176707,0.34215559046513216
-6.668431356736519,0.01131987698033236,0.8795180722891566,0.34678300662523054
-6.626392479686913,0.011340286628345514,0.8755020080321285,0.35094938870295744
-6.584353602637307,0.011410924127823288,0.8755020080321285,0.3550133187623796
-6.542314725587701,0.01147912168922121,0.8755020080321285,0.3588894201215764
-6.500275848538095,0.011522263131406776,0.8734939759036144,0.3627825968171573
-6.458236971488487,0.01152,0.8674698795180723,0.367051430913189
-6.416198094438881,0.011538358333109722,0.8634538152610441,0.37099583361792227
-6.374159217389275,0.011557571829768848,0.8594377510040161,0.3749743869954238
-6.332120340339669,0.011632331358373648,0.8594377510040161,0.379038317054846
-6.290081463290063,0.011653353758616916,0.8554216867469879,0.3830680964414999
-6.248042586240457,0.011733920947527888,0.8554216867469879,0.3873540058739157
-6.206003709190851,0.011814299184646958,0.8554216867469879,0.39157161396079504
-6.163964832141245,0.011892465313642835,0.8554216867469879,0.39561846868383305
-6.121925955091637,0.011907770943915522,0.8514056224899599,0.39923843999726794
-6.079887078042031,0.01196368470175637,0.8493975903614458,0.4034901987569155
-6.037848200992425,0.011960019363840875,0.8433734939759037,0.40753705347995356
-5.995809323942819,0.012012614678899082,0.8413654618473896,0.41156683286660745
-5.953770446893213,0.012065929625032473,0.8393574297188755,0.4155966122532614
-5.911731569843607,0.012060447544318512,0.8333333333333334,0.41952393962161055
-5.8696926927940005,0.01211766427630616,0.8313253012048193,0.42369032169933746
-5.827653815744393,0.01220159151193634,0.8313253012048193,0.4277030257496073
-5.785614938694787,0.012252647817960661,0.8293172690763052,0.4314937504268834
-5.7435760616451805,0.012246117084826763,0.8232931726907631,0.4353186257769278
-5.7015371845955745,0.012296314112200108,0.821285140562249,0.4390239737722833
-5.659498307545968,0.012386432465172622,0.821285140562249,0.44315620517724197
-5.617459430496362,0.012414213817294495,0.8172690763052208,0.44713475855474355
-5.575420553446756,0.012499232233892267,0.8172690763052208,0.4509425585684038
-5.53338167639715,0.012491497124482097,0.8112449799196787,0.4546479065637593
-5.491342799347542,0.012515956287555653,0.8072289156626506,0.45842155590465133
-5.449303922297936,0.012618890667671155,0.8072289156626506,0.4628952940372925
-5.40726504524833,0.01268345141700405,0.8052208835341366,0.46699337476948294
-5.365226168198724,0.01277232768505542,0.8052208835341366,0.47074994877399085
-5.323187291149118,0.012832852101379532,0.8032128514056225,0.47459189946041935
-5.281148414099512,0.01285446676571281,0.7991967871485943,0.47810941875554946
-5.239109537049906,0.012948142364499968,0.7991967871485943,0.4819342941055939
-5.197070660000298,0.013044048243314106,0.7991967871485943,0.48579332012840654
-5.155031782950692,0.013075780089153046,0.7951807228915663,0.48963527081483504
-5.112992905901086,0.01302508411339485,0.785140562248996,0.49409193361109216
-5.07095402885148,0.013093839180795703,0.7831325301204819,0.4980704869885937
-5.028915151801874,0.013170814288132724,0.7811244979919679,0.5023222457482412
-4.986876274752268,0.013261514335390174,0.7811244979919679,0.5057714636978349
-4.944837397702662,0.013262326060814292,0.7751004016064257,0.5096134143842633
-4.9027985206530555,0.013335642535503983,0.7730923694779116,0.513609043098149
-4.860759643603448,0.013330076421118749,0.7670682730923695,0.5171948637388156
-4.818720766553842,0.013387352474898714,0.7630522088353414,0.5218052045625299
-4.776681889504236,0.013483305538799987,0.7630522088353414,0.5252544225121235
-4.7346430124546295,0.013472946894432136,0.7570281124497992,0.5286353391161805
-4.692604135405023,0.013583138173302109,0.7570281124497992,0.5325114404753774
-4.650565258355417,0.01368321718931475,0.7570281124497992,0.535977733761355
-4.608526381305811,0.0137517372540414,0.7550200803212851,0.5395464790656376
-4.566487504256203,0.013831513720861612,0.7530120481927711,0.5434567310976026
-4.524448627206597,0.013940520446096654,0.7530120481927711,0.5470767024110375
-4.482409750156991,0.014005392450569204,0.751004016064257,0.5504063930059422
-4.440370873107385,0.014076534078043625,0.748995983935743,0.5539068369646882
-4.398331996057779,0.014150405112404427,0.7469879518072289,0.5574585069325866
-4.356293119008173,0.014108806502319519,0.7389558232931727,0.5609077248821802
-4.314254241958567,0.014100285868809395,0.7329317269076305,0.5642203401407008
-4.272215364908961,0.014090537542329999,0.7269076305220884,0.5674988047264531
-4.230176487859353,0.014206106271093321,0.7269076305220884,0.5710675500307356
-4.188137610809747,0.014316222415565925,0.7269076305220884,0.5744143159620244
-4.146098733760141,0.014354066985645933,0.7228915662650602,0.5778976845843863
-4.104059856710535,0.014425201912645156,0.7208835341365462,0.5811761491701386
-4.062020979660929,0.01445578231292517,0.7168674698795181,0.5844033877467386
-4.019982102611323,0.014572618172912074,0.7168674698795181,0.5877843043507958
-3.9779432255617166,0.01465261771485018,0.714859437751004,0.5912164469640052
-3.9359043485121106,0.01477914314181335,0.714859437751004,0.5947681169319036
-3.8938654714625027,0.01480613994730018,0.7108433734939759,0.597790451471894
-3.8518265944128967,0.014871924502864847,0.7088353413654619,0.6007274093299638
-3.8097877173632906,0.014973488865323436,0.7088353413654619,0.6034765384878082
-3.7677488403136845,0.015003847140292383,0.7048192771084337,0.6065330237005669
-3.7257099632640784,0.015089458935115327,0.7028112449799196,0.609913940304624
-3.6836710862144724,0.015166659423753857,0.7008032128514057,0.6130387268629192
-3.6416322091648663,0.01519863343699356,0.6967871485943775,0.6160781367392938
-3.5995933321152584,0.015225066195939982,0.6927710843373494,0.6189638685882112
-3.5575544550656524,0.015342880014231078,0.6927710843373494,0.6219349771190492
-3.5155155780160463,0.01546738399462004,0.6927710843373494,0.6250256130045762
-3.4734767009664402,0.0154958210978089,0.6887550200803213,0.6278942695171095
-3.431437823916834,0.0156328335080443,0.6887550200803213,0.63120688477563
-3.389398946867228,0.01567960272208939,0.6847389558232931,0.6344682740249983
-3.347360069817622,0.015804597701149427,0.6847389558232931,0.6374052318830681
-3.305321192768016,0.015810646458976518,0.678714859437751,0.6407349224779728
-3.263282315718408,0.01588798265051153,0.6767068273092369,0.6435694283177379
-3.221243438668802,0.01590542208717121,0.6726907630522089,0.6460795027662045
-3.179204561619196,0.015943694340706693,0.6686746987951807,0.6490506112970426
-3.13716568456959,0.016025486315586233,0.6666666666666666,0.6519192678095759
-3.095126807519984,0.0161541455819385,0.6666666666666666,0.6547366983129568
-3.0530879304703777,0.016296878067936383,0.6666666666666666,0.6578102588620995
-3.0110490534207717,0.01638776116447173,0.6646586345381527,0.6607642920565535
-2.969010176371164,0.01643274561710204,0.6606425702811245,0.6637524759237757
-2.9269712993215578,0.016567630174237083,0.6606425702811245,0.6665357557543884
-2.8849324222719517,0.016655664449296705,0.6586345381526104,0.6693361109213851
-2.8428935452223456,0.016730621642363774,0.6566265060240963,0.6718461853698517
-2.8008546681727395,0.01681192305708834,0.6546184738955824,0.6744587118366232
-2.7588157911231335,0.016835541699142635,0.6506024096385542,0.6769175602759374
-2.7167769140735274,0.016910994764397905,0.6485943775100401,0.6793764087152517
-2.6747380370239213,0.017055655296229804,0.6485943775100401,0.6821426132094802
-2.6326991599743135,0.017191824568873748,0.6485943775100401,0.6847039136670993
-2.5906602829247074,0.01727653181671853,0.6465863453815262,0.6872481387883341
-2.5486214058751013,0.01742329960499973,0.6465863453815262,0.6899289666006421
-2.5065825288254953,0.01744439598778892,0.642570281124498,0.6922341370124991
-2.464543651775889,0.017612416753811436,0.642570281124498,0.6952223208797214
-2.422504774726283,0.01769273433166944,0.6405622489959839,0.6975787173007308
-2.380465897676677,0.017666461676077598,0.6345381526104418,0.6999692643945086
-2.338427020627069,0.01768715146735763,0.6305220883534136,0.7022232087972133
-2.296388143577463,0.01783482903555606,0.6305220883534136,0.70473328324568
-2.254349266527857,0.0179565142562102,0.6285140562248996,0.707704391776518
-2.212310389478251,0.018103996760946265,0.6285140562248996,0.710129089543064
-2.170271512428645,0.018258181181823485,0.6285140562248996,0.7126220886551465
-2.128232635379039,0.018415014414308407,0.6285140562248996,0.715115087767229
-2.0861937583294328,0.018475613378482744,0.6244979919678715,0.7178812922614576
-2.0441548812798267,0.018607155677874836,0.6244979919678715,0.7199132572911686
-2.002116004230219,0.01872366044551475,0.6244979919678715,0.7216890922751178
-1.9600771271806128,0.01880383355574427,0.6224899598393574,0.7237893586503654
-1.9180382501310067,0.018969526373760863,0.6224899598393574,0.7262482070896796
-1.8759993730814006,0.019070542492131085,0.6204819277108434,0.7286046035106891
-1.8339604960317946,0.019216417910447762,0.6204819277108434,0.7307048698859367
-1.7919216189821885,0.019394928445895052,0.6204819277108434,0.7332320196707875
-1.7498827419325824,0.019568108416186437,0.6204819277108434,0.7356396421009493
-1.7078438648829746,0.01961410682340915,0.6164658634538153,0.7379789631855748
-1.6658049878333685,0.01978857805852778,0.6164658634538153,0.7403353596065843
-1.6237661107837624,0.0198180636777128,0.6124497991967871,0.7424185506454477
-1.5817272337341564,0.01990570979570456,0.6104417670682731,0.7444163650023905
-1.5396883566845503,0.01986798679867987,0.6044176706827309,0.7464483300321016
-1.4976494796349442,0.01996539331824837,0.6024096385542169,0.7485485964073493
-1.4556106025853381,0.02007654602833546,0.6004016064257028,0.7508025408100539
-1.413571725535732,0.020047409414155098,0.5943775100401606,0.7529369578580698
-1.371532848486126,0.020069629326233872,0.5903614457831325,0.7548835462058603
-1.32949397143652,0.020238177187306396,0.5903614457831325,0.7569667372447237
-1.2874550943869139,0.02028059452701764,0.5863453815261044,0.7591353049655079
-1.2454162173373042,0.020343959731543623,0.5843373493975904,0.7607233112492316
-1.2033773402876982,0.020432607623476363,0.5823293172690763,0.7626015982514855
-1.161338463238092,0.020242914979757085,0.572289156626506,0.7644628099173554
-1.119299586188486,0.020403780068728523,0.572289156626506,0.7663581722559935
-1.07726070913888,0.02054794520547945,0.572289156626506,0.7680315552216379
-1.0352218320892739,0.020641034958935968,0.570281124497992,0.7699098422238918
-0.9931829550396678,0.02081501026092055,0.570281124497992,0.7718735059080664
-0.9511440779900617,0.02088560885608856,0.5682730923694779,0.7734615121917902
-0.9091052009404557,0.020924864100081913,0.5642570281124498,0.7754934772215013
-0.8670663238908496,0.02082393625018794,0.5562248995983936,0.7775937435967488
-0.8250274468412435,0.02098961885276957,0.5562248995983936,0.7793866539170822
-0.7829885697916374,0.021156343084090735,0.5562248995983936,0.7811624889010313
-0.7409496927420314,0.02132573716221418,0.5562248995983936,0.7829383238849805
-0.6989108156924253,0.02150454157285925,0.5562248995983936,0.7847824602144662
-0.6568719386428192,0.021621621621621623,0.5542168674698795,0.7867461238986408
-0.6148330615932132,0.021800947867298578,0.5542168674698795,0.7885390342189741
-0.5727941845436035,0.02197452229299363,0.5542168674698795,0.7902465678573868
-0.5307553074939975,0.02209190231362468,0.5522088353413654,0.7921419301960249
-0.4887164304443914,0.022188031419548143,0.5502008032128514,0.7938153131616693
-0.4466775533947853,0.0222820763956905,0.5481927710843374,0.7954545454545454
-0.40463867634517925,0.022390516957523872,0.5461847389558233,0.7972133051021105
-0.3625997992955732,0.02246725252860222,0.5441767068273092,0.7986647086947612
-0.3205609222459671,0.02259792433880147,0.5421686746987951,0.8005942217061676
-0.27852204519636103,0.022782887520040502,0.5421686746987951,0.802250529335428
-0.23648316814675496,0.02286248512663607,0.5401606425702812,0.8036848575916945
-0.1944442910971489,0.023032793903587635,0.5401606425702812,0.8051704118571136
-0.15240541404754282,0.023115404519579094,0.5381526104417671,0.8066047401133802
-0.11036653699793675,0.023310428807515004,0.5381526104417671,0.8082610477426405
-0.06832765994833068,0.023427217688865493,0.536144578313253,0.809951506044669
-0.026288782898724605,0.02342230864415768,0.5321285140562249,0.8113346082917834
0.015750094150881466,0.023521026372059873,0.5301204819277109,0.8128543132299706
0.05778897120049109,0.02353998203054807,0.5261044176706827,0.8144252441773103
0.09982784825009716,0.023727585582322044,0.5261044176706827,0.8159278737791135
0.14186672529970323,0.023900748038679073,0.5261044176706827,0.8172939006898436
0.1839056023493093,0.023964741529703425,0.5240963855421686,0.8184891742367325
0.22594447939891538,0.02413984461709212,0.5240963855421686,0.8198381258110785
0.26798335644852145,0.024235645041014168,0.5220883534136547,0.821255378730961
0.3100222334981275,0.02425039947363474,0.5180722891566265,0.8227409329963801
0.3520611105477336,0.024353264474556997,0.5160642570281124,0.8241923365890308
0.39409998759733966,0.024555704184979935,0.5160642570281124,0.8256778908544499
0.43613886464694573,0.024636704840727552,0.5140562248995983,0.8269414657468752
0.4781777416965518,0.02482544608223429,0.5140562248995983,0.8282904173212212
0.5202166187461579,0.02497073741708935,0.5140562248995983,0.8293149375042689
0.562255495795764,0.025162178101041873,0.5140562248995983,0.8306468137422307
0.60429437284537,0.025331486245794576,0.5140562248995983,0.8318079366163513
0.6463332498949761,0.025471980821096793,0.5120481927710844,0.8334130182364593
0.6883721269445857,0.025581629569946623,0.5100401606425703,0.8347961204835735
0.7304110039941918,0.025805140709133395,0.5100401606425703,0.8362645994126084
0.7724498810437979,0.025974025974025976,0.5100401606425703,0.8373574209411926
0.8144887580934039,0.026236958991839684,0.5100401606425703,0.8390308039068369
0.85652763514301,0.02643355187844729,0.5100401606425703,0.8402602281264941
0.8985665121926161,0.02628547491883967,0.5040160642570282,0.8412335223003893
0.9406053892422221,0.026435444644178914,0.5020080321285141,0.8427873779113448
0.9826442662918282,0.026658136063126465,0.5020080321285141,0.8441363294856908
1.0246831433414343,0.026683882074456638,0.4979919678714859,0.8455365070691893
1.0667220203910404,0.02687181709827717,0.4979919678714859,0.8466464039341575
1.1087608974406464,0.02695329550414666,0.4959839357429719,0.8477392254627416
1.1507997744902525,0.027098479841374753,0.4939759036144578,0.8491906290553924
1.1928386515398586,0.027195027195027196,0.4919678714859438,0.8503517519295131
1.2348775285894646,0.02730528200537153,0.4899598393574297,0.8515811761491702
1.2769164056390707,0.027496055893621817,0.4899598393574297,0.852639847004986
1.3189552826886803,0.027475022706630336,0.4859437751004016,0.8537326685335701
1.3609941597382864,0.0277141548327989,0.4859437751004016,0.8550303940987637
1.4030330367878925,0.027739251040221916,0.4819277108433735,0.8563622703367256
1.4450719138374986,0.027603074772886094,0.4759036144578313,0.8574380165289256
1.4871107908871046,0.027670301324891546,0.4738955823293173,0.8583942353664367
1.5291496679367107,0.027633443552196504,0.46987951807228917,0.8594016802131001
1.5711885449863168,0.027751310147689376,0.4678714859437751,0.8606140290963732
1.6132274220359228,0.02774774774774775,0.463855421686747,0.861792227306878
1.655266299085529,0.02782482458262763,0.46184738955823296,0.8627825968171573
1.697305176135135,0.027632379793061473,0.45582329317269077,0.8636022129635954
1.739344053184741,0.02747791952894995,0.4497991967871486,0.864626733146643
1.7813829302343471,0.027575120563867937,0.44779116465863456,0.8657195546752271
1.8234218072839532,0.027642883825177437,0.4457831325301205,0.8666586981763541
1.8654606843335593,0.02769423558897243,0.44377510040160645,0.8675124649955605
1.9074995613831653,0.027896995708154508,0.44377510040160645,0.8685028345058398
1.949538438432775,0.02802547770700637,0.44176706827309237,0.8697151833891128
1.991577315482381,0.028024167630800872,0.43775100401606426,0.8708933815996175
2.033616192531987,0.028123379989631932,0.4357429718875502,0.8719520524554334
2.075655069581593,0.02817636316201409,0.43373493975903615,0.8727887439382556
2.1176939466311993,0.028256012616638192,0.43172690763052207,0.8737449627757666
2.1597328236808053,0.028465510393221236,0.43172690763052207,0.8747011816132778
2.2017717007304114,0.028411364545818326,0.42771084337349397,0.8756232497780206
2.2438105777800175,0.02849462365591398,0.42570281124497994,0.8765794686155317
2.2858494548296235,0.02867965367965368,0.42570281124497994,0.8773990847619698
2.3278883318792296,0.028910405018409926,0.42570281124497994,0.8784065296086333
2.3699272089288357,0.02915692476963279,0.42570281124497994,0.8794652004644492
2.4119660859784418,0.029216283577956245,0.42369477911646586,0.8802848166108872
2.454004963028048,0.029084330642916784,0.41967871485943775,0.8808653780479475
2.496043840077654,0.029288116591928252,0.41967871485943775,0.8817191448671539
2.53808271712726,0.02943661971830986,0.41967871485943775,0.8823338569769824
2.5801215941768696,0.02938671209540034,0.41566265060240964,0.8832559251417252
2.6221604712264757,0.029584107474631985,0.41566265060240964,0.8840584659517793
2.6641993482760817,0.029644553173118433,0.41365461847389556,0.8848610067618332
2.706238225325688,0.029705839733371976,0.41164658634538154,0.8856635475718871
2.748277102375294,0.029896456176170337,0.41164658634538154,0.8864148623727888
2.7903159794249,0.029955947136563875,0.40963855421686746,0.8872003278464585
2.832354856474506,0.03001626497116664,0.40763052208835343,0.8879857933201284
2.874393733524112,0.029906263948817142,0.4036144578313253,0.8886688067754934
2.916432610573718,0.029826139088729015,0.39959839357429716,0.8894713475855475
2.9584714876233242,0.029859749660684665,0.39759036144578314,0.8901543610409125
3.0005103646729303,0.03007747227707732,0.39759036144578314,0.8909739771873506
3.0425492417225364,0.030321592649310874,0.39759036144578314,0.8918789700157093
3.0845881187721425,0.030143762559901068,0.39156626506024095,0.8928693395259887
3.1266269958217485,0.03035491905354919,0.39156626506024095,0.8936377296632744
3.1686658728713546,0.03041705863907181,0.3895582329317269,0.8944061198005601
3.210704749920964,0.030642868425209288,0.3895582329317269,0.895208660610614
3.2527436269705703,0.030837704657447146,0.3895582329317269,0.8958916740659791
3.2947825040201764,0.03084545309253636,0.38755020080321284,0.8964551601666553
3.3368213810697824,0.031068898905344495,0.38755020080321284,0.897223550303941
3.3788602581193885,0.030946208684381075,0.38353413654618473,0.8978724130865378
3.4208991351689946,0.03116332191222059,0.38353413654618473,0.8986066525510552
3.4629380122186006,0.031029387621080283,0.3795180722891566,0.8992213646608839
3.5049768892682067,0.031208718626155877,0.3795180722891566,0.8998190014343282
3.547015766317813,0.031395348837209305,0.3795180722891566,0.9004337135441568
3.589054643367419,0.03163709407432206,0.3795180722891566,0.9012191790178267
3.631093520417025,0.03185035389282103,0.3795180722891566,0.9019021924731917
3.673132397466631,0.03204476093591048,0.3795180722891566,0.9025169045830203
3.715171274516237,0.03192760799043879,0.3755020080321285,0.9031828427020012
3.757210151565843,0.032086479066575156,0.3755020080321285,0.9036780274571409
3.799249028615449,0.03178441872516842,0.36947791164658633,0.9042927395669694
3.841287905665059,0.032,0.36947791164658633,0.9049586776859504
3.883326782714665,0.0318962495618647,0.3654618473895582,0.9056758418140838
3.925365659764271,0.0320704845814978,0.3654618473895582,0.9062051772419917
3.967404536813877,0.03226950354609929,0.3654618473895582,0.906802814015436
4.009443413863483,0.032424728309282023,0.3654618473895582,0.9072638480978076
4.051482290913089,0.032402434658073756,0.3634538152610442,0.9077078068437948
4.093521167962695,0.03263025058590229,0.3634538152610442,0.9083737449627758
4.135560045012301,0.032825535001813566,0.3634538152610442,0.9089372310634519
4.177598922061907,0.032670195291111516,0.35943775100401604,0.9095007171641282
4.2196377991115135,0.03285006423196917,0.35943775100401604,0.9100129772556519
4.26167667616112,0.03301364810033198,0.35943775100401604,0.9104740113380234
4.303715553210726,0.03304864463423691,0.357429718875502,0.9110716481114678
4.345754430260332,0.033040881090162406,0.35542168674698793,0.9115497575302234
4.387793307309938,0.03303923409048245,0.3534136546184739,0.912044942285363
4.429832184359544,0.03288603288603289,0.3493975903614458,0.9126255037224233
4.4718710614091535,0.03308613804905876,0.3493975903614458,0.9131719144867154
4.5139099384587595,0.03331418724870764,0.3493975903614458,0.913786626596544
4.555948815508366,0.033417036893954026,0.3473895582329317,0.9145550167338297
4.597987692557972,0.03341103341103341,0.3453815261044177,0.9150331261525853
4.640026569607578,0.03357407768885419,0.3453815261044177,0.9154600095621884
4.682065446657184,0.03385160401495769,0.3453815261044177,0.9161771736903217
4.72410432370679,0.03365003958828187,0.3413654618473896,0.9166382077726931
4.766143200756396,0.03364523193310771,0.3393574297188755,0.9171163171914487
4.808182077806002,0.033433433433433433,0.3353413654618474,0.9175602759374359
4.850220954855608,0.03310456197012515,0.3293172690763052,0.9182091387200327
4.892259831905214,0.033143554290361935,0.3273092369477912,0.9188067754934772
4.93429870895482,0.03330608908868002,0.3273092369477912,0.9192165835666962
4.976337586004426,0.03347022587268994,0.3273092369477912,0.9196263916399153
5.018376463054032,0.033677685950413226,0.3273092369477912,0.9201386517314392
5.0604153401036385,0.03364485981308411,0.3253012048192771,0.9205484598046582
5.102454217153248,0.03384165448088573,0.3253012048192771,0.9210265692234137
5.144493094202854,0.03408373658741847,0.3253012048192771,0.9216071306604741
5.18653197125246,0.03380519754912318,0.321285140562249,0.9219144867153883
5.228570848302066,0.033963065166631286,0.321285140562249,0.9222901441158391
5.270609725351672,0.03375347148045289,0.3172690763052209,0.9227682535345947
5.3126486024012785,0.03370545298411335,0.3152610441767068,0.9231439109350454
5.3546874794508845,0.03390928725701944,0.3152610441767068,0.9236220203538009
5.396726356500491,0.033854166666666664,0.3132530120481928,0.9239806024178676
5.438765233550097,0.0340388391883046,0.3132530120481928,0.9244074858274708
5.480804110599703,0.03402107111501317,0.3112449799196787,0.9248514445734581
5.522842987649309,0.0341710758377425,0.3112449799196787,0.9251929513011407
5.564881864698915,0.03417665335108744,0.3092369477911647,0.9256881360562803
5.606920741748521,0.03445190156599553,0.3092369477911647,0.9263028481661089
5.648959618798127,0.034218820351193155,0.30522088353413657,0.9267468069120962
5.690998495847733,0.034404708012675415,0.30522088353413657,0.9271566149853152
5.733037372897343,0.034600500796722056,0.30522088353413657,0.9275834983949184
5.775076249946949,0.03458543289051764,0.3032128514056225,0.9280274571409056
5.817115126996555,0.03473659995399126,0.3032128514056225,0.9283518885322041
5.859154004046161,0.03475440222428174,0.30120481927710846,0.9288641486237279
5.901192881095767,0.03500583430571762,0.30120481927710846,0.9293934840516358
5.943231758145373,0.034692920768870136,0.2971887550200803,0.929683764770166
5.985270635194979,0.034922133081642284,0.2971887550200803,0.9301618741889215
6.027309512244585,0.03508771929824561,0.2971887550200803,0.930503380916604
6.069348389294191,0.035212943135855344,0.2971887550200803,0.930759510962366
6.111387266343797,0.035364396654719236,0.2971887550200803,0.9310668670172803
6.153426143393403,0.035559827006247,0.2971887550200803,0.9314595997541152
6.1954650204430095,0.03552440792653456,0.29518072289156627,0.9318523324909501
6.237503897492616,0.03564500484966052,0.29518072289156627,0.9320913872003278
6.279542774542222,0.035818713450292396,0.29518072289156627,0.9324328939280104
6.321581651591828,0.03602941176470588,0.29518072289156627,0.9328427020012294
6.363620528641437,0.03599605522682446,0.2931726907630522,0.9332354347380644
6.405659405691043,0.03566121842496285,0.2891566265060241,0.9335086401202104
6.4476982827406495,0.03589232303090728,0.2891566265060241,0.9339525988661976
6.489737159790256,0.036180904522613064,0.2891566265060241,0.9344990096304897
6.531776036839862,0.036372821419550394,0.2891566265060241,0.9348575916945564
6.573814913889468,0.03662258392675483,0.2891566265060241,0.9353186257769278
6.615853790939074,0.03655419222903886,0.28714859437751006,0.9356430571682263
6.65789266798868,0.03677037798920031,0.28714859437751006,0.9360357899050611
6.699931545038286,0.03667355371900827,0.285140562248996,0.9363089952872071
6.741970422087892,0.03677803677803678,0.285140562248996,0.9364968239874325
6.784009299137498,0.03670919031502213,0.28313253012048195,0.936821255378731
6.826048176187104,0.03667801938695311,0.28112449799196787,0.9372139881155659
6.86808705323671,0.03686150605581885,0.28112449799196787,0.9375384195068643
6.910125930286316,0.037027241470510446,0.28112449799196787,0.9378287002253944
6.952164807335922,0.03721424774056353,0.28112449799196787,0.9381531316166929
6.994203684385532,0.0374331550802139,0.28112449799196787,0.9385287890171436
7.036242561435138,0.037614185921547555,0.28112449799196787,0.9388361450720579
7.078281438484744,0.03760822510822511,0.2791164658634538,0.9392630284816611
7.12032031553435,0.037520391517128875,0.27710843373493976,0.9395533092001912
7.162359192583956,0.03766375545851528,0.27710843373493976,0.939792363909569
7.204398069633562,0.03761669412410763,0.2751004016064257,0.9401509459736357
7.246436946683168,0.03785576126001658,0.2751004016064257,0.9405436787104706
7.2884758237327745,0.038097886540600666,0.2751004016064257,0.9409364114473056
7.3305147007823805,0.03820412716118238,0.2751004016064257,0.9411071648111468
7.372553577831987,0.038127277824502384,0.27309236947791166,0.941414520866061
7.414592454881593,0.03804960541149944,0.2710843373493976,0.9417218769209753
7.456631331931199,0.03815715093273036,0.2710843373493976,0.9418926302848166
7.498670208980805,0.03807899971582836,0.26907630522088355,0.9421999863397309
7.540709086030411,0.03797829811536265,0.26706827309236947,0.9424731917218769
7.582747963080017,0.03819643882825962,0.26706827309236947,0.9428146984495595
7.624786840129627,0.03807326218632824,0.26506024096385544,0.9430537531589372
7.666825717179233,0.03799303944315545,0.26305220883534136,0.9433611092138515
7.708864594228839,0.03786775415088844,0.26104417670682734,0.9436001639232293
7.750903471278445,0.03808965719308526,0.26104417670682734,0.9439416706509118
7.792942348328051,0.03822405174948545,0.26104417670682734,0.9441465746875214
7.834981225377657,0.0384160756501182,0.26104417670682734,0.9444368554060515
7.877020102427263,0.03830166270783848,0.25903614457831325,0.9446929854518133
7.919058979476869,0.0384157236450268,0.25903614457831325,0.9448637388156547
7.961097856526475,0.038645895745955665,0.25903614457831325,0.9452052455433372
8.003136733576081,0.03851941017153175,0.2570281124497992,0.945444300252715
8.045175610625687,0.03842662632375189,0.25502008032128515,0.9457345809712452
8.087214487675293,0.03860182370820669,0.25502008032128515,0.945990711017007
8.1292533647249,0.03817959682345754,0.25100401606425704,0.9462297657263848
8.171292241774506,0.03833180006133088,0.25100401606425704,0.9464517450993785
8.213331118824112,0.0384970742223591,0.25100401606425704,0.9466907998087563
8.255369995873721,0.03865182436611008,0.25100401606425704,0.9469127791817499
8.297408872923327,0.0388078236572493,0.25100401606425704,0.9471347585547435
8.339447749972933,0.03894080996884735,0.25100401606425704,0.9473225872549689
8.38148662702254,0.0390991554582421,0.25100401606425704,0.9475445666279626
8.423525504072146,0.03889585947302384,0.24899598393574296,0.9476811693190356
8.465564381121752,0.03881350583780372,0.2469879518072289,0.9479885253739498
8.507603258171358,0.03892405063291139,0.2469879518072289,0.948142203401407
8.549642135220964,0.03906001905366783,0.2469879518072289,0.9483300321016324
8.59168101227057,0.039272030651340994,0.2469879518072289,0.9486203128201626
8.633719889320176,0.0391276459268762,0.24497991967871485,0.9488422921931562
8.675758766369782,0.039342147694292166,0.24497991967871485,0.9491325729116864
8.717797643419388,0.03950777202072539,0.24497991967871485,0.94935455228468
8.759836520468994,0.03933680104031209,0.2429718875502008,0.9495423809849054
8.8018753975186,0.03959424083769633,0.2429718875502008,0.9498838877125879
8.843914274568206,0.0395778364116095,0.24096385542168675,0.9502766204494228
8.885953151617816,0.03974826101358066,0.24096385542168675,0.9504985998224165
8.927992028667422,0.03993344425956739,0.24096385542168675,0.9507376545317943
8.970030905717028,0.03982597054886212,0.2389558232931727,0.9510108599139403
9.012069782766634,0.03967720242098184,0.23694779116465864,0.9512328392869339
9.05410865981624,0.039837947332883185,0.23694779116465864,0.9514377433235435
9.096147536865846,0.040067911714770796,0.23694779116465864,0.9517280240420737
9.138186413915452,0.04024556616643929,0.23694779116465864,0.9519500034150673
9.180225290965058,0.04010970174837161,0.23493975903614459,0.9521890581244451
9.222264168014664,0.04024767801857585,0.23493975903614459,0.9523598114882863
9.26430304506427,0.040498442367601244,0.23493975903614459,0.9526671675432006
9.306341922113877,0.04034782608695652,0.23293172690763053,0.9528891469161942
9.348380799163483,0.04053109713487072,0.23293172690763053,0.9531111262891879
9.390419676213089,0.04064470918009811,0.23293172690763053,0.9532477289802609
9.432458553262695,0.040859457555477284,0.23293172690763053,0.9535038590260229
9.4744974303123,0.04073680481756996,0.23092369477911648,0.9537599890717847
9.516536307361907,0.04079460801702731,0.23092369477911648,0.9538282904173212
9.558575184411517,0.04101283880171184,0.23092369477911648,0.9540844204630832
9.600614061461123,0.041203869580795416,0.23092369477911648,0.9543063998360768
9.642652938510729,0.04135203164329378,0.23092369477911648,0.954477153199918
9.684691815560335,0.041576283441793205,0.23092369477911648,0.95473328324568
9.72673069260994,0.04177261169633127,0.23092369477911648,0.9549552626186736
9.768769569659547,0.041514930808448654,0.2289156626506024,0.9550577146369783
9.810808446709153,0.041804180418041806,0.2289156626506024,0.9553821460282768
9.852847323758759,0.04205090372556252,0.2289156626506024,0.9556553514104228
9.894886200808365,0.042316258351893093,0.2289156626506024,0.9559456321289529
9.936925077857971,0.042505592841163314,0.2289156626506024,0.9561505361655624
9.978963954907577,0.04269662921348315,0.2289156626506024,0.956355440202172
10.021002831957183,0.04276069017254314,0.2289156626506024,0.9564237415477085
10.06304170900679,0.0430188679245283,0.2289156626506024,0.9566969469298545
10.105080586056395,0.04290053151100987,0.22690763052208834,0.9569530769756164
10.147119463106002,0.04271548436308162,0.2248995983935743,0.9571409056758419
10.189158340155611,0.04246365723029839,0.22289156626506024,0.9572604330305307
10.231197217205217,0.04259401381427475,0.22289156626506024,0.9573970357216037
10.273236094254823,0.04274162495186754,0.22289156626506024,0.9575507137490609
10.31527497130443,0.04295665634674923,0.22289156626506024,0.9577726931220545
10.357313848354035,0.04312354312354312,0.22289156626506024,0.9579434464858958
10.399352725403642,0.04332552693208431,0.22289156626506024,0.9581483505225052
10.441391602453248,0.04274509803921569,0.21887550200803213,0.9583191038863466
10.483430479502854,0.042913385826771656,0.21887550200803213,0.9584898572501879
10.52546935655246,0.04310003954132068,0.21887550200803213,0.9586776859504132
10.567508233602066,0.043339960238568585,0.21887550200803213,0.958916740659791
10.609547110651672,0.04346092503987241,0.21887550200803213,0.9590362680144798
10.651585987701278,0.04373996789727127,0.21887550200803213,0.9593094733966259
10.693624864750884,0.043162565550625254,0.21485943775100402,0.9594973020968514
10.73566374180049,0.043284789644012944,0.21485943775100402,0.9596168294515401
10.777702618850096,0.04351362342415616,0.21485943775100402,0.9598388088245339
10.819741495899706,0.04360228198859006,0.21485943775100402,0.9599241855064545
10.861780372949312,0.0437448896156991,0.21485943775100402,0.9600607881975275
10.903819249998918,0.04397862720920674,0.21485943775100402,0.9602827675705211
10.945858127048524,0.043819760231500623,0.21285140562248997,0.9605047469435148
10.98789700409813,0.0439651596847781,0.21285140562248997,0.9606413496345878
11.029935881147736,0.04298831385642738,0.20682730923694778,0.9608462536711974
11.071974758197342,0.04322282836760386,0.20682730923694778,0.961068233044191
11.114013635246948,0.04335016835016835,0.20682730923694778,0.9611877603988799
11.156052512296554,0.04349662162162162,0.20682730923694778,0.9613243630899528
11.19809138934616,0.04336734693877551,0.20481927710843373,0.9615804931357148
11.240130266395767,0.043515358361774746,0.20481927710843373,0.9617170958267878
11.282169143445373,0.043645699614890884,0.20481927710843373,0.9618366231814767
11.324208020494979,0.043852106620808254,0.20481927710843373,0.962024451881702
11.366246897544585,0.04411764705882353,0.20481927710843373,0.9622635065910798
11.40828577459419,0.04391304347826087,0.20281124497991967,0.9624513352913052
11.4503246516438,0.044201312910284465,0.20281124497991967,0.9627074653370672
11.492363528693406,0.044415127528583995,0.20281124497991967,0.9628952940372926
11.534402405743013,0.0446113074204947,0.20281124497991967,0.9630660474011338
11.576441282792619,0.044968833481745324,0.20281124497991967,0.963373403456048
11.618480159842225,0.044662795891022775,0.20080321285140562,0.9634758554743529
11.66051903689183,0.04486316733961418,0.20080321285140562,0.9636466088381941
11.702557913941437,0.045228403437358664,0.20080321285140562,0.9639539648931084
11.744596790991043,0.04543389368468878,0.20080321285140562,0.9641247182569497
11.786635668040649,0.04562043795620438,0.20080321285140562,0.9642783962844068
11.828674545090255,0.04576659038901602,0.20080321285140562,0.9643979236390957
11.870713422139861,0.04555913483663138,0.19879518072289157,0.9645857523393211
11.912752299189467,0.04579093432007401,0.19879518072289157,0.9647735810395465
11.954791176239073,0.04593967517401392,0.19879518072289157,0.9648931083942354
11.99683005328868,0.04560260586319218,0.19678714859437751,0.964978485076156
12.038868930338285,0.0457089552238806,0.19678714859437751,0.9650638617580767
12.080907807387895,0.045518535898639134,0.19477911646586346,0.9652687657946861
12.122946684437501,0.04526166902404526,0.1927710843373494,0.9654224438221433
12.164985561487107,0.045476077688299386,0.1927710843373494,0.9655931971859846
12.207024438536713,0.04575786463298379,0.1927710843373494,0.9658151765589782
12.24906331558632,0.04591104734576758,0.1927710843373494,0.9659347039136671
12.291102192635925,0.046087373979836775,0.1927710843373494,0.9660713066047402
12.333141069685531,0.04619826756496631,0.1927710843373494,0.9661566832866607
12.375179946735138,0.04633204633204633,0.1927710843373494,0.9662591353049655
12.417218823784744,0.045564711585070285,0.18875502008032127,0.9663786626596544
12.45925770083435,0.045764362220058426,0.18875502008032127,0.9665323406871116
12.501296577883956,0.0458984375,0.18875502008032127,0.9666347927054163
12.543335454933562,0.04607843137254902,0.18875502008032127,0.9667713953964893
12.585374331983168,0.046237088047220855,0.18875502008032127,0.9668909227511782
12.627413209032774,0.04648862512363996,0.18875502008032127,0.9670787514514035
12.66945208608238,0.0467894474863116,0.18875502008032127,0.9673007308243973
12.71149096313199,0.04714142427281846,0.18875502008032127,0.9675568608701591
12.753529840181596,0.047283702213279676,0.18875502008032127,0.9676593128884639
12.795568717231202,0.04754678806272129,0.18875502008032127,0.9678471415886893
12.837607594280808,0.04735234215885947,0.18674698795180722,0.9680520456252988
12.879646471330414,0.04752171691364333,0.18674698795180722,0.9681715729799877
12.92168534838002,0.04737384140061792,0.18473895582329317,0.9684106276893655
12.963724225429626,0.04776739356178609,0.18473895582329317,0.9686838330715115
13.005763102479232,0.04754440961337513,0.1827309236947791,0.9688716617717369
13.047801979528838,0.047668936616029334,0.1827309236947791,0.9689570384536575
13.089840856578444,0.047819232790331054,0.1827309236947791,0.9690594904719623
13.13187973362805,0.04751847940865892,0.18072289156626506,0.9691960931630353
13.173918610677656,0.047139830508474576,0.178714859437751,0.969281469844956
13.215957487727263,0.04723991507430998,0.178714859437751,0.9693497711904925
13.257996364776869,0.046908315565031986,0.17670682730923695,0.9694692985451814
13.300035241826475,0.047109207708779445,0.17670682730923695,0.9696059012362543
13.342074118876084,0.047311827956989246,0.17670682730923695,0.9697425039273274
13.38411299592569,0.04695089044792229,0.1746987951807229,0.9698449559456321
13.426151872975296,0.047256925583921784,0.1746987951807229,0.9700498599822417
13.468190750024903,0.047489082969432314,0.1746987951807229,0.9702035380096988
13.510229627074509,0.047749725576289793,0.1746987951807229,0.97037429137354
13.552268504124115,0.047960308710033074,0.1746987951807229,0.9705108940646131
13.59430738117372,0.048252911813643926,0.1746987951807229,0.9706987227648385
13.636346258223327,0.048494983277591976,0.1746987951807229,0.9708524007922956
13.678385135272933,0.048630519843487985,0.1746987951807229,0.9709377774742163
13.720424012322539,0.04879416713404375,0.1746987951807229,0.971040229492521
13.762462889372145,0.049014084507042255,0.1746987951807229,0.971176832183594
13.804501766421751,0.04872521246458923,0.17269076305220885,0.9713305102110512
13.846540643471357,0.04780876494023904,0.1686746987951807,0.9714329622293559
13.888579520520963,0.04805491990846682,0.1686746987951807,0.9715866402568131
13.93061839757057,0.04833141542002301,0.1686746987951807,0.9717573936206543
13.972657274620179,0.04852686308492201,0.1686746987951807,0.9718769209753432
14.014696151669785,0.0489225393127548,0.1686746987951807,0.972115975684721
14.056735028719391,0.0492379835873388,0.1686746987951807,0.9723038043849463
14.098773905768997,0.04905437352245863,0.16666666666666666,0.9725257837579401
14.140812782818603,0.04922894424673784,0.16666666666666666,0.9726282357762448
14.18285165986821,0.04949314251639833,0.16666666666666666,0.9727819138037019
14.224890536917815,0.049760191846522785,0.16666666666666666,0.9729355918311591
14.266929413967421,0.05009052504526252,0.16666666666666666,0.9731234205313845
14.308968291017027,0.05036407766990291,0.16666666666666666,0.9732770985588416
14.351007168066634,0.05070250458155162,0.16666666666666666,0.973464927259067
14.39304604511624,0.05076452599388379,0.16666666666666666,0.9734990779318352
14.435084922165846,0.05033763044812769,0.1646586345381526,0.9735844546137559
14.477123799215452,0.05043050430504305,0.1646586345381526,0.9736356806229083
14.519162676265058,0.05067985166872682,0.1646586345381526,0.9737722833139812
14.561201553314664,0.05099502487562189,0.1646586345381526,0.9739430366778226
14.603240430364274,0.04996876951905059,0.1606425702811245,0.9740284133597432
14.645279307413876,0.05034612964128383,0.1606425702811245,0.9742333173963527
14.687318184463482,0.05053695514845231,0.1606425702811245,0.9743357694146575
14.729357061513088,0.05082592121982211,0.1606425702811245,0.9744894474421146
14.771395938562694,0.05089058524173028,0.1606425702811245,0.9745235981148829
14.8134348156123,0.05054382597568778,0.15863453815261044,0.9746602008059558
14.855473692661906,0.050869285254346426,0.15863453815261044,0.9748309541697971
14.89751256971152,0.049773755656108594,0.15461847389558234,0.9748992555153336
14.939551446761126,0.05009759271307743,0.15461847389558234,0.9750700088791749
14.981590323810732,0.050359712230215826,0.15461847389558234,0.9752066115702479
15.023629200860338,0.050165016501650166,0.15261044176706828,0.9754285909432416
15.065668077909944,0.0504983388704319,0.15261044176706828,0.9755993443070828
15.10770695495955,0.050700466977985324,0.15261044176706828,0.9757017963253876
15.149745832009156,0.050836120401337795,0.15261044176706828,0.9757700976709242
15.191784709058762,0.05053908355795148,0.15060240963855423,0.9759408510347654
15.233823586108368,0.05070993914807302,0.15060240963855423,0.976026227716686
15.275862463157974,0.050951086956521736,0.15060240963855423,0.9761457550713749
15.31790134020758,0.05122950819672131,0.15060240963855423,0.9762823577624479
15.359940217257186,0.051440329218107,0.15060240963855423,0.9763848097807527
15.401979094306792,0.051617343427391604,0.15060240963855423,0.9764701864626734
15.444017971356399,0.05186721991701245,0.15060240963855423,0.9765897138173621
15.486056848406005,0.05128205128205128,0.14859437751004015,0.9766238644901305
15.52809572545561,0.051639916259595256,0.14859437751004015,0.9767946178539717
15.570134602505217,0.05140845070422535,0.1465863453815261,0.9769995218905813
15.612173479554823,0.051663128096249115,0.1465863453815261,0.9771190492452702
15.654212356604429,0.05184659090909091,0.1465863453815261,0.9772044259271908
15.696251233654035,0.052142857142857144,0.1465863453815261,0.9773410286182638
15.738290110703641,0.052254831782390834,0.1465863453815261,0.9773922546274162
15.780328987753247,0.05191059841384282,0.14457831325301204,0.9775459326548733
15.822367864802853,0.05221174764321972,0.14457831325301204,0.9776825353459463
15.86440674185246,0.05263157894736842,0.14457831325301204,0.9778703640461717
15.906445618902065,0.052980132450331126,0.14457831325301204,0.9780240420736288
15.948484495951671,0.05341246290801187,0.14457831325301204,0.9782118707738543
15.990523373001277,0.05361131794489948,0.14457831325301204,0.9782972474557748
16.032562250050884,0.05302464525765497,0.142570281124498,0.9783484734649273
16.07460112710049,0.05334335086401202,0.142570281124498,0.9784850761560002
16.116640004150096,0.05366591080876795,0.142570281124498,0.9786216788470733
16.1586788811997,0.053747161241483724,0.142570281124498,0.9786558295198415
16.200717758249315,0.054115853658536585,0.142570281124498,0.9788095075472987
16.24275663529892,0.05384615384615385,0.14056224899598393,0.978997336247524
16.284795512348527,0.054221533694810226,0.14056224899598393,0.9791510142749812
16.326834389398133,0.05451713395638629,0.14056224899598393,0.9792705416296701
16.36887326644774,0.0546448087431694,0.14056224899598393,0.9793217676388225
16.410912143497345,0.054901960784313725,0.14056224899598393,0.9794242196571272
16.45295102054695,0.05445935280189424,0.13855421686746988,0.9795437470118161
16.494989897596557,0.05476190476190476,0.13855421686746988,0.979663274366505
16.537028774646163,0.0552,0.13855421686746988,0.9798340277303463
16.57906765169577,0.05466237942122187,0.13654618473895583,0.9799194044122669
16.621106528745376,0.054838709677419356,0.13654618473895583,0.9799877057578035
16.66314540579498,0.05519480519480519,0.13654618473895583,0.9801243084488764
16.705184282844588,0.05546492659053834,0.13654618473895583,0.9802267604671812
16.747223159894194,0.055692055692055695,0.13654618473895583,0.9803121371491018
16.7892620369438,0.05592105263157895,0.13654618473895583,0.9803975138310225
16.831300913993406,0.056291390728476824,0.13654618473895583,0.9805341165220954
16.873339791043012,0.05680868838763575,0.13654618473895583,0.9807219452223209
16.915378668092618,0.05630252100840336,0.13453815261044177,0.9808243972406256
16.957417545142224,0.056731583403895,0.13453815261044177,0.9809780752680828
16.99945642219183,0.05716723549488054,0.13453815261044177,0.9811317532955399
17.041495299241436,0.057461406518010294,0.13453815261044177,0.9812342053138446
17.083534176291042,0.05613126079447323,0.13052208835341367,0.9813366573321495
17.12557305334065,0.05652173913043478,0.13052208835341367,0.9814732600232224
17.167611930390255,0.05666957279860506,0.13052208835341367,0.9815244860323749
17.20965080743986,0.056818181818181816,0.13052208835341367,0.9815757120415273
17.251689684489467,0.05721830985915493,0.13052208835341367,0.9817123147326002
17.293728561539073,0.05772646536412078,0.13052208835341367,0.9818830680964415
17.33576743858868,0.05824372759856631,0.13052208835341367,0.9820538214602827
17.377806315638285,0.05845323741007194,0.13052208835341367,0.9821221228058192
17.41984519268789,0.058664259927797835,0.13052208835341367,0.9821904241513558
17.461884069737504,0.05877034358047016,0.13052208835341367,0.9822245748241241
17.50392294678711,0.059144676979071886,0.13052208835341367,0.982344102178813
17.545961823836716,0.059144676979071886,0.13052208835341367,0.982344102178813
17.588000700886322,0.05974264705882353,0.13052208835341367,0.9825319308790383
17.63003957793593,0.05985267034990792,0.13052208835341367,0.9825660815518066
17.672078454985535,0.060240963855421686,0.13052208835341367,0.9826856089064955
17.71411733203514,0.05947955390334572,0.1285140562248996,0.9827197595792637
17.756156209084747,0.059813084112149535,0.1285140562248996,0.9828222115975684
17.798195086134353,0.06009389671361502,0.1285140562248996,0.9829075882794891
17.84023396318396,0.06043437204910293,0.1285140562248996,0.9830100402977938
17.882272840233565,0.06072106261859583,0.1285140562248996,0.9830954169797145
17.92431171728317,0.06118546845124283,0.1285140562248996,0.9832320196707875
17.966350594332777,0.06051873198847262,0.12650602409638553,0.983300321016324
18.008389471382383,0.06098741529525654,0.12650602409638553,0.983436923707397
18.05042834843199,0.061284046692607,0.12650602409638553,0.9835223003893176
18.092467225481595,0.061764705882352944,0.12650602409638553,0.9836589030803907
18.1345061025312,0.06219151036525173,0.12650602409638553,0.9837784304350796
18.176544979580807,0.062438057482656094,0.12650602409638553,0.9838467317806161
18.218583856630413,0.06274900398406374,0.12650602409638553,0.9839321084625368
18.26062273368002,0.06312625250501001,0.12650602409638553,0.9840345604808415
18.302661610729626,0.06243705941591138,0.12449799196787148,0.984102861826378
18.34470048777923,0.06268958543983821,0.12449799196787148,0.9841711631719144
18.386739364828838,0.061991869918699184,0.12248995983935743,0.984239464517451
18.428778241878444,0.06262833675564682,0.12248995983935743,0.9844102178812922
18.47081711892805,0.06288659793814433,0.12248995983935743,0.9844785192268287
18.512855995977656,0.06217616580310881,0.12048192771084337,0.9845468205723653
18.554894873027262,0.061586638830897704,0.11847389558232932,0.98464927259067
18.596933750076868,0.06165099268547544,0.11847389558232932,0.9846663479270542
18.638972627126474,0.06217070600632244,0.11847389558232932,0.9848029506181272
18.68101150417608,0.06217070600632244,0.11847389558232932,0.9848029506181272
18.723050381225693,0.0625,0.11847389558232932,0.9848883273000478
18.7650892582753,0.06283280085197018,0.11847389558232932,0.9849737039819685
18.807128135324906,0.06096256684491978,0.1144578313253012,0.9850078546547367
18.84916701237451,0.06109324758842444,0.1144578313253012,0.985042005327505
18.891205889424118,0.061224489795918366,0.1144578313253012,0.9850761560002732
18.933244766473724,0.061488673139158574,0.1144578313253012,0.9851444573458097
18.97528364352333,0.06080347448425624,0.11244979919678715,0.9852298340277303
19.017322520572936,0.061269146608315096,0.11244979919678715,0.9853493613824192
19.059361397622542,0.061606160616061605,0.11244979919678715,0.9854347380643399
19.101400274672148,0.06111111111111111,0.11044176706827309,0.9855713407554129
19.143439151721754,0.06152125279642058,0.11044176706827309,0.9856737927737177
19.18547802877136,0.06186726659167604,0.11044176706827309,0.9857591694556382
19.227516905820966,0.062146892655367235,0.11044176706827309,0.9858274708011748
19.269555782870572,0.06235827664399093,0.11044176706827309,0.9858786968103271
19.31159465992018,0.0625,0.11044176706827309,0.9859128474830954
19.353633536969785,0.06292906178489703,0.11044176706827309,0.9860152995014002
19.39567241401939,0.06321839080459771,0.11044176706827309,0.9860836008469367
19.437711291068997,0.06343713956170703,0.11044176706827309,0.9861348268560891
19.479750168118603,0.06395348837209303,0.11044176706827309,0.986254354210778
19.52178904516821,0.06432748538011696,0.11044176706827309,0.9863397308926986
19.563827922217815,0.06462984723854288,0.11044176706827309,0.9864080322382351
19.60586679926742,0.06485849056603774,0.11044176706827309,0.9864592582473874
19.647905676317027,0.06524317912218268,0.11044176706827309,0.9865446349293081
19.689944553366633,0.06555423122765197,0.11044176706827309,0.9866129362748446
19.73198343041624,0.06602641056422569,0.11044176706827309,0.9867153882931494
19.774022307465845,0.06642512077294686,0.11044176706827309,0.98680076497507
19.81606118451545,0.06666666666666667,0.11044176706827309,0.9868519909842224
19.858100061565057,0.06715506715506715,0.11044176706827309,0.9869544430025271
19.900138938614663,0.06756756756756757,0.11044176706827309,0.9870398196844478
19.94217781566427,0.06765067650676507,0.11044176706827309,0.9870568950208319
19.984216692713883,0.06815365551425032,0.11044176706827309,0.9871593470391367
20.02625556976349,0.0684931506849315,0.11044176706827309,0.9872276483846731
20.068294446813095,0.06741573033707865,0.10843373493975904,0.9872447237210573
20.1103333238627,0.06818181818181818,0.10843373493975904,0.9873984017485145
20.152372200912307,0.06878980891719745,0.10843373493975904,0.9875179291032034
20.194411077961913,0.06777493606138107,0.10642570281124498,0.9875520797759716
20.23644995501152,0.06701030927835051,0.10441767068273092,0.9876374564578922
20.278488832061125,0.06744487678339818,0.10441767068273092,0.9877228331398129
20.32052770911073,0.06770833333333333,0.10441767068273092,0.9877740591489652
20.362566586160337,0.06666666666666667,0.10240963855421686,0.9878082098217335
20.404605463209943,0.06684141546526867,0.10240963855421686,0.9878423604945017
20.44664434025955,0.06710526315789474,0.10240963855421686,0.9878935865036541
20.488683217309156,0.06640106241699867,0.10040160642570281,0.9879960385219588
20.53072209435876,0.06702412868632708,0.10040160642570281,0.9881155658766477
20.572760971408368,0.06586021505376344,0.09839357429718876,0.9881326412130319
20.614799848457974,0.06586021505376344,0.09839357429718876,0.9881326412130319
20.65683872550758,0.06594885598923284,0.09839357429718876,0.988149716549416
20.698877602557186,0.06648575305291723,0.09839357429718876,0.9882521685677208
20.740916479606792,0.06666666666666667,0.09839357429718876,0.988286319240489
20.782955356656398,0.06703146374829001,0.09839357429718876,0.9883546205860255
20.824994233706004,0.06740027510316368,0.09839357429718876,0.988422921931562
20.86703311075561,0.06805555555555555,0.09839357429718876,0.9885424492862509
20.909071987805216,0.06694560669456066,0.0963855421686747,0.9885765999590191
20.951110864854822,0.06722689075630252,0.0963855421686747,0.9886278259681716
20.99314974190443,0.06601123595505617,0.09437751004016064,0.9886449013045557
21.035188618954034,0.06629055007052186,0.09437751004016064,0.988696127313708
21.07722749600364,0.06647807637906648,0.09437751004016064,0.9887302779864763
21.119266373053247,0.06723891273247497,0.09437751004016064,0.9888668806775494
21.161305250102853,0.06752873563218391,0.09437751004016064,0.9889181066867018
21.20334412715246,0.06821480406386067,0.09437751004016064,0.9890376340413907
21.245383004202072,0.06578947368421052,0.09036144578313253,0.989088860050543
21.287421881251678,0.06598240469208211,0.09036144578313253,0.9891230107233112
21.329460758301284,0.06637168141592921,0.09036144578313253,0.9891913120688478
21.37149963535089,0.06676557863501484,0.09036144578313253,0.9892596134143843
21.413538512400496,0.06716417910447761,0.09036144578313253,0.9893279147599208
21.455577389450102,0.0677710843373494,0.09036144578313253,0.9894303667782255
21.49761626649971,0.06797583081570997,0.09036144578313253,0.9894645174509937
21.539655143549314,0.06818181818181818,0.09036144578313253,0.9894986681237621
21.58169402059892,0.06901840490797546,0.09036144578313253,0.989635270814835
21.623732897648527,0.06944444444444445,0.09036144578313253,0.9897035721603715
21.665771774698133,0.06998444790046657,0.09036144578313253,0.9897889488422922
21.70781065174774,0.0686427457098284,0.08835341365461848,0.9898060241786764
21.749849528797345,0.06885758998435054,0.08835341365461848,0.9898401748514446
21.79188840584695,0.0694006309148265,0.08835341365461848,0.9899255515333653
21.833927282896557,0.06836248012718601,0.08634538152610442,0.9899938528789017
21.875966159946163,0.06847133757961783,0.08634538152610442,0.9900109282152858
21.91800503699577,0.06869009584664537,0.08634538152610442,0.990045078888054
21.960043914045375,0.06891025641025642,0.08634538152610442,0.9900792295608224
22.00208279109498,0.06913183279742766,0.08634538152610442,0.9901133802335906
22.044121668144587,0.06969205834683954,0.08634538152610442,0.9901987569155112
22.086160545194193,0.06851549755301795,0.08433734939759036,0.9902499829246636
22.1281994222438,0.06885245901639345,0.08433734939759036,0.990301208933816
22.170238299293406,0.06732348111658457,0.0823293172690763,0.990301208933816
22.21227717634301,0.06788079470198675,0.0823293172690763,0.9903865856157367
22.254316053392618,0.06844741235392321,0.0823293172690763,0.9904719622976572
22.296354930442224,0.06844741235392321,0.0823293172690763,0.9904719622976572
22.33839380749183,0.06700167504187604,0.08032128514056225,0.9904890376340414
22.380432684541436,0.06734006734006734,0.08032128514056225,0.9905402636431938
22.422471561591042,0.06779661016949153,0.08032128514056225,0.9906085649887303
22.464510438640648,0.0686106346483705,0.08032128514056225,0.9907280923434192
22.50654931569026,0.06920415224913495,0.08032128514056225,0.9908134690253398
22.548588192739867,0.06956521739130435,0.08032128514056225,0.9908646950344921
22.590627069789473,0.06993006993006994,0.08032128514056225,0.9909159210436446
22.63266594683908,0.07042253521126761,0.08032128514056225,0.990984222389181
22.674704823888685,0.07054673721340388,0.08032128514056225,0.9910012977255652
22.71674370093829,0.0706713780918728,0.08032128514056225,0.9910183730619493
22.758782577987898,0.07092198581560284,0.08032128514056225,0.9910525237347175
22.800821455037504,0.0711743772241993,0.08032128514056225,0.9910866744074859
22.84286033208711,0.0711743772241993,0.08032128514056225,0.9910866744074859
22.884899209136716,0.07130124777183601,0.08032128514056225,0.9911037497438699
22.926938086186322,0.07168458781362007,0.08032128514056225,0.9911549757530224
22.968976963235928,0.07207207207207207,0.08032128514056225,0.9912062017621747
23.011015840285534,0.0705244122965642,0.0783132530120482,0.9912232770985588
23.05305471733514,0.07090909090909091,0.0783132530120482,0.9912745031077113
23.095093594384746,0.0712979890310786,0.0783132530120482,0.9913257291168636
23.137132471434352,0.07011070110701106,0.07630522088353414,0.9913940304624002
23.17917134848396,0.0686456400742115,0.07429718875502007,0.9914281811351684
23.221210225533564,0.0686456400742115,0.07429718875502007,0.9914281811351684
23.26324910258317,0.0691588785046729,0.07429718875502007,0.9914964824807049
23.305287979632777,0.06941838649155722,0.07429718875502007,0.9915306331534731
23.347326856682383,0.06981132075471698,0.07429718875502007,0.9915818591626255
23.38936573373199,0.07007575757575757,0.07429718875502007,0.9916160098353938
23.431404610781595,0.07047619047619047,0.07429718875502007,0.9916672358445462
23.4734434878312,0.07074569789674952,0.07429718875502007,0.9917013865173144
23.515482364880807,0.07088122605363985,0.07429718875502007,0.9917184618536985
23.557521241930413,0.0710172744721689,0.07429718875502007,0.9917355371900827
23.59956011898002,0.07142857142857142,0.07429718875502007,0.991786763199235
23.641598996029625,0.07003891050583658,0.07228915662650602,0.9918379892083874
23.68363787307923,0.07045009784735812,0.07228915662650602,0.9918892152175398
23.725676750128837,0.07086614173228346,0.07228915662650602,0.9919404412266921
23.76771562717845,0.07100591715976332,0.07228915662650602,0.9919575165630763
23.809754504228057,0.07128712871287128,0.07228915662650602,0.9919916672358445
23.851793381277663,0.06958250497017893,0.07028112449799197,0.9920087425722287
23.89383225832727,0.0697211155378486,0.07028112449799197,0.9920258179086128
23.935871135376875,0.06986027944111776,0.07028112449799197,0.992042893244997
23.97791001242648,0.06841046277665996,0.06827309236947791,0.9920941192541493
24.019948889476087,0.06868686868686869,0.06827309236947791,0.9921282699269176
24.061987766525693,0.06868686868686869,0.06827309236947791,0.9921282699269176
24.1040266435753,0.06882591093117409,0.06827309236947791,0.9921453452633017
24.146065520624905,0.06938775510204082,0.06827309236947791,0.9922136466088382
24.18810439767451,0.06967213114754098,0.06827309236947791,0.9922477972816065
24.230143274724117,0.06967213114754098,0.06827309236947791,0.9922477972816065
24.272182151773723,0.07039337474120083,0.06827309236947791,0.992333173963527
24.31422102882333,0.07053941908713693,0.06827309236947791,0.9923502492999112
24.356259905872935,0.07083333333333333,0.06827309236947791,0.9923843999726795
24.39829878292254,0.0709812108559499,0.06827309236947791,0.9924014753090636
24.440337659972148,0.07157894736842105,0.06827309236947791,0.9924697766546001
24.482376537021754,0.07234042553191489,0.06827309236947791,0.9925551533365208
24.52441541407136,0.07249466950959488,0.06827309236947791,0.9925722286729048
24.566454291120966,0.0728051391862955,0.06827309236947791,0.9926063793456731
24.608493168170572,0.0728051391862955,0.06827309236947791,0.9926063793456731
24.650532045220178,0.07311827956989247,0.06827309236947791,0.9926405300184413
24.692570922269784,0.0734341252699784,0.06827309236947791,0.9926746806912096
24.73460979931939,0.0737527114967462,0.06827309236947791,0.9927088313639779
24.776648676368996,0.07407407407407407,0.06827309236947791,0.9927429820367462
24.818687553418602,0.07423580786026202,0.06827309236947791,0.9927600573731302
24.86072643046821,0.07472527472527472,0.06827309236947791,0.9928112833822826
24.902765307517814,0.07505518763796909,0.06827309236947791,0.9928454340550509
24.94480418456742,0.07538802660753881,0.06827309236947791,0.9928795847278191
24.986843061617027,0.07555555555555556,0.06827309236947791,0.9928966600642033
25.02888193866664,0.07606263982102908,0.06827309236947791,0.9929478860733556
25.070920815716246,0.07640449438202247,0.06827309236947791,0.992982036746124
25.112959692765852,0.07239819004524888,0.0642570281124498,0.992999112082508
25.154998569815458,0.07256235827664399,0.0642570281124498,0.9930161874188922
25.197037446865064,0.07289293849658314,0.0642570281124498,0.9930503380916604
25.23907632391467,0.07339449541284404,0.0642570281124498,0.9931015641008127
25.281115200964276,0.07339449541284404,0.0642570281124498,0.9931015641008127
25.323154078013882,0.0735632183908046,0.0642570281124498,0.9931186394371969
25.36519295506349,0.07373271889400922,0.0642570281124498,0.9931357147735811
25.407231832113094,0.07407407407407407,0.0642570281124498,0.9931698654463493
25.4492707091627,0.07424593967517401,0.0642570281124498,0.9931869407827334
25.491309586212306,0.07476635514018691,0.0642570281124498,0.9932381667918858
25.533348463261913,0.07547169811320754,0.0642570281124498,0.9933064681374223
25.57538734031152,0.07547169811320754,0.0642570281124498,0.9933064681374223
25.617426217361125,0.07565011820330969,0.0642570281124498,0.9933235434738065
25.65946509441073,0.07600950118764846,0.0642570281124498,0.9933576941465747
25.701503971460337,0.07655502392344497,0.0642570281124498,0.993408920155727
25.743542848509943,0.07692307692307693,0.0642570281124498,0.9934430708284954
25.78558172555955,0.0774818401937046,0.0642570281124498,0.9934942968376477
25.827620602609155,0.07804878048780488,0.0642570281124498,0.9935455228468001
25.86965947965876,0.0784313725490196,0.0642570281124498,0.9935796735195683
25.911698356708367,0.07862407862407862,0.0642570281124498,0.9935967488559525
25.953737233757973,0.07901234567901234,0.0642570281124498,0.9936308995287207
25.99577611080758,0.07920792079207921,0.0642570281124498,0.9936479748651048
26.037814987857185,0.0794044665012407,0.0642570281124498,0.993665050201489
26.07985386490679,0.0798004987531172,0.0642570281124498,0.9936992008742572
26.121892741956398,0.08,0.0642570281124498,0.9937162762106414
26.163931619006004,0.08,0.0642570281124498,0.9937162762106414
26.20597049605561,0.08040201005025126,0.0642570281124498,0.9937504268834096
26.248009373105216,0.08060453400503778,0.0642570281124498,0.9937675022197937
26.290048250154822,0.0810126582278481,0.0642570281124498,0.993801652892562
26.332087127204435,0.0810126582278481,0.0642570281124498,0.993801652892562
26.37412600425404,0.0810126582278481,0.0642570281124498,0.993801652892562
26.416164881303647,0.08121827411167512,0.0642570281124498,0.9938187282289461
26.458203758353253,0.08226221079691516,0.0642570281124498,0.9939041049108668
26.50024263540286,0.08247422680412371,0.0642570281124498,0.9939211802472508
26.542281512452465,0.08290155440414508,0.0642570281124498,0.9939553309200191
26.58432038950207,0.08290155440414508,0.0642570281124498,0.9939553309200191
26.626359266551678,0.08290155440414508,0.0642570281124498,0.9939553309200191
26.668398143601284,0.08290155440414508,0.0642570281124498,0.9939553309200191
26.71043702065089,0.08333333333333333,0.0642570281124498,0.9939894815927873
26.752475897700496,0.08376963350785341,0.0642570281124498,0.9940236322655557
26.794514774750102,0.08376963350785341,0.0642570281124498,0.9940236322655557
26.836553651799708,0.08376963350785341,0.0642570281124498,0.9940236322655557
26.878592528849314,0.08398950131233596,0.0642570281124498,0.9940407076019397
26.92063140589892,0.08157894736842106,0.06224899598393574,0.9940407076019397
26.962670282948526,0.08179419525065963,0.06224899598393574,0.9940577829383239
27.004709159998132,0.07957559681697612,0.060240963855421686,0.994074858274708
27.046748037047738,0.07957559681697612,0.060240963855421686,0.994074858274708
27.088786914097344,0.08021390374331551,0.060240963855421686,0.9941260842838604
27.13082579114695,0.08021390374331551,0.060240963855421686,0.9941260842838604
27.172864668196556,0.08021390374331551,0.060240963855421686,0.9941260842838604
27.214903545246163,0.08086253369272237,0.060240963855421686,0.9941773102930128
27.25694242229577,0.08108108108108109,0.060240963855421686,0.9941943856293969
27.298981299345375,0.08152173913043478,0.060240963855421686,0.9942285363021651
27.34102017639498,0.08196721311475409,0.060240963855421686,0.9942626869749334
27.383059053444587,0.0821917808219178,0.060240963855421686,0.9942797623113175
27.425097930494193,0.08241758241758242,0.060240963855421686,0.9942968376477017
27.4671368075438,0.08287292817679558,0.060240963855421686,0.99433098832047
27.509175684593405,0.08310249307479224,0.060240963855421686,0.994348063656854
27.55121456164301,0.08379888268156424,0.060240963855421686,0.9943992896660064
27.593253438692624,0.08403361344537816,0.060240963855421686,0.9944163650023905
27.63529231574223,0.08426966292134831,0.060240963855421686,0.9944334403387747
27.677331192791836,0.08450704225352113,0.060240963855421686,0.9944505156751589
27.719370069841442,0.0847457627118644,0.060240963855421686,0.9944675910115429
27.76140894689105,0.08498583569405099,0.060240963855421686,0.9944846663479271
27.803447823940655,0.08547008547008547,0.060240963855421686,0.9945188170206953
27.84548670099026,0.08547008547008547,0.060240963855421686,0.9945188170206953
27.887525578039867,0.08595988538681948,0.060240963855421686,0.9945529676934636
27.929564455089473,0.08695652173913043,0.060240963855421686,0.994621269039
27.97160333213908,0.08695652173913043,0.060240963855421686,0.994621269039
28.013642209188685,0.08695652173913043,0.060240963855421686,0.994621269039
28.05568108623829,0.08746355685131195,0.060240963855421686,0.9946554197117683
28.097719963287897,0.08771929824561403,0.060240963855421686,0.9946724950481525
28.139758840337503,0.08797653958944282,0.060240963855421686,0.9946895703845365
28.18179771738711,0.08849557522123894,0.060240963855421686,0.9947237210573048
28.223836594436715,0.08656716417910448,0.05823293172690763,0.9947749470664572
28.26587547148632,0.08682634730538923,0.05823293172690763,0.9947920224028414
28.307914348535927,0.08761329305135952,0.05823293172690763,0.9948432484119937
28.349953225585534,0.08787878787878788,0.05823293172690763,0.9948603237483779
28.39199210263514,0.08868501529051988,0.05823293172690763,0.9949115497575303
28.434030979684746,0.08868501529051988,0.05823293172690763,0.9949115497575303
28.47606985673435,0.08923076923076922,0.05823293172690763,0.9949457004302985
28.518108733783958,0.08641975308641975,0.05622489959839357,0.9949457004302985
28.560147610833564,0.08695652173913043,0.05622489959839357,0.9949798511030667
28.60218648788317,0.08722741433021806,0.05622489959839357,0.9949969264394508
28.644225364932776,0.08722741433021806,0.05622489959839357,0.9949969264394508
28.686264241982382,0.0877742946708464,0.05622489959839357,0.9950310771122192
28.728303119031988,0.08832807570977919,0.05622489959839357,0.9950652277849874
28.770341996081594,0.08860759493670886,0.05622489959839357,0.9950823031213715
28.8123808731312,0.08860759493670886,0.05622489959839357,0.9950823031213715
28.854419750180814,0.08888888888888889,0.05622489959839357,0.9950993784577556
28.89645862723042,0.08974358974358974,0.05622489959839357,0.995150604466908
28.938497504280026,0.08974358974358974,0.05622489959839357,0.995150604466908
28.98053638132963,0.08974358974358974,0.05622489959839357,0.995150604466908
29.022575258379238,0.09003215434083602,0.05622489959839357,0.9951676798032921
29.064614135428844,0.09003215434083602,0.05622489959839357,0.9951676798032921
29.10665301247845,0.09003215434083602,0.05622489959839357,0.9951676798032921
29.148691889528056,0.09003215434083602,0.05622489959839357,0.9951676798032921
29.190730766577662,0.09032258064516129,0.05622489959839357,0.9951847551396763
29.232769643627268,0.09090909090909091,0.05622489959839357,0.9952189058124445
29.274808520676874,0.09120521172638436,0.05622489959839357,0.9952359811488286
29.31684739772648,0.09120521172638436,0.05622489959839357,0.9952359811488286
29.358886274776086,0.0915032679738562,0.05622489959839357,0.9952530564852128
29.400925151825692,0.0915032679738562,0.05622489959839357,0.9952530564852128
29.4429640288753,0.09180327868852459,0.05622489959839357,0.9952701318215968
29.485002905924905,0.0924092409240924,0.05622489959839357,0.9953042824943651
29.52704178297451,0.0924092409240924,0.05622489959839357,0.9953042824943651
29.569080660024117,0.09271523178807947,0.05622489959839357,0.9953213578307493
29.611119537073723,0.09427609427609428,0.05622489959839357,0.9954067345126699
29.65315841412333,0.09427609427609428,0.05622489959839357,0.9954067345126699
29.695197291172935,0.0945945945945946,0.05622489959839357,0.995423809849054
29.73723616822254,0.09491525423728814,0.05622489959839357,0.9954408851854382
29.779275045272147,0.09556313993174062,0.05622489959839357,0.9954750358582064
29.821313922321753,0.09556313993174062,0.05622489959839357,0.9954750358582064
29.86335279937136,0.09621993127147767,0.05622489959839357,0.9955091865309746
29.905391676420965,0.09722222222222222,0.05622489959839357,0.9955604125401271
29.94743055347057,0.09722222222222222,0.05622489959839357,0.9955604125401271
29.989469430520177,0.09722222222222222,0.05622489959839357,0.9955604125401271
30.031508307569784,0.0979020979020979,0.05622489959839357,0.9955945632128953
30.07354718461939,0.0979020979020979,0.05622489959839357,0.9955945632128953
30.115586061669003,0.09859154929577464,0.05622489959839357,0.9956287138856635
30.15762493871861,0.09859154929577464,0.05622489959839357,0.9956287138856635
30.199663815768215,0.0989399293286219,0.05622489959839357,0.9956457892220477
30.24170269281782,0.09929078014184398,0.05622489959839357,0.9956628645584318
30.283741569867427,0.09929078014184398,0.05622489959839357,0.9956628645584318
30.325780446917033,0.09929078014184398,0.05622489959839357,0.9956628645584318
30.36781932396664,0.099644128113879,0.05622489959839357,0.995679939894816
30.409858201016245,0.09712230215827339,0.05421686746987952,0.9957140905675842
30.45189707806585,0.09782608695652174,0.05421686746987952,0.9957482412403524
30.493935955115457,0.09818181818181818,0.05421686746987952,0.9957653165767366
30.535974832165063,0.09818181818181818,0.05421686746987952,0.9957653165767366
30.57801370921467,0.09854014598540146,0.05421686746987952,0.9957823919131207
30.620052586264276,0.0989010989010989,0.05421686746987952,0.9957994672495049
30.66209146331388,0.09926470588235294,0.05421686746987952,0.9958165425858889
30.704130340363488,0.0996309963099631,0.05421686746987952,0.9958336179222731
30.746169217413094,0.10037174721189591,0.05421686746987952,0.9958677685950413
30.7882080944627,0.10112359550561797,0.05421686746987952,0.9959019192678096
30.830246971512306,0.10150375939849623,0.05421686746987952,0.9959189946041938
30.872285848561912,0.1018867924528302,0.05421686746987952,0.9959360699405778
30.914324725611518,0.10227272727272728,0.05421686746987952,0.995953145276962
30.956363602661124,0.10305343511450382,0.05421686746987952,0.9959872959497302
30.99840247971073,0.10384615384615385,0.05421686746987952,0.9960214466224985
31.040441356760336,0.10424710424710425,0.05421686746987952,0.9960385219588825
31.082480233809942,0.10546875,0.05421686746987952,0.996089747968035
31.12451911085955,0.1062992125984252,0.05421686746987952,0.9961238986408032
31.166557987909155,0.10276679841897234,0.05220883534136546,0.9961238986408032
31.20859686495876,0.10317460317460317,0.05220883534136546,0.9961409739771874
31.250635742008367,0.10040160642570281,0.050200803212851405,0.9961751246499556
31.292674619057973,0.10040160642570281,0.050200803212851405,0.9961751246499556
31.33471349610758,0.10080645161290322,0.050200803212851405,0.9961921999863397
31.376752373157192,0.10080645161290322,0.050200803212851405,0.9961921999863397
31.418791250206798,0.10121457489878542,0.050200803212851405,0.9962092753227239
31.460830127256404,0.1016260162601626,0.050200803212851405,0.996226350659108
31.50286900430601,0.1016260162601626,0.050200803212851405,0.996226350659108
31.544907881355616,0.1016260162601626,0.050200803212851405,0.996226350659108
31.586946758405222,0.1016260162601626,0.050200803212851405,0.996226350659108
31.62898563545483,0.10204081632653061,0.050200803212851405,0.9962434259954921
31.671024512504435,0.09876543209876543,0.04819277108433735,0.9962605013318763
31.71306338955404,0.09876543209876543,0.04819277108433735,0.9962605013318763
31.755102266603647,0.09504132231404959,0.04618473895582329,0.9962605013318763
31.797141143653253,0.0954356846473029,0.04618473895582329,0.9962775766682603
31.83918002070286,0.0954356846473029,0.04618473895582329,0.9962775766682603
31.881218897752465,0.0954356846473029,0.04618473895582329,0.9962775766682603
31.92325777480207,0.0954356846473029,0.04618473895582329,0.9962775766682603
31.965296651851677,0.09583333333333334,0.04618473895582329,0.9962946520046445
32.00733552890128,0.09583333333333334,0.04618473895582329,0.9962946520046445
32.049374405950886,0.0970464135021097,0.04618473895582329,0.9963458780137969
32.09141328300049,0.0970464135021097,0.04618473895582329,0.9963458780137969
32.1334521600501,0.0970464135021097,0.04618473895582329,0.9963458780137969
32.175491037099704,0.09745762711864407,0.04618473895582329,0.996362953350181
32.21752991414931,0.09745762711864407,0.04618473895582329,0.996362953350181
32.259568791198916,0.09745762711864407,0.04618473895582329,0.996362953350181
32.30160766824852,0.09787234042553192,0.04618473895582329,0.9963800286865652
32.34364654529813,0.09787234042553192,0.04618473895582329,0.9963800286865652
32.385685422347734,0.09829059829059829,0.04618473895582329,0.9963971040229492
32.42772429939734,0.09829059829059829,0.04618473895582329,0.9963971040229492
32.469763176446946,0.09829059829059829,0.04618473895582329,0.9963971040229492
32.51180205349655,0.09829059829059829,0.04618473895582329,0.9963971040229492
32.55384093054616,0.09523809523809523,0.04417670682730924,0.9964312546957175
32.595879807595765,0.09606986899563319,0.04417670682730924,0.9964654053684857
32.637918684645385,0.09691629955947137,0.04417670682730924,0.9964995560412541
32.67995756169499,0.09777777777777778,0.04417670682730924,0.9965337067140223
32.7219964387446,0.09777777777777778,0.04417670682730924,0.9965337067140223
32.7640353157942,0.09865470852017937,0.04417670682730924,0.9965678573867905
32.80607419284381,0.0945945945945946,0.04216867469879518,0.9965678573867905
32.848113069893415,0.0945945945945946,0.04216867469879518,0.9965678573867905
32.89015194694302,0.09545454545454546,0.04216867469879518,0.9966020080595588
32.93219082399263,0.0958904109589041,0.04216867469879518,0.9966190833959429
32.97422970104223,0.0963302752293578,0.04216867469879518,0.996636158732327
33.01626857809184,0.0967741935483871,0.04216867469879518,0.9966532340687112
33.058307455141446,0.09722222222222222,0.04216867469879518,0.9966703094050953
33.10034633219105,0.09813084112149532,0.04216867469879518,0.9967044600778635
33.14238520924066,0.09859154929577464,0.04216867469879518,0.9967215354142477
33.184424086290264,0.09905660377358491,0.04216867469879518,0.9967386107506317
33.22646296333987,0.0995260663507109,0.04216867469879518,0.9967556860870159
33.268501840389476,0.0995260663507109,0.04216867469879518,0.9967556860870159
33.31054071743908,0.0995260663507109,0.04216867469879518,0.9967556860870159
33.35257959448869,0.09569377990430622,0.040160642570281124,0.9967727614234
33.394618471538294,0.09615384615384616,0.040160642570281124,0.9967898367597842
33.4366573485879,0.09803921568627451,0.040160642570281124,0.9968581381053206
33.478696225637506,0.09852216748768473,0.040160642570281124,0.9968752134417048
33.52073510268711,0.09900990099009901,0.040160642570281124,0.9968922887780889
33.56277397973672,0.09900990099009901,0.040160642570281124,0.9968922887780889
33.604812856786324,0.1,0.040160642570281124,0.9969264394508571
33.64685173383593,0.10050251256281408,0.040160642570281124,0.9969435147872413
33.68889061088554,0.10050251256281408,0.040160642570281124,0.9969435147872413
33.73092948793514,0.10050251256281408,0.040160642570281124,0.9969435147872413
33.77296836498475,0.10101010101010101,0.040160642570281124,0.9969605901236255
33.815007242034355,0.10101010101010101,0.040160642570281124,0.9969605901236255
33.85704611908396,0.10101010101010101,0.040160642570281124,0.9969605901236255
33.89908499613357,0.09644670050761421,0.03815261044176707,0.9969605901236255
33.94112387318317,0.09326424870466321,0.03614457831325301,0.9970118161327778
33.98316275023278,0.09326424870466321,0.03614457831325301,0.9970118161327778
34.025201627282385,0.09375,0.03614457831325301,0.997028891469162
34.06724050433199,0.08947368421052632,0.03413654618473896,0.997045966805546
34.1092793813816,0.08947368421052632,0.03413654618473896,0.997045966805546
34.1513182584312,0.08994708994708994,0.03413654618473896,0.9970630421419302
34.19335713548081,0.0855614973262032,0.0321285140562249,0.9970801174783144
34.235396012530416,0.0855614973262032,0.0321285140562249,0.9970801174783144
34.27743488958002,0.0855614973262032,0.0321285140562249,0.9970801174783144
34.31947376662963,0.0855614973262032,0.0321285140562249,0.9970801174783144
34.361512643679234,0.0855614973262032,0.0321285140562249,0.9970801174783144
34.40355152072884,0.0855614973262032,0.0321285140562249,0.9970801174783144
34.445590397778446,0.0855614973262032,0.0321285140562249,0.9970801174783144
34.48762927482805,0.0855614973262032,0.0321285140562249,0.9970801174783144
34.52966815187766,0.0855614973262032,0.0321285140562249,0.9970801174783144
34.571707028927264,0.08602150537634409,0.0321285140562249,0.9970971928146984
34.61374590597687,0.08602150537634409,0.0321285140562249,0.9970971928146984
34.655784783026476,0.08602150537634409,0.0321285140562249,0.9970971928146984
34.69782366007608,0.08602150537634409,0.0321285140562249,0.9970971928146984
34.73986253712569,0.08602150537634409,0.0321285140562249,0.9970971928146984
34.781901414175294,0.08602150537634409,0.0321285140562249,0.9970971928146984
34.8239402912249,0.08108108108108109,0.030120481927710843,0.9970971928146984
34.86597916827451,0.08241758241758242,0.030120481927710843,0.9971484188238509
34.90801804532411,0.08287292817679558,0.030120481927710843,0.9971654941602349
34.95005692237372,0.0782122905027933,0.028112449799196786,0.9971825694966191
34.992095799423325,0.0782122905027933,0.028112449799196786,0.9971825694966191
35.03413467647293,0.07865168539325842,0.028112449799196786,0.9971996448330032
35.07617355352254,0.07865168539325842,0.028112449799196786,0.9971996448330032
35.11821243057214,0.07865168539325842,0.028112449799196786,0.9971996448330032
35.16025130762176,0.07865168539325842,0.028112449799196786,0.9971996448330032
35.20229018467137,0.07909604519774012,0.028112449799196786,0.9972167201693873
35.244329061720975,0.07954545454545454,0.028112449799196786,0.9972337955057715
35.28636793877058,0.07954545454545454,0.028112449799196786,0.9972337955057715
35.32840681582019,0.08,0.028112449799196786,0.9972508708421556
35.370445692869794,0.08045977011494253,0.028112449799196786,0.9972679461785398
35.4124845699194,0.08045977011494253,0.028112449799196786,0.9972679461785398
35.454523446969006,0.08235294117647059,0.028112449799196786,0.9973362475240762
35.49656232401861,0.08235294117647059,0.028112449799196786,0.9973362475240762
35.53860120106822,0.08235294117647059,0.028112449799196786,0.9973362475240762
35.580640078117824,0.08235294117647059,0.028112449799196786,0.9973362475240762
35.62267895516743,0.08235294117647059,0.028112449799196786,0.9973362475240762
35.664717832217036,0.08235294117647059,0.028112449799196786,0.9973362475240762
35.70675670926664,0.08235294117647059,0.028112449799196786,0.9973362475240762
35.74879558631625,0.08235294117647059,0.028112449799196786,0.9973362475240762
35.790834463365854,0.08284023668639054,0.028112449799196786,0.9973533228604603
35.83287334041546,0.07738095238095238,0.02610441767068273,0.9973533228604603
35.87491221746507,0.07784431137724551,0.02610441767068273,0.9973703981968445
35.91695109451467,0.07784431137724551,0.02610441767068273,0.9973703981968445
35.95898997156428,0.07784431137724551,0.02610441767068273,0.9973703981968445
36.001028848613885,0.0783132530120482,0.02610441767068273,0.9973874735332287
36.04306772566349,0.07272727272727272,0.024096385542168676,0.9973874735332287
36.0851066027131,0.07272727272727272,0.024096385542168676,0.9973874735332287
36.1271454797627,0.07317073170731707,0.024096385542168676,0.9974045488696127
36.16918435681231,0.0736196319018405,0.024096385542168676,0.9974216242059969
36.211223233861915,0.0736196319018405,0.024096385542168676,0.9974216242059969
36.25326211091152,0.0736196319018405,0.024096385542168676,0.9974216242059969
36.29530098796113,0.0736196319018405,0.024096385542168676,0.9974216242059969
36.33733986501073,0.07407407407407407,0.024096385542168676,0.997438699542381
36.37937874206034,0.07453416149068323,0.024096385542168676,0.9974557748787651
36.421417619109945,0.07453416149068323,0.024096385542168676,0.9974557748787651
36.46345649615955,0.06918238993710692,0.02208835341365462,0.9974728502151492
36.50549537320916,0.06918238993710692,0.02208835341365462,0.9974728502151492
36.547534250258764,0.06962025316455696,0.02208835341365462,0.9974899255515334
36.58957312730837,0.06369426751592357,0.020080321285140562,0.9974899255515334
36.631612004357976,0.0641025641025641,0.020080321285140562,0.9975070008879174
36.67365088140758,0.06451612903225806,0.020080321285140562,0.9975240762243016
36.71568975845719,0.06451612903225806,0.020080321285140562,0.9975240762243016
36.757728635506794,0.06493506493506493,0.020080321285140562,0.9975411515606858
36.7997675125564,0.06493506493506493,0.020080321285140562,0.9975411515606858
36.841806389606006,0.06535947712418301,0.020080321285140562,0.9975582268970699
36.88384526665561,0.06535947712418301,0.020080321285140562,0.9975582268970699
36.92588414370522,0.06578947368421052,0.020080321285140562,0.997575302233454
36.967923020754824,0.06666666666666667,0.020080321285140562,0.9976094529062223
37.00996189780443,0.06666666666666667,0.020080321285140562,0.9976094529062223
37.05200077485404,0.0684931506849315,0.020080321285140562,0.9976777542517588
37.09403965190364,0.06896551724137931,0.020080321285140562,0.9976948295881429
37.13607852895325,0.06896551724137931,0.020080321285140562,0.9976948295881429
37.178117406002855,0.06896551724137931,0.020080321285140562,0.9976948295881429
37.22015628305246,0.06896551724137931,0.020080321285140562,0.9976948295881429
37.26219516010207,0.06896551724137931,0.020080321285140562,0.9976948295881429
37.30423403715167,0.06896551724137931,0.020080321285140562,0.9976948295881429
37.34627291420128,0.06944444444444445,0.020080321285140562,0.997711904924527
37.388311791250885,0.06993006993006994,0.020080321285140562,0.9977289802609112
37.43035066830049,0.06993006993006994,0.020080321285140562,0.9977289802609112
37.4723895453501,0.06993006993006994,0.020080321285140562,0.9977289802609112
37.5144284223997,0.07092198581560284,0.020080321285140562,0.9977631309336794
37.55646729944931,0.07092198581560284,0.020080321285140562,0.9977631309336794
37.598506176498915,0.07092198581560284,0.020080321285140562,0.9977631309336794
37.64054505354852,0.07092198581560284,0.020080321285140562,0.9977631309336794
37.68258393059813,0.07092198581560284,0.020080321285140562,0.9977631309336794
37.72462280764775,0.07092198581560284,0.020080321285140562,0.9977631309336794
37.766661684697354,0.07092198581560284,0.020080321285140562,0.9977631309336794
37.80870056174696,0.07194244604316546,0.020080321285140562,0.9977972816064477
37.850739438796566,0.07194244604316546,0.020080321285140562,0.9977972816064477
37.89277831584617,0.07194244604316546,0.020080321285140562,0.9977972816064477
37.93481719289578,0.07194244604316546,0.020080321285140562,0.9977972816064477
37.976856069945384,0.07246376811594203,0.020080321285140562,0.9978143569428318
38.01889494699499,0.06569343065693431,0.018072289156626505,0.9978143569428318
38.0609338240446,0.06666666666666667,0.018072289156626505,0.9978485076156001
38.1029727010942,0.06666666666666667,0.018072289156626505,0.9978485076156001
38.14501157814381,0.06716417910447761,0.018072289156626505,0.9978655829519841
38.187050455193415,0.06818181818181818,0.018072289156626505,0.9978997336247524
38.22908933224302,0.06818181818181818,0.018072289156626505,0.9978997336247524
38.27112820929263,0.06870229007633588,0.018072289156626505,0.9979168089611365
38.31316708634223,0.06923076923076923,0.018072289156626505,0.9979338842975206
38.35520596339184,0.06976744186046512,0.018072289156626505,0.9979509596339048
38.397244840441445,0.07142857142857142,0.018072289156626505,0.9980021856430572
38.43928371749105,0.07142857142857142,0.018072289156626505,0.9980021856430572
38.48132259454066,0.07258064516129033,0.018072289156626505,0.9980363363158254
38.52336147159026,0.07258064516129033,0.018072289156626505,0.9980363363158254
38.56540034863987,0.07317073170731707,0.018072289156626505,0.9980534116522095
38.607439225689475,0.07317073170731707,0.018072289156626505,0.9980534116522095
38.64947810273908,0.07317073170731707,0.018072289156626505,0.9980534116522095
38.69151697978869,0.07377049180327869,0.018072289156626505,0.9980704869885937
38.733555856838294,0.07377049180327869,0.018072289156626505,0.9980704869885937
38.7755947338879,0.0743801652892562,0.018072289156626505,0.9980875623249778
38.817633610937506,0.075,0.018072289156626505,0.9981046376613619
38.85967248798711,0.075,0.018072289156626505,0.9981046376613619
38.90171136503672,0.075,0.018072289156626505,0.9981046376613619
38.943750242086324,0.075,0.018072289156626505,0.9981046376613619
38.98578911913593,0.075,0.018072289156626505,0.9981046376613619
39.027827996185536,0.06722689075630252,0.01606425702811245,0.9981046376613619
39.06986687323514,0.06779661016949153,0.01606425702811245,0.9981217129977461
39.11190575028475,0.06779661016949153,0.01606425702811245,0.9981217129977461
39.153944627334354,0.06779661016949153,0.01606425702811245,0.9981217129977461
39.19598350438396,0.06779661016949153,0.01606425702811245,0.9981217129977461
39.23802238143357,0.06896551724137931,0.01606425702811245,0.9981558636705143
39.28006125848317,0.06956521739130435,0.01606425702811245,0.9981729390068984
39.32210013553278,0.07079646017699115,0.01606425702811245,0.9982070896796666
39.364139012582385,0.07079646017699115,0.01606425702811245,0.9982070896796666
39.40617788963199,0.07079646017699115,0.01606425702811245,0.9982070896796666
39.4482167666816,0.07079646017699115,0.01606425702811245,0.9982070896796666
39.4902556437312,0.07079646017699115,0.01606425702811245,0.9982070896796666
39.53229452078081,0.07142857142857142,0.01606425702811245,0.9982241650160508
39.574333397830415,0.07142857142857142,0.01606425702811245,0.9982241650160508
39.61637227488002,0.07142857142857142,0.01606425702811245,0.9982241650160508
39.65841115192963,0.07142857142857142,0.01606425702811245,0.9982241650160508
39.70045002897923,0.07207207207207207,0.01606425702811245,0.9982412403524349
39.74248890602884,0.07272727272727272,0.01606425702811245,0.9982583156888191
39.784527783078445,0.07272727272727272,0.01606425702811245,0.9982583156888191
39.82656666012805,0.07272727272727272,0.01606425702811245,0.9982583156888191
39.86860553717766,0.06542056074766354,0.014056224899598393,0.9982924663615873
39.910644414227264,0.0660377358490566,0.014056224899598393,0.9983095416979715
39.95268329127687,0.0673076923076923,0.014056224899598393,0.9983436923707397
39.994722168326476,0.0673076923076923,0.014056224899598393,0.9983436923707397
40.03676104537608,0.06796116504854369,0.014056224899598393,0.9983607677071238
40.07879992242569,0.06796116504854369,0.014056224899598393,0.9983607677071238
40.120838799475294,0.06862745098039216,0.014056224899598393,0.998377843043508
40.1628776765249,0.06862745098039216,0.014056224899598393,0.998377843043508
40.204916553574506,0.06862745098039216,0.014056224899598393,0.998377843043508
40.246955430624126,0.06862745098039216,0.014056224899598393,0.998377843043508
40.28899430767373,0.06862745098039216,0.014056224899598393,0.998377843043508
40.33103318472334,0.06930693069306931,0.014056224899598393,0.9983949183798921
40.373072061772945,0.06930693069306931,0.014056224899598393,0.9983949183798921
40.41511093882255,0.07,0.014056224899598393,0.9984119937162762
40.45714981587216,0.07,0.014056224899598393,0.9984119937162762
40.49918869292176,0.07,0.014056224899598393,0.9984119937162762
40.54122756997137,0.07,0.014056224899598393,0.9984119937162762
40.583266447020975,0.07,0.014056224899598393,0.9984119937162762
40.62530532407058,0.0707070707070707,0.014056224899598393,0.9984290690526604
40.66734420112019,0.07142857142857142,0.014056224899598393,0.9984461443890444
40.70938307816979,0.07142857142857142,0.014056224899598393,0.9984461443890444
40.7514219552194,0.07142857142857142,0.014056224899598393,0.9984461443890444
40.793460832269005,0.07142857142857142,0.014056224899598393,0.9984461443890444
40.83549970931861,0.07142857142857142,0.014056224899598393,0.9984461443890444
40.87753858636822,0.07142857142857142,0.014056224899598393,0.9984461443890444
40.91957746341782,0.07291666666666667,0.014056224899598393,0.9984802950618127
40.96161634046743,0.07291666666666667,0.014056224899598393,0.9984802950618127
41.003655217517036,0.07291666666666667,0.014056224899598393,0.9984802950618127
41.04569409456664,0.07291666666666667,0.014056224899598393,0.9984802950618127
41.08773297161625,0.07368421052631578,0.014056224899598393,0.9984973703981969
41.129771848665854,0.07368421052631578,0.014056224899598393,0.9984973703981969
41.17181072571546,0.07368421052631578,0.014056224899598393,0.9984973703981969
41.213849602765066,0.07368421052631578,0.014056224899598393,0.9984973703981969
41.25588847981467,0.07368421052631578,0.014056224899598393,0.9984973703981969
41.29792735686428,0.06382978723404255,0.012048192771084338,0.9984973703981969
41.339966233913884,0.06521739130434782,0.012048192771084338,0.9985315210709651
41.38200511096349,0.06593406593406594,0.012048192771084338,0.9985485964073493
41.424043988013096,0.06666666666666667,0.012048192771084338,0.9985656717437333
41.4660828650627,0.06666666666666667,0.012048192771084338,0.9985656717437333
41.50812174211231,0.06666666666666667,0.012048192771084338,0.9985656717437333
41.550160619161915,0.06666666666666667,0.012048192771084338,0.9985656717437333
41.59219949621152,0.06741573033707865,0.012048192771084338,0.9985827470801175
41.63423837326113,0.06741573033707865,0.012048192771084338,0.9985827470801175
41.67627725031073,0.06818181818181818,0.012048192771084338,0.9985998224165016
41.71831612736034,0.06896551724137931,0.012048192771084338,0.9986168977528858
41.760355004409945,0.06896551724137931,0.012048192771084338,0.9986168977528858
41.80239388145955,0.06896551724137931,0.012048192771084338,0.9986168977528858
41.84443275850916,0.06976744186046512,0.012048192771084338,0.9986339730892698
41.88647163555876,0.05952380952380952,0.010040160642570281,0.998651048425654
41.92851051260837,0.05952380952380952,0.010040160642570281,0.998651048425654
41.970549389657975,0.05952380952380952,0.010040160642570281,0.998651048425654
42.01258826670758,0.060240963855421686,0.010040160642570281,0.9986681237620381
42.05462714375719,0.06097560975609756,0.010040160642570281,0.9986851990984222
42.09666602080679,0.06097560975609756,0.010040160642570281,0.9986851990984222
42.1387048978564,0.06097560975609756,0.010040160642570281,0.9986851990984222
42.180743774906006,0.06097560975609756,0.010040160642570281,0.9986851990984222
42.22278265195561,0.06097560975609756,0.010040160642570281,0.9986851990984222
42.26482152900522,0.06097560975609756,0.010040160642570281,0.9986851990984222
42.306860406054824,0.06097560975609756,0.010040160642570281,0.9986851990984222
42.34889928310443,0.0625,0.010040160642570281,0.9987193497711905
42.390938160154036,0.0625,0.010040160642570281,0.9987193497711905
42.43297703720364,0.0625,0.010040160642570281,0.9987193497711905
42.47501591425325,0.0625,0.010040160642570281,0.9987193497711905
42.517054791302854,0.0625,0.010040160642570281,0.9987193497711905
42.55909366835246,0.0625,0.010040160642570281,0.9987193497711905
42.601132545402066,0.0625,0.010040160642570281,0.9987193497711905
42.64317142245167,0.06493506493506493,0.010040160642570281,0.9987705757803429
42.68521029950128,0.06493506493506493,0.010040160642570281,0.9987705757803429
42.727249176550885,0.06493506493506493,0.010040160642570281,0.9987705757803429
42.769288053600505,0.06493506493506493,0.010040160642570281,0.9987705757803429
42.81132693065011,0.06493506493506493,0.010040160642570281,0.9987705757803429
42.85336580769972,0.06578947368421052,0.010040160642570281,0.998787651116727
42.89540468474932,0.06666666666666667,0.010040160642570281,0.9988047264531111
42.93744356179893,0.06666666666666667,0.010040160642570281,0.9988047264531111
42.979482438848535,0.06756756756756757,0.010040160642570281,0.9988218017894952
43.02152131589814,0.06756756756756757,0.010040160642570281,0.9988218017894952
43.06356019294775,0.0547945205479452,0.008032128514056224,0.9988218017894952
43.10559906999735,0.0547945205479452,0.008032128514056224,0.9988218017894952
43.14763794704696,0.0547945205479452,0.008032128514056224,0.9988218017894952
43.189676824096566,0.0547945205479452,0.008032128514056224,0.9988218017894952
43.23171570114617,0.0547945205479452,0.008032128514056224,0.9988218017894952
43.27375457819578,0.05555555555555555,0.008032128514056224,0.9988388771258794
43.315793455245384,0.05555555555555555,0.008032128514056224,0.9988388771258794
43.35783233229499,0.05555555555555555,0.008032128514056224,0.9988388771258794
43.399871209344596,0.05555555555555555,0.008032128514056224,0.9988388771258794
43.4419100863942,0.056338028169014086,0.008032128514056224,0.9988559524622636
43.48394896344381,0.056338028169014086,0.008032128514056224,0.9988559524622636
43.525987840493414,0.05714285714285714,0.008032128514056224,0.9988730277986476
43.56802671754302,0.057971014492753624,0.008032128514056224,0.9988901031350318
43.610065594592626,0.057971014492753624,0.008032128514056224,0.9988901031350318
43.65210447164223,0.057971014492753624,0.008032128514056224,0.9988901031350318
43.69414334869184,0.058823529411764705,0.008032128514056224,0.9989071784714159
43.736182225741445,0.05970149253731343,0.008032128514056224,0.9989242538078
43.77822110279105,0.046153846153846156,0.006024096385542169,0.9989413291441841
43.82025997984066,0.046153846153846156,0.006024096385542169,0.9989413291441841
43.86229885689026,0.046153846153846156,0.006024096385542169,0.9989413291441841
43.90433773393987,0.046153846153846156,0.006024096385542169,0.9989413291441841
43.946376610989475,0.046153846153846156,0.006024096385542169,0.9989413291441841
43.98841548803908,0.046153846153846156,0.006024096385542169,0.9989413291441841
44.03045436508869,0.046153846153846156,0.006024096385542169,0.9989413291441841
44.07249324213829,0.046153846153846156,0.006024096385542169,0.9989413291441841
44.1145321191879,0.046153846153846156,0.006024096385542169,0.9989413291441841
44.156570996237505,0.046153846153846156,0.006024096385542169,0.9989413291441841
44.19860987328711,0.046875,0.006024096385542169,0.9989584044805683
44.24064875033672,0.046875,0.006024096385542169,0.9989584044805683
44.28268762738632,0.047619047619047616,0.006024096385542169,0.9989754798169523
44.32472650443593,0.047619047619047616,0.006024096385542169,0.9989754798169523
44.366765381485536,0.047619047619047616,0.006024096385542169,0.9989754798169523
44.40880425853514,0.047619047619047616,0.006024096385542169,0.9989754798169523
44.45084313558475,0.047619047619047616,0.006024096385542169,0.9989754798169523
44.492882012634354,0.047619047619047616,0.006024096385542169,0.9989754798169523
44.53492088968396,0.04918032786885246,0.006024096385542169,0.9990096304897207
44.576959766733566,0.04918032786885246,0.006024096385542169,0.9990096304897207
44.61899864378317,0.05084745762711865,0.006024096385542169,0.9990437811624889
44.66103752083278,0.05084745762711865,0.006024096385542169,0.9990437811624889
44.703076397882384,0.05084745762711865,0.006024096385542169,0.9990437811624889
44.74511527493199,0.05084745762711865,0.006024096385542169,0.9990437811624889
44.787154151981596,0.05084745762711865,0.006024096385542169,0.9990437811624889
44.8291930290312,0.05263157894736842,0.006024096385542169,0.9990779318352572
44.87123190608081,0.05263157894736842,0.006024096385542169,0.9990779318352572
44.913270783130415,0.05357142857142857,0.006024096385542169,0.9990950071716412
44.95530966018002,0.05454545454545454,0.006024096385542169,0.9991120825080254
44.99734853722963,0.05454545454545454,0.006024096385542169,0.9991120825080254
45.03938741427923,0.05555555555555555,0.006024096385542169,0.9991291578444096
45.08142629132884,0.05555555555555555,0.006024096385542169,0.9991291578444096
45.123465168378445,0.05555555555555555,0.006024096385542169,0.9991291578444096
45.16550404542805,0.05555555555555555,0.006024096385542169,0.9991291578444096
45.20754292247766,0.05555555555555555,0.006024096385542169,0.9991291578444096
45.24958179952726,0.05555555555555555,0.006024096385542169,0.9991291578444096
45.29162067657688,0.05555555555555555,0.006024096385542169,0.9991291578444096
45.33365955362649,0.05555555555555555,0.006024096385542169,0.9991291578444096
45.375698430676096,0.05555555555555555,0.006024096385542169,0.9991291578444096
45.4177373077257,0.05555555555555555,0.006024096385542169,0.9991291578444096
45.45977618477531,0.05660377358490566,0.006024096385542169,0.9991462331807937
45.501815061824914,0.05660377358490566,0.006024096385542169,0.9991462331807937
45.54385393887452,0.05660377358490566,0.006024096385542169,0.9991462331807937
45.585892815924126,0.05660377358490566,0.006024096385542169,0.9991462331807937
45.62793169297373,0.05660377358490566,0.006024096385542169,0.9991462331807937
45.66997057002334,0.05660377358490566,0.006024096385542169,0.9991462331807937
45.712009447072944,0.05660377358490566,0.006024096385542169,0.9991462331807937
45.75404832412255,0.05660377358490566,0.006024096385542169,0.9991462331807937
45.796087201172156,0.057692307692307696,0.006024096385542169,0.9991633085171778
45.83812607822176,0.057692307692307696,0.006024096385542169,0.9991633085171778
45.88016495527137,0.057692307692307696,0.006024096385542169,0.9991633085171778
45.922203832320974,0.058823529411764705,0.006024096385542169,0.9991803838535619
45.96424270937058,0.058823529411764705,0.006024096385542169,0.9991803838535619
46.00628158642019,0.06,0.006024096385542169,0.9991974591899461
46.04832046346979,0.06,0.006024096385542169,0.9991974591899461
46.0903593405194,0.06,0.006024096385542169,0.9991974591899461
46.132398217569005,0.061224489795918366,0.006024096385542169,0.9992145345263301
46.17443709461861,0.061224489795918366,0.006024096385542169,0.9992145345263301
46.21647597166822,0.0625,0.006024096385542169,0.9992316098627143
46.25851484871782,0.0625,0.006024096385542169,0.9992316098627143
46.30055372576743,0.0625,0.006024096385542169,0.9992316098627143
46.342592602817035,0.0625,0.006024096385542169,0.9992316098627143
46.38463147986664,0.06382978723404255,0.006024096385542169,0.9992486851990984
46.42667035691625,0.06521739130434782,0.006024096385542169,0.9992657605354826
46.46870923396585,0.06666666666666667,0.006024096385542169,0.9992828358718667
46.51074811101546,0.06666666666666667,0.006024096385542169,0.9992828358718667
46.552786988065066,0.06818181818181818,0.006024096385542169,0.9992999112082508
46.59482586511467,0.06818181818181818,0.006024096385542169,0.9992999112082508
46.63686474216428,0.06976744186046512,0.006024096385542169,0.999316986544635
46.678903619213884,0.06976744186046512,0.006024096385542169,0.999316986544635
46.72094249626349,0.06976744186046512,0.006024096385542169,0.999316986544635
46.762981373313096,0.06976744186046512,0.006024096385542169,0.999316986544635
46.8050202503627,0.06976744186046512,0.006024096385542169,0.999316986544635
46.84705912741231,0.07142857142857142,0.006024096385542169,0.999334061881019
46.889098004461914,0.07142857142857142,0.006024096385542169,0.999334061881019
46.93113688151152,0.07142857142857142,0.006024096385542169,0.999334061881019
46.973175758561126,0.07142857142857142,0.006024096385542169,0.999334061881019
47.01521463561073,0.075,0.006024096385542169,0.9993682125537873
47.05725351266034,0.075,0.006024096385542169,0.9993682125537873
47.099292389709944,0.07692307692307693,0.006024096385542169,0.9993852878901714
47.14133126675955,0.07692307692307693,0.006024096385542169,0.9993852878901714
47.18337014380917,0.08108108108108109,0.006024096385542169,0.9994194385629397
47.22540902085878,0.08333333333333333,0.006024096385542169,0.9994365138993239
47.26744789790838,0.08333333333333333,0.006024096385542169,0.9994365138993239
47.30948677495799,0.08333333333333333,0.006024096385542169,0.9994365138993239
47.351525652007595,0.08333333333333333,0.006024096385542169,0.9994365138993239
47.3935645290572,0.08333333333333333,0.006024096385542169,0.9994365138993239
47.43560340610681,0.08333333333333333,0.006024096385542169,0.9994365138993239
47.47764228315641,0.08333333333333333,0.006024096385542169,0.9994365138993239
47.51968116020602,0.08571428571428572,0.006024096385542169,0.9994535892357079
47.561720037255625,0.08571428571428572,0.006024096385542169,0.9994535892357079
47.60375891430523,0.058823529411764705,0.004016064257028112,0.9994535892357079
47.64579779135484,0.058823529411764705,0.004016064257028112,0.9994535892357079
47.687836668404444,0.058823529411764705,0.004016064257028112,0.9994535892357079
47.72987554545405,0.058823529411764705,0.004016064257028112,0.9994535892357079
47.771914422503656,0.058823529411764705,0.004016064257028112,0.9994535892357079
47.81395329955326,0.058823529411764705,0.004016064257028112,0.9994535892357079
47.85599217660287,0.058823529411764705,0.004016064257028112,0.9994535892357079
47.898031053652474,0.058823529411764705,0.004016064257028112,0.9994535892357079
47.94006993070208,0.058823529411764705,0.004016064257028112,0.9994535892357079
47.982108807751686,0.06060606060606061,0.004016064257028112,0.9994706645720921
48.02414768480129,0.06060606060606061,0.004016064257028112,0.9994706645720921
48.0661865618509,0.06060606060606061,0.004016064257028112,0.9994706645720921
48.108225438900504,0.0625,0.004016064257028112,0.9994877399084762
48.15026431595011,0.0625,0.004016064257028112,0.9994877399084762
48.19230319299972,0.0625,0.004016064257028112,0.9994877399084762
48.23434207004932,0.0625,0.004016064257028112,0.9994877399084762
48.27638094709893,0.0625,0.004016064257028112,0.9994877399084762
48.318419824148535,0.06451612903225806,0.004016064257028112,0.9995048152448603
48.36045870119814,0.06451612903225806,0.004016064257028112,0.9995048152448603
48.40249757824775,0.06451612903225806,0.004016064257028112,0.9995048152448603
48.44453645529735,0.06451612903225806,0.004016064257028112,0.9995048152448603
48.48657533234696,0.06896551724137931,0.004016064257028112,0.9995389659176286
48.528614209396565,0.06896551724137931,0.004016064257028112,0.9995389659176286
48.57065308644617,0.07142857142857142,0.004016064257028112,0.9995560412540127
48.61269196349578,0.07142857142857142,0.004016064257028112,0.9995560412540127
48.65473084054538,0.07142857142857142,0.004016064257028112,0.9995560412540127
48.69676971759499,0.07142857142857142,0.004016064257028112,0.9995560412540127
48.738808594644595,0.07142857142857142,0.004016064257028112,0.9995560412540127
48.7808474716942,0.07142857142857142,0.004016064257028112,0.9995560412540127
48.82288634874381,0.07407407407407407,0.004016064257028112,0.9995731165903968
48.864925225793414,0.07407407407407407,0.004016064257028112,0.9995731165903968
48.90696410284302,0.07407407407407407,0.004016064257028112,0.9995731165903968
48.949002979892626,0.07407407407407407,0.004016064257028112,0.9995731165903968
48.99104185694223,0.07692307692307693,0.004016064257028112,0.999590191926781
49.03308073399184,0.07692307692307693,0.004016064257028112,0.999590191926781
49.075119611041444,0.08,0.004016064257028112,0.9996072672631651
49.11715848809105,0.08,0.004016064257028112,0.9996072672631651
49.159197365140656,0.08,0.004016064257028112,0.9996072672631651
49.20123624219026,0.08,0.004016064257028112,0.9996072672631651
49.24327511923987,0.08,0.004016064257028112,0.9996072672631651
49.285313996289474,0.08,0.004016064257028112,0.9996072672631651
49.32735287333908,0.08,0.004016064257028112,0.9996072672631651
49.36939175038869,0.08,0.004016064257028112,0.9996072672631651
49.41143062743829,0.08,0.004016064257028112,0.9996072672631651
49.4534695044879,0.08,0.004016064257028112,0.9996072672631651
49.495508381537505,0.08,0.004016064257028112,0.9996072672631651
49.53754725858711,0.08,0.004016064257028112,0.9996072672631651
49.57958613563672,0.08,0.004016064257028112,0.9996072672631651
49.62162501268632,0.08,0.004016064257028112,0.9996072672631651
49.66366388973593,0.08,0.004016064257028112,0.9996072672631651
49.705702766785535,0.08,0.004016064257028112,0.9996072672631651
49.747741643835155,0.08,0.004016064257028112,0.9996072672631651
49.78978052088476,0.08,0.004016064257028112,0.9996072672631651
49.83181939793437,0.08,0.004016064257028112,0.9996072672631651
49.873858274983974,0.08,0.004016064257028112,0.9996072672631651
49.91589715203358,0.08,0.004016064257028112,0.9996072672631651
49.957936029083186,0.08,0.004016064257028112,0.9996072672631651
49.99997490613279,0.08,0.004016064257028112,0.9996072672631651
50.0420137831824,0.08333333333333333,0.004016064257028112,0.9996243425995492
50.084052660232004,0.08333333333333333,0.004016064257028112,0.9996243425995492
50.12609153728161,0.08333333333333333,0.004016064257028112,0.9996243425995492
50.168130414331216,0.08333333333333333,0.004016064257028112,0.9996243425995492
50.21016929138082,0.08333333333333333,0.004016064257028112,0.9996243425995492
50.25220816843043,0.08333333333333333,0.004016064257028112,0.9996243425995492
50.294247045480034,0.08333333333333333,0.004016064257028112,0.9996243425995492
50.33628592252964,0.08333333333333333,0.004016064257028112,0.9996243425995492
50.37832479957925,0.08333333333333333,0.004016064257028112,0.9996243425995492
50.42036367662885,0.08333333333333333,0.004016064257028112,0.9996243425995492
50.46240255367846,0.08333333333333333,0.004016064257028112,0.9996243425995492
50.504441430728065,0.08333333333333333,0.004016064257028112,0.9996243425995492
50.54648030777767,0.08333333333333333,0.004016064257028112,0.9996243425995492
50.58851918482728,0.08695652173913043,0.004016064257028112,0.9996414179359333
50.63055806187688,0.08695652173913043,0.004016064257028112,0.9996414179359333
50.67259693892649,0.08695652173913043,0.004016064257028112,0.9996414179359333
50.714635815976095,0.08695652173913043,0.004016064257028112,0.9996414179359333
50.7566746930257,0.08695652173913043,0.004016064257028112,0.9996414179359333
50.79871357007531,0.08695652173913043,0.004016064257028112,0.9996414179359333
50.84075244712491,0.08695652173913043,0.004016064257028112,0.9996414179359333
50.88279132417452,0.08695652173913043,0.004016064257028112,0.9996414179359333
50.924830201224125,0.08695652173913043,0.004016064257028112,0.9996414179359333
50.96686907827373,0.08695652173913043,0.004016064257028112,0.9996414179359333
51.00890795532334,0.08695652173913043,0.004016064257028112,0.9996414179359333
51.050946832372944,0.08695652173913043,0.004016064257028112,0.9996414179359333
51.09298570942255,0.08695652173913043,0.004016064257028112,0.9996414179359333
51.135024586472156,0.08695652173913043,0.004016064257028112,0.9996414179359333
51.17706346352176,0.09090909090909091,0.004016064257028112,0.9996584932723175
51.21910234057137,0.09090909090909091,0.004016064257028112,0.9996584932723175
51.261141217620974,0.09090909090909091,0.004016064257028112,0.9996584932723175
51.30318009467058,0.09523809523809523,0.004016064257028112,0.9996755686087015
51.345218971720186,0.09523809523809523,0.004016064257028112,0.9996755686087015
51.38725784876979,0.09523809523809523,0.004016064257028112,0.9996755686087015
51.4292967258194,0.1,0.004016064257028112,0.9996926439450857
51.471335602869004,0.05263157894736842,0.002008032128514056,0.9996926439450857
51.51337447991861,0.05263157894736842,0.002008032128514056,0.9996926439450857
51.55541335696822,0.05555555555555555,0.002008032128514056,0.9997097192814699
51.59745223401782,0.058823529411764705,0.002008032128514056,0.999726794617854
51.63949111106743,0.058823529411764705,0.002008032128514056,0.999726794617854
51.681529988117035,0.058823529411764705,0.002008032128514056,0.999726794617854
51.72356886516664,0.058823529411764705,0.002008032128514056,0.999726794617854
51.76560774221625,0.058823529411764705,0.002008032128514056,0.999726794617854
51.80764661926585,0.058823529411764705,0.002008032128514056,0.999726794617854
51.84968549631546,0.058823529411764705,0.002008032128514056,0.999726794617854
51.891724373365065,0.058823529411764705,0.002008032128514056,0.999726794617854
51.93376325041467,0.058823529411764705,0.002008032128514056,0.999726794617854
51.97580212746428,0.058823529411764705,0.002008032128514056,0.999726794617854
52.01784100451388,0.058823529411764705,0.002008032128514056,0.999726794617854
52.05987988156349,0.058823529411764705,0.002008032128514056,0.999726794617854
52.101918758613095,0.058823529411764705,0.002008032128514056,0.999726794617854
52.1439576356627,0.058823529411764705,0.002008032128514056,0.999726794617854
52.18599651271231,0.0625,0.002008032128514056,0.9997438699542381
52.228035389761914,0.0625,0.002008032128514056,0.9997438699542381
52.270074266811534,0.0625,0.002008032128514056,0.9997438699542381
52.31211314386114,0.0625,0.002008032128514056,0.9997438699542381
52.354152020910746,0.0625,0.002008032128514056,0.9997438699542381
52.39619089796035,0.0625,0.002008032128514056,0.9997438699542381
52.43822977500996,0.0625,0.002008032128514056,0.9997438699542381
52.480268652059564,0.0625,0.002008032128514056,0.9997438699542381
52.52230752910917,0.0625,0.002008032128514056,0.9997438699542381
52.564346406158776,0.0625,0.002008032128514056,0.9997438699542381
52.60638528320838,0.0625,0.002008032128514056,0.9997438699542381
52.64842416025799,0.0625,0.002008032128514056,0.9997438699542381
52.690463037307595,0.0625,0.002008032128514056,0.9997438699542381
52.7325019143572,0.06666666666666667,0.002008032128514056,0.9997609452906222
52.77454079140681,0.06666666666666667,0.002008032128514056,0.9997609452906222
52.81657966845641,0.06666666666666667,0.002008032128514056,0.9997609452906222
52.85861854550602,0.06666666666666667,0.002008032128514056,0.9997609452906222
52.900657422555625,0.06666666666666667,0.002008032128514056,0.9997609452906222
52.94269629960523,0.06666666666666667,0.002008032128514056,0.9997609452906222
52.98473517665484,0.06666666666666667,0.002008032128514056,0.9997609452906222
53.02677405370444,0.07142857142857142,0.002008032128514056,0.9997780206270064
53.06881293075405,0.07142857142857142,0.002008032128514056,0.9997780206270064
53.110851807803655,0.07142857142857142,0.002008032128514056,0.9997780206270064
53.15289068485326,0.07142857142857142,0.002008032128514056,0.9997780206270064
53.19492956190287,0.07142857142857142,0.002008032128514056,0.9997780206270064
53.23696843895247,0.07692307692307693,0.002008032128514056,0.9997950959633904
53.27900731600208,0.07692307692307693,0.002008032128514056,0.9997950959633904
53.321046193051686,0.07692307692307693,0.002008032128514056,0.9997950959633904
53.36308507010129,0.07692307692307693,0.002008032128514056,0.9997950959633904
53.4051239471509,0.07692307692307693,0.002008032128514056,0.9997950959633904
53.447162824200504,0.07692307692307693,0.002008032128514056,0.9997950959633904
53.48920170125011,0.07692307692307693,0.002008032128514056,0.9997950959633904
53.531240578299716,0.07692307692307693,0.002008032128514056,0.9997950959633904
53.57327945534932,0.07692307692307693,0.002008032128514056,0.9997950959633904
53.61531833239893,0.07692307692307693,0.002008032128514056,0.9997950959633904
53.657357209448534,0.07692307692307693,0.002008032128514056,0.9997950959633904
53.69939608649814,0.07692307692307693,0.002008032128514056,0.9997950959633904
53.741434963547746,0.07692307692307693,0.002008032128514056,0.9997950959633904
53.78347384059735,0.07692307692307693,0.002008032128514056,0.9997950959633904
53.82551271764696,0.07692307692307693,0.002008032128514056,0.9997950959633904
53.867551594696565,0.07692307692307693,0.002008032128514056,0.9997950959633904
53.90959047174617,0.07692307692307693,0.002008032128514056,0.9997950959633904
53.95162934879578,0.07692307692307693,0.002008032128514056,0.9997950959633904
53.99366822584538,0.07692307692307693,0.002008032128514056,0.9997950959633904
54.03570710289499,0.08333333333333333,0.002008032128514056,0.9998121712997746
54.077745979944595,0.08333333333333333,0.002008032128514056,0.9998121712997746
54.1197848569942,0.08333333333333333,0.002008032128514056,0.9998121712997746
54.16182373404381,0.08333333333333333,0.002008032128514056,0.9998121712997746
54.20386261109341,0.08333333333333333,0.002008032128514056,0.9998121712997746
54.24590148814302,0.08333333333333333,0.002008032128514056,0.9998121712997746
54.287940365192625,0.08333333333333333,0.002008032128514056,0.9998121712997746
54.32997924224223,0.08333333333333333,0.002008032128514056,0.9998121712997746
54.37201811929184,0.0,0.0,0.9998121712997746
54.41405699634144,0.0,0.0,0.9998121712997746
54.45609587339105,0.0,0.0,0.9998121712997746
54.498134750440656,0.0,0.0,0.9998121712997746
54.54017362749026,0.0,0.0,0.9998121712997746
54.58221250453987,0.0,0.0,0.9998121712997746
54.624251381589474,0.0,0.0,0.9998121712997746
54.66629025863908,0.0,0.0,0.9998121712997746
54.708329135688686,0.0,0.0,0.9998121712997746
54.75036801273829,0.0,0.0,0.9998121712997746
54.79240688978791,0.0,0.0,0.9998121712997746
54.83444576683752,0.0,0.0,0.9998121712997746
54.876484643887125,0.0,0.0,0.9998292466361587
54.91852352093673,0.0,0.0,0.9998292466361587
54.96056239798634,0.0,0.0,0.9998292466361587
55.00260127503594,0.0,0.0,0.9998292466361587
55.04464015208555,0.0,0.0,0.9998292466361587
55.086679029135155,0.0,0.0,0.9998292466361587
55.12871790618476,0.0,0.0,0.9998292466361587
55.17075678323437,0.0,0.0,0.9998292466361587
55.21279566028397,0.0,0.0,0.9998292466361587
55.25483453733358,0.0,0.0,0.9998292466361587
55.296873414383185,0.0,0.0,0.9998292466361587
55.33891229143279,0.0,0.0,0.9998292466361587
55.3809511684824,0.0,0.0,0.9998292466361587
55.422990045532,0.0,0.0,0.9998292466361587
55.46502892258161,0.0,0.0,0.9998292466361587
55.507067799631216,0.0,0.0,0.9998292466361587
55.54910667668082,0.0,0.0,0.9998292466361587
55.59114555373043,0.0,0.0,0.9998292466361587
55.633184430780034,0.0,0.0,0.9998463219725429
55.67522330782964,0.0,0.0,0.9998463219725429
55.717262184879246,0.0,0.0,0.9998463219725429
55.75930106192885,0.0,0.0,0.9998463219725429
55.80133993897846,0.0,0.0,0.9998463219725429
55.843378816028064,0.0,0.0,0.9998463219725429
55.88541769307767,0.0,0.0,0.9998463219725429
55.927456570127276,0.0,0.0,0.9998463219725429
55.96949544717688,0.0,0.0,0.9998463219725429
56.01153432422649,0.0,0.0,0.999863397308927
56.053573201276095,0.0,0.0,0.9998804726453111
56.0956120783257,0.0,0.0,0.9998804726453111
56.13765095537531,0.0,0.0,0.9998804726453111
56.17968983242491,0.0,0.0,0.9998975479816953
56.22172870947452,0.0,0.0,0.9998975479816953
56.263767586524125,0.0,0.0,0.9998975479816953
56.30580646357373,0.0,0.0,0.9998975479816953
56.34784534062334,0.0,0.0,0.9998975479816953
56.38988421767294,0.0,0.0,0.9998975479816953
56.43192309472255,0.0,0.0,0.9998975479816953
56.473961971772155,0.0,0.0,0.9998975479816953
56.51600084882176,0.0,0.0,0.9998975479816953
56.55803972587137,0.0,0.0,0.9998975479816953
56.60007860292097,0.0,0.0,0.9998975479816953
56.64211747997058,0.0,0.0,0.9998975479816953
56.684156357020186,0.0,0.0,0.9998975479816953
56.72619523406979,0.0,0.0,0.9998975479816953
56.7682341111194,0.0,0.0,0.9998975479816953
56.810272988169004,0.0,0.0,0.9998975479816953
56.85231186521861,0.0,0.0,0.9998975479816953
56.894350742268216,0.0,0.0,0.9998975479816953
56.93638961931782,0.0,0.0,0.9998975479816953
56.97842849636743,0.0,0.0,0.9998975479816953
57.020467373417034,0.0,0.0,0.9998975479816953
57.06250625046664,0.0,0.0,0.9998975479816953
57.104545127516246,0.0,0.0,0.9998975479816953
57.14658400456585,0.0,0.0,0.9998975479816953
57.18862288161546,0.0,0.0,0.9998975479816953
57.230661758665065,0.0,0.0,0.9999146233180793
57.27270063571467,0.0,0.0,0.9999146233180793
57.31473951276429,0.0,0.0,0.9999146233180793
57.3567783898139,0.0,0.0,0.9999146233180793
57.3988172668635,0.0,0.0,0.9999146233180793
57.44085614391311,0.0,0.0,0.9999146233180793
57.482895020962715,0.0,0.0,0.9999146233180793
57.52493389801232,0.0,0.0,0.9999146233180793
57.56697277506193,0.0,0.0,0.9999146233180793
57.60901165211153,0.0,0.0,0.9999146233180793
57.65105052916114,0.0,0.0,0.9999146233180793
57.693089406210746,0.0,0.0,0.9999146233180793
57.73512828326035,0.0,0.0,0.9999146233180793
57.77716716030996,0.0,0.0,0.9999146233180793
57.819206037359564,0.0,0.0,0.9999146233180793
57.86124491440917,0.0,0.0,0.9999146233180793
57.903283791458776,0.0,0.0,0.9999146233180793
57.94532266850838,0.0,0.0,0.9999316986544635
57.98736154555799,0.0,0.0,0.9999316986544635
58.029400422607594,0.0,0.0,0.9999316986544635
58.0714392996572,0.0,0.0,0.9999316986544635
58.113478176706806,0.0,0.0,0.9999316986544635
58.15551705375641,0.0,0.0,0.9999316986544635
58.19755593080602,0.0,0.0,0.9999316986544635
58.239594807855624,0.0,0.0,0.9999316986544635
58.28163368490523,0.0,0.0,0.9999316986544635
58.32367256195484,0.0,0.0,0.9999316986544635
58.36571143900444,0.0,0.0,0.9999316986544635
58.40775031605405,0.0,0.0,0.9999316986544635
58.449789193103655,0.0,0.0,0.9999316986544635
58.49182807015326,0.0,0.0,0.9999316986544635
58.53386694720287,0.0,0.0,0.9999316986544635
58.57590582425247,0.0,0.0,0.9999316986544635
58.61794470130208,0.0,0.0,0.9999316986544635
58.659983578351685,0.0,0.0,0.9999316986544635
58.70202245540129,0.0,0.0,0.9999316986544635
58.7440613324509,0.0,0.0,0.9999316986544635
58.7861002095005,0.0,0.0,0.9999316986544635
58.82813908655011,0.0,0.0,0.9999316986544635
58.870177963599716,0.0,0.0,0.9999316986544635
58.91221684064932,0.0,0.0,0.9999316986544635
58.95425571769893,0.0,0.0,0.9999316986544635
58.996294594748534,0.0,0.0,0.9999316986544635
59.03833347179814,0.0,0.0,0.9999316986544635
59.080372348847746,0.0,0.0,0.9999487739908476
59.12241122589735,0.0,0.0,0.9999487739908476
59.16445010294696,0.0,0.0,0.9999487739908476
59.206488979996564,0.0,0.0,0.9999487739908476
59.24852785704617,0.0,0.0,0.9999487739908476
59.290566734095776,0.0,0.0,0.9999487739908476
59.33260561114538,0.0,0.0,0.9999487739908476
59.37464448819499,0.0,0.0,0.9999487739908476
59.416683365244594,0.0,0.0,0.9999487739908476
59.4587222422942,0.0,0.0,0.9999487739908476
59.50076111934381,0.0,0.0,0.9999487739908476
59.54279999639341,0.0,0.0,0.9999487739908476
59.58483887344302,0.0,0.0,0.9999487739908476
59.626877750492625,0.0,0.0,0.9999487739908476
59.66891662754223,0.0,0.0,0.9999487739908476
59.71095550459184,0.0,0.0,0.9999487739908476
59.75299438164144,0.0,0.0,0.9999487739908476
59.79503325869105,0.0,0.0,0.9999487739908476
59.837072135740655,0.0,0.0,0.9999487739908476
59.879111012790275,0.0,0.0,0.9999487739908476
59.92114988983988,0.0,0.0,0.9999487739908476
59.96318876688949,0.0,0.0,0.9999487739908476
60.005227643939094,0.0,0.0,0.9999487739908476
60.0472665209887,0.0,0.0,0.9999487739908476
60.089305398038306,0.0,0.0,0.9999487739908476
60.13134427508791,0.0,0.0,0.9999487739908476
60.17338315213752,0.0,0.0,0.9999487739908476
60.215422029187124,0.0,0.0,0.9999487739908476
60.25746090623673,0.0,0.0,0.9999487739908476
60.299499783286336,0.0,0.0,0.9999487739908476
60.34153866033594,0.0,0.0,0.9999487739908476
60.38357753738555,0.0,0.0,0.9999487739908476
60.425616414435154,0.0,0.0,0.9999487739908476
60.46765529148476,0.0,0.0,0.9999487739908476
60.50969416853437,0.0,0.0,0.9999487739908476
60.55173304558397,0.0,0.0,0.9999487739908476
60.59377192263358,0.0,0.0,0.9999487739908476
60.635810799683185,0.0,0.0,0.9999487739908476
60.67784967673279,0.0,0.0,0.9999487739908476
60.7198885537824,0.0,0.0,0.9999487739908476
60.761927430832,0.0,0.0,0.9999487739908476
60.80396630788161,0.0,0.0,0.9999487739908476
60.846005184931215,0.0,0.0,0.9999487739908476
60.88804406198082,0.0,0.0,0.9999487739908476
60.93008293903043,0.0,0.0,0.9999487739908476
60.97212181608003,0.0,0.0,0.9999487739908476
61.01416069312964,0.0,0.0,0.9999487739908476
61.056199570179245,0.0,0.0,0.9999487739908476
61.09823844722885,0.0,0.0,0.9999487739908476
61.14027732427846,0.0,0.0,0.9999487739908476
61.182316201328064,0.0,0.0,0.9999487739908476
61.22435507837767,0.0,0.0,0.9999487739908476
61.266393955427276,0.0,0.0,0.9999487739908476
61.30843283247688,0.0,0.0,0.9999487739908476
61.35047170952649,0.0,0.0,0.9999487739908476
61.392510586576094,0.0,0.0,0.9999487739908476
61.4345494636257,0.0,0.0,0.9999487739908476
61.476588340675306,0.0,0.0,0.9999487739908476
61.51862721772491,0.0,0.0,0.9999487739908476
61.56066609477452,0.0,0.0,0.9999487739908476
61.602704971824124,0.0,0.0,0.9999487739908476
61.64474384887373,0.0,0.0,0.9999487739908476
61.68678272592334,0.0,0.0,0.9999487739908476
61.72882160297294,0.0,0.0,0.9999487739908476
61.77086048002255,0.0,0.0,0.9999487739908476
61.812899357072155,0.0,0.0,0.9999487739908476
61.85493823412176,0.0,0.0,0.9999487739908476
61.89697711117137,0.0,0.0,0.9999487739908476
61.93901598822097,0.0,0.0,0.9999487739908476
61.98105486527058,0.0,0.0,0.9999487739908476
62.023093742320185,0.0,0.0,0.9999487739908476
62.06513261936979,0.0,0.0,0.9999487739908476
62.1071714964194,0.0,0.0,0.9999487739908476
62.149210373469,0.0,0.0,0.9999487739908476
62.19124925051861,0.0,0.0,0.9999487739908476
62.233288127568215,0.0,0.0,0.9999487739908476
62.27532700461782,0.0,0.0,0.9999487739908476
62.31736588166743,0.0,0.0,0.9999487739908476
62.359404758717034,0.0,0.0,0.9999487739908476
62.401443635766654,0.0,0.0,0.9999487739908476
62.44348251281626,0.0,0.0,0.9999487739908476
62.485521389865866,0.0,0.0,0.9999487739908476
62.52756026691547,0.0,0.0,0.9999487739908476
62.56959914396508,0.0,0.0,0.9999487739908476
62.611638021014684,0.0,0.0,0.9999487739908476
62.65367689806429,0.0,0.0,0.9999487739908476
62.6957157751139,0.0,0.0,0.9999487739908476
62.7377546521635,0.0,0.0,0.9999487739908476
62.77979352921311,0.0,0.0,0.9999487739908476
62.821832406262715,0.0,0.0,0.9999487739908476
62.86387128331232,0.0,0.0,0.9999658493272318
62.90591016036193,0.0,0.0,0.9999658493272318
62.94794903741153,0.0,0.0,0.9999658493272318
62.98998791446114,0.0,0.0,0.9999658493272318
63.032026791510745,0.0,0.0,0.9999658493272318
63.07406566856035,0.0,0.0,0.9999658493272318
63.11610454560996,0.0,0.0,0.9999658493272318
63.15814342265956,0.0,0.0,0.9999658493272318
63.20018229970917,0.0,0.0,0.9999658493272318
63.242221176758775,0.0,0.0,0.9999658493272318
63.28426005380838,0.0,0.0,0.9999658493272318
63.32629893085799,0.0,0.0,0.9999658493272318
63.368337807907594,0.0,0.0,0.9999658493272318
63.4103766849572,0.0,0.0,0.9999658493272318
63.452415562006806,0.0,0.0,0.9999658493272318
63.49445443905641,0.0,0.0,0.9999658493272318
63.53649331610602,0.0,0.0,0.9999658493272318
63.578532193155624,0.0,0.0,0.9999658493272318
63.62057107020523,0.0,0.0,0.9999658493272318
63.662609947254836,0.0,0.0,0.9999658493272318
63.70464882430444,0.0,0.0,0.9999658493272318
63.74668770135405,0.0,0.0,0.9999658493272318
63.788726578403654,0.0,0.0,0.9999658493272318
63.83076545545326,0.0,0.0,0.9999658493272318
63.87280433250287,0.0,0.0,0.9999658493272318
63.91484320955247,0.0,0.0,0.9999658493272318
63.95688208660208,0.0,0.0,0.9999658493272318
63.998920963651685,0.0,0.0,0.9999658493272318
64.04095984070129,0.0,0.0,0.9999658493272318
64.0829987177509,0.0,0.0,0.9999658493272318
64.1250375948005,0.0,0.0,0.9999829246636158
64.16707647185011,0.0,0.0,0.9999829246636158
64.20911534889972,0.0,0.0,0.9999829246636158
64.25115422594932,0.0,0.0,0.9999829246636158
64.29319310299893,0.0,0.0,0.9999829246636158
64.33523198004853,0.0,0.0,0.9999829246636158
64.37727085709814,0.0,0.0,0.9999829246636158
64.41930973414775,0.0,0.0,0.9999829246636158
64.46134861119735,0.0,0.0,0.9999829246636158
64.50338748824696,0.0,0.0,0.9999829246636158
64.54542636529656,0.0,0.0,0.9999829246636158
64.58746524234617,0.0,0.0,0.9999829246636158
64.62950411939578,0.0,0.0,0.9999829246636158
64.67154299644538,0.0,0.0,0.9999829246636158
64.71358187349499,0.0,0.0,0.9999829246636158
64.7556207505446,0.0,0.0,0.9999829246636158
64.7976596275942,0.0,0.0,0.9999829246636158
64.8396985046438,0.0,0.0,0.9999829246636158
64.88173738169341,0.0,0.0,0.9999829246636158
64.92377625874303,0.0,0.0,0.9999829246636158
64.96581513579264,0.0,0.0,0.9999829246636158
65.00785401284224,0.0,0.0,0.9999829246636158
65.04989288989185,0.0,0.0,0.9999829246636158
65.09193176694146,0.0,0.0,0.9999829246636158
65.13397064399106,0.0,0.0,0.9999829246636158
65.17600952104067,0.0,0.0,0.9999829246636158
65.21804839809027,0.0,0.0,0.9999829246636158
65.26008727513988,0.0,0.0,0.9999829246636158
65.30212615218949,0.0,0.0,0.9999829246636158
65.3441650292391,0.0,0.0,0.9999829246636158
65.3862039062887,0.0,0.0,0.9999829246636158
65.4282427833383,0.0,0.0,0.9999829246636158
65.47028166038791,0.0,0.0,0.9999829246636158
65.51232053743752,0.0,0.0,0.9999829246636158
65.55435941448712,0.0,0.0,0.9999829246636158
65.59639829153673,0.0,0.0,0.9999829246636158
65.63843716858634,0.0,0.0,0.9999829246636158
65.68047604563594,0.0,0.0,0.9999829246636158
65.72251492268555,0.0,0.0,0.9999829246636158
65.76455379973515,0.0,0.0,0.9999829246636158
65.80659267678476,0.0,0.0,0.9999829246636158
65.84863155383437,0.0,0.0,0.9999829246636158
65.89067043088397,0.0,0.0,0.9999829246636158
65.93270930793358,0.0,0.0,0.9999829246636158
65.97474818498318,0.0,0.0,0.9999829246636158
66.01678706203279,0.0,0.0,0.9999829246636158
66.0588259390824,0.0,0.0,0.9999829246636158
66.100864816132,0.0,0.0,0.9999829246636158
66.14290369318161,0.0,0.0,0.9999829246636158
66.18494257023121,0.0,0.0,0.9999829246636158
66.22698144728082,0.0,0.0,0.9999829246636158
66.26902032433043,0.0,0.0,0.9999829246636158
66.31105920138003,0.0,0.0,0.9999829246636158
66.35309807842964,0.0,0.0,0.9999829246636158
66.39513695547924,0.0,0.0,0.9999829246636158
66.43717583252885,0.0,0.0,0.9999829246636158
66.47921470957846,0.0,0.0,0.9999829246636158
66.52125358662806,0.0,0.0,0.9999829246636158
66.56329246367767,0.0,0.0,0.9999829246636158
66.60533134072728,0.0,0.0,0.9999829246636158
66.64737021777688,0.0,0.0,0.9999829246636158
