Threshold,Precision,Recall,Specificity
-18.958392658912718,0.007839219802918967,1.0,0.0
-18.916956993142186,0.007839352533820964,1.0,1.706513763033499e-05
-18.875521327371654,0.007839352533820964,1.0,1.706513763033499e-05
-18.834085661601122,0.007839352533820964,1.0,1.706513763033499e-05
-18.792649995830587,0.007839352533820964,1.0,1.706513763033499e-05
-18.751214330060055,0.007839352533820964,1.0,1.706513763033499e-05
-18.709778664289523,0.007839352533820964,1.0,1.706513763033499e-05
-18.66834299851899,0.007839352533820964,1.0,1.706513763033499e-05
-18.62690733274846,0.007839352533820964,1.0,1.706513763033499e-05
-18.585471666977927,0.007839352533820964,1.0,1.706513763033499e-05
-18.54403600120739,0.007839352533820964,1.0,1.706513763033499e-05
-18.50260033543686,0.007839352533820964,1.0,1.706513763033499e-05
-18.461164669666328,0.007839352533820964,1.0,1.706513763033499e-05
-18.419729003895796,0.007839485269217746,1.0,3.413027526066998e-05
-18.378293338125264,0.007839485269217746,1.0,3.413027526066998e-05
-18.336857672354732,0.007839485269217746,1.0,3.413027526066998e-05
-18.295422006584197,0.007839485269217746,1.0,3.413027526066998e-05
-18.253986340813665,0.007839485269217746,1.0,3.413027526066998e-05
-18.212550675043133,0.007839485269217746,1.0,3.413027526066998e-05
-18.1711150092726,0.007839485269217746,1.0,3.413027526066998e-05
-18.12967934350207,0.007839485269217746,1.0,3.413027526066998e-05
-18.088243677731537,0.007839618009109534,1.0,5.119541289100497e-05
-18.046808011961,0.007839618009109534,1.0,5.119541289100497e-05
-18.00537234619047,0.007839618009109534,1.0,5.119541289100497e-05
-17.963936680419938,0.007839618009109534,1.0,5.119541289100497e-05
-17.922501014649406,0.007839618009109534,1.0,5.119541289100497e-05
-17.881065348878874,0.007839618009109534,1.0,5.119541289100497e-05
-17.839629683108342,0.007839618009109534,1.0,5.119541289100497e-05
-17.798194017337806,0.007839618009109534,1.0,5.119541289100497e-05
-17.756758351567274,0.007839618009109534,1.0,5.119541289100497e-05
-17.715322685796743,0.007839618009109534,1.0,5.119541289100497e-05
-17.67388702002621,0.007839618009109534,1.0,5.119541289100497e-05
-17.63245135425568,0.007839618009109534,1.0,5.119541289100497e-05
-17.591015688485147,0.007839618009109534,1.0,5.119541289100497e-05
-17.54958002271461,0.007839618009109534,1.0,5.119541289100497e-05
-17.50814435694408,0.007839618009109534,1.0,5.119541289100497e-05
-17.466708691173547,0.007839618009109534,1.0,5.119541289100497e-05
-17.425273025403015,0.007839618009109534,1.0,5.119541289100497e-05
-17.383837359632484,0.007839618009109534,1.0,5.119541289100497e-05
-17.34240169386195,0.007839618009109534,1.0,5.119541289100497e-05
-17.300966028091416,0.007839618009109534,1.0,5.119541289100497e-05
-17.259530362320884,0.007839618009109534,1.0,5.119541289100497e-05
-17.218094696550352,0.007839618009109534,1.0,5.119541289100497e-05
-17.17665903077982,0.007839618009109534,1.0,5.119541289100497e-05
-17.13522336500929,0.007839618009109534,1.0,5.119541289100497e-05
-17.093787699238757,0.007839618009109534,1.0,5.119541289100497e-05
-17.05235203346822,0.007839618009109534,1.0,5.119541289100497e-05
-17.01091636769769,0.007839618009109534,1.0,5.119541289100497e-05
-16.969480701927157,0.007839618009109534,1.0,5.119541289100497e-05
-16.928045036156625,0.007839618009109534,1.0,5.119541289100497e-05
-16.886609370386093,0.007839618009109534,1.0,5.119541289100497e-05
-16.84517370461556,0.007839618009109534,1.0,5.119541289100497e-05
-16.803738038845026,0.007839618009109534,1.0,5.119541289100497e-05
-16.762302373074494,0.007839618009109534,1.0,5.119541289100497e-05
-16.720866707303962,0.007839618009109534,1.0,5.119541289100497e-05
-16.67943104153343,0.007839750753496563,1.0,6.826055052133995e-05
-16.637995375762898,0.007839750753496563,1.0,6.826055052133995e-05
-16.596559709992366,0.007839750753496563,1.0,6.826055052133995e-05
-16.555124044221834,0.007839750753496563,1.0,6.826055052133995e-05
-16.5136883784513,0.007839750753496563,1.0,6.826055052133995e-05
-16.472252712680767,0.007839750753496563,1.0,6.826055052133995e-05
-16.430817046910235,0.007839750753496563,1.0,6.826055052133995e-05
-16.389381381139703,0.007839750753496563,1.0,6.826055052133995e-05
-16.34794571536917,0.007839750753496563,1.0,6.826055052133995e-05
-16.306510049598636,0.007839750753496563,1.0,6.826055052133995e-05
-16.265074383828104,0.007839750753496563,1.0,6.826055052133995e-05
-16.223638718057572,0.007839883502379057,1.0,8.532568815167494e-05
-16.18220305228704,0.007839883502379057,1.0,8.532568815167494e-05
-16.140767386516508,0.007839883502379057,1.0,8.532568815167494e-05
-16.099331720745976,0.007839883502379057,1.0,8.532568815167494e-05
-16.057896054975444,0.007839883502379057,1.0,8.532568815167494e-05
-16.01646038920491,0.007839883502379057,1.0,8.532568815167494e-05
-15.975024723434377,0.007839883502379057,1.0,8.532568815167494e-05
-15.933589057663845,0.007839883502379057,1.0,8.532568815167494e-05
-15.892153391893313,0.007839883502379057,1.0,8.532568815167494e-05
-15.850717726122781,0.007839883502379057,1.0,8.532568815167494e-05
-15.809282060352247,0.007839883502379057,1.0,8.532568815167494e-05
-15.767846394581715,0.007840016255757247,1.0,0.00010239082578200994
-15.726410728811182,0.007840016255757247,1.0,0.00010239082578200994
-15.68497506304065,0.007840016255757247,1.0,0.00010239082578200994
-15.643539397270118,0.007840016255757247,1.0,0.00010239082578200994
-15.602103731499586,0.007840016255757247,1.0,0.00010239082578200994
-15.560668065729052,0.007840149013631361,1.0,0.00011945596341234492
-15.51923239995852,0.007840281776001625,1.0,0.0001365211010426799
-15.477796734187987,0.007840281776001625,1.0,0.0001365211010426799
-15.436361068417455,0.007840281776001625,1.0,0.0001365211010426799
-15.394925402646923,0.007840281776001625,1.0,0.0001365211010426799
-15.35348973687639,0.007840547314231524,1.0,0.00017065137630334988
-15.312054071105857,0.007840547314231524,1.0,0.00017065137630334988
-15.270618405335325,0.007840547314231524,1.0,0.00017065137630334988
-15.229182739564791,0.007840680090091616,1.0,0.00018771651393368488
-15.18774707379426,0.007840680090091616,1.0,0.00018771651393368488
-15.146311408023728,0.007840680090091616,1.0,0.00018771651393368488
-15.104875742253196,0.007840680090091616,1.0,0.00018771651393368488
-15.063440076482662,0.007840812870448773,1.0,0.00020478165156401988
-15.02200441071213,0.007840945655303223,1.0,0.00022184678919435485
-14.980568744941596,0.007840945655303223,1.0,0.00022184678919435485
-14.939133079171064,0.007841078444655196,1.0,0.00023891192682468985
-14.897697413400532,0.007841078444655196,1.0,0.00023891192682468985
-14.85626174763,0.00784121123850492,1.0,0.0002559770644550248
-14.814826081859467,0.007841476839698535,1.0,0.0002901073397156948
-14.773390416088935,0.007841476839698535,1.0,0.0002901073397156948
-14.731954750318401,0.007841476839698535,1.0,0.0002901073397156948
-14.69051908454787,0.007841742458885897,1.0,0.00032423761497636476
-14.649083418777337,0.007842008096068833,1.0,0.00035836789023703476
-14.607647753006805,0.007842273751249174,1.0,0.00039249816549770476
-14.566212087236272,0.00784267226776882,1.0,0.0004436935783887097
-14.52477642146574,0.007842937967950672,1.0,0.0004778238536493797
-14.483340755695206,0.007843070824792912,1.0,0.0004948889912797146
-14.441905089924674,0.007843070824792912,1.0,0.0004948889912797146
-14.400469424154142,0.007843203686136333,1.0,0.0005119541289100496
-14.35903375838361,0.007843336551981163,1.0,0.0005290192665403846
-14.317598092613077,0.00784346942232763,1.0,0.0005460844041707196
-14.276162426842545,0.007844133841592545,1.0,0.0006314100923223946
-14.234726761072011,0.007844133841592545,1.0,0.0006314100923223946
-14.193291095301479,0.007844133841592545,1.0,0.0006314100923223946
-14.151855429530947,0.007844399640817986,1.0,0.0006655403675830645
-14.110419763760415,0.007844665458057301,1.0,0.0006996706428437345
-14.068984097989883,0.007845064217696296,1.0,0.0007508660557347395
-14.02754843221935,0.007845064217696296,1.0,0.0007508660557347395
-13.986112766448816,0.007845463017876812,1.0,0.0008020614686257445
-13.944677100678284,0.00784586185860503,1.0,0.0008532568815167494
-13.903241434907752,0.007845994814526105,1.0,0.0008703220191470844
-13.86180576913722,0.007846393709327548,1.0,0.0009215174320380894
-13.820370103366688,0.007846393709327548,1.0,0.0009215174320380894
-13.778934437596154,0.007846393709327548,1.0,0.0009215174320380894
-13.73749877182562,0.007847324621616582,1.0,0.0010409733954504343
-13.696063106055089,0.007848122722264598,1.0,0.0011433642212324443
-13.654627440284557,0.007849320177669277,1.0,0.001296950459905459
-13.613191774514025,0.007849719410677653,1.0,0.001348145872796464
-13.571756108743493,0.007850917353409977,1.0,0.001501732111469479
-13.53032044297296,0.007851716185049519,1.0,0.001604122937251489
-13.488884777202426,0.007853047932426473,1.0,0.0017747743135548388
-13.447449111431894,0.007853314336115068,1.0,0.0018089045888155088
-13.406013445661362,0.007853980424420282,1.0,0.0018942302769671838
-13.36457777989083,0.00785464662572524,1.0,0.0019795559651188586
-13.323142114120298,0.007855312940058702,1.0,0.0020648816532705338
-13.281706448349764,0.007856379278163338,1.0,0.0022014027543132133
-13.24027078257923,0.007857312561517836,1.0,0.0023208587177255585
-13.198835116808699,0.007858779597725537,1.0,0.0025085752316592433
-13.157399451038167,0.00785917979359044,1.0,0.002559770644550248
-13.115963785267635,0.007859980307608733,1.0,0.002662161470332258
-13.074528119497103,0.00786118138445082,1.0,0.0028157477090052733
-13.033092453726569,0.007862783391356033,1.0,0.003020529360569293
-12.991656787956037,0.007864653224847548,1.0,0.003259441287393983
-12.950221122185503,0.007866390295286962,1.0,0.0034812880765883376
-12.908785456414972,0.007868261844877983,1.0,0.0037202000034130276
-12.86734979064444,0.00786959921134038,1.0,0.0038908513797163776
-12.825914124873908,0.007872007616974973,1.0,0.0041980238570624075
-12.784478459103374,0.007873881840753716,1.0,0.004436935783887097
-12.743042793332842,0.00787535507135446,1.0,0.004624652297820782
-12.701607127562308,0.00787696286088569,1.0,0.004829433949384802
-12.660171461791776,0.007880180410177857,1.0,0.005238997252512842
-12.618735796021245,0.00788272950149823,1.0,0.005563234867489207
-12.577300130250713,0.007885414537775052,1.0,0.005904537620095906
-12.535864464480179,0.007888101403843533,1.0,0.006245840372702606
-12.494428798709647,0.00789038668007294,1.0,0.006535947712418301
-12.452993132939113,0.007894422752306092,1.0,0.00704790184132835
-12.411557467168581,0.007896577012944928,1.0,0.00732094404341371
-12.37012180139805,0.007899136725014501,1.0,0.007645181658390075
-12.328686135627517,0.007886112249078247,0.9978401727861771,0.00814007064966979
-12.287250469856984,0.00788947898700456,0.9978401727861771,0.008566699090428164
-12.245814804086452,0.007892444095187658,0.9978401727861771,0.008942132118295533
-12.204379138315918,0.007879533723036954,0.9956803455723542,0.009454086247205585
-12.162943472545386,0.007883306542631417,0.9956803455723542,0.009931910100854964
-12.121507806774854,0.007888162622771295,0.9956803455723542,0.010546255055547023
-12.080072141004322,0.00789207881807132,0.9956803455723542,0.011041144046826738
-12.038636475233789,0.007897622147605017,0.9956803455723542,0.011740814689670472
-11.997200809463257,0.007902089511304616,0.9956803455723542,0.012303964231471527
-11.955765143692723,0.007906697538804562,0.9956803455723542,0.012884178910902917
-11.914329477922191,0.007911854051178197,0.9956803455723542,0.013532654140855646
-11.87289381215166,0.007917425205234774,0.9956803455723542,0.01423232478369938
-11.831458146381127,0.007922868043859348,0.9956803455723542,0.01491493028891278
-11.790022480610594,0.00790962394896573,0.9935205183585313,0.01539275414256216
-11.748586814840062,0.007916430034247164,0.9935205183585313,0.01624601102407891
-11.707151149069528,0.007904525728456293,0.9913606911447084,0.01689448625403164
-11.665715483298996,0.007909974495071345,0.9913606911447084,0.017577091759245038
-11.624279817528464,0.007915294279949645,0.9913606911447084,0.018242632126828102
-11.582844151757932,0.007920894595154276,0.9913606911447084,0.018942302769671838
-11.5414084859874,0.007926913512019894,0.9913606911447084,0.019693168825406577
-11.499972820216867,0.007932393197843219,0.9913606911447084,0.020375774330619975
-11.458537154446333,0.007939528125648654,0.9913606911447084,0.021263161487397396
-11.4171014886758,0.00794543786459866,0.9913606911447084,0.0219969624055018
-11.375665822905269,0.007953009668364696,0.9913606911447084,0.022935544975170225
-11.334230157134737,0.007962114904246462,0.9913606911447084,0.024061844058772333
-11.292794491364205,0.007970133703768015,0.9913606911447084,0.025051622041331763
-11.251358825593671,0.007977752672286434,0.9913606911447084,0.025990204611000187
-11.209923159823138,0.007986080904741191,0.9913606911447084,0.027014112868820286
-11.168487494052606,0.00799373040752351,0.9913606911447084,0.02795269543848871
-11.127051828282074,0.008003487358326069,0.9913606911447084,0.02914725507261216
-11.085616162511542,0.00801326815642458,0.9913606911447084,0.03034181470673561
-11.04418049674101,0.00802335337715005,0.9913606911447084,0.03157050461611973
-11.002744830970476,0.008032479918800203,0.9913606911447084,0.032679738562091505
-10.961309165199943,0.008044446002313436,0.9913606911447084,0.03413027526066998
-10.91987349942941,0.008054609904186993,0.9913606911447084,0.035358965170054095
-10.878437833658879,0.008064941226081914,0.9913606911447084,0.03660472021706855
-10.837002167888347,0.008075299085151302,0.9913606911447084,0.03785047526408301
-10.795566502117813,0.008088675853804673,0.9913606911447084,0.03945459820133449
-10.754130836347281,0.008101810993045504,0.9913606911447084,0.041024590863325314
-10.71269517057675,0.008114701930556538,0.9913606911447084,0.04256045325005546
-10.671259504806216,0.00812720222391416,0.9913606911447084,0.044045120223894604
-10.629823839035684,0.008140318518781258,0.9913606911447084,0.04559804774825509
-10.588388173265152,0.00815536050602324,0.9913606911447084,0.04737282206180993
-10.546952507494618,0.008171767344976766,0.9913606911447084,0.049301182614037785
-10.505516841724086,0.00818386049994651,0.9913606911447084,0.050717589037355584
-10.464081175953554,0.008197014072433745,0.9913606911447084,0.05225345142408574
-10.42264551018302,0.008214177061149984,0.9913606911447084,0.054250072526834926
-10.381209844412489,0.008230083735274604,0.9913606911447084,0.056093107390911105
-10.339774178641957,0.00824412673324233,0.9913606911447084,0.05771429546579293
-10.298338512871423,0.00826223134247759,0.9913606911447084,0.0597962422566938
-10.256902847100891,0.008276384356010746,0.9913606911447084,0.06141743033157562
-10.215467181330359,0.00829508078215925,0.9913606911447084,0.0635505725353675
-10.174031515559825,0.008315066756037028,0.9913606911447084,0.06582023584020205
-10.132595849789293,0.008332123148417078,0.9913606911447084,0.0677485963924299
-10.091160184018761,0.00833303009351916,0.9892008639308856,0.06988173859622178
-10.049724518248228,0.008352329716421993,0.9892008639308856,0.07204901107527432
-10.008288852477696,0.008371106886971779,0.9892008639308856,0.07414802300380552
-9.966853186707164,0.008375485668206143,0.9870410367170627,0.07665659823546477
-9.92541752093663,0.008396105089105273,0.9870410367170627,0.07894332667792965
-9.883981855166098,0.008417911547458969,0.9870410367170627,0.08134951108380689
-9.842546189395566,0.00843920815482346,0.9870410367170627,0.08368743493916278
-9.801110523625033,0.008463903396673704,0.9870410367170627,0.08638372668475572
-9.7596748578545,0.008485276096401649,0.9870410367170627,0.08870458540248127
-9.718239192083969,0.008502483767139853,0.9870410367170627,0.09056468540418779
-9.676803526313435,0.008529461169488045,0.9870410367170627,0.09346575880134474
-9.635367860542903,0.008552446898100497,0.9870410367170627,0.09592313862011297
-9.593932194772371,0.00855582865827345,0.9848812095032398,0.09826106247546887
-9.55249652900184,0.008578039466506142,0.9848812095032398,0.10061605146845509
-9.511060863231306,0.008603935923319308,0.9848812095032398,0.10334647348930869
-9.469625197460774,0.008632766650259362,0.9848812095032398,0.10636700284987799
-9.428189531690242,0.008661462191577868,0.9848812095032398,0.10935340193518661
-9.386753865919708,0.008689189961698965,0.9848812095032398,0.11222034505708288
-9.345318200149176,0.00871642932237408,0.9848812095032398,0.11501902762845782
-9.303882534378644,0.008742666513286552,0.9848812095032398,0.11769825423642041
-9.26244686860811,0.008752524766759643,0.9827213822894169,0.12063345790883803
-9.221011202837579,0.008764309569313334,0.980561555075594,0.12375637809518934
-9.179575537067047,0.008775158359645895,0.978401727861771,0.12677690745575862
-9.138139871296513,0.0088043224753168,0.978401727861771,0.1296950459905459
-9.096704205525981,0.00883454247601217,0.978401727861771,0.13269851021348486
-9.055268539755449,0.008866532265956822,0.978401727861771,0.13585556067509685
-9.013832873984915,0.008901027646238187,0.978401727861771,0.13923445792590317
-8.972397208214383,0.008909915237532033,0.9762419006479481,0.14199901022201744
-8.930961542443852,0.00894394206225142,0.9762419006479481,0.14529258178467208
-8.889525876673318,0.008976090237508937,0.9762419006479481,0.14838137169576274
-8.848090210902786,0.009009009009009009,0.9762419006479481,0.15152135701974437
-8.806654545132254,0.009043074645379429,0.9762419006479481,0.15474666803187767
-8.76521887936172,0.009053861441792304,0.9740820734341252,0.1576306762914043
-8.723783213591188,0.009072946489777814,0.9719222462203023,0.16128261574429598
-8.682347547820656,0.009114662453667132,0.9719222462203023,0.165156401986382
-8.640911882050123,0.009133256036288928,0.9697624190064795,0.16872301575112203
-8.59947621627959,0.009107616908311212,0.9632829373650108,0.171931261625625
-8.558040550509059,0.009102464225675509,0.958963282937365,0.17517363777538866
-8.516604884738525,0.009141257128739371,0.958963282937365,0.178706121264868
-8.475169218967993,0.00918532003806529,0.958963282937365,0.18268229833273605
-8.433733553197461,0.009180600270017655,0.9546436285097192,0.18594173962013003
-8.392297887426928,0.009179288187925063,0.9503239740820735,0.18950835338487004
-8.350862221656396,0.00921910029962076,0.9503239740820735,0.1930408368743494
-8.309426555885864,0.009234523233555607,0.9481641468682506,0.19623201761122203
-8.26799089011533,0.00927843767172507,0.9481641468682506,0.2000716735780474
-8.226555224344798,0.009319209459316025,0.9481641468682506,0.20360415706752674
-8.185119558574266,0.009359143819554001,0.9481641468682506,0.20703424973122408
-8.143683892803733,0.009381425633995888,0.9460043196544277,0.21073738459700678
-8.1022482270332,0.009424218951717016,0.9460043196544277,0.2143551937746378
-8.060812561262669,0.009468837148972047,0.9460043196544277,0.21809245891568116
-8.019376895492135,0.009488242829537313,0.9438444924406048,0.2214884213041178
-7.977941229721603,0.009529209097450883,0.9438444924406048,0.22486731855492414
-7.936505563951071,0.009553651642307776,0.9416846652267818,0.22863871397122817
-7.895069898180537,0.009600986523385889,0.9416846652267818,0.23247836993805354
-7.8536342324100055,0.009624319660161954,0.9395248380129589,0.2361132442533149
-7.8121985666394735,0.009667955727430323,0.9395248380129589,0.23959453232990324
-7.77076290086894,0.009645225390162764,0.9330453563714903,0.24304169013123092
-7.729327235098408,0.009699582379092011,0.9330453563714903,0.24732503967644498
-7.687891569327876,0.00974949221394719,0.9330453563714903,0.2512158910561614
-7.646455903557342,0.009756540285435527,0.9287257019438445,0.2552261983992901
-7.60502023778681,0.009805486511755182,0.9287257019438445,0.2589805286779638
-7.563584572016278,0.009857637376492973,0.9287257019438445,0.2629396406082015
-7.522148906245745,0.00991423037904639,0.9287257019438445,0.26718885987815494
-7.480713240475213,0.00996523754345307,0.9287257019438445,0.2709773204320893
-7.439277574704681,0.010018872760315944,0.9287257019438445,0.2749193672246967
-7.397841908934147,0.010005623769800355,0.9222462203023758,0.2790150002559771
-7.356406243163615,0.0100336811362084,0.9200863930885529,0.2827352002593901
-7.314970577393083,0.010088332109787577,0.9200863930885529,0.28666018191436715
-7.27353491162255,0.0101421327048068,0.9200863930885529,0.29048277274356216
-7.232099245852018,0.010177203065134099,0.91792656587473,0.29461253605010324
-7.190663580081486,0.01023208782742681,0.91792656587473,0.2984351268792983
-7.149227914310952,0.010240890933301054,0.9136069114470843,0.302343043396645
-7.10779224854042,0.010251789801782497,0.9092872570194385,0.3063874810150344
-7.066356582769888,0.010314077122837963,0.9092872570194385,0.31061963514735746
-7.024920916999356,0.010381220101592937,0.9092872570194385,0.3151248314817659
-6.983485251228823,0.010420284821118444,0.9071274298056156,0.31933992047645865
-6.942049585458291,0.010459572131106617,0.9049676025917927,0.32353794433352107
-6.900613919687759,0.01049961066037025,0.9028077753779697,0.3277530333282138
-6.859178253917225,0.010509827699459351,0.8984881209503239,0.3316268195702998
-6.817742588146693,0.010542359964435413,0.896328293736501,0.3353128892984522
-6.776306922376161,0.010577684662357239,0.8941684665226782,0.33915254526527755
-6.7348712566056275,0.010622154779969651,0.8920086393088553,0.34353828563627364
-6.6934355908350955,0.010660318774580832,0.8898488120950324,0.3474973975665114
-6.651999925064564,0.010721628021963723,0.8898488120950324,0.3512687929828154
-6.61056425929403,0.010762261384168217,0.8876889848812095,0.3553132306012048
-6.569128593523498,0.010801127532337522,0.8855291576673866,0.3592211471185515
-6.527692927752966,0.010842766628668381,0.8833693304535637,0.3632655847369409
-6.486257261982432,0.010922978314282662,0.8833693304535637,0.3679926278605437
-6.4448215962119,0.010942919366547468,0.8790496760259179,0.3722418471304971
-6.4033859304413685,0.011017568555263799,0.8790496760259179,0.37654226181334155
-6.361950264670835,0.01100427641434914,0.8725701943844493,0.3803819177801669
-6.320514598900303,0.011044121677171828,0.8704103671706264,0.3841703783341013
-6.279078933129771,0.011085679618343766,0.8682505399568035,0.38802709943855695
-6.237643267359237,0.011127452340649888,0.8660907127429806,0.39186675540538235
-6.196207601588705,0.011144628791687615,0.8617710583153347,0.3958429324732504
-6.154771935818173,0.01121731796457689,0.8617710583153347,0.3998020444034881
-6.11333627004764,0.01126075147125396,0.8596112311015118,0.4036417003703135
-6.071900604277108,0.011329993167843316,0.8596112311015118,0.4073277700984658
-6.030464938506576,0.01131675452670181,0.8531317494600432,0.4110991655147699
-5.989029272736042,0.011306931264241829,0.8466522678185745,0.4150582774450076
-5.94759360696551,0.011353737150821767,0.8444924406047516,0.41898325909998463
-5.906157941194978,0.0113134738503815,0.8358531317494601,0.4228570453420707
-5.864722275424445,0.011360291953617046,0.8336933045356372,0.42674789672178703
-5.823286609653913,0.011404028436018957,0.8315334773218143,0.43045103158756975
-5.781850943883381,0.011483282130819936,0.8315334773218143,0.4344272086554378
-5.740415278112847,0.011569900228392835,0.8315334773218143,0.4387105582006519
-5.698979612342315,0.011586398838334946,0.8272138228941684,0.4424307582040649
-5.657543946571783,0.011599939107931192,0.8228941684665226,0.4459973719688049
-5.6161082808012495,0.011612942762593455,0.8185745140388769,0.4495298554582843
-5.5746726150307175,0.011606371156932955,0.8120950323974082,0.4535742930766737
-5.533236949260186,0.011581692852263554,0.8056155507559395,0.4567654738135463
-5.491801283489652,0.011633725293970477,0.8034557235421166,0.460673390330893
-5.45036561771912,0.011680256902685515,0.8012958963282938,0.46429119950852404
-5.408929951948588,0.011733739257286017,0.7991360691144709,0.4681991160258708
-5.367494286178054,0.011781985376289154,0.796976241900648,0.4718339903411321
-5.326058620407522,0.011777956556717619,0.7904967602591793,0.47594668851004285
-5.2846229546369905,0.011856555120023324,0.7904967602591793,0.47946210686189183
-5.243187288866457,0.011882998171846435,0.7861771058315334,0.4834724142050206
-5.201751623095925,0.01194393261384575,0.7840172786177105,0.48755098209867065
-5.160315957325393,0.011906341204563544,0.775377969762419,0.49157835457942967
-5.118880291554859,0.011954852067054031,0.7732181425485961,0.4950767077936484
-5.077444625784327,0.011975645036498806,0.7688984881209503,0.49877984265943104
-5.036008960013795,0.011986997155627793,0.7645788336933045,0.5020734142220857
-4.994573294243262,0.01207078801104784,0.7645788336933045,0.5055717674363044
-4.95313762847273,0.012128083556654986,0.7624190064794817,0.509326097714978
-4.911701962702198,0.012114918656974732,0.755939524838013,0.5129609720302394
-4.870266296931664,0.012140240711669283,0.7516198704103672,0.5167664977218042
-4.828830631161132,0.01210202286719437,0.7429805615550756,0.5207938702025632
-4.7873949653906,0.012205073620720241,0.7429805615550756,0.5248895032338435
-4.745959299620067,0.01218074656188605,0.7365010799136069,0.5280806839707162
-4.704523633849535,0.012239902080783354,0.734341252699784,0.5317667536988686
-4.663087968079003,0.012218113262272496,0.7278617710583153,0.5350603252615233
-4.621652302308469,0.012311851527107993,0.7278617710583153,0.5386440041638936
-4.580216636537937,0.012387553458192008,0.7257019438444925,0.5428590931585863
-4.538780970767405,0.012478645175666643,0.7257019438444925,0.5462379904093927
-4.4973453049968715,0.012544937088076693,0.7235421166306696,0.5500093858256967
-4.4559096392263395,0.012655836796373252,0.7235421166306696,0.554002628031195
-4.414473973455808,0.012750732691356145,0.7235421166306696,0.557364460144371
-4.373038307685274,0.012858897589436511,0.7235421166306696,0.5611358555606751
-4.331602641914742,0.012918697300224337,0.7213822894168467,0.5644976876738511
-4.29016697614421,0.013020934856340883,0.7213822894168467,0.5679619106128091
-4.248731310373678,0.013121194264388136,0.7213822894168467,0.5713066775883547
-4.207295644603144,0.013184985745961355,0.7192224622030238,0.574685574839161
-4.1658599788326125,0.013219905743270229,0.714902807775378,0.5783716445673134
-4.124424313062081,0.013263454948599073,0.7105831533477321,0.5823136913599208
-4.082988647291547,0.013378878451465983,0.7105831533477321,0.5859656308128125
-4.041552981521015,0.01338792221084954,0.7062634989200864,0.5887643133841874
-4.000117315750483,0.013497894823743086,0.7062634989200864,0.5921602757726241
-3.9586816499799493,0.013565246338215712,0.7041036717062635,0.5954538473352787
-3.9172459842094174,0.01358946397114336,0.6997840172786177,0.5986620932097817
-3.8758103184388855,0.013655773052044138,0.6976241900647948,0.6018703390842847
-3.8343746526683518,0.013772812553300358,0.6976241900647948,0.6053004317479821
-3.79293898689782,0.013879339979374355,0.6976241900647948,0.6083721565214424
-3.751503321127288,0.013946034908397938,0.6954643628509719,0.6114780115701633
-3.710067655356754,0.014057452195931196,0.6954643628509719,0.6146009317565146
-3.6686319895862223,0.014118578465869107,0.693304535637149,0.6174849400160413
-3.6271963238156903,0.014253996447602132,0.693304535637149,0.6211710097441936
-3.5857606580451566,0.014373348855953073,0.693304535637149,0.6243621904810662
-3.5443249922746247,0.01441351888667992,0.6889848812095032,0.6277581528695029
-3.502889326504093,0.014439939871543753,0.6846652267818575,0.6307786822300722
-3.461453660733559,0.014547957778797613,0.6846652267818575,0.6335602996638168
-3.420017994963027,0.014576584914391486,0.6803455723542117,0.6365978941620164
-3.3785823291924952,0.014652356509566028,0.6781857451403888,0.6396525537978464
-3.3371466634219615,0.014732878324311603,0.6760259179265659,0.642792539121828
-3.2957109976514296,0.014768733972836927,0.67170626349892,0.64594958958344
-3.2542753318808977,0.014794599253088193,0.6673866090712743,0.6488506629805969
-3.212839666110364,0.014727896083828287,0.6587473002159827,0.6518029317906449
-3.171404000339832,0.014852690528366203,0.6587473002159827,0.6547722657383231
-3.1299683345693,0.014881390894356859,0.6544276457883369,0.6577074694107408
-3.0885326687987664,0.015001485295573819,0.6544276457883369,0.6604890868444854
-3.0470970030282345,0.015118251671489872,0.6544276457883369,0.6631512483148176
-3.0056613372577026,0.015227661071464468,0.6544276457883369,0.6656086281335859
-2.964225671487169,0.01528804292801458,0.652267818574514,0.6680489428147238
-2.9227900057166387,0.015355575961636567,0.6501079913606912,0.6706257785969044
-2.8813543399461032,0.015419407894736841,0.6479481641468683,0.673100223553303
-2.8399186741755713,0.015501866445458316,0.6457883369330454,0.6759501015375688
-2.7984830084050394,0.01562744995557414,0.6457883369330454,0.6785951978702708
-2.7570473426345075,0.015690817186183655,0.6436285097192225,0.6809843171385177
-2.7156116768639755,0.015809018567639256,0.6436285097192225,0.6834075666820253
-2.6741760110934436,0.01594350222031994,0.6436285097192225,0.6861209235652486
-2.632740345322908,0.016041047799081824,0.6414686825053996,0.6891073226505572
-2.591304679552376,0.01611410528607981,0.6393088552915767,0.6915817676069558
-2.5498690137818443,0.01618922181977829,0.6371490280777538,0.6940732777009847
-2.5084333480113123,0.016261961391669893,0.6349892008639308,0.6964965272444922
-2.4669976822407804,0.016169500975745748,0.6263498920086393,0.6988856465127391
-2.4255620164702485,0.01623960440548438,0.6241900647948164,0.7012406355057254
-2.384126350699713,0.016360960144927536,0.6241900647948164,0.7034932336729296
-2.342690684929181,0.016439294480278553,0.6220302375809935,0.7059506134916979
-2.301255019158649,0.016459484346224677,0.6177105831533477,0.708356797897575
-2.2598193533881172,0.016538037486218304,0.6155507559395248,0.7107800474410826
-2.2183836876175853,0.01651053864168618,0.6090712742980562,0.7133398180856328
-2.1769480218470534,0.016603639801465373,0.6069114470842333,0.7159849144183348
-2.135512356076518,0.016626936829559,0.6025917926565875,0.7184081639618424
-2.094076690305986,0.01668968001440836,0.6004319654427646,0.7204901107527433
-2.052641024535454,0.01682503177389094,0.6004319654427646,0.7227768391952081
-2.011205358764922,0.016894364479141253,0.5982721382289417,0.7249270465366303
-1.9697696929943902,0.016963736939151812,0.5961123110151187,0.7270601887404222
-1.9283340272238583,0.017031027435436923,0.593952483801296,0.729142135531323
-1.8868983614533228,0.017113234651177315,0.591792656587473,0.7314459291114183
-1.8454626956827909,0.01725766832525036,0.591792656587473,0.7337326575538832
-1.804027029912259,0.01740234995236583,0.591792656587473,0.7359852557210874
-1.762591364141727,0.017536,0.591792656587473,0.7380330722367275
-1.721155698371195,0.01749967712772827,0.5853131749460043,0.7403539309544531
-1.6797200326006632,0.01762486992715921,0.5853131749460043,0.74223109609379
-1.6382843668301277,0.017708401652784155,0.5831533477321814,0.7444154337104729
-1.5968487010595958,0.017774547376767542,0.5809935205183585,0.7463267291250704
-1.5554130352890638,0.017932137857476167,0.5809935205183585,0.7485963924299049
-1.513977369518532,0.018013173813684634,0.5788336933045356,0.7506783392208058
-1.472541703748,0.018099240780911064,0.5766738660907127,0.7528114814245976
-1.431106037977468,0.01817560642295866,0.5745140388768899,0.7547910373897165
-1.3896703722069326,0.01817180616740088,0.5701943844492441,0.7565828768409018
-1.3482347064364006,0.018325697625989172,0.5701943844492441,0.7586648236318025
-1.3067990406658687,0.018395467580611318,0.5680345572354212,0.7605078584958788
-1.2653633748953368,0.018549865989561293,0.5680345572354212,0.7625386098738887
-1.2239277091248049,0.01858312566749733,0.5637149028077754,0.7647741429034625
-1.182492043354273,0.018672795173800633,0.5615550755939525,0.7668219594191027
-1.1410563775837375,0.01881331403762663,0.5615550755939525,0.7685967337326576
-1.0996207118132055,0.018896833503575076,0.5593952483801296,0.7705250942848854
-1.0581850460426736,0.018917924181082076,0.5550755939524838,0.7725558456628953
-1.0167493802721417,0.018995325369147435,0.5529157667386609,0.7743818153893411
-0.9753137145016098,0.018924377290747252,0.5464362850971922,0.7761736548405263
-0.9338780487310778,0.01909433962264151,0.5464362850971922,0.7782044062185361
-0.8924423829605423,0.019198537254304433,0.5442764578833693,0.7803034181470674
-0.8510067171900104,0.01927359287414574,0.5421166306695464,0.7820440621853615
-0.8095710514194785,0.019275429633070135,0.5377969762419006,0.783801771361286
-0.7681353856489466,0.01942580745826182,0.5377969762419006,0.7855082851243196
-0.7266997198784146,0.019584709768758847,0.5377969762419006,0.7872830594378744
-0.6852640541078827,0.01966849076056785,0.5356371490280778,0.7890578337514292
-0.6438283883373472,0.019744204636290966,0.5334773218142549,0.790730217239202
-0.6023927225668153,0.01982751672442976,0.531317494600432,0.7924708612774962
-0.5609570567962834,0.019855155016681586,0.5269978401727862,0.7944504172426151
-0.5195213910257515,0.019931102362204724,0.5248380129589633,0.7960886704551272
-0.47808572525521953,0.019846192011907716,0.5183585313174947,0.7977269236676394
-0.4366500594846876,0.020016680567139282,0.5183585313174947,0.7994846328435639
-0.3952143937141521,0.020179937778525184,0.5183585313174947,0.8011399511937064
-0.3537787279436202,0.02024565861922914,0.5161987041036717,0.8026246181675455
-0.31234306217308827,0.020314100375554797,0.5140388768898488,0.804126350279015
-0.27090739640255634,0.020459038940943867,0.5140388768898488,0.8055427567023328
-0.22947173063202442,0.020606060606060607,0.5140388768898488,0.8069591631256506
-0.1880360648614925,0.020684238086926165,0.5118790496760259,0.8085120906500111
-0.14660039909096056,0.020747252747252747,0.509719222462203,0.8099114319356986
-0.10516473332042509,0.020914569301666075,0.509719222462203,0.811464359460059
-0.06372906754989316,0.02106578595019191,0.509719222462203,0.8128466356081162
-0.022293401779361233,0.021219205178924654,0.509719222462203,0.8142289117561733
0.019142263991170694,0.021292017758448852,0.5075593952483801,0.8156623833171215
0.06057792976170262,0.021325279150649825,0.5032397408207343,0.8175224833188279
0.10201359553223455,0.021439792995102118,0.5010799136069114,0.8192972576323828
0.14344926130277003,0.02142524452724732,0.49676025917926564,0.8207307291933309
0.18488492707330195,0.021594216505492442,0.49676025917926564,0.8221642007542791
0.22632059284383388,0.021726808993009637,0.49676025917926564,0.8232734347002508
0.2677562586143658,0.02188183807439825,0.49676025917926564,0.824553320022526
0.30919192438489773,0.021855828220858894,0.4924406047516199,0.8258673356200618
0.35062759015542966,0.022011971423054645,0.4924406047516199,0.8271301558047066
0.39206325592596514,0.022073123298327498,0.490280777537797,0.828375910851721
0.43349892169649706,0.022156862745098038,0.48812095032397407,0.8297923172750388
0.474934587467029,0.022323192414065586,0.48812095032397407,0.8310892677349443
0.5163702532375609,0.022370252535295287,0.48596112311015116,0.832198501680916
0.5578059190080928,0.022465148931902518,0.4838012958963283,0.8336661035171249
0.5992415847786248,0.022607993540573273,0.4838012958963283,0.834741207187836
0.6406772505491602,0.022676428716697172,0.4816414686825054,0.8359869622348505
0.6821129163196922,0.02265737133483699,0.4773218142548596,0.8373180429700166
0.7235485820902241,0.022863645768673703,0.4773218142548596,0.8388197750814861
0.764984247860756,0.02294774173359758,0.47516198704103674,0.8401508558166522
0.806419913631288,0.022925649384793353,0.4708423326133909,0.8414478062765576
0.8478555794018199,0.023090774282385342,0.4708423326133909,0.8426082356354204
0.8892912451723554,0.0232582951029553,0.4708423326133909,0.8437686649942832
0.9307269109428873,0.02334839681514956,0.468682505399568,0.8450997457294493
0.9721625767134192,0.023132059079061684,0.46004319654427644,0.8464990870151368
1.0135982424839511,0.02328123292163078,0.46004319654427644,0.8475059301353265
1.055033908254483,0.02330951072017592,0.45788336933045354,0.8484103824297343
1.096469574025015,0.023369143869753018,0.4557235421166307,0.849519616375706
1.1379052397955505,0.02347155471107634,0.4535637149028078,0.8509018925237632
1.1793409055660824,0.02363268062120189,0.4535637149028078,0.8519428659192136
1.2207765713366143,0.02382032667876588,0.4535637149028078,0.853137425553337
1.2622122371071463,0.023964395754878465,0.4535637149028078,0.8540418778477449
1.3036479028776782,0.024047865608100332,0.4514038876889849,0.8552535026194986
1.34508356864821,0.02400278293135436,0.4470842332613391,0.8563627365654704
1.3865192344187456,0.024207695006431995,0.4470842332613391,0.8576084916124849
1.4279549001892775,0.024378753974796843,0.4470842332613391,0.8586323998703049
1.4693905659598094,0.024531879592320456,0.4470842332613391,0.8595368521647128
1.5108262317303414,0.024602890242445958,0.4449244060475162,0.8606290209730542
1.5522618975008733,0.024683925346177003,0.4427645788336933,0.8617723851942866
1.5936975632714052,0.02476629840961515,0.4406047516198704,0.8629157494155191
1.6351332290419407,0.024816625916870415,0.43844492440604754,0.8638713971228178
1.6765688948124726,0.024837083487028157,0.43628509719222464,0.8646563934538132
1.7180045605830045,0.025,0.43628509719222464,0.865560845748221
1.7594402263535365,0.02505609573672401,0.43412526997840173,0.8665335585931501
1.8008758921240684,0.02501571338780641,0.4298056155507559,0.8676427925391218
1.8423115578946003,0.02481326750221547,0.42332613390928725,0.8685472448335296
1.8837472236651358,0.024996811631169492,0.42332613390928725,0.869537022816089
1.9251828894356677,0.025209003215434084,0.42332613390928725,0.8706633218996911
1.9666185552061997,0.025345920082762187,0.42332613390928725,0.8713800576801652
2.0080542209767316,0.02553745928338762,0.42332613390928725,0.8723698356627246
2.0494898867472635,0.025311475409836064,0.4168466522678186,0.8731718971313503
2.0909255525177954,0.02536997885835095,0.4146868250539957,0.8741275448386491
2.132361218288331,0.02552512629619782,0.4146868250539957,0.8749125411696446
2.173796884058863,0.025568942436412317,0.41252699784017277,0.8757828631887916
2.2152325498293948,0.02575512405609493,0.41252699784017277,0.8767043806208297
2.2566682155999267,0.02595108695652174,0.41252699784017277,0.8776600283281285
2.2981038813704586,0.025991792065663474,0.4103671706263499,0.8784962200720149
2.3395395471409905,0.026203282305888843,0.4103671706263499,0.8795030631922046
2.3809752129115225,0.026239067055393587,0.408207343412527,0.8803051246608304
2.422410878682058,0.02645947081058379,0.408207343412527,0.8813290329186505
2.46384654445259,0.02647141650239369,0.4060475161987041,0.8820116384238639
2.505282210223122,0.02661758459578083,0.4060475161987041,0.8826771787914469
2.5467178759936537,0.026815004992155184,0.4060475161987041,0.8835645659482244
2.5881535417641857,0.02699985638374264,0.4060475161987041,0.8843836925544805
2.6295892075347176,0.027179413040335405,0.4060475161987041,0.8851686888854758
2.671024873305253,0.027357392316647265,0.4060475161987041,0.8859366200788409
2.712460539075785,0.027638929726551013,0.4060475161987041,0.8871311797129644
2.753896204846317,0.02754739336492891,0.4017278617710583,0.8879503063192205
2.795331870616849,0.027798535345987148,0.4017278617710583,0.8889912797146708
2.8367675363873808,0.02795731249060574,0.4017278617710583,0.8896397549446237
2.8782032021579127,0.02802605665808211,0.39956803455723544,0.8905100769637707
2.919638867928448,0.02826585179526356,0.39956803455723544,0.8914657246710694
2.96107453369898,0.02798708288482239,0.3930885529157667,0.8921312650386526
3.002510199469512,0.028155940594059407,0.3930885529157667,0.8927968054062356
3.043945865240044,0.028076743097800654,0.38876889848812096,0.8936671274253827
3.085381531010576,0.028292989625903806,0.38876889848812096,0.8945033191692691
3.126817196781108,0.028318304065812372,0.38660907127429806,0.8951859246744825
3.1682528625516433,0.028516807392066273,0.38660907127429806,0.8959367907302173
3.209688528322175,0.028438303341902314,0.38228941684665224,0.8968071127493643
3.251124194092707,0.02848818387827776,0.3801295896328294,0.8975750439427294
3.292559859863239,0.028464541314248536,0.3779697624190065,0.8980699329340092
3.333995525633771,0.028646259616958585,0.3779697624190065,0.8987354733015922
3.375431191404303,0.02867974287127081,0.3758099352051836,0.8994351439444359
3.4168668571748384,0.028855721393034824,0.3758099352051836,0.9000665540367583
3.4583025229453703,0.028857381150959132,0.37365010799136067,0.9006467687161896
3.4997381887159023,0.029007377598926895,0.37365010799136067,0.9011757879827301
3.541173854486434,0.02915894151356818,0.37365010799136067,0.9017048072492705
3.582609520256966,0.029206996094413313,0.3714902807775378,0.9024386081673749
3.624045186027498,0.029436933082320725,0.3714902807775378,0.9032236044983702
3.6654808517980335,0.029518384256861728,0.3693304535637149,0.9040597962422567
3.7069165175685654,0.029713292788879235,0.3693304535637149,0.9047082714722094
3.7483521833390974,0.029895104895104895,0.3693304535637149,0.9053055512892711
3.7897878491096293,0.03008974133380257,0.3693304535637149,0.9059369613815935
3.831223514880161,0.030238726790450927,0.3693304535637149,0.9064147852352429
3.872659180650693,0.030475851006950633,0.3693304535637149,0.9071656512909777
3.9140948464212286,0.030303030303030304,0.3650107991360691,0.9077117356951484
3.9555305121917606,0.030532971996386632,0.3650107991360691,0.9084284714756224
3.9969661779622925,0.03056768558951965,0.36285097192224625,0.9090769467055752
4.038401843732824,0.03060850439882698,0.36069114470842334,0.9097424870731582
4.079837509503356,0.030817494002583504,0.36069114470842334,0.9103738971654807
4.121273175273888,0.031012070566388116,0.36069114470842334,0.910954111844912
4.162708841044424,0.031209119790693327,0.36069114470842334,0.9115343265243434
4.204144506814956,0.031185421754649632,0.35853131749460043,0.9119950852403624
4.245580172585488,0.0313148462554235,0.35853131749460043,0.9123705182682298
4.2870158383560195,0.0315289648622982,0.35853131749460043,0.9129848632229219
4.328451504126551,0.03154875717017208,0.3563714902807775,0.9135650779023533
4.369887169897083,0.031749086011160284,0.3563714902807775,0.9141282274441543
4.411322835667619,0.031945788964181994,0.3563714902807775,0.914674311848325
4.452758501438151,0.03216374269005848,0.3563714902807775,0.9152715916653867
4.494194167208683,0.03235294117647059,0.3563714902807775,0.9157835457942969
4.535629832979215,0.03251872290106425,0.3563714902807775,0.9162272393726856
4.5770654987497466,0.03271861986912552,0.3563714902807775,0.9167562586392259
4.6185011645202785,0.03292755936938735,0.3563714902807775,0.9173023430433966
4.659936830290814,0.03317916750452443,0.3563714902807775,0.9179508182733493
4.701372496061346,0.03340080971659919,0.3563714902807775,0.9185139678151504
4.742808161831878,0.03365286559249439,0.3563714902807775,0.9191453779074729
4.78424382760241,0.03347022587268994,0.35205183585313177,0.9196743971740132
4.825679493372942,0.03365682428246954,0.35205183585313177,0.9201351558900323
4.867115159143474,0.03366583541147132,0.34989200863930886,0.9206471100189423
4.9085508249140055,0.033884124660112945,0.34989200863930886,0.9211761292854826
4.949986490684541,0.034105263157894736,0.34989200863930886,0.9217051485520231
4.991422156455073,0.03437301082113304,0.34989200863930886,0.9223365586443455
5.032857822225605,0.034585824081981215,0.34989200863930886,0.9228314476356252
5.074293487996137,0.03454935622317597,0.34773218142548595,0.9232239458011229
5.115729153766669,0.03433383718419348,0.3434125269978402,0.9236847045171419
5.157164819537201,0.03417501088376143,0.3390928725701944,0.9242819843342036
5.198600485307736,0.03412073490813648,0.3369330453563715,0.9246403522244407
5.240036151078268,0.034346103038309116,0.3369330453563715,0.9251523063533508
5.2814718168488,0.034513274336283185,0.3369330453563715,0.9255277393812181
5.322907482619332,0.034229828850855744,0.3326133909287257,0.9258519769961945
5.364343148389864,0.034367328721267576,0.3326133909287257,0.9261591494735405
5.405778814160396,0.03459119496855346,0.3326133909287257,0.9266540384648202
5.447214479930931,0.03473161930536761,0.3326133909287257,0.9269612109421662
5.488650145701463,0.03495233772128915,0.3326133909287257,0.9274390347958156
5.530085811471995,0.035240274599542334,0.3326133909287257,0.9280533797505077
5.571521477242527,0.03522099447513812,0.3304535637149028,0.9284800081912661
5.612957143013059,0.03515263644773358,0.3282937365010799,0.9288042458062424
5.654392808783591,0.03532419242389031,0.3282937365010799,0.9291626136964795
5.695828474554126,0.03549743110695937,0.3282937365010799,0.9295209815867165
5.737264140324658,0.03568912890349847,0.3282937365010799,0.9299134797522142
5.77869980609519,0.03588290840415486,0.3282937365010799,0.9303059779177119
5.820135471865722,0.03579895685158843,0.326133909287257,0.9305960852574277
5.861571137636254,0.03601240162175054,0.326133909287257,0.931022713698186
5.903006803406786,0.03604036520903412,0.32397408207343414,0.931534667827096
5.944442469177321,0.036231884057971016,0.32397408207343414,0.9319101008549634
5.985878134947853,0.03616504854368932,0.32181425485961124,0.9322343384699397
6.027313800718385,0.036341463414634144,0.32181425485961124,0.9325756412225464
6.068749466488917,0.03648383937316357,0.32181425485961124,0.9328486834246318
6.110185132259449,0.036672409549593894,0.32181425485961124,0.9332070513148688
6.151620798029981,0.03635014836795252,0.3174946004319654,0.9334971586545846
6.1930564638005166,0.03657626275192834,0.3174946004319654,0.933923787095343
6.2344921295710485,0.03681442524417731,0.3174946004319654,0.9343674806737317
6.27592779534158,0.037037037037037035,0.3174946004319654,0.9347770439768597
6.317363461112112,0.036980749746707196,0.31533477321814257,0.9351183467294664
6.358799126882644,0.0368862884762147,0.31317494600431967,0.9353913889315517
6.400234792653176,0.03706543967280164,0.31317494600431967,0.9357156265465281
6.441670458423712,0.037189022826365735,0.31317494600431967,0.9359374733357224
6.483106124194244,0.03736150476681268,0.31317494600431967,0.9362446458130684
6.5245417899647755,0.037525879917184264,0.31317494600431967,0.9365347531527842
6.5659774557353074,0.03743176501169743,0.31101511879049676,0.9368077953548696
6.607413121505839,0.03767660910518053,0.31101511879049676,0.9372344237956279
6.648848787276371,0.03758212877792379,0.30885529157667385,0.9375074659977133
6.690284453046907,0.0377906976744186,0.30885529157667385,0.9378658338879503
6.731720118817439,0.03803191489361702,0.30885529157667385,0.9382753971910783
6.773155784587971,0.03791722296395193,0.30669546436285094,0.938514309117903
6.8145914503585026,0.03780160857908847,0.3045356371490281,0.9387532210447277
6.8560271161290345,0.03806695464362851,0.3045356371490281,0.9391969146231164
6.897462781899566,0.038232104121475055,0.3045356371490281,0.9394699568252018
6.938898447670102,0.0383882384971413,0.3045356371490281,0.9397259338896569
6.980334113440634,0.038314176245210725,0.3023758099352052,0.9400331063670029
7.021769779211166,0.03850385038503851,0.3023758099352052,0.9403402788443489
7.063205444981698,0.03866335266500966,0.3023758099352052,0.9405962559088039
7.10464111075223,0.03864331387267167,0.3002159827213823,0.9409887540743016
7.1460767765227615,0.03831096196868009,0.2958963282937365,0.941312991689278
7.187512442293297,0.03845074375526242,0.2958963282937365,0.9415348384784723
7.228948108063829,0.03860242321780783,0.2958963282937365,0.941773750405297
7.270383773834361,0.03876627051499717,0.2958963282937365,0.942029727469752
7.311819439604893,0.038636363636363635,0.2937365010799136,0.9422515742589463
7.353255105375425,0.03857142857142857,0.2915766738660907,0.9425758118739228
7.394690771145957,0.03824036802760207,0.28725701943844495,0.9429171146265295
7.436126436916492,0.03838383838383838,0.28725701943844495,0.9431389614157238
7.477562102687024,0.038606676342525396,0.28725701943844495,0.9434802641683305
7.518997768457556,0.038136826783114995,0.28293736501079914,0.9436167852693732
7.560433434228088,0.038033937975424224,0.28077753779697623,0.9438898274714586
7.60186909999862,0.03820158683514546,0.28077753779697623,0.9441458045359136
7.643304765769152,0.03807556080283353,0.2786177105831533,0.9443847164627382
7.684740431539684,0.03795966785290629,0.27645788336933047,0.9446406935271933
7.726176097310219,0.03756708407871199,0.27213822894168466,0.9449137357292786
7.767611763080751,0.03756009615384615,0.26997840172786175,0.9453403641700371
7.809047428851283,0.03770739064856712,0.26997840172786175,0.9455622109592314
7.850483094621815,0.037832929782082324,0.26997840172786175,0.9457499274731651
7.891918760392347,0.037477148080438755,0.265658747300216,0.9460912302257718
7.933354426162879,0.03761467889908257,0.265658747300216,0.9462960118773358
7.974790091933414,0.03720787207872079,0.2613390928725702,0.9465690540794212
8.016225757703946,0.03731113166820845,0.2613390928725702,0.9467226403180942
8.057661423474478,0.03758931345138242,0.2613390928725702,0.9471322036212222
8.09909708924501,0.03772996570003118,0.2613390928725702,0.9473369852727862
8.140532755015542,0.03760576621748668,0.2591792656587473,0.9475929623372412
8.181968420786074,0.03772398616787174,0.2591792656587473,0.9477636137135446
8.22340408655661,0.0379386658235852,0.2591792656587473,0.9480707861908906
8.264839752327141,0.03808314820691844,0.2591792656587473,0.9482755678424547
8.306275418097673,0.03800702650910252,0.2570194384449244,0.9485998054574311
8.347711083868205,0.03782051282051282,0.2548596112311015,0.9487704568337344
8.389146749638737,0.03776630083925113,0.2526997840172786,0.9491288247239714
8.430582415409269,0.037987012987012986,0.2526997840172786,0.9494359972013174
8.472018081179804,0.03720626631853786,0.24622030237580994,0.9496578439905118
8.513453746950336,0.037377049180327866,0.24622030237580994,0.9498967559173365
8.554889412720868,0.037598944591029027,0.24622030237580994,0.9502039283946825
8.5963250784914,0.03746684350132626,0.24406047516198703,0.9504599054591375
8.637760744261932,0.037296037296037296,0.24190064794816415,0.9506646871107015
8.679196410032464,0.037520938023450585,0.24190064794816415,0.9509718595880475
8.720632075803,0.03764705882352941,0.24190064794816415,0.9511425109643509
8.762067741573532,0.037786774628879895,0.24190064794816415,0.9513302274782847
8.803503407344063,0.03767820773930754,0.23974082073434125,0.9516203348180003
8.844939073114595,0.037504261847937266,0.23758099352051837,0.9518251164695644
8.886374738885127,0.03773584905660377,0.23758099352051837,0.9521322889469104
8.92781040465566,0.037996545768566495,0.23758099352051837,0.9524735916995171
8.969246070426195,0.03818118708781673,0.23758099352051837,0.9527125036263417
9.010681736196727,0.03799233182293482,0.23542116630669546,0.9529002201402754
9.052117401967259,0.03815190759537977,0.23542116630669546,0.9531050017918394
9.09355306773779,0.03801478352692714,0.23326133909287258,0.9533609788562944
9.134988733508322,0.0381490639350053,0.23326133909287258,0.9535316302325978
9.176424399278854,0.03829787234042553,0.23326133909287258,0.9537193467465315
9.21786006504939,0.03809184763260947,0.23110151187904968,0.9538899981228348
9.259295730819922,0.03820064262763299,0.23110151187904968,0.9540265192238775
9.300731396590454,0.0382689556509299,0.23110151187904968,0.9541118449120292
9.342167062360986,0.03829479768786127,0.22894168466522677,0.9545726036280483
9.383602728131518,0.037804434750999635,0.22462203023758098,0.9548285806925033
9.42503839390205,0.03759124087591241,0.2224622030237581,0.9549992320688067
9.466474059672585,0.0374586852735953,0.2203023758099352,0.955272274270892
9.507909725443117,0.03765227021040975,0.2203023758099352,0.9555111861977167
9.549345391213649,0.03780578206078577,0.2203023758099352,0.9556989027116504
9.59078105698418,0.03789004457652303,0.2203023758099352,0.9558012935374324
9.632216722754713,0.038159371492704826,0.2203023758099352,0.9561255311524087
9.673652388525245,0.03795565576850808,0.21814254859611232,0.9563132476663424
9.71508805429578,0.03814199395770393,0.21814254859611232,0.9565350944555367
9.756523720066312,0.038228614685844056,0.21814254859611232,0.9566374852813188
9.797959385836844,0.038403041825095054,0.21814254859611232,0.9568422669328828
9.839395051607376,0.0386085626911315,0.21814254859611232,0.9570811788597074
9.880830717377908,0.03887605850654349,0.21814254859611232,0.9573883513370536
9.92226638314844,0.03908668730650155,0.21814254859611232,0.9576272632638783
9.963702048918975,0.03929961089494163,0.21814254859611232,0.9578661751907029
10.005137714689507,0.03942232630757221,0.21814254859611232,0.9580026962917456
10.046573380460039,0.03956130043086565,0.21814254859611232,0.9581562825304186
10.088009046230571,0.03976377952755906,0.21814254859611232,0.958378129319613
10.129444712001103,0.039968341907400076,0.21814254859611232,0.9585999761088073
10.170880377771635,0.04012713547874454,0.21814254859611232,0.9587706274851107
10.21231604354217,0.04031936127744511,0.21814254859611232,0.9589754091366747
10.253751709312702,0.04046474358974359,0.21814254859611232,0.9591289953753477
10.295187375083234,0.04069298952457696,0.21814254859611232,0.9593679073021724
10.336623040853766,0.04087414002428167,0.21814254859611232,0.959555623816106
10.378058706624298,0.041040227549776515,0.21814254859611232,0.9597262751924094
10.41949437239483,0.04130879345603272,0.21814254859611232,0.9599993173944947
10.460930038165362,0.04164948453608248,0.21814254859611232,0.9603406201471015
10.502365703935897,0.0418046357615894,0.21814254859611232,0.9604942063857745
10.54380136970643,0.04151100041511,0.2159827213822894,0.9605965972115565
10.585237035476961,0.041370664437944,0.21382289416846653,0.9608525742760116
10.626672701247493,0.041561712846347604,0.21382289416846653,0.9610402907899452
10.668108367018025,0.04177215189873418,0.21382289416846653,0.9612450724415093
10.709544032788557,0.04191363251481795,0.21382289416846653,0.9613815935425519
10.750979698559092,0.04202037351443124,0.21382289416846653,0.9614839843683339
10.792415364329624,0.04218150830847891,0.21382289416846653,0.9616375706070069
10.833851030100156,0.04236200256739409,0.21382289416846653,0.9618082219833103
10.875286695870688,0.04216867469879518,0.21166306695464362,0.9620130036348743
10.91672236164122,0.04242424242424243,0.21166306695464362,0.962251915561699
10.958158027411752,0.041757285776424534,0.20734341252699784,0.962405501800372
10.999593693182288,0.041884816753926704,0.20734341252699784,0.9625249577637843
11.04102935895282,0.042105263157894736,0.20734341252699784,0.9627297394153483
11.082465024723351,0.04229074889867841,0.20734341252699784,0.9629003907916517
11.123900690493883,0.042572062084257206,0.20734341252699784,0.9631563678561068
11.165336356264415,0.0427426536064114,0.20734341252699784,0.9633099540947798
11.206772022034947,0.04285714285714286,0.20734341252699784,0.9634123449205618
11.248207687805483,0.04308797127468582,0.20734341252699784,0.9636171265721258
11.289643353576015,0.04328223624887286,0.20734341252699784,0.9637877779484292
11.331079019346546,0.04343891402714932,0.20734341252699784,0.9639242990494719
11.372514685117078,0.04312301407172038,0.20518358531317496,0.9640266898752539
11.41395035088761,0.0432407828857533,0.20518358531317496,0.9641290807010359
11.455386016658142,0.043359196713829304,0.20518358531317496,0.9642314715268179
11.496821682428678,0.043478260869565216,0.20518358531317496,0.9643338623525999
11.53825734819921,0.043698252069917204,0.20518358531317496,0.9645215788665336
11.579693013969742,0.04343807763401109,0.20302375809935205,0.9646751651052066
11.621128679740274,0.04361948955916473,0.20302375809935205,0.9648287513438796
11.662564345510805,0.043843283582089554,0.20302375809935205,0.9650164678578133
11.704000011281337,0.044110746128578134,0.20302375809935205,0.9652383146470076
11.745435677051873,0.04429783223374175,0.20302375809935205,0.9653919008856806
11.786871342822405,0.04448651206814955,0.20302375809935205,0.9655454871243536
11.828307008592937,0.04465558194774347,0.20302375809935205,0.9656820082253963
11.869742674363469,0.04484732824427481,0.20302375809935205,0.9658355944640693
11.911178340134,0.04512722035525684,0.20302375809935205,0.9660574412532638
11.952614005904532,0.04543257612373127,0.20302375809935205,0.9662963531800884
11.994049671675068,0.04518950437317784,0.20086393088552915,0.9664670045563918
12.0354853374456,0.043478260869565216,0.19222462203023757,0.9665864605198041
12.076921003216132,0.043691703485517916,0.19222462203023757,0.9667571118961075
12.118356668986664,0.043928923988154,0.19222462203023757,0.9669448284100411
12.159792334757196,0.0436291522062469,0.1900647948164147,0.9670813495110838
12.201228000527728,0.04384653712007972,0.1900647948164147,0.9672520008873872
12.242663666298263,0.04397801099450275,0.1900647948164147,0.9673543917131692
12.284099332068795,0.044221105527638194,0.1900647948164147,0.9675421082271028
12.325534997839327,0.04442200908632004,0.1900647948164147,0.9676956944657759
12.366970663609859,0.044072948328267476,0.1879049676025918,0.9677980852915579
12.40840632938039,0.04416243654822335,0.1879049676025918,0.9678663458420792
12.449841995150923,0.04385517593064763,0.1857451403887689,0.9680028669431219
12.491277660921458,0.04394481349003577,0.1857451403887689,0.9680711274936432
12.53271332669199,0.0442614513638703,0.1857451403887689,0.9683100394204679
12.574148992462522,0.04392764857881137,0.183585313174946,0.9684294953838802
12.615584658233054,0.04361370716510903,0.18142548596112312,0.9685660164849229
12.657020324003586,0.04384133611691023,0.18142548596112312,0.9687366678612263
12.698455989774118,0.04404824331410592,0.18142548596112312,0.9688902540998993
12.739891655544653,0.04416403785488959,0.18142548596112312,0.968975579788051
12.781327321315185,0.04432717678100264,0.18142548596112312,0.9690950357514634
12.822762987085717,0.04449152542372881,0.18142548596112312,0.9692144917148757
12.864198652856249,0.04472843450479233,0.18142548596112312,0.9693851430911791
12.905634318626781,0.04436130411544629,0.17926565874730022,0.9694875339169611
12.947069984397313,0.044671689989235736,0.17926565874730022,0.9697093807061554
12.988505650167845,0.04488912925905895,0.17926565874730022,0.9698629669448284
13.02994131593838,0.04503526858383071,0.17926565874730022,0.9699653577706104
13.071376981708912,0.04471101417666303,0.1771058315334773,0.9701018788716531
13.11281264747944,0.044956140350877194,0.1771058315334773,0.9702725302479565
13.154248313249976,0.04450549450549451,0.17494600431965443,0.9703237256608475
13.195683979020512,0.044751381215469614,0.17494600431965443,0.9704943770371508
13.23711964479104,0.04502501389660923,0.17494600431965443,0.9706820935510845
13.278555310561575,0.04489337822671156,0.17278617710583152,0.9709551357531698
13.319990976332104,0.045146726862302484,0.17278617710583152,0.9711257871294732
13.36142664210264,0.04548038658328596,0.17278617710583152,0.9713476339186675
13.402862307873175,0.045740423098913664,0.17278617710583152,0.9715182852949709
13.444297973643703,0.04608294930875576,0.17278617710583152,0.9717401320841652
13.485733639414239,0.045850261172373764,0.17062634989200864,0.9719449137357293
13.527169305184767,0.04614485981308411,0.17062634989200864,0.972132630249663
13.568604970955302,0.04638872577803876,0.17062634989200864,0.972286216488336
13.61004063672583,0.0466903073286052,0.17062634989200864,0.9724739330022697
13.651476302496366,0.04682868998221695,0.17062634989200864,0.9725592586904214
13.692911968266902,0.046995835812016655,0.17062634989200864,0.9726616495162034
13.73434763403743,0.047192353643966546,0.17062634989200864,0.9727811054796157
13.775783299807966,0.04744744744744745,0.17062634989200864,0.9729346917182887
13.817218965578494,0.047186932849364795,0.16846652267818574,0.9731224082322224
13.85865463134903,0.04678007290400972,0.16630669546436286,0.9732247990580044
13.900090297119565,0.04715248009797918,0.16630669546436286,0.9734466458471988
13.941525962890093,0.04732636754763368,0.16630669546436286,0.9735490366729808
13.982961628660629,0.047501542257865514,0.16630669546436286,0.9736514274987628
14.024397294431157,0.04773713577185369,0.16630669546436286,0.9737879485998054
14.065832960201693,0.04791537025513379,0.16630669546436286,0.9738903394255874
14.107268625972221,0.04827586206896552,0.16630669546436286,0.9740951210771515
14.148704291742757,0.048519218651543794,0.16630669546436286,0.9742316421781941
14.190139957513292,0.04876504116529449,0.16630669546436286,0.9743681632792368
14.23157562328382,0.048982188295165395,0.16630669546436286,0.9744876192426492
14.273011289054356,0.0491698595146871,0.16630669546436286,0.9745900100684312
14.314446954824884,0.04954954954954955,0.16630669546436286,0.9747947917199952
14.35588262059542,0.04961340206185567,0.16630669546436286,0.9748289219952558
14.397318286365955,0.049902786779001944,0.16630669546436286,0.974982508233929
14.438753952136484,0.0489556135770235,0.16198704103671707,0.975136094472602
14.480189617907019,0.047900262467191604,0.15766738660907129,0.975238485298384
14.521625283677547,0.04802631578947368,0.15766738660907129,0.9753067458489053
14.563060949448083,0.04821664464993395,0.15766738660907129,0.9754091366746873
14.604496615218611,0.048344370860927154,0.15766738660907129,0.9754773972252087
14.645932280989147,0.04853723404255319,0.15766738660907129,0.9755797880509907
14.687367946759682,0.04809619238476954,0.15550755939524838,0.9756821788767727
14.72880361253021,0.04832214765100671,0.15550755939524838,0.975801634840185
14.770239278300746,0.048615800135043886,0.15550755939524838,0.975955221078858
14.811674944071274,0.048846675712347354,0.15550755939524838,0.9760746770422704
14.85311060984181,0.04904632152588556,0.15550755939524838,0.9761770678680524
14.894546275612345,0.049281314168377825,0.15550755939524838,0.9762965238314647
14.935981941382874,0.04883081155433287,0.15334773218142547,0.9763989146572467
14.97741760715341,0.04899930986887509,0.15334773218142547,0.9764842403453984
15.018853272923938,0.04906703524533518,0.15334773218142547,0.976518370620659
15.060288938694473,0.049305555555555554,0.15334773218142547,0.9766378265840714
15.101724604465002,0.04888268156424581,0.1511879049676026,0.9767572825474837
15.143160270235537,0.04838709677419355,0.1490280777537797,0.9768426082356354
15.184595936006072,0.04876325088339223,0.1490280777537797,0.9770303247495691
15.2260316017766,0.04886685552407932,0.1490280777537797,0.9770815201624601
15.267467267547136,0.049005681818181816,0.1490280777537797,0.9771497807129814
15.308902933317665,0.049215406562054205,0.1490280777537797,0.9772521715387634
15.3503385990882,0.04885057471264368,0.1468682505399568,0.9774057577774364
15.391774264858736,0.04855072463768116,0.1447084233261339,0.9775934742913701
15.433209930629264,0.048656499636891795,0.1447084233261339,0.9776446697042611
15.4746455963998,0.04894083272461651,0.1447084233261339,0.9777811908053038
15.516081262170328,0.04912023460410557,0.1447084233261339,0.9778665164934556
15.557516927940863,0.04937361827560796,0.1447084233261339,0.9779859724568679
15.598952593711392,0.04977711738484398,0.1447084233261339,0.9781736889708016
15.640388259481927,0.05,0.1447084233261339,0.9782760797965836
15.681823925252463,0.050149700598802395,0.1447084233261339,0.9783443403471049
15.723259591022991,0.05041384499623777,0.1447084233261339,0.9784637963105173
15.764695256793527,0.05079605761940864,0.1447084233261339,0.9786344476868206
15.806130922564055,0.05030487804878049,0.14254859611231102,0.9787368385126026
15.84756658833459,0.05053598774885146,0.14254859611231102,0.9788392293383846
15.889002254105119,0.05084745762711865,0.14254859611231102,0.9789757504394273
15.930437919875654,0.05116279069767442,0.14254859611231102,0.97911227154047
15.97187358564619,0.04996096799375488,0.13822894168466524,0.9792317275038823
16.013309251416718,0.050393700787401574,0.13822894168466524,0.979419444017816
16.054744917187254,0.05075337034099921,0.13822894168466524,0.979573030256489
16.096180582957782,0.05107741420590583,0.13822894168466524,0.9797095513575317
16.137616248728317,0.05140562248995984,0.13822894168466524,0.9798460724585744
16.179051914498853,0.0515713134568896,0.13822894168466524,0.9799143330090957
16.22048758026938,0.05186385737439222,0.13822894168466524,0.980033788972508
16.261923246039917,0.05190592051905921,0.13822894168466524,0.9800508541101384
16.303358911810445,0.05207485760781123,0.13822894168466524,0.9801191146606597
16.34479457758098,0.05237315875613748,0.13822894168466524,0.980238570624072
16.38623024335151,0.05271828665568369,0.13822894168466524,0.9803750917251147
16.427665909122044,0.05223880597014925,0.13606911447084233,0.9804945476885271
16.46910157489258,0.051537822111388194,0.13390928725701945,0.9805286779637877
16.51053724066311,0.05179615705931495,0.13390928725701945,0.9806310687895697
16.551972906433644,0.05223251895534962,0.13390928725701945,0.9808017201658732
16.593408572204172,0.05165114309906858,0.13174946004319654,0.9808870458540249
16.634844237974708,0.05191489361702128,0.13174946004319654,0.9809894366798069
16.676279903745243,0.05200341005967604,0.13174946004319654,0.9810235669550675
16.71771556951577,0.052450558899398106,0.13174946004319654,0.9811942183313709
16.759151235286307,0.05285961871750433,0.13174946004319654,0.9813478045700439
16.800586901056835,0.053228621291448515,0.13174946004319654,0.9814843256710866
16.84202256682737,0.053555750658472345,0.13174946004319654,0.9816037816344989
16.8834582325979,0.053744493392070485,0.13174946004319654,0.9816720421850202
16.924893898368435,0.05383936451897617,0.13174946004319654,0.9817061724602809
16.96632956413897,0.05422222222222222,0.13174946004319654,0.9818426935613236
17.0077652299095,0.05371530886302596,0.12958963282937366,0.9819621495247359
17.049200895680034,0.05390835579514825,0.12958963282937366,0.9820304100752573
17.090636561450562,0.05410279531109107,0.12958963282937366,0.9820986706257786
17.132072227221098,0.05420054200542006,0.12958963282937366,0.9821328009010393
17.173507892991633,0.053636363636363635,0.12742980561555076,0.9822351917268213
17.21494355876216,0.05291970802919708,0.12526997840172785,0.9822863871397123
17.256379224532697,0.05325987144168962,0.12526997840172785,0.9824058431031246
17.297814890303226,0.053604436229205174,0.12526997840172785,0.982525299066537
17.33925055607376,0.05390334572490706,0.12526997840172785,0.982627689892319
17.38068622184429,0.05415499533146592,0.12526997840172785,0.9827130155804706
17.422121887614825,0.054613935969868174,0.12526997840172785,0.9828666018191436
17.46355755338536,0.05487228003784295,0.12526997840172785,0.9829519275072953
17.50499321915589,0.055290753098188754,0.12526997840172785,0.983088448608338
17.546428884926424,0.055396370582617004,0.12526997840172785,0.9831225788835987
17.587864550696953,0.05555555555555555,0.12526997840172785,0.9831737742964897
17.629300216467488,0.05576923076923077,0.12526997840172785,0.983242034847011
17.670735882238024,0.05507246376811594,0.12311015118790497,0.9833102953975323
17.712171548008552,0.05577299412915851,0.12311015118790497,0.9835321421867267
17.753607213779087,0.0562685093780849,0.12311015118790497,0.9836857284253997
17.795042879549616,0.05666003976143141,0.12311015118790497,0.9838051843888121
17.83647854532015,0.05717151454363089,0.12311015118790497,0.9839587706274852
17.87791421109068,0.05757575757575758,0.12311015118790497,0.9840782265908975
17.919349876861215,0.057750759878419454,0.12311015118790497,0.9841294220037885
17.96078554263175,0.05822267620020429,0.12311015118790497,0.9842659431048312
18.00222120840228,0.0584016393442623,0.12311015118790497,0.9843171385177222
18.043656874172814,0.058823529411764705,0.12311015118790497,0.9844365944811345
18.085092539943343,0.059190031152647975,0.12311015118790497,0.9845389853069165
18.12652820571388,0.0596234309623431,0.12311015118790497,0.9846584412703289
18.167963871484414,0.059873949579831935,0.12311015118790497,0.9847267018208502
18.209399537254942,0.06,0.12311015118790497,0.9847608320961109
18.250835203025478,0.06031746031746032,0.12311015118790497,0.9848461577842625
18.292270868796006,0.0576307363927428,0.11663066954643629,0.9849314834724142
18.33370653456654,0.05806451612903226,0.11663066954643629,0.9850509394358266
18.37514220033707,0.05742145178764897,0.11447084233261338,0.9851533302616086
18.416577866107605,0.05773420479302832,0.11447084233261338,0.9852386559497602
18.45801353187814,0.056955093099671415,0.11231101511879049,0.9853069165002816
18.49944919764867,0.05714285714285714,0.11231101511879049,0.9853581119131726
18.540884863419205,0.05771365149833518,0.11231101511879049,0.9855116981518456
18.582320529189733,0.05784204671857619,0.11231101511879049,0.9855458284271063
18.62375619496027,0.058165548098434,0.11231101511879049,0.9856311541152579
18.665191860730797,0.05849268841394826,0.11231101511879049,0.9857164798034096
18.706627526501332,0.05802047781569966,0.1101511879049676,0.9858700660420826
18.748063192271868,0.05815279361459521,0.1101511879049676,0.9859041963173433
18.789498858042396,0.058419243986254296,0.1101511879049676,0.9859724568678646
18.83093452381293,0.057736720554272515,0.1079913606911447,0.9860748476936466
18.87237018958346,0.057736720554272515,0.1079913606911447,0.9860748476936466
18.913805855353996,0.05793742757821553,0.1079913606911447,0.9861260431065376
18.95524152112453,0.056910569105691054,0.10583153347732181,0.986143108244168
18.99667718689506,0.056140350877192984,0.10367170626349892,0.9862284339323196
19.038112852665595,0.05647058823529412,0.10367170626349892,0.9863137596204713
19.079548518436123,0.05667060212514758,0.10367170626349892,0.9863649550333623
19.12098418420666,0.05714285714285714,0.10367170626349892,0.9864844109967746
19.162419849977187,0.05734767025089606,0.10367170626349892,0.9865356064096656
19.203855515747723,0.057692307692307696,0.10367170626349892,0.9866209320978173
19.245291181518258,0.057971014492753624,0.10367170626349892,0.9866891926483388
19.286726847288787,0.05818181818181818,0.10367170626349892,0.9867403880612298
19.328162513059322,0.057177615571776155,0.10151187904967603,0.9867745183364904
19.36959817882985,0.05766871165644172,0.10151187904967603,0.9868939742999028
19.411033844600386,0.05795314426633785,0.10151187904967603,0.9869622348504241
19.45246951037092,0.0580964153275649,0.10151187904967603,0.9869963651256848
19.49390517614145,0.05714285714285714,0.09935205183585313,0.9870475605385758
19.535340841911985,0.05742821473158552,0.09935205183585313,0.9871158210890971
19.576776507682514,0.05742821473158552,0.09935205183585313,0.9871158210890971
19.61821217345305,0.05771643663739021,0.09935205183585313,0.9871840816396185
19.659647839223577,0.05786163522012579,0.09935205183585313,0.9872182119148791
19.701083504994113,0.058007566204287514,0.09935205183585313,0.9872523421901398
19.74251917076465,0.058673469387755105,0.09935205183585313,0.9874059284288128
19.783954836535177,0.058823529411764705,0.09935205183585313,0.9874400587040735
19.825390502305712,0.058898847631242,0.09935205183585313,0.9874571238417038
19.86682616807624,0.05912596401028278,0.09935205183585313,0.9875083192545948
19.908261833846776,0.05912596401028278,0.09935205183585313,0.9875083192545948
19.94969749961731,0.059278350515463915,0.09935205183585313,0.9875424495298555
19.99113316538784,0.059508408796895215,0.09935205183585313,0.9875936449427465
20.032568831158375,0.05958549222797927,0.09935205183585313,0.9876107100803768
20.074004496928904,0.059895833333333336,0.09935205183585313,0.9876789706308982
20.11544016269944,0.06028833551769332,0.09935205183585313,0.9877642963190498
20.156875828469968,0.06060606060606061,0.09935205183585313,0.9878325568695712
20.198311494240503,0.06108897742363878,0.09935205183585313,0.9879349476953532
20.23974716001104,0.06149732620320856,0.09935205183585313,0.9880202733835048
20.281182825781567,0.06182795698924731,0.09935205183585313,0.9880885339340262
20.322618491552102,0.062162162162162166,0.09935205183585313,0.9881567944845475
20.36405415732263,0.0625,0.09935205183585313,0.9882250550350689
20.405489823093166,0.061813186813186816,0.09719222462203024,0.9883445109984812
20.4469254888637,0.06198347107438017,0.09719222462203024,0.9883786412737419
20.48836115463423,0.0625,0.09719222462203024,0.9884810320995239
20.529796820404766,0.06293706293706294,0.09719222462203024,0.9885663577876755
20.571232486175294,0.06188466947960619,0.09503239740820735,0.9886175532005665
20.61266815194583,0.062146892655367235,0.09503239740820735,0.9886687486134575
20.654103817716358,0.0625,0.09503239740820735,0.9887370091639789
20.695539483486893,0.06285714285714286,0.09503239740820735,0.9888052697145002
20.73697514925743,0.06358381502890173,0.09503239740820735,0.9889417908155429
20.778410815027957,0.06423357664233577,0.09503239740820735,0.9890612467789552
20.819846480798493,0.06470588235294118,0.09503239740820735,0.9891465724671069
20.86128214656902,0.06480117820324006,0.09503239740820735,0.9891636376047372
20.902717812339557,0.06489675516224189,0.09503239740820735,0.9891807027423676
20.944153478110085,0.06499261447562776,0.09503239740820735,0.9891977678799979
20.98558914388062,0.0638930163447251,0.09287257019438445,0.9892489632928889
21.027024809651156,0.0638930163447251,0.09287257019438445,0.9892489632928889
21.068460475421684,0.06408345752608048,0.09287257019438445,0.9892830935681496
21.10989614119222,0.06417910447761194,0.09287257019438445,0.9893001587057799
21.151331806962748,0.06446776611694154,0.09287257019438445,0.9893513541186709
21.192767472733284,0.06466165413533835,0.09287257019438445,0.9893854843939316
21.23420313850382,0.0649546827794562,0.09287257019438445,0.9894366798068226
21.275638804274347,0.06515151515151515,0.09287257019438445,0.9894708100820833
21.317074470044883,0.06525037936267071,0.09287257019438445,0.9894878752197136
21.35851013581541,0.06278713629402756,0.08855291576673865,0.9895561357702349
21.399945801585947,0.06327160493827161,0.08855291576673865,0.9896414614583866
21.441381467356475,0.06327160493827161,0.08855291576673865,0.9896414614583866
21.48281713312701,0.06356589147286822,0.08855291576673865,0.9896926568712777
21.524252798897546,0.06386292834890965,0.08855291576673865,0.9897438522841687
21.565688464668074,0.06396255850234009,0.08855291576673865,0.9897609174217991
21.60712413043861,0.06416275430359937,0.08855291576673865,0.9897950476970597
21.64855979620914,0.06436420722135008,0.08855291576673865,0.9898291779723204
21.689995461979674,0.06446540880503145,0.08855291576673865,0.9898462431099507
21.73143112775021,0.06456692913385827,0.08855291576673865,0.9898633082475811
21.772866793520738,0.06466876971608833,0.08855291576673865,0.9898803733852114
21.814302459291273,0.06487341772151899,0.08855291576673865,0.9899145036604721
21.8557381250618,0.06220095693779904,0.08423326133909287,0.9899656990733631
21.897173790832337,0.0625,0.08423326133909287,0.9900168944862541
21.938609456602865,0.061389337641357025,0.08207343412526998,0.9900851550367754
21.9800451223734,0.06168831168831169,0.08207343412526998,0.9901363504496664
22.021480788143936,0.061788617886178863,0.08207343412526998,0.9901534155872967
22.062916453914465,0.06199021207177814,0.08207343412526998,0.9901875458625574
22.104352119685,0.06199021207177814,0.08207343412526998,0.9901875458625574
22.14578778545553,0.06229508196721312,0.08207343412526998,0.9902387412754484
22.187223451226064,0.06229508196721312,0.08207343412526998,0.9902387412754484
22.2286591169966,0.060955518945634266,0.07991360691144708,0.9902728715507091
22.270094782767128,0.060955518945634266,0.07991360691144708,0.9902728715507091
22.311530448537663,0.05950413223140496,0.07775377969762419,0.9902899366883394
22.35296611430819,0.05823627287853577,0.0755939524838013,0.9903411321012304
22.394401780078727,0.0587248322147651,0.0755939524838013,0.9904264577893821
22.435837445849256,0.05723905723905724,0.0734341252699784,0.9904435229270124
22.47727311161979,0.057432432432432436,0.0734341252699784,0.9904776532022731
22.518708777390327,0.057724957555178265,0.0734341252699784,0.9905288486151641
22.560144443160855,0.05802047781569966,0.0734341252699784,0.9905800440280551
22.60158010893139,0.058319039451114926,0.0734341252699784,0.9906312394409461
22.64301577470192,0.058823529411764705,0.0734341252699784,0.9907165651290978
22.684451440472454,0.055944055944055944,0.06911447084233262,0.9907848256796191
22.72588710624299,0.056239015817223195,0.06911447084233262,0.9908360210925101
22.767322772013518,0.05663716814159292,0.06911447084233262,0.9909042816430315
22.808758437784054,0.05693950177935943,0.06911447084233262,0.9909554770559225
22.850194103554582,0.0570409982174688,0.06911447084233262,0.9909725421935528
22.891629769325117,0.05734767025089606,0.06911447084233262,0.9910237376064438
22.933065435095646,0.05734767025089606,0.06911447084233262,0.9910237376064438
22.97450110086618,0.05605786618444846,0.06695464362850972,0.9910919981569651
23.015936766636717,0.05615942028985507,0.06695464362850972,0.9911090632945955
23.057372432407245,0.05656934306569343,0.06695464362850972,0.9911773238451168
23.09880809817778,0.056776556776556776,0.06695464362850972,0.9912114541203775
23.14024376394831,0.05740740740740741,0.06695464362850972,0.9913138449461595
23.181679429718844,0.05762081784386617,0.06695464362850972,0.9913479752214202
23.22311509548938,0.05783582089552239,0.06695464362850972,0.9913821054966808
23.26455076125991,0.0583804143126177,0.06695464362850972,0.9914674311848325
23.305986427030444,0.058823529411764705,0.06695464362850972,0.9915356917353538
23.347422092800972,0.05916030534351145,0.06695464362850972,0.9915868871482448
23.388857758571508,0.05950095969289827,0.06695464362850972,0.9916380825611358
23.430293424342036,0.05973025048169557,0.06695464362850972,0.9916722128363965
23.47172909011257,0.058365758754863814,0.06479481641468683,0.9917404733869178
23.513164755883107,0.05870841487279843,0.06479481641468683,0.9917916687998088
23.554600421653635,0.05893909626719057,0.06479481641468683,0.9918257990750695
23.59603608742417,0.05719921104536489,0.06263498920086392,0.9918428642126998
23.6374717531947,0.05719921104536489,0.06263498920086392,0.9918428642126998
23.678907418965235,0.05719921104536489,0.06263498920086392,0.9918428642126998
23.720343084735763,0.057539682539682536,0.06263498920086392,0.9918940596255909
23.7617787505063,0.05776892430278884,0.06263498920086392,0.9919281899008515
23.803214416276834,0.05811623246492986,0.06263498920086392,0.9919793853137425
23.844650082047362,0.05846774193548387,0.06263498920086392,0.9920305807266335
23.886085747817898,0.058704453441295545,0.06263498920086392,0.9920647110018942
23.927521413588426,0.05894308943089431,0.06263498920086392,0.9920988412771549
23.96895707935896,0.059063136456211814,0.06263498920086392,0.9921159064147852
24.010392745129497,0.05930470347648262,0.06263498920086392,0.9921500366900459
24.051828410900026,0.05930470347648262,0.06263498920086392,0.9921500366900459
24.09326407667056,0.05930470347648262,0.06263498920086392,0.9921500366900459
24.13469974244109,0.059670781893004114,0.06263498920086392,0.9922012321029369
24.176135408211625,0.06016597510373444,0.06263498920086392,0.9922694926534582
24.217571073982153,0.060291060291060294,0.06263498920086392,0.9922865577910885
24.25900673975269,0.06041666666666667,0.06263498920086392,0.9923036229287189
24.300442405523224,0.060669456066945605,0.06263498920086392,0.9923377532039795
24.341878071293753,0.06092436974789916,0.06263498920086392,0.9923718834792402
24.383313737064288,0.05919661733615222,0.06047516198704104,0.9924060137545009
24.424749402834816,0.059447983014861996,0.06047516198704104,0.9924401440297616
24.466185068605352,0.05970149253731343,0.06047516198704104,0.9924742743050222
24.507620734375887,0.05970149253731343,0.06047516198704104,0.9924742743050222
24.549056400146416,0.060085836909871244,0.06047516198704104,0.9925254697179132
24.59049206591695,0.060085836909871244,0.06047516198704104,0.9925254697179132
24.63192773168748,0.05806451612903226,0.058315334773218146,0.9925254697179132
24.673363397458015,0.058695652173913045,0.058315334773218146,0.992610795406065
24.714799063228543,0.05908096280087528,0.058315334773218146,0.992661990818956
24.75623472899908,0.05947136563876652,0.058315334773218146,0.992713186231847
24.797670394769614,0.06,0.058315334773218146,0.9927814467823683
24.839106060540143,0.060133630289532294,0.058315334773218146,0.9927985119199987
24.88054172631068,0.06053811659192825,0.058315334773218146,0.9928497073328897
24.921977392081207,0.060810810810810814,0.058315334773218146,0.9928838376081504
24.963413057851742,0.060948081264108354,0.058315334773218146,0.9929009027457807
25.004848723622278,0.06136363636363636,0.058315334773218146,0.9929520981586717
25.046284389392806,0.06164383561643835,0.058315334773218146,0.9929862284339324
25.08772005516334,0.06018518518518518,0.056155507559395246,0.993071554122084
25.12915572093387,0.060324825986078884,0.056155507559395246,0.9930886192597144
25.170591386704405,0.06046511627906977,0.056155507559395246,0.9931056843973447
25.212027052474934,0.06088992974238876,0.056155507559395246,0.9931568798102357
25.25346271824547,0.06103286384976526,0.056155507559395246,0.993173944947866
25.294898384016005,0.06132075471698113,0.056155507559395246,0.9932080752231267
25.336334049786533,0.06175771971496437,0.056155507559395246,0.9932592706360177
25.37776971555707,0.06190476190476191,0.056155507559395246,0.993276335773648
25.419205381327597,0.06190476190476191,0.056155507559395246,0.993276335773648
25.460641047098132,0.06220095693779904,0.056155507559395246,0.9933104660489087
25.502076712868668,0.0625,0.056155507559395246,0.9933445963241694
25.543512378639196,0.0625,0.056155507559395246,0.9933445963241694
25.58494804440973,0.06265060240963856,0.056155507559395246,0.9933616614617997
25.62638371018026,0.06310679611650485,0.056155507559395246,0.9934128568746907
25.667819375950796,0.06341463414634146,0.056155507559395246,0.9934469871499514
25.709255041721324,0.06372549019607843,0.056155507559395246,0.9934811174252121
25.75069070749186,0.06388206388206388,0.056155507559395246,0.9934981825628424
25.792126373262395,0.06388206388206388,0.056155507559395246,0.9934981825628424
25.833562039032923,0.06403940886699508,0.056155507559395246,0.9935152477004727
25.87499770480346,0.06419753086419754,0.056155507559395246,0.9935323128381031
25.916433370573987,0.06451612903225806,0.056155507559395246,0.9935664431133637
25.957869036344523,0.06451612903225806,0.056155507559395246,0.9935664431133637
25.999304702115058,0.06281407035175879,0.05399568034557235,0.9936347036638851
26.040740367885586,0.06281407035175879,0.05399568034557235,0.9936347036638851
26.082176033656122,0.06329113924050633,0.05399568034557235,0.9936858990767761
26.12361169942665,0.06329113924050633,0.05399568034557235,0.9936858990767761
26.165047365197186,0.06345177664974619,0.05399568034557235,0.9937029642144064
26.206483030967714,0.0639386189258312,0.05399568034557235,0.9937541596272974
26.24791869673825,0.0639386189258312,0.05399568034557235,0.9937541596272974
26.289354362508785,0.0639386189258312,0.05399568034557235,0.9937541596272974
26.330790028279313,0.06426735218508997,0.05399568034557235,0.9937882899025581
26.37222569404985,0.06476683937823834,0.05399568034557235,0.9938394853154491
26.413661359820377,0.06493506493506493,0.05399568034557235,0.9938565504530794
26.455097025590913,0.06493506493506493,0.05399568034557235,0.9938565504530794
26.49653269136144,0.06510416666666667,0.05399568034557235,0.9938736155907097
26.537968357131977,0.06544502617801047,0.05399568034557235,0.9939077458659704
26.579404022902512,0.06596306068601583,0.05399568034557235,0.9939589412788614
26.62083968867304,0.06631299734748011,0.05399568034557235,0.9939930715541221
26.662275354443576,0.06631299734748011,0.05399568034557235,0.9939930715541221
26.703711020214104,0.06684491978609626,0.05399568034557235,0.9940442669670131
26.74514668598464,0.06684491978609626,0.05399568034557235,0.9940442669670131
26.786582351755175,0.06684491978609626,0.05399568034557235,0.9940442669670131
26.828018017525704,0.06702412868632708,0.05399568034557235,0.9940613321046434
26.86945368329624,0.06720430107526881,0.05399568034557235,0.9940783972422738
26.910889349066768,0.06521739130434782,0.05183585313174946,0.9941295926551648
26.952325014837303,0.06575342465753424,0.05183585313174946,0.9941807880680558
26.99376068060783,0.06593406593406594,0.05183585313174946,0.9941978532056861
27.035196346378367,0.06611570247933884,0.05183585313174946,0.9942149183433164
27.076632012148902,0.06666666666666667,0.05183585313174946,0.9942661137562074
27.11806767791943,0.06685236768802229,0.05183585313174946,0.9942831788938378
27.159503343689966,0.0670391061452514,0.05183585313174946,0.9943002440314681
27.200939009460495,0.0670391061452514,0.05183585313174946,0.9943002440314681
27.24237467523103,0.0670391061452514,0.05183585313174946,0.9943002440314681
27.283810341001566,0.0676056338028169,0.05183585313174946,0.9943514394443591
27.325246006772094,0.06515580736543909,0.04967602591792657,0.9943685045819894
27.36668167254263,0.06321839080459771,0.047516198704103674,0.9944367651325108
27.408117338313158,0.06340057636887608,0.047516198704103674,0.9944538302701411
27.449553004083693,0.06358381502890173,0.047516198704103674,0.9944708954077714
27.49098866985422,0.06395348837209303,0.047516198704103674,0.9945050256830321
27.532424335624757,0.06395348837209303,0.047516198704103674,0.9945050256830321
27.573860001395293,0.0641399416909621,0.047516198704103674,0.9945220908206625
27.61529566716582,0.06489675516224189,0.047516198704103674,0.9945903513711838
27.656731332936356,0.06489675516224189,0.047516198704103674,0.9945903513711838
27.698166998706885,0.0621301775147929,0.04535637149028078,0.9945903513711838
27.73960266447742,0.06231454005934718,0.04535637149028078,0.9946074165088141
27.781038330247956,0.0625,0.04535637149028078,0.9946244816464445
27.822473996018484,0.0625,0.04535637149028078,0.9946244816464445
27.86390966178902,0.0626865671641791,0.04535637149028078,0.9946415467840748
27.905345327559548,0.06287425149700598,0.04535637149028078,0.9946586119217051
27.946780993330083,0.06287425149700598,0.04535637149028078,0.9946586119217051
27.988216659100612,0.06287425149700598,0.04535637149028078,0.9946586119217051
28.029652324871147,0.06325301204819277,0.04535637149028078,0.9946927421969658
28.071087990641683,0.0634441087613293,0.04535637149028078,0.9947098073345961
28.11252365641221,0.06382978723404255,0.04535637149028078,0.9947439376098568
28.153959322182747,0.06382978723404255,0.04535637149028078,0.9947439376098568
28.195394987953275,0.06422018348623854,0.04535637149028078,0.9947780678851175
28.23683065372381,0.06441717791411043,0.04535637149028078,0.9947951330227478
28.278266319494346,0.06461538461538462,0.04535637149028078,0.9948121981603781
28.319701985264874,0.06461538461538462,0.04535637149028078,0.9948121981603781
28.36113765103541,0.06501547987616099,0.04535637149028078,0.9948463284356388
28.402573316805938,0.06501547987616099,0.04535637149028078,0.9948463284356388
28.444008982576474,0.06521739130434782,0.04535637149028078,0.9948633935732691
28.485444648347002,0.06542056074766354,0.04535637149028078,0.9948804587108995
28.526880314117538,0.06583072100313479,0.04535637149028078,0.9949145889861601
28.568315979888073,0.06624605678233439,0.04535637149028078,0.9949487192614208
28.6097516456586,0.06624605678233439,0.04535637149028078,0.9949487192614208
28.651187311429137,0.0670926517571885,0.04535637149028078,0.9950169798119421
28.692622977199665,0.0670926517571885,0.04535637149028078,0.9950169798119421
28.7340586429702,0.0670926517571885,0.04535637149028078,0.9950169798119421
28.77549430874073,0.0673076923076923,0.04535637149028078,0.9950340449495725
28.816929974511265,0.06752411575562701,0.04535637149028078,0.9950511100872028
28.8583656402818,0.06752411575562701,0.04535637149028078,0.9950511100872028
28.89980130605233,0.06774193548387097,0.04535637149028078,0.9950681752248332
28.941236971822864,0.06796116504854369,0.04535637149028078,0.9950852403624635
28.982672637593392,0.06818181818181818,0.04535637149028078,0.9951023055000938
29.024108303363928,0.06818181818181818,0.04535637149028078,0.9951023055000938
29.065543969134463,0.06818181818181818,0.04535637149028078,0.9951023055000938
29.10697963490499,0.06818181818181818,0.04535637149028078,0.9951023055000938
29.148415300675527,0.06818181818181818,0.04535637149028078,0.9951023055000938
29.189850966446055,0.06840390879478828,0.04535637149028078,0.9951193706377242
29.23128663221659,0.06862745098039216,0.04535637149028078,0.9951364357753545
29.27272229798712,0.06907894736842106,0.04535637149028078,0.9951705660506152
29.314157963757655,0.06930693069306931,0.04535637149028078,0.9951876311882455
29.35559362952819,0.06976744186046512,0.04535637149028078,0.9952217614635062
29.39702929529872,0.06976744186046512,0.04535637149028078,0.9952217614635062
29.438464961069254,0.07046979865771812,0.04535637149028078,0.9952729568763972
29.479900626839783,0.07094594594594594,0.04535637149028078,0.9953070871516578
29.521336292610318,0.07142857142857142,0.04535637149028078,0.9953412174269185
29.562771958380853,0.07142857142857142,0.04535637149028078,0.9953412174269185
29.604207624151382,0.07142857142857142,0.04535637149028078,0.9953412174269185
29.645643289921917,0.07142857142857142,0.04535637149028078,0.9953412174269185
29.687078955692446,0.07167235494880546,0.04535637149028078,0.9953582825645488
29.72851462146298,0.07167235494880546,0.04535637149028078,0.9953582825645488
29.76995028723351,0.07191780821917808,0.04535637149028078,0.9953753477021792
29.811385953004045,0.0726643598615917,0.04535637149028078,0.9954265431150702
29.85282161877458,0.07291666666666667,0.04535637149028078,0.9954436082527005
29.89425728454511,0.07342657342657342,0.04535637149028078,0.9954777385279612
29.935692950315644,0.07394366197183098,0.04535637149028078,0.9955118688032218
29.977128616086173,0.07420494699646643,0.04535637149028078,0.9955289339408522
30.018564281856708,0.07446808510638298,0.04535637149028078,0.9955459990784825
30.059999947627244,0.07473309608540925,0.04535637149028078,0.995563064216113
30.101435613397772,0.07526881720430108,0.04535637149028078,0.9955971944913736
30.142871279168308,0.07553956834532374,0.04535637149028078,0.995614259629004
30.184306944938836,0.07553956834532374,0.04535637149028078,0.995614259629004
30.22574261070937,0.07246376811594203,0.04319654427645788,0.9956313247666343
30.2671782764799,0.07246376811594203,0.04319654427645788,0.9956313247666343
30.308613942250435,0.07272727272727272,0.04319654427645788,0.9956483899042646
30.35004960802097,0.07272727272727272,0.04319654427645788,0.9956483899042646
30.3914852737915,0.072992700729927,0.04319654427645788,0.995665455041895
30.432920939562035,0.072992700729927,0.04319654427645788,0.995665455041895
30.474356605332563,0.07352941176470588,0.04319654427645788,0.9956995853171556
30.5157922711031,0.07380073800738007,0.04319654427645788,0.995716650454786
30.557227936873634,0.07407407407407407,0.04319654427645788,0.9957337155924163
30.598663602644162,0.07407407407407407,0.04319654427645788,0.9957337155924163
30.640099268414698,0.07407407407407407,0.04319654427645788,0.9957337155924163
30.681534934185226,0.07407407407407407,0.04319654427645788,0.9957337155924163
30.72297059995576,0.07407407407407407,0.04319654427645788,0.9957337155924163
30.76440626572629,0.07407407407407407,0.04319654427645788,0.9957337155924163
30.805841931496825,0.07407407407407407,0.04319654427645788,0.9957337155924163
30.84727759726736,0.07462686567164178,0.04319654427645788,0.995767845867677
30.88871326303789,0.07518796992481203,0.04319654427645788,0.9958019761429376
30.930148928808425,0.07518796992481203,0.04319654427645788,0.9958019761429376
30.971584594578953,0.07518796992481203,0.04319654427645788,0.9958019761429376
31.01302026034949,0.07169811320754717,0.04103671706263499,0.9958019761429376
31.054455926120024,0.07196969696969698,0.04103671706263499,0.995819041280568
31.095891591890553,0.07224334600760456,0.04103671706263499,0.9958361064181983
31.137327257661088,0.07224334600760456,0.04103671706263499,0.9958361064181983
31.178762923431616,0.07224334600760456,0.04103671706263499,0.9958361064181983
31.220198589202152,0.07251908396946564,0.04103671706263499,0.9958531715558286
31.26163425497268,0.06538461538461539,0.0367170626349892,0.9958531715558286
31.303069920743216,0.06538461538461539,0.0367170626349892,0.9958531715558286
31.34450558651375,0.06563706563706563,0.0367170626349892,0.995870236693459
31.38594125228428,0.06563706563706563,0.0367170626349892,0.995870236693459
31.427376918054815,0.06563706563706563,0.0367170626349892,0.995870236693459
31.468812583825343,0.06563706563706563,0.0367170626349892,0.995870236693459
31.51024824959588,0.06614785992217899,0.0367170626349892,0.9959043669687196
31.551683915366407,0.06666666666666667,0.0367170626349892,0.9959384972439803
31.593119581136943,0.06666666666666667,0.0367170626349892,0.9959384972439803
31.634555246907478,0.06666666666666667,0.0367170626349892,0.9959384972439803
31.675990912678007,0.06719367588932806,0.0367170626349892,0.995972627519241
31.717426578448542,0.06719367588932806,0.0367170626349892,0.995972627519241
31.75886224421907,0.06719367588932806,0.0367170626349892,0.995972627519241
31.800297909989606,0.06746031746031746,0.0367170626349892,0.9959896926568713
31.84173357576014,0.06772908366533864,0.0367170626349892,0.9960067577945017
31.88316924153067,0.06827309236947791,0.0367170626349892,0.9960408880697623
31.924604907301205,0.06827309236947791,0.0367170626349892,0.9960408880697623
31.966040573071734,0.06827309236947791,0.0367170626349892,0.9960408880697623
32.00747623884227,0.06882591093117409,0.0367170626349892,0.996075018345023
32.048911904612794,0.06910569105691057,0.0367170626349892,0.9960920834826533
32.09034757038333,0.06910569105691057,0.0367170626349892,0.9960920834826533
32.131783236153865,0.06938775510204082,0.0367170626349892,0.9961091486202837
32.1732189019244,0.06967213114754098,0.0367170626349892,0.996126213757914
32.214654567694936,0.07024793388429752,0.0367170626349892,0.9961603440331747
32.25609023346546,0.07053941908713693,0.0367170626349892,0.996177409170805
32.29752589923599,0.07112970711297072,0.0367170626349892,0.9962115394460657
32.33896156500653,0.07142857142857142,0.0367170626349892,0.996228604583696
32.380397230777064,0.07142857142857142,0.0367170626349892,0.996228604583696
32.4218328965476,0.06437768240343347,0.032397408207343416,0.996279799996587
32.46326856231812,0.06465517241379311,0.032397408207343416,0.9962968651342173
32.504704228088656,0.06465517241379311,0.032397408207343416,0.9962968651342173
32.54613989385919,0.06521739130434782,0.032397408207343416,0.996330995409478
32.58757555962973,0.06140350877192982,0.03023758099352052,0.9963480605471083
32.62901122540026,0.061946902654867256,0.03023758099352052,0.996382190822369
32.67044689117078,0.06222222222222222,0.03023758099352052,0.9963992559599993
32.71188255694132,0.0625,0.03023758099352052,0.9964163210976297
32.753318222711854,0.06278026905829596,0.03023758099352052,0.99643338623526
32.79475388848239,0.06306306306306306,0.03023758099352052,0.9964504513728903
32.836189554252925,0.06306306306306306,0.03023758099352052,0.9964504513728903
32.87762522002345,0.06306306306306306,0.03023758099352052,0.9964504513728903
32.91906088579398,0.06334841628959276,0.03023758099352052,0.9964675165105207
32.96049655156452,0.06451612903225806,0.03023758099352052,0.996535777061042
33.00193221733505,0.06481481481481481,0.03023758099352052,0.9965528421986724
33.043367883105574,0.06481481481481481,0.03023758099352052,0.9965528421986724
33.08480354887611,0.06511627906976744,0.03023758099352052,0.9965699073363027
33.126239214646645,0.06511627906976744,0.03023758099352052,0.9965699073363027
33.16767488041718,0.06511627906976744,0.03023758099352052,0.9965699073363027
33.209110546187716,0.06103286384976526,0.028077753779697623,0.996586972473933
33.25054621195824,0.06103286384976526,0.028077753779697623,0.996586972473933
33.29198187772877,0.061611374407582936,0.028077753779697623,0.9966211027491937
33.33341754349931,0.06190476190476191,0.028077753779697623,0.996638167886824
33.374853209269844,0.06220095693779904,0.028077753779697623,0.9966552330244544
33.41628887504038,0.06220095693779904,0.028077753779697623,0.9966552330244544
33.4577245408109,0.0625,0.028077753779697623,0.9966722981620847
33.499160206581436,0.0625,0.028077753779697623,0.9966722981620847
33.54059587235197,0.0625,0.028077753779697623,0.9966722981620847
33.58203153812251,0.0625,0.028077753779697623,0.9966722981620847
33.62346720389304,0.0625,0.028077753779697623,0.9966722981620847
33.664902869663564,0.0625,0.028077753779697623,0.9966722981620847
33.7063385354341,0.0625,0.028077753779697623,0.9966722981620847
33.747774201204635,0.0625,0.028077753779697623,0.9966722981620847
33.78920986697517,0.06310679611650485,0.028077753779697623,0.9967064284373454
33.830645532745706,0.06310679611650485,0.028077753779697623,0.9967064284373454
33.87208119851623,0.06341463414634146,0.028077753779697623,0.9967234935749757
33.91351686428676,0.06341463414634146,0.028077753779697623,0.9967234935749757
33.9549525300573,0.06403940886699508,0.028077753779697623,0.9967576238502364
33.996388195827834,0.06435643564356436,0.028077753779697623,0.9967746889878667
34.037823861598355,0.06435643564356436,0.028077753779697623,0.9967746889878667
34.07925952736889,0.065,0.028077753779697623,0.9968088192631274
34.120695193139426,0.065,0.028077753779697623,0.9968088192631274
34.16213085890996,0.065,0.028077753779697623,0.9968088192631274
34.2035665246805,0.065,0.028077753779697623,0.9968088192631274
34.24500219045102,0.06565656565656566,0.028077753779697623,0.996842949538388
34.28643785622155,0.06565656565656566,0.028077753779697623,0.996842949538388
34.32787352199209,0.06735751295336788,0.028077753779697623,0.9969282752265397
34.369309187762624,0.06806282722513089,0.028077753779697623,0.9969624055018004
34.41074485353316,0.06806282722513089,0.028077753779697623,0.9969624055018004
34.45218051930368,0.06806282722513089,0.028077753779697623,0.9969624055018004
34.49361618507422,0.06806282722513089,0.028077753779697623,0.9969624055018004
34.53505185084475,0.06806282722513089,0.028077753779697623,0.9969624055018004
34.57648751661529,0.06842105263157895,0.028077753779697623,0.9969794706394307
34.61792318238582,0.06914893617021277,0.028077753779697623,0.9970136009146914
34.659358848156344,0.06914893617021277,0.028077753779697623,0.9970136009146914
34.70079451392688,0.06989247311827956,0.028077753779697623,0.997047731189952
34.742230179697415,0.07027027027027027,0.028077753779697623,0.9970647963275824
34.78366584546795,0.07065217391304347,0.028077753779697623,0.9970818614652127
34.82510151123847,0.07065217391304347,0.028077753779697623,0.9970818614652127
34.86653717700901,0.07142857142857142,0.028077753779697623,0.9971159917404734
34.90797284277954,0.07142857142857142,0.028077753779697623,0.9971159917404734
34.94940850855008,0.07262569832402235,0.028077753779697623,0.9971671871533644
34.990844174320614,0.07262569832402235,0.028077753779697623,0.9971671871533644
35.032279840091135,0.07262569832402235,0.028077753779697623,0.9971671871533644
35.07371550586167,0.07262569832402235,0.028077753779697623,0.9971671871533644
35.115151171632206,0.07262569832402235,0.028077753779697623,0.9971671871533644
35.15658683740274,0.07303370786516854,0.028077753779697623,0.9971842522909947
35.19802250317328,0.07303370786516854,0.028077753779697623,0.9971842522909947
35.2394581689438,0.07303370786516854,0.028077753779697623,0.9971842522909947
35.280893834714334,0.07344632768361582,0.028077753779697623,0.9972013174286251
35.32232950048487,0.07344632768361582,0.028077753779697623,0.9972013174286251
35.363765166255405,0.07386363636363637,0.028077753779697623,0.9972183825662554
35.40520083202594,0.07386363636363637,0.028077753779697623,0.9972183825662554
35.44663649779646,0.07386363636363637,0.028077753779697623,0.9972183825662554
35.488072163567,0.07428571428571429,0.028077753779697623,0.9972354477038857
35.52950782933753,0.07514450867052024,0.028077753779697623,0.9972695779791464
35.57094349510807,0.07514450867052024,0.028077753779697623,0.9972695779791464
35.612379160878604,0.07514450867052024,0.028077753779697623,0.9972695779791464
35.653814826649125,0.07514450867052024,0.028077753779697623,0.9972695779791464
35.69525049241966,0.07602339181286549,0.028077753779697623,0.9973037082544071
35.736686158190196,0.07602339181286549,0.028077753779697623,0.9973037082544071
35.77812182396073,0.07647058823529412,0.028077753779697623,0.9973207733920374
35.81955748973125,0.07692307692307693,0.028077753779697623,0.9973378385296677
35.86099315550179,0.07784431137724551,0.028077753779697623,0.9973719688049284
35.90242882127232,0.0783132530120482,0.028077753779697623,0.9973890339425587
35.94386448704286,0.07926829268292683,0.028077753779697623,0.9974231642178194
35.985300152813394,0.07926829268292683,0.028077753779697623,0.9974231642178194
36.026735818583916,0.07975460122699386,0.028077753779697623,0.9974402293554497
36.06817148435445,0.07975460122699386,0.028077753779697623,0.9974402293554497
36.10960715012499,0.07975460122699386,0.028077753779697623,0.9974402293554497
36.15104281589552,0.07975460122699386,0.028077753779697623,0.9974402293554497
36.19247848166606,0.07407407407407407,0.02591792656587473,0.9974402293554497
36.23391414743658,0.07453416149068323,0.02591792656587473,0.9974572944930801
36.275349813207114,0.07547169811320754,0.02591792656587473,0.9974914247683407
36.31678547897765,0.0759493670886076,0.02591792656587473,0.9975084899059711
36.358221144748185,0.0759493670886076,0.02591792656587473,0.9975084899059711
36.39965681051872,0.07741935483870968,0.02591792656587473,0.9975596853188621
36.44109247628924,0.07741935483870968,0.02591792656587473,0.9975596853188621
36.48252814205978,0.07741935483870968,0.02591792656587473,0.9975596853188621
36.52396380783031,0.07792207792207792,0.02591792656587473,0.9975767504564924
36.56539947360085,0.07792207792207792,0.02591792656587473,0.9975767504564924
36.606835139371384,0.07894736842105263,0.02591792656587473,0.9976108807317531
36.648270805141905,0.07947019867549669,0.02591792656587473,0.9976279458693834
36.68970647091244,0.07947019867549669,0.02591792656587473,0.9976279458693834
36.731142136682976,0.07947019867549669,0.02591792656587473,0.9976279458693834
36.77257780245351,0.07947019867549669,0.02591792656587473,0.9976279458693834
36.81401346822403,0.07947019867549669,0.02591792656587473,0.9976279458693834
36.85544913399457,0.08,0.02591792656587473,0.9976450110070137
36.896884799765104,0.08053691275167785,0.02591792656587473,0.9976620761446441
36.93832046553564,0.08108108108108109,0.02591792656587473,0.9976791412822744
36.979756131306175,0.07534246575342465,0.023758099352051837,0.9976962064199048
37.021191797076696,0.07534246575342465,0.023758099352051837,0.9976962064199048
37.06262746284723,0.07534246575342465,0.023758099352051837,0.9976962064199048
37.10406312861777,0.07534246575342465,0.023758099352051837,0.9976962064199048
37.1454987943883,0.0763888888888889,0.023758099352051837,0.9977303366951654
37.18693446015884,0.07692307692307693,0.023758099352051837,0.9977474018327958
37.22837012592936,0.07692307692307693,0.023758099352051837,0.9977474018327958
37.269805791699895,0.07142857142857142,0.02159827213822894,0.9977815321080564
37.31124145747043,0.07142857142857142,0.02159827213822894,0.9977815321080564
37.352677123240966,0.07142857142857142,0.02159827213822894,0.9977815321080564
37.3941127890115,0.07194244604316546,0.02159827213822894,0.9977985972456868
37.43554845478202,0.07194244604316546,0.02159827213822894,0.9977985972456868
37.47698412055256,0.07246376811594203,0.02159827213822894,0.9978156623833171
37.51841978632309,0.072992700729927,0.02159827213822894,0.9978327275209474
37.55985545209363,0.07352941176470588,0.02159827213822894,0.9978497926585778
37.60129111786415,0.07352941176470588,0.02159827213822894,0.9978497926585778
37.642726783634686,0.07352941176470588,0.02159827213822894,0.9978497926585778
37.68416244940522,0.07352941176470588,0.02159827213822894,0.9978497926585778
37.72559811517576,0.07407407407407407,0.02159827213822894,0.9978668577962081
37.76703378094629,0.07407407407407407,0.02159827213822894,0.9978668577962081
37.80846944671681,0.07407407407407407,0.02159827213822894,0.9978668577962081
37.84990511248735,0.07462686567164178,0.02159827213822894,0.9978839229338384
37.891340778257884,0.07518796992481203,0.02159827213822894,0.9979009880714688
37.93277644402842,0.07518796992481203,0.02159827213822894,0.9979009880714688
37.974212109798955,0.07518796992481203,0.02159827213822894,0.9979009880714688
38.01564777556948,0.07575757575757576,0.02159827213822894,0.9979180532090991
38.05708344134001,0.07633587786259542,0.02159827213822894,0.9979351183467294
38.09851910711055,0.07633587786259542,0.02159827213822894,0.9979351183467294
38.13995477288108,0.07633587786259542,0.02159827213822894,0.9979351183467294
38.18139043865162,0.07692307692307693,0.02159827213822894,0.9979521834843598
38.22282610442214,0.07692307692307693,0.02159827213822894,0.9979521834843598
38.264261770192675,0.07692307692307693,0.02159827213822894,0.9979521834843598
38.30569743596321,0.07692307692307693,0.02159827213822894,0.9979521834843598
38.347133101733746,0.07692307692307693,0.02159827213822894,0.9979521834843598
38.38856876750428,0.07692307692307693,0.02159827213822894,0.9979521834843598
38.4300044332748,0.07692307692307693,0.02159827213822894,0.9979521834843598
38.47144009904534,0.07692307692307693,0.02159827213822894,0.9979521834843598
38.512875764815874,0.07692307692307693,0.02159827213822894,0.9979521834843598
38.55431143058641,0.06976744186046512,0.019438444924406047,0.9979521834843598
38.59574709635693,0.06976744186046512,0.019438444924406047,0.9979521834843598
38.637182762127466,0.06976744186046512,0.019438444924406047,0.9979521834843598
38.678618427898,0.0703125,0.019438444924406047,0.9979692486219901
38.72005409366854,0.0703125,0.019438444924406047,0.9979692486219901
38.76148975943907,0.07086614173228346,0.019438444924406047,0.9979863137596204
38.802925425209594,0.07086614173228346,0.019438444924406047,0.9979863137596204
38.84436109098013,0.07086614173228346,0.019438444924406047,0.9979863137596204
38.885796756750665,0.07086614173228346,0.019438444924406047,0.9979863137596204
38.9272324225212,0.06349206349206349,0.017278617710583154,0.9979863137596204
38.968668088291736,0.06349206349206349,0.017278617710583154,0.9979863137596204
39.01010375406226,0.06349206349206349,0.017278617710583154,0.9979863137596204
39.05153941983279,0.06349206349206349,0.017278617710583154,0.9979863137596204
39.09297508560333,0.06349206349206349,0.017278617710583154,0.9979863137596204
39.13441075137386,0.06349206349206349,0.017278617710583154,0.9979863137596204
39.1758464171444,0.064,0.017278617710583154,0.9980033788972508
39.21728208291492,0.064,0.017278617710583154,0.9980033788972508
39.258717748685456,0.064,0.017278617710583154,0.9980033788972508
39.30015341445599,0.064,0.017278617710583154,0.9980033788972508
39.34158908022653,0.064,0.017278617710583154,0.9980033788972508
39.38302474599706,0.064,0.017278617710583154,0.9980033788972508
39.42446041176758,0.06451612903225806,0.017278617710583154,0.9980204440348811
39.46589607753812,0.06557377049180328,0.017278617710583154,0.9980545743101418
39.507331743308654,0.06557377049180328,0.017278617710583154,0.9980545743101418
39.54876740907919,0.06611570247933884,0.017278617710583154,0.9980716394477721
39.59020307484971,0.06611570247933884,0.017278617710583154,0.9980716394477721
39.63163874062025,0.06666666666666667,0.017278617710583154,0.9980887045854024
39.67307440639078,0.06666666666666667,0.017278617710583154,0.9980887045854024
39.71451007216132,0.06666666666666667,0.017278617710583154,0.9980887045854024
39.75594573793185,0.06666666666666667,0.017278617710583154,0.9980887045854024
39.797381403702374,0.06666666666666667,0.017278617710583154,0.9980887045854024
39.83881706947291,0.06666666666666667,0.017278617710583154,0.9980887045854024
39.880252735243445,0.06666666666666667,0.017278617710583154,0.9980887045854024
39.92168840101398,0.06666666666666667,0.017278617710583154,0.9980887045854024
39.963124066784516,0.06666666666666667,0.017278617710583154,0.9980887045854024
40.00455973255504,0.06666666666666667,0.017278617710583154,0.9980887045854024
40.04599539832557,0.06666666666666667,0.017278617710583154,0.9980887045854024
40.08743106409611,0.06722689075630252,0.017278617710583154,0.9981057697230328
40.128866729866644,0.06722689075630252,0.017278617710583154,0.9981057697230328
40.17030239563718,0.06722689075630252,0.017278617710583154,0.9981057697230328
40.2117380614077,0.05982905982905983,0.01511879049676026,0.9981228348606631
40.253173727178236,0.05982905982905983,0.01511879049676026,0.9981228348606631
40.29460939294877,0.06086956521739131,0.01511879049676026,0.9981569651359238
40.33604505871931,0.06140350877192982,0.01511879049676026,0.9981740302735541
40.37748072448983,0.06306306306306306,0.01511879049676026,0.9982252256864451
40.418916390260364,0.06306306306306306,0.01511879049676026,0.9982252256864451
40.4603520560309,0.06363636363636363,0.01511879049676026,0.9982422908240755
40.501787721801435,0.06422018348623854,0.01511879049676026,0.9982593559617058
40.54322338757197,0.06481481481481481,0.01511879049676026,0.9982764210993361
40.58465905334249,0.06481481481481481,0.01511879049676026,0.9982764210993361
40.62609471911303,0.06481481481481481,0.01511879049676026,0.9982764210993361
40.66753038488356,0.06542056074766354,0.01511879049676026,0.9982934862369665
40.7089660506541,0.06542056074766354,0.01511879049676026,0.9982934862369665
40.75040171642463,0.06542056074766354,0.01511879049676026,0.9982934862369665
40.791837382195155,0.06542056074766354,0.01511879049676026,0.9982934862369665
40.83327304796569,0.0660377358490566,0.01511879049676026,0.9983105513745968
40.874708713736226,0.0660377358490566,0.01511879049676026,0.9983105513745968
40.91614437950676,0.0660377358490566,0.01511879049676026,0.9983105513745968
40.9575800452773,0.0660377358490566,0.01511879049676026,0.9983105513745968
40.99901571104782,0.0660377358490566,0.01511879049676026,0.9983105513745968
41.04045137681835,0.0660377358490566,0.01511879049676026,0.9983105513745968
41.08188704258889,0.06666666666666667,0.01511879049676026,0.9983276165122271
41.123322708359424,0.06666666666666667,0.01511879049676026,0.9983276165122271
41.16475837412996,0.06666666666666667,0.01511879049676026,0.9983276165122271
41.20619403990048,0.06666666666666667,0.01511879049676026,0.9983276165122271
41.24762970567102,0.06666666666666667,0.01511879049676026,0.9983276165122271
41.28906537144155,0.06666666666666667,0.01511879049676026,0.9983276165122271
41.33050103721209,0.057692307692307696,0.012958963282937365,0.9983276165122271
41.37193670298261,0.05825242718446602,0.012958963282937365,0.9983446816498575
41.413372368753144,0.05825242718446602,0.012958963282937365,0.9983446816498575
41.45480803452368,0.05825242718446602,0.012958963282937365,0.9983446816498575
41.496243700294215,0.05825242718446602,0.012958963282937365,0.9983446816498575
41.53767936606475,0.058823529411764705,0.012958963282937365,0.9983617467874878
41.57911503183527,0.058823529411764705,0.012958963282937365,0.9983617467874878
41.62055069760581,0.058823529411764705,0.012958963282937365,0.9983617467874878
41.66198636337634,0.058823529411764705,0.012958963282937365,0.9983617467874878
41.70342202914688,0.058823529411764705,0.012958963282937365,0.9983617467874878
41.744857694917414,0.0594059405940594,0.012958963282937365,0.9983788119251181
41.786293360687935,0.0594059405940594,0.012958963282937365,0.9983788119251181
41.82772902645847,0.0594059405940594,0.012958963282937365,0.9983788119251181
41.869164692229006,0.06060606060606061,0.012958963282937365,0.9984129422003788
41.91060035799954,0.06060606060606061,0.012958963282937365,0.9984129422003788
41.95203602377008,0.061855670103092786,0.012958963282937365,0.9984470724756395
41.9934716895406,0.061855670103092786,0.012958963282937365,0.9984470724756395
42.034907355311134,0.061855670103092786,0.012958963282937365,0.9984470724756395
42.07634302108167,0.052083333333333336,0.01079913606911447,0.9984470724756395
42.117778686852205,0.05263157894736842,0.01079913606911447,0.9984641376132698
42.159214352622726,0.05263157894736842,0.01079913606911447,0.9984641376132698
42.20065001839326,0.05263157894736842,0.01079913606911447,0.9984641376132698
42.2420856841638,0.05319148936170213,0.01079913606911447,0.9984812027509001
42.28352134993433,0.05319148936170213,0.01079913606911447,0.9984812027509001
42.32495701570487,0.05319148936170213,0.01079913606911447,0.9984812027509001
42.36639268147539,0.05319148936170213,0.01079913606911447,0.9984812027509001
42.407828347245925,0.054945054945054944,0.01079913606911447,0.9985323981637912
42.44926401301646,0.054945054945054944,0.01079913606911447,0.9985323981637912
42.490699678786996,0.056818181818181816,0.01079913606911447,0.9985835935766822
42.53213534455753,0.056818181818181816,0.01079913606911447,0.9985835935766822
42.57357101032805,0.05747126436781609,0.01079913606911447,0.9986006587143126
42.61500667609859,0.05747126436781609,0.01079913606911447,0.9986006587143126
42.65644234186912,0.05747126436781609,0.01079913606911447,0.9986006587143126
42.69787800763966,0.05747126436781609,0.01079913606911447,0.9986006587143126
42.739313673410194,0.058823529411764705,0.01079913606911447,0.9986347889895733
42.780749339180716,0.058823529411764705,0.01079913606911447,0.9986347889895733
42.82218500495125,0.058823529411764705,0.01079913606911447,0.9986347889895733
42.86362067072179,0.058823529411764705,0.01079913606911447,0.9986347889895733
42.90505633649232,0.058823529411764705,0.01079913606911447,0.9986347889895733
42.94649200226286,0.058823529411764705,0.01079913606911447,0.9986347889895733
42.98792766803338,0.058823529411764705,0.01079913606911447,0.9986347889895733
43.029363333803914,0.05952380952380952,0.01079913606911447,0.9986518541272036
43.07079899957445,0.05952380952380952,0.01079913606911447,0.9986518541272036
43.112234665344985,0.05952380952380952,0.01079913606911447,0.9986518541272036
43.15367033111551,0.05952380952380952,0.01079913606911447,0.9986518541272036
43.19510599688604,0.05952380952380952,0.01079913606911447,0.9986518541272036
43.23654166265658,0.060240963855421686,0.01079913606911447,0.9986689192648339
43.27797732842711,0.06097560975609756,0.01079913606911447,0.9986859844024643
43.31941299419765,0.06097560975609756,0.01079913606911447,0.9986859844024643
43.36084865996817,0.06097560975609756,0.01079913606911447,0.9986859844024643
43.402284325738705,0.06097560975609756,0.01079913606911447,0.9986859844024643
43.44371999150924,0.06097560975609756,0.01079913606911447,0.9986859844024643
43.485155657279776,0.0625,0.01079913606911447,0.9987201146777249
43.52659132305031,0.0625,0.01079913606911447,0.9987201146777249
43.56802698882083,0.0625,0.01079913606911447,0.9987201146777249
43.60946265459137,0.06329113924050633,0.01079913606911447,0.9987371798153553
43.650898320361904,0.0641025641025641,0.01079913606911447,0.9987542449529856
43.69233398613244,0.06578947368421052,0.01079913606911447,0.9987883752282463
43.733769651902975,0.06578947368421052,0.01079913606911447,0.9987883752282463
43.775205317673496,0.06578947368421052,0.01079913606911447,0.9987883752282463
43.81664098344403,0.06578947368421052,0.01079913606911447,0.9987883752282463
43.85807664921457,0.06666666666666667,0.01079913606911447,0.9988054403658766
43.8995123149851,0.06756756756756757,0.01079913606911447,0.9988225055035069
43.94094798075564,0.06756756756756757,0.01079913606911447,0.9988225055035069
43.98238364652616,0.0684931506849315,0.01079913606911447,0.9988395706411373
44.023819312296695,0.0684931506849315,0.01079913606911447,0.9988395706411373
44.06525497806723,0.0684931506849315,0.01079913606911447,0.9988395706411373
44.106690643837766,0.06944444444444445,0.01079913606911447,0.9988566357787676
44.14812630960829,0.07042253521126761,0.01079913606911447,0.9988737009163979
44.18956197537882,0.07042253521126761,0.01079913606911447,0.9988737009163979
44.23099764114936,0.07042253521126761,0.01079913606911447,0.9988737009163979
44.27243330691989,0.07042253521126761,0.01079913606911447,0.9988737009163979
44.31386897269043,0.07042253521126761,0.01079913606911447,0.9988737009163979
44.35530463846095,0.07142857142857142,0.01079913606911447,0.9988907660540283
44.396740304231486,0.07246376811594203,0.01079913606911447,0.9989078311916586
44.43817597000202,0.07246376811594203,0.01079913606911447,0.9989078311916586
44.47961163577256,0.07246376811594203,0.01079913606911447,0.9989078311916586
44.52104730154309,0.07246376811594203,0.01079913606911447,0.9989078311916586
44.56248296731361,0.07246376811594203,0.01079913606911447,0.9989078311916586
44.60391863308415,0.07352941176470588,0.01079913606911447,0.9989248963292889
44.645354298854684,0.07352941176470588,0.01079913606911447,0.9989248963292889
44.68678996462522,0.07352941176470588,0.01079913606911447,0.9989248963292889
44.728225630395755,0.07462686567164178,0.01079913606911447,0.9989419614669193
44.76966129616628,0.07462686567164178,0.01079913606911447,0.9989419614669193
44.81109696193681,0.07692307692307693,0.01079913606911447,0.9989760917421799
44.85253262770735,0.07692307692307693,0.01079913606911447,0.9989760917421799
44.89396829347788,0.0625,0.008639308855291577,0.9989760917421799
44.935403959248404,0.0625,0.008639308855291577,0.9989760917421799
44.97683962501894,0.0625,0.008639308855291577,0.9989760917421799
45.018275290789475,0.06349206349206349,0.008639308855291577,0.9989931568798103
45.05971095656001,0.06349206349206349,0.008639308855291577,0.9989931568798103
45.101146622330546,0.06349206349206349,0.008639308855291577,0.9989931568798103
45.14258228810108,0.06349206349206349,0.008639308855291577,0.9989931568798103
45.1840179538716,0.06451612903225806,0.008639308855291577,0.9990102220174406
45.22545361964214,0.06451612903225806,0.008639308855291577,0.9990102220174406
45.266889285412674,0.06666666666666667,0.008639308855291577,0.9990443522927013
45.30832495118321,0.06666666666666667,0.008639308855291577,0.9990443522927013
45.349760616953745,0.06666666666666667,0.008639308855291577,0.9990443522927013
45.391196282724266,0.06666666666666667,0.008639308855291577,0.9990443522927013
45.4326319484948,0.06779661016949153,0.008639308855291577,0.9990614174303316
45.47406761426534,0.06779661016949153,0.008639308855291577,0.9990614174303316
45.51550328003587,0.06896551724137931,0.008639308855291577,0.999078482567962
45.55693894580641,0.07017543859649122,0.008639308855291577,0.9990955477055923
45.59837461157693,0.07017543859649122,0.008639308855291577,0.9990955477055923
45.639810277347465,0.07017543859649122,0.008639308855291577,0.9990955477055923
45.681245943118,0.07017543859649122,0.008639308855291577,0.9990955477055923
45.722681608888536,0.07017543859649122,0.008639308855291577,0.9990955477055923
45.76411727465907,0.07017543859649122,0.008639308855291577,0.9990955477055923
45.80555294042959,0.07017543859649122,0.008639308855291577,0.9990955477055923
45.84698860620013,0.07017543859649122,0.008639308855291577,0.9990955477055923
45.88842427197066,0.07017543859649122,0.008639308855291577,0.9990955477055923
45.9298599377412,0.07142857142857142,0.008639308855291577,0.9991126128432226
45.971295603511734,0.07142857142857142,0.008639308855291577,0.9991126128432226
46.012731269282256,0.07272727272727272,0.008639308855291577,0.999129677980853
46.05416693505279,0.07272727272727272,0.008639308855291577,0.999129677980853
46.09560260082333,0.07272727272727272,0.008639308855291577,0.999129677980853
46.13703826659386,0.07272727272727272,0.008639308855291577,0.999129677980853
46.17847393236438,0.07272727272727272,0.008639308855291577,0.999129677980853
46.21990959813492,0.07272727272727272,0.008639308855291577,0.999129677980853
46.261345263905454,0.07272727272727272,0.008639308855291577,0.999129677980853
46.30278092967599,0.07272727272727272,0.008639308855291577,0.999129677980853
46.344216595446525,0.07272727272727272,0.008639308855291577,0.999129677980853
46.38565226121705,0.07272727272727272,0.008639308855291577,0.999129677980853
46.42708792698758,0.07272727272727272,0.008639308855291577,0.999129677980853
46.46852359275812,0.07272727272727272,0.008639308855291577,0.999129677980853
46.50995925852865,0.07272727272727272,0.008639308855291577,0.999129677980853
46.55139492429919,0.05555555555555555,0.0064794816414686825,0.999129677980853
46.59283059006971,0.05555555555555555,0.0064794816414686825,0.999129677980853
46.634266255840245,0.05660377358490566,0.0064794816414686825,0.9991467431184833
46.67570192161078,0.05660377358490566,0.0064794816414686825,0.9991467431184833
46.717137587381316,0.05660377358490566,0.0064794816414686825,0.9991467431184833
46.75857325315185,0.05660377358490566,0.0064794816414686825,0.9991467431184833
46.80000891892237,0.04,0.004319654427645789,0.999180873393744
46.84144458469291,0.04,0.004319654427645789,0.999180873393744
46.882880250463444,0.04,0.004319654427645789,0.999180873393744
46.92431591623398,0.04,0.004319654427645789,0.999180873393744
46.965751582004515,0.04,0.004319654427645789,0.999180873393744
47.007187247775036,0.04,0.004319654427645789,0.999180873393744
47.04862291354557,0.04,0.004319654427645789,0.999180873393744
47.09005857931611,0.04,0.004319654427645789,0.999180873393744
47.13149424508664,0.04,0.004319654427645789,0.999180873393744
47.172929910857164,0.04081632653061224,0.004319654427645789,0.9991979385313743
47.2143655766277,0.04081632653061224,0.004319654427645789,0.9991979385313743
47.255801242398235,0.04081632653061224,0.004319654427645789,0.9991979385313743
47.29723690816877,0.04081632653061224,0.004319654427645789,0.9991979385313743
47.338672573939306,0.0425531914893617,0.004319654427645789,0.999232068806635
47.38010823970983,0.044444444444444446,0.004319654427645789,0.9992661990818956
47.42154390548036,0.045454545454545456,0.004319654427645789,0.999283264219526
47.4629795712509,0.045454545454545456,0.004319654427645789,0.999283264219526
47.50441523702143,0.045454545454545456,0.004319654427645789,0.999283264219526
47.54585090279197,0.045454545454545456,0.004319654427645789,0.999283264219526
47.58728656856249,0.045454545454545456,0.004319654427645789,0.999283264219526
47.628722234333026,0.045454545454545456,0.004319654427645789,0.999283264219526
47.67015790010356,0.045454545454545456,0.004319654427645789,0.999283264219526
47.7115935658741,0.045454545454545456,0.004319654427645789,0.999283264219526
47.75302923164463,0.045454545454545456,0.004319654427645789,0.999283264219526
47.79446489741515,0.045454545454545456,0.004319654427645789,0.999283264219526
47.83590056318569,0.045454545454545456,0.004319654427645789,0.999283264219526
47.877336228956224,0.045454545454545456,0.004319654427645789,0.999283264219526
47.91877189472676,0.045454545454545456,0.004319654427645789,0.999283264219526
47.96020756049728,0.045454545454545456,0.004319654427645789,0.999283264219526
48.00164322626782,0.045454545454545456,0.004319654427645789,0.999283264219526
48.04307889203835,0.046511627906976744,0.004319654427645789,0.9993003293571563
48.08451455780889,0.046511627906976744,0.004319654427645789,0.9993003293571563
48.12595022357942,0.046511627906976744,0.004319654427645789,0.9993003293571563
48.167385889349944,0.046511627906976744,0.004319654427645789,0.9993003293571563
48.20882155512048,0.046511627906976744,0.004319654427645789,0.9993003293571563
48.250257220891015,0.047619047619047616,0.004319654427645789,0.9993173944947866
48.29169288666155,0.04878048780487805,0.004319654427645789,0.999334459632417
48.333128552432086,0.04878048780487805,0.004319654427645789,0.999334459632417
48.37456421820261,0.05,0.004319654427645789,0.9993515247700473
48.41599988397314,0.05,0.004319654427645789,0.9993515247700473
48.45743554974368,0.05,0.004319654427645789,0.9993515247700473
48.498871215514214,0.05128205128205128,0.004319654427645789,0.9993685899076776
48.54030688128475,0.05128205128205128,0.004319654427645789,0.9993685899076776
48.58174254705527,0.05128205128205128,0.004319654427645789,0.9993685899076776
48.623178212825806,0.05128205128205128,0.004319654427645789,0.9993685899076776
48.66461387859634,0.05263157894736842,0.004319654427645789,0.999385655045308
48.70604954436688,0.05263157894736842,0.004319654427645789,0.999385655045308
48.74748521013741,0.05263157894736842,0.004319654427645789,0.999385655045308
48.788920875907934,0.05263157894736842,0.004319654427645789,0.999385655045308
48.83035654167847,0.05263157894736842,0.004319654427645789,0.999385655045308
48.871792207449005,0.05405405405405406,0.004319654427645789,0.9994027201829383
48.91322787321954,0.05555555555555555,0.004319654427645789,0.9994197853205686
48.95466353899006,0.05714285714285714,0.004319654427645789,0.999436850458199
48.9960992047606,0.06060606060606061,0.004319654427645789,0.9994709807334596
49.03753487053113,0.06060606060606061,0.004319654427645789,0.9994709807334596
49.07897053630167,0.06060606060606061,0.004319654427645789,0.9994709807334596
49.1204062020722,0.06060606060606061,0.004319654427645789,0.9994709807334596
49.161841867842725,0.0625,0.004319654427645789,0.99948804587109
49.20327753361326,0.0625,0.004319654427645789,0.99948804587109
49.244713199383796,0.0625,0.004319654427645789,0.99948804587109
49.28614886515433,0.0625,0.004319654427645789,0.99948804587109
49.32758453092487,0.06666666666666667,0.004319654427645789,0.9995221761463506
49.36902019669539,0.06666666666666667,0.004319654427645789,0.9995221761463506
49.41045586246592,0.06666666666666667,0.004319654427645789,0.9995221761463506
49.45189152823646,0.06666666666666667,0.004319654427645789,0.9995221761463506
49.493327194006994,0.06666666666666667,0.004319654427645789,0.9995221761463506
49.53476285977753,0.06666666666666667,0.004319654427645789,0.9995221761463506
49.57619852554805,0.06666666666666667,0.004319654427645789,0.9995221761463506
49.61763419131859,0.06666666666666667,0.004319654427645789,0.9995221761463506
49.65906985708912,0.06666666666666667,0.004319654427645789,0.9995221761463506
49.70050552285966,0.06666666666666667,0.004319654427645789,0.9995221761463506
49.74194118863019,0.06666666666666667,0.004319654427645789,0.9995221761463506
49.783376854400714,0.06666666666666667,0.004319654427645789,0.9995221761463506
49.82481252017125,0.06666666666666667,0.004319654427645789,0.9995221761463506
49.866248185941785,0.06666666666666667,0.004319654427645789,0.9995221761463506
49.90768385171232,0.06666666666666667,0.004319654427645789,0.9995221761463506
49.94911951748284,0.06666666666666667,0.004319654427645789,0.9995221761463506
49.99055518325338,0.06896551724137931,0.004319654427645789,0.999539241283981
50.03199084902391,0.06896551724137931,0.004319654427645789,0.999539241283981
50.07342651479445,0.07692307692307693,0.004319654427645789,0.999590436696872
50.114862180564984,0.07692307692307693,0.004319654427645789,0.999590436696872
50.156297846335505,0.08,0.004319654427645789,0.9996075018345023
50.19773351210604,0.08,0.004319654427645789,0.9996075018345023
50.239169177876576,0.08,0.004319654427645789,0.9996075018345023
50.28060484364711,0.08333333333333333,0.004319654427645789,0.9996245669721326
50.32204050941765,0.08333333333333333,0.004319654427645789,0.9996245669721326
50.36347617518817,0.08333333333333333,0.004319654427645789,0.9996245669721326
50.404911840958704,0.043478260869565216,0.0021598272138228943,0.9996245669721326
50.44634750672924,0.043478260869565216,0.0021598272138228943,0.9996245669721326
50.487783172499775,0.043478260869565216,0.0021598272138228943,0.9996245669721326
50.52921883827031,0.043478260869565216,0.0021598272138228943,0.9996245669721326
50.57065450404083,0.043478260869565216,0.0021598272138228943,0.9996245669721326
50.61209016981137,0.043478260869565216,0.0021598272138228943,0.9996245669721326
50.6535258355819,0.045454545454545456,0.0021598272138228943,0.999641632109763
50.69496150135244,0.045454545454545456,0.0021598272138228943,0.999641632109763
50.73639716712296,0.045454545454545456,0.0021598272138228943,0.999641632109763
50.777832832893495,0.045454545454545456,0.0021598272138228943,0.999641632109763
50.81926849866403,0.045454545454545456,0.0021598272138228943,0.999641632109763
50.860704164434566,0.045454545454545456,0.0021598272138228943,0.999641632109763
50.9021398302051,0.045454545454545456,0.0021598272138228943,0.999641632109763
50.94357549597562,0.045454545454545456,0.0021598272138228943,0.999641632109763
50.98501116174616,0.045454545454545456,0.0021598272138228943,0.999641632109763
51.02644682751669,0.047619047619047616,0.0021598272138228943,0.9996586972473933
51.06788249328723,0.05,0.0021598272138228943,0.9996757623850236
51.109318159057764,0.05,0.0021598272138228943,0.9996757623850236
51.150753824828286,0.05,0.0021598272138228943,0.9996757623850236
51.19218949059882,0.05,0.0021598272138228943,0.9996757623850236
51.23362515636936,0.05,0.0021598272138228943,0.9996757623850236
51.27506082213989,0.05,0.0021598272138228943,0.9996757623850236
51.31649648791043,0.05,0.0021598272138228943,0.9996757623850236
51.35793215368095,0.05,0.0021598272138228943,0.9996757623850236
51.399367819451484,0.05,0.0021598272138228943,0.9996757623850236
51.44080348522202,0.05,0.0021598272138228943,0.9996757623850236
51.482239150992555,0.05,0.0021598272138228943,0.9996757623850236
51.52367481676309,0.05,0.0021598272138228943,0.9996757623850236
51.56511048253361,0.05,0.0021598272138228943,0.9996757623850236
51.60654614830415,0.05,0.0021598272138228943,0.9996757623850236
51.64798181407468,0.05,0.0021598272138228943,0.9996757623850236
51.68941747984522,0.05,0.0021598272138228943,0.9996757623850236
51.73085314561574,0.05,0.0021598272138228943,0.9996757623850236
51.772288811386275,0.05,0.0021598272138228943,0.9996757623850236
51.81372447715681,0.05,0.0021598272138228943,0.9996757623850236
51.855160142927346,0.05,0.0021598272138228943,0.9996757623850236
51.89659580869788,0.05,0.0021598272138228943,0.9996757623850236
51.9380314744684,0.05,0.0021598272138228943,0.9996757623850236
51.97946714023894,0.05,0.0021598272138228943,0.9996757623850236
52.020902806009474,0.05,0.0021598272138228943,0.9996757623850236
52.06233847178001,0.05,0.0021598272138228943,0.9996757623850236
52.103774137550545,0.05263157894736842,0.0021598272138228943,0.999692827522654
52.145209803321066,0.05263157894736842,0.0021598272138228943,0.999692827522654
52.1866454690916,0.05263157894736842,0.0021598272138228943,0.999692827522654
52.22808113486214,0.05263157894736842,0.0021598272138228943,0.999692827522654
52.26951680063267,0.05263157894736842,0.0021598272138228943,0.999692827522654
52.31095246640321,0.05263157894736842,0.0021598272138228943,0.999692827522654
52.35238813217373,0.05555555555555555,0.0021598272138228943,0.9997098926602843
52.393823797944265,0.05555555555555555,0.0021598272138228943,0.9997098926602843
52.4352594637148,0.0625,0.0021598272138228943,0.999744022935545
52.476695129485336,0.0625,0.0021598272138228943,0.999744022935545
52.51813079525587,0.0625,0.0021598272138228943,0.999744022935545
52.55956646102639,0.0625,0.0021598272138228943,0.999744022935545
52.60100212679693,0.0625,0.0021598272138228943,0.999744022935545
52.64243779256746,0.0625,0.0021598272138228943,0.999744022935545
52.683873458338,0.0625,0.0021598272138228943,0.999744022935545
52.72530912410852,0.0625,0.0021598272138228943,0.999744022935545
52.766744789879056,0.06666666666666667,0.0021598272138228943,0.9997610880731753
52.80818045564959,0.06666666666666667,0.0021598272138228943,0.9997610880731753
52.84961612142013,0.06666666666666667,0.0021598272138228943,0.9997610880731753
52.89105178719066,0.06666666666666667,0.0021598272138228943,0.9997610880731753
52.93248745296118,0.06666666666666667,0.0021598272138228943,0.9997610880731753
52.97392311873172,0.06666666666666667,0.0021598272138228943,0.9997610880731753
53.015358784502254,0.06666666666666667,0.0021598272138228943,0.9997610880731753
53.05679445027279,0.07142857142857142,0.0021598272138228943,0.9997781532108057
53.098230116043325,0.07142857142857142,0.0021598272138228943,0.9997781532108057
53.13966578181385,0.07142857142857142,0.0021598272138228943,0.9997781532108057
53.18110144758438,0.07142857142857142,0.0021598272138228943,0.9997781532108057
53.22253711335492,0.07142857142857142,0.0021598272138228943,0.9997781532108057
53.26397277912545,0.07142857142857142,0.0021598272138228943,0.9997781532108057
53.30540844489599,0.07692307692307693,0.0021598272138228943,0.999795218348436
53.34684411066651,0.07692307692307693,0.0021598272138228943,0.999795218348436
53.388279776437045,0.07692307692307693,0.0021598272138228943,0.999795218348436
53.42971544220758,0.07692307692307693,0.0021598272138228943,0.999795218348436
53.471151107978116,0.08333333333333333,0.0021598272138228943,0.9998122834860663
53.51258677374864,0.08333333333333333,0.0021598272138228943,0.9998122834860663
53.55402243951917,0.08333333333333333,0.0021598272138228943,0.9998122834860663
53.59545810528971,0.08333333333333333,0.0021598272138228943,0.9998122834860663
53.636893771060244,0.08333333333333333,0.0021598272138228943,0.9998122834860663
53.67832943683078,0.08333333333333333,0.0021598272138228943,0.9998122834860663
53.7197651026013,0.08333333333333333,0.0021598272138228943,0.9998122834860663
53.761200768371836,0.08333333333333333,0.0021598272138228943,0.9998122834860663
53.80263643414237,0.08333333333333333,0.0021598272138228943,0.9998122834860663
53.84407209991291,0.08333333333333333,0.0021598272138228943,0.9998122834860663
53.88550776568344,0.08333333333333333,0.0021598272138228943,0.9998122834860663
53.926943431453964,0.08333333333333333,0.0021598272138228943,0.9998122834860663
53.9683790972245,0.08333333333333333,0.0021598272138228943,0.9998122834860663
54.009814762995035,0.08333333333333333,0.0021598272138228943,0.9998122834860663
54.05125042876557,0.08333333333333333,0.0021598272138228943,0.9998122834860663
54.092686094536106,0.08333333333333333,0.0021598272138228943,0.9998122834860663
54.13412176030663,0.08333333333333333,0.0021598272138228943,0.9998122834860663
54.17555742607716,0.08333333333333333,0.0021598272138228943,0.9998122834860663
54.2169930918477,0.08333333333333333,0.0021598272138228943,0.9998122834860663
54.25842875761823,0.08333333333333333,0.0021598272138228943,0.9998122834860663
54.29986442338877,0.08333333333333333,0.0021598272138228943,0.9998122834860663
54.34130008915929,0.08333333333333333,0.0021598272138228943,0.9998122834860663
54.382735754929826,0.08333333333333333,0.0021598272138228943,0.9998122834860663
54.42417142070036,0.08333333333333333,0.0021598272138228943,0.9998122834860663
54.4656070864709,0.08333333333333333,0.0021598272138228943,0.9998122834860663
54.50704275224142,0.08333333333333333,0.0021598272138228943,0.9998122834860663
54.54847841801195,0.08333333333333333,0.0021598272138228943,0.9998122834860663
54.58991408378249,0.08333333333333333,0.0021598272138228943,0.9998122834860663
54.631349749553024,0.09090909090909091,0.0021598272138228943,0.9998293486236967
54.67278541532356,0.09090909090909091,0.0021598272138228943,0.9998293486236967
54.71422108109408,0.09090909090909091,0.0021598272138228943,0.9998293486236967
54.75565674686462,0.09090909090909091,0.0021598272138228943,0.9998293486236967
54.79709241263515,0.09090909090909091,0.0021598272138228943,0.9998293486236967
54.83852807840569,0.09090909090909091,0.0021598272138228943,0.9998293486236967
54.87996374417622,0.09090909090909091,0.0021598272138228943,0.9998293486236967
54.921399409946744,0.1,0.0021598272138228943,0.999846413761327
54.96283507571728,0.1,0.0021598272138228943,0.999846413761327
55.004270741487815,0.1,0.0021598272138228943,0.999846413761327
55.04570640725835,0.1111111111111111,0.0021598272138228943,0.9998634788989573
55.087142073028886,0.1111111111111111,0.0021598272138228943,0.9998634788989573
55.12857773879941,0.1111111111111111,0.0021598272138228943,0.9998634788989573
55.17001340456994,0.1111111111111111,0.0021598272138228943,0.9998634788989573
55.21144907034048,0.1111111111111111,0.0021598272138228943,0.9998634788989573
55.252884736111014,0.1111111111111111,0.0021598272138228943,0.9998634788989573
55.29432040188155,0.1111111111111111,0.0021598272138228943,0.9998634788989573
55.33575606765207,0.1111111111111111,0.0021598272138228943,0.9998634788989573
55.377191733422606,0.1111111111111111,0.0021598272138228943,0.9998634788989573
55.41862739919314,0.1111111111111111,0.0021598272138228943,0.9998634788989573
55.46006306496368,0.1111111111111111,0.0021598272138228943,0.9998634788989573
55.5014987307342,0.1111111111111111,0.0021598272138228943,0.9998634788989573
55.542934396504734,0.1111111111111111,0.0021598272138228943,0.9998634788989573
55.58437006227527,0.1111111111111111,0.0021598272138228943,0.9998634788989573
55.625805728045805,0.1111111111111111,0.0021598272138228943,0.9998634788989573
55.66724139381634,0.1111111111111111,0.0021598272138228943,0.9998634788989573
55.70867705958686,0.125,0.0021598272138228943,0.9998805440365877
55.7501127253574,0.125,0.0021598272138228943,0.9998805440365877
55.79154839112793,0.125,0.0021598272138228943,0.9998805440365877
55.83298405689847,0.125,0.0021598272138228943,0.9998805440365877
55.874419722669,0.125,0.0021598272138228943,0.9998805440365877
55.915855388439525,0.125,0.0021598272138228943,0.9998805440365877
55.95729105421006,0.125,0.0021598272138228943,0.9998805440365877
55.998726719980596,0.125,0.0021598272138228943,0.9998805440365877
56.04016238575113,0.125,0.0021598272138228943,0.9998805440365877
56.08159805152167,0.125,0.0021598272138228943,0.9998805440365877
56.12303371729219,0.125,0.0021598272138228943,0.9998805440365877
56.16446938306272,0.125,0.0021598272138228943,0.9998805440365877
56.20590504883326,0.14285714285714285,0.0021598272138228943,0.999897609174218
56.247340714603794,0.14285714285714285,0.0021598272138228943,0.999897609174218
56.288776380374316,0.14285714285714285,0.0021598272138228943,0.999897609174218
56.33021204614485,0.14285714285714285,0.0021598272138228943,0.999897609174218
56.37164771191539,0.14285714285714285,0.0021598272138228943,0.999897609174218
56.41308337768592,0.14285714285714285,0.0021598272138228943,0.999897609174218
56.45451904345646,0.14285714285714285,0.0021598272138228943,0.999897609174218
56.49595470922698,0.14285714285714285,0.0021598272138228943,0.999897609174218
56.537390374997514,0.14285714285714285,0.0021598272138228943,0.999897609174218
56.57882604076805,0.14285714285714285,0.0021598272138228943,0.999897609174218
56.620261706538585,0.14285714285714285,0.0021598272138228943,0.999897609174218
56.66169737230912,0.14285714285714285,0.0021598272138228943,0.999897609174218
56.70313303807964,0.14285714285714285,0.0021598272138228943,0.999897609174218
56.74456870385018,0.14285714285714285,0.0021598272138228943,0.999897609174218
56.78600436962071,0.14285714285714285,0.0021598272138228943,0.999897609174218
56.82744003539125,0.14285714285714285,0.0021598272138228943,0.999897609174218
56.868875701161784,0.14285714285714285,0.0021598272138228943,0.999897609174218
56.910311366932305,0.14285714285714285,0.0021598272138228943,0.999897609174218
56.95174703270284,0.14285714285714285,0.0021598272138228943,0.999897609174218
56.993182698473376,0.14285714285714285,0.0021598272138228943,0.999897609174218
57.03461836424391,0.14285714285714285,0.0021598272138228943,0.999897609174218
57.07605403001445,0.14285714285714285,0.0021598272138228943,0.999897609174218
57.11748969578497,0.14285714285714285,0.0021598272138228943,0.999897609174218
57.158925361555504,0.14285714285714285,0.0021598272138228943,0.999897609174218
57.20036102732604,0.14285714285714285,0.0021598272138228943,0.999897609174218
57.241796693096575,0.14285714285714285,0.0021598272138228943,0.999897609174218
57.283232358867096,0.14285714285714285,0.0021598272138228943,0.999897609174218
57.32466802463763,0.14285714285714285,0.0021598272138228943,0.999897609174218
57.36610369040817,0.14285714285714285,0.0021598272138228943,0.999897609174218
57.4075393561787,0.14285714285714285,0.0021598272138228943,0.999897609174218
57.44897502194924,0.14285714285714285,0.0021598272138228943,0.999897609174218
57.49041068771976,0.14285714285714285,0.0021598272138228943,0.999897609174218
57.531846353490295,0.14285714285714285,0.0021598272138228943,0.999897609174218
57.57328201926083,0.14285714285714285,0.0021598272138228943,0.999897609174218
57.614717685031366,0.14285714285714285,0.0021598272138228943,0.999897609174218
57.6561533508019,0.14285714285714285,0.0021598272138228943,0.999897609174218
57.69758901657242,0.14285714285714285,0.0021598272138228943,0.999897609174218
57.73902468234296,0.16666666666666666,0.0021598272138228943,0.9999146743118483
57.78046034811349,0.16666666666666666,0.0021598272138228943,0.9999146743118483
57.82189601388403,0.16666666666666666,0.0021598272138228943,0.9999146743118483
57.863331679654564,0.16666666666666666,0.0021598272138228943,0.9999146743118483
57.904767345425086,0.16666666666666666,0.0021598272138228943,0.9999146743118483
57.94620301119562,0.16666666666666666,0.0021598272138228943,0.9999146743118483
57.98763867696616,0.16666666666666666,0.0021598272138228943,0.9999146743118483
58.02907434273669,0.16666666666666666,0.0021598272138228943,0.9999146743118483
58.07051000850721,0.16666666666666666,0.0021598272138228943,0.9999146743118483
58.11194567427775,0.16666666666666666,0.0021598272138228943,0.9999146743118483
58.153381340048284,0.16666666666666666,0.0021598272138228943,0.9999146743118483
58.19481700581882,0.16666666666666666,0.0021598272138228943,0.9999146743118483
58.236252671589355,0.16666666666666666,0.0021598272138228943,0.9999146743118483
58.277688337359876,0.16666666666666666,0.0021598272138228943,0.9999146743118483
58.31912400313041,0.16666666666666666,0.0021598272138228943,0.9999146743118483
58.36055966890095,0.16666666666666666,0.0021598272138228943,0.9999146743118483
58.40199533467148,0.2,0.0021598272138228943,0.9999317394494787
58.44343100044202,0.2,0.0021598272138228943,0.9999317394494787
58.48486666621254,0.2,0.0021598272138228943,0.9999317394494787
58.526302331983075,0.2,0.0021598272138228943,0.9999317394494787
58.56773799775361,0.2,0.0021598272138228943,0.9999317394494787
58.609173663524146,0.2,0.0021598272138228943,0.9999317394494787
58.65060932929468,0.2,0.0021598272138228943,0.9999317394494787
58.6920449950652,0.2,0.0021598272138228943,0.9999317394494787
58.73348066083574,0.2,0.0021598272138228943,0.9999317394494787
58.774916326606274,0.2,0.0021598272138228943,0.9999317394494787
58.81635199237681,0.2,0.0021598272138228943,0.9999317394494787
58.857787658147345,0.2,0.0021598272138228943,0.9999317394494787
58.899223323917866,0.2,0.0021598272138228943,0.9999317394494787
58.9406589896884,0.2,0.0021598272138228943,0.9999317394494787
58.98209465545894,0.2,0.0021598272138228943,0.9999317394494787
59.02353032122947,0.25,0.0021598272138228943,0.999948804587109
59.064965986999994,0.25,0.0021598272138228943,0.999948804587109
59.10640165277053,0.25,0.0021598272138228943,0.999948804587109
59.147837318541065,0.25,0.0021598272138228943,0.999948804587109
59.1892729843116,0.25,0.0021598272138228943,0.999948804587109
59.230708650082136,0.25,0.0021598272138228943,0.999948804587109
59.27214431585266,0.25,0.0021598272138228943,0.999948804587109
59.31357998162319,0.25,0.0021598272138228943,0.999948804587109
59.35501564739373,0.25,0.0021598272138228943,0.999948804587109
59.39645131316426,0.25,0.0021598272138228943,0.999948804587109
59.4378869789348,0.25,0.0021598272138228943,0.999948804587109
59.47932264470532,0.25,0.0021598272138228943,0.999948804587109
59.520758310475856,0.25,0.0021598272138228943,0.999948804587109
59.56219397624639,0.25,0.0021598272138228943,0.999948804587109
59.60362964201693,0.25,0.0021598272138228943,0.999948804587109
59.64506530778746,0.25,0.0021598272138228943,0.999948804587109
59.68650097355798,0.25,0.0021598272138228943,0.999948804587109
59.72793663932852,0.25,0.0021598272138228943,0.999948804587109
59.769372305099054,0.25,0.0021598272138228943,0.999948804587109
59.81080797086959,0.25,0.0021598272138228943,0.999948804587109
59.852243636640125,0.25,0.0021598272138228943,0.999948804587109
59.893679302410646,0.25,0.0021598272138228943,0.999948804587109
59.93511496818118,0.25,0.0021598272138228943,0.999948804587109
59.97655063395172,0.25,0.0021598272138228943,0.999948804587109
60.01798629972225,0.25,0.0021598272138228943,0.999948804587109
60.059421965492774,0.0,0.0,0.999948804587109
60.10085763126331,0.0,0.0,0.999948804587109
60.142293297033845,0.0,0.0,0.999948804587109
60.18372896280438,0.0,0.0,0.999948804587109
60.225164628574916,0.0,0.0,0.999948804587109
60.26660029434544,0.0,0.0,0.999948804587109
60.30803596011597,0.0,0.0,0.999948804587109
60.34947162588651,0.0,0.0,0.999948804587109
60.390907291657044,0.0,0.0,0.999948804587109
60.43234295742758,0.0,0.0,0.999948804587109
60.4737786231981,0.0,0.0,0.999948804587109
60.515214288968636,0.0,0.0,0.999948804587109
60.55664995473917,0.0,0.0,0.999948804587109
60.59808562050971,0.0,0.0,0.999948804587109
60.63952128628024,0.0,0.0,0.999948804587109
60.680956952050764,0.0,0.0,0.999948804587109
60.7223926178213,0.0,0.0,0.999948804587109
60.763828283591835,0.0,0.0,0.999948804587109
60.80526394936237,0.0,0.0,0.999948804587109
60.84669961513289,0.0,0.0,0.999948804587109
60.88813528090343,0.0,0.0,0.999948804587109
60.92957094667396,0.0,0.0,0.999948804587109
60.9710066124445,0.0,0.0,0.999948804587109
61.01244227821503,0.0,0.0,0.999948804587109
61.053877943985555,0.0,0.0,0.9999658697247393
61.09531360975609,0.0,0.0,0.9999658697247393
61.136749275526626,0.0,0.0,0.9999658697247393
61.17818494129716,0.0,0.0,0.9999658697247393
61.2196206070677,0.0,0.0,0.9999658697247393
61.26105627283822,0.0,0.0,0.9999658697247393
61.30249193860875,0.0,0.0,0.9999658697247393
61.34392760437929,0.0,0.0,0.9999658697247393
61.385363270149824,0.0,0.0,0.9999658697247393
61.42679893592036,0.0,0.0,0.9999658697247393
61.46823460169088,0.0,0.0,0.9999658697247393
61.509670267461416,0.0,0.0,0.9999658697247393
61.55110593323195,0.0,0.0,0.9999658697247393
61.59254159900249,0.0,0.0,0.9999658697247393
61.63397726477302,0.0,0.0,0.9999658697247393
61.675412930543544,0.0,0.0,0.9999658697247393
61.71684859631408,0.0,0.0,0.9999658697247393
61.758284262084615,0.0,0.0,0.9999658697247393
61.79971992785515,0.0,0.0,0.9999829348623697
61.84115559362567,0.0,0.0,0.9999829348623697
61.88259125939621,0.0,0.0,0.9999829348623697
61.92402692516674,0.0,0.0,0.9999829348623697
61.96546259093728,0.0,0.0,0.9999829348623697
62.006898256707814,0.0,0.0,0.9999829348623697
62.048333922478335,0.0,0.0,0.9999829348623697
62.08976958824887,0.0,0.0,0.9999829348623697
62.131205254019406,0.0,0.0,0.9999829348623697
62.17264091978994,0.0,0.0,0.9999829348623697
62.21407658556048,0.0,0.0,0.9999829348623697
62.255512251331,0.0,0.0,0.9999829348623697
62.296947917101534,0.0,0.0,0.9999829348623697
62.33838358287207,0.0,0.0,0.9999829348623697
62.379819248642605,0.0,0.0,0.9999829348623697
62.42125491441314,0.0,0.0,0.9999829348623697
62.46269058018366,0.0,0.0,0.9999829348623697
62.5041262459542,0.0,0.0,0.9999829348623697
62.54556191172473,0.0,0.0,0.9999829348623697
62.58699757749527,0.0,0.0,0.9999829348623697
62.6284332432658,0.0,0.0,0.9999829348623697
62.669868909036325,0.0,0.0,0.9999829348623697
62.71130457480686,0.0,0.0,0.9999829348623697
62.752740240577396,0.0,0.0,0.9999829348623697
62.79417590634793,0.0,0.0,0.9999829348623697
62.83561157211845,0.0,0.0,0.9999829348623697
62.87704723788899,0.0,0.0,0.9999829348623697
62.91848290365952,0.0,0.0,0.9999829348623697
62.95991856943006,0.0,0.0,0.9999829348623697
63.001354235200594,0.0,0.0,0.9999829348623697
63.042789900971115,0.0,0.0,0.9999829348623697
63.08422556674165,0.0,0.0,0.9999829348623697
63.125661232512186,0.0,0.0,0.9999829348623697
63.16709689828272,0.0,0.0,0.9999829348623697
63.20853256405326,0.0,0.0,0.9999829348623697
63.24996822982378,0.0,0.0,0.9999829348623697
63.291403895594314,0.0,0.0,0.9999829348623697
63.33283956136485,0.0,0.0,0.9999829348623697
63.374275227135385,0.0,0.0,0.9999829348623697
63.41571089290592,0.0,0.0,0.9999829348623697
63.45714655867644,0.0,0.0,0.9999829348623697
63.49858222444698,0.0,0.0,0.9999829348623697
63.54001789021751,0.0,0.0,0.9999829348623697
63.58145355598805,0.0,0.0,0.9999829348623697
63.62288922175857,0.0,0.0,0.9999829348623697
63.664324887529105,0.0,0.0,0.9999829348623697
63.70576055329964,0.0,0.0,0.9999829348623697
63.747196219070176,0.0,0.0,0.9999829348623697
63.78863188484071,0.0,0.0,0.9999829348623697
63.83006755061123,0.0,0.0,0.9999829348623697
63.87150321638176,0.0,0.0,0.9999829348623697
