Threshold,Precision,Recall,Specificity
-19.367825842006415,0.00821170972875961,1.0,0.0
-19.32474185618001,0.008211848766529521,1.0,1.7071546852860337e-05
-19.281657870353612,0.008211848766529521,1.0,1.7071546852860337e-05
-19.23857388452721,0.008211987809007788,1.0,3.4143093705720675e-05
-19.19548989870081,0.008211987809007788,1.0,3.4143093705720675e-05
-19.152405912874407,0.008211987809007788,1.0,3.4143093705720675e-05
-19.109321927048004,0.008211987809007788,1.0,3.4143093705720675e-05
-19.066237941221605,0.008211987809007788,1.0,3.4143093705720675e-05
-19.023153955395202,0.008211987809007788,1.0,3.4143093705720675e-05
-18.980069969568802,0.008211987809007788,1.0,3.4143093705720675e-05
-18.9369859837424,0.008211987809007788,1.0,3.4143093705720675e-05
-18.893901997915997,0.008211987809007788,1.0,3.4143093705720675e-05
-18.850818012089597,0.008211987809007788,1.0,3.4143093705720675e-05
-18.807734026263194,0.008211987809007788,1.0,3.4143093705720675e-05
-18.764650040436795,0.008211987809007788,1.0,3.4143093705720675e-05
-18.721566054610392,0.008211987809007788,1.0,3.4143093705720675e-05
-18.67848206878399,0.008212126856194654,1.0,5.121464055858101e-05
-18.63539808295759,0.008212126856194654,1.0,5.121464055858101e-05
-18.592314097131187,0.008212126856194654,1.0,5.121464055858101e-05
-18.549230111304787,0.008212126856194654,1.0,5.121464055858101e-05
-18.506146125478384,0.008212126856194654,1.0,5.121464055858101e-05
-18.46306213965198,0.008212126856194654,1.0,5.121464055858101e-05
-18.419978153825582,0.008212126856194654,1.0,5.121464055858101e-05
-18.37689416799918,0.008212126856194654,1.0,5.121464055858101e-05
-18.33381018217278,0.008212126856194654,1.0,5.121464055858101e-05
-18.290726196346377,0.008212126856194654,1.0,5.121464055858101e-05
-18.247642210519977,0.008212126856194654,1.0,5.121464055858101e-05
-18.204558224693574,0.008212126856194654,1.0,5.121464055858101e-05
-18.16147423886717,0.008212126856194654,1.0,5.121464055858101e-05
-18.118390253040772,0.008212126856194654,1.0,5.121464055858101e-05
-18.07530626721437,0.008212126856194654,1.0,5.121464055858101e-05
-18.03222228138797,0.008212126856194654,1.0,5.121464055858101e-05
-17.989138295561567,0.008212126856194654,1.0,5.121464055858101e-05
-17.946054309735164,0.008212126856194654,1.0,5.121464055858101e-05
-17.902970323908765,0.008212126856194654,1.0,5.121464055858101e-05
-17.85988633808236,0.008212126856194654,1.0,5.121464055858101e-05
-17.816802352255962,0.008212126856194654,1.0,5.121464055858101e-05
-17.77371836642956,0.008212126856194654,1.0,5.121464055858101e-05
-17.730634380603156,0.008212265908090351,1.0,6.828618741144135e-05
-17.687550394776757,0.008212265908090351,1.0,6.828618741144135e-05
-17.644466408950354,0.008212265908090351,1.0,6.828618741144135e-05
-17.601382423123955,0.008212265908090351,1.0,6.828618741144135e-05
-17.55829843729755,0.008212265908090351,1.0,6.828618741144135e-05
-17.51521445147115,0.008212265908090351,1.0,6.828618741144135e-05
-17.47213046564475,0.008212265908090351,1.0,6.828618741144135e-05
-17.429046479818346,0.008212265908090351,1.0,6.828618741144135e-05
-17.385962493991947,0.008212265908090351,1.0,6.828618741144135e-05
-17.342878508165544,0.008212265908090351,1.0,6.828618741144135e-05
-17.29979452233914,0.008212265908090351,1.0,6.828618741144135e-05
-17.256710536512742,0.008212265908090351,1.0,6.828618741144135e-05
-17.21362655068634,0.008212265908090351,1.0,6.828618741144135e-05
-17.17054256485994,0.008212265908090351,1.0,6.828618741144135e-05
-17.127458579033537,0.008212265908090351,1.0,6.828618741144135e-05
-17.084374593207134,0.008212265908090351,1.0,6.828618741144135e-05
-17.041290607380734,0.008212265908090351,1.0,6.828618741144135e-05
-16.99820662155433,0.008212265908090351,1.0,6.828618741144135e-05
-16.955122635727932,0.008212265908090351,1.0,6.828618741144135e-05
-16.91203864990153,0.008212265908090351,1.0,6.828618741144135e-05
-16.868954664075126,0.008212265908090351,1.0,6.828618741144135e-05
-16.825870678248727,0.008212265908090351,1.0,6.828618741144135e-05
-16.782786692422324,0.008212265908090351,1.0,6.828618741144135e-05
-16.739702706595924,0.008212265908090351,1.0,6.828618741144135e-05
-16.69661872076952,0.008212265908090351,1.0,6.828618741144135e-05
-16.653534734943122,0.008212265908090351,1.0,6.828618741144135e-05
-16.61045074911672,0.008212265908090351,1.0,6.828618741144135e-05
-16.567366763290316,0.008212265908090351,1.0,6.828618741144135e-05
-16.524282777463917,0.008212265908090351,1.0,6.828618741144135e-05
-16.481198791637514,0.008212265908090351,1.0,6.828618741144135e-05
-16.43811480581111,0.008212265908090351,1.0,6.828618741144135e-05
-16.39503081998471,0.008212265908090351,1.0,6.828618741144135e-05
-16.35194683415831,0.008212265908090351,1.0,6.828618741144135e-05
-16.30886284833191,0.008212265908090351,1.0,6.828618741144135e-05
-16.265778862505506,0.008212265908090351,1.0,6.828618741144135e-05
-16.222694876679107,0.008212265908090351,1.0,6.828618741144135e-05
-16.179610890852704,0.008212265908090351,1.0,6.828618741144135e-05
-16.1365269050263,0.008212265908090351,1.0,6.828618741144135e-05
-16.0934429191999,0.008212265908090351,1.0,6.828618741144135e-05
-16.0503589333735,0.008212265908090351,1.0,6.828618741144135e-05
-16.007274947547096,0.008212404964695125,1.0,8.53577342643017e-05
-15.964190961720696,0.008212404964695125,1.0,8.53577342643017e-05
-15.921106975894295,0.008212404964695125,1.0,8.53577342643017e-05
-15.878022990067894,0.008212404964695125,1.0,8.53577342643017e-05
-15.834939004241491,0.008212404964695125,1.0,8.53577342643017e-05
-15.79185501841509,0.008212404964695125,1.0,8.53577342643017e-05
-15.748771032588689,0.008212404964695125,1.0,8.53577342643017e-05
-15.705687046762288,0.008212404964695125,1.0,8.53577342643017e-05
-15.662603060935886,0.008212404964695125,1.0,8.53577342643017e-05
-15.619519075109483,0.008212404964695125,1.0,8.53577342643017e-05
-15.576435089283082,0.008212404964695125,1.0,8.53577342643017e-05
-15.533351103456681,0.008212404964695125,1.0,8.53577342643017e-05
-15.49026711763028,0.008212404964695125,1.0,8.53577342643017e-05
-15.447183131803879,0.008212404964695125,1.0,8.53577342643017e-05
-15.404099145977476,0.008212404964695125,1.0,8.53577342643017e-05
-15.361015160151075,0.00821268309203285,1.0,0.00011950082797002237
-15.317931174324674,0.00821268309203285,1.0,0.00011950082797002237
-15.274847188498272,0.00821268309203285,1.0,0.00011950082797002237
-15.231763202671871,0.008212822162766281,1.0,0.0001365723748228827
-15.188679216845468,0.008212822162766281,1.0,0.0001365723748228827
-15.145595231019067,0.008212822162766281,1.0,0.0001365723748228827
-15.102511245192666,0.008212822162766281,1.0,0.0001365723748228827
-15.059427259366265,0.008212961238209743,1.0,0.00015364392167574304
-15.016343273539864,0.008213100318363475,1.0,0.0001707154685286034
-14.97325928771346,0.008213100318363475,1.0,0.0001707154685286034
-14.930175301887061,0.00821323940322772,1.0,0.0001877870153814637
-14.887091316060658,0.008213517587088688,1.0,0.0002219301090871844
-14.844007330234257,0.008213795789794571,1.0,0.0002560732027929051
-14.800923344407856,0.008213795789794571,1.0,0.0002560732027929051
-14.757839358581453,0.008214213129191789,1.0,0.0003072878433514861
-14.714755372755054,0.008214213129191789,1.0,0.0003072878433514861
-14.67167138692865,0.00821463051100083,1.0,0.0003585024839100671
-14.62858740110225,0.008214769647696477,1.0,0.0003755740307629274
-14.585503415275848,0.008214769647696477,1.0,0.0003755740307629274
-14.542419429449446,0.008214769647696477,1.0,0.0003755740307629274
-14.499335443623046,0.00821546540188024,1.0,0.0004609317650272291
-14.456251457796643,0.008216161273928511,1.0,0.0005462894992915308
-14.413167471970242,0.008216857263871242,1.0,0.0006316472335558325
-14.370083486143841,0.008217274914438685,1.0,0.0006828618741144135
-14.326999500317438,0.008217553371738394,1.0,0.0007170049678201342
-14.283915514491039,0.008218249597559943,1.0,0.0008023627020844359
-14.240831528664636,0.00821894594136587,1.0,0.0008877204363487376
-14.197747542838234,0.008219224511930585,1.0,0.0009218635300544582
-14.154663557011833,0.008219224511930585,1.0,0.0009218635300544582
-14.11157957118543,0.00821950310137952,1.0,0.000956006623760179
-14.068495585359031,0.008219781709714595,1.0,0.0009901497174658997
-14.025411599532628,0.008220199657632921,1.0,0.0010413643580244806
-13.982327613706227,0.008220617648055867,1.0,0.0010925789985830616
-13.939243627879826,0.008221035680989914,1.0,0.0011437936391416425
-13.896159642053423,0.008221732497033396,1.0,0.0012291513734059443
-13.853075656227023,0.00822201125652675,1.0,0.001263294467111665
-13.80999167040062,0.008222429431211325,1.0,0.001314509107670246
-13.76690768457422,0.008223126483553746,1.0,0.0013998668419345477
-13.723823698747818,0.008223544771690659,1.0,0.0014510814824931287
-13.680739712921415,0.008224660414794215,1.0,0.0015876538573160114
-13.637655727095016,0.008225357845465029,1.0,0.001673011591580313
-13.594571741268613,0.008225915875169607,1.0,0.0017412977789917545
-13.551487755442212,0.008227590418674085,1.0,0.0019461563412260785
-13.50840376961581,0.008228707159823549,1.0,0.0020827287160489613
-13.46531978378941,0.008229544914650286,1.0,0.002185157997166123
-13.422235797963008,0.008230522510903322,1.0,0.0023046588251361454
-13.379151812136605,0.008231360635427098,1.0,0.0024070881062533077
-13.336067826310204,0.00823261814231396,1.0,0.0025607320279290506
-13.292983840483803,0.008233596468890587,1.0,0.002680232855899073
-13.249899854657402,0.008235274141239196,1.0,0.002885091418133397
-13.206815868831,0.008237372193348958,1.0,0.0031411646209263022
-13.163731883004598,0.008238631537821265,1.0,0.003294808542602045
-13.120647897178197,0.008240311262891415,1.0,0.0034996671048363693
-13.077563911351795,0.008242271808031542,1.0,0.0037386687607764138
-13.034479925525394,0.008244233286304374,1.0,0.003977670416716459
-12.991395939698993,0.008246055495103374,1.0,0.004199600525803643
-12.94831195387259,0.008248720172797932,1.0,0.004523959916007989
-12.90522796804619,0.00825012332658581,1.0,0.004694675384536593
-12.862143982219788,0.00825265020674165,1.0,0.005001963227888079
-12.819059996393387,0.008254897622249076,1.0,0.005275107977533844
-12.775976010566986,0.008258552284298533,1.0,0.005718968195708213
-12.732892024740583,0.008261787953120742,1.0,0.006111613773324001
-12.689808038914183,0.008264181164482765,1.0,0.006401830069822627
-12.64672405308778,0.008267139399311356,1.0,0.006760332553732693
-12.603640067261379,0.008270099752749595,1.0,0.007118835037642761
-12.560556081434978,0.00827193341519989,1.0,0.007340765146729945
-12.517472095608575,0.008275461975531933,1.0,0.007767553818051454
-12.474388109782176,0.008278286991994812,1.0,0.008108984755108661
-12.431304123955773,0.008280831156413803,1.0,0.008416272598460147
-12.388220138129372,0.008283801325408213,1.0,0.008774775082370213
-12.34513615230297,0.008286773625847899,1.0,0.00913327756628028
-12.302052166476567,0.008290881739546651,1.0,0.009628352425013231
-12.258968180650168,0.008294000957657843,1.0,0.010003926455776158
-12.215884194823765,0.008298116242065461,1.0,0.010499001314509107
-12.172800208997364,0.008302946261962235,1.0,0.01107943390750636
-12.129716223170963,0.008307212716030351,1.0,0.01159158031309217
-12.08663223734456,0.008312053334247374,1.0,0.01217201290608942
-12.04354825151816,0.00831747011713056,1.0,0.012820731686498114
-12.000464265691758,0.008321894303363074,1.0,0.013349949638936784
-11.957380279865356,0.00832689501244742,1.0,0.013947453778786896
-11.914296294038955,0.00833061371717137,1.0,0.014391313996961265
-11.871212308212552,0.00833648458180068,1.0,0.01509124741792854
-11.828128322386153,0.008343511844346195,1.0,0.015927753213718695
-11.78504433655975,0.008349113444654846,1.0,0.01659354354098025
-11.741960350733349,0.00835573013575908,1.0,0.017378834696211824
-11.698876364906948,0.008363366729320067,1.0,0.018283626679413422
-11.655792379080545,0.00837116177917393,1.0,0.01920549020946788
-11.612708393254145,0.008361261790415644,0.9979381443298969,0.020059067552110895
-11.569624407427742,0.008366754252523855,0.9979381443298969,0.02070778633251959
-11.526540421601341,0.008376021043887582,0.9979381443298969,0.02180036533110265
-11.48345643577494,0.008384436822229151,0.9979381443298969,0.02279051504856855
-11.440372449948539,0.008374802767326132,0.9958762886597938,0.02367823548491729
-11.397288464122138,0.008384688829094697,0.9958762886597938,0.02483910067091179
-11.354204478295735,0.008394744160177976,0.9958762886597938,0.026017037403759154
-11.311120492469334,0.00840321514318522,0.9958762886597938,0.027007187121225053
-11.268036506642932,0.008414340963729486,0.9958762886597938,0.02830462468204244
-11.224952520816531,0.008422410936927825,0.9958762886597938,0.02924355975894976
-11.18186853499013,0.008434029475448768,0.9958762886597938,0.030592211960325726
-11.138784549163727,0.008443908323281062,0.9958762886597938,0.03173600559946737
-11.095700563337326,0.008417920896044801,0.9917525773195877,0.032743226863786126
-11.052616577510925,0.008428689084760018,0.9917525773195877,0.03398944978404493
-11.009532591684524,0.008440225306638124,0.9917525773195877,0.03532103043856804
-10.966448605858123,0.008449269252388982,0.9917525773195877,0.03636239479659252
-10.92336462003172,0.008461606121910457,0.9917525773195877,0.037779333185379925
-10.880280634205318,0.00847532289041989,0.9917525773195877,0.03934991549584308
-10.837196648378917,0.008488035575633514,0.9917525773195877,0.04080099697833621
-10.794112662552516,0.008499584739622909,0.9917525773195877,0.042115506086006456
-10.751028676726115,0.008512671669262353,0.9917525773195877,0.0436007306622053
-10.707944690899714,0.008526101214216077,0.9917525773195877,0.04512009833210987
-10.66486070507331,0.008540028052483,0.9917525773195877,0.04669068064257302
-10.62177671924691,0.008554913294797687,0.9917525773195877,0.048363692234153335
-10.578692733420509,0.008569239814006521,0.9917525773195877,0.04996841763832221
-10.535608747594107,0.008583461222741711,0.9917525773195877,0.05155607149563822
-10.492524761767706,0.008598805820730094,0.9917525773195877,0.05326322618092425
-10.449440775941303,0.008615285414912861,0.9917525773195877,0.05508988169418031
-10.406356790114902,0.008631828296604695,0.9917525773195877,0.05691653720743636
-10.363272804288501,0.008648901355773725,0.9917525773195877,0.058794407361251
-10.3201888184621,0.008665105386416861,0.9917525773195877,0.06056984823394848
-10.277104832635699,0.008680273582011441,0.9917525773195877,0.062225788278675934
-10.234020846809296,0.008664508076623917,0.9876288659793815,0.06441094627584205
-10.190936860982895,0.008683828861493836,0.9876288659793815,0.06651074653874388
-10.147852875156493,0.008702919747815186,0.9876288659793815,0.06857640370793998
-10.104768889330092,0.008720665610719682,0.9876288659793815,0.07048841695546033
-10.061684903503691,0.008724697464727035,0.9855670103092784,0.07286136196800792
-10.018600917677288,0.00874512889002726,0.9855670103092784,0.07504651996517404
-9.975516931850887,0.008763245700876325,0.9855670103092784,0.07697560475954726
-9.932432946024486,0.00878369687057829,0.9855670103092784,0.07914369120986052
-9.889348960198085,0.008807812787912291,0.9855670103092784,0.08168735169093672
-9.846264974371683,0.008833040746558255,0.9855670103092784,0.08433344145313007
-9.803180988545282,0.008855131530196368,0.9855670103092784,0.08663810027826621
-9.76009700271888,0.008878982074858363,0.9855670103092784,0.08911347457193096
-9.717013016892478,0.008884666964684845,0.9835051546391752,0.09160592041244857
-9.673929031066077,0.008908062076306796,0.9835051546391752,0.09401300851870188
-9.630845045239676,0.008929407139781726,0.9835051546391752,0.096198166515868
-9.587761059413275,0.008959597287702624,0.9835051546391752,0.09927104494938287
-9.544677073586872,0.00898965341776446,0.9835051546391752,0.102309780289192
-9.50159308776047,0.009015309015309015,0.9835051546391752,0.10488758386397391
-9.45850910193407,0.009045226130653266,0.9835051546391752,0.10787510456322448
-9.415425116107668,0.009076033183651723,0.9835051546391752,0.11093091144988647
-9.372341130281267,0.009104964782683387,0.9835051546391752,0.11378185977431415
-9.329257144454864,0.00913600582252782,0.9835051546391752,0.1168205951141233
-9.286173158628463,0.009148216482164821,0.9814432989690721,0.11985933045393243
-9.243089172802062,0.009176788124156544,0.9814432989690721,0.12262492104409581
-9.20000518697566,0.009190998626187575,0.979381443298969,0.12583437185243354
-9.15692120114926,0.009184644362026448,0.9752577319587629,0.1289072502859484
-9.113837215322857,0.00919576059850374,0.9731958762886598,0.13180941325093468
-9.070753229496455,0.009211993193686558,0.9711340206185567,0.135189579527801
-9.027669243670054,0.009246535003337391,0.9711340206185567,0.13845024497669733
-8.984585257843653,0.009280788177339901,0.9711340206185567,0.1416596957850351
-8.941501272017252,0.009292210359826018,0.9690721649484536,0.1445447872031685
-8.898417286190849,0.009325211801353147,0.9690721649484536,0.14760059408983048
-8.855333300364448,0.009298713711122616,0.9628865979381444,0.1506051863359339
-8.812249314538047,0.009332533972821742,0.9628865979381444,0.15371220786315448
-8.769165328711646,0.00934935698092009,0.9608247422680413,0.1570582310463151
-8.726081342885244,0.009384754808176417,0.9608247422680413,0.16026768185465284
-8.682997357058843,0.009418898433552298,0.9608247422680413,0.1633405602881677
-8.63991337123244,0.009438174880246814,0.9587628865979382,0.16685729893985693
-8.59682938540604,0.009476837793221513,0.9587628865979382,0.17028867985728185
-8.553745399579638,0.009491664109645085,0.9567010309278351,0.1733786298376496
-8.510661413753237,0.009508944158057957,0.954639175257732,0.17667343838025162
-8.467577427926836,0.009510449116002724,0.9505154639175257,0.18036089250046947
-8.424493442100433,0.009506451546092828,0.9463917525773196,0.1835703433088072
-8.381409456274032,0.009522621423819029,0.9443298969072165,0.18674565102343924
-8.33832547044763,0.009543897752902849,0.9422680412371134,0.19034774740939275
-8.29524148462123,0.009587747823350467,0.9422680412371134,0.19408641617016917
-8.252157498794828,0.009608091024020228,0.9402061855670103,0.1975690117281527
-8.209073512968425,0.009608058918141031,0.9360824742268041,0.20108575037984192
-8.165989527142024,0.009631330526852914,0.934020618556701,0.2047902760469126
-8.122905541315623,0.009652757015333361,0.931958762886598,0.2083240862454547
-8.079821555489222,0.009691667738753806,0.931958762886598,0.21153353705379244
-8.03673756966282,0.009738231175266617,0.931958762886598,0.2153404920019803
-7.9936535838364176,0.00976211606311825,0.9298969072164949,0.21901087457534527
-7.950569598010016,0.009769789808085643,0.9257731958762887,0.2230909742731789
-7.907485612183615,0.009806067504268266,0.9237113402061856,0.22771736347030405
-7.864401626357214,0.009833468992674396,0.9216494845360824,0.2316096761527562
-7.821317640530813,0.009884350883400039,0.9216494845360824,0.23560441811632551
-7.778233654704412,0.00993797105315814,0.9216494845360824,0.23976987554842344
-7.735149668878009,0.009945912118367529,0.9175257731958762,0.24378168905884562
-7.692065683051608,0.009997304097771387,0.9175257731958762,0.2477081448350035
-7.6489816972252065,0.010048549170147905,0.9175257731958762,0.2515833859706028
-7.605897711398805,0.010103074058938382,0.9175257731958762,0.25566348566843644
-7.562813725572404,0.010156107358042725,0.9175257731958762,0.2595899414445943
-7.519729739746001,0.010211808981802326,0.9175257731958762,0.2636700411424279
-7.4766457539196,0.010266466720498328,0.9175257731958762,0.26763064001229153
-7.433561768093199,0.010325305118566988,0.9175257731958762,0.271847312084948
-7.390477782266798,0.010359792804143918,0.9154639175257732,0.27592741178278163
-7.347393796440397,0.01039515674863901,0.9134020618556701,0.28004165457432095
-7.304309810613994,0.010432401812688822,0.911340206185567,0.2842583266469775
-7.2612258247875925,0.01046586135700216,0.9092783505154639,0.28818478242313533
-7.218141838961191,0.010522799398697177,0.9092783505154639,0.2920770951055875
-7.17505785313479,0.010580868063053337,0.9092783505154639,0.2960035508817454
-7.131973867308389,0.010586731617913039,0.9051546391752577,0.2995885757208461
-7.088889881481986,0.010619726505673553,0.9030927835051547,0.3033784591221811
-7.045805895655585,0.010681884694176177,0.9030927835051547,0.30747563036686754
-7.002721909829184,0.010674584672768767,0.8969072164948454,0.31174351708008263
-6.959637924002783,0.010720019760405089,0.8948453608247423,0.3162674769960906
-6.916553938176381,0.01075482476838628,0.8927835051546392,0.3200744319442785
-6.8734699523499785,0.010745164675895848,0.8865979381443299,0.32417160318896493
-6.830385966523577,0.010767566479659865,0.8824742268041237,0.32872970619867864
-6.787301980697176,0.010756498190377363,0.8762886597938144,0.3327415197091008
-6.744217994870775,0.010831889081455806,0.8762886597938144,0.3374361950936374
-6.701134009044374,0.010901628831601898,0.8762886597938144,0.3417211533537054
-6.658050023217973,0.010964346524947113,0.8762886597938144,0.34552810830189323
-6.61496603739157,0.011007554713258393,0.8742268041237113,0.34965942264028543
-6.571882051565169,0.010969494358545759,0.865979381443299,0.3535346637758847
-6.528798065738767,0.01100980108784192,0.8639175257731959,0.3574611195520426
-6.485714079912366,0.011029411764705883,0.8597938144329897,0.3616777916246991
-6.442630094085965,0.011071485601745888,0.8577319587628865,0.3656554620414156
-6.399546108259562,0.011149825783972125,0.8577319587628865,0.3701623504105707
-6.356462122433161,0.01122564628420314,0.8577319587628865,0.3744643802174915
-6.31337813660676,0.011221301453606848,0.8515463917525773,0.3787322669307066
-6.270294150780359,0.011265448977359729,0.8494845360824742,0.3826928658005702
-6.2272101649539575,0.011344549384585732,0.8494845360824742,0.3870461102480496
-6.184126179127555,0.011398302734483333,0.8474226804123711,0.3914505693360875
-6.141042193301153,0.011385834682145449,0.8412371134020619,0.39522338119056966
-6.097958207474752,0.011430015726802965,0.8391752577319588,0.39906447923246324
-6.054874221648351,0.011482549917981786,0.8371134020618557,0.40331529439882546
-6.01179023582195,0.011571237210362812,0.8371134020618557,0.4079416835959506
-5.968706249995547,0.011622567870056822,0.8350515463917526,0.4120388548406371
-5.925622264169146,0.0116477354836845,0.8309278350515464,0.4162213838195879
-5.882538278342745,0.01167836444651542,0.8268041237113402,0.4206599860013316
-5.8394542925163435,0.01176436073461245,0.8268041237113402,0.4249449442613995
-5.796370306689942,0.011855136733185515,0.8268041237113402,0.42940061798999607
-5.753286320863541,0.01194198755174365,0.8268041237113402,0.4336002185157997
-5.710202335037138,0.01199436264955471,0.8247422680412371,0.43750960274510475
-5.667118349210737,0.012021263742902018,0.8206185567010309,0.4415897024429384
-5.624034363384336,0.012080822834885277,0.8185567010309278,0.44577223142188915
-5.580950377557935,0.012140163708268188,0.8164948453608247,0.44990354576028135
-5.537866391731534,0.012197381422924902,0.8144329896907216,0.45389828772385066
-5.494782405905131,0.012285012285012284,0.8144329896907216,0.4578418150468614
-5.4516984200787295,0.012370423726159532,0.8144329896907216,0.4616316984481964
-5.408614434252328,0.012440795705715189,0.8123711340206186,0.4660703006299401
-5.365530448425927,0.012475335752020877,0.8082474226804124,0.47026990115574374
-5.322446462599526,0.012501602769585844,0.8041237113402062,0.47409392765078445
-5.279362476773123,0.012489511392241658,0.797938144329897,0.47762773784932655
-5.236278490946722,0.012521139586314557,0.7938144329896907,0.48165662290660155
-5.193194505120321,0.012612199436545896,0.7938144329896907,0.48544650630793656
-5.15011051929392,0.01263567681699713,0.7896907216494845,0.4890827457875958
-5.1070265334675184,0.012701579384871155,0.7876288659793814,0.493094559298018
-5.0639425476411155,0.012701498039478535,0.7814432989690722,0.49707222971473447
-5.020858561814714,0.01265096822076783,0.7731958762886598,0.5003670382573365
-4.977774575988313,0.01268189854481164,0.7690721649484537,0.5042593509397887
-4.934690590161912,0.012787110044566336,0.7690721649484537,0.5083906652781809
-4.891606604335511,0.01285240464344942,0.7670103092783506,0.5122317633200745
-4.848522618509108,0.01292412736013377,0.7649484536082474,0.5162777199242023
-4.805438632682707,0.012987012987012988,0.7628865979381443,0.5199481024975673
-4.762354646856306,0.013046706502139094,0.7608247422680412,0.5234648411492565
-4.7192706610299044,0.013076320102615264,0.756701030927835,0.5271352237226216
-4.676186675203503,0.013098869549614211,0.7525773195876289,0.5305324615463407
-4.633102689377102,0.013202633292338856,0.7525773195876289,0.5342711303071171
-4.590018703550699,0.013257575757575758,0.7505154639175258,0.5374976526623078
-4.546934717724298,0.013288304823434403,0.7463917525773196,0.5411168205951141
-4.503850731897897,0.013321984975761389,0.7422680412371134,0.5448213462621848
-4.460766746071496,0.013360701623437209,0.7381443298969073,0.5486795158509312
-4.4176827602450945,0.013392521254984576,0.734020618556701,0.5522816122368848
-4.374598774418692,0.013496095230874213,0.734020618556701,0.5557642077948683
-4.33151478859229,0.013595569982814588,0.734020618556701,0.5590590163374703
-4.288430802765889,0.013654896530502347,0.7319587628865979,0.5622343240521024
-4.245346816939488,0.013763424184856356,0.7319587628865979,0.5657339911569387
-4.202262831113087,0.013756448335157104,0.7257731958762886,0.5691824436212165
-4.159178845286684,0.013794190675127103,0.7216494845360825,0.5728186831008758
-4.116094859460283,0.013897712833545108,0.7216494845360825,0.5760452054560664
-4.073010873633882,0.01401120896717374,0.7216494845360825,0.5795278010140499
-4.0299268878074805,0.01413741568041362,0.7216494845360825,0.5833347559622377
-3.9868429019810794,0.014214148983830896,0.7195876288659794,0.5868002799733684
-3.9437589161546764,0.014196619071065156,0.7134020618556701,0.5898390153131775
-3.9006749303282753,0.014242537158945058,0.709278350515464,0.5935435409802482
-3.857590944501874,0.014351871166923944,0.709278350515464,0.5966847056011745
-3.814506958675473,0.014474459311621644,0.709278350515464,0.6001502296123051
-3.771422972849072,0.014595443166871738,0.709278350515464,0.6035133243423186
-3.7283389870226706,0.014554171482385171,0.7010309278350515,0.6069959199003022
-3.6852550011962677,0.01458468176914779,0.6969072164948453,0.6101370845212285
-3.6421710153698665,0.014664287889996084,0.6948453608247422,0.6134318930638305
-3.5990870295434654,0.01474913304947105,0.6927835051546392,0.6168291308875498
-3.556003043717064,0.014797093744462166,0.688659793814433,0.6203629410860918
-3.512919057890663,0.014918706449883867,0.688659793814433,0.6235041057070181
-3.46983507206426,0.01504030260728599,0.688659793814433,0.6265940556873858
-3.426751086237859,0.01513154905257418,0.6865979381443299,0.629991293511105
-3.383667100411458,0.015205642575799212,0.6845360824742268,0.632927599569797
-3.340583114585055,0.015328500854148391,0.6845360824742268,0.6359151202690476
-3.2974991287586555,0.015451203053008795,0.6845360824742268,0.6388514263277395
-3.2544151429322525,0.01552532833020638,0.6824742268041237,0.6416853031053144
-3.211331157105853,0.015609479211011778,0.6804123711340206,0.6447240384451235
-3.16824717127945,0.015698811852841534,0.6783505154639176,0.647848131519197
-3.1251631854530473,0.015739314593762033,0.6742268041237114,0.6509039384058589
-3.082079199626648,0.01576063236506474,0.6701030927835051,0.6535158850743465
-3.038995213800245,0.015879996091077885,0.6701030927835051,0.6561619748365399
-2.9959112279738456,0.01601853220957169,0.6701030927835051,0.6591836386294962
-2.9528272421474426,0.016051284599711772,0.6659793814432989,0.6619833723133653
-2.9097432563210397,0.016127416608233996,0.6639175257731958,0.6646465336224116
-2.8666592704946403,0.016268377709291165,0.6639175257731958,0.6675999112279564
-2.8235752846682374,0.016423543813118432,0.6639175257731958,0.6707922904894412
-2.780491298841838,0.01656378600823045,0.6639175257731958,0.6736261672670161
-2.737407313015435,0.016603538629170342,0.6597938144329897,0.676442972497738
-2.694323327189032,0.016705069124423964,0.6577319587628866,0.6794475647438415
-2.6512393413626327,0.016839993665206145,0.6577319587628866,0.6820595114123291
-2.60815535553623,0.016921194061618686,0.6556701030927835,0.6846031718934052
-2.5650713697098304,0.016896422249637933,0.6494845360824743,0.6871126892807757
-2.5219873838834275,0.01694089629789998,0.6453608247422681,0.6899294945114977
-2.4789033980570245,0.01702127659574468,0.643298969072165,0.6924048688051624
-2.435819412230625,0.017122722017287893,0.6412371134020619,0.6952387455827372
-2.392735426404222,0.017265308388386167,0.6412371134020619,0.6977994776106663
-2.349651440577823,0.017411264136154965,0.6412371134020619,0.7003772811854482
-2.30656745475142,0.017557725963981256,0.6412371134020619,0.7029209416665244
-2.2634834689250205,0.017695590327169275,0.6412371134020619,0.7052768151322192
-2.2203994830986176,0.01774740106829016,0.6371134020618556,0.7080424057223825
-2.1773154972722146,0.01785817823389575,0.6350515463917525,0.7108250678593987
-2.1342315114458152,0.01800853651406186,0.6350515463917525,0.7132833706062106
-2.0911475256194123,0.017990916062053913,0.6288659793814433,0.7157928879935811
-2.048063539793013,0.01797940108352682,0.622680412371134,0.7184048346620687
-2.00497955396661,0.01797090996514004,0.6164948453608248,0.7210679959711149
-1.961895568140207,0.018063890404315937,0.6144329896907217,0.7234580125305153
-1.9188115823138077,0.018111729792571744,0.6103092783505155,0.7260528876521501
-1.8757275964874047,0.018284020013589475,0.6103092783505155,0.7286819058674906
-1.8326436106610053,0.018450414511001684,0.6103092783505155,0.7311743517080083
-1.7895596248346024,0.018482429119255673,0.6061855670103092,0.7334619389862915
-1.7464756390081995,0.018510301109350237,0.6020618556701031,0.7356812400771634
-1.7033916531818,0.018659339254904466,0.6020618556701031,0.7378322549806238
-1.6603076673553971,0.01869279360577543,0.5979381443298969,0.7401027707120542
-1.6172236815289978,0.018829946107395624,0.5979381443298969,0.7420318555064275
-1.5741396957025948,0.01895672636946006,0.5979381443298969,0.7437902248322721
-1.5310557098761919,0.019120458891013385,0.5979381443298969,0.7460265974699968
-1.4879717240497925,0.019195005313496282,0.5958762886597938,0.7479044676238114
-1.4448877382233896,0.01936737702720815,0.5958762886597938,0.7501920549020947
-1.4018037523969902,0.01951779563719862,0.5958762886597938,0.7521552827901736
-1.3587197665705872,0.019686648501362397,0.5958762886597938,0.7543233692404869
-1.3156357807441843,0.019583591012162442,0.5876288659793815,0.7564231695033887
-1.272551794917785,0.019490878823611016,0.5793814432989691,0.7586766136879662
-1.229467809091382,0.019611963297611543,0.5773195876288659,0.7610495587005138
-1.1863838232649826,0.0197768046334228,0.5773195876288659,0.7630810727760042
-1.1432998374385797,0.019806212596181247,0.5731958762886598,0.7651296583983475
-1.1002158516121767,0.019918026892931616,0.5711340206185567,0.7673148163955136
-1.0571318657857773,0.020091390440269818,0.5711340206185567,0.7693634020178568
-1.0140478799593744,0.02018724400234055,0.5690721649484536,0.7713095583590829
-0.970963894132975,0.02025185948891671,0.5670103092783505,0.772880140669546
-0.9278799083065721,0.020329425730820597,0.5649484536082474,0.7745872953548321
-0.8847959224801691,0.02041121495327103,0.5628865979381443,0.7763285931338239
-0.8417119366537698,0.02055877701634159,0.5628865979381443,0.7779674616316985
-0.7986279508273668,0.020665552347667527,0.5608247422680412,0.7799477610666302
-0.7555439650009674,0.020703933747412008,0.5567010309278351,0.7819792751421206
-0.7124599791745645,0.020813989476942123,0.554639175257732,0.7839595745770525
-0.6693759933481616,0.020984476168187848,0.554639175257732,0.7857520869966028
-0.6262920075217622,0.0211877756773787,0.554639175257732,0.7878518872595046
-0.5832080216953592,0.021388248389918103,0.554639175257732,0.789883401334995
-0.5401240358689599,0.021559669792418048,0.554639175257732,0.7915905560202809
-0.4970400500425569,0.021677586346356064,0.5525773195876289,0.7935196408146542
-0.453956064216154,0.02185079494496535,0.5525773195876289,0.7951926524062345
-0.4108720783897546,0.021889400921658985,0.5484536082474227,0.797087594106902
-0.36778809256335165,0.02210403855742064,0.5484536082474227,0.7991020366355396
-0.32470410673695227,0.022231543624161073,0.5463917525773195,0.8010311214299127
-0.28162012091054933,0.022357723577235773,0.5443298969072164,0.8029260631305802
-0.23853613508414995,0.022440273037542664,0.5422680412371134,0.8044112877067792
-0.195452149257747,0.022549272742921078,0.5402061855670103,0.8061184423920651
-0.15236816343134407,0.022494354698627757,0.534020618556701,0.8078597401710569
-0.10928417760494469,0.022500437751707233,0.5298969072164949,0.8093961793878144
-0.06620019177854175,0.022616838943369556,0.5278350515463918,0.8111374771668061
-0.023116205952142366,0.022707034728406055,0.5257731958762887,0.8126397732898578
0.01996777987426057,0.02281710384477183,0.5237113402061856,0.8142957133345853
0.06305176570066351,0.022984345308116914,0.5237113402061856,0.815678508629667
0.1061357515270629,0.023170954205436963,0.5237113402061856,0.8171978762995715
0.14921973735346583,0.023349880492737635,0.5237113402061856,0.8186318862352118
0.19230372317986522,0.023445463812436288,0.5216494845360825,0.8201000392645578
0.23538770900626815,0.023655913978494623,0.5216494845360825,0.8217389077624323
0.2784716948326711,0.023858921161825725,0.5216494845360825,0.8232924185260426
0.3215556806590705,0.023900209483907826,0.5175257731958763,0.8249995732113287
0.3646396664854734,0.023917010853904522,0.51340206185567,0.8265189408812332
0.4077236523118728,0.024089363768819816,0.511340206185567,0.8284821687693121
0.45080763813827573,0.024304194433555467,0.511340206185567,0.8300356795329225
0.49389162396467867,0.024098765432098764,0.5030927835051546,0.831316045546887
0.5369756097910781,0.024086792077236987,0.49896907216494846,0.8326134831077044
0.580059595617481,0.02396710790212595,0.4927835051546392,0.8338426344811103
0.6231435814438804,0.023944231157809658,0.488659793814433,0.8350717858545162
0.6662275672702833,0.02402769293422928,0.4865979381443299,0.8363521518684808
0.7093115530966863,0.023914605357692704,0.48041237113402063,0.8376495894292982
0.7523955389230856,0.02403895969329603,0.47835051546391755,0.8392031001929084
0.7954795247494886,0.024030926757914534,0.4742268041237113,0.8405346808474315
0.838563510575888,0.02414592998734711,0.47216494845360824,0.8420028338767775
0.8816474964022909,0.024245002126754574,0.47010309278350515,0.8433514860781536
0.9247314822286938,0.024439918533604887,0.47010309278350515,0.8446318520921181
0.9678154680550932,0.02454054054054054,0.46804123711340206,0.8459634327466412
1.0108994538814962,0.024690015227322167,0.46804123711340206,0.8469194393704014
1.0539834397078955,0.024799736639964886,0.465979381443299,0.8482851631186302
1.0970674255342985,0.02489213408562894,0.4639175257731959,0.849531386038889
1.1401514113607014,0.02508081596254598,0.4639175257731959,0.8506922512248835
1.1832353971871008,0.025036488155383407,0.45979381443298967,0.8517506871297609
1.2263193830135037,0.025031147355306378,0.4556701030927835,0.8530481246905782
1.2694033688399031,0.025094102885821833,0.4536082474226804,0.8540894890486027
1.312487354666306,0.025080533824206167,0.44948453608247424,0.8553357119688615
1.355571340492709,0.02526364584540503,0.44948453608247424,0.8564112194205917
1.3986553263191084,0.02541681240526991,0.44948453608247424,0.8572989398569404
1.4417393121455113,0.025511403715024687,0.44742268041237115,0.8584939481366407
1.4848232979719107,0.02568351284175642,0.44742268041237115,0.8594670263072537
1.5279072837983136,0.025744934445768773,0.44536082474226807,0.8604571760247196
1.5709912696247166,0.025995908051510412,0.44536082474226807,0.8618399713198013
1.614075255451116,0.026200873362445413,0.44536082474226807,0.8629496218652372
1.657159241277519,0.026389737324373854,0.44536082474226807,0.863956843129556
1.7002432271039183,0.026600985221674877,0.44536082474226807,0.8650664936749919
1.7433272129303212,0.026531118274237542,0.44123711340206184,0.8659542141113407
1.7864111987567206,0.026706601772120305,0.44123711340206184,0.8668590060945423
1.8294951845831235,0.02691823899371069,0.44123711340206184,0.8679345135462724
1.8725791704095265,0.026859242366653997,0.43711340206185567,0.8688734486231797
1.9156631562359259,0.027068437180796732,0.43711340206185567,0.8699148129812042
1.9587471420623288,0.027277406073082863,0.43711340206185567,0.8709391057923759
2.001831127888728,0.02750746074996756,0.43711340206185567,0.8720487563378118
2.044915113715131,0.027574490329325668,0.4350515463917526,0.8729706198678663
2.087999099541534,0.02766433934922935,0.4329896907216495,0.8739949126790378
2.1310830853679334,0.02786624203821656,0.4329896907216495,0.8749338477559452
2.1741670711943364,0.027710843373493974,0.4268041237113402,0.8760093552076754
2.2172510570207358,0.02792015106555166,0.4268041237113402,0.8769653618314356
2.2603350428471387,0.027943570265870864,0.4247422680412371,0.8776652952524028
2.3034190286735416,0.027993991533524512,0.422680412371134,0.8784847295013402
2.346503014499941,0.02822525127357841,0.422680412371134,0.8795090223125117
2.389587000326344,0.028278347657332965,0.42061855670103093,0.880328456561449
2.4326709861527434,0.028463792381749686,0.42061855670103093,0.8811308192635334
2.4757549719791463,0.028366802415391097,0.41649484536082476,0.8818819673250593
2.5188389578055492,0.028405879027699265,0.4144329896907217,0.8826331153865852
2.5619229436319486,0.028323370338741816,0.41030927835051545,0.8834525496355224
2.6050069294583516,0.02823158498137002,0.4061855670103093,0.8842378407907541
2.648090915284751,0.028282828282828285,0.4041237113402062,0.8850402034928385
2.691174901111154,0.028238719068413392,0.4,0.8860303532103044
2.734258886937557,0.028274245531790212,0.3979381443298969,0.8867644297249774
2.777342872763956,0.02819188191881919,0.3938144329896907,0.8876009355207676
2.820426858590359,0.028202464004749888,0.3917525773195876,0.8882325827543234
2.8635108444167585,0.028358208955223882,0.3917525773195876,0.8888642299878792
2.9065948302431615,0.02840823688561551,0.38969072164948454,0.8896495211431108
2.9496788160695644,0.028606023914030575,0.38969072164948454,0.8904348122983423
2.9927628018959638,0.028846153846153848,0.38969072164948454,0.8913737473752497
3.0358467877223667,0.02905457340507302,0.38969072164948454,0.8921761100773341
3.078930773548766,0.029238861386138616,0.38969072164948454,0.8928760434983014
3.122014759375169,0.029283489096573207,0.38762886597938145,0.8936101200129744
3.165098745201572,0.029374803644360667,0.38556701030927837,0.8945149119961759
3.2081827310279714,0.029597974042418488,0.38556701030927837,0.8953343462451133
3.2512667168543743,0.029636711281070746,0.3835051546391753,0.8960342796660805
3.2943507026807737,0.02980769230769231,0.3835051546391753,0.8966488553527835
3.3374346885071766,0.03001936733376372,0.3835051546391753,0.8974000034143094
3.3805186743335796,0.030032467532467532,0.38144329896907214,0.8979975075541595
3.423602660159979,0.030065359477124184,0.37938144329896906,0.8986632978814211
3.466686645986382,0.03024823277987835,0.37938144329896906,0.8992949451149769
3.5097706318127813,0.030207989435457248,0.37731958762886597,0.8997046622394456
3.552854617639184,0.030378486055776893,0.37731958762886597,0.9002850948324428
3.595938603465587,0.03058666220959385,0.37731958762886597,0.9009850282534101
3.6390225892919865,0.030512474713418745,0.3731958762886598,0.9018215340492002
3.6821065751183895,0.030596634370219276,0.3711340206185567,0.9026409682981374
3.725190560944789,0.030742954739538857,0.3711340206185567,0.9031189716100175
3.768274546771192,0.030708526333848,0.36907216494845363,0.903545760281339
3.811358532597591,0.030856748836407516,0.36907216494845363,0.9040237635932192
3.854442518423994,0.03107638888888889,0.36907216494845363,0.9047236970141864
3.897526504250397,0.03108084511960887,0.3670103092783505,0.905269986513478
3.9406104900767964,0.031244514656836933,0.3670103092783505,0.9057821329190638
3.9836944759031994,0.0314821365405023,0.3670103092783505,0.9065162094337368
4.026778461729599,0.03153955808980755,0.3649484536082474,0.9072161428547041
4.069862447556002,0.03155818540433925,0.3628865979381443,0.9077965754477013
4.112946433382405,0.03161127167630058,0.36082474226804123,0.9084794373218157
4.156030419208804,0.03182975627500909,0.36082474226804123,0.9091281561022244
4.199114405035207,0.032039545953863054,0.36082474226804123,0.9097427317889274
4.242198390861606,0.03224023581429624,0.36082474226804123,0.9103231643819246
4.285282376688009,0.03248561351401522,0.36082474226804123,0.9110230978028919
4.328366362514412,0.032679738562091505,0.36082474226804123,0.9115693873021834
4.371450348340812,0.03267605633802817,0.35876288659793815,0.9120644621609164
4.4145343341672145,0.03287360665029284,0.35876288659793815,0.9126107516602079
4.457618319993614,0.032895987830386005,0.35670103092783506,0.9131741127063523
4.500702305820017,0.03311004784688995,0.35670103092783506,0.9137545452993495
4.54378629164642,0.03301158301158301,0.3525773195876289,0.9144886218140226
4.586870277472819,0.033022533022533024,0.35051546391752575,0.9150178397664612
4.629954263299222,0.033229085222830336,0.35051546391752575,0.9155641292657528
4.6730382491256215,0.033221938274031845,0.34845360824742266,0.9160421325776329
4.716122234952024,0.032838773491592484,0.3422680412371134,0.9165372074363658
4.759206220778427,0.032861979685321646,0.3402061855670103,0.9171005684825102
4.802290206604827,0.03288550230599559,0.33814432989690724,0.9176639295286546
4.84537419243123,0.03283642224012893,0.33608247422680415,0.9180395035594175
4.888458178257629,0.032460945425035505,0.32989690721649484,0.918585793058709
4.931542164084032,0.032521988136633255,0.32783505154639175,0.9192515833859706
4.974626149910435,0.03235779060181369,0.3237113402061856,0.9198490875258207
5.017710135736834,0.032552353307070285,0.3237113402061856,0.9203441623845536
5.060794121563237,0.03283831834344279,0.3237113402061856,0.9210611673523738
5.103878107389637,0.032962418643711945,0.3237113402061856,0.9213684551957253
5.14696209321604,0.03300190395599746,0.3216494845360825,0.9219659593355753
5.1900460790424425,0.03276595744680851,0.31752577319587627,0.9223927480068969
5.233130064868842,0.03295527498395035,0.31752577319587627,0.9228536797719241
5.276214050695245,0.032959931064196465,0.3154639175257732,0.92336582617751
5.319298036521644,0.03313840155945419,0.3154639175257732,0.9237926148488315
5.362382022348047,0.032933478735005454,0.311340206185567,0.9243047612544173
5.40546600817445,0.03265395573087881,0.30721649484536084,0.9246461921914745
5.4485499940008495,0.03289183222958057,0.30721649484536084,0.9252095532376189
5.491633979827252,0.03306702174877941,0.30721649484536084,0.9256192703620875
5.534717965653652,0.03333333333333333,0.30721649484536084,0.9262338460487904
5.577801951480055,0.033318325078793336,0.30515463917525776,0.9266947778138177
5.620885937306458,0.033220338983050844,0.3030927835051546,0.9269679225634635
5.663969923132857,0.033356024506466984,0.3030927835051546,0.9272752104068149
5.70705390895926,0.03318077803203661,0.29896907216494845,0.9278727145466651
5.750137894785659,0.033364012885411874,0.29896907216494845,0.9282824316711337
5.793221880612062,0.0333487725798981,0.29690721649484536,0.9287433634361609
5.836305866438462,0.033558611046376134,0.29690721649484536,0.9292042952011882
5.879389852264865,0.033707865168539325,0.29690721649484536,0.9295286545913926
5.922473838091268,0.03397027600849257,0.29690721649484536,0.930092015637537
5.965557823917667,0.03415559772296015,0.29690721649484536,0.9304846612151527
6.00864180974407,0.034088200238379024,0.2948453608247423,0.9308260921522099
6.051725795570469,0.034292565947242205,0.2948453608247423,0.9312528808235314
6.094809781396872,0.03452438435538387,0.2948453608247423,0.9317308841354115
6.137893767223275,0.034742468415937804,0.2948453608247423,0.9321747443535858
6.180977753049675,0.03492063492063492,0.2948453608247423,0.9325332468374959
6.2240617388760775,0.035126504544338,0.2948453608247423,0.9329429639619646
6.267145724702477,0.03537852548243444,0.2948453608247423,0.9334380388206975
6.31022971052888,0.03551912568306011,0.2948453608247423,0.9337111835703433
6.353313696355283,0.03573213393303348,0.2948453608247423,0.9341209006948119
6.396397682181682,0.035678391959798994,0.2927835051546392,0.934479403178722
6.439481668008085,0.0358948432760364,0.2927835051546392,0.9348891203031907
6.4825656538344845,0.03585049580472922,0.2907216494845361,0.9352646943339537
6.525649639660887,0.036042944785276074,0.2907216494845361,0.9356231968178637
6.56873362548729,0.03621885435396866,0.2907216494845361,0.935947556208068
6.61181761131369,0.035889491350374385,0.2865979381443299,0.9362548440514195
6.654901597140093,0.03609452090366139,0.2865979381443299,0.9366304180821824
6.697985582966492,0.03632087797230207,0.2865979381443299,0.9370401352066511
6.741069568792895,0.036559705418200944,0.2865979381443299,0.9374669238779726
6.784153554619298,0.036762761174292516,0.2865979381443299,0.9378254263618826
6.827237540445697,0.03673143465531009,0.2845360824742268,0.9382180719394985
6.8703215262721,0.03691813804173355,0.2845360824742268,0.9385424313297028
6.9134055120985,0.03693717983283904,0.2824742268041237,0.9390204346415829
6.956489497924903,0.03688635747219962,0.2804123711340206,0.9393789371254929
6.9995734837513055,0.037107776261937245,0.2804123711340206,0.9397545111562559
7.042657469577705,0.03691550451189499,0.27835051546391754,0.9398740119842259
7.085741455404108,0.03706754530477759,0.27835051546391754,0.9401300851870188
7.128825441230507,0.03722084367245657,0.27835051546391754,0.9403861583898117
7.17190942705691,0.03751041956098916,0.27835051546391754,0.9408641617016917
7.214993412883313,0.037430167597765365,0.27628865979381445,0.9411714495450433
7.2580773987097125,0.03732809430255403,0.27422680412371137,0.9414445942946891
7.301161384536115,0.037549407114624504,0.27422680412371137,0.9418030967785991
7.344245370362515,0.0376877302351941,0.27422680412371137,0.9420250268876863
7.387329356188918,0.037037037037037035,0.26804123711340205,0.9422981716373321
7.430413342015321,0.03722794959908362,0.26804123711340205,0.9426054594806835
7.47349732784172,0.037132987910189985,0.26597938144329897,0.9428956757771821
7.516581313668123,0.037283236994219655,0.26597938144329897,0.9431346774331222
7.559665299494522,0.03724178062263602,0.2639175257731959,0.9435102514638851
7.602749285320925,0.03742690058479532,0.2639175257731959,0.9438004677603837
7.645833271147328,0.03735294117647059,0.2618556701030928,0.9441248271505881
7.688917256973728,0.03722304283604136,0.2597938144329897,0.9443638288065281
7.732001242800131,0.037422037422037424,0.2597938144329897,0.9446711166498797
7.77508522862653,0.03764565282342396,0.2597938144329897,0.9450125475869369
7.818169214452933,0.037815126050420166,0.2597938144329897,0.9452686207897297
7.861253200279332,0.03771876885938443,0.25773195876288657,0.9455588370862283
7.904337186105735,0.0378673129354741,0.25773195876288657,0.9457807671953156
7.947421171932138,0.037993920972644375,0.25773195876288657,0.945968554210697
7.9905051577585375,0.0382262996941896,0.25773195876288657,0.9463099851477542
8.03358914358494,0.038153846153846156,0.2556701030927835,0.9466343445379586
8.07667312941134,0.03830707445165277,0.2556701030927835,0.9468562746470458
8.119757115237743,0.03852127990059025,0.2556701030927835,0.9471635624903972
8.162841101064146,0.03867747972551466,0.2556701030927835,0.9473854925994845
8.205925086890545,0.03878636221457617,0.2556701030927835,0.9475391365211602
8.249009072716948,0.038956958843858,0.2556701030927835,0.9477781381771002
8.292093058543347,0.03916614024005054,0.2556701030927835,0.9480683544735988
8.33517704436975,0.039327624484617824,0.2556701030927835,0.948290284582686
8.378261030196153,0.03925949569103096,0.2536082474226804,0.9486146439728904
8.421345016022553,0.03942307692307692,0.2536082474226804,0.9488365740819775
8.464429001848956,0.03899452143087335,0.24948453608247423,0.9490926472847705
8.507512987675355,0.0391839378238342,0.24948453608247423,0.9493487204875634
8.550596973501758,0.03942652329749104,0.24948453608247423,0.9496730798777677
8.593680959328161,0.039555410264792416,0.24948453608247423,0.9498437953462964
8.63676494515456,0.03978954291351529,0.24948453608247423,0.9501510831896478
8.679848930980963,0.03993399339933994,0.24948453608247423,0.9503388702050293
8.722932916807363,0.040145985401459854,0.24948453608247423,0.9506120149546751
8.766016902633766,0.04025282767797738,0.24948453608247423,0.950748587329498
8.809100888460168,0.03981264637002342,0.24536082474226803,0.9510046605322908
8.852184874286568,0.03994629070157771,0.24536082474226803,0.9511753760008195
8.89526886011297,0.03978422117329737,0.24329896907216494,0.9513802345630538
8.93835284593937,0.04001356391997287,0.24329896907216494,0.9516704508595524
8.981436831765773,0.040149710785981625,0.24329896907216494,0.951841166328081
9.024520817592176,0.04035567715458276,0.24329896907216494,0.9520972395308739
9.067604803418575,0.04053589831672964,0.24329896907216494,0.9523191696399611
9.110688789244978,0.040386606834656544,0.24123711340206186,0.9525410997490482
9.153772775071378,0.040291767974991316,0.23917525773195877,0.9528313160455469
9.19685676089778,0.04046041158004883,0.23917525773195877,0.9530361746077812
9.239940746724184,0.040630472854640984,0.23917525773195877,0.9532410331700155
9.283024732550583,0.0408019697502638,0.23917525773195877,0.9534458917322498
9.326108718376986,0.040578687367678196,0.23711340206185566,0.9535824641070727
9.369192704203385,0.0407512402551382,0.23711340206185566,0.9537873226693071
9.412276690029788,0.04096900605628785,0.23711340206185566,0.9540433958721
9.455360675856191,0.041189111747851004,0.23711340206185566,0.9542994690748928
9.49844466168259,0.04141159524666907,0.23711340206185566,0.9545555422776858
9.541528647508994,0.04124457308248915,0.23505154639175257,0.9547604008399201
9.584612633335393,0.041409371594624045,0.23505154639175257,0.9549481878553016
9.627696619161796,0.0416210295728368,0.23505154639175257,0.9551871895112416
9.670780604988199,0.04142228739002932,0.2329896907216495,0.9553579049797702
9.713864590814598,0.04155939683707245,0.2329896907216495,0.955511548901446
9.756948576641001,0.04171280915466962,0.2329896907216495,0.9556822643699746
9.8000325624674,0.04148148148148148,0.2309278350515464,0.9558188367447974
9.843116548293803,0.04138702460850112,0.2288659793814433,0.9561090530412961
9.886200534120203,0.041557469112691876,0.2288659793814433,0.9562968400566776
9.929284519946606,0.0417607223476298,0.2288659793814433,0.9565187701657647
9.972368505773009,0.04196597353497165,0.2288659793814433,0.9567407002748519
10.015452491599408,0.04212523719165085,0.2288659793814433,0.9569114157433805
10.058536477425811,0.0419047619047619,0.2268041237113402,0.9570650596650563
10.10162046325221,0.042081101759755164,0.2268041237113402,0.9572528466804378
10.144704449078613,0.04222648752399232,0.2268041237113402,0.9574064906021135
10.187788434905016,0.04232397075798384,0.2268041237113402,0.9575089198832306
10.230872420731416,0.04248744689069139,0.2268041237113402,0.9576796353517593
10.273956406557819,0.042685292976329066,0.2268041237113402,0.9578844939139936
10.317040392384218,0.042868277474668745,0.2268041237113402,0.958072280929375
10.360124378210621,0.04301916308173641,0.2268041237113402,0.9582259248510507
10.403208364037024,0.043188064389477816,0.2268041237113402,0.9583966403195794
10.446292349863423,0.04329004329004329,0.2268041237113402,0.9584990696006965
10.489376335689826,0.04308300395256917,0.22474226804123712,0.9586697850692252
10.532460321516226,0.04318541996830428,0.22474226804123712,0.9587722143503423
10.575544307342629,0.04321728691476591,0.22268041237113403,0.9591819314748109
10.618628293169031,0.04309303262182843,0.22061855670103092,0.9594380046776039
10.66171227899543,0.0433725172274017,0.22061855670103092,0.9597111494272496
10.704796264821834,0.043584521384928715,0.22061855670103092,0.959916007989484
10.747880250648233,0.04378068739770868,0.22061855670103092,0.9601037950048654
10.790964236474636,0.043924466338259444,0.22061855670103092,0.9602403673796883
10.834048222301039,0.04405104981473858,0.22061855670103092,0.9603598682076583
10.877132208127438,0.04439834024896266,0.22061855670103092,0.9606842275978626
10.920216193953841,0.04454621149042465,0.22061855670103092,0.9608207999726855
10.96330017978024,0.04476987447698745,0.22061855670103092,0.9610256585349198
11.006384165606644,0.044976881042454814,0.22061855670103092,0.9612134455503013
11.049468151433047,0.045243128964059194,0.22061855670103092,0.9614524472062413
11.092552137259446,0.04543524416135881,0.22061855670103092,0.96162316267477
11.135636123085849,0.0457069628363947,0.22061855670103092,0.96186216433071
11.178720108912248,0.04592274678111588,0.22061855670103092,0.9620499513460915
11.221804094738651,0.04606112785191563,0.22061855670103092,0.9621694521740615
11.264888080565054,0.045808124459809856,0.21855670103092784,0.9623060245488844
11.307972066391454,0.04598698481561822,0.21855670103092784,0.9624596684705601
11.351056052217857,0.046268005237887384,0.21855670103092784,0.9626986701265001
11.394140038044256,0.046470846120122755,0.21855670103092784,0.9628693855950288
11.437224023870659,0.04631671812968681,0.21649484536082475,0.963091315704116
11.480308009697062,0.04654255319148936,0.21649484536082475,0.9632791027194975
11.523391995523461,0.046283934134401426,0.21443298969072164,0.9634156750943202
11.566475981349864,0.046553267681289166,0.21443298969072164,0.9636376052034075
11.609559967176263,0.0466995958688819,0.21443298969072164,0.9637571060313775
11.652643953002666,0.046804680468046804,0.21443298969072164,0.9638424637656418
11.69572793882907,0.04701627486437613,0.21443298969072164,0.9640131792341704
11.738811924655469,0.0471441523118767,0.21443298969072164,0.9641156085152875
11.781895910481872,0.04746691008671839,0.21443298969072164,0.9643716817180805
11.824979896308271,0.04777216352779054,0.21443298969072164,0.9646106833740206
11.868063882134674,0.0479483633010604,0.21443298969072164,0.9647472557488435
11.911147867961073,0.048170449282075034,0.21443298969072164,0.964917971217372
11.954231853787476,0.04837209302325581,0.21443298969072164,0.9650716151390477
11.99731583961388,0.04779756326148079,0.21030927835051547,0.9653106167949878
12.040399825440279,0.0480225988700565,0.21030927835051547,0.9654813322635164
12.083483811266682,0.04822695035460993,0.21030927835051547,0.9656349761851921
12.126567797093081,0.048525214081826834,0.21030927835051547,0.9658569062942793
12.169651782919484,0.04885057471264368,0.21030927835051547,0.9660959079502194
12.212735768745887,0.04899135446685879,0.21030927835051547,0.9661983372313365
12.255819754572286,0.04891041162227603,0.20824742268041238,0.9664714819809823
12.29890374039869,0.04905293831957261,0.20824742268041238,0.9665739112620995
12.341987726225089,0.049292337725719865,0.20824742268041238,0.9667446267306281
12.385071712051491,0.04963144963144963,0.20824742268041238,0.9669836283865682
12.428155697877894,0.04982733103108041,0.20824742268041238,0.9671202007613909
12.471239683704294,0.04967709885742673,0.20618556701030927,0.9673421308704782
12.514323669530697,0.04940119760479042,0.20412371134020618,0.967478703245301
12.557407655357096,0.049798792756539235,0.20412371134020618,0.9677518479949468
12.600491641183499,0.05007587253414264,0.20412371134020618,0.9679396350103283
12.643575627009898,0.049872773536895676,0.2020618556701031,0.9681274220257098
12.686659612836305,0.050230650948231675,0.2020618556701031,0.9683664236816498
12.729743598662704,0.05038560411311054,0.2020618556701031,0.968468852962767
12.772827584489104,0.050672182006204755,0.2020618556701031,0.9686566399781484
12.815911570315503,0.0508298755186722,0.2020618556701031,0.9687590692592656
12.85899555614191,0.05117493472584857,0.2020618556701031,0.9689809993683528
12.902079541968309,0.05099894847528917,0.2,0.9691858579305871
12.945163527794708,0.05159574468085106,0.2,0.96956143196135
12.988247513621115,0.051871657754010696,0.2,0.9697321474298786
13.031331499447514,0.0521505376344086,0.2,0.9699028628984072
13.074415485273914,0.052319309600863,0.2,0.9700052921795244
13.11749947110032,0.05251759610178668,0.2,0.9701247930074944
13.16058345692672,0.05274605764002175,0.2,0.9702613653823173
13.203667442753119,0.05312157721796276,0.2,0.9704832954914044
13.246751428579518,0.05323819978046103,0.2,0.9705515816788159
13.289835414405925,0.053472987872105845,0.2,0.9706881540536388
13.332919400232324,0.053650442477876106,0.2,0.970790583334756
13.376003386058724,0.05391884380211229,0.2,0.9709442272564317
13.41908737188513,0.0538418395961862,0.1979381443298969,0.9712003004592246
13.46217135771153,0.054084507042253524,0.1979381443298969,0.9713368728340475
13.505255343537929,0.05429864253393665,0.1979381443298969,0.9714563736620175
13.548339329364335,0.05460750853242321,0.1979381443298969,0.9716270891305461
13.591423315190735,0.05491990846681922,0.1979381443298969,0.9717978045990747
13.634507301017134,0.055077452667814115,0.1979381443298969,0.971883162333339
13.677591286843533,0.05545927209705372,0.1979381443298969,0.9720880208955733
13.72067527266994,0.05536130536130536,0.1958762886597938,0.9723270225515134
13.76375925849634,0.05555555555555555,0.1958762886597938,0.9724294518326305
13.806843244322739,0.05611340815121087,0.1958762886597938,0.9727196681291291
13.849927230149145,0.056446821152703504,0.1958762886597938,0.9728903835976578
13.893011215975545,0.056152927120669056,0.19381443298969073,0.9730269559724807
13.936095201801944,0.05588942307692308,0.19175257731958764,0.9731805998941564
13.97917918762835,0.055990367248645395,0.19175257731958764,0.973231814534715
14.02226317345475,0.056329497274379164,0.19175257731958764,0.9734025300032436
14.06534715928115,0.05656934306569343,0.19175257731958764,0.9735220308312136
14.108431145107549,0.056776556776556776,0.19175257731958764,0.9736244601123307
14.151515130933955,0.05644171779141104,0.18969072164948453,0.9737439609403008
14.194599116760354,0.056615384615384616,0.18969072164948453,0.9738293186745651
14.237683102586754,0.056790123456790124,0.18969072164948453,0.9739146764088294
14.28076708841316,0.05703657780533168,0.18969072164948453,0.9740341772367994
14.32385107423956,0.05742821473158552,0.18969072164948453,0.9742219642521809
14.366935060065959,0.05768025078369906,0.18969072164948453,0.974341465080151
14.410019045892366,0.057971014492753624,0.18969072164948453,0.9744780374549737
14.453103031718765,0.05815423514538559,0.18969072164948453,0.9745633951892381
14.496187017545164,0.058412698412698416,0.18969072164948453,0.9746828960172081
14.539271003371564,0.05859872611464968,0.18969072164948453,0.9747682537514725
14.58235498919797,0.05829596412556054,0.18762886597938144,0.9749048261262953
14.62543897502437,0.058027079303675046,0.18556701030927836,0.9750584700479711
14.668522960850769,0.057829759584145546,0.18350515463917524,0.9752462570633526
14.711606946677176,0.058018252933507174,0.18350515463917524,0.9753316147976168
14.754690932503575,0.0583989501312336,0.18350515463917524,0.9755023302661454
14.797774918329974,0.05855263157894737,0.18350515463917524,0.9755706164535568
14.840858904156374,0.05886243386243386,0.18350515463917524,0.9757071888283797
14.88394288998278,0.05913621262458472,0.18350515463917524,0.9758266896563498
14.92702687580918,0.059333333333333335,0.18350515463917524,0.9759120473906141
14.970110861635579,0.05949197860962567,0.18350515463917524,0.9759803335780255
15.013194847461985,0.05981182795698925,0.18350515463917524,0.9761169059528484
15.056278833288385,0.06017579445571332,0.18350515463917524,0.9762705498745241
15.099362819114784,0.06046195652173913,0.18350515463917524,0.9763900507024942
15.14244680494119,0.06070941336971351,0.18350515463917524,0.9764924799836113
15.18553079076759,0.061168384879725084,0.18350515463917524,0.9766802669989928
15.22861477659399,0.06137931034482759,0.18350515463917524,0.9767656247332571
15.271698762420389,0.061677061677061676,0.18350515463917524,0.9768851255612271
15.314782748246795,0.06180555555555556,0.18350515463917524,0.9769363402017857
15.357866734073195,0.062237762237762236,0.18350515463917524,0.9771070556703143
15.400950719899594,0.06236860546601261,0.18350515463917524,0.9771582703108729
15.444034705726,0.06276445698166432,0.18350515463917524,0.9773119142325486
15.4871186915524,0.0631653655074521,0.18350515463917524,0.9774655581542243
15.5302026773788,0.0636168691922802,0.18350515463917524,0.977636273622753
15.573286663205206,0.06379928315412187,0.18350515463917524,0.9777045598101644
15.616370649031605,0.06412103746397695,0.18350515463917524,0.9778240606381344
15.659454634858005,0.064352856109906,0.18350515463917524,0.9779094183723988
15.702538620684404,0.06458635703918723,0.18350515463917524,0.9779947761066631
15.74562260651081,0.06409322651128915,0.18144329896907216,0.9780630622940745
15.78870659233721,0.06437454279444038,0.18144329896907216,0.9781654915751916
15.83179057816361,0.0640176600441501,0.17938144329896907,0.9782849924031617
15.874874563990016,0.06468401486988848,0.17938144329896907,0.9785239940591017
15.917958549816415,0.06417910447761194,0.177319587628866,0.9785922802465131
15.961042535642814,0.06446776611694154,0.177319587628866,0.9786947095276303
16.00412652146922,0.06485671191553545,0.177319587628866,0.9788312819024532
16.04721050729562,0.06515151515151515,0.177319587628866,0.9789337111835703
16.09029449312202,0.06554878048780488,0.177319587628866,0.9790702835583932
16.13337847894842,0.06620477290223249,0.177319587628866,0.9792922136674804
16.176462464774826,0.06594259115593483,0.17525773195876287,0.9794458575891561
16.219546450601225,0.06619937694704049,0.17525773195876287,0.9795312153234205
16.262630436427624,0.06572769953051644,0.1731958762886598,0.9796165730576848
16.30571442225403,0.06550907655880031,0.1711340206185567,0.9797872885262133
16.34879840808043,0.0659253375694996,0.1711340206185567,0.9799238609010362
16.39188239390683,0.0664,0.1711340206185567,0.9800775048227119
16.434966379733236,0.06682769726247988,0.1711340206185567,0.9802140771975348
16.478050365559636,0.06747967479674796,0.1711340206185567,0.9804189357597692
16.521134351386035,0.06781045751633986,0.1711340206185567,0.9805213650408864
16.564218337212434,0.06732348111658457,0.16907216494845362,0.9806067227751507
16.60730232303884,0.06765676567656766,0.16907216494845362,0.9807091520562679
16.65038630886524,0.06788079470198675,0.16907216494845362,0.9807774382436792
16.69347029469164,0.0675,0.1670103092783505,0.9808969390716493
16.736554280518046,0.06751054852320675,0.16494845360824742,0.9811359407275894
16.779638266344445,0.06785411365564037,0.16494845360824742,0.9812383700087065
16.822722252170845,0.06831767719897523,0.16494845360824742,0.9813749423835294
16.865806237997244,0.06866952789699571,0.16494845360824742,0.9814773716646465
16.90889022382365,0.06884681583476764,0.16494845360824742,0.9815285863052051
16.95197420965005,0.06833910034602077,0.16288659793814433,0.9816139440394694
16.99505819547645,0.0686359687228497,0.16288659793814433,0.9816993017737338
17.038142181302856,0.06812227074235808,0.16082474226804125,0.981784659507998
17.081226167129255,0.06836108676599474,0.16082474226804125,0.9818529456954095
17.124310152955655,0.06866197183098592,0.16082474226804125,0.9819383034296738
17.16739413878206,0.06921029281277728,0.16082474226804125,0.9820919473513495
17.21047812460846,0.06875,0.15876288659793814,0.9821943766324667
17.25356211043486,0.06899641577060932,0.15876288659793814,0.9822626628198781
17.29664609626126,0.06877828054298643,0.15670103092783505,0.9824333782884067
17.339730082087666,0.06934306569343066,0.15670103092783505,0.9825870222100824
17.382814067914065,0.06788990825688074,0.15257731958762888,0.9826553083974939
17.425898053740465,0.06765523632993513,0.15051546391752577,0.9828260238660225
17.46898203956687,0.06816059757236227,0.15051546391752577,0.9829625962408454
17.51206602539327,0.06886792452830189,0.15051546391752577,0.9831503832562268
17.55515001121967,0.06925996204933586,0.15051546391752577,0.983252812537344
17.598233997046076,0.06959008579599618,0.15051546391752577,0.9833381702716083
17.641317982872476,0.06999041227229147,0.15051546391752577,0.9834405995527254
17.684401968698875,0.07053140096618357,0.15051546391752577,0.9835771719275483
17.727485954525275,0.07101167315175097,0.15051546391752577,0.9836966727555184
17.77056994035168,0.07156862745098039,0.15051546391752577,0.9838332451303412
17.81365392617808,0.07192118226600985,0.15051546391752577,0.9839186028646055
17.85673791200448,0.07242063492063493,0.15051546391752577,0.9840381036925756
17.899821897830886,0.07285429141716566,0.15051546391752577,0.9841405329736927
17.942905883657286,0.07373737373737374,0.15051546391752577,0.984345391535927
17.985989869483685,0.07426246185147507,0.15051546391752577,0.9844648923638971
18.02907385531009,0.07433808553971487,0.15051546391752577,0.9844819639107499
18.07215784113649,0.07479508196721311,0.15051546391752577,0.9845843931918671
18.11524182696289,0.07415036045314109,0.14845360824742268,0.9846526793792786
18.15832581278929,0.07476635514018691,0.14845360824742268,0.9847892517541015
18.201409798615696,0.07523510971786834,0.14845360824742268,0.9848916810352186
18.244493784442096,0.07578947368421053,0.14845360824742268,0.9850111818631886
18.287577770268495,0.07610993657505286,0.14845360824742268,0.9850794680506001
18.3306617560949,0.0765143464399575,0.14845360824742268,0.9851648257848644
18.3737457419213,0.07692307692307693,0.14845360824742268,0.9852501835191286
18.4168297277477,0.07717041800643087,0.14845360824742268,0.9853013981596872
18.459913713574107,0.07634408602150537,0.1463917525773196,0.985335541253393
18.502997699400506,0.07567567567567568,0.14432989690721648,0.9854038274408045
18.546081685226905,0.0752453653217012,0.1422680412371134,0.9855233282687744
18.589165671053305,0.0752453653217012,0.1422680412371134,0.9855233282687744
18.63224965687971,0.07582417582417582,0.1422680412371134,0.9856428290967445
18.67533364270611,0.0752212389380531,0.1402061855670103,0.9857281868310087
18.71841762853251,0.07477678571428571,0.13814432989690723,0.9858476876589788
18.761501614358917,0.07545045045045046,0.13814432989690723,0.9859842600338017
18.804585600185316,0.07562076749435666,0.13814432989690723,0.9860184031275074
18.847669586011715,0.07604994324631101,0.13814432989690723,0.9861037608617716
18.890753571838115,0.07648401826484018,0.13814432989690723,0.986189118596036
18.93383755766452,0.0768348623853211,0.13814432989690723,0.9862574047834475
18.97692154349092,0.0771889400921659,0.13814432989690723,0.9863256909708589
19.02000552931732,0.07790697674418605,0.13814432989690723,0.9864622633456818
19.063089515143727,0.07719298245614035,0.1360824742268041,0.9865305495330932
19.106173500970126,0.07764705882352942,0.1360824742268041,0.9866159072673575
19.149257486796525,0.07692307692307693,0.13402061855670103,0.986684193454769
19.19234147262293,0.07756563245823389,0.13402061855670103,0.986803694282739
19.23542545844933,0.07692307692307693,0.13195876288659794,0.9868890520170033
19.27850944427573,0.07710843373493977,0.13195876288659794,0.986923195110709
19.32159343010213,0.07757575757575758,0.13195876288659794,0.9870085528449732
19.364677415928536,0.07804878048780488,0.13195876288659794,0.9870939105792376
19.407761401754936,0.07833537331701346,0.13195876288659794,0.9871451252197961
19.450845387581335,0.07644882860665844,0.12783505154639174,0.9872134114072076
19.49392937340774,0.07721046077210461,0.12783505154639174,0.9873499837820305
19.53701335923414,0.07653701380175659,0.12577319587628866,0.9874353415162948
19.58009734506054,0.07672955974842767,0.12577319587628866,0.9874694846100005
19.623181330886947,0.07702020202020202,0.12577319587628866,0.9875206992505591
19.666265316713346,0.07741116751269035,0.12577319587628866,0.9875889854379706
19.709349302539746,0.07741116751269035,0.12577319587628866,0.9875889854379706
19.752433288366145,0.0778061224489796,0.12577319587628866,0.987657271625382
19.79551727419255,0.07722007722007722,0.12371134020618557,0.9877597009064991
19.83860126001895,0.07751937984496124,0.12371134020618557,0.9878109155470577
19.88168524584535,0.07782101167315175,0.12371134020618557,0.9878621301876163
19.924769231671757,0.078125,0.12371134020618557,0.9879133448281748
19.967853217498156,0.0784313725490196,0.12371134020618557,0.9879645594687335
20.010937203324556,0.07874015748031496,0.12371134020618557,0.9880157741092921
20.054021189150962,0.07905138339920949,0.12371134020618557,0.9880669887498507
20.09710517497736,0.07936507936507936,0.12371134020618557,0.9881182033904092
20.14018916080376,0.0797872340425532,0.12371134020618557,0.9881864895778206
20.18327314663016,0.07989347536617843,0.12371134020618557,0.9882035611246736
20.226357132456567,0.08064516129032258,0.12371134020618557,0.9883230619526435
20.269441118282966,0.08130081300813008,0.12371134020618557,0.9884254912337607
20.312525104109366,0.08082191780821918,0.12164948453608247,0.9885449920617307
20.355609089935772,0.08149171270718232,0.12164948453608247,0.9886474213428479
20.39869307576217,0.08205841446453407,0.12164948453608247,0.9887327790771122
20.44177706158857,0.08263305322128851,0.12164948453608247,0.9888181368113764
20.484861047414977,0.08321579689703808,0.12164948453608247,0.9889034945456407
20.527945033241377,0.08392603129445235,0.12164948453608247,0.9890059238267579
20.571029019067776,0.0815450643776824,0.11752577319587629,0.9890400669204636
20.614113004894175,0.08177905308464849,0.11752577319587629,0.9890742100141694
20.657196990720582,0.08080808080808081,0.1154639175257732,0.989125424654728
20.70028097654698,0.08115942028985507,0.1154639175257732,0.9891766392952865
20.74336496237338,0.08127721335268505,0.1154639175257732,0.9891937108421394
20.786448948199787,0.08163265306122448,0.1154639175257732,0.9892449254826979
20.829532934026187,0.08199121522693997,0.1154639175257732,0.9892961401232566
20.872616919852586,0.08211143695014662,0.1154639175257732,0.9893132116701094
20.915700905678985,0.08296296296296296,0.1154639175257732,0.9894327124980794
20.958784891505392,0.08333333333333333,0.1154639175257732,0.9894839271386381
21.00186887733179,0.08071748878923767,0.11134020618556702,0.9895009986854909
21.04495286315819,0.08181818181818182,0.11134020618556702,0.9896546426071666
21.088036848984597,0.08091603053435115,0.10927835051546392,0.9897229287945781
21.131120834810996,0.08128834355828221,0.10927835051546392,0.9897741434351367
21.174204820637396,0.08141321044546851,0.10927835051546392,0.9897912149819895
21.217288806463802,0.08179012345679013,0.10927835051546392,0.9898424296225481
21.2603727922902,0.08229813664596274,0.10927835051546392,0.9899107158099595
21.3034567781166,0.08125,0.10721649484536082,0.9899619304505182
21.346540763943,0.081377151799687,0.10721649484536082,0.989979001997371
21.389624749769407,0.08176100628930817,0.10721649484536082,0.9900302166379296
21.432708735595806,0.08227848101265822,0.10721649484536082,0.990098502825341
21.475792721422206,0.08267090620031796,0.10721649484536082,0.9901497174658996
21.518876707248612,0.08293460925039872,0.10721649484536082,0.9901838605596053
21.56196069307501,0.08186195826645265,0.10515463917525773,0.9902350752001639
21.60504467890141,0.08064516129032258,0.10309278350515463,0.9902692182938696
21.648128664727817,0.08103727714748785,0.10309278350515463,0.9903204329344282
21.691212650554217,0.08143322475570032,0.10309278350515463,0.9903716475749867
21.734296636380616,0.08156606851549755,0.10309278350515463,0.9903887191218397
21.777380622207016,0.08210180623973727,0.10309278350515463,0.9904570053092511
21.820464608033422,0.08237232289950576,0.10309278350515463,0.9904911484029568
21.86354859385982,0.08264462809917356,0.10309278350515463,0.9905252914966625
21.90663257968622,0.08305647840531562,0.10309278350515463,0.9905765061372211
21.949716565512627,0.08347245409015025,0.10309278350515463,0.9906277207777797
21.992800551339027,0.08361204013377926,0.10309278350515463,0.9906447923246325
22.035884537165426,0.08263069139966273,0.10103092783505155,0.9907130785120439
22.078968522991833,0.08277027027027027,0.10103092783505155,0.9907301500588969
22.122052508818232,0.08376068376068375,0.10103092783505155,0.9908496508868668
22.16513649464463,0.08419243986254296,0.10103092783505155,0.9909008655274254
22.20822048047103,0.08419243986254296,0.10103092783505155,0.9909008655274254
22.251304466297437,0.08448275862068966,0.10103092783505155,0.9909350086211312
22.294388452123837,0.08506944444444445,0.10103092783505155,0.9910032948085427
22.337472437950236,0.08536585365853659,0.10103092783505155,0.9910374379022483
22.380556423776643,0.0843585237258348,0.09896907216494845,0.9911057240896598
22.423640409603042,0.08333333333333333,0.09690721649484536,0.9911740102770712
22.46672439542944,0.08362989323843416,0.09690721649484536,0.991208153370777
22.509808381255848,0.0843806104129264,0.09690721649484536,0.9912935111050413
22.552892367082247,0.08499095840867993,0.09690721649484536,0.9913617972924527
22.595976352908647,0.08561020036429873,0.09690721649484536,0.9914300834798642
22.639060338735046,0.08409506398537477,0.09484536082474226,0.991447155026717
22.682144324561452,0.08487084870848709,0.09484536082474226,0.9915325127609813
22.725228310387852,0.08582089552238806,0.09484536082474226,0.9916349420420985
22.76831229621425,0.08582089552238806,0.09484536082474226,0.9916349420420985
22.811396282040658,0.08630393996247655,0.09484536082474226,0.991686156682657
22.854480267867057,0.08712121212121213,0.09484536082474226,0.9917715144169214
22.897564253693456,0.08604206500956023,0.09278350515463918,0.9918398006043327
22.940648239519856,0.08527131782945736,0.09072164948453608,0.9919422298854499
22.983732225346262,0.08627450980392157,0.09072164948453608,0.992044659166567
23.02681621117266,0.08712871287128712,0.09072164948453608,0.9921300169008314
23.06990019699906,0.08565737051792828,0.088659793814433,0.9921641599945371
23.112984182825468,0.086,0.088659793814433,0.9921983030882429
23.156068168651867,0.08617234468937876,0.088659793814433,0.9922153746350957
23.199152154478266,0.08651911468812877,0.088659793814433,0.9922495177288014
23.242236140304673,0.08536585365853659,0.0865979381443299,0.9923178039162128
23.285320126131072,0.08571428571428572,0.0865979381443299,0.9923519470099186
23.32840411195747,0.08588957055214724,0.0865979381443299,0.9923690185567714
23.37148809778387,0.0860655737704918,0.0865979381443299,0.9923860901036243
23.414572083610278,0.08471074380165289,0.08453608247422681,0.9924373047441829
23.457656069436677,0.08541666666666667,0.08453608247422681,0.9925055909315943
23.500740055263076,0.08559498956158663,0.08453608247422681,0.9925226624784472
23.543824041089483,0.08577405857740586,0.08453608247422681,0.9925397340253
23.586908026915882,0.0859538784067086,0.08453608247422681,0.9925568055721529
23.62999201274228,0.08649789029535865,0.08453608247422681,0.9926080202127114
23.673075998568688,0.08649789029535865,0.08453608247422681,0.9926080202127114
23.716159984395087,0.08686440677966102,0.08453608247422681,0.9926421633064172
23.759243970221487,0.08723404255319149,0.08453608247422681,0.9926763064001229
23.802327956047886,0.08874458874458875,0.08453608247422681,0.9928128787749458
23.845411941874293,0.0891304347826087,0.08453608247422681,0.9928470218686515
23.888495927700692,0.08932461873638345,0.08453608247422681,0.9928640934155044
23.93157991352709,0.08932461873638345,0.08453608247422681,0.9928640934155044
23.974663899353498,0.08971553610503283,0.08453608247422681,0.99289823650921
24.017747885179897,0.08991228070175439,0.08453608247422681,0.992915308056063
24.060831871006297,0.09010989010989011,0.08453608247422681,0.9929323796029158
24.103915856832703,0.08888888888888889,0.08247422680412371,0.9930006657903273
24.146999842659103,0.0894854586129754,0.08247422680412371,0.9930518804308859
24.190083828485502,0.08968609865470852,0.08247422680412371,0.9930689519777387
24.2331678143119,0.09049773755656108,0.08247422680412371,0.9931372381651501
24.276251800138308,0.09070294784580499,0.08247422680412371,0.993154309712003
24.319335785964707,0.09090909090909091,0.08247422680412371,0.9931713812588558
24.362419771791107,0.091324200913242,0.08247422680412371,0.9932055243525616
24.405503757617513,0.09174311926605505,0.08247422680412371,0.9932396674462673
24.448587743443913,0.09216589861751152,0.08247422680412371,0.993273810539973
24.491671729270312,0.09259259259259259,0.08247422680412371,0.9933079536336787
24.53475571509672,0.09302325581395349,0.08247422680412371,0.9933420967273845
24.577839700923118,0.09302325581395349,0.08247422680412371,0.9933420967273845
24.620923686749517,0.0936768149882904,0.08247422680412371,0.9933933113679431
24.664007672575917,0.09389671361502347,0.08247422680412371,0.9934103829147959
24.707091658402323,0.09411764705882353,0.08247422680412371,0.9934274544616488
24.750175644228722,0.09501187648456057,0.08247422680412371,0.9934957406490602
24.793259630055122,0.09592326139088729,0.08247422680412371,0.9935640268364716
24.83634361588153,0.09592326139088729,0.08247422680412371,0.9935640268364716
24.879427601707928,0.09615384615384616,0.08247422680412371,0.9935810983833245
24.922511587534327,0.09420289855072464,0.08041237113402062,0.9935981699301774
24.965595573360726,0.09420289855072464,0.08041237113402062,0.9935981699301774
25.008679559187133,0.0951219512195122,0.08041237113402062,0.9936664561175889
25.051763545013532,0.09558823529411764,0.08041237113402062,0.9937005992112945
25.09484753083993,0.09558823529411764,0.08041237113402062,0.9937005992112945
25.137931516666338,0.0962962962962963,0.08041237113402062,0.9937518138518531
25.181015502492738,0.0975,0.08041237113402062,0.9938371715861174
25.224099488319137,0.09774436090225563,0.08041237113402062,0.9938542431329703
25.267183474145543,0.09774436090225563,0.08041237113402062,0.9938542431329703
25.310267459971943,0.09798994974874371,0.08041237113402062,0.9938713146798231
25.353351445798342,0.09848484848484848,0.08041237113402062,0.9939054577735289
25.39643543162474,0.09873417721518987,0.08041237113402062,0.9939225293203817
25.439519417451148,0.09898477157360407,0.08041237113402062,0.9939396008672345
25.482603403277547,0.09923664122137404,0.08041237113402062,0.9939566724140875
25.525687389103947,0.09718670076726342,0.07835051546391752,0.9939737439609403
25.568771374930353,0.09768637532133675,0.07835051546391752,0.994007887054646
25.611855360756753,0.09819121447028424,0.07835051546391752,0.9940420301483518
25.654939346583152,0.09610389610389611,0.07628865979381444,0.9940591016952046
25.69802333240956,0.09736842105263158,0.07628865979381444,0.9941444594294689
25.741107318235958,0.09788359788359788,0.07628865979381444,0.9941786025231746
25.784191304062357,0.09788359788359788,0.07628865979381444,0.9941786025231746
25.827275289888757,0.09814323607427056,0.07628865979381444,0.9941956740700275
25.870359275715163,0.09814323607427056,0.07628865979381444,0.9941956740700275
25.913443261541563,0.09574468085106383,0.07422680412371134,0.9941956740700275
25.956527247367962,0.09574468085106383,0.07422680412371134,0.9941956740700275
25.99961123319437,0.09574468085106383,0.07422680412371134,0.9941956740700275
26.042695219020768,0.096,0.07422680412371134,0.9942127456168803
26.085779204847167,0.0962566844919786,0.07422680412371134,0.9942298171637332
26.128863190673574,0.09703504043126684,0.07422680412371134,0.9942810318042918
26.171947176499973,0.0945945945945946,0.07216494845360824,0.9942810318042918
26.215031162326373,0.0948509485094851,0.07216494845360824,0.9942981033511447
26.258115148152772,0.09536784741144415,0.07216494845360824,0.9943322464448504
26.30119913397918,0.09536784741144415,0.07216494845360824,0.9943322464448504
26.344283119805578,0.0958904109589041,0.07216494845360824,0.994366389538556
26.387367105631977,0.09615384615384616,0.07216494845360824,0.994383461085409
26.430451091458384,0.09668508287292818,0.07216494845360824,0.9944176041791146
26.473535077284783,0.09668508287292818,0.07216494845360824,0.9944176041791146
26.516619063111182,0.09695290858725762,0.07216494845360824,0.9944346757259676
26.55970304893759,0.09695290858725762,0.07216494845360824,0.9944346757259676
26.60278703476399,0.09749303621169916,0.07216494845360824,0.9944688188196733
26.645871020590388,0.09749303621169916,0.07216494845360824,0.9944688188196733
26.688955006416787,0.09803921568627451,0.07216494845360824,0.994502961913379
26.732038992243194,0.09803921568627451,0.07216494845360824,0.994502961913379
26.775122978069593,0.09803921568627451,0.07216494845360824,0.994502961913379
26.818206963895992,0.09831460674157304,0.07216494845360824,0.9945200334602319
26.8612909497224,0.09887005649717515,0.07216494845360824,0.9945541765539375
26.904374935548798,0.09686609686609686,0.07010309278350516,0.9945883196476433
26.947458921375198,0.09714285714285714,0.07010309278350516,0.9946053911944961
26.990542907201597,0.09770114942528736,0.07010309278350516,0.9946395342882018
27.033626893028003,0.09826589595375723,0.07010309278350516,0.9946736773819076
27.076710878854403,0.09826589595375723,0.07010309278350516,0.9946736773819076
27.119794864680802,0.09883720930232558,0.07010309278350516,0.9947078204756133
27.16287885050721,0.09883720930232558,0.07010309278350516,0.9947078204756133
27.205962836333608,0.09912536443148688,0.07010309278350516,0.9947248920224662
27.249046822160008,0.0967741935483871,0.06804123711340206,0.994741963569319
27.292130807986414,0.09734513274336283,0.06804123711340206,0.9947761066630247
27.335214793812813,0.09792284866468842,0.06804123711340206,0.9948102497567305
27.378298779639213,0.09821428571428571,0.06804123711340206,0.9948273213035833
27.421382765465612,0.09821428571428571,0.06804123711340206,0.9948273213035833
27.46446675129202,0.09880239520958084,0.06804123711340206,0.9948614643972891
27.507550737118418,0.0990990990990991,0.06804123711340206,0.9948785359441419
27.550634722944817,0.09667673716012085,0.06597938144329897,0.9948956074909947
27.593718708771224,0.09696969696969697,0.06597938144329897,0.9949126790378476
27.636802694597623,0.0975609756097561,0.06597938144329897,0.9949468221315534
27.679886680424023,0.0975609756097561,0.06597938144329897,0.9949468221315534
27.72297066625043,0.0975609756097561,0.06597938144329897,0.9949468221315534
27.76605465207683,0.0975609756097561,0.06597938144329897,0.9949468221315534
27.809138637903228,0.09815950920245399,0.06597938144329897,0.994980965225259
27.852222623729627,0.09876543209876543,0.06597938144329897,0.9950151083189648
27.895306609556034,0.09876543209876543,0.06597938144329897,0.9950151083189648
27.938390595382433,0.09876543209876543,0.06597938144329897,0.9950151083189648
27.981474581208833,0.09876543209876543,0.06597938144329897,0.9950151083189648
28.02455856703524,0.09876543209876543,0.06597938144329897,0.9950151083189648
28.06764255286164,0.09876543209876543,0.06597938144329897,0.9950151083189648
28.110726538688038,0.09876543209876543,0.06597938144329897,0.9950151083189648
28.153810524514444,0.09937888198757763,0.06597938144329897,0.9950492514126705
28.196894510340844,0.09968847352024922,0.06597938144329897,0.9950663229595234
28.239978496167243,0.1,0.06597938144329897,0.9950833945063762
28.283062481993642,0.10031347962382445,0.06597938144329897,0.9951004660532291
28.32614646782005,0.10031347962382445,0.06597938144329897,0.9951004660532291
28.36923045364645,0.10126582278481013,0.06597938144329897,0.9951516806937877
28.412314439472848,0.09841269841269841,0.06391752577319587,0.9951516806937877
28.455398425299254,0.09904153354632587,0.06391752577319587,0.9951858237874934
28.498482411125654,0.09615384615384616,0.061855670103092786,0.9951858237874934
28.541566396952053,0.09646302250803858,0.061855670103092786,0.9952028953343462
28.58465038277846,0.09646302250803858,0.061855670103092786,0.9952028953343462
28.62773436860486,0.09740259740259741,0.061855670103092786,0.9952541099749048
28.67081835443126,0.09740259740259741,0.061855670103092786,0.9952541099749048
28.713902340257658,0.09771986970684039,0.061855670103092786,0.9952711815217576
28.756986326084064,0.09803921568627451,0.061855670103092786,0.9952882530686106
28.800070311910464,0.09836065573770492,0.061855670103092786,0.9953053246154634
28.843154297736863,0.09836065573770492,0.061855670103092786,0.9953053246154634
28.88623828356327,0.09868421052631579,0.061855670103092786,0.9953223961623162
28.92932226938967,0.09900990099009901,0.061855670103092786,0.9953394677091691
28.972406255216068,0.09966777408637874,0.061855670103092786,0.9953736108028749
29.015490241042468,0.09966777408637874,0.061855670103092786,0.9953736108028749
29.058574226868874,0.09966777408637874,0.061855670103092786,0.9953736108028749
29.101658212695273,0.10067114093959731,0.061855670103092786,0.9954248254434335
29.144742198521673,0.10067114093959731,0.061855670103092786,0.9954248254434335
29.18782618434808,0.10101010101010101,0.061855670103092786,0.9954418969902863
29.23091017017448,0.10135135135135136,0.061855670103092786,0.9954589685371391
29.273994156000878,0.1016949152542373,0.061855670103092786,0.995476040083992
29.317078141827285,0.1,0.05979381443298969,0.9955443262714034
29.360162127653684,0.1,0.05979381443298969,0.9955443262714034
29.403246113480083,0.1,0.05979381443298969,0.9955443262714034
29.446330099306483,0.10034602076124567,0.05979381443298969,0.9955613978182564
29.48941408513289,0.10069444444444445,0.05979381443298969,0.9955784693651092
29.53249807095929,0.10104529616724739,0.05979381443298969,0.995595540911962
29.575582056785688,0.10247349823321555,0.05979381443298969,0.9956638270993735
29.618666042612094,0.10320284697508897,0.05979381443298969,0.9956979701930792
29.661750028438494,0.1003584229390681,0.0577319587628866,0.9957150417399321
29.704834014264893,0.1003584229390681,0.0577319587628866,0.9957150417399321
29.7479180000913,0.10108303249097472,0.0577319587628866,0.9957491848336377
29.7910019859177,0.10108303249097472,0.0577319587628866,0.9957491848336377
29.8340859717441,0.10144927536231885,0.0577319587628866,0.9957662563804907
29.877169957570498,0.10181818181818182,0.0577319587628866,0.9957833279273435
29.920253943396904,0.10294117647058823,0.0577319587628866,0.995834542567902
29.963337929223304,0.10408921933085502,0.0577319587628866,0.9958857572084606
30.006421915049703,0.1044776119402985,0.0577319587628866,0.9959028287553136
30.04950590087611,0.10526315789473684,0.0577319587628866,0.9959369718490192
30.09258988670251,0.10566037735849057,0.0577319587628866,0.9959540433958721
30.13567387252891,0.10606060606060606,0.0577319587628866,0.9959711149427249
30.178757858355315,0.10687022900763359,0.0577319587628866,0.9960052580364307
30.221841844181714,0.10687022900763359,0.0577319587628866,0.9960052580364307
30.264925830008114,0.10687022900763359,0.0577319587628866,0.9960052580364307
30.308009815834513,0.10727969348659004,0.0577319587628866,0.9960223295832835
30.35109380166092,0.1076923076923077,0.0577319587628866,0.9960394011301364
30.39417778748732,0.10810810810810811,0.0577319587628866,0.9960564726769893
30.43726177331372,0.10810810810810811,0.0577319587628866,0.9960564726769893
30.480345759140125,0.10810810810810811,0.0577319587628866,0.9960564726769893
30.523429744966524,0.10852713178294573,0.0577319587628866,0.9960735442238421
30.566513730792924,0.10852713178294573,0.0577319587628866,0.9960735442238421
30.60959771661933,0.10852713178294573,0.0577319587628866,0.9960735442238421
30.65268170244573,0.10852713178294573,0.0577319587628866,0.9960735442238421
30.69576568827213,0.10852713178294573,0.0577319587628866,0.9960735442238421
30.738849674098528,0.10894941634241245,0.0577319587628866,0.996090615770695
30.781933659924935,0.109375,0.0577319587628866,0.9961076873175478
30.825017645751334,0.109375,0.0577319587628866,0.9961076873175478
30.868101631577733,0.109375,0.0577319587628866,0.9961076873175478
30.91118561740414,0.109375,0.0577319587628866,0.9961076873175478
30.95426960323054,0.11023622047244094,0.0577319587628866,0.9961418304112536
30.99735358905694,0.11067193675889328,0.0577319587628866,0.9961589019581064
31.040437574883338,0.10756972111553785,0.05567010309278351,0.9961759735049592
31.083521560709745,0.108,0.05567010309278351,0.9961930450518122
31.126605546536144,0.10931174089068826,0.05567010309278351,0.9962442596923707
31.169689532362543,0.10931174089068826,0.05567010309278351,0.9962442596923707
31.21277351818895,0.10975609756097561,0.05567010309278351,0.9962613312392236
31.25585750401535,0.11065573770491803,0.05567010309278351,0.9962954743329293
31.29894148984175,0.11065573770491803,0.05567010309278351,0.9962954743329293
31.342025475668155,0.1115702479338843,0.05567010309278351,0.9963296174266351
31.385109461494554,0.11203319502074689,0.05567010309278351,0.9963466889734879
31.428193447320954,0.1134453781512605,0.05567010309278351,0.9963979036140465
31.471277433147353,0.1134453781512605,0.05567010309278351,0.9963979036140465
31.51436141897376,0.11392405063291139,0.05567010309278351,0.9964149751608993
31.55744540480016,0.11440677966101695,0.05567010309278351,0.9964320467077522
31.60052939062656,0.1148936170212766,0.05567010309278351,0.996449118254605
31.643613376452965,0.1148936170212766,0.05567010309278351,0.996449118254605
31.686697362279364,0.11538461538461539,0.05567010309278351,0.996466189801458
31.729781348105764,0.11637931034482758,0.05567010309278351,0.9965003328951636
31.77286533393217,0.11688311688311688,0.05567010309278351,0.9965174044420165
31.81594931975857,0.11688311688311688,0.05567010309278351,0.9965174044420165
31.85903330558497,0.11504424778761062,0.05360824742268041,0.9965856906294279
31.90211729141137,0.11210762331838565,0.05154639175257732,0.9966198337231337
31.945201277237775,0.11261261261261261,0.05154639175257732,0.9966369052699865
31.988285263064174,0.11261261261261261,0.05154639175257732,0.9966369052699865
32.03136924889057,0.11261261261261261,0.05154639175257732,0.9966369052699865
32.074453234716984,0.11363636363636363,0.05154639175257732,0.9966710483636922
32.11753722054338,0.1152073732718894,0.05154639175257732,0.9967222630042508
32.16062120636978,0.1152073732718894,0.05154639175257732,0.9967222630042508
32.20370519219618,0.1152073732718894,0.05154639175257732,0.9967222630042508
32.24678917802258,0.1152073732718894,0.05154639175257732,0.9967222630042508
32.28987316384898,0.11162790697674418,0.049484536082474224,0.9967393345511036
32.33295714967538,0.11162790697674418,0.049484536082474224,0.9967393345511036
32.376041135501794,0.11267605633802817,0.049484536082474224,0.9967734776448094
32.41912512132819,0.11320754716981132,0.049484536082474224,0.9967905491916622
32.46220910715459,0.11320754716981132,0.049484536082474224,0.9967905491916622
32.50529309298099,0.11374407582938388,0.049484536082474224,0.9968076207385151
32.54837707880739,0.11004784688995216,0.04742268041237113,0.996824692285368
32.59146106463379,0.11004784688995216,0.04742268041237113,0.996824692285368
32.634545050460204,0.10628019323671498,0.04536082474226804,0.9968417638322208
32.6776290362866,0.1073170731707317,0.04536082474226804,0.9968759069259265
32.720713022113,0.10837438423645321,0.04536082474226804,0.9969100500196323
32.7637970079394,0.10891089108910891,0.04536082474226804,0.9969271215664851
32.8068809937658,0.10945273631840796,0.04536082474226804,0.996944193113338
32.8499649795922,0.10945273631840796,0.04536082474226804,0.996944193113338
32.8930489654186,0.11,0.04536082474226804,0.9969612646601909
32.936132951245014,0.11,0.04536082474226804,0.9969612646601909
32.97921693707141,0.11,0.04536082474226804,0.9969612646601909
33.02230092289781,0.11,0.04536082474226804,0.9969612646601909
33.06538490872421,0.11,0.04536082474226804,0.9969612646601909
33.10846889455061,0.11,0.04536082474226804,0.9969612646601909
33.15155288037701,0.11,0.04536082474226804,0.9969612646601909
33.19463686620341,0.10606060606060606,0.04329896907216495,0.9969783362070437
33.237720852029824,0.10606060606060606,0.04329896907216495,0.9969783362070437
33.28080483785622,0.10714285714285714,0.04329896907216495,0.9970124793007494
33.32388882368262,0.10714285714285714,0.04329896907216495,0.9970124793007494
33.36697280950902,0.10714285714285714,0.04329896907216495,0.9970124793007494
33.41005679533542,0.10824742268041238,0.04329896907216495,0.9970466223944552
33.45314078116182,0.10880829015544041,0.04329896907216495,0.997063693941308
33.49622476698822,0.109375,0.04329896907216495,0.9970807654881609
33.539308752814634,0.1111111111111111,0.04329896907216495,0.9971319801287195
33.58239273864103,0.11170212765957446,0.04329896907216495,0.9971490516755723
33.62547672446743,0.11170212765957446,0.04329896907216495,0.9971490516755723
33.66856071029383,0.11170212765957446,0.04329896907216495,0.9971490516755723
33.71164469612023,0.11290322580645161,0.04329896907216495,0.9971831947692781
33.75472868194663,0.11290322580645161,0.04329896907216495,0.9971831947692781
33.797812667773044,0.11290322580645161,0.04329896907216495,0.9971831947692781
33.840896653599444,0.11413043478260869,0.04329896907216495,0.9972173378629837
33.88398063942584,0.11475409836065574,0.04329896907216495,0.9972344094098367
33.92706462525224,0.11538461538461539,0.04329896907216495,0.9972514809566895
33.97014861107864,0.11602209944751381,0.04329896907216495,0.9972685525035423
34.01323259690504,0.11666666666666667,0.04329896907216495,0.9972856240503952
34.05631658273144,0.11666666666666667,0.04329896907216495,0.9972856240503952
34.099400568557854,0.11731843575418995,0.04329896907216495,0.997302695597248
34.142484554384254,0.11731843575418995,0.04329896907216495,0.997302695597248
34.18556854021065,0.11797752808988764,0.04329896907216495,0.997319767144101
34.22865252603705,0.11931818181818182,0.04329896907216495,0.9973539102378066
34.27173651186345,0.11931818181818182,0.04329896907216495,0.9973539102378066
34.31482049768985,0.11931818181818182,0.04329896907216495,0.9973539102378066
34.35790448351625,0.11931818181818182,0.04329896907216495,0.9973539102378066
34.400988469342664,0.12,0.04329896907216495,0.9973709817846595
34.444072455169064,0.1206896551724138,0.04329896907216495,0.9973880533315124
34.48715644099546,0.1206896551724138,0.04329896907216495,0.9973880533315124
34.53024042682186,0.12280701754385964,0.04329896907216495,0.9974392679720709
34.57332441264826,0.1242603550295858,0.04329896907216495,0.9974734110657767
34.61640839847466,0.1242603550295858,0.04329896907216495,0.9974734110657767
34.659492384301075,0.1242603550295858,0.04329896907216495,0.9974734110657767
34.702576370127474,0.1242603550295858,0.04329896907216495,0.9974734110657767
34.74566035595387,0.1242603550295858,0.04329896907216495,0.9974734110657767
34.78874434178027,0.125,0.04329896907216495,0.9974904826126295
34.83182832760667,0.12727272727272726,0.04329896907216495,0.9975416972531881
34.87491231343307,0.12727272727272726,0.04329896907216495,0.9975416972531881
34.91799629925947,0.12727272727272726,0.04329896907216495,0.9975416972531881
34.961080285085885,0.12727272727272726,0.04329896907216495,0.9975416972531881
35.004164270912284,0.12727272727272726,0.04329896907216495,0.9975416972531881
35.04724825673868,0.12804878048780488,0.04329896907216495,0.997558768800041
35.09033224256508,0.12883435582822086,0.04329896907216495,0.9975758403468938
35.13341622839148,0.12883435582822086,0.04329896907216495,0.9975758403468938
35.17650021421788,0.12962962962962962,0.04329896907216495,0.9975929118937467
35.21958420004428,0.12962962962962962,0.04329896907216495,0.9975929118937467
35.262668185870695,0.12962962962962962,0.04329896907216495,0.9975929118937467
35.305752171697094,0.13043478260869565,0.04329896907216495,0.9976099834405996
35.34883615752349,0.13125,0.04329896907216495,0.9976270549874524
35.39192014334989,0.1320754716981132,0.04329896907216495,0.9976441265343052
35.43500412917629,0.1320754716981132,0.04329896907216495,0.9976441265343052
35.47808811500269,0.1320754716981132,0.04329896907216495,0.9976441265343052
35.52117210082909,0.1320754716981132,0.04329896907216495,0.9976441265343052
35.564256086655504,0.1320754716981132,0.04329896907216495,0.9976441265343052
35.607340072481904,0.1320754716981132,0.04329896907216495,0.9976441265343052
35.6504240583083,0.1320754716981132,0.04329896907216495,0.9976441265343052
35.6935080441347,0.13291139240506328,0.04329896907216495,0.9976611980811582
35.7365920299611,0.1337579617834395,0.04329896907216495,0.997678269628011
35.7796760157875,0.1337579617834395,0.04329896907216495,0.997678269628011
35.822760001613915,0.1346153846153846,0.04329896907216495,0.9976953411748638
35.865843987440314,0.12987012987012986,0.041237113402061855,0.9977124127217167
35.908927973266714,0.125,0.03917525773195876,0.9977294842685696
35.95201195909311,0.125,0.03917525773195876,0.9977294842685696
35.99509594491951,0.125,0.03917525773195876,0.9977294842685696
36.03817993074591,0.12582781456953643,0.03917525773195876,0.9977465558154225
36.08126391657231,0.12582781456953643,0.03917525773195876,0.9977465558154225
36.124347902398725,0.12582781456953643,0.03917525773195876,0.9977465558154225
36.167431888225124,0.12582781456953643,0.03917525773195876,0.9977465558154225
36.210515874051524,0.12666666666666668,0.03917525773195876,0.9977636273622753
36.25359985987792,0.12666666666666668,0.03917525773195876,0.9977636273622753
36.29668384570432,0.12751677852348994,0.03917525773195876,0.9977806989091281
36.33976783153072,0.1292517006802721,0.03917525773195876,0.9978148420028339
36.38285181735712,0.1292517006802721,0.03917525773195876,0.9978148420028339
36.425935803183535,0.13013698630136986,0.03917525773195876,0.9978319135496867
36.469019789009934,0.13013698630136986,0.03917525773195876,0.9978319135496867
36.51210377483633,0.13013698630136986,0.03917525773195876,0.9978319135496867
36.55518776066273,0.13013698630136986,0.03917525773195876,0.9978319135496867
36.59827174648913,0.13194444444444445,0.03917525773195876,0.9978660566433925
36.64135573231553,0.13286713286713286,0.03917525773195876,0.9978831281902453
36.684439718141945,0.13286713286713286,0.03917525773195876,0.9978831281902453
36.727523703968345,0.13380281690140844,0.03917525773195876,0.9979001997370982
36.770607689794744,0.1347517730496454,0.03917525773195876,0.997917271283951
36.81369167562114,0.1357142857142857,0.03917525773195876,0.9979343428308038
36.85677566144754,0.1366906474820144,0.03917525773195876,0.9979514143776568
36.89985964727394,0.13768115942028986,0.03917525773195876,0.9979684859245096
36.94294363310034,0.13768115942028986,0.03917525773195876,0.9979684859245096
36.986027618926755,0.13768115942028986,0.03917525773195876,0.9979684859245096
37.029111604753155,0.13970588235294118,0.03917525773195876,0.9980026290182153
37.072195590579554,0.14285714285714285,0.03917525773195876,0.9980538436587739
37.11527957640595,0.14285714285714285,0.03917525773195876,0.9980538436587739
37.15836356223235,0.14285714285714285,0.03917525773195876,0.9980538436587739
37.20144754805875,0.14393939393939395,0.03917525773195876,0.9980709152056267
37.24453153388515,0.14393939393939395,0.03917525773195876,0.9980709152056267
37.287615519711565,0.14393939393939395,0.03917525773195876,0.9980709152056267
37.330699505537964,0.14393939393939395,0.03917525773195876,0.9980709152056267
37.373783491364364,0.14393939393939395,0.03917525773195876,0.9980709152056267
37.41686747719076,0.14393939393939395,0.03917525773195876,0.9980709152056267
37.45995146301716,0.1450381679389313,0.03917525773195876,0.9980879867524797
37.50303544884356,0.13846153846153847,0.03711340206185567,0.9980879867524797
37.54611943466996,0.13846153846153847,0.03711340206185567,0.9980879867524797
37.589203420496375,0.13846153846153847,0.03711340206185567,0.9980879867524797
37.632287406322774,0.13846153846153847,0.03711340206185567,0.9980879867524797
37.675371392149174,0.13846153846153847,0.03711340206185567,0.9980879867524797
37.71845537797557,0.13953488372093023,0.03711340206185567,0.9981050582993325
37.76153936380197,0.13953488372093023,0.03711340206185567,0.9981050582993325
37.80462334962837,0.13953488372093023,0.03711340206185567,0.9981050582993325
37.847707335454785,0.140625,0.03711340206185567,0.9981221298461853
37.890791321281185,0.140625,0.03711340206185567,0.9981221298461853
37.933875307107584,0.14516129032258066,0.03711340206185567,0.9981904160335968
37.976959292933984,0.14634146341463414,0.03711340206185567,0.9982074875804496
38.02004327876038,0.14754098360655737,0.03711340206185567,0.9982245591273026
38.06312726458678,0.14754098360655737,0.03711340206185567,0.9982245591273026
38.10621125041318,0.14754098360655737,0.03711340206185567,0.9982245591273026
38.149295236239595,0.1487603305785124,0.03711340206185567,0.9982416306741554
38.192379222065995,0.1487603305785124,0.03711340206185567,0.9982416306741554
38.235463207892394,0.1487603305785124,0.03711340206185567,0.9982416306741554
38.27854719371879,0.1487603305785124,0.03711340206185567,0.9982416306741554
38.32163117954519,0.13675213675213677,0.032989690721649485,0.9982757737678611
38.36471516537159,0.13675213675213677,0.032989690721649485,0.9982757737678611
38.40779915119799,0.13793103448275862,0.032989690721649485,0.998292845314714
38.450883137024405,0.1391304347826087,0.032989690721649485,0.9983099168615668
38.493967122850805,0.14035087719298245,0.032989690721649485,0.9983269884084197
38.537051108677204,0.14035087719298245,0.032989690721649485,0.9983269884084197
38.5801350945036,0.14035087719298245,0.032989690721649485,0.9983269884084197
38.62321908033,0.14035087719298245,0.032989690721649485,0.9983269884084197
38.6663030661564,0.14035087719298245,0.032989690721649485,0.9983269884084197
38.709387051982816,0.1415929203539823,0.032989690721649485,0.9983440599552725
38.752471037809215,0.14285714285714285,0.032989690721649485,0.9983611315021254
38.795555023635615,0.14414414414414414,0.032989690721649485,0.9983782030489783
38.838639009462014,0.14545454545454545,0.032989690721649485,0.9983952745958311
38.88172299528841,0.14545454545454545,0.032989690721649485,0.9983952745958311
38.92480698111481,0.14545454545454545,0.032989690721649485,0.9983952745958311
38.96789096694121,0.14545454545454545,0.032989690721649485,0.9983952745958311
39.010974952767626,0.14545454545454545,0.032989690721649485,0.9983952745958311
39.054058938594025,0.14678899082568808,0.032989690721649485,0.998412346142684
39.097142924420424,0.14678899082568808,0.032989690721649485,0.998412346142684
39.140226910246824,0.14678899082568808,0.032989690721649485,0.998412346142684
39.18331089607322,0.14678899082568808,0.032989690721649485,0.998412346142684
39.22639488189962,0.14678899082568808,0.032989690721649485,0.998412346142684
39.26947886772602,0.14678899082568808,0.032989690721649485,0.998412346142684
39.312562853552436,0.1523809523809524,0.032989690721649485,0.9984806323300954
39.355646839378835,0.1523809523809524,0.032989690721649485,0.9984806323300954
39.398730825205234,0.1523809523809524,0.032989690721649485,0.9984806323300954
39.441814811031634,0.1523809523809524,0.032989690721649485,0.9984806323300954
39.48489879685803,0.1523809523809524,0.032989690721649485,0.9984806323300954
39.52798278268443,0.14423076923076922,0.030927835051546393,0.9984806323300954
39.57106676851083,0.13592233009708737,0.0288659793814433,0.9984806323300954
39.614150754337246,0.13592233009708737,0.0288659793814433,0.9984806323300954
39.657234740163645,0.13725490196078433,0.0288659793814433,0.9984977038769483
39.700318725990044,0.13861386138613863,0.0288659793814433,0.9985147754238012
39.743402711816444,0.14,0.0288659793814433,0.998531846970654
39.78648669764284,0.1414141414141414,0.0288659793814433,0.9985489185175068
39.82957068346924,0.1326530612244898,0.026804123711340205,0.9985489185175068
39.872654669295656,0.1326530612244898,0.026804123711340205,0.9985489185175068
39.915738655122055,0.1326530612244898,0.026804123711340205,0.9985489185175068
39.958822640948455,0.13402061855670103,0.026804123711340205,0.9985659900643598
40.001906626774854,0.13402061855670103,0.026804123711340205,0.9985659900643598
40.044990612601254,0.13402061855670103,0.026804123711340205,0.9985659900643598
40.08807459842765,0.13402061855670103,0.026804123711340205,0.9985659900643598
40.13115858425405,0.125,0.024742268041237112,0.9985659900643598
40.174242570080466,0.125,0.024742268041237112,0.9985659900643598
40.217326555906865,0.125,0.024742268041237112,0.9985659900643598
40.260410541733265,0.12631578947368421,0.024742268041237112,0.9985830616112126
40.303494527559664,0.12631578947368421,0.024742268041237112,0.9985830616112126
40.34657851338606,0.11702127659574468,0.02268041237113402,0.9985830616112126
40.38966249921246,0.11702127659574468,0.02268041237113402,0.9985830616112126
40.43274648503886,0.11702127659574468,0.02268041237113402,0.9985830616112126
40.475830470865276,0.11827956989247312,0.02268041237113402,0.9986001331580655
40.518914456691675,0.11827956989247312,0.02268041237113402,0.9986001331580655
40.561998442518075,0.11827956989247312,0.02268041237113402,0.9986001331580655
40.605082428344474,0.11956521739130435,0.02268041237113402,0.9986172047049183
40.64816641417087,0.12087912087912088,0.02268041237113402,0.9986342762517711
40.69125039999727,0.12222222222222222,0.02268041237113402,0.9986513477986241
40.734334385823686,0.12222222222222222,0.02268041237113402,0.9986513477986241
40.777418371650086,0.12359550561797752,0.02268041237113402,0.9986684193454769
40.820502357476485,0.12359550561797752,0.02268041237113402,0.9986684193454769
40.863586343302885,0.125,0.02268041237113402,0.9986854908923297
40.906670329129284,0.12643678160919541,0.02268041237113402,0.9987025624391827
40.94975431495568,0.11764705882352941,0.020618556701030927,0.9987196339860355
40.99283830078208,0.12048192771084337,0.020618556701030927,0.9987537770797412
41.035922286608496,0.12048192771084337,0.020618556701030927,0.9987537770797412
41.079006272434896,0.12048192771084337,0.020618556701030927,0.9987537770797412
41.122090258261295,0.12048192771084337,0.020618556701030927,0.9987537770797412
41.165174244087694,0.12048192771084337,0.020618556701030927,0.9987537770797412
41.208258229914094,0.12048192771084337,0.020618556701030927,0.9987537770797412
41.25134221574049,0.12048192771084337,0.020618556701030927,0.9987537770797412
41.29442620156689,0.12048192771084337,0.020618556701030927,0.9987537770797412
41.337510187393306,0.12048192771084337,0.020618556701030927,0.9987537770797412
41.380594173219706,0.12048192771084337,0.020618556701030927,0.9987537770797412
41.423678159046105,0.12048192771084337,0.020618556701030927,0.9987537770797412
41.466762144872504,0.12048192771084337,0.020618556701030927,0.9987537770797412
41.509846130698904,0.12048192771084337,0.020618556701030927,0.9987537770797412
41.5529301165253,0.12048192771084337,0.020618556701030927,0.9987537770797412
41.5960141023517,0.12048192771084337,0.020618556701030927,0.9987537770797412
41.639098088178116,0.12048192771084337,0.020618556701030927,0.9987537770797412
41.682182074004515,0.12195121951219512,0.020618556701030927,0.998770848626594
41.725266059830915,0.12345679012345678,0.020618556701030927,0.9987879201734469
41.768350045657314,0.12345679012345678,0.020618556701030927,0.9987879201734469
41.811434031483714,0.12345679012345678,0.020618556701030927,0.9987879201734469
41.85451801731011,0.11392405063291139,0.018556701030927835,0.9988049917202998
41.89760200313653,0.11392405063291139,0.018556701030927835,0.9988049917202998
41.940685988962926,0.11392405063291139,0.018556701030927835,0.9988049917202998
41.983769974789325,0.11392405063291139,0.018556701030927835,0.9988049917202998
42.026853960615725,0.11538461538461539,0.018556701030927835,0.9988220632671526
42.069937946442124,0.11842105263157894,0.018556701030927835,0.9988562063608584
42.11302193226852,0.11842105263157894,0.018556701030927835,0.9988562063608584
42.15610591809492,0.11842105263157894,0.018556701030927835,0.9988562063608584
42.19918990392134,0.11842105263157894,0.018556701030927835,0.9988562063608584
42.242273889747736,0.11842105263157894,0.018556701030927835,0.9988562063608584
42.285357875574135,0.11842105263157894,0.018556701030927835,0.9988562063608584
42.328441861400535,0.11842105263157894,0.018556701030927835,0.9988562063608584
42.371525847226934,0.12,0.018556701030927835,0.9988732779077112
42.41460983305333,0.12,0.018556701030927835,0.9988732779077112
42.45769381887973,0.12,0.018556701030927835,0.9988732779077112
42.500777804706146,0.1095890410958904,0.016494845360824743,0.9988903494545641
42.543861790532546,0.11428571428571428,0.016494845360824743,0.9989415640951227
42.586945776358945,0.11428571428571428,0.016494845360824743,0.9989415640951227
42.630029762185345,0.11428571428571428,0.016494845360824743,0.9989415640951227
42.673113748011744,0.11428571428571428,0.016494845360824743,0.9989415640951227
42.71619773383814,0.11428571428571428,0.016494845360824743,0.9989415640951227
42.75928171966456,0.10294117647058823,0.01443298969072165,0.9989586356419755
42.802365705490956,0.10294117647058823,0.01443298969072165,0.9989586356419755
42.845449691317356,0.10294117647058823,0.01443298969072165,0.9989586356419755
42.888533677143755,0.08955223880597014,0.012371134020618556,0.9989586356419755
42.931617662970154,0.08955223880597014,0.012371134020618556,0.9989586356419755
42.974701648796554,0.08955223880597014,0.012371134020618556,0.9989586356419755
43.01778563462295,0.09090909090909091,0.012371134020618556,0.9989757071888283
43.06086962044937,0.09090909090909091,0.012371134020618556,0.9989757071888283
43.103953606275766,0.07692307692307693,0.010309278350515464,0.9989757071888283
43.147037592102166,0.07692307692307693,0.010309278350515464,0.9989757071888283
43.190121577928565,0.078125,0.010309278350515464,0.9989927787356813
43.233205563754964,0.078125,0.010309278350515464,0.9989927787356813
43.276289549581364,0.078125,0.010309278350515464,0.9989927787356813
43.31937353540776,0.078125,0.010309278350515464,0.9989927787356813
43.36245752123418,0.07936507936507936,0.010309278350515464,0.9990098502825341
43.405541507060576,0.08064516129032258,0.010309278350515464,0.999026921829387
43.448625492886976,0.08064516129032258,0.010309278350515464,0.999026921829387
43.491709478713375,0.08064516129032258,0.010309278350515464,0.999026921829387
43.534793464539774,0.08064516129032258,0.010309278350515464,0.999026921829387
43.577877450366174,0.08064516129032258,0.010309278350515464,0.999026921829387
43.62096143619257,0.08196721311475409,0.010309278350515464,0.9990439933762398
43.66404542201899,0.08333333333333333,0.010309278350515464,0.9990610649230927
43.707129407845386,0.0847457627118644,0.010309278350515464,0.9990781364699456
43.750213393671785,0.0847457627118644,0.010309278350515464,0.9990781364699456
43.793297379498185,0.0847457627118644,0.010309278350515464,0.9990781364699456
43.836381365324584,0.0847457627118644,0.010309278350515464,0.9990781364699456
43.879465351150984,0.08620689655172414,0.010309278350515464,0.9990952080167984
43.9225493369774,0.08928571428571429,0.010309278350515464,0.9991293511105042
43.9656333228038,0.08928571428571429,0.010309278350515464,0.9991293511105042
44.008717308630196,0.09090909090909091,0.010309278350515464,0.999146422657357
44.051801294456595,0.09090909090909091,0.010309278350515464,0.999146422657357
44.094885280282995,0.09259259259259259,0.010309278350515464,0.9991634942042098
44.137969266109394,0.09259259259259259,0.010309278350515464,0.9991634942042098
44.18105325193579,0.09259259259259259,0.010309278350515464,0.9991634942042098
44.22413723776221,0.09259259259259259,0.010309278350515464,0.9991634942042098
44.26722122358861,0.09433962264150944,0.010309278350515464,0.9991805657510627
44.310305209415006,0.09433962264150944,0.010309278350515464,0.9991805657510627
44.353389195241405,0.09433962264150944,0.010309278350515464,0.9991805657510627
44.396473181067805,0.09433962264150944,0.010309278350515464,0.9991805657510627
44.439557166894204,0.09615384615384616,0.010309278350515464,0.9991976372979156
44.4826411527206,0.09615384615384616,0.010309278350515464,0.9991976372979156
44.52572513854702,0.09615384615384616,0.010309278350515464,0.9991976372979156
44.568809124373416,0.09615384615384616,0.010309278350515464,0.9991976372979156
44.611893110199816,0.09615384615384616,0.010309278350515464,0.9991976372979156
44.654977096026215,0.09615384615384616,0.010309278350515464,0.9991976372979156
44.698061081852615,0.09615384615384616,0.010309278350515464,0.9991976372979156
44.74114506767903,0.09803921568627451,0.010309278350515464,0.9992147088447684
44.78422905350543,0.1,0.010309278350515464,0.9992317803916213
44.82731303933183,0.1,0.010309278350515464,0.9992317803916213
44.870397025158226,0.10204081632653061,0.010309278350515464,0.9992488519384741
44.913481010984626,0.10204081632653061,0.010309278350515464,0.9992488519384741
44.956564996811025,0.10416666666666667,0.010309278350515464,0.9992659234853271
44.999648982637424,0.10869565217391304,0.010309278350515464,0.9993000665790327
45.04273296846384,0.1111111111111111,0.010309278350515464,0.9993171381258856
45.08581695429024,0.11363636363636363,0.010309278350515464,0.9993342096727384
45.12890094011664,0.11363636363636363,0.010309278350515464,0.9993342096727384
45.171984925943036,0.11363636363636363,0.010309278350515464,0.9993342096727384
45.215068911769436,0.11904761904761904,0.010309278350515464,0.9993683527664442
45.258152897595835,0.11904761904761904,0.010309278350515464,0.9993683527664442
45.30123688342225,0.11904761904761904,0.010309278350515464,0.9993683527664442
45.34432086924865,0.11904761904761904,0.010309278350515464,0.9993683527664442
45.38740485507505,0.11904761904761904,0.010309278350515464,0.9993683527664442
45.43048884090145,0.11904761904761904,0.010309278350515464,0.9993683527664442
45.473572826727846,0.11904761904761904,0.010309278350515464,0.9993683527664442
45.516656812554245,0.11904761904761904,0.010309278350515464,0.9993683527664442
45.559740798380645,0.11904761904761904,0.010309278350515464,0.9993683527664442
45.60282478420706,0.11904761904761904,0.010309278350515464,0.9993683527664442
45.64590877003346,0.11904761904761904,0.010309278350515464,0.9993683527664442
45.68899275585986,0.11904761904761904,0.010309278350515464,0.9993683527664442
45.73207674168626,0.0975609756097561,0.008247422680412371,0.9993683527664442
45.775160727512656,0.0975609756097561,0.008247422680412371,0.9993683527664442
45.818244713339055,0.0975609756097561,0.008247422680412371,0.9993683527664442
45.861328699165455,0.0975609756097561,0.008247422680412371,0.9993683527664442
45.90441268499187,0.0975609756097561,0.008247422680412371,0.9993683527664442
45.94749667081827,0.1,0.008247422680412371,0.999385424313297
45.99058065664467,0.07692307692307693,0.006185567010309278,0.999385424313297
46.03366464247107,0.07692307692307693,0.006185567010309278,0.999385424313297
46.076748628297466,0.07692307692307693,0.006185567010309278,0.999385424313297
46.119832614123865,0.07894736842105263,0.006185567010309278,0.9994024958601498
46.16291659995028,0.07894736842105263,0.006185567010309278,0.9994024958601498
46.20600058577668,0.07894736842105263,0.006185567010309278,0.9994024958601498
46.24908457160308,0.07894736842105263,0.006185567010309278,0.9994024958601498
46.29216855742948,0.08108108108108109,0.006185567010309278,0.9994195674070028
46.335252543255876,0.08108108108108109,0.006185567010309278,0.9994195674070028
46.378336529082276,0.08108108108108109,0.006185567010309278,0.9994195674070028
46.421420514908675,0.08108108108108109,0.006185567010309278,0.9994195674070028
46.46450450073509,0.08108108108108109,0.006185567010309278,0.9994195674070028
46.50758848656149,0.08108108108108109,0.006185567010309278,0.9994195674070028
46.55067247238789,0.08108108108108109,0.006185567010309278,0.9994195674070028
46.59375645821429,0.08108108108108109,0.006185567010309278,0.9994195674070028
46.636840444040686,0.08108108108108109,0.006185567010309278,0.9994195674070028
46.679924429867086,0.08108108108108109,0.006185567010309278,0.9994195674070028
46.723008415693485,0.08108108108108109,0.006185567010309278,0.9994195674070028
46.7660924015199,0.08333333333333333,0.006185567010309278,0.9994366389538556
46.8091763873463,0.08333333333333333,0.006185567010309278,0.9994366389538556
46.8522603731727,0.08333333333333333,0.006185567010309278,0.9994366389538556
46.8953443589991,0.08333333333333333,0.006185567010309278,0.9994366389538556
46.938428344825496,0.08571428571428572,0.006185567010309278,0.9994537105007084
46.981512330651896,0.08571428571428572,0.006185567010309278,0.9994537105007084
47.024596316478295,0.08571428571428572,0.006185567010309278,0.9994537105007084
47.06768030230471,0.08571428571428572,0.006185567010309278,0.9994537105007084
47.11076428813111,0.08823529411764706,0.006185567010309278,0.9994707820475613
47.15384827395751,0.08823529411764706,0.006185567010309278,0.9994707820475613
47.19693225978391,0.08823529411764706,0.006185567010309278,0.9994707820475613
47.240016245610306,0.09090909090909091,0.006185567010309278,0.9994878535944142
47.283100231436705,0.09090909090909091,0.006185567010309278,0.9994878535944142
47.32618421726312,0.09090909090909091,0.006185567010309278,0.9994878535944142
47.36926820308952,0.09090909090909091,0.006185567010309278,0.9994878535944142
47.41235218891592,0.09090909090909091,0.006185567010309278,0.9994878535944142
47.45543617474232,0.09090909090909091,0.006185567010309278,0.9994878535944142
47.49852016056872,0.09375,0.006185567010309278,0.9995049251412671
47.541604146395116,0.0967741935483871,0.006185567010309278,0.9995219966881199
47.584688132221515,0.1,0.006185567010309278,0.9995390682349727
47.62777211804793,0.1,0.006185567010309278,0.9995390682349727
47.67085610387433,0.1,0.006185567010309278,0.9995390682349727
47.71394008970073,0.10344827586206896,0.006185567010309278,0.9995561397818257
47.75702407552713,0.10344827586206896,0.006185567010309278,0.9995561397818257
47.80010806135353,0.10714285714285714,0.006185567010309278,0.9995732113286785
47.843192047179926,0.10714285714285714,0.006185567010309278,0.9995732113286785
47.886276033006325,0.10714285714285714,0.006185567010309278,0.9995732113286785
47.92936001883274,0.10714285714285714,0.006185567010309278,0.9995732113286785
47.97244400465914,0.10714285714285714,0.006185567010309278,0.9995732113286785
48.01552799048554,0.10714285714285714,0.006185567010309278,0.9995732113286785
48.05861197631194,0.10714285714285714,0.006185567010309278,0.9995732113286785
48.101695962138336,0.10714285714285714,0.006185567010309278,0.9995732113286785
48.144779947964736,0.10714285714285714,0.006185567010309278,0.9995732113286785
48.18786393379115,0.10714285714285714,0.006185567010309278,0.9995732113286785
48.23094791961755,0.10714285714285714,0.006185567010309278,0.9995732113286785
48.27403190544395,0.10714285714285714,0.006185567010309278,0.9995732113286785
48.31711589127035,0.10714285714285714,0.006185567010309278,0.9995732113286785
48.36019987709675,0.10714285714285714,0.006185567010309278,0.9995732113286785
48.403283862923146,0.10714285714285714,0.006185567010309278,0.9995732113286785
48.446367848749546,0.10714285714285714,0.006185567010309278,0.9995732113286785
48.48945183457596,0.07407407407407407,0.004123711340206186,0.9995732113286785
48.53253582040236,0.07407407407407407,0.004123711340206186,0.9995732113286785
48.57561980622876,0.07407407407407407,0.004123711340206186,0.9995732113286785
48.61870379205516,0.07692307692307693,0.004123711340206186,0.9995902828755313
48.66178777788156,0.07692307692307693,0.004123711340206186,0.9995902828755313
48.704871763707956,0.07692307692307693,0.004123711340206186,0.9995902828755313
48.747955749534356,0.07692307692307693,0.004123711340206186,0.9995902828755313
48.79103973536077,0.07692307692307693,0.004123711340206186,0.9995902828755313
48.83412372118717,0.08,0.004123711340206186,0.9996073544223842
48.87720770701357,0.08,0.004123711340206186,0.9996073544223842
48.92029169283997,0.08,0.004123711340206186,0.9996073544223842
48.96337567866637,0.08,0.004123711340206186,0.9996073544223842
49.006459664492766,0.08,0.004123711340206186,0.9996073544223842
49.049543650319166,0.08,0.004123711340206186,0.9996073544223842
49.09262763614558,0.08,0.004123711340206186,0.9996073544223842
49.13571162197198,0.08,0.004123711340206186,0.9996073544223842
49.17879560779838,0.08,0.004123711340206186,0.9996073544223842
49.22187959362478,0.08,0.004123711340206186,0.9996073544223842
49.26496357945118,0.08,0.004123711340206186,0.9996073544223842
49.308047565277576,0.08,0.004123711340206186,0.9996073544223842
49.35113155110399,0.08,0.004123711340206186,0.9996073544223842
49.39421553693039,0.08695652173913043,0.004123711340206186,0.9996414975160899
49.43729952275679,0.08695652173913043,0.004123711340206186,0.9996414975160899
49.48038350858319,0.08695652173913043,0.004123711340206186,0.9996414975160899
49.52346749440959,0.08695652173913043,0.004123711340206186,0.9996414975160899
49.56655148023599,0.09090909090909091,0.004123711340206186,0.9996585690629428
49.609635466062386,0.09090909090909091,0.004123711340206186,0.9996585690629428
49.6527194518888,0.09090909090909091,0.004123711340206186,0.9996585690629428
49.6958034377152,0.09523809523809523,0.004123711340206186,0.9996756406097956
49.7388874235416,0.1,0.004123711340206186,0.9996927121566486
49.781971409368,0.1,0.004123711340206186,0.9996927121566486
49.8250553951944,0.1,0.004123711340206186,0.9996927121566486
49.8681393810208,0.1,0.004123711340206186,0.9996927121566486
49.911223366847196,0.1,0.004123711340206186,0.9996927121566486
49.95430735267361,0.10526315789473684,0.004123711340206186,0.9997097837035014
49.99739133850001,0.10526315789473684,0.004123711340206186,0.9997097837035014
50.04047532432641,0.10526315789473684,0.004123711340206186,0.9997097837035014
50.08355931015281,0.10526315789473684,0.004123711340206186,0.9997097837035014
50.12664329597921,0.10526315789473684,0.004123711340206186,0.9997097837035014
50.169727281805606,0.10526315789473684,0.004123711340206186,0.9997097837035014
50.21281126763202,0.10526315789473684,0.004123711340206186,0.9997097837035014
50.25589525345842,0.10526315789473684,0.004123711340206186,0.9997097837035014
50.29897923928482,0.10526315789473684,0.004123711340206186,0.9997097837035014
50.34206322511122,0.10526315789473684,0.004123711340206186,0.9997097837035014
50.38514721093762,0.10526315789473684,0.004123711340206186,0.9997097837035014
50.42823119676402,0.10526315789473684,0.004123711340206186,0.9997097837035014
50.471315182590416,0.10526315789473684,0.004123711340206186,0.9997097837035014
50.51439916841683,0.10526315789473684,0.004123711340206186,0.9997097837035014
50.55748315424323,0.10526315789473684,0.004123711340206186,0.9997097837035014
50.60056714006963,0.10526315789473684,0.004123711340206186,0.9997097837035014
50.64365112589603,0.10526315789473684,0.004123711340206186,0.9997097837035014
50.68673511172243,0.10526315789473684,0.004123711340206186,0.9997097837035014
50.72981909754883,0.10526315789473684,0.004123711340206186,0.9997097837035014
50.772903083375226,0.1111111111111111,0.004123711340206186,0.9997268552503542
50.81598706920164,0.1111111111111111,0.004123711340206186,0.9997268552503542
50.85907105502804,0.1111111111111111,0.004123711340206186,0.9997268552503542
50.90215504085444,0.1111111111111111,0.004123711340206186,0.9997268552503542
50.94523902668084,0.1111111111111111,0.004123711340206186,0.9997268552503542
50.98832301250724,0.1111111111111111,0.004123711340206186,0.9997268552503542
51.03140699833364,0.1111111111111111,0.004123711340206186,0.9997268552503542
51.074490984160036,0.1111111111111111,0.004123711340206186,0.9997268552503542
51.11757496998645,0.1111111111111111,0.004123711340206186,0.9997268552503542
51.16065895581285,0.1111111111111111,0.004123711340206186,0.9997268552503542
51.20374294163925,0.1111111111111111,0.004123711340206186,0.9997268552503542
51.24682692746565,0.1111111111111111,0.004123711340206186,0.9997268552503542
51.28991091329205,0.1111111111111111,0.004123711340206186,0.9997268552503542
51.33299489911845,0.1111111111111111,0.004123711340206186,0.9997268552503542
51.37607888494486,0.1111111111111111,0.004123711340206186,0.9997268552503542
51.41916287077126,0.1111111111111111,0.004123711340206186,0.9997268552503542
51.46224685659766,0.1111111111111111,0.004123711340206186,0.9997268552503542
51.50533084242406,0.1111111111111111,0.004123711340206186,0.9997268552503542
51.54841482825046,0.1111111111111111,0.004123711340206186,0.9997268552503542
51.59149881407686,0.1111111111111111,0.004123711340206186,0.9997268552503542
51.63458279990326,0.1111111111111111,0.004123711340206186,0.9997268552503542
51.67766678572967,0.1111111111111111,0.004123711340206186,0.9997268552503542
51.72075077155607,0.1111111111111111,0.004123711340206186,0.9997268552503542
51.76383475738247,0.1111111111111111,0.004123711340206186,0.9997268552503542
51.80691874320887,0.1111111111111111,0.004123711340206186,0.9997268552503542
51.85000272903527,0.1111111111111111,0.004123711340206186,0.9997268552503542
51.89308671486167,0.1111111111111111,0.004123711340206186,0.9997268552503542
51.936170700688066,0.1111111111111111,0.004123711340206186,0.9997268552503542
51.97925468651448,0.1111111111111111,0.004123711340206186,0.9997268552503542
52.02233867234088,0.125,0.004123711340206186,0.99976099834406
52.06542265816728,0.125,0.004123711340206186,0.99976099834406
52.10850664399368,0.125,0.004123711340206186,0.99976099834406
52.15159062982008,0.125,0.004123711340206186,0.99976099834406
52.19467461564648,0.125,0.004123711340206186,0.99976099834406
52.23775860147289,0.125,0.004123711340206186,0.99976099834406
52.28084258729929,0.13333333333333333,0.004123711340206186,0.9997780698909128
52.32392657312569,0.13333333333333333,0.004123711340206186,0.9997780698909128
52.36701055895209,0.13333333333333333,0.004123711340206186,0.9997780698909128
52.41009454477849,0.14285714285714285,0.004123711340206186,0.9997951414377657
52.45317853060489,0.14285714285714285,0.004123711340206186,0.9997951414377657
52.49626251643129,0.14285714285714285,0.004123711340206186,0.9997951414377657
52.5393465022577,0.14285714285714285,0.004123711340206186,0.9997951414377657
52.5824304880841,0.14285714285714285,0.004123711340206186,0.9997951414377657
52.6255144739105,0.14285714285714285,0.004123711340206186,0.9997951414377657
52.6685984597369,0.14285714285714285,0.004123711340206186,0.9997951414377657
52.7116824455633,0.14285714285714285,0.004123711340206186,0.9997951414377657
52.7547664313897,0.15384615384615385,0.004123711340206186,0.9998122129846185
52.7978504172161,0.15384615384615385,0.004123711340206186,0.9998122129846185
52.84093440304251,0.15384615384615385,0.004123711340206186,0.9998122129846185
52.88401838886891,0.15384615384615385,0.004123711340206186,0.9998122129846185
52.92710237469531,0.15384615384615385,0.004123711340206186,0.9998122129846185
52.97018636052171,0.15384615384615385,0.004123711340206186,0.9998122129846185
53.01327034634811,0.15384615384615385,0.004123711340206186,0.9998122129846185
53.05635433217451,0.15384615384615385,0.004123711340206186,0.9998122129846185
53.09943831800091,0.15384615384615385,0.004123711340206186,0.9998122129846185
53.14252230382732,0.15384615384615385,0.004123711340206186,0.9998122129846185
53.18560628965372,0.15384615384615385,0.004123711340206186,0.9998122129846185
53.22869027548012,0.15384615384615385,0.004123711340206186,0.9998122129846185
53.27177426130652,0.15384615384615385,0.004123711340206186,0.9998122129846185
53.31485824713292,0.08333333333333333,0.002061855670103093,0.9998122129846185
53.35794223295932,0.08333333333333333,0.002061855670103093,0.9998122129846185
53.40102621878573,0.08333333333333333,0.002061855670103093,0.9998122129846185
53.44411020461213,0.08333333333333333,0.002061855670103093,0.9998122129846185
53.48719419043853,0.08333333333333333,0.002061855670103093,0.9998122129846185
53.53027817626493,0.08333333333333333,0.002061855670103093,0.9998122129846185
53.57336216209133,0.09090909090909091,0.002061855670103093,0.9998292845314714
53.61644614791773,0.09090909090909091,0.002061855670103093,0.9998292845314714
53.65953013374413,0.09090909090909091,0.002061855670103093,0.9998292845314714
53.70261411957054,0.09090909090909091,0.002061855670103093,0.9998292845314714
53.74569810539694,0.09090909090909091,0.002061855670103093,0.9998292845314714
53.78878209122334,0.09090909090909091,0.002061855670103093,0.9998292845314714
53.83186607704974,0.09090909090909091,0.002061855670103093,0.9998292845314714
53.87495006287614,0.09090909090909091,0.002061855670103093,0.9998292845314714
53.91803404870254,0.1,0.002061855670103093,0.9998463560783243
53.96111803452894,0.1,0.002061855670103093,0.9998463560783243
54.00420202035535,0.1,0.002061855670103093,0.9998463560783243
54.04728600618175,0.1,0.002061855670103093,0.9998463560783243
54.09036999200815,0.1,0.002061855670103093,0.9998463560783243
54.13345397783455,0.1,0.002061855670103093,0.9998463560783243
54.17653796366095,0.1,0.002061855670103093,0.9998463560783243
54.21962194948735,0.1,0.002061855670103093,0.9998463560783243
54.26270593531376,0.1,0.002061855670103093,0.9998463560783243
54.30578992114016,0.1,0.002061855670103093,0.9998463560783243
54.34887390696656,0.1,0.002061855670103093,0.9998463560783243
54.39195789279296,0.1,0.002061855670103093,0.9998463560783243
54.43504187861936,0.1,0.002061855670103093,0.9998463560783243
54.47812586444576,0.1,0.002061855670103093,0.9998463560783243
54.52120985027216,0.1,0.002061855670103093,0.9998463560783243
54.56429383609857,0.1,0.002061855670103093,0.9998463560783243
54.60737782192497,0.1,0.002061855670103093,0.9998463560783243
54.65046180775137,0.1,0.002061855670103093,0.9998463560783243
54.69354579357777,0.1,0.002061855670103093,0.9998463560783243
54.73662977940417,0.1,0.002061855670103093,0.9998463560783243
54.77971376523057,0.1,0.002061855670103093,0.9998463560783243
54.82279775105697,0.1,0.002061855670103093,0.9998463560783243
54.86588173688338,0.125,0.002061855670103093,0.9998804991720299
54.90896572270978,0.125,0.002061855670103093,0.9998804991720299
54.95204970853618,0.125,0.002061855670103093,0.9998804991720299
54.99513369436258,0.125,0.002061855670103093,0.9998804991720299
55.03821768018898,0.125,0.002061855670103093,0.9998804991720299
55.08130166601538,0.125,0.002061855670103093,0.9998804991720299
55.12438565184178,0.125,0.002061855670103093,0.9998804991720299
55.16746963766819,0.125,0.002061855670103093,0.9998804991720299
55.21055362349459,0.14285714285714285,0.002061855670103093,0.9998975707188829
55.25363760932099,0.14285714285714285,0.002061855670103093,0.9998975707188829
55.29672159514739,0.14285714285714285,0.002061855670103093,0.9998975707188829
55.33980558097379,0.14285714285714285,0.002061855670103093,0.9998975707188829
55.38288956680019,0.14285714285714285,0.002061855670103093,0.9998975707188829
55.4259735526266,0.14285714285714285,0.002061855670103093,0.9998975707188829
55.469057538453,0.14285714285714285,0.002061855670103093,0.9998975707188829
55.5121415242794,0.14285714285714285,0.002061855670103093,0.9998975707188829
55.5552255101058,0.14285714285714285,0.002061855670103093,0.9998975707188829
55.5983094959322,0.14285714285714285,0.002061855670103093,0.9998975707188829
55.6413934817586,0.14285714285714285,0.002061855670103093,0.9998975707188829
55.684477467585,0.14285714285714285,0.002061855670103093,0.9998975707188829
55.72756145341141,0.14285714285714285,0.002061855670103093,0.9998975707188829
55.77064543923781,0.14285714285714285,0.002061855670103093,0.9998975707188829
55.81372942506421,0.14285714285714285,0.002061855670103093,0.9998975707188829
55.85681341089061,0.14285714285714285,0.002061855670103093,0.9998975707188829
55.89989739671701,0.14285714285714285,0.002061855670103093,0.9998975707188829
55.94298138254341,0.14285714285714285,0.002061855670103093,0.9998975707188829
55.98606536836981,0.14285714285714285,0.002061855670103093,0.9998975707188829
56.02914935419622,0.14285714285714285,0.002061855670103093,0.9998975707188829
56.07223334002262,0.14285714285714285,0.002061855670103093,0.9998975707188829
56.11531732584902,0.14285714285714285,0.002061855670103093,0.9998975707188829
56.15840131167542,0.14285714285714285,0.002061855670103093,0.9998975707188829
56.20148529750182,0.14285714285714285,0.002061855670103093,0.9998975707188829
56.24456928332822,0.14285714285714285,0.002061855670103093,0.9998975707188829
56.28765326915463,0.14285714285714285,0.002061855670103093,0.9998975707188829
56.33073725498103,0.14285714285714285,0.002061855670103093,0.9998975707188829
56.37382124080743,0.14285714285714285,0.002061855670103093,0.9998975707188829
56.41690522663383,0.14285714285714285,0.002061855670103093,0.9998975707188829
56.45998921246023,0.14285714285714285,0.002061855670103093,0.9998975707188829
56.50307319828663,0.14285714285714285,0.002061855670103093,0.9998975707188829
56.54615718411303,0.14285714285714285,0.002061855670103093,0.9998975707188829
56.58924116993944,0.14285714285714285,0.002061855670103093,0.9998975707188829
56.63232515576584,0.14285714285714285,0.002061855670103093,0.9998975707188829
56.67540914159224,0.16666666666666666,0.002061855670103093,0.9999146422657357
56.71849312741864,0.16666666666666666,0.002061855670103093,0.9999146422657357
56.76157711324504,0.16666666666666666,0.002061855670103093,0.9999146422657357
56.80466109907144,0.16666666666666666,0.002061855670103093,0.9999146422657357
56.84774508489784,0.16666666666666666,0.002061855670103093,0.9999146422657357
56.89082907072425,0.16666666666666666,0.002061855670103093,0.9999146422657357
56.93391305655065,0.0,0.0,0.9999146422657357
56.97699704237705,0.0,0.0,0.9999146422657357
57.02008102820345,0.0,0.0,0.9999146422657357
57.06316501402985,0.0,0.0,0.9999146422657357
57.10624899985625,0.0,0.0,0.9999146422657357
57.14933298568265,0.0,0.0,0.9999146422657357
57.19241697150906,0.0,0.0,0.9999317138125886
57.23550095733546,0.0,0.0,0.9999317138125886
57.27858494316186,0.0,0.0,0.9999317138125886
57.32166892898826,0.0,0.0,0.9999317138125886
57.36475291481466,0.0,0.0,0.9999317138125886
57.40783690064106,0.0,0.0,0.9999317138125886
57.45092088646747,0.0,0.0,0.9999317138125886
57.49400487229387,0.0,0.0,0.9999317138125886
57.53708885812027,0.0,0.0,0.9999317138125886
57.58017284394667,0.0,0.0,0.9999317138125886
57.62325682977307,0.0,0.0,0.9999317138125886
57.66634081559947,0.0,0.0,0.9999317138125886
57.70942480142587,0.0,0.0,0.9999317138125886
57.75250878725228,0.0,0.0,0.9999317138125886
57.79559277307868,0.0,0.0,0.9999317138125886
57.83867675890508,0.0,0.0,0.9999317138125886
57.88176074473148,0.0,0.0,0.9999317138125886
57.92484473055788,0.0,0.0,0.9999317138125886
57.96792871638428,0.0,0.0,0.9999317138125886
58.01101270221068,0.0,0.0,0.9999317138125886
58.05409668803709,0.0,0.0,0.9999317138125886
58.09718067386349,0.0,0.0,0.9999317138125886
58.14026465968989,0.0,0.0,0.9999317138125886
58.18334864551629,0.0,0.0,0.9999317138125886
58.22643263134269,0.0,0.0,0.9999317138125886
58.26951661716909,0.0,0.0,0.9999317138125886
58.3126006029955,0.0,0.0,0.9999317138125886
58.3556845888219,0.0,0.0,0.9999317138125886
58.3987685746483,0.0,0.0,0.9999317138125886
58.4418525604747,0.0,0.0,0.9999317138125886
58.4849365463011,0.0,0.0,0.9999317138125886
58.5280205321275,0.0,0.0,0.9999317138125886
58.5711045179539,0.0,0.0,0.9999317138125886
58.61418850378031,0.0,0.0,0.9999317138125886
58.65727248960671,0.0,0.0,0.9999317138125886
58.70035647543311,0.0,0.0,0.9999317138125886
58.74344046125951,0.0,0.0,0.9999317138125886
58.78652444708591,0.0,0.0,0.9999317138125886
58.82960843291231,0.0,0.0,0.9999317138125886
58.87269241873871,0.0,0.0,0.9999317138125886
58.91577640456512,0.0,0.0,0.9999317138125886
58.95886039039152,0.0,0.0,0.9999317138125886
59.00194437621792,0.0,0.0,0.9999317138125886
59.04502836204432,0.0,0.0,0.9999317138125886
59.08811234787072,0.0,0.0,0.9999317138125886
59.13119633369712,0.0,0.0,0.9999317138125886
59.17428031952352,0.0,0.0,0.9999317138125886
59.21736430534993,0.0,0.0,0.9999317138125886
59.26044829117633,0.0,0.0,0.9999317138125886
59.30353227700273,0.0,0.0,0.9999317138125886
59.34661626282913,0.0,0.0,0.9999317138125886
59.38970024865553,0.0,0.0,0.9999317138125886
59.43278423448193,0.0,0.0,0.9999317138125886
59.47586822030834,0.0,0.0,0.9999317138125886
59.51895220613474,0.0,0.0,0.9999317138125886
59.56203619196114,0.0,0.0,0.9999317138125886
59.60512017778754,0.0,0.0,0.9999317138125886
59.64820416361394,0.0,0.0,0.9999317138125886
59.69128814944034,0.0,0.0,0.9999317138125886
59.73437213526674,0.0,0.0,0.9999317138125886
59.77745612109315,0.0,0.0,0.9999317138125886
59.82054010691955,0.0,0.0,0.9999317138125886
59.86362409274595,0.0,0.0,0.9999317138125886
59.90670807857235,0.0,0.0,0.9999317138125886
59.94979206439875,0.0,0.0,0.9999317138125886
59.99287605022515,0.0,0.0,0.9999317138125886
60.03596003605155,0.0,0.0,0.9999317138125886
60.07904402187796,0.0,0.0,0.9999487853594414
60.12212800770436,0.0,0.0,0.9999487853594414
60.16521199353076,0.0,0.0,0.9999487853594414
60.20829597935716,0.0,0.0,0.9999487853594414
60.25137996518356,0.0,0.0,0.9999487853594414
60.29446395100996,0.0,0.0,0.9999487853594414
60.33754793683637,0.0,0.0,0.9999487853594414
60.38063192266277,0.0,0.0,0.9999487853594414
60.42371590848917,0.0,0.0,0.9999487853594414
60.46679989431557,0.0,0.0,0.9999487853594414
60.50988388014197,0.0,0.0,0.9999487853594414
60.55296786596837,0.0,0.0,0.9999487853594414
60.59605185179477,0.0,0.0,0.9999487853594414
60.63913583762118,0.0,0.0,0.9999487853594414
60.68221982344758,0.0,0.0,0.9999487853594414
60.72530380927398,0.0,0.0,0.9999487853594414
60.76838779510038,0.0,0.0,0.9999487853594414
60.81147178092678,0.0,0.0,0.9999487853594414
60.85455576675318,0.0,0.0,0.9999487853594414
60.89763975257958,0.0,0.0,0.9999487853594414
60.94072373840599,0.0,0.0,0.9999487853594414
60.98380772423239,0.0,0.0,0.9999487853594414
61.02689171005879,0.0,0.0,0.9999487853594414
61.06997569588519,0.0,0.0,0.9999487853594414
61.11305968171159,0.0,0.0,0.9999487853594414
61.15614366753799,0.0,0.0,0.9999487853594414
61.19922765336439,0.0,0.0,0.9999487853594414
61.2423116391908,0.0,0.0,0.9999487853594414
61.2853956250172,0.0,0.0,0.9999487853594414
61.3284796108436,0.0,0.0,0.9999487853594414
61.37156359667,0.0,0.0,0.9999487853594414
61.4146475824964,0.0,0.0,0.9999487853594414
61.4577315683228,0.0,0.0,0.9999487853594414
61.50081555414921,0.0,0.0,0.9999487853594414
61.54389953997561,0.0,0.0,0.9999658569062942
61.58698352580201,0.0,0.0,0.9999658569062942
61.63006751162841,0.0,0.0,0.9999658569062942
61.67315149745481,0.0,0.0,0.9999658569062942
61.71623548328121,0.0,0.0,0.9999658569062942
61.75931946910761,0.0,0.0,0.9999658569062942
61.80240345493402,0.0,0.0,0.9999658569062942
61.84548744076042,0.0,0.0,0.9999658569062942
61.88857142658682,0.0,0.0,0.9999658569062942
61.93165541241322,0.0,0.0,0.9999658569062942
61.97473939823962,0.0,0.0,0.9999658569062942
62.01782338406602,0.0,0.0,0.9999658569062942
62.06090736989242,0.0,0.0,0.9999658569062942
62.10399135571883,0.0,0.0,0.9999658569062942
62.14707534154523,0.0,0.0,0.9999658569062942
62.19015932737163,0.0,0.0,0.9999658569062942
62.23324331319803,0.0,0.0,0.9999658569062942
62.27632729902443,0.0,0.0,0.9999658569062942
62.31941128485083,0.0,0.0,0.9999658569062942
62.36249527067724,0.0,0.0,0.9999658569062942
62.40557925650364,0.0,0.0,0.9999658569062942
62.44866324233004,0.0,0.0,0.9999658569062942
62.49174722815644,0.0,0.0,0.9999658569062942
62.53483121398284,0.0,0.0,0.9999658569062942
62.57791519980924,0.0,0.0,0.9999658569062942
62.62099918563564,0.0,0.0,0.9999829284531472
62.66408317146205,0.0,0.0,0.9999829284531472
62.70716715728845,0.0,0.0,0.9999829284531472
62.75025114311485,0.0,0.0,0.9999829284531472
62.79333512894125,0.0,0.0,0.9999829284531472
62.83641911476765,0.0,0.0,0.9999829284531472
62.87950310059405,0.0,0.0,0.9999829284531472
62.92258708642045,0.0,0.0,0.9999829284531472
62.96567107224686,0.0,0.0,0.9999829284531472
63.00875505807326,0.0,0.0,0.9999829284531472
63.05183904389966,0.0,0.0,0.9999829284531472
63.09492302972606,0.0,0.0,0.9999829284531472
63.13800701555246,0.0,0.0,0.9999829284531472
63.18109100137886,0.0,0.0,0.9999829284531472
63.22417498720526,0.0,0.0,0.9999829284531472
63.26725897303167,0.0,0.0,0.9999829284531472
63.31034295885807,0.0,0.0,0.9999829284531472
63.35342694468447,0.0,0.0,0.9999829284531472
63.39651093051087,0.0,0.0,0.9999829284531472
63.43959491633727,0.0,0.0,0.9999829284531472
63.48267890216367,0.0,0.0,0.9999829284531472
63.52576288799008,0.0,0.0,0.9999829284531472
63.56884687381648,0.0,0.0,0.9999829284531472
63.61193085964288,0.0,0.0,0.9999829284531472
63.65501484546928,0.0,0.0,0.9999829284531472
63.69809883129568,0.0,0.0,0.9999829284531472
63.74118281712208,0.0,0.0,0.9999829284531472
63.78426680294848,0.0,0.0,0.9999829284531472
63.82735078877489,0.0,0.0,0.9999829284531472
63.87043477460129,0.0,0.0,0.9999829284531472
63.91351876042769,0.0,0.0,0.9999829284531472
63.95660274625409,0.0,0.0,0.9999829284531472
63.99968673208049,0.0,0.0,0.9999829284531472
64.04277071790689,0.0,0.0,0.9999829284531472
64.08585470373329,0.0,0.0,0.9999829284531472
64.1289386895597,0.0,0.0,0.9999829284531472
64.1720226753861,0.0,0.0,0.9999829284531472
64.2151066612125,0.0,0.0,0.9999829284531472
64.2581906470389,0.0,0.0,0.9999829284531472
64.3012746328653,0.0,0.0,0.9999829284531472
64.3443586186917,0.0,0.0,0.9999829284531472
64.38744260451811,0.0,0.0,0.9999829284531472
64.43052659034451,0.0,0.0,0.9999829284531472
64.47361057617091,0.0,0.0,0.9999829284531472
64.51669456199731,0.0,0.0,0.9999829284531472
64.55977854782371,0.0,0.0,0.9999829284531472
64.60286253365011,0.0,0.0,0.9999829284531472
64.64594651947651,0.0,0.0,0.9999829284531472
64.68903050530292,0.0,0.0,0.9999829284531472
64.73211449112932,0.0,0.0,0.9999829284531472
64.77519847695572,0.0,0.0,0.9999829284531472
64.81828246278212,0.0,0.0,0.9999829284531472
64.86136644860852,0.0,0.0,0.9999829284531472
64.90445043443492,0.0,0.0,0.9999829284531472
64.94753442026132,0.0,0.0,0.9999829284531472
64.99061840608773,0.0,0.0,0.9999829284531472
65.03370239191413,0.0,0.0,0.9999829284531472
65.07678637774053,0.0,0.0,0.9999829284531472
65.11987036356693,0.0,0.0,0.9999829284531472
65.16295434939333,0.0,0.0,0.9999829284531472
65.20603833521973,0.0,0.0,0.9999829284531472
65.24912232104613,0.0,0.0,0.9999829284531472
65.29220630687254,0.0,0.0,0.9999829284531472
65.33529029269894,0.0,0.0,0.9999829284531472
65.37837427852534,0.0,0.0,0.9999829284531472
65.42145826435174,0.0,0.0,0.9999829284531472
65.46454225017814,0.0,0.0,0.9999829284531472
65.50762623600454,0.0,0.0,0.9999829284531472
65.55071022183095,0.0,0.0,0.9999829284531472
65.59379420765735,0.0,0.0,0.9999829284531472
65.63687819348375,0.0,0.0,0.9999829284531472
65.67996217931015,0.0,0.0,0.9999829284531472
65.72304616513655,0.0,0.0,0.9999829284531472
65.76613015096295,0.0,0.0,0.9999829284531472
65.80921413678935,0.0,0.0,0.9999829284531472
65.85229812261576,0.0,0.0,0.9999829284531472
65.89538210844216,0.0,0.0,0.9999829284531472
65.93846609426856,0.0,0.0,0.9999829284531472
65.98155008009496,0.0,0.0,0.9999829284531472
66.02463406592136,0.0,0.0,0.9999829284531472
66.06771805174776,0.0,0.0,0.9999829284531472
66.11080203757416,0.0,0.0,0.9999829284531472
66.15388602340057,0.0,0.0,0.9999829284531472
66.19697000922697,0.0,0.0,0.9999829284531472
66.24005399505337,0.0,0.0,0.9999829284531472
66.28313798087977,0.0,0.0,0.9999829284531472
66.32622196670617,0.0,0.0,0.9999829284531472
66.36930595253257,0.0,0.0,0.9999829284531472
66.41238993835898,0.0,0.0,0.9999829284531472
66.45547392418538,0.0,0.0,0.9999829284531472
66.49855791001178,0.0,0.0,0.9999829284531472
66.54164189583818,0.0,0.0,0.9999829284531472
66.58472588166458,0.0,0.0,0.9999829284531472
66.62780986749098,0.0,0.0,0.9999829284531472
66.67089385331738,0.0,0.0,0.9999829284531472
66.7139778391438,0.0,0.0,0.9999829284531472
66.7570618249702,0.0,0.0,0.9999829284531472
