Threshold,Precision,Recall,Specificity
-13.552880405322307,0.00826924835173766,1.0,0.0
-13.514890383357283,0.008269332358080377,1.0,1.0243487702693013e-05
-13.476900361392259,0.008269332358080377,1.0,1.0243487702693013e-05
-13.438910339427233,0.008269332358080377,1.0,1.0243487702693013e-05
-13.400920317462209,0.008269332358080377,1.0,1.0243487702693013e-05
-13.362930295497184,0.008269332358080377,1.0,1.0243487702693013e-05
-13.32494027353216,0.008269332358080377,1.0,1.0243487702693013e-05
-13.286950251567136,0.008269332358080377,1.0,1.0243487702693013e-05
-13.248960229602112,0.008269332358080377,1.0,1.0243487702693013e-05
-13.210970207637086,0.008269332358080377,1.0,1.0243487702693013e-05
-13.172980185672062,0.008269416366129934,1.0,2.0486975405386025e-05
-13.134990163707037,0.008269416366129934,1.0,2.0486975405386025e-05
-13.097000141742013,0.00826950037588638,1.0,3.073046310807904e-05
-13.059010119776989,0.00826950037588638,1.0,3.073046310807904e-05
-13.021020097811963,0.00826950037588638,1.0,3.073046310807904e-05
-12.983030075846939,0.00826958438734977,1.0,4.097395081077205e-05
-12.945040053881915,0.008269668400520156,1.0,5.121743851346506e-05
-12.90705003191689,0.008269668400520156,1.0,5.121743851346506e-05
-12.869060009951866,0.008269668400520156,1.0,5.121743851346506e-05
-12.831069987986842,0.008269752415397588,1.0,6.146092621615808e-05
-12.793079966021816,0.008269752415397588,1.0,6.146092621615808e-05
-12.755089944056792,0.008270088491978828,1.0,0.00010243487702693013
-12.717099922091768,0.008270088491978828,1.0,0.00010243487702693013
-12.679109900126743,0.008270088491978828,1.0,0.00010243487702693013
-12.64111987816172,0.008270172515392275,1.0,0.00011267836472962314
-12.603129856196695,0.008270172515392275,1.0,0.00011267836472962314
-12.565139834231669,0.00827025654051308,1.0,0.00012292185243231615
-12.527149812266645,0.008270508626120176,1.0,0.0001536523155403952
-12.48915979030162,0.008270676691729323,1.0,0.00017413929094578121
-12.451169768336596,0.008270676691729323,1.0,0.00017413929094578121
-12.413179746371572,0.008270844764169156,1.0,0.00019462626635116724
-12.375189724406546,0.00827092880295071,1.0,0.00020486975405386025
-12.337199702441522,0.00827092880295071,1.0,0.00020486975405386025
-12.299209680476498,0.00827092880295071,1.0,0.00020486975405386025
-12.261219658511473,0.008271012843440092,1.0,0.00021511324175655327
-12.22322963654645,0.008271096885637352,1.0,0.00022535672945924628
-12.185239614581423,0.008271433071506235,1.0,0.00026633068027001833
-12.147249592616399,0.008271601174689306,1.0,0.00028681765567540435
-12.109259570651375,0.008271769284705357,1.0,0.0003073046310807904
-12.07126954868635,0.008271853342275877,1.0,0.0003175481187834834
-12.033279526721326,0.008272021462542174,1.0,0.0003380350941888694
-11.995289504756302,0.008272441793107654,1.0,0.0003892525327023345
-11.957299482791278,0.00827286216639226,1.0,0.00044046997121579954
-11.919309460826252,0.00827286216639226,1.0,0.00044046997121579954
-11.881319438861228,0.008273114410870913,1.0,0.0004712004343238786
-11.843329416896204,0.008273282582402505,1.0,0.0004916874097292646
-11.80533939493118,0.008273534852519667,1.0,0.0005224178728373437
-11.767349372966155,0.008273787138021812,1.0,0.0005531483359454227
-11.72935935100113,0.00827429175518668,1.0,0.0006146092621615808
-11.691369329036105,0.008274712316512828,1.0,0.0006658267006750459
-11.65337930707108,0.008275553567434578,1.0,0.000768261577701976
-11.615389285106057,0.00827597425704322,1.0,0.000819479016215441
-11.577399263141032,0.00827631083952701,1.0,0.0008604529670262131
-11.539409241176006,0.008276731606133323,1.0,0.0009116704055396782
-11.501419219210982,0.008277152415525254,1.0,0.0009628878440531432
-11.463429197245958,0.008277573267709329,1.0,0.0010141052825666083
-11.425439175280934,0.008278246720227804,1.0,0.0010960531841881524
-11.38744915331591,0.0082795097391039,1.0,0.0012497054997285476
-11.349459131350883,0.008280183506769609,1.0,0.0013316534013500917
-11.311469109385861,0.008281447116754161,1.0,0.0014853057168904868
-11.273479087420835,0.008282626834082908,1.0,0.001628714544728189
-11.23548906545581,0.008283638287912402,1.0,0.0017516363971605052
-11.197499043490787,0.008284734308367174,1.0,0.0018848017372955143
-11.159509021525762,0.008285999307803498,1.0,0.0020384540528359096
-11.121518999560738,0.008287011585527254,1.0,0.002161375905268226
-11.083528977595712,0.008288446069097536,1.0,0.002335515196214007
-11.045538955630688,0.008289796625014003,1.0,0.0024994109994570953
-11.007548933665664,0.008291063170975168,1.0,0.0026530633149974905
-10.96955891170064,0.008292921471942622,1.0,0.0028784200444567365
-10.931568889735615,0.008294865132014715,1.0,0.003114020261618676
-10.89357886777059,0.00829714798279412,1.0,0.0033905944295913874
-10.855588845805565,0.008299262854171553,1.0,0.0036466816221587127
-10.817598823840541,0.008291518785950311,0.9987714987714987,0.003933499277834117
-10.779608801875517,0.008293633386719986,0.9987714987714987,0.004189586470401442
-10.741618779910493,0.008296003020438984,0.9987714987714987,0.004476404126076847
-10.703628757945467,0.008298797542004369,0.9987714987714987,0.0048144392202657165
-10.665638735980442,0.008301424414152244,0.9987714987714987,0.0051319873390491995
-10.627648714015418,0.00830430741259027,0.9987714987714987,0.005480265920940762
-10.589658692050394,0.008307107532594924,0.9987714987714987,0.005818301015129632
-10.55166867008537,0.008309824604440083,0.9987714987714987,0.006146092621615808
-10.513678648120344,0.008312883435582822,0.9987714987714987,0.006514858178912756
-10.475688626155321,0.008316454919290494,0.9987714987714987,0.006945084662425863
-10.437698604190295,0.008319688907081457,0.9987714987714987,0.007334337195128197
-10.399708582225271,0.008323010616189433,0.9987714987714987,0.007733833215533225
-10.361718560260247,0.00832795550228942,0.9987714987714987,0.00832795550228942
-10.323728538295223,0.008333931298883684,0.9987714987714987,0.00904499964147793
-10.285738516330198,0.008339145776063678,0.9987714987714987,0.009669852391342205
-10.247748494365172,0.008343938585327806,0.9987714987714987,0.010243487702693012
-10.209758472400148,0.008349508580583542,0.9987714987714987,0.01090931440336806
-10.171768450435124,0.00835439916147728,0.9987714987714987,0.011493193202421561
-10.1337784284701,0.008360069101678184,0.9987714987714987,0.012169263390799299
-10.095788406505076,0.00836652156463215,0.9987714987714987,0.012937524968501275
-10.05779838454005,0.008374881536116032,0.9987714987714987,0.013931143275662498
-10.019808362575025,0.008382221030817292,0.9987714987714987,0.014801839730391404
-9.981818340610001,0.008389140551640164,0.9987714987714987,0.015621318746606844
-9.943828318644977,0.008397025407973558,0.9987714987714987,0.016553476127551908
-9.905838296679953,0.008404577548509816,0.9987714987714987,0.0174446595576862
-9.867848274714927,0.008413710311710891,0.9987714987714987,0.018520225766468966
-9.829858252749904,0.008422426653406265,0.9987714987714987,0.019544574536738267
-9.791868230784878,0.008431423386051335,0.9987714987714987,0.020599653770115647
-9.753878208819854,0.008440702249815716,0.9987714987714987,0.021685463466601107
-9.71588818685483,0.008450001559040878,0.9987714987714987,0.022771273163086567
-9.677898164889806,0.008448916312027219,0.9975429975429976,0.023846839371869336
-9.639908142924781,0.00844958898115252,0.9963144963144963,0.025127275334705962
-9.601918120959755,0.008459989777077705,0.9963144963144963,0.026336006883623735
-9.563928098994731,0.008470858575308127,0.9963144963144963,0.027595955871054977
-9.525938077029707,0.008464910903935294,0.9938574938574939,0.02930661831740471
-9.487948055064683,0.008476618573120003,0.9938574938574939,0.03065875869416019
-9.449958033099659,0.008490585839927794,0.9938574938574939,0.03226698626348299
-9.411968011134633,0.008505046257359126,0.9938574938574939,0.03392643127131926
-9.373977989169608,0.008508666624544555,0.9926289926289926,0.03553465884064206
-9.335987967204584,0.008514095205941931,0.9914004914004914,0.037347756164018725
-9.29799794523956,0.008529393113069947,0.9914004914004914,0.039089149073476534
-9.260007923274536,0.00854610342161836,0.9914004914004914,0.040984194298474746
-9.22201790130951,0.008553448440534432,0.9901719901719902,0.04300216137590527
-9.184027879344487,0.008558003061745196,0.9889434889434889,0.04470258033455231
-9.146037857379461,0.008564763030903455,0.9877149877149877,0.04664884299806398
-9.108047835414437,0.008581034206734617,0.9877149877149877,0.04847218380914334
-9.070057813449413,0.008567028171725598,0.984029484029484,0.05045942042346578
-9.032067791484387,0.00857458279295598,0.9828009828009828,0.052487630988598995
-8.994077769519365,0.008593741607674212,0.9828009828009828,0.054618276430759144
-8.956087747554339,0.008613728129205921,0.9828009828009828,0.05683086977454083
-8.918097725589314,0.008634926117413408,0.9828009828009828,0.05916638497075484
-8.88010770362429,0.008647560500454565,0.9815724815724816,0.06172725689642809
-8.842117681659264,0.008634810435537234,0.9778869778869779,0.06385790233858825
-8.804127659694242,0.008657537822346453,0.9778869778869779,0.06633682636263995
-8.766137637729216,0.00865885842657419,0.9754299754299754,0.06882599387439435
-8.728147615764192,0.008672543143988276,0.9742014742014742,0.07147905718939185
-8.690157593799167,0.008673340716455225,0.9717444717444718,0.07390676377493009
-8.652167571834143,0.008696321379098045,0.9717444717444718,0.0763754443112791
-8.614177549869119,0.008723270509611037,0.9717444717444718,0.07925386435573584
-8.576187527904093,0.008751258477435915,0.9717444717444718,0.08222447578951682
-8.53819750593907,0.008776406887981538,0.9717444717444718,0.0848775391045143
-8.500207483974044,0.008804541406945681,0.9717444717444718,0.08782766356288989
-8.46221746200902,0.008829997432491264,0.9717444717444718,0.09048072687788739
-8.424227440043996,0.008857386007345695,0.9717444717444718,0.09331817297153334
-8.38623741807897,0.008884046902376567,0.9717444717444718,0.09606342767585507
-8.348247396113948,0.008901007278545193,0.9705159705159705,0.09894184772031181
-8.310257374148922,0.008931094907014867,0.9705159705159705,0.10200465054341702
-8.272267352183897,0.008951667801225324,0.9692874692874693,0.10522110568206262
-8.234277330218873,0.008970243380461262,0.9680589680589681,0.10822244757895168
-8.196287308253847,0.008991305738669469,0.9668304668304668,0.11145938969300268
-8.158297286288825,0.009012831244481647,0.9656019656019657,0.11472706227016174
-8.120307264323799,0.009023006364441989,0.9631449631449631,0.11798449135961812
-8.082317242358775,0.00903231767885606,0.9606879606879607,0.12114972905975026
-8.04432722039375,0.009065300302563093,0.9606879606879607,0.12437642768609856
-8.006337198428726,0.009098842282855315,0.9606879606879607,0.12763385677555494
-7.968347176463701,0.009131247080803363,0.9606879606879607,0.13075812052487631
-7.930357154498677,0.009154739717035319,0.9594594594594594,0.13411798449135962
-7.892367132533652,0.009168373231645599,0.957002457002457,0.13763150077338332
-7.8543771105686275,0.009193174835751761,0.9557739557739557,0.14108355612919088
-7.816387088603603,0.009219159715712914,0.9545454545454546,0.14462780287432264
-7.778397066638578,0.009258155994566641,0.9545454545454546,0.14826424100877866
-7.740407044673554,0.009298930084492209,0.9545454545454546,0.1520338444833697
-7.70241702270853,0.009341412392699993,0.9545454545454546,0.15592636981039304
-7.664427000743505,0.009369943732038928,0.9533169533169533,0.15960378189565982
-7.6264369787784805,0.009400092181549136,0.952088452088452,0.16340411583335895
-7.588446956813456,0.009447532670177491,0.952088452088452,0.16764491974227386
-7.550456934848431,0.009466658502235013,0.9496314496314496,0.17148622763078372
-7.512466912883407,0.009513963248778446,0.9496314496314496,0.1756450836380771
-7.474476890918382,0.00954795621792097,0.9484029484029484,0.17967077430523545
-7.436486868953358,0.009582996706233297,0.9471744471744472,0.18375792589860995
-7.398496846988333,0.009618507507432483,0.9459459459459459,0.18785532097968716
-7.360506825023308,0.009630717846335431,0.9422604422604423,0.1920551509377913
-7.322516803058284,0.00965275324282037,0.9398034398034398,0.1960193806787335
-7.28452678109326,0.009699628497888904,0.9398034398034398,0.19994263646886493
-7.246536759128235,0.009751061144889297,0.9398034398034398,0.2042039273531852
-7.208546737163211,0.009774908079992825,0.9373464373464373,0.20823986150804627
-7.170556715198186,0.009810232510235085,0.9361179361179361,0.21215287381047498
-7.132566693233161,0.009838824519386368,0.9336609336609336,0.2165268430595249
-7.094576671268137,0.009868249752642817,0.9312039312039312,0.2209417862593856
-7.056586649303113,0.009910192967297672,0.9299754299754299,0.2252952685330301
-7.018596627338088,0.009961312735215938,0.9299754299754299,0.2293107157124858
-6.9806066053730635,0.010013889807526953,0.9299754299754299,0.2333978673058603
-6.9426165834080384,0.010044969532476517,0.9275184275184275,0.23781281050572098
-6.904626561443014,0.010086281854056585,0.9262899262899262,0.24197166651301436
-6.86663653947799,0.010139314722177398,0.9262899262899262,0.24597687020476733
-6.828646517512965,0.010183244303198323,0.9250614250614251,0.250258648064493
-6.790656495547941,0.01021393501706856,0.9226044226044227,0.2545199389488133
-6.7526664735829165,0.010243995842223316,0.9201474201474201,0.2587095254192147
-6.714676451617891,0.010265301629238222,0.9164619164619164,0.26322690349610234
-6.676686429652867,0.010321402382500657,0.9164619164619164,0.2672730811386661
-6.638696407687843,0.010384909862880211,0.9164619164619164,0.2718007027032564
-6.600706385722818,0.01040543379315174,0.9127764127764127,0.2761746719523063
-6.562716363757794,0.010466557728066716,0.9127764127764127,0.2804462063243293
-6.5247263417927694,0.010534225599727783,0.9127764127764127,0.2851172367167573
-6.486736319827744,0.010568954942876296,0.9103194103194103,0.2894092580641857
-6.44874629786272,0.010591730413192302,0.9066339066339066,0.2938242012640464
-6.410756275897695,0.010628312322199598,0.9041769041769042,0.2981879270253936
-6.372766253932671,0.010662250693627345,0.9017199017199017,0.30234678303268697
-6.334776231967647,0.01071935186674661,0.9004914004914005,0.30704854388822306
-6.2967862100026215,0.010742719232410637,0.8968058968058968,0.3114020261618676
-6.258796188037597,0.01079440290219886,0.8955773955773956,0.31567356053389056
-6.220806166072573,0.010837320930787233,0.8931203931203932,0.32028313000010245
-6.182816144107548,0.01089926437471851,0.8918918918918919,0.32511805619577355
-6.144826122142524,0.010953647186801233,0.8906633906633906,0.3294305645186073
-6.1068361001775,0.011009397524406193,0.8894348894348895,0.3337840467922518
-6.0688460782124745,0.011085082602238451,0.8894348894348895,0.33838337277076097
-6.03085605624745,0.011129780641580983,0.8869778869778869,0.3428905073599459
-5.992866034282425,0.011197738709076225,0.8857493857493858,0.34782786843264396
-5.954876012317401,0.011232088104624241,0.8820638820638821,0.3525501162635854
-5.916885990352377,0.011308689420547795,0.8820638820638821,0.3569855464388515
-5.878895968387352,0.011358048192388838,0.8796068796068796,0.3615951159050634
-5.840905946422327,0.011427749452586827,0.8783783783783784,0.36641979861303176
-5.802915924457303,0.011450443061385311,0.8746928746928747,0.3703430544031632
-5.764925902492278,0.011479550532690003,0.871007371007371,0.3746043452874835
-5.726935880527254,0.011515626019442813,0.8673218673218673,0.37922415824139805
-5.68894585856223,0.011597345423483804,0.8673218673218673,0.3836493449289614
-5.650955836597205,0.011632139784234562,0.8636363636363636,0.38812574905503827
-5.61296581463218,0.011657729074376311,0.85995085995086,0.39208997879598045
-5.574975792667156,0.011679616049403433,0.855036855036855,0.396709791749895
-5.536985770702131,0.011703621019162143,0.8501228501228502,0.4014217960931338
-5.498995748737107,0.01177011650882333,0.8488943488943489,0.40570357395285944
-5.461005726772083,0.011860014074112215,0.8488943488943489,0.4102619259805579
-5.423015704807058,0.011930904500890495,0.8476658476658476,0.41465638220501316
-5.385025682842032,0.011986898041675378,0.8452088452088452,0.4191122993556846
-5.347035660877008,0.01202323907815983,0.8415233415233415,0.4234145641908157
-5.309045638911984,0.012046913973358806,0.8366093366093366,0.42792169878000064
-5.27105561694696,0.012146398887026006,0.8366093366093366,0.4326644335863475
-5.233065594981936,0.012239616096622873,0.8366093366093366,0.4370384028353974
-5.19507557301691,0.012330255296034764,0.8366093366093366,0.4412279893057988
-5.157085551051885,0.012401743539238752,0.8353808353808354,0.44530489741147067
-5.119095529086861,0.012461402734891928,0.8329238329238329,0.4496174057343044
-5.081105507121837,0.012518982184525353,0.8304668304668305,0.45379674871700315
-5.043115485156813,0.01258307818684191,0.828009828009828,0.45822193540456657
-5.0051254631917885,0.0126513271674562,0.8267813267813268,0.4619812953914549
-4.9671354412267625,0.012734508243320068,0.8255528255528255,0.4663347776650994
-4.929145419261738,0.012808032220504304,0.8243243243243243,0.47022730299212273
-4.891155397296714,0.012892549261083745,0.8230958230958231,0.4745295678272538
-4.85316537533169,0.012984240354009783,0.8218673218673219,0.47906743287954684
-4.815175353366666,0.01305002836962689,0.8194103194103194,0.48327750632535366
-4.77718533140164,0.013112491373360938,0.816953316953317,0.4873134404802147
-4.7391953094366155,0.01319187825326817,0.8157248157248157,0.491205965807238
-4.701205287471591,0.013232968308942763,0.812039312039312,0.4950984911342614
-4.663215265506567,0.01330909825305463,0.8095823095823096,0.4995441647972302
-4.625225243541543,0.013393038876450235,0.8083538083538083,0.5034776640750642
-4.587235221576519,0.013432315485101409,0.8046683046683046,0.5072062935988445
-4.549245199611493,0.013497312939231088,0.8022113022113022,0.5111090624135706
-4.511255177646468,0.013545899760341774,0.7985257985257985,0.5151245095930262
-4.473265155681444,0.013640471636646419,0.7972972972972973,0.5192731221126169
-4.43527513371642,0.013643200644026863,0.7911547911547911,0.523073456050316
-4.397285111751396,0.013690438051301766,0.7874692874692875,0.5269557378896367
-4.359295089786372,0.013773511815090603,0.7862407862407862,0.53058193253639
-4.321305067821346,0.013863276419412925,0.785012285012285,0.5343925099617918
-4.283315045856321,0.01385792349726776,0.7788697788697788,0.537854808805302
-4.245325023891297,0.013960258474295922,0.7776412776412777,0.5420136648125954
-4.207335001926273,0.014009962640099627,0.773955773955774,0.5458242422379972
-4.169344979961249,0.014042486372507235,0.769041769041769,0.549767985003534
-4.131354957996223,0.014120841819416157,0.7665847665847666,0.5537322147444762
-4.0933649360311986,0.014226342710997443,0.7653562653562653,0.5577988793624453
-4.055374914066174,0.014300188826970019,0.7628992628992629,0.5615275088862256
-4.01738489210115,0.01442475203828018,0.7628992628992629,0.5653688167747355
-3.979394870136126,0.014498524382817258,0.7604422604422605,0.5690052549091915
-3.9414048481711017,0.014573885109599395,0.757985257985258,0.5726519365313502
-3.9034148262060757,0.01463751877369061,0.7542997542997543,0.5766059227845897
-3.8654248042410515,0.014735931152191158,0.7530712530712531,0.5801604130174242
-3.8274347822760273,0.014763636363636364,0.7481572481572482,0.5836944162748533
-3.789444760311003,0.014776279796795624,0.7432432432432432,0.5867879495610665
-3.751454738345979,0.014877946646303914,0.742014742014742,0.5903321963061984
-3.713464716380953,0.014928709821650355,0.7383292383292384,0.5937740081743031
-3.6754746944159287,0.015015015015015015,0.7371007371007371,0.596816324022003
-3.6374846724509045,0.015108331021262644,0.7358722358722358,0.6000122921852432
-3.5994946504858802,0.015238240606476888,0.7358722358722358,0.6034745910287534
-3.561504628520856,0.01527226137091608,0.7321867321867321,0.6063530110732102
-3.523514606555832,0.015237996849092177,0.7248157248157249,0.6094260573840181
-3.485524584590806,0.0153125,0.7223587223587223,0.6126732429857717
-3.4475345626257816,0.015407228536182052,0.7211302211302212,0.6157462892965797
-3.4095445406607574,0.015542669526306034,0.7211302211302212,0.6191471272138738
-3.371554518695733,0.015613740091280326,0.7186732186732187,0.6221996865492763
-3.333564496730709,0.01570243482008188,0.7162162162162162,0.6256517419050839
-3.295574474765683,0.015614816424071257,0.7063882063882064,0.628683814265081
-3.257584452800659,0.015720428340591022,0.7051597051597052,0.6318592954529159
-3.2195944308356346,0.015778275166487055,0.7014742014742015,0.6351474550054803
-3.1816044088706104,0.015868146578169446,0.699017199017199,0.6385175624596663
-3.143614386905586,0.0158663178327285,0.6928746928746928,0.6416520696966903
-3.105624364940562,0.015980698268521148,0.6916461916461917,0.6448890118107413
-3.067634342975536,0.01611518204717197,0.6916461916461917,0.6479005971953331
-3.0296443210105117,0.016123914736508118,0.6867321867321867,0.6505946344611413
-2.9916542990454875,0.016159557431940603,0.6818181818181818,0.6538725505260031
-2.9536642770804633,0.016275926905223573,0.6805896805896806,0.6570070577630271
-2.915674255115439,0.016372048878870567,0.6781326781326781,0.6602849738278889
-2.877684233150415,0.016479736802751607,0.6769041769041769,0.663153150384643
-2.839694211185389,0.016605778811026237,0.6756756756756757,0.6663593620355859
-2.8017041892203647,0.01669306689411478,0.6732186732186732,0.6693402169570696
-2.7637141672553405,0.01680027027857121,0.671990171990172,0.6720854716613913
-2.7257241452903163,0.016956508261260425,0.671990171990172,0.6751585179721992
-2.687734123325292,0.016939617452181522,0.6658476658476659,0.6778013377994939
-2.649744101360266,0.016979586693548387,0.6621621621621622,0.6803519662374645
-2.611754079395242,0.01709510342855327,0.6609336609336609,0.6831381948925971
-2.5737640574302176,0.017200512491992313,0.6597051597051597,0.6856990668182703
-2.5357740354651934,0.017283152963979972,0.6572481572481572,0.6883931040840785
-2.497784013500169,0.01744034424305646,0.6572481572481572,0.6912510371531299
-2.459793991535145,0.017530588080515722,0.6547911547911548,0.6940167788328571
-2.421803969570119,0.017633995160595314,0.6535626535626535,0.6964137549552871
-2.383813947605095,0.017746139963906157,0.6523341523341524,0.6989336529301496
-2.3458239256400706,0.01787581368680225,0.6511056511056511,0.7017198815852822
-2.3078339036750464,0.01793600108703037,0.6486486486486487,0.703860770515145
-2.269843881710022,0.0180877667774314,0.6486486486486487,0.7063909119777102
-2.231853859744996,0.018168629753721806,0.6461916461916462,0.7088288620509511
-2.193863837779972,0.018346703871642833,0.6461916461916462,0.7117072820954078
-2.1558738158149477,0.018482729540742822,0.6461916461916462,0.7138686580006761
-2.1178837938499235,0.01853689657616786,0.6425061425061425,0.7163475820247278
-2.0798937718848993,0.01865018400085748,0.6412776412776413,0.718642123270131
-2.041903749919875,0.01875225387666787,0.6388206388206388,0.7212746996097231
-2.003913727954849,0.01881026014189558,0.6351351351351351,0.7237536236337748
-1.965923705989825,0.018929527862357385,0.6339066339066339,0.7260584083668807
-1.9279336840248007,0.019061366496409802,0.6326781326781327,0.7285168454155271
-1.8899436620597765,0.019186979730486393,0.6314496314496314,0.7308523606117411
-1.8519536400947523,0.01930821634235387,0.6302211302211302,0.7330956844186308
-1.8139636181297263,0.01946647440519106,0.6302211302211302,0.7353082777624126
-1.775973596164702,0.01958084748355515,0.628992628992629,0.7373979492537619
-1.7379835741996779,0.019728206316114584,0.6277641277641277,0.7399076037409217
-1.6999935522346536,0.01981624231098653,0.6253071253071253,0.742099710109298
-1.6620035302696294,0.01988859249960772,0.6228501228501229,0.7440664597482151
-1.6240135083046052,0.019981798757567365,0.6203931203931204,0.7462892965796994
-1.5860234863395792,0.02007342964322771,0.6179361179361179,0.748471159460373
-1.548033464374555,0.02024063417971108,0.6179361179361179,0.7505915614148305
-1.5100434424095308,0.02035426992768343,0.6154791154791155,0.7529987810249634
-1.4720534204445066,0.020358839914796003,0.6105651105651105,0.7550269915900966
-1.4340633984794824,0.020410692889311244,0.6068796068796068,0.7571371500568513
-1.3960733765144564,0.020431942074820023,0.6031941031941032,0.7588682994786065
-1.3580833545494322,0.020599958044891967,0.6031941031941032,0.7608760230683344
-1.320093332584408,0.020635121992473256,0.5995085995085995,0.7627505813179272
-1.2821033106193838,0.02076404877632813,0.5982800982800983,0.7647378179322496
-1.2441132886543596,0.020816308975958025,0.5945945945945946,0.7667865154727882
-1.2061232666893353,0.020929930233565888,0.5933660933660934,0.768558638845354
-1.1681332447243093,0.021065512870940956,0.5921375921375921,0.7705561189473792
-1.1301432227592851,0.02116215501278547,0.5896805896805897,0.7725740860248097
-1.092153200794261,0.021344717182497332,0.5896805896805897,0.7745613226391321
-1.0541631788292367,0.02150923104499014,0.5896805896805897,0.7763232025239953
-1.0161731568642125,0.021637004246092693,0.5884520884520884,0.778136299847372
-0.9781831348991883,0.02162629757785467,0.5835380835380836,0.7798776927568298
-0.9401931129341623,0.02170222528102776,0.581081081081081,0.7815883552031796
-0.9022030909691381,0.021883964097344315,0.581081081081081,0.7834424264773671
-0.8642130690041139,0.021968283582089552,0.5786240786240786,0.7852043063622303
-0.8262230470390897,0.021969233664204734,0.5737100737100738,0.7870378906610123
-0.7882330250740655,0.022144245815353975,0.5737100737100738,0.7887587965950646
-0.7502430031090395,0.022296490809262354,0.5737100737100738,0.7902338588242525
-0.7122529811440153,0.022475695447107518,0.5737100737100738,0.7919445212706022
-0.674262959178991,0.02266440184421257,0.5737100737100738,0.7937166446431682
-0.6362729372139668,0.02275619066262112,0.5712530712530712,0.7954477940649233
-0.5982829152489426,0.022874044860734532,0.5700245700245701,0.7969638302449218
-0.5602928932839184,0.0230581921184714,0.5700245700245701,0.7986232752527581
-0.5223028713188924,0.023149772009821115,0.5675675675675675,0.8003032072359997
-0.4843128493538682,0.02323701757930895,0.5651105651105651,0.8019319217807279
-0.446322827388844,0.023369482205590347,0.5638820638820639,0.8035094188869426
-0.4083328054238198,0.02340381851775816,0.5601965601965602,0.8050869159931574
-0.37034278345879557,0.023584173778122577,0.5601965601965602,0.8066131956608587
-0.3323527614937696,0.023727576136837715,0.558968058968059,0.8082316667178842
-0.29436273952874537,0.02372827969972177,0.5552825552825553,0.8095018591930181
-0.25637271756372115,0.023766673724327756,0.5515970515970516,0.8110793562992328
-0.21838269559869694,0.023770186004370305,0.547911547911548,0.8123700357497721
-0.18039267363367273,0.023965609887157444,0.547911547911548,0.8139372893682841
-0.14240265166864852,0.024094428501813852,0.5466830466830467,0.8153713776466611
-0.10441262970362253,0.024208058448285264,0.5454545454545454,0.8166723005849031
-0.06642260773859832,0.0243527018855478,0.5442260442260443,0.8181985802526044
-0.028432585773574104,0.024278033368438555,0.538083538083538,0.8196838859694949
0.009557436191450108,0.02442022911427773,0.5368550368550369,0.8211691916863854
0.04754745815647432,0.024560612888688597,0.5356265356265356,0.8226237669401678
0.08553748012150031,0.02457574209660026,0.5319410319410319,0.8239554203415179
0.12352750208652452,0.02472952086553323,0.5307125307125307,0.8254817000092192
0.16151752405154873,0.024939383443020435,0.5307125307125307,0.8269874927015151
0.19950754601657295,0.024857375713121434,0.5245700245700246,0.8284113374921893
0.23749756798159716,0.02500586992251702,0.5233415233415234,0.829855669258269
0.27548758994662137,0.025079853306518397,0.5208845208845209,0.8311668356842138
0.31347761191164736,0.025178997613365155,0.5184275184275184,0.8326418979134016
0.35146763387667157,0.025230324561931715,0.5147420147420148,0.8341784210688055
0.3894576558416958,0.025236593059936908,0.5110565110565111,0.8354076395931287
0.42744767780672,0.02537295182196136,0.5098280098280098,0.8367085625313707
0.4654376997717442,0.025448271612545443,0.5073710073710074,0.8379889984942073
0.5034277217367684,0.025531121878494222,0.504914004914005,0.8393104084078548
0.5414177437017944,0.02566831528203844,0.5036855036855037,0.8405806008829887
0.5794077656668186,0.025673374124771338,0.5,0.8417790889442037
0.6173977876318428,0.025879061486615375,0.5,0.843069768394743
0.655387809596867,0.025943245147652297,0.4975429975429975,0.8442375259928501
0.6933778315618913,0.026152654010073616,0.4975429975429975,0.8455179619556866
0.7313678535269172,0.02638780297107115,0.4975429975429975,0.8469315632586583
0.7693578754919415,0.0265852697912564,0.4975429975429975,0.8480993208567653
0.8073478974569657,0.026633099244733005,0.49385749385749383,0.8495026786720342
0.8453379194219899,0.02675116744496331,0.4926289926289926,0.8505577579054117
0.8833279413870141,0.02681992337164751,0.49017199017199015,0.8516947850404105
0.9213179633520383,0.026959290117184852,0.48894348894348894,0.8528522991508148
0.9593079853170643,0.027135746914842846,0.48894348894348894,0.8538356739702734
0.9972980072820885,0.027353951890034364,0.48894348894348894,0.8550341620314885
1.0352880292471127,0.027410535059181836,0.4864864864864865,0.8560687542894605
1.073278051212137,0.027462187216839757,0.48402948402948404,0.8570726160843244
1.1112680731771611,0.027539693691162007,0.48157248157248156,0.8582096432193234
1.1492580951421871,0.027671620665251237,0.48034398034398035,0.8592647224527007
1.1872481171072113,0.02773223069793969,0.47788697788697787,0.8602993147106727
1.2252381390722356,0.027783760499676933,0.47542997542997545,0.8612826895301312
1.2632281610372598,0.027842059589239226,0.47297297297297297,0.8622967948126978
1.301218183002284,0.02799650043744532,0.47174447174447176,0.8634338219476968
1.3392082049673082,0.02805935066842956,0.4692874692874693,0.864458170717966
1.3771982269323342,0.028155483298847178,0.4680589680589681,0.8652878932218842
1.4151882488973584,0.028392577688352336,0.4680589680589681,0.8664454073322885
1.4531782708623826,0.028530670470756064,0.4668304668304668,0.8674595126148551
1.4911682928274068,0.028655678209587178,0.4656019656019656,0.8684019134835028
1.529158314792431,0.028686653477400702,0.4631449631449631,0.8692418794751237
1.567148336757457,0.028737834316805884,0.4606879606879607,0.8701740368560688
1.6051383587224812,0.028932952704266646,0.4606879606879607,0.8710754637739058
1.6431283806875054,0.028986633509480882,0.4582309582309582,0.8720076211548508
1.6811184026525297,0.0290852228303362,0.457002457002457,0.8727963697079582
1.7191084246175539,0.029152221872045383,0.45454545454545453,0.8737797445274167
1.757098446582578,0.0291646853701062,0.4520884520884521,0.8745172756420105
1.795088468547604,0.029306076818653676,0.45085995085995084,0.8754801634860637
1.8330784905126283,0.02927221552070768,0.44717444717444715,0.8763508599407926
1.8710685124776525,0.029349764877574184,0.44471744471744473,0.8773649652233593
1.9090585344426767,0.029555845852384063,0.44471744471744473,0.8782459051657908
1.947048556407701,0.029779532741033236,0.44471744471744473,0.8791883060344386
1.9850385783727251,0.029964406919956957,0.44471744471744473,0.8799565676121406
2.023028600337751,0.029977516862353237,0.44226044226044225,0.8806736117513291
2.0610186223027753,0.030165912518853696,0.44226044226044225,0.8814418733290311
2.0990086442677995,0.03021352012828087,0.4398034398034398,0.8822920828083546
2.1369986662328238,0.030279833290805476,0.43734643734643736,0.883213996701597
2.174988688197848,0.03041206202347297,0.43611793611793614,0.8840642061809205
2.212978710162874,0.03042578865712808,0.43366093366093367,0.8847710068324063
2.250968732127898,0.030387220003472826,0.42997542997543,0.8856007293363244
2.2889587540929224,0.030432881504153915,0.4275184275184275,0.8864304518402426
2.3269487760579466,0.03050817654299279,0.4262899262899263,0.8870450611024041
2.364938798022971,0.030614050610511413,0.4250614250614251,0.8877723487292953
2.402928819987995,0.030810329474621548,0.4250614250614251,0.8885098798438893
2.440918841953021,0.03090013434841021,0.4238329238329238,0.8891654630568616
2.478908863918045,0.03094829919696833,0.4213759213759214,0.889984942073077
2.516898885883071,0.031187488634297145,0.4213759213759214,0.8908556385278059
2.5548889078480936,0.031298618101949296,0.4201474201474201,0.8915726826669944
2.5928789298131196,0.031500414479137887,0.4201474201474201,0.892289726806183
2.630868951778142,0.031626785383045815,0.4189189189189189,0.8930477448961822
2.668858973743168,0.03164084375583349,0.41646191646191644,0.89372381508456
2.7068489957081905,0.03145244577973899,0.41154791154791154,0.8943281808590189
2.7448390176732165,0.03144179019922576,0.4090909090909091,0.894922303145775
2.7828290396382425,0.03143698356918986,0.40663390663390664,0.8955369124079366
2.820819061603265,0.03164738502724926,0.40663390663390664,0.8962539565471251
2.858809083568291,0.03175519630484989,0.40540540540540543,0.8969300267355029
2.8967991055333133,0.03173988774917747,0.40294840294840295,0.8975036620468537
2.9347891274983393,0.03181862411209497,0.40171990171990174,0.8980772973582045
2.9727791494633653,0.03190760497210531,0.4004914004914005,0.8986816631326634
3.0107691714283877,0.032000787711697516,0.39926289926289926,0.899296272394825
3.0487591933934137,0.032091917591125195,0.39803439803439805,0.8999006381692839
3.086749215358436,0.032135728542914174,0.3955773955773956,0.9006586562592832
3.124739237323462,0.03224510296333501,0.39434889434889436,0.9013142394722555
3.162729259288488,0.03251291400790034,0.39434889434889436,0.9021542054638764
3.2007192812535106,0.032609803322123716,0.3931203931203931,0.9027585712383353
3.2387093032185366,0.03272801887760336,0.3918918918918919,0.9034243979390103
3.276699325183559,0.03267838676318511,0.3882063882063882,0.9041824160290095
3.314689347148585,0.032909810456154966,0.3882063882063882,0.9048789731927926
3.3526793691136074,0.03303964757709251,0.386977886977887,0.9055652868688732
3.3906693910786334,0.033171350095077115,0.3857493857493858,0.9062516005449536
3.4286594130436594,0.03317031681905167,0.3832923832923833,0.9068457228317097
3.466649435008682,0.03324780842420355,0.3820638820638821,0.9073681407045471
3.504639456973708,0.03336921420882669,0.3808353808353808,0.9080134804298168
3.5426294789387303,0.03323589910143986,0.37714987714987713,0.9085256548149514
3.5806195009037562,0.03333696481098159,0.3759213759213759,0.9091095336140049
3.6186095228687822,0.033304119193689745,0.37346437346437344,0.9096114645114368
3.6565995448338047,0.033517089305402425,0.37346437346437344,0.9102055867981931
3.6945895667988307,0.0335920177383592,0.37223587223587223,0.910707517695625
3.732579588763853,0.033786797502230154,0.37223587223587223,0.9112401790561651
3.770569610728879,0.03399528778189162,0.37223587223587223,0.9118035708798131
3.808559632693905,0.03414084507042253,0.37223587223587223,0.9121928234125155
3.8465496546589275,0.03388485947416138,0.36732186732186733,0.912674267334542
3.8845396766239535,0.03355781303504166,0.36117936117936117,0.9132683896212983
3.922529698588976,0.03341370995521874,0.3574938574938575,0.9137703205187302
3.960519720554002,0.03353376503237743,0.35626535626535627,0.9143849297808918
3.998509742519028,0.03340316573556797,0.3525798525798526,0.9149278346291345
4.03649976448405,0.03340365682137834,0.3501228501228501,0.9155219569158908
4.074489786449076,0.033592644978783594,0.3501228501228501,0.9160136443256199
4.112479808414099,0.03371982962612399,0.3501228501228501,0.9163414359321062
4.150469830379125,0.03382160295343575,0.3488943488943489,0.9168945842680516
4.188459852344147,0.03388004309828804,0.3476658476658477,0.9173350542392674
4.226449874309173,0.03408817152493375,0.3476658476658477,0.9178574721121048
4.264439896274199,0.034048224887919545,0.3452088452088452,0.9183389160341313
4.302429918239222,0.034133853468243325,0.343980343980344,0.9188408469315632
4.340419940204248,0.03431372549019608,0.343980343980344,0.919281316902779
4.37840996216927,0.03443610871971467,0.343980343980344,0.9195783780461572
4.416399984134296,0.034512617516081145,0.34275184275184273,0.9200495784804811
4.454390006099322,0.03466699801192843,0.34275184275184273,0.920418344037778
4.492380028064344,0.03463798924596724,0.3402948402948403,0.9209202749352099
4.53037005002937,0.0348296240412423,0.3402948402948403,0.9213709883941285
4.568360071994393,0.034695937421145594,0.33783783783783783,0.9216270755866958
4.606350093959419,0.034902906460210686,0.33783783783783783,0.9221085195087223
4.644340115924445,0.035094435936702396,0.33783783783783783,0.9225489894799381
4.682330137889467,0.035232094638035234,0.3366093366093366,0.9231431117666943
4.720320159854493,0.03500839684795246,0.33292383292383293,0.9234811468608832
4.758310181819516,0.035153716435335325,0.33292383292383293,0.9238089384673693
4.796300203784542,0.03522504892367906,0.3316953316953317,0.9242494084385852
4.834290225749564,0.03512450851900393,0.32923832923832924,0.924587443532774
4.87228024771459,0.035365531802586433,0.32923832923832924,0.9251201048933141
4.910270269679616,0.035543766578249335,0.32923832923832924,0.9255093574260164
4.9482602916446385,0.03560949586556415,0.32800982800982803,0.9259293404218268
4.9862503136096645,0.03576212161800161,0.32800982800982803,0.926257132028313
5.024240335574687,0.03553641136088303,0.32432432432432434,0.9266054106102045
5.062230357539713,0.03565640194489465,0.32432432432432434,0.9268614978027719
5.100220379504739,0.03542826116465318,0.32063882063882065,0.9272097763846634
5.138210401469761,0.03558767384783201,0.32063882063882065,0.9275478114788523
5.176200423434787,0.03557744937055282,0.3194103194103194,0.9278038986714197
5.21419044539981,0.03569957435122889,0.3194103194103194,0.928059985863987
5.252180467364836,0.03571428571428571,0.3181818181818182,0.9283672904950677
5.290170489329862,0.035897435897435895,0.3181818181818182,0.9287462995400674
5.328160511294884,0.035898149436482535,0.31695331695331697,0.9290228737080402
5.36615053325991,0.035923958624545706,0.3157248157248157,0.9293506653145263
5.404140555224933,0.03611579539066891,0.3157248157248157,0.9297399178472286
5.442130577189959,0.03618886061634153,0.3144963144963145,0.930159900843039
5.480120599154985,0.03630410022779043,0.3132678132678133,0.930661831740471
5.518110621120007,0.03632203632203632,0.31203931203931207,0.9309691363715518
5.556100643085033,0.03636102328255246,0.3108108108108108,0.9313174149534433
5.5940906650500555,0.036555411067764776,0.3108108108108108,0.931696423998443
5.6320806870150815,0.03665987780040733,0.3095823095823096,0.9321676244327669
5.670070708980104,0.03658715059271184,0.3071253071253071,0.9325671204531719
5.70806073094513,0.03677552221241542,0.3071253071253071,0.9329256425227661
5.746050752910156,0.037020583444395086,0.3071253071253071,0.9333865994693873
5.784040774875178,0.03716366879738368,0.3071253071253071,0.9336529301496573
5.822030796840204,0.03736362277686445,0.3071253071253071,0.9340216957069543
5.860020818805227,0.037370553804592525,0.3058968058968059,0.934298269874927
5.898010840770253,0.03734377352808312,0.3046683046683047,0.9345133831166835
5.936000862735279,0.03709872804360993,0.300982800982801,0.9348616616985751
5.973990884700301,0.03714981729598051,0.29975429975429974,0.9352201837681694
6.011980906665327,0.03739463601532567,0.29975429975429974,0.9356606537393852
6.04997092863035,0.03763109191856878,0.29975429975429974,0.9360806367351956
6.087960950595376,0.037604456824512536,0.2985257985257985,0.9362957499769522
6.1259509725604016,0.03761268262356233,0.2972972972972973,0.9365723241449249
6.163940994525424,0.03760923845193508,0.29606879606879605,0.9368284113374922
6.20193101649045,0.037821720025109855,0.29606879606879605,0.9371971768947891
6.239921038455472,0.03796471329552615,0.29606879606879605,0.9374430205996538
6.277911060420498,0.0379746835443038,0.29484029484029484,0.9377195947676265
6.315901082385521,0.03823482555360841,0.29484029484029484,0.9381600647388423
6.353891104350547,0.03838771593090211,0.29484029484029484,0.9384161519314096
6.391881126315573,0.03827597298166613,0.29238329238329236,0.9387439435378958
6.429871148280595,0.038399483704420784,0.29238329238329236,0.9389488132919497
6.467861170245621,0.03853626943005181,0.29238329238329236,0.9391741700214089
6.505851192210644,0.0387243735763098,0.29238329238329236,0.9394814746524897
6.54384121417567,0.038984438984438985,0.29238329238329236,0.9399014576483001
6.581831236140696,0.03920276725415912,0.29238329238329236,0.9402497362301917
6.619821258105718,0.039244908097367116,0.29115479115479115,0.9405672843489752
6.657811280070744,0.03908848968729208,0.28869778869778867,0.9408233715415425
6.6958013020357665,0.039304231476835594,0.28869778869778867,0.9411614066357313
6.7337913240007925,0.03911364780929998,0.28624078624078625,0.9413662763897852
6.7717813459658185,0.03926525109538254,0.28624078624078625,0.9416018766069472
6.809771367930841,0.03932203389830508,0.28501228501228504,0.941939911701136
6.847761389895867,0.039259007477906185,0.28378378378378377,0.9420935640166764
6.885751411860889,0.039158686730506154,0.28132678132678135,0.942441842598568
6.923741433825915,0.03936060501890684,0.28132678132678135,0.9427491472296488
6.961731455790941,0.03935784567581564,0.2800982800982801,0.9429949909345133
6.999721477755964,0.039256557234670836,0.27764127764127766,0.9433432695164049
7.03771149972099,0.03932191541419084,0.2764127764127764,0.9436915480982965
7.075701521686012,0.03917779339423753,0.273955773955774,0.9439783657539719
7.113691543651038,0.039392333509980566,0.273955773955774,0.9442959138727554
7.151681565616061,0.039524991137894365,0.273955773955774,0.9444905401391066
7.189671587581087,0.03952991452991453,0.2727272727272727,0.9447466273316739
7.227661609546113,0.03967119370979271,0.2727272727272727,0.9449514970857278
7.265651631511135,0.03987068965517242,0.2727272727272727,0.9452383147414032
7.303641653476161,0.04005774088776615,0.2727272727272727,0.9455046454216731
7.3416316754411834,0.04020282506338283,0.2727272727272727,0.945709515175727
7.379621697406209,0.04042243262927895,0.2727272727272727,0.9460168198068079
7.417611719371235,0.0404539630239795,0.2714987714987715,0.9463036374624832
7.455601741336258,0.04029438822447102,0.269041769041769,0.9465699681427533
7.493591763301284,0.04047311033080762,0.269041769041769,0.9468158118476179
7.531581785266306,0.04013377926421405,0.26535626535626533,0.9470821425278879
7.569571807231332,0.04035120493181393,0.26535626535626533,0.947379203671266
7.607561829196358,0.04051772650534609,0.26535626535626533,0.9476045604007253
7.645551851161381,0.04064734663153933,0.26535626535626533,0.9477786996916711
7.683541873126407,0.040793201133144476,0.26535626535626533,0.9479733259580222
7.721531895091429,0.04079696394686907,0.2641277641277641,0.9482191696628868
7.759521917056455,0.04073087171678721,0.2628992628992629,0.9483728219784272
7.7975119390214775,0.04075774971297359,0.2616707616707617,0.9486493961464
7.8355019609865035,0.04069879055480898,0.26044226044226043,0.948813291949643
7.8734919829515295,0.04083991523791177,0.26044226044226043,0.9489976747282914
7.911482004916552,0.04100580270793037,0.26044226044226043,0.949212787970048
7.949472026881578,0.041002720559657986,0.2592137592137592,0.94944838818721
7.9874620488466,0.041202890060535055,0.2592137592137592,0.9497044753797773
8.025452070811626,0.04135633085064681,0.2592137592137592,0.9498991016461285
8.063442092776652,0.04135486411973218,0.257985257985258,0.9501347018632904
8.101432114741675,0.04138613861386139,0.25675675675675674,0.9504112760312631
8.1394221367067,0.04160860043798527,0.25675675675675674,0.9506878501992359
8.177412158671723,0.04137517489506296,0.2542997542997543,0.9508722329778843
8.21540218063675,0.04161640530759952,0.2542997542997543,0.9511692941212624
8.253392202601775,0.04178441663302382,0.2542997542997543,0.9513741638753163
8.291382224566798,0.041962294749645246,0.2542997542997543,0.9515892771170729
8.329372246531824,0.04210740439381611,0.2542997542997543,0.9517634164080186
8.367362268496846,0.04225352112676056,0.2542997542997543,0.9519375556989644
8.405352290461872,0.04223908140250154,0.25307125307125306,0.9521526689407209
8.443342312426898,0.042027194066749075,0.25061425061425063,0.9523677821824775
8.48133233439192,0.04194214876033058,0.2493857493857494,0.9525009475226125
8.519322356356946,0.0420899854862119,0.2493857493857494,0.9526750868135583
8.557312378321969,0.042291666666666665,0.2493857493857494,0.9529106870307202
8.595302400286995,0.04252199413489736,0.2493857493857494,0.9531770177109903
8.633292422252017,0.042691903259726605,0.2493857493857494,0.9533716439773414
8.671282444217043,0.04287222808870116,0.2493857493857494,0.9535765137313953
8.70927246618207,0.042629904559915166,0.24692874692874692,0.9537608965100437
8.747262488147092,0.042793272301469024,0.24692874692874692,0.9539452792886922
8.785252510112118,0.0430222602739726,0.24692874692874692,0.9542013664812595
8.82324253207714,0.04302000430200043,0.2457002457002457,0.9544267232107188
8.861232554042166,0.043168573278653144,0.2457002457002457,0.9545906190139619
8.899222576007192,0.04296875,0.24324324324324326,0.9548262192311238
8.937212597972215,0.04296619411123228,0.24201474201474202,0.9550515759605831
8.97520261993724,0.043201754385964915,0.24201474201474202,0.9553076631531504
9.013192641902263,0.043334799824021115,0.24201474201474202,0.9554510719809881
9.051182663867289,0.04331491712707182,0.24078624078624078,0.955655941735042
9.089172685832315,0.043266030619037055,0.23955773955773957,0.9558300810259878
9.127162707797337,0.04320712694877506,0.23832923832923833,0.9559939768292308
9.165152729762363,0.04342959480635773,0.23832923832923833,0.9562295770463928
9.203142751727386,0.04316546762589928,0.23587223587223588,0.9564037163373386
9.241132773692412,0.04338002711251695,0.23587223587223588,0.9566290730667978
9.279122795657434,0.043527544774427565,0.23587223587223588,0.9567827253823382
9.31711281762246,0.04367606915377616,0.23587223587223588,0.9569363776978785
9.355102839587486,0.04356751824817518,0.23464373464373464,0.9570490560626081
9.393092861552509,0.043737119303869934,0.23464373464373464,0.9572231953535539
9.431082883517535,0.04390804597701149,0.23464373464373464,0.9573973346444997
9.469072905482557,0.043588560885608855,0.2321867321867322,0.9575202564969321
9.507062927447583,0.04376012965964344,0.2321867321867322,0.9576943957878779
9.545052949412609,0.043731100255873456,0.23095823095823095,0.957889022054229
9.583042971377632,0.043478260869565216,0.2285012285012285,0.9580836483205802
9.621032993342657,0.04369274136715997,0.2285012285012285,0.9582987615623367
9.65902301530768,0.043611504007543614,0.22727272727272727,0.9584421703901744
9.697013037272706,0.04341637010676157,0.22481572481572482,0.9586982575827417
9.735003059237732,0.04340567612687813,0.22358722358722358,0.9589133708244983
9.772993081202754,0.04361370716510903,0.22358722358722358,0.9591182405785522
9.81098310316778,0.04352007694157249,0.22235872235872237,0.9592514059186872
9.848973125132803,0.04354136429608128,0.22113022113022113,0.9594972496235519
9.886963147097829,0.043753038405444825,0.22113022113022113,0.9597021193776056
9.924953169062855,0.043977522599560226,0.22113022113022113,0.9599172326193622
9.962943191027877,0.044226044226044224,0.22113022113022113,0.9601528328365242
10.000933212992903,0.044488383588729606,0.22113022113022113,0.9603986765413888
10.038923234957926,0.04441687344913151,0.2199017199017199,0.9605523288569292
10.076913256922952,0.044582814445828144,0.2199017199017199,0.9607059811724696
10.114903278887974,0.04483967935871744,0.2199017199017199,0.9609415813896316
10.152893300853,0.044963576990705856,0.2199017199017199,0.9610542597543612
10.190883322818026,0.0449722081859525,0.21867321867321868,0.9612796164838204
10.228873344783048,0.04465871606191322,0.21621621621621623,0.9614332687993608
10.266863366748074,0.044829342842587876,0.21621621621621623,0.9615869211149012
10.304853388713097,0.044966785896780784,0.21621621621621623,0.9617098429673335
10.342843410678123,0.04512820512820513,0.21621621621621623,0.9618532517951712
10.380833432643149,0.0453024453024453,0.21621621621621623,0.9620069041107117
10.418823454608171,0.045348535890126974,0.214987714987715,0.962262991303279
10.456813476573197,0.04548999220171562,0.214987714987715,0.9623859131557112
10.49480349853822,0.04541895066562255,0.21375921375921375,0.9625395654712516
10.532793520503246,0.04554973821989529,0.21375921375921375,0.9626522438359812
10.570783542468272,0.04580152671755725,0.21375921375921375,0.9628673570777379
10.608773564433294,0.046104928457869634,0.21375921375921375,0.9631234442703052
10.64676358639832,0.046387629965342576,0.21375921375921375,0.9633590444874671
10.684753608363343,0.04659882163899304,0.21375921375921375,0.9635331837784129
10.722743630328369,0.04641122504047491,0.2113022113022113,0.9637995144586828
10.760733652293395,0.04670105891935922,0.2113022113022113,0.9640351146758448
10.798723674258417,0.04689203925845147,0.2113022113022113,0.9641887669913852
10.836713696223443,0.047058823529411764,0.2113022113022113,0.9643219323315202
10.874703718188465,0.04704264099037139,0.21007371007371006,0.9645165585978714
10.912693740153491,0.047237569060773484,0.21007371007371006,0.9646702109134118
10.950683762118514,0.04755283648498331,0.21007371007371006,0.9649160546182765
10.98867378408354,0.04769874476987448,0.21007371007371006,0.9650287329830061
11.026663806048566,0.04791258055477725,0.21007371007371006,0.9651926287862491
11.064653828013588,0.048060708263069137,0.21007371007371006,0.9653053071509787
11.102643849978614,0.04790249433106576,0.2076167076167076,0.9655921248066541
11.140633871943637,0.048120728929384966,0.2076167076167076,0.9657560206098973
11.178623893908663,0.04798628963153385,0.20638820638820637,0.9658584554869242
11.216613915873689,0.04812374677742767,0.20638820638820637,0.9659608903639512
11.254603937838711,0.04827586206896552,0.20638820638820637,0.9660735687286808
11.292593959803737,0.0484149855907781,0.20638820638820637,0.9661760036057077
11.33058398176876,0.04862518089725036,0.20638820638820637,0.9663296559212481
11.368574003733785,0.04853240337111305,0.20515970515970516,0.966462821261383
11.406564025698811,0.04874489200233508,0.20515970515970516,0.9666164735769235
11.444554047663834,0.04834456489891591,0.20270270270270271,0.9667291519416531
11.48254406962886,0.04833480695549661,0.20147420147420148,0.9669237782080042
11.520534091593882,0.04849201655824956,0.20147420147420148,0.9670364565727338
11.558524113558908,0.0487225193107546,0.20147420147420148,0.967200352375977
11.59651413552393,0.0489406147418681,0.20147420147420148,0.9673540046915173
11.634504157488957,0.048978365384615384,0.20024570024570024,0.9675793614209767
11.672494179453983,0.04903147699757869,0.19901719901719903,0.9678149616381385
11.710484201419005,0.04919526267840874,0.19901719901719903,0.9679276400028681
11.748474223384031,0.04945054945054945,0.19901719901719903,0.9681017792938139
11.786464245349054,0.04963235294117647,0.19901719901719903,0.9682247011462463
11.82445426731408,0.04973902364138778,0.19901719901719903,0.9682964055601652
11.862444289279106,0.049352251696483655,0.19656019656019655,0.9684295709003001
11.900434311244128,0.04965859714463067,0.19656019656019655,0.968634440654354
11.938424333209154,0.0499219968798752,0.19656019656019655,0.9688085799452998
11.976414355174176,0.05010961478233636,0.19656019656019655,0.9689315017977321
12.014404377139202,0.05040957781978576,0.19656019656019655,0.9691261280640833
12.052394399104228,0.0506649778340722,0.19656019656019655,0.9692900238673263
12.09038442106925,0.05084207181442644,0.19656019656019655,0.9694027022320559
12.128374443034277,0.050939191340337475,0.19656019656019655,0.9694641631582721
12.1663644649993,0.05059237912263849,0.1941031941031941,0.9696280589615153
12.204354486964325,0.0507223113964687,0.1941031941031941,0.9697100068631368
12.242344508929351,0.051000645577792124,0.1941031941031941,0.9698841461540826
12.280334530894374,0.050924424262082386,0.1928746928746929,0.9700275549819203
12.3183245528594,0.051240208877284595,0.1928746928746929,0.9702221812482714
12.356314574824422,0.05144167758846658,0.1928746928746929,0.9703451031007038
12.394304596789448,0.051678736010533244,0.1928746928746929,0.9704885119285415
12.43229461875447,0.0512396694214876,0.1904176904176904,0.9706011902932711
12.470284640719496,0.05147791431418133,0.1904176904176904,0.9707445991211088
12.508274662684522,0.05143620574482298,0.1891891891891892,0.9709084949243518
12.546264684649545,0.0513595166163142,0.18796068796068796,0.9710519037521895
12.584254706614571,0.05117845117845118,0.18673218673218672,0.971133851653811
12.622244728579593,0.051473078225533354,0.18673218673218672,0.9713079909447568
12.66023475054462,0.051824070917149676,0.18673218673218672,0.9715128606988107
12.698224772509645,0.05217988328184003,0.18673218673218672,0.9717177304528646
12.736214794474668,0.05194358445132439,0.1855036855036855,0.971768947891378
12.774204816439694,0.05184929139301763,0.18427518427518427,0.9719021132315131
12.812194838404716,0.05111265646731571,0.18058968058968058,0.9720455220593508
12.850184860369742,0.051597051597051594,0.18058968058968058,0.9723220962273235
12.888174882334768,0.05144467935165609,0.17936117936117937,0.9724245311043505
12.92616490429979,0.05155367231638418,0.17936117936117937,0.9724859920305665
12.964154926264817,0.051345609065155805,0.17813267813267813,0.9725576964444854
13.002144948229839,0.051263794944820223,0.1769041769041769,0.9727011052723231
13.040134970194865,0.05114449213161659,0.17567567567567569,0.9728240271247555
13.078124992159887,0.051328068916008614,0.17567567567567569,0.9729264620017823
13.116115014124913,0.05153153153153153,0.17567567567567569,0.973039140366512
13.15410503608994,0.05177407675597393,0.17567567567567569,0.973172305706647
13.192095058054962,0.05169275573352748,0.17444717444717445,0.9733157145344847
13.230085080019988,0.05166727739098571,0.1732186732186732,0.9734898538254305
13.26807510198501,0.05191458026509573,0.1732186732186732,0.9736230191655655
13.306065123950036,0.05208718138160325,0.1732186732186732,0.9737152105548897
13.344055145915062,0.05237741456166419,0.1732186732186732,0.9738688628704302
13.382045167880085,0.05263157894736842,0.1732186732186732,0.9740020282105651
13.42003518984511,0.05290806754221388,0.1732186732186732,0.9741454370384028
13.458025211810133,0.05308734939759036,0.1732186732186732,0.9742376284277271
13.496015233775159,0.05326785039667548,0.1732186732186732,0.9743298198170514
13.534005255740185,0.05273141122913505,0.17076167076167076,0.9744220112063755
13.571995277705208,0.052571428571428575,0.16953316953316952,0.9745244460834025
13.609985299670234,0.052833078101071976,0.16953316953316952,0.9746576114235375
13.647975321635256,0.052995391705069124,0.16953316953316952,0.974739559325159
13.685965343600282,0.05319969159599075,0.16953316953316952,0.974841994202186
13.723955365565308,0.053121364870104694,0.1683046683046683,0.9749854030300237
13.76194538753033,0.05341130604288499,0.1683046683046683,0.9751288118578614
13.799935409495356,0.05335425657120439,0.16707616707616707,0.9752824641734018
13.837925431460379,0.05362776025236593,0.16707616707616707,0.9754156295135368
13.875915453425405,0.053486529318541996,0.16584766584766586,0.9755283078782664
13.913905475390427,0.05369928400954654,0.16584766584766586,0.9756307427552933
13.951895497355453,0.05389221556886228,0.16584766584766586,0.9757229341446175
13.98988551932048,0.054064877853424106,0.16584766584766586,0.975804882046239
14.027875541285502,0.053923541247484906,0.16461916461916462,0.9759175604109688
14.065865563250528,0.05422905706191825,0.16461916461916462,0.9760609692388065
14.10385558521555,0.05460472697636512,0.16461916461916462,0.9762351085297523
14.141845607180576,0.054985638079606075,0.16461916461916462,0.976409247820698
14.179835629145602,0.055349029326724496,0.16461916461916462,0.9765731436239411
14.217825651110624,0.05548654244306418,0.16461916461916462,0.9766346045501573
14.25581567307565,0.054954204829308906,0.16216216216216217,0.9767472829148869
14.293805695040673,0.05481171548117155,0.16093366093366093,0.9768599612796165
14.331795717005699,0.05492662473794549,0.16093366093366093,0.9769111787181299
14.369785738970725,0.05515789473684211,0.16093366093366093,0.9770136135951569
14.407775760935747,0.05543800253914515,0.16093366093366093,0.9771365354475892
14.445765782900773,0.0548936170212766,0.15847665847665848,0.9772492138123188
14.483755804865796,0.055104656129859035,0.15847665847665848,0.977341405201643
14.521745826830822,0.05531732418524871,0.15847665847665848,0.9774335965909673
14.559735848795844,0.055267702936096716,0.15724815724815724,0.9775872489065077
14.59772587076087,0.055145462440295265,0.15601965601965603,0.97771017075894
14.635715892725896,0.05543430816237451,0.15601965601965603,0.9778330926113723
14.673705914690919,0.055726195699868364,0.15601965601965603,0.9779560144638046
14.711695936655945,0.055212014134275615,0.15356265356265356,0.9780891798039396
14.749685958620967,0.055062166962699825,0.15233415233415235,0.9782018581686692
14.787675980585993,0.05530776092774309,0.15233415233415235,0.9783042930456962
14.825666002551019,0.05555555555555555,0.15233415233415235,0.9784067279227231
14.863656024516041,0.05575539568345324,0.15233415233415235,0.9784886758243446
14.901646046481067,0.05600722673893405,0.15233415233415235,0.9785911107013716
14.93963606844609,0.056261343012704176,0.15233415233415235,0.9786935455783985
14.977626090411116,0.056414922656960874,0.15233415233415235,0.9787550065046147
15.015616112376142,0.056672760511883,0.15233415233415235,0.9788574413816417
15.053606134341164,0.05695911805236564,0.15233415233415235,0.9789701197463713
15.09159615630619,0.057248384118190214,0.15233415233415235,0.9790827981111009
15.129586178271213,0.05740740740740741,0.15233415233415235,0.979144259037317
15.167576200236239,0.05718270571827057,0.1511056511056511,0.9792262069389386
15.205566222201265,0.05692953803079795,0.14987714987714987,0.9792979113528574
15.243556244166287,0.05708937763219467,0.14987714987714987,0.9793593722790735
15.281546266131313,0.05631159080244017,0.14742014742014742,0.9794003462298844
15.319536288096335,0.05581835383159887,0.14496314496314497,0.9795539985454248
15.357526310061361,0.05547652916073969,0.14373464373464373,0.9795949724962355
15.395516332026384,0.05536992840095466,0.14250614250614252,0.9797281378363706
15.43350635399141,0.05550239234449761,0.14250614250614252,0.979779355274884
15.471496375956436,0.055635491606714625,0.14250614250614252,0.9798305727133975
15.509486397921458,0.055930568948891035,0.14250614250614252,0.9799432510781271
15.547476419886484,0.05579815623483746,0.14127764127764128,0.9800661729305594
15.585466441851507,0.05609756097560976,0.14127764127764128,0.980178851295289
15.623456463816533,0.05640019617459539,0.14127764127764128,0.9802915296600186
15.661446485781559,0.056455571919489446,0.14127764127764128,0.980312016635424
15.699436507746581,0.056296296296296296,0.14004914004914004,0.9804246950001536
15.737426529711607,0.05660377358490566,0.14004914004914004,0.9805373733648832
15.77541655167663,0.056716417910447764,0.14004914004914004,0.980578347315694
15.813406573641656,0.05711422845691383,0.14004914004914004,0.9807217561435317
15.851396595606682,0.05737292400603926,0.14004914004914004,0.980813947532856
15.889386617571704,0.057750759878419454,0.14004914004914004,0.980947112872991
15.92737663953673,0.05750636132315522,0.13882063882063883,0.9810290607746125
15.965366661501752,0.05728900255754476,0.1375921375921376,0.9811212521639368
16.003356683466777,0.05761316872427984,0.1375921375921376,0.9812339305286664
16.0413467054318,0.05788113695090439,0.1375921375921376,0.9813261219179906
16.07933672739683,0.058212058212058215,0.1375921375921376,0.9814388002827202
16.11732674936185,0.058424621804903494,0.1375921375921376,0.9815105046966391
16.155316771326873,0.05870020964360587,0.1375921375921376,0.9816026960859634
16.193306793291903,0.058854440357330534,0.1375921375921376,0.9816539135244768
16.231296815256925,0.05916534601162177,0.1375921375921376,0.9817563484015037
16.269286837221948,0.059416445623342175,0.1375921375921376,0.9818382963031252
16.307276859186977,0.059168443496801705,0.13636363636363635,0.9819202442047469
16.345266881152,0.0593900481540931,0.13636363636363635,0.9819919486186657
16.383256903117022,0.05970952124798279,0.13636363636363635,0.9820943834956927
16.421246925082045,0.05949161709031909,0.13513513513513514,0.9821865748850168
16.459236947047074,0.05994550408719346,0.13513513513513514,0.9823299837128545
16.497226969012097,0.06034009873834339,0.13513513513513514,0.9824529055652869
16.53521699097712,0.0605726872246696,0.13513513513513514,0.9825246099792058
16.57320701294215,0.06077348066298342,0.13513513513513514,0.9825860709054218
16.61119703490717,0.06055555555555556,0.1339066339066339,0.9826782622947461
16.649187056872194,0.060859854829704074,0.1339066339066339,0.9827704536840703
16.687177078837223,0.0611672278338945,0.1339066339066339,0.9828626450733946
16.725167100802246,0.061408450704225355,0.1339066339066339,0.9829343494873134
16.763157122767268,0.061931818181818185,0.1339066339066339,0.9830880018028538
16.80114714473229,0.06217912150598973,0.1339066339066339,0.9831597062167727
16.83913716669732,0.06239267315397825,0.1339066339066339,0.9832211671429888
16.877127188662342,0.06264367816091954,0.1339066339066339,0.9832928715569077
16.915117210627365,0.06311522872032427,0.1339066339066339,0.9834260368970427
16.953107232592394,0.06279069767441861,0.13267813267813267,0.9834874978232588
16.991097254557417,0.06279342723004695,0.13144963144963145,0.9836411501387993
17.02908727652244,0.06316410861865407,0.13144963144963145,0.9837435850158261
17.06707729848746,0.06323877068557919,0.13144963144963145,0.9837640719912316
17.10506732045249,0.0630952380952381,0.13022113022113022,0.9838767503559612
17.143057342417514,0.06343506882106523,0.13022113022113022,0.9839689417452855
17.181047364382536,0.0638169777242625,0.13022113022113022,0.9840713766223124
17.219037386347566,0.06420351302241066,0.13022113022113022,0.9841738114993392
17.257027408312588,0.06402439024390244,0.128992628992629,0.9842762463763662
17.29501743027761,0.06433823529411764,0.128992628992629,0.9843581942779878
17.33300745224264,0.06481481481481481,0.128992628992629,0.9844811161304201
17.370997474207662,0.06517690875232775,0.128992628992629,0.9845733075197444
17.408987496172685,0.0647571606475716,0.12776412776412777,0.9846142814705551
17.446977518137707,0.06508135168961202,0.12776412776412777,0.9846962293721766
17.484967540102737,0.06486146095717885,0.12653562653562653,0.9847884207615009
17.52295756206776,0.06455696202531645,0.12530712530712532,0.9848601251754198
17.560947584032782,0.06484424666242848,0.12530712530712532,0.9849318295893386
17.59893760599781,0.06457800511508952,0.12407862407862408,0.9850137774909601
17.636927627962834,0.064993564993565,0.12407862407862408,0.9851162123679871
17.674917649927856,0.06476683937823834,0.12285012285012285,0.9852084037573113
17.71290767189288,0.06523157208088715,0.12285012285012285,0.985321082122041
17.750897693857908,0.0655307994757536,0.12285012285012285,0.9853927865359597
17.78888771582293,0.06578947368421052,0.12285012285012285,0.9854542474621759
17.826877737787953,0.06613756613756613,0.12285012285012285,0.9855361953637974
17.864867759752983,0.06578073089700996,0.12162162162162163,0.9855976562900136
17.902857781718005,0.0661764705882353,0.12162162162162163,0.9856898476793379
17.940847803683027,0.06648757555406314,0.12162162162162163,0.9857615520932567
17.978837825648057,0.06707317073170732,0.12162162162162163,0.9858947174333917
18.01682784761308,0.06753069577080491,0.12162162162162163,0.9859971523104186
18.054817869578102,0.067854694996573,0.12162162162162163,0.9860688567243375
18.092807891543124,0.06822880771881461,0.12162162162162163,0.986150804625959
18.130797913508154,0.06796116504854369,0.12039312039312039,0.9862327525275806
18.168787935473176,0.06829268292682927,0.12039312039312039,0.9863044569414995
18.2067779574382,0.06862745098039216,0.12039312039312039,0.9863761613554183
18.24476797940323,0.0691114245416079,0.12039312039312039,0.9864785962324453
18.28275800136825,0.06935598018400566,0.12039312039312039,0.9865298136709587
18.320748023333273,0.06903914590747331,0.11916461916461916,0.9866015180848775
18.358738045298296,0.06928571428571428,0.11916461916461916,0.9866527355233911
18.396728067263325,0.06963388370423547,0.11916461916461916,0.9867244399373098
18.434718089228348,0.06978417266187051,0.11916461916461916,0.9867551704004179
18.472708111193377,0.07034082668600435,0.11916461916461916,0.9868678487651475
18.5106981331584,0.07085463842220599,0.11916461916461916,0.9869702836421745
18.548688155123422,0.07127112417340191,0.11916461916461916,0.9870522315437961
18.58667817708845,0.07185185185185185,0.11916461916461916,0.9871649099085257
18.624668199053474,0.07233407904548844,0.11916461916461916,0.9872571012978499
18.662658221018496,0.07265917602996255,0.11916461916461916,0.987318562224066
18.70064824298352,0.07298720842738901,0.11916461916461916,0.9873800231502822
18.73863826494855,0.07331821617535904,0.11916461916461916,0.9874414840764983
18.77662828691357,0.0729483282674772,0.11793611793611794,0.9875029450027145
18.814618308878593,0.07339449541284404,0.11793611793611794,0.987584892904336
18.852608330843623,0.07350689127105667,0.11793611793611794,0.9876053798797415
18.890598352808645,0.07373271889400922,0.11793611793611794,0.9876463538305522
18.928588374773668,0.07253086419753087,0.11547911547911548,0.987687327781363
18.96657839673869,0.07292474786656322,0.11547911547911548,0.9877590321952818
19.00456841870372,0.0724863600935308,0.11425061425061425,0.9878102496337953
19.042558440668742,0.07282693813625685,0.11425061425061425,0.9878717105600114
19.080548462633764,0.07334384858044164,0.11425061425061425,0.9879639019493357
19.118538484598794,0.07380952380952381,0.11425061425061425,0.9880458498509572
19.156528506563816,0.07354116706634692,0.11302211302211303,0.9881277977525788
19.19451852852884,0.07377706495589414,0.11302211302211303,0.9881687717033896
19.23250855049387,0.07395498392282958,0.11302211302211303,0.9881995021664977
19.27049857245889,0.07437348423605497,0.11302211302211303,0.9882712065804165
19.308488594423913,0.07398373983739838,0.11179361179361179,0.9883326675066326
19.346478616388936,0.07416462917685411,0.11179361179361179,0.9883633979697407
19.384468638353965,0.07477403451109285,0.11179361179361179,0.9884658328467677
19.422458660318988,0.07462686567164178,0.11056511056511056,0.9885682677237946
19.46044868228401,0.07481296758104738,0.11056511056511056,0.9885989981869027
19.49843870424904,0.07447698744769875,0.10933660933660934,0.9886707026008216
19.536428726214062,0.07497893850042123,0.10933660933660934,0.9887526505024431
19.574418748179085,0.07555178268251274,0.10933660933660934,0.9888448418917674
19.612408770144107,0.07574468085106383,0.10933660933660934,0.9888755723548754
19.650398792109137,0.07606837606837606,0.10933660933660934,0.9889267897933889
19.68838881407416,0.07646048109965636,0.10933660933660934,0.988988250719605
19.72637883603918,0.07712305025996534,0.10933660933660934,0.9890906855966319
19.76436885800421,0.07745865970409051,0.10933660933660934,0.9891419030351454
19.802358879969233,0.07759372275501308,0.10933660933660934,0.9891623900105508
19.840348901934256,0.07793345008756568,0.10933660933660934,0.9892136074490643
19.878338923899285,0.07834507042253522,0.10933660933660934,0.9892750683752805
19.916328945864308,0.07897071872227152,0.10933660933660934,0.9893672597646046
19.95431896782933,0.07939339875111508,0.10933660933660934,0.9894287206908208
19.992308989794353,0.07974910394265233,0.10933660933660934,0.9894799381293343
20.030299011759382,0.07920792079207921,0.10810810810810811,0.989520912080145
20.068289033724405,0.0793507664562669,0.10810810810810811,0.9895413990555504
20.106279055689427,0.07909090909090909,0.10687960687960688,0.989623346957172
20.144269077654457,0.07839562443026436,0.10565110565110565,0.9896438339325774
20.18225909961948,0.07834101382488479,0.10442260442260443,0.989756512297307
20.2202491215845,0.07877664504170528,0.10442260442260443,0.9898179732235232
20.258239143549524,0.07835820895522388,0.10319410319410319,0.9898794341497393
20.296229165514553,0.07872539831302718,0.10319410319410319,0.9899306515882528
20.334219187479576,0.07909604519774012,0.10319410319410319,0.9899818690267662
20.3722092094446,0.07969639468690702,0.10319410319410319,0.9900638169283877
20.410199231409628,0.07942583732057416,0.10196560196560196,0.9901457648300093
20.44818925337465,0.0798076923076923,0.10196560196560196,0.9901969822685228
20.486179275339673,0.08027079303675048,0.10196560196560196,0.990258443194739
20.524169297304702,0.08073929961089495,0.10196560196560196,0.990319904120955
20.562159319269725,0.08137254901960785,0.10196560196560196,0.9904018520225767
20.600149341234747,0.08137254901960785,0.10196560196560196,0.9904018520225767
20.63813936319977,0.08169291338582677,0.10196560196560196,0.9904428259733874
20.6761293851648,0.08110781404549951,0.10073710073710074,0.9904837999241982
20.71411940712982,0.08067729083665338,0.09950859950859951,0.9905452608504144
20.752109429094844,0.08,0.09828009828009827,0.9905759913135225
20.790099451059874,0.08040201005025126,0.09828009828009827,0.9906272087520359
20.828089473024896,0.08048289738430583,0.09828009828009827,0.9906374522397385
20.86607949498992,0.08097165991902834,0.09828009828009827,0.9906989131659547
20.90406951695494,0.08113590263691683,0.09828009828009827,0.9907194001413602
20.94205953891997,0.0814663951120163,0.09828009828009827,0.9907603740921709
20.980049560884993,0.08077709611451943,0.09705159705159705,0.990791104555279
21.018039582850015,0.08144329896907217,0.09705159705159705,0.9908730524569005
21.056029604815045,0.08195020746887967,0.09705159705159705,0.9909345133831167
21.094019626780067,0.08263598326359832,0.09705159705159705,0.9910164612847382
21.13200964874509,0.08289611752360965,0.09705159705159705,0.9910471917478463
21.16999967071012,0.08307045215562565,0.09705159705159705,0.9910676787232517
21.20798969267514,0.08280254777070063,0.09582309582309582,0.9911496266248733
21.245979714640164,0.08297872340425531,0.09582309582309582,0.9911701136002786
21.283969736605187,0.08315565031982942,0.09582309582309582,0.991190600575684
21.321959758570216,0.08369098712446352,0.09582309582309582,0.9912520615019002
21.35994978053524,0.08423326133909287,0.09582309582309582,0.9913135224281163
21.39793980250026,0.08459869848156182,0.09582309582309582,0.9913544963789271
21.43592982446529,0.08469055374592833,0.09582309582309582,0.9913647398666298
21.473919846430313,0.08524590163934426,0.09582309582309582,0.9914262007928459
21.511909868395335,0.08552631578947369,0.09582309582309582,0.991456931255954
21.549899890360365,0.08609271523178808,0.09582309582309582,0.9915183921821702
21.587889912325387,0.08628318584070796,0.09582309582309582,0.9915388791575755
21.62587993429041,0.08666666666666667,0.09582309582309582,0.9915798531083864
21.663869956255432,0.08603351955307263,0.0945945945945946,0.9916208270591971
21.70185997822046,0.08641975308641975,0.0945945945945946,0.9916618010100079
21.739850000185484,0.08587570621468926,0.09336609336609336,0.9917130184485213
21.777840022150507,0.08626560726447219,0.09336609336609336,0.9917539923993322
21.815830044115536,0.0867579908675799,0.09336609336609336,0.9918052098378456
21.85382006608056,0.0871559633027523,0.09336609336609336,0.9918461837886564
21.89181008804558,0.08725602755453502,0.09336609336609336,0.991856427276359
21.929800110010603,0.08786127167630058,0.09336609336609336,0.9919178882025752
21.967790131975633,0.08847497089639116,0.09336609336609336,0.9919793491287914
22.005780153940655,0.08868144690781797,0.09336609336609336,0.9919998361041967
22.043770175905678,0.08888888888888889,0.09336609336609336,0.9920203230796022
22.081760197870707,0.089728453364817,0.09336609336609336,0.9921022709812237
22.11975021983573,0.089728453364817,0.09336609336609336,0.9921022709812237
22.157740241800752,0.09036860879904875,0.09336609336609336,0.9921637319074399
22.195730263765782,0.08982035928143713,0.09213759213759214,0.9922149493459533
22.233720285730804,0.09014423076923077,0.09213759213759214,0.9922456798090614
22.271710307695827,0.09068923821039904,0.09213759213759214,0.9922968972475749
22.30970032966085,0.09124087591240876,0.09213759213759214,0.9923481146860883
22.34769035162588,0.09135200974421437,0.09213759213759214,0.992358358173791
22.3856803735909,0.09057527539779682,0.09090909090909091,0.9923890886368991
22.423670395555924,0.09079754601226994,0.09090909090909091,0.9924095756123045
22.461660417520953,0.09001233045622688,0.08968058968058969,0.9924403060754126
22.499650439485976,0.09079601990049752,0.08968058968058969,0.9925120104893314
22.537640461450998,0.09125,0.08968058968058969,0.9925529844401422
22.57563048341602,0.09147869674185463,0.08968058968058969,0.9925734714155475
22.61362050538105,0.09182389937106918,0.08968058968058969,0.9926042018786556
22.651610527346072,0.0922882427307206,0.08968058968058969,0.9926451758294664
22.689600549311095,0.09263959390862944,0.08968058968058969,0.9926759062925745
22.727590571276124,0.09230769230769231,0.08845208845208845,0.9927476107064933
22.765580593241147,0.09254498714652956,0.08845208845208845,0.9927680976818988
22.80357061520617,0.09278350515463918,0.08845208845208845,0.9927885846573041
22.8415606371712,0.09350649350649351,0.08845208845208845,0.9928500455835203
22.87955065913622,0.09399477806788512,0.08845208845208845,0.992891019534331
22.917540681101244,0.09448818897637795,0.08845208845208845,0.9929319934851418
22.955530703066266,0.09486166007905138,0.08845208845208845,0.9929627239482499
22.993520725031296,0.09498680738786279,0.08845208845208845,0.9929729674359526
23.031510746996318,0.09536423841059603,0.08845208845208845,0.9930036978990606
23.06950076896134,0.09561752988047809,0.08845208845208845,0.9930241848744661
23.10749079092637,0.09587217043941411,0.08845208845208845,0.9930446718498714
23.145480812891392,0.09612817089452604,0.08845208845208845,0.9930651588252768
23.183470834856415,0.09491978609625669,0.08722358722358722,0.9930651588252768
23.221460856821437,0.09504685408299866,0.08722358722358722,0.9930754023129795
23.259450878786467,0.09421265141318977,0.085995085995086,0.9931061327760876
23.29744090075149,0.0945945945945946,0.085995085995086,0.9931368632391957
23.33543092271651,0.09536784741144415,0.085995085995086,0.9931983241654119
23.37342094468154,0.0958904109589041,0.085995085995086,0.9932392981162226
23.411410966646564,0.09641873278236915,0.085995085995086,0.9932802720670334
23.449400988611586,0.09681881051175657,0.085995085995086,0.9933110025301415
23.487391010576616,0.0970873786407767,0.085995085995086,0.9933314895055468
23.525381032541638,0.09776536312849161,0.085995085995086,0.9933827069440603
23.56337105450666,0.09845288326300984,0.085995085995086,0.9934339243825738
23.601361076471683,0.09859154929577464,0.085995085995086,0.9934441678702765
23.639351098436713,0.09787234042553192,0.08476658476658476,0.9934851418210873
23.677341120401735,0.09829059829059829,0.08476658476658476,0.9935158722841954
23.715331142366757,0.09899569583931134,0.08476658476658476,0.9935670897227088
23.753321164331787,0.09798270893371758,0.08353808353808354,0.9935875766981141
23.79131118629681,0.09840810419681621,0.08353808353808354,0.9936183071612222
23.829301208261832,0.09840810419681621,0.08353808353808354,0.9936183071612222
23.867291230226854,0.09855072463768116,0.08353808353808354,0.993628550648925
23.905281252191884,0.09912536443148688,0.08353808353808354,0.9936695245997357
23.943271274156906,0.097953216374269,0.08230958230958231,0.9936797680874384
23.98126129612193,0.0967741935483871,0.08108108108108109,0.9936900115751411
24.01925131808696,0.09425625920471281,0.07862407862407862,0.9937002550628438
24.05724134005198,0.09453471196454949,0.07862407862407862,0.9937207420382492
24.095231362017003,0.09523809523809523,0.07862407862407862,0.9937719594767627
24.133221383982033,0.095952023988006,0.07862407862407862,0.9938231769152761
24.171211405947055,0.095952023988006,0.07862407862407862,0.9938231769152761
24.209201427912078,0.09337349397590361,0.07616707616707617,0.9938334204029788
24.2471914498771,0.09379727685325265,0.07616707616707617,0.9938641508660869
24.28518147184213,0.0943683409436834,0.07616707616707617,0.9939051248168976
24.323171493807152,0.09312977099236641,0.07493857493857493,0.9939153683046004
24.361161515772174,0.09327217125382263,0.07493857493857493,0.9939256117923031
24.399151537737204,0.0941358024691358,0.07493857493857493,0.9939870727185192
24.437141559702226,0.09457364341085271,0.07493857493857493,0.9940178031816272
24.47513158166725,0.09486780715396578,0.07493857493857493,0.9940382901570327
24.51312160363228,0.09516380655226209,0.07493857493857493,0.9940587771324381
24.5511116255973,0.09561128526645768,0.07493857493857493,0.9940895075955462
24.589101647562323,0.09621451104100946,0.07493857493857493,0.9941304815463569
24.627091669527346,0.09508716323296355,0.07371007371007371,0.9941509685217623
24.665081691492375,0.09508716323296355,0.07371007371007371,0.9941509685217623
24.703071713457398,0.09554140127388536,0.07371007371007371,0.9941816989848704
24.74106173542242,0.09554140127388536,0.07371007371007371,0.9941816989848704
24.77905175738745,0.09584664536741214,0.07371007371007371,0.9942021859602758
24.817041779352472,0.09630818619582665,0.07371007371007371,0.9942329164233839
24.855031801317494,0.0970873786407767,0.07371007371007371,0.9942841338618973
24.893021823282517,0.09771986970684039,0.07371007371007371,0.9943251078127081
24.931011845247546,0.09787928221859707,0.07371007371007371,0.9943353513004107
24.96900186721257,0.09868421052631579,0.07371007371007371,0.9943865687389243
25.00699188917759,0.09735973597359736,0.07248157248157248,0.9943968122266269
25.04498191114262,0.09602649006622517,0.07125307125307126,0.9944070557143296
25.082971933107643,0.09618573797678276,0.07125307125307126,0.9944172992020323
25.120961955072666,0.095,0.07002457002457002,0.9944377861774377
25.158951977037695,0.09515859766277128,0.07002457002457002,0.9944480296651403
25.196941999002718,0.09515859766277128,0.07002457002457002,0.9944480296651403
25.23493202096774,0.09531772575250837,0.07002457002457002,0.9944582731528431
25.272922042932763,0.09531772575250837,0.07002457002457002,0.9944582731528431
25.310912064897792,0.09547738693467336,0.07002457002457002,0.9944685166405458
25.348902086862815,0.09443507588532883,0.0687960687960688,0.9944992471036539
25.386892108827837,0.09322033898305085,0.06756756756756757,0.9945197340790592
25.424882130792867,0.09401709401709402,0.06756756756756757,0.9945709515175727
25.46287215275789,0.09417808219178082,0.06756756756756757,0.9945811950052754
25.50086217472291,0.09417808219178082,0.06756756756756757,0.9945811950052754
25.538852196687934,0.09433962264150944,0.06756756756756757,0.994591438492978
25.576842218652963,0.09482758620689655,0.06756756756756757,0.9946221689560861
25.614832240617986,0.09515570934256055,0.06756756756756757,0.9946426559314916
25.65282226258301,0.09532062391681109,0.06756756756756757,0.9946528994191942
25.690812284548038,0.09565217391304348,0.06756756756756757,0.9946733863945997
25.72880230651306,0.09581881533101046,0.06756756756756757,0.9946836298823023
25.766792328478083,0.09490333919156414,0.06633906633906633,0.9947246038331131
25.804782350443112,0.09347442680776014,0.06511056511056511,0.9947348473208157
25.842772372408135,0.09397163120567376,0.06511056511056511,0.9947655777839238
25.880762394373157,0.09481216457960644,0.06511056511056511,0.9948167952224374
25.91875241633818,0.09584086799276673,0.06511056511056511,0.9948782561486534
25.95674243830321,0.09420289855072464,0.06388206388206388,0.9948782561486534
25.99473246026823,0.09437386569872959,0.06388206388206388,0.9948884996363562
26.032722482233254,0.09272727272727273,0.06265356265356266,0.9948884996363562
26.070712504198283,0.09306569343065693,0.06265356265356266,0.9949089866117615
26.108702526163306,0.09375,0.06265356265356266,0.9949499605625723
26.14669254812833,0.09426987060998152,0.06265356265356266,0.9949806910256804
26.18468257009335,0.09444444444444444,0.06265356265356266,0.9949909345133832
26.22267259205838,0.09514925373134328,0.06265356265356266,0.9950319084641939
26.260662614023403,0.09514925373134328,0.06265356265356266,0.9950319084641939
26.298652635988425,0.09550561797752809,0.06265356265356266,0.9950523954395992
26.336642657953455,0.09416195856873823,0.06142506142506143,0.9950728824150047
26.374632679918477,0.0945179584120983,0.06142506142506143,0.99509336939041
26.4126227018835,0.0928030303030303,0.060196560196560195,0.99509336939041
26.45061272384853,0.0928030303030303,0.060196560196560195,0.99509336939041
26.48860274581355,0.0928030303030303,0.060196560196560195,0.99509336939041
26.526592767778574,0.09108159392789374,0.05896805896805897,0.99509336939041
26.564582789743596,0.09213051823416507,0.05896805896805897,0.9951548303166262
26.602572811708626,0.09230769230769231,0.05896805896805897,0.995165073804329
26.64056283367365,0.09320388349514563,0.05896805896805897,0.9952162912428424
26.67855285563867,0.0935672514619883,0.05896805896805897,0.9952367782182477
26.7165428776037,0.09375,0.05896805896805897,0.9952470217059505
26.754532899568723,0.09393346379647749,0.05896805896805897,0.9952572651936531
26.792522921533745,0.09393346379647749,0.05896805896805897,0.9952572651936531
26.830512943498775,0.09393346379647749,0.05896805896805897,0.9952572651936531
26.868502965463797,0.09393346379647749,0.05896805896805897,0.9952572651936531
26.90649298742882,0.09430255402750491,0.05896805896805897,0.9952777521690586
26.944483009393842,0.09486166007905138,0.05896805896805897,0.9953084826321666
26.98247303135887,0.09523809523809523,0.05896805896805897,0.995328969607572
27.020463053323894,0.09542743538767395,0.05896805896805897,0.9953392130952747
27.058453075288917,0.09561752988047809,0.05896805896805897,0.9953494565829774
27.096443097253946,0.096,0.05896805896805897,0.9953699435583827
27.13443311921897,0.096579476861167,0.05896805896805897,0.9954006740214908
27.17242314118399,0.0967741935483871,0.05896805896805897,0.9954109175091935
27.210413163149013,0.0973630831643002,0.05896805896805897,0.9954416479723016
27.248403185114043,0.09775967413441955,0.05896805896805897,0.995462134947707
27.286393207079065,0.09795918367346938,0.05896805896805897,0.9954723784354097
27.324383229044088,0.09795918367346938,0.05896805896805897,0.9954723784354097
27.362373251009117,0.09836065573770492,0.05896805896805897,0.995492865410815
27.40036327297414,0.09876543209876543,0.05896805896805897,0.9955133523862204
27.438353294939162,0.09917355371900827,0.05896805896805897,0.9955338393616259
27.47634331690419,0.09917355371900827,0.05896805896805897,0.9955338393616259
27.514333338869214,0.0995850622406639,0.05896805896805897,0.9955543263370312
27.552323360834237,0.100418410041841,0.05896805896805897,0.995595300287842
27.59031338279926,0.10062893081761007,0.05896805896805897,0.9956055437755447
27.62830340476429,0.09978768577494693,0.05773955773955774,0.9956567612140582
27.66629342672931,0.10021321961620469,0.05773955773955774,0.9956772481894636
27.704283448694333,0.10042735042735043,0.05773955773955774,0.9956874916771662
27.742273470659363,0.1010752688172043,0.05773955773955774,0.9957182221402743
27.780263492624385,0.1019522776572668,0.05773955773955774,0.9957591960910851
27.818253514589408,0.10262008733624454,0.05773955773955774,0.9957899265541932
27.85624353655443,0.1013215859030837,0.056511056511056514,0.9958206570173013
27.89423355851946,0.10199556541019955,0.056511056511056514,0.9958513874804094
27.932223580484482,0.1,0.05528255528255528,0.9958513874804094
27.970213602449505,0.10044642857142858,0.05528255528255528,0.9958718744558147
28.008203624414534,0.10089686098654709,0.05528255528255528,0.9958923614312201
28.046193646379557,0.10180995475113122,0.05528255528255528,0.9959333353820309
28.08418366834458,0.10227272727272728,0.05528255528255528,0.9959538223574362
28.12217369030961,0.10068649885583524,0.05405405405405406,0.9959743093328417
28.16016371227463,0.10091743119266056,0.05405405405405406,0.9959845528205443
28.198153734239654,0.10114942528735632,0.05405405405405406,0.995994796308247
28.236143756204676,0.10138248847926268,0.05405405405405406,0.9960050397959497
28.274133778169706,0.09953703703703703,0.052825552825552825,0.9960152832836524
28.312123800134728,0.10023310023310024,0.052825552825552825,0.9960460137467605
28.35011382209975,0.09813084112149532,0.051597051597051594,0.9960460137467605
28.38810384406478,0.09813084112149532,0.051597051597051594,0.9960460137467605
28.426093866029802,0.0988235294117647,0.051597051597051594,0.9960767442098686
28.464083887994825,0.0997624703087886,0.051597051597051594,0.9961177181606794
28.502073909959847,0.0997624703087886,0.051597051597051594,0.9961177181606794
28.540063931924877,0.1,0.051597051597051594,0.996127961648382
28.5780539538899,0.10023866348448687,0.051597051597051594,0.9961382051360848
28.61604397585492,0.10023866348448687,0.051597051597051594,0.9961382051360848
28.65403399781995,0.10023866348448687,0.051597051597051594,0.9961382051360848
28.692024019784974,0.10047846889952153,0.051597051597051594,0.9961484486237874
28.730014041749996,0.10096153846153846,0.051597051597051594,0.9961689355991928
28.768004063715026,0.10096153846153846,0.051597051597051594,0.9961689355991928
28.805994085680048,0.10144927536231885,0.051597051597051594,0.9961894225745982
28.84398410764507,0.10144927536231885,0.051597051597051594,0.9961894225745982
28.881974129610093,0.10194174757281553,0.051597051597051594,0.9962099095500035
28.919964151575122,0.10218978102189781,0.051597051597051594,0.9962201530377063
28.957954173540145,0.10024449877750612,0.05036855036855037,0.996230396525409
28.995944195505167,0.10049019607843138,0.05036855036855037,0.9962406400131116
29.033934217470197,0.10049019607843138,0.05036855036855037,0.9962406400131116
29.07192423943522,0.10098522167487685,0.05036855036855037,0.9962611269885171
29.10991426140024,0.09925558312655088,0.04914004914004914,0.9962816139639225
29.147904283365264,0.1,0.04914004914004914,0.9963123444270305
29.185894305330294,0.10025062656641603,0.04914004914004914,0.9963225879147332
29.223884327295316,0.10075566750629723,0.04914004914004914,0.9963430748901386
29.26187434926034,0.10101010101010101,0.04914004914004914,0.9963533183778412
29.299864371225368,0.10126582278481013,0.04914004914004914,0.996363561865544
29.33785439319039,0.10152284263959391,0.04914004914004914,0.9963738053532467
29.375844415155413,0.10204081632653061,0.04914004914004914,0.9963942923286521
29.413834437120443,0.10256410256410256,0.04914004914004914,0.9964147793040574
29.451824459085465,0.10282776349614396,0.04914004914004914,0.9964250227917602
29.489814481050487,0.10309278350515463,0.04914004914004914,0.9964352662794629
29.52780450301551,0.10103626943005181,0.04791154791154791,0.9964455097671655
29.56579452498054,0.1015625,0.04791154791154791,0.9964659967425709
29.603784546945562,0.10209424083769633,0.04791154791154791,0.9964864837179763
29.641774568910584,0.10052910052910052,0.04668304668304668,0.9965172141810844
29.679764590875614,0.10052910052910052,0.04668304668304668,0.9965172141810844
29.717754612840636,0.10079575596816977,0.04668304668304668,0.996527457668787
29.75574463480566,0.10079575596816977,0.04668304668304668,0.996527457668787
29.793734656770688,0.10079575596816977,0.04668304668304668,0.996527457668787
29.83172467873571,0.10160427807486631,0.04668304668304668,0.9965581881318951
29.869714700700733,0.10160427807486631,0.04668304668304668,0.9965581881318951
29.907704722665756,0.1002710027100271,0.045454545454545456,0.9965991620827059
29.945694744630785,0.1002710027100271,0.045454545454545456,0.9965991620827059
29.983684766595808,0.1002710027100271,0.045454545454545456,0.9965991620827059
30.02167478856083,0.1002710027100271,0.045454545454545456,0.9965991620827059
30.05966481052586,0.10054347826086957,0.045454545454545456,0.9966094055704086
30.097654832490882,0.09809264305177112,0.044226044226044224,0.9966094055704086
30.135644854455904,0.09809264305177112,0.044226044226044224,0.9966094055704086
30.173634876420927,0.09863013698630137,0.044226044226044224,0.996629892545814
30.211624898385956,0.09615384615384616,0.042997542997543,0.996629892545814
30.24961492035098,0.09668508287292818,0.042997542997543,0.9966503795212194
30.287604942316,0.09722222222222222,0.042997542997543,0.9966708664966247
30.32559496428103,0.09776536312849161,0.042997542997543,0.9966913534720302
30.363584986246053,0.09803921568627451,0.042997542997543,0.9967015969597328
30.401575008211076,0.09803921568627451,0.042997542997543,0.9967015969597328
30.439565030176105,0.09859154929577464,0.042997542997543,0.9967220839351383
30.477555052141128,0.09686609686609686,0.04176904176904177,0.9967528143982464
30.51554507410615,0.09714285714285714,0.04176904176904177,0.996763057885949
30.553535096071172,0.09455587392550144,0.04054054054054054,0.996763057885949
30.591525118036202,0.09455587392550144,0.04054054054054054,0.996763057885949
30.629515140001224,0.09455587392550144,0.04054054054054054,0.996763057885949
30.667505161966247,0.09482758620689655,0.04054054054054054,0.9967733013736517
30.705495183931276,0.09510086455331412,0.04054054054054054,0.9967835448613543
30.7434852058963,0.09510086455331412,0.04054054054054054,0.9967835448613543
30.78147522786132,0.0953757225433526,0.04054054054054054,0.9967937883490571
30.819465249826344,0.09565217391304348,0.04054054054054054,0.9968040318367598
30.857455271791373,0.09649122807017543,0.04054054054054054,0.9968347622998679
30.895445293756396,0.09649122807017543,0.04054054054054054,0.9968347622998679
30.933435315721418,0.0967741935483871,0.04054054054054054,0.9968450057875705
30.971425337686448,0.09734513274336283,0.04054054054054054,0.996865492762976
31.00941535965147,0.09734513274336283,0.04054054054054054,0.996865492762976
31.047405381616493,0.09763313609467456,0.04054054054054054,0.9968757362506786
31.085395403581522,0.09495548961424333,0.03931203931203931,0.9968757362506786
31.123385425546545,0.0955223880597015,0.03931203931203931,0.9968962232260841
31.161375447511567,0.0960960960960961,0.03931203931203931,0.9969167102014894
31.19936546947659,0.09667673716012085,0.03931203931203931,0.9969371971768948
31.23735549144162,0.09451219512195122,0.038083538083538086,0.9969576841523001
31.27534551340664,0.09480122324159021,0.038083538083538086,0.9969679276400029
31.313335535371664,0.09480122324159021,0.038083538083538086,0.9969679276400029
31.351325557336693,0.09287925696594428,0.036855036855036855,0.996998658103111
31.389315579301716,0.09345794392523364,0.036855036855036855,0.9970191450785163
31.427305601266738,0.09345794392523364,0.036855036855036855,0.9970191450785163
31.46529562323176,0.09375,0.036855036855036855,0.997029388566219
31.50328564519679,0.09433962264150944,0.036855036855036855,0.9970498755416244
31.541275667161813,0.09433962264150944,0.036855036855036855,0.9970498755416244
31.579265689126835,0.09177215189873418,0.03562653562653563,0.9970601190293271
31.617255711091865,0.0926517571884984,0.03562653562653563,0.9970908494924352
31.655245733056887,0.09294871794871795,0.03562653562653563,0.9971010929801378
31.69323575502191,0.09294871794871795,0.03562653562653563,0.9971010929801378
31.73122577698694,0.09294871794871795,0.03562653562653563,0.9971010929801378
31.76921579895196,0.0932475884244373,0.03562653562653563,0.9971113364678406
31.807205820916984,0.09385113268608414,0.03562653562653563,0.9971318234432459
31.845195842882006,0.09385113268608414,0.03562653562653563,0.9971318234432459
31.883185864847036,0.09385113268608414,0.03562653562653563,0.9971318234432459
31.92117588681206,0.09477124183006536,0.03562653562653563,0.997162553906354
31.95916590877708,0.09539473684210527,0.03562653562653563,0.9971830408817595
31.99715593074211,0.09570957095709572,0.03562653562653563,0.9971932843694621
32.03514595270713,0.09797297297297297,0.03562653562653563,0.997264988783381
32.073135974672155,0.09797297297297297,0.03562653562653563,0.997264988783381
32.11112599663718,0.09830508474576272,0.03562653562653563,0.9972752322710836
32.14911601860221,0.09830508474576272,0.03562653562653563,0.9972752322710836
32.18710604056723,0.09523809523809523,0.0343980343980344,0.9972752322710836
32.22509606253225,0.09278350515463918,0.033169533169533166,0.9972957192464891
32.26308608449728,0.09310344827586207,0.033169533169533166,0.9973059627341917
32.301076106462304,0.09027777777777778,0.03194103194103194,0.9973162062218944
32.339066128427326,0.09059233449477352,0.03194103194103194,0.9973264497095972
32.377056150392356,0.09090909090909091,0.03194103194103194,0.9973366931972998
32.41504617235738,0.0912280701754386,0.03194103194103194,0.9973469366850025
32.4530361943224,0.09187279151943463,0.03194103194103194,0.9973674236604079
32.49102621628742,0.09285714285714286,0.03194103194103194,0.997398154123516
32.52901623825245,0.09352517985611511,0.03194103194103194,0.9974186410989213
32.567006260217475,0.09352517985611511,0.03194103194103194,0.9974186410989213
32.6049962821825,0.09057971014492754,0.030712530712530713,0.997428884586624
32.64298630414753,0.09124087591240876,0.030712530712530713,0.9974493715620294
32.68097632611255,0.09124087591240876,0.030712530712530713,0.9974493715620294
32.71896634807757,0.09191176470588236,0.030712530712530713,0.9974698585374349
32.7569563700426,0.09191176470588236,0.030712530712530713,0.9974698585374349
32.794946392007624,0.09225092250922509,0.030712530712530713,0.9974801020251375
32.83293641397265,0.09225092250922509,0.030712530712530713,0.9974801020251375
32.87092643593767,0.09225092250922509,0.030712530712530713,0.9974801020251375
32.9089164579027,0.09259259259259259,0.030712530712530713,0.9974903455128402
32.94690647986772,0.09293680297397769,0.030712530712530713,0.997500589000543
32.98489650183274,0.09328358208955224,0.030712530712530713,0.9975108324882456
33.02288652379777,0.09363295880149813,0.030712530712530713,0.9975210759759483
33.060876545762795,0.09398496240601503,0.030712530712530713,0.997531319463651
33.09886656772782,0.09398496240601503,0.030712530712530713,0.997531319463651
33.13685658969284,0.09505703422053231,0.030712530712530713,0.997562049926759
33.17484661165787,0.09505703422053231,0.030712530712530713,0.997562049926759
33.21283663362289,0.09541984732824428,0.030712530712530713,0.9975722934144617
33.250826655587915,0.09578544061302682,0.030712530712530713,0.9975825369021645
33.288816677552944,0.09615384615384616,0.030712530712530713,0.9975927803898671
33.32680669951797,0.09652509652509653,0.030712530712530713,0.9976030238775698
33.36479672148299,0.0933852140077821,0.029484029484029485,0.9976132673652726
33.40278674344802,0.0933852140077821,0.029484029484029485,0.9976132673652726
33.44077676541304,0.09019607843137255,0.028255528255528257,0.9976235108529752
33.47876678737806,0.09090909090909091,0.028255528255528257,0.9976439978283806
33.516756809343086,0.09090909090909091,0.028255528255528257,0.9976439978283806
33.554746831308115,0.09126984126984126,0.028255528255528257,0.9976542413160833
33.59273685327314,0.092,0.028255528255528257,0.9976747282914887
33.63072687523816,0.09236947791164658,0.028255528255528257,0.9976849717791914
33.66871689720319,0.09236947791164658,0.028255528255528257,0.9976849717791914
33.70670691916821,0.0931174089068826,0.028255528255528257,0.9977054587545968
33.744696941133235,0.09349593495934959,0.028255528255528257,0.9977157022422994
33.78268696309826,0.09465020576131687,0.028255528255528257,0.9977464327054075
33.82067698506329,0.09504132231404959,0.028255528255528257,0.9977566761931103
33.85866700702831,0.0954356846473029,0.028255528255528257,0.9977669196808129
33.89665702899333,0.09166666666666666,0.02702702702702703,0.9977669196808129
33.93464705095836,0.09205020920502092,0.02702702702702703,0.9977771631685156
33.97263707292338,0.09205020920502092,0.02702702702702703,0.9977771631685156
34.010627094888406,0.09205020920502092,0.02702702702702703,0.9977771631685156
34.048617116853436,0.09243697478991597,0.02702702702702703,0.9977874066562183
34.08660713881846,0.09282700421940929,0.02702702702702703,0.997797650143921
34.12459716078348,0.09322033898305085,0.02702702702702703,0.9978078936316237
34.1625871827485,0.09361702127659574,0.02702702702702703,0.9978181371193264
34.20057720471353,0.09051724137931035,0.025798525798525797,0.9978386240947318
34.238567226678555,0.09051724137931035,0.025798525798525797,0.9978386240947318
34.27655724864358,0.09051724137931035,0.025798525798525797,0.9978386240947318
34.31454727060861,0.08695652173913043,0.02457002457002457,0.9978488675824345
34.35253729257363,0.08733624454148471,0.02457002457002457,0.9978591110701371
34.39052731453865,0.08520179372197309,0.02334152334152334,0.9979103285086506
34.428517336503674,0.08636363636363636,0.02334152334152334,0.9979410589717587
34.466507358468704,0.0867579908675799,0.02334152334152334,0.9979513024594614
34.504497380433726,0.0867579908675799,0.02334152334152334,0.9979513024594614
34.54248740239875,0.0867579908675799,0.02334152334152334,0.9979513024594614
34.58047742436378,0.0871559633027523,0.02334152334152334,0.9979615459471641
34.6184674463288,0.08837209302325581,0.02334152334152334,0.9979922764102722
34.65645746829382,0.08878504672897196,0.02334152334152334,0.9980025198979748
34.69444749025885,0.08530805687203792,0.022113022113022112,0.9980230068733803
34.732437512223875,0.08653846153846154,0.022113022113022112,0.9980537373364883
34.7704275341889,0.08695652173913043,0.022113022113022112,0.998063980824191
34.80841755615392,0.08737864077669903,0.022113022113022112,0.9980742243118937
34.84640757811895,0.08415841584158416,0.020884520884520884,0.9981049547750018
34.88439760008397,0.085,0.020884520884520884,0.9981254417504072
34.922387622048994,0.085,0.020884520884520884,0.9981254417504072
34.960377644014024,0.085,0.020884520884520884,0.9981254417504072
34.998367665979046,0.08542713567839195,0.020884520884520884,0.9981356852381099
35.03635768794407,0.08585858585858586,0.020884520884520884,0.9981459287258125
35.0743477099091,0.08585858585858586,0.020884520884520884,0.9981459287258125
35.11233773187412,0.08585858585858586,0.020884520884520884,0.9981459287258125
35.15032775383914,0.08629441624365482,0.020884520884520884,0.9981561722135153
35.188317775804165,0.08629441624365482,0.020884520884520884,0.9981561722135153
35.226307797769195,0.08673469387755102,0.020884520884520884,0.998166415701218
35.26429781973422,0.08762886597938144,0.020884520884520884,0.9981869026766234
35.30228784169924,0.08762886597938144,0.020884520884520884,0.9981869026766234
35.34027786366427,0.08808290155440414,0.020884520884520884,0.998197146164326
35.37826788562929,0.08808290155440414,0.020884520884520884,0.998197146164326
35.416257907594314,0.08808290155440414,0.020884520884520884,0.998197146164326
35.45424792955934,0.08854166666666667,0.020884520884520884,0.9982073896520287
35.492237951524366,0.08854166666666667,0.020884520884520884,0.9982073896520287
35.53022797348939,0.08854166666666667,0.020884520884520884,0.9982073896520287
35.56821799545441,0.08854166666666667,0.020884520884520884,0.9982073896520287
35.60620801741944,0.08854166666666667,0.020884520884520884,0.9982073896520287
35.64419803938446,0.08900523560209424,0.020884520884520884,0.9982176331397314
35.682188061349486,0.08900523560209424,0.020884520884520884,0.9982176331397314
35.720178083314515,0.08994708994708994,0.020884520884520884,0.9982381201151368
35.75816810527954,0.09042553191489362,0.020884520884520884,0.9982483636028395
35.79615812724456,0.0913978494623656,0.020884520884520884,0.9982688505782449
35.83414814920958,0.08695652173913043,0.019656019656019656,0.9982790940659476
35.87213817117461,0.08695652173913043,0.019656019656019656,0.9982790940659476
35.910128193139634,0.08196721311475409,0.018427518427518427,0.9982790940659476
35.94811821510466,0.08241758241758242,0.018427518427518427,0.9982893375536502
35.986108237069686,0.08241758241758242,0.018427518427518427,0.9982893375536502
36.02409825903471,0.08287292817679558,0.018427518427518427,0.998299581041353
36.06208828099973,0.08287292817679558,0.018427518427518427,0.998299581041353
36.100078302964754,0.08287292817679558,0.018427518427518427,0.998299581041353
36.13806832492978,0.08379888268156424,0.018427518427518427,0.9983200680167583
36.176058346894806,0.08379888268156424,0.018427518427518427,0.9983200680167583
36.21404836885983,0.08426966292134831,0.018427518427518427,0.998330311504461
36.25203839082486,0.08426966292134831,0.018427518427518427,0.998330311504461
36.29002841278988,0.0847457627118644,0.018427518427518427,0.9983405549921638
36.3280184347549,0.07954545454545454,0.0171990171990172,0.9983405549921638
36.36600845671993,0.07954545454545454,0.0171990171990172,0.9983405549921638
36.403998478684954,0.08,0.0171990171990172,0.9983507984798664
36.44198850064998,0.08045977011494253,0.0171990171990172,0.9983610419675691
36.479978522615,0.08139534883720931,0.0171990171990172,0.9983815289429745
36.51796854458003,0.08187134502923976,0.0171990171990172,0.9983917724306772
36.55595856654505,0.08284023668639054,0.0171990171990172,0.9984122594060826
36.593948588510074,0.08383233532934131,0.0171990171990172,0.9984327463814879
36.6319386104751,0.08383233532934131,0.0171990171990172,0.9984327463814879
36.669928632440126,0.08433734939759036,0.0171990171990172,0.9984429898691907
36.70791865440515,0.08484848484848485,0.0171990171990172,0.9984532333568934
36.74590867637017,0.08588957055214724,0.0171990171990172,0.9984737203322988
36.7838986983352,0.08588957055214724,0.0171990171990172,0.9984737203322988
36.82188872030022,0.08588957055214724,0.0171990171990172,0.9984737203322988
36.859878742265245,0.08588957055214724,0.0171990171990172,0.9984737203322988
36.897868764230275,0.08641975308641975,0.0171990171990172,0.9984839638200015
36.9358587861953,0.08641975308641975,0.0171990171990172,0.9984839638200015
36.97384880816032,0.08695652173913043,0.0171990171990172,0.9984942073077041
37.01183883012535,0.08695652173913043,0.0171990171990172,0.9984942073077041
37.04982885209037,0.08695652173913043,0.0171990171990172,0.9984942073077041
37.087818874055394,0.0875,0.0171990171990172,0.9985044507954068
37.125808896020416,0.08860759493670886,0.0171990171990172,0.9985249377708122
37.163798917985446,0.08917197452229299,0.0171990171990172,0.9985351812585149
37.20178893995047,0.08974358974358974,0.0171990171990172,0.9985454247462175
37.23977896191549,0.08974358974358974,0.0171990171990172,0.9985454247462175
37.27776898388052,0.09032258064516129,0.0171990171990172,0.9985556682339203
37.31575900584554,0.08441558441558442,0.01597051597051597,0.9985556682339203
37.353749027810565,0.08496732026143791,0.01597051597051597,0.998565911721623
37.39173904977559,0.08666666666666667,0.01597051597051597,0.9985966421847311
37.42972907174062,0.08666666666666667,0.01597051597051597,0.9985966421847311
37.46771909370564,0.08783783783783784,0.01597051597051597,0.9986171291601365
37.50570911567066,0.0896551724137931,0.01597051597051597,0.9986478596232445
37.54369913763569,0.0896551724137931,0.01597051597051597,0.9986478596232445
37.581689159600714,0.0896551724137931,0.01597051597051597,0.9986478596232445
37.619679181565736,0.09090909090909091,0.01597051597051597,0.9986683465986499
37.657669203530766,0.09090909090909091,0.01597051597051597,0.9986683465986499
37.69565922549579,0.09090909090909091,0.01597051597051597,0.9986683465986499
37.73364924746081,0.09090909090909091,0.01597051597051597,0.9986683465986499
37.77163926942583,0.09154929577464789,0.01597051597051597,0.9986785900863526
37.80962929139086,0.09219858156028368,0.01597051597051597,0.9986888335740552
37.847619313355885,0.09352517985611511,0.01597051597051597,0.9987093205494607
37.88560933532091,0.08759124087591241,0.014742014742014743,0.9987195640371633
37.92359935728594,0.08888888888888889,0.014742014742014743,0.9987400510125688
37.96158937925096,0.09022556390977443,0.014742014742014743,0.9987605379879742
37.99957940121598,0.09022556390977443,0.014742014742014743,0.9987605379879742
38.03756942318101,0.09022556390977443,0.014742014742014743,0.9987605379879742
38.075559445146034,0.09022556390977443,0.014742014742014743,0.9987605379879742
38.113549467111056,0.09090909090909091,0.014742014742014743,0.9987707814756769
38.15153948907608,0.0916030534351145,0.014742014742014743,0.9987810249633795
38.18952951104111,0.0916030534351145,0.014742014742014743,0.9987810249633795
38.22751953300613,0.0916030534351145,0.014742014742014743,0.9987810249633795
38.26550955497115,0.0916030534351145,0.014742014742014743,0.9987810249633795
38.30349957693618,0.0916030534351145,0.014742014742014743,0.9987810249633795
38.341489598901205,0.0916030534351145,0.014742014742014743,0.9987810249633795
38.37947962086623,0.09302325581395349,0.014742014742014743,0.998801511938785
38.41746964283125,0.09302325581395349,0.014742014742014743,0.998801511938785
38.45545966479628,0.09448818897637795,0.014742014742014743,0.9988219989141903
38.4934496867613,0.09448818897637795,0.014742014742014743,0.9988219989141903
38.531439708726325,0.09448818897637795,0.014742014742014743,0.9988219989141903
38.569429730691354,0.09523809523809523,0.014742014742014743,0.998832242401893
38.60741975265638,0.09523809523809523,0.014742014742014743,0.998832242401893
38.6454097746214,0.09523809523809523,0.014742014742014743,0.998832242401893
38.68339979658643,0.09523809523809523,0.014742014742014743,0.998832242401893
38.72138981855145,0.09523809523809523,0.014742014742014743,0.998832242401893
38.75937984051647,0.0967741935483871,0.014742014742014743,0.9988527293772984
38.797369862481496,0.0967741935483871,0.014742014742014743,0.9988527293772984
38.835359884446525,0.0967741935483871,0.014742014742014743,0.9988527293772984
38.87334990641155,0.0975609756097561,0.014742014742014743,0.998862972865001
38.91133992837657,0.09836065573770492,0.014742014742014743,0.9988732163527038
38.9493299503416,0.09836065573770492,0.014742014742014743,0.9988732163527038
38.98731997230662,0.09917355371900827,0.014742014742014743,0.9988834598404065
39.025309994271645,0.09166666666666666,0.013513513513513514,0.9988834598404065
39.06330001623667,0.09243697478991597,0.013513513513513514,0.9988937033281091
39.1012900382017,0.09243697478991597,0.013513513513513514,0.9988937033281091
39.13928006016672,0.09322033898305085,0.013513513513513514,0.9989039468158118
39.17727008213174,0.09401709401709402,0.013513513513513514,0.9989141903035146
39.21526010409677,0.09482758620689655,0.013513513513513514,0.9989244337912172
39.25325012606179,0.09482758620689655,0.013513513513513514,0.9989244337912172
39.291240148026816,0.09482758620689655,0.013513513513513514,0.9989244337912172
39.329230169991845,0.09649122807017543,0.013513513513513514,0.9989449207666227
39.36722019195687,0.09734513274336283,0.013513513513513514,0.9989551642543253
39.40521021392189,0.09734513274336283,0.013513513513513514,0.9989551642543253
39.44320023588691,0.08928571428571429,0.012285012285012284,0.9989551642543253
39.48119025785194,0.08928571428571429,0.012285012285012284,0.9989551642543253
39.519180279816965,0.08108108108108109,0.011056511056511056,0.9989551642543253
39.55717030178199,0.08108108108108109,0.011056511056511056,0.9989551642543253
39.59516032374702,0.08108108108108109,0.011056511056511056,0.9989551642543253
39.63315034571204,0.08108108108108109,0.011056511056511056,0.9989551642543253
39.67114036767706,0.08108108108108109,0.011056511056511056,0.9989551642543253
39.709130389642084,0.08108108108108109,0.011056511056511056,0.9989551642543253
39.74712041160711,0.08108108108108109,0.011056511056511056,0.9989551642543253
39.785110433572136,0.08256880733944955,0.011056511056511056,0.9989756512297306
39.82310045553716,0.08333333333333333,0.011056511056511056,0.9989858947174334
39.86109047750219,0.08411214953271028,0.011056511056511056,0.9989961382051361
39.89908049946721,0.08411214953271028,0.011056511056511056,0.9989961382051361
39.93707052143223,0.08490566037735849,0.011056511056511056,0.9990063816928387
39.97506054339726,0.08571428571428572,0.011056511056511056,0.9990166251805415
40.013050565362285,0.08571428571428572,0.011056511056511056,0.9990166251805415
40.05104058732731,0.08653846153846154,0.011056511056511056,0.9990268686682442
40.08903060929233,0.08653846153846154,0.011056511056511056,0.9990268686682442
40.12702063125736,0.08653846153846154,0.011056511056511056,0.9990268686682442
40.16501065322238,0.08653846153846154,0.011056511056511056,0.9990268686682442
40.203000675187404,0.08737864077669903,0.011056511056511056,0.9990371121559468
40.240990697152434,0.08737864077669903,0.011056511056511056,0.9990371121559468
40.278980719117456,0.08823529411764706,0.011056511056511056,0.9990473556436495
40.31697074108248,0.0891089108910891,0.011056511056511056,0.9990575991313523
40.3549607630475,0.0891089108910891,0.011056511056511056,0.9990575991313523
40.39295078501253,0.0891089108910891,0.011056511056511056,0.9990575991313523
40.43094080697755,0.0891089108910891,0.011056511056511056,0.9990575991313523
40.468930828942575,0.0891089108910891,0.011056511056511056,0.9990575991313523
40.506920850907605,0.09,0.011056511056511056,0.9990678426190549
40.54491087287263,0.09090909090909091,0.011056511056511056,0.9990780861067576
40.58290089483765,0.09090909090909091,0.011056511056511056,0.9990780861067576
40.62089091680268,0.09090909090909091,0.011056511056511056,0.9990780861067576
40.6588809387677,0.09090909090909091,0.011056511056511056,0.9990780861067576
40.696870960732724,0.08163265306122448,0.009828009828009828,0.9990780861067576
40.73486098269775,0.08247422680412371,0.009828009828009828,0.9990883295944604
40.772851004662776,0.08333333333333333,0.009828009828009828,0.999098573082163
40.8108410266278,0.08333333333333333,0.009828009828009828,0.999098573082163
40.84883104859282,0.08421052631578947,0.009828009828009828,0.9991088165698657
40.88682107055785,0.08421052631578947,0.009828009828009828,0.9991088165698657
40.92481109252287,0.08421052631578947,0.009828009828009828,0.9991088165698657
40.962801114487895,0.08421052631578947,0.009828009828009828,0.9991088165698657
41.000791136452925,0.08421052631578947,0.009828009828009828,0.9991088165698657
41.03878115841795,0.08421052631578947,0.009828009828009828,0.9991088165698657
41.07677118038297,0.08421052631578947,0.009828009828009828,0.9991088165698657
41.11476120234799,0.0851063829787234,0.009828009828009828,0.9991190600575685
41.15275122431302,0.0851063829787234,0.009828009828009828,0.9991190600575685
41.190741246278044,0.0851063829787234,0.009828009828009828,0.9991190600575685
41.22873126824307,0.08695652173913043,0.009828009828009828,0.9991395470329738
41.266721290208096,0.08695652173913043,0.009828009828009828,0.9991395470329738
41.30471131217312,0.08791208791208792,0.009828009828009828,0.9991497905206764
41.34270133413814,0.0898876404494382,0.009828009828009828,0.9991702774960819
41.38069135610316,0.0898876404494382,0.009828009828009828,0.9991702774960819
41.41868137806819,0.09090909090909091,0.009828009828009828,0.9991805209837845
41.456671400033215,0.09090909090909091,0.009828009828009828,0.9991805209837845
41.49466142199824,0.09090909090909091,0.009828009828009828,0.9991805209837845
41.53265144396327,0.09090909090909091,0.009828009828009828,0.9991805209837845
41.57064146592829,0.09090909090909091,0.009828009828009828,0.9991805209837845
41.60863148789331,0.09195402298850575,0.009828009828009828,0.9991907644714872
41.64662150985834,0.09411764705882353,0.009828009828009828,0.9992112514468926
41.684611531823364,0.09411764705882353,0.009828009828009828,0.9992112514468926
41.72260155378839,0.09411764705882353,0.009828009828009828,0.9992112514468926
41.76059157575341,0.09411764705882353,0.009828009828009828,0.9992112514468926
41.79858159771844,0.09411764705882353,0.009828009828009828,0.9992112514468926
41.83657161968346,0.0963855421686747,0.009828009828009828,0.9992317384222981
41.874561641648484,0.0963855421686747,0.009828009828009828,0.9992317384222981
41.91255166361351,0.0963855421686747,0.009828009828009828,0.9992317384222981
41.950541685578536,0.1,0.009828009828009828,0.9992624688854062
41.98853170754356,0.1,0.009828009828009828,0.9992624688854062
42.02652172950858,0.1,0.009828009828009828,0.9992624688854062
42.06451175147361,0.1,0.009828009828009828,0.9992624688854062
42.10250177343863,0.1,0.009828009828009828,0.9992624688854062
42.140491795403655,0.1,0.009828009828009828,0.9992624688854062
42.178481817368684,0.08974358974358974,0.0085995085995086,0.9992727123731088
42.21647183933371,0.09210526315789473,0.0085995085995086,0.9992931993485141
42.25446186129873,0.09210526315789473,0.0085995085995086,0.9992931993485141
42.29245188326376,0.09333333333333334,0.0085995085995086,0.9993034428362169
42.33044190522878,0.09333333333333334,0.0085995085995086,0.9993034428362169
42.368431927193804,0.0958904109589041,0.0085995085995086,0.9993239298116222
42.406421949158826,0.0958904109589041,0.0085995085995086,0.9993239298116222
42.444411971123856,0.09722222222222222,0.0085995085995086,0.999334173299325
42.48240199308888,0.09722222222222222,0.0085995085995086,0.999334173299325
42.5203920150539,0.09722222222222222,0.0085995085995086,0.999334173299325
42.55838203701893,0.09859154929577464,0.0085995085995086,0.9993444167870277
42.59637205898395,0.09859154929577464,0.0085995085995086,0.9993444167870277
42.634362080948975,0.1,0.0085995085995086,0.9993546602747303
42.672352102914,0.08695652173913043,0.007371007371007371,0.9993546602747303
42.71034212487903,0.08695652173913043,0.007371007371007371,0.9993546602747303
42.74833214684405,0.08695652173913043,0.007371007371007371,0.9993546602747303
42.78632216880907,0.08823529411764706,0.007371007371007371,0.999364903762433
42.8243121907741,0.08823529411764706,0.007371007371007371,0.999364903762433
42.862302212739124,0.08955223880597014,0.007371007371007371,0.9993751472501358
42.900292234704146,0.09090909090909091,0.007371007371007371,0.9993853907378384
42.938282256669176,0.09090909090909091,0.007371007371007371,0.9993853907378384
42.9762722786342,0.09090909090909091,0.007371007371007371,0.9993853907378384
43.01426230059922,0.09230769230769231,0.007371007371007371,0.9993956342255411
43.05225232256424,0.09375,0.007371007371007371,0.9994058777132439
43.09024234452927,0.09375,0.007371007371007371,0.9994058777132439
43.128232366494295,0.09375,0.007371007371007371,0.9994058777132439
43.16622238845932,0.09375,0.007371007371007371,0.9994058777132439
43.20421241042435,0.09375,0.007371007371007371,0.9994058777132439
43.24220243238937,0.09375,0.007371007371007371,0.9994058777132439
43.28019245435439,0.09375,0.007371007371007371,0.9994058777132439
43.318182476319414,0.09375,0.007371007371007371,0.9994058777132439
43.356172498284444,0.08196721311475409,0.006142506142506142,0.9994263646886492
43.394162520249466,0.08196721311475409,0.006142506142506142,0.9994263646886492
43.43215254221449,0.08196721311475409,0.006142506142506142,0.9994263646886492
43.47014256417952,0.08196721311475409,0.006142506142506142,0.9994263646886492
43.50813258614454,0.08196721311475409,0.006142506142506142,0.9994263646886492
43.54612260810956,0.08196721311475409,0.006142506142506142,0.9994263646886492
43.58411263007459,0.08196721311475409,0.006142506142506142,0.9994263646886492
43.622102652039615,0.08333333333333333,0.006142506142506142,0.9994366081763519
43.66009267400464,0.08333333333333333,0.006142506142506142,0.9994366081763519
43.69808269596966,0.0847457627118644,0.006142506142506142,0.9994468516640546
43.73607271793469,0.0847457627118644,0.006142506142506142,0.9994468516640546
43.77406273989971,0.0847457627118644,0.006142506142506142,0.9994468516640546
43.812052761864734,0.08620689655172414,0.006142506142506142,0.9994570951517573
43.850042783829764,0.08620689655172414,0.006142506142506142,0.9994570951517573
43.888032805794786,0.08620689655172414,0.006142506142506142,0.9994570951517573
43.92602282775981,0.07142857142857142,0.004914004914004914,0.9994673386394599
43.96401284972484,0.07272727272727272,0.004914004914004914,0.9994775821271626
44.00200287168986,0.07272727272727272,0.004914004914004914,0.9994775821271626
44.03999289365488,0.07272727272727272,0.004914004914004914,0.9994775821271626
44.077982915619906,0.07547169811320754,0.004914004914004914,0.999498069102568
44.115972937584935,0.07547169811320754,0.004914004914004914,0.999498069102568
44.15396295954996,0.07547169811320754,0.004914004914004914,0.999498069102568
44.19195298151498,0.07547169811320754,0.004914004914004914,0.999498069102568
44.22994300348001,0.07692307692307693,0.004914004914004914,0.9995083125902707
44.26793302544503,0.07692307692307693,0.004914004914004914,0.9995083125902707
44.305923047410054,0.07692307692307693,0.004914004914004914,0.9995083125902707
44.34391306937508,0.0784313725490196,0.004914004914004914,0.9995185560779735
44.38190309134011,0.0784313725490196,0.004914004914004914,0.9995185560779735
44.41989311330513,0.08,0.004914004914004914,0.9995287995656761
44.45788313527015,0.08,0.004914004914004914,0.9995287995656761
44.49587315723518,0.08163265306122448,0.004914004914004914,0.9995390430533788
44.5338631792002,0.08333333333333333,0.004914004914004914,0.9995492865410815
44.571853201165226,0.08695652173913043,0.004914004914004914,0.9995697735164869
44.609843223130255,0.08695652173913043,0.004914004914004914,0.9995697735164869
44.64783324509528,0.08695652173913043,0.004914004914004914,0.9995697735164869
44.6858232670603,0.06666666666666667,0.0036855036855036856,0.9995697735164869
44.72381328902532,0.06666666666666667,0.0036855036855036856,0.9995697735164869
44.76180331099035,0.06818181818181818,0.0036855036855036856,0.9995800170041896
44.799793332955375,0.07142857142857142,0.0036855036855036856,0.999600503979595
44.8377833549204,0.07317073170731707,0.0036855036855036856,0.9996107474672976
44.87577337688543,0.07317073170731707,0.0036855036855036856,0.9996107474672976
44.91376339885045,0.07317073170731707,0.0036855036855036856,0.9996107474672976
44.95175342081547,0.07317073170731707,0.0036855036855036856,0.9996107474672976
44.989743442780494,0.075,0.0036855036855036856,0.9996209909550003
45.02773346474552,0.075,0.0036855036855036856,0.9996209909550003
45.065723486710546,0.075,0.0036855036855036856,0.9996209909550003
45.10371350867557,0.07692307692307693,0.0036855036855036856,0.9996312344427031
45.1417035306406,0.07894736842105263,0.0036855036855036856,0.9996414779304057
45.17969355260562,0.07894736842105263,0.0036855036855036856,0.9996414779304057
45.21768357457064,0.07894736842105263,0.0036855036855036856,0.9996414779304057
45.25567359653567,0.08108108108108109,0.0036855036855036856,0.9996517214181084
45.293663618500695,0.08108108108108109,0.0036855036855036856,0.9996517214181084
45.33165364046572,0.08108108108108109,0.0036855036855036856,0.9996517214181084
45.36964366243074,0.08108108108108109,0.0036855036855036856,0.9996517214181084
45.40763368439577,0.08108108108108109,0.0036855036855036856,0.9996517214181084
45.44562370636079,0.08108108108108109,0.0036855036855036856,0.9996517214181084
45.483613728325814,0.08108108108108109,0.0036855036855036856,0.9996517214181084
45.52160375029084,0.08108108108108109,0.0036855036855036856,0.9996517214181084
45.559593772255866,0.08108108108108109,0.0036855036855036856,0.9996517214181084
45.59758379422089,0.08108108108108109,0.0036855036855036856,0.9996517214181084
45.63557381618591,0.08333333333333333,0.0036855036855036856,0.9996619649058112
45.67356383815094,0.08333333333333333,0.0036855036855036856,0.9996619649058112
45.71155386011596,0.08333333333333333,0.0036855036855036856,0.9996619649058112
45.749543882080985,0.08333333333333333,0.0036855036855036856,0.9996619649058112
45.787533904046015,0.08333333333333333,0.0036855036855036856,0.9996619649058112
45.82552392601104,0.08333333333333333,0.0036855036855036856,0.9996619649058112
45.86351394797606,0.08333333333333333,0.0036855036855036856,0.9996619649058112
45.90150396994109,0.08333333333333333,0.0036855036855036856,0.9996619649058112
45.93949399190611,0.08333333333333333,0.0036855036855036856,0.9996619649058112
45.977484013871134,0.08571428571428572,0.0036855036855036856,0.9996722083935138
46.01547403583616,0.08571428571428572,0.0036855036855036856,0.9996722083935138
46.053464057801186,0.08823529411764706,0.0036855036855036856,0.9996824518812165
46.09145407976621,0.08823529411764706,0.0036855036855036856,0.9996824518812165
46.12944410173123,0.08823529411764706,0.0036855036855036856,0.9996824518812165
46.16743412369626,0.08823529411764706,0.0036855036855036856,0.9996824518812165
46.20542414566128,0.08823529411764706,0.0036855036855036856,0.9996824518812165
46.243414167626305,0.09090909090909091,0.0036855036855036856,0.9996926953689192
46.281404189591335,0.09090909090909091,0.0036855036855036856,0.9996926953689192
46.31939421155636,0.06451612903225806,0.002457002457002457,0.9997029388566219
46.35738423352138,0.06451612903225806,0.002457002457002457,0.9997029388566219
46.3953742554864,0.06451612903225806,0.002457002457002457,0.9997029388566219
46.43336427745143,0.06451612903225806,0.002457002457002457,0.9997029388566219
46.471354299416454,0.06451612903225806,0.002457002457002457,0.9997029388566219
46.50934432138148,0.06451612903225806,0.002457002457002457,0.9997029388566219
46.547334343346506,0.06451612903225806,0.002457002457002457,0.9997029388566219
46.58532436531153,0.06666666666666667,0.002457002457002457,0.9997131823443246
46.62331438727655,0.06666666666666667,0.002457002457002457,0.9997131823443246
46.66130440924157,0.06666666666666667,0.002457002457002457,0.9997131823443246
46.6992944312066,0.06666666666666667,0.002457002457002457,0.9997131823443246
46.737284453171625,0.06666666666666667,0.002457002457002457,0.9997131823443246
46.77527447513665,0.06666666666666667,0.002457002457002457,0.9997131823443246
46.81326449710168,0.06896551724137931,0.002457002457002457,0.9997234258320273
46.8512545190667,0.07142857142857142,0.002457002457002457,0.99973366931973
46.88924454103172,0.07142857142857142,0.002457002457002457,0.99973366931973
46.92723456299675,0.07142857142857142,0.002457002457002457,0.99973366931973
46.965224584961774,0.07142857142857142,0.002457002457002457,0.99973366931973
47.0032146069268,0.07407407407407407,0.002457002457002457,0.9997439128074327
47.04120462889182,0.07407407407407407,0.002457002457002457,0.9997439128074327
47.07919465085685,0.07407407407407407,0.002457002457002457,0.9997439128074327
47.11718467282187,0.07407407407407407,0.002457002457002457,0.9997439128074327
47.15517469478689,0.07407407407407407,0.002457002457002457,0.9997439128074327
47.19316471675192,0.07407407407407407,0.002457002457002457,0.9997439128074327
47.231154738716945,0.07407407407407407,0.002457002457002457,0.9997439128074327
47.26914476068197,0.07407407407407407,0.002457002457002457,0.9997439128074327
47.30713478264699,0.07692307692307693,0.002457002457002457,0.9997541562951354
47.34512480461202,0.08,0.002457002457002457,0.999764399782838
47.38311482657704,0.08,0.002457002457002457,0.999764399782838
47.421104848542065,0.08333333333333333,0.002457002457002457,0.9997746432705408
47.459094870507094,0.08333333333333333,0.002457002457002457,0.9997746432705408
47.49708489247212,0.08333333333333333,0.002457002457002457,0.9997746432705408
47.53507491443714,0.08333333333333333,0.002457002457002457,0.9997746432705408
47.57306493640217,0.08333333333333333,0.002457002457002457,0.9997746432705408
47.61105495836719,0.08333333333333333,0.002457002457002457,0.9997746432705408
47.649044980332214,0.09090909090909091,0.002457002457002457,0.9997951302459461
47.687035002297236,0.09090909090909091,0.002457002457002457,0.9997951302459461
47.725025024262266,0.09090909090909091,0.002457002457002457,0.9997951302459461
47.76301504622729,0.09090909090909091,0.002457002457002457,0.9997951302459461
47.80100506819231,0.09090909090909091,0.002457002457002457,0.9997951302459461
47.83899509015734,0.09090909090909091,0.002457002457002457,0.9997951302459461
47.87698511212236,0.09090909090909091,0.002457002457002457,0.9997951302459461
47.914975134087385,0.09090909090909091,0.002457002457002457,0.9997951302459461
47.95296515605241,0.09090909090909091,0.002457002457002457,0.9997951302459461
47.99095517801744,0.09090909090909091,0.002457002457002457,0.9997951302459461
48.02894519998246,0.09523809523809523,0.002457002457002457,0.9998053737336489
48.06693522194748,0.09523809523809523,0.002457002457002457,0.9998053737336489
48.10492524391251,0.09523809523809523,0.002457002457002457,0.9998053737336489
48.142915265877534,0.09523809523809523,0.002457002457002457,0.9998053737336489
48.180905287842556,0.09523809523809523,0.002457002457002457,0.9998053737336489
48.218895309807586,0.09523809523809523,0.002457002457002457,0.9998053737336489
48.25688533177261,0.09523809523809523,0.002457002457002457,0.9998053737336489
48.29487535373763,0.05,0.0012285012285012285,0.9998053737336489
48.33286537570265,0.05,0.0012285012285012285,0.9998053737336489
48.37085539766768,0.05,0.0012285012285012285,0.9998053737336489
48.408845419632705,0.05,0.0012285012285012285,0.9998053737336489
48.44683544159773,0.05,0.0012285012285012285,0.9998053737336489
48.48482546356276,0.05,0.0012285012285012285,0.9998053737336489
48.52281548552778,0.05,0.0012285012285012285,0.9998053737336489
48.5608055074928,0.05555555555555555,0.0012285012285012285,0.9998258607090542
48.598795529457824,0.05555555555555555,0.0012285012285012285,0.9998258607090542
48.636785551422854,0.05555555555555555,0.0012285012285012285,0.9998258607090542
48.674775573387876,0.05555555555555555,0.0012285012285012285,0.9998258607090542
48.7127655953529,0.05555555555555555,0.0012285012285012285,0.9998258607090542
48.75075561731793,0.05555555555555555,0.0012285012285012285,0.9998258607090542
48.78874563928295,0.05555555555555555,0.0012285012285012285,0.9998258607090542
48.82673566124797,0.05555555555555555,0.0012285012285012285,0.9998258607090542
48.864725683213,0.05555555555555555,0.0012285012285012285,0.9998258607090542
48.902715705178025,0.05555555555555555,0.0012285012285012285,0.9998258607090542
48.94070572714305,0.05555555555555555,0.0012285012285012285,0.9998258607090542
48.97869574910807,0.05555555555555555,0.0012285012285012285,0.9998258607090542
49.0166857710731,0.05555555555555555,0.0012285012285012285,0.9998258607090542
49.05467579303812,0.058823529411764705,0.0012285012285012285,0.999836104196757
49.092665815003144,0.058823529411764705,0.0012285012285012285,0.999836104196757
49.130655836968174,0.058823529411764705,0.0012285012285012285,0.999836104196757
49.168645858933196,0.058823529411764705,0.0012285012285012285,0.999836104196757
49.20663588089822,0.058823529411764705,0.0012285012285012285,0.999836104196757
49.24462590286325,0.058823529411764705,0.0012285012285012285,0.999836104196757
49.28261592482827,0.0,0.0,0.999836104196757
49.32060594679329,0.0,0.0,0.999836104196757
49.358595968758316,0.0,0.0,0.9998463476844596
49.396585990723345,0.0,0.0,0.9998463476844596
49.43457601268837,0.0,0.0,0.9998463476844596
49.47256603465339,0.0,0.0,0.9998463476844596
49.51055605661842,0.0,0.0,0.9998463476844596
49.54854607858344,0.0,0.0,0.9998463476844596
49.586536100548464,0.0,0.0,0.9998463476844596
49.62452612251349,0.0,0.0,0.9998463476844596
49.662516144478516,0.0,0.0,0.9998463476844596
49.70050616644354,0.0,0.0,0.999866834659865
49.73849618840856,0.0,0.0,0.999866834659865
49.77648621037359,0.0,0.0,0.999866834659865
49.81447623233861,0.0,0.0,0.999866834659865
49.852466254303636,0.0,0.0,0.9998770781475677
49.890456276268665,0.0,0.0,0.9998770781475677
49.92844629823369,0.0,0.0,0.9998770781475677
49.96643632019871,0.0,0.0,0.9998770781475677
50.00442634216373,0.0,0.0,0.9998770781475677
50.04241636412876,0.0,0.0,0.9998770781475677
50.080406386093784,0.0,0.0,0.9998873216352704
50.11839640805881,0.0,0.0,0.9998873216352704
50.15638643002384,0.0,0.0,0.9998873216352704
50.19437645198886,0.0,0.0,0.9998873216352704
50.23236647395388,0.0,0.0,0.9998873216352704
50.270356495918904,0.0,0.0,0.9998873216352704
50.30834651788393,0.0,0.0,0.9998873216352704
50.346336539848956,0.0,0.0,0.9998873216352704
50.38432656181398,0.0,0.0,0.9998873216352704
50.42231658377901,0.0,0.0,0.9998873216352704
50.46030660574403,0.0,0.0,0.9998873216352704
50.49829662770906,0.0,0.0,0.9998873216352704
50.536286649674075,0.0,0.0,0.9998873216352704
50.574276671639105,0.0,0.0,0.9998873216352704
50.612266693604134,0.0,0.0,0.9998873216352704
50.65025671556915,0.0,0.0,0.9998873216352704
50.68824673753418,0.0,0.0,0.9998873216352704
50.72623675949921,0.0,0.0,0.9998873216352704
50.764226781464224,0.0,0.0,0.9998873216352704
50.80221680342925,0.0,0.0,0.9998873216352704
50.84020682539427,0.0,0.0,0.9998873216352704
50.8781968473593,0.0,0.0,0.9998873216352704
50.91618686932433,0.0,0.0,0.9998873216352704
50.95417689128934,0.0,0.0,0.9998873216352704
50.99216691325437,0.0,0.0,0.9998873216352704
51.0301569352194,0.0,0.0,0.9998873216352704
51.06814695718442,0.0,0.0,0.9998873216352704
51.10613697914945,0.0,0.0,0.9998873216352704
51.14412700111448,0.0,0.0,0.9998873216352704
51.18211702307949,0.0,0.0,0.9998873216352704
51.22010704504452,0.0,0.0,0.9998873216352704
51.25809706700955,0.0,0.0,0.9998873216352704
51.296087088974566,0.0,0.0,0.9998873216352704
51.334077110939596,0.0,0.0,0.9998873216352704
51.372067132904625,0.0,0.0,0.9998873216352704
51.41005715486964,0.0,0.0,0.9998873216352704
51.44804717683467,0.0,0.0,0.9998873216352704
51.486037198799686,0.0,0.0,0.9998873216352704
51.524027220764715,0.0,0.0,0.9998873216352704
51.562017242729745,0.0,0.0,0.9998873216352704
51.60000726469476,0.0,0.0,0.9998873216352704
51.63799728665979,0.0,0.0,0.9998873216352704
51.67598730862482,0.0,0.0,0.9998873216352704
51.713977330589834,0.0,0.0,0.9998873216352704
51.751967352554864,0.0,0.0,0.9998873216352704
51.789957374519894,0.0,0.0,0.9998873216352704
51.82794739648491,0.0,0.0,0.9998873216352704
51.86593741844994,0.0,0.0,0.9998873216352704
51.90392744041497,0.0,0.0,0.9998873216352704
51.94191746237998,0.0,0.0,0.9998873216352704
51.97990748434501,0.0,0.0,0.9998873216352704
52.01789750631004,0.0,0.0,0.9998873216352704
52.05588752827506,0.0,0.0,0.9998873216352704
52.09387755024009,0.0,0.0,0.9998873216352704
52.1318675722051,0.0,0.0,0.9998873216352704
52.16985759417013,0.0,0.0,0.9998873216352704
52.20784761613516,0.0,0.0,0.9998873216352704
52.24583763810018,0.0,0.0,0.9998873216352704
52.28382766006521,0.0,0.0,0.9998873216352704
52.321817682030236,0.0,0.0,0.9998873216352704
52.35980770399525,0.0,0.0,0.9998873216352704
52.39779772596028,0.0,0.0,0.9998873216352704
52.43578774792531,0.0,0.0,0.9998873216352704
52.473777769890326,0.0,0.0,0.9998873216352704
52.511767791855355,0.0,0.0,0.9998975651229731
52.549757813820385,0.0,0.0,0.9998975651229731
52.5877478357854,0.0,0.0,0.9998975651229731
52.62573785775043,0.0,0.0,0.9998975651229731
52.66372787971546,0.0,0.0,0.9998975651229731
52.701717901680475,0.0,0.0,0.9998975651229731
52.739707923645504,0.0,0.0,0.9998975651229731
52.77769794561052,0.0,0.0,0.9998975651229731
52.81568796757555,0.0,0.0,0.9998975651229731
52.85367798954058,0.0,0.0,0.9998975651229731
52.891668011505594,0.0,0.0,0.9998975651229731
52.92965803347062,0.0,0.0,0.9998975651229731
52.96764805543565,0.0,0.0,0.9998975651229731
53.00563807740067,0.0,0.0,0.9998975651229731
53.0436280993657,0.0,0.0,0.9998975651229731
53.08161812133073,0.0,0.0,0.9998975651229731
53.11960814329574,0.0,0.0,0.9998975651229731
53.15759816526077,0.0,0.0,0.9998975651229731
53.1955881872258,0.0,0.0,0.9998975651229731
53.23357820919082,0.0,0.0,0.9998975651229731
53.27156823115585,0.0,0.0,0.9998975651229731
53.309558253120876,0.0,0.0,0.9998975651229731
53.34754827508589,0.0,0.0,0.9998975651229731
53.38553829705092,0.0,0.0,0.9998975651229731
53.42352831901594,0.0,0.0,0.9998975651229731
53.461518340980966,0.0,0.0,0.9998975651229731
53.499508362945996,0.0,0.0,0.9998975651229731
53.53749838491101,0.0,0.0,0.9998975651229731
53.57548840687604,0.0,0.0,0.9999078086106757
53.61347842884107,0.0,0.0,0.9999078086106757
53.651468450806085,0.0,0.0,0.9999078086106757
53.689458472771115,0.0,0.0,0.9999078086106757
53.727448494736144,0.0,0.0,0.9999078086106757
53.76543851670116,0.0,0.0,0.9999078086106757
53.80342853866619,0.0,0.0,0.9999078086106757
53.84141856063122,0.0,0.0,0.9999078086106757
53.879408582596234,0.0,0.0,0.9999078086106757
53.917398604561264,0.0,0.0,0.9999180520983785
53.95538862652629,0.0,0.0,0.9999180520983785
53.99337864849131,0.0,0.0,0.9999180520983785
54.03136867045634,0.0,0.0,0.9999180520983785
54.06935869242135,0.0,0.0,0.9999282955860811
54.10734871438638,0.0,0.0,0.9999385390737838
54.14533873635141,0.0,0.0,0.9999385390737838
54.18332875831643,0.0,0.0,0.9999385390737838
54.22131878028146,0.0,0.0,0.9999385390737838
54.25930880224649,0.0,0.0,0.9999385390737838
54.2972988242115,0.0,0.0,0.9999385390737838
54.33528884617653,0.0,0.0,0.9999385390737838
54.37327886814156,0.0,0.0,0.9999385390737838
54.41126889010658,0.0,0.0,0.9999385390737838
54.449258912071606,0.0,0.0,0.9999385390737838
54.487248934036636,0.0,0.0,0.9999385390737838
54.52523895600165,0.0,0.0,0.9999385390737838
54.56322897796668,0.0,0.0,0.9999385390737838
54.60121899993171,0.0,0.0,0.9999385390737838
54.639209021896725,0.0,0.0,0.9999385390737838
54.677199043861755,0.0,0.0,0.9999385390737838
54.71518906582677,0.0,0.0,0.9999385390737838
54.7531790877918,0.0,0.0,0.9999385390737838
54.79116910975683,0.0,0.0,0.9999385390737838
54.829159131721845,0.0,0.0,0.9999385390737838
54.867149153686874,0.0,0.0,0.9999385390737838
54.905139175651904,0.0,0.0,0.9999385390737838
54.94312919761692,0.0,0.0,0.9999385390737838
54.98111921958195,0.0,0.0,0.9999385390737838
55.01910924154698,0.0,0.0,0.9999385390737838
55.057099263511994,0.0,0.0,0.9999385390737838
55.09508928547702,0.0,0.0,0.9999385390737838
55.13307930744205,0.0,0.0,0.9999385390737838
55.17106932940707,0.0,0.0,0.9999385390737838
55.2090593513721,0.0,0.0,0.9999385390737838
55.24704937333713,0.0,0.0,0.9999385390737838
55.28503939530214,0.0,0.0,0.9999385390737838
55.32302941726717,0.0,0.0,0.9999385390737838
55.36101943923219,0.0,0.0,0.9999385390737838
55.39900946119722,0.0,0.0,0.9999385390737838
55.436999483162246,0.0,0.0,0.9999385390737838
55.47498950512726,0.0,0.0,0.9999385390737838
55.51297952709229,0.0,0.0,0.9999385390737838
55.55096954905732,0.0,0.0,0.9999385390737838
55.588959571022336,0.0,0.0,0.9999385390737838
55.626949592987366,0.0,0.0,0.9999385390737838
55.664939614952395,0.0,0.0,0.9999385390737838
55.70292963691741,0.0,0.0,0.9999385390737838
55.74091965888244,0.0,0.0,0.9999385390737838
55.77890968084747,0.0,0.0,0.9999385390737838
55.816899702812485,0.0,0.0,0.9999385390737838
55.854889724777514,0.0,0.0,0.9999385390737838
55.892879746742544,0.0,0.0,0.9999385390737838
55.93086976870756,0.0,0.0,0.9999385390737838
55.96885979067259,0.0,0.0,0.9999385390737838
56.00684981263762,0.0,0.0,0.9999385390737838
56.044839834602634,0.0,0.0,0.9999385390737838
56.08282985656766,0.0,0.0,0.9999385390737838
56.12081987853268,0.0,0.0,0.9999385390737838
56.15880990049771,0.0,0.0,0.9999385390737838
56.19679992246274,0.0,0.0,0.9999385390737838
56.23478994442775,0.0,0.0,0.9999385390737838
56.27277996639278,0.0,0.0,0.9999487825614866
56.31076998835781,0.0,0.0,0.9999487825614866
56.34876001032283,0.0,0.0,0.9999487825614866
56.38675003228786,0.0,0.0,0.9999487825614866
56.42474005425289,0.0,0.0,0.9999487825614866
56.4627300762179,0.0,0.0,0.9999487825614866
56.50072009818293,0.0,0.0,0.9999487825614866
56.53871012014796,0.0,0.0,0.9999487825614866
56.576700142112976,0.0,0.0,0.9999487825614866
56.614690164078006,0.0,0.0,0.9999487825614866
56.652680186043035,0.0,0.0,0.9999487825614866
56.69067020800805,0.0,0.0,0.9999487825614866
56.72866022997308,0.0,0.0,0.9999487825614866
56.766650251938096,0.0,0.0,0.9999487825614866
56.804640273903125,0.0,0.0,0.9999487825614866
56.842630295868155,0.0,0.0,0.9999487825614866
56.88062031783317,0.0,0.0,0.9999487825614866
56.9186103397982,0.0,0.0,0.9999487825614866
56.95660036176323,0.0,0.0,0.9999487825614866
56.994590383728244,0.0,0.0,0.9999487825614866
57.032580405693274,0.0,0.0,0.9999590260491892
57.0705704276583,0.0,0.0,0.9999590260491892
57.10856044962332,0.0,0.0,0.9999590260491892
57.14655047158835,0.0,0.0,0.9999590260491892
57.18454049355338,0.0,0.0,0.9999590260491892
57.22253051551839,0.0,0.0,0.9999590260491892
57.26052053748342,0.0,0.0,0.9999692695368919
57.29851055944845,0.0,0.0,0.9999692695368919
57.33650058141347,0.0,0.0,0.9999692695368919
57.3744906033785,0.0,0.0,0.9999692695368919
57.41248062534351,0.0,0.0,0.9999692695368919
57.45047064730854,0.0,0.0,0.9999692695368919
57.48846066927357,0.0,0.0,0.9999692695368919
57.52645069123859,0.0,0.0,0.9999795130245946
57.564440713203616,0.0,0.0,0.9999795130245946
57.602430735168646,0.0,0.0,0.9999795130245946
57.64042075713366,0.0,0.0,0.9999795130245946
57.67841077909869,0.0,0.0,0.9999795130245946
57.71640080106372,0.0,0.0,0.9999795130245946
57.754390823028736,0.0,0.0,0.9999795130245946
57.792380844993765,0.0,0.0,0.9999795130245946
57.830370866958795,0.0,0.0,0.9999795130245946
57.86836088892381,0.0,0.0,0.9999795130245946
57.90635091088884,0.0,0.0,0.9999795130245946
57.94434093285387,0.0,0.0,0.9999795130245946
57.982330954818885,0.0,0.0,0.9999795130245946
58.020320976783914,0.0,0.0,0.9999795130245946
58.05831099874893,0.0,0.0,0.9999795130245946
58.09630102071396,0.0,0.0,0.9999795130245946
58.13429104267899,0.0,0.0,0.9999795130245946
58.172281064644004,0.0,0.0,0.9999795130245946
58.21027108660903,0.0,0.0,0.9999795130245946
58.24826110857406,0.0,0.0,0.9999795130245946
58.28625113053908,0.0,0.0,0.9999795130245946
58.32424115250411,0.0,0.0,0.9999795130245946
58.36223117446914,0.0,0.0,0.9999795130245946
58.40022119643415,0.0,0.0,0.9999795130245946
58.43821121839918,0.0,0.0,0.9999795130245946
58.47620124036421,0.0,0.0,0.9999795130245946
58.51419126232923,0.0,0.0,0.9999795130245946
58.55218128429426,0.0,0.0,0.9999795130245946
58.590171306259286,0.0,0.0,0.9999795130245946
58.6281613282243,0.0,0.0,0.9999795130245946
58.66615135018933,0.0,0.0,0.9999795130245946
58.704141372154346,0.0,0.0,0.9999795130245946
58.742131394119376,0.0,0.0,0.9999795130245946
58.780121416084405,0.0,0.0,0.9999795130245946
58.81811143804942,0.0,0.0,0.9999795130245946
58.85610146001445,0.0,0.0,0.9999795130245946
58.89409148197948,0.0,0.0,0.9999795130245946
58.932081503944495,0.0,0.0,0.9999795130245946
58.970071525909525,0.0,0.0,0.9999795130245946
59.008061547874554,0.0,0.0,0.9999795130245946
59.04605156983957,0.0,0.0,0.9999795130245946
59.0840415918046,0.0,0.0,0.9999795130245946
59.12203161376963,0.0,0.0,0.9999795130245946
59.160021635734644,0.0,0.0,0.9999795130245946
59.19801165769967,0.0,0.0,0.9999795130245946
59.2360016796647,0.0,0.0,0.9999795130245946
59.27399170162972,0.0,0.0,0.9999795130245946
59.31198172359475,0.0,0.0,0.9999795130245946
59.34997174555976,0.0,0.0,0.9999795130245946
59.38796176752479,0.0,0.0,0.9999795130245946
59.42595178948982,0.0,0.0,0.9999795130245946
59.46394181145484,0.0,0.0,0.9999795130245946
59.50193183341987,0.0,0.0,0.9999795130245946
59.5399218553849,0.0,0.0,0.9999795130245946
59.57791187734991,0.0,0.0,0.9999795130245946
59.61590189931494,0.0,0.0,0.9999795130245946
59.65389192127997,0.0,0.0,0.9999795130245946
59.69188194324499,0.0,0.0,0.9999795130245946
59.729871965210016,0.0,0.0,0.9999795130245946
59.767861987175046,0.0,0.0,0.9999795130245946
59.80585200914006,0.0,0.0,0.9999795130245946
59.84384203110509,0.0,0.0,0.9999795130245946
59.88183205307012,0.0,0.0,0.9999795130245946
59.919822075035135,0.0,0.0,0.9999795130245946
59.957812097000165,0.0,0.0,0.9999897565122973
59.99580211896518,0.0,0.0,0.9999897565122973
60.03379214093021,0.0,0.0,0.9999897565122973
60.07178216289524,0.0,0.0,0.9999897565122973
60.109772184860255,0.0,0.0,0.9999897565122973
60.147762206825284,0.0,0.0,0.9999897565122973
60.185752228790314,0.0,0.0,0.9999897565122973
60.22374225075533,0.0,0.0,0.9999897565122973
60.26173227272036,0.0,0.0,0.9999897565122973
60.29972229468539,0.0,0.0,0.9999897565122973
60.3377123166504,0.0,0.0,0.9999897565122973
60.37570233861543,0.0,0.0,0.9999897565122973
60.41369236058046,0.0,0.0,0.9999897565122973
60.45168238254548,0.0,0.0,0.9999897565122973
60.48967240451051,0.0,0.0,0.9999897565122973
60.52766242647554,0.0,0.0,0.9999897565122973
60.56565244844055,0.0,0.0,0.9999897565122973
60.60364247040558,0.0,0.0,0.9999897565122973
60.6416324923706,0.0,0.0,0.9999897565122973
60.67962251433563,0.0,0.0,0.9999897565122973
60.717612536300656,0.0,0.0,0.9999897565122973
60.75560255826567,0.0,0.0,0.9999897565122973
60.7935925802307,0.0,0.0,0.9999897565122973
60.83158260219573,0.0,0.0,0.9999897565122973
60.869572624160746,0.0,0.0,0.9999897565122973
60.907562646125776,0.0,0.0,0.9999897565122973
60.945552668090805,0.0,0.0,0.9999897565122973
60.98354269005582,0.0,0.0,0.9999897565122973
61.02153271202085,0.0,0.0,0.9999897565122973
61.05952273398588,0.0,0.0,0.9999897565122973
61.097512755950895,0.0,0.0,0.9999897565122973
61.135502777915924,0.0,0.0,0.9999897565122973
61.173492799880954,0.0,0.0,0.9999897565122973
61.21148282184597,0.0,0.0,0.9999897565122973
61.249472843811,0.0,0.0,0.9999897565122973
61.287462865776014,0.0,0.0,0.9999897565122973
61.325452887741044,0.0,0.0,0.9999897565122973
61.36344290970607,0.0,0.0,0.9999897565122973
61.40143293167109,0.0,0.0,0.9999897565122973
61.43942295363612,0.0,0.0,0.9999897565122973
61.47741297560115,0.0,0.0,0.9999897565122973
61.51540299756616,0.0,0.0,0.9999897565122973
61.55339301953119,0.0,0.0,0.9999897565122973
61.59138304149622,0.0,0.0,0.9999897565122973
61.62937306346124,0.0,0.0,0.9999897565122973
61.66736308542627,0.0,0.0,0.9999897565122973
61.705353107391296,0.0,0.0,0.9999897565122973
61.74334312935631,0.0,0.0,0.9999897565122973
61.78133315132134,0.0,0.0,0.9999897565122973
61.81932317328637,0.0,0.0,0.9999897565122973
61.857313195251386,0.0,0.0,0.9999897565122973
61.895303217216416,0.0,0.0,0.9999897565122973
61.933293239181445,0.0,0.0,0.9999897565122973
61.97128326114646,0.0,0.0,0.9999897565122973
62.00927328311149,0.0,0.0,0.9999897565122973
62.047263305076505,0.0,0.0,0.9999897565122973
62.085253327041535,0.0,0.0,0.9999897565122973
62.123243349006565,0.0,0.0,0.9999897565122973
62.16123337097158,0.0,0.0,0.9999897565122973
62.19922339293661,0.0,0.0,0.9999897565122973
62.23721341490164,0.0,0.0,0.9999897565122973
62.275203436866654,0.0,0.0,0.9999897565122973
62.313193458831684,0.0,0.0,0.9999897565122973
62.35118348079671,0.0,0.0,0.9999897565122973
62.38917350276172,0.0,0.0,0.9999897565122973
