Threshold,Precision,Recall,Specificity
-13.870422534214617,0.009071792110690086,1.0,0.0
-13.832838479266131,0.009071884269982526,1.0,1.0251783810383006e-05
-13.795254424317644,0.009071884269982526,1.0,1.0251783810383006e-05
-13.757670369369158,0.009071884269982526,1.0,1.0251783810383006e-05
-13.720086314420671,0.009071884269982526,1.0,1.0251783810383006e-05
-13.682502259472185,0.009071884269982526,1.0,1.0251783810383006e-05
-13.6449182045237,0.009071884269982526,1.0,1.0251783810383006e-05
-13.607334149575212,0.009071884269982526,1.0,1.0251783810383006e-05
-13.569750094626727,0.009071976431147457,1.0,2.0503567620766013e-05
-13.53216603967824,0.009071976431147457,1.0,2.0503567620766013e-05
-13.494581984729754,0.009072068594184936,1.0,3.075535143114902e-05
-13.456997929781267,0.009072068594184936,1.0,3.075535143114902e-05
-13.419413874832781,0.009072068594184936,1.0,3.075535143114902e-05
-13.381829819884295,0.009072068594184936,1.0,3.075535143114902e-05
-13.344245764935808,0.009072068594184936,1.0,3.075535143114902e-05
-13.306661709987322,0.009072068594184936,1.0,3.075535143114902e-05
-13.269077655038835,0.009072068594184936,1.0,3.075535143114902e-05
-13.23149360009035,0.009072068594184936,1.0,3.075535143114902e-05
-13.193909545141864,0.009072068594184936,1.0,3.075535143114902e-05
-13.156325490193376,0.009072068594184936,1.0,3.075535143114902e-05
-13.11874143524489,0.009072068594184936,1.0,3.075535143114902e-05
-13.081157380296403,0.009072252925877763,1.0,5.125891905191503e-05
-13.043573325347918,0.009072252925877763,1.0,5.125891905191503e-05
-13.005989270399432,0.009072252925877763,1.0,5.125891905191503e-05
-12.968405215450945,0.009072345094533226,1.0,6.151070286229804e-05
-12.93082116050246,0.009072345094533226,1.0,6.151070286229804e-05
-12.893237105553972,0.009072437265061465,1.0,7.176248667268105e-05
-12.855653050605486,0.009072437265061465,1.0,7.176248667268105e-05
-12.818068995656999,0.009072437265061465,1.0,7.176248667268105e-05
-12.780484940708513,0.009072437265061465,1.0,7.176248667268105e-05
-12.742900885760028,0.009072437265061465,1.0,7.176248667268105e-05
-12.70531683081154,0.009072437265061465,1.0,7.176248667268105e-05
-12.667732775863055,0.009072437265061465,1.0,7.176248667268105e-05
-12.630148720914567,0.009072437265061465,1.0,7.176248667268105e-05
-12.592564665966082,0.009072437265061465,1.0,7.176248667268105e-05
-12.554980611017594,0.009072437265061465,1.0,7.176248667268105e-05
-12.517396556069109,0.009072437265061465,1.0,7.176248667268105e-05
-12.479812501120623,0.009072437265061465,1.0,7.176248667268105e-05
-12.442228446172136,0.009072437265061465,1.0,7.176248667268105e-05
-12.40464439122365,0.009072437265061465,1.0,7.176248667268105e-05
-12.367060336275163,0.009072437265061465,1.0,7.176248667268105e-05
-12.329476281326677,0.009072437265061465,1.0,7.176248667268105e-05
-12.291892226378192,0.009072437265061465,1.0,7.176248667268105e-05
-12.254308171429704,0.009072621611736498,1.0,9.226605429344706e-05
-12.216724116481219,0.009072713787883406,1.0,0.00010251783810383006
-12.179140061532731,0.009072805965903319,1.0,0.00011276962191421307
-12.141556006584246,0.009072990327562383,1.0,0.0001332731895349791
-12.10397195163576,0.009072990327562383,1.0,0.0001332731895349791
-12.066387896687273,0.009072990327562383,1.0,0.0001332731895349791
-12.028803841738787,0.009072990327562383,1.0,0.0001332731895349791
-11.9912197867903,0.009072990327562383,1.0,0.0001332731895349791
-11.953635731841814,0.00907317469671415,1.0,0.0001537767571557451
-11.916051676893328,0.00907317469671415,1.0,0.0001537767571557451
-11.878467621944841,0.009073359073359074,1.0,0.00017428032477651112
-11.840883566996355,0.009073543457497613,1.0,0.00019478389239727714
-11.803299512047868,0.009073727849130223,1.0,0.00021528746001804315
-11.765715457099382,0.009073820047756948,1.0,0.00022553924382842614
-11.728131402150897,0.009074004450631522,1.0,0.00024604281144919215
-11.69054734720241,0.009074096654879486,1.0,0.00025629459525957515
-11.652963292253922,0.009074281068997053,1.0,0.0002767981628803412
-11.615379237305437,0.00907446549061052,1.0,0.0002973017305011072
-11.577795182356951,0.009074926577441744,1.0,0.00034856064955302225
-11.540211127408464,0.00907538771113234,1.0,0.00039981956860493727
-11.502627072459978,0.009075479943494212,1.0,0.00041007135241532026
-11.46504301751149,0.009075848891689449,1.0,0.0004510784876568523
-11.427458962563005,0.009075941133425481,1.0,0.0004613302714672353
-11.38987490761452,0.00907649462321875,1.0,0.0005228409743295333
-11.352290852666032,0.009076771393431791,1.0,0.0005535963257606824
-11.314706797717546,0.009077048180524497,1.0,0.0005843516771918314
-11.277122742769059,0.009077601805355074,1.0,0.0006458623800541294
-11.239538687820573,0.009077878643096034,1.0,0.0006766177314852784
-11.201954632872088,0.009078432369237025,1.0,0.0007381284343475765
-11.1643705779236,0.009078986162933744,1.0,0.0007996391372098745
-11.126786522975115,0.00907963234097934,1.0,0.0008714016238825556
-11.089202468026627,0.00908074028879398,1.0,0.0009944230296071517
-11.051618413078142,0.009081294364106006,1.0,0.0010559337324694497
-11.014034358129656,0.009082125603864734,1.0,0.0011481997867628967
-10.976450303181169,0.009082956995809431,1.0,0.0012404658410563438
-10.938866248232683,0.009083973348252887,1.0,0.0013532354629705568
-10.901282193284196,0.00908443540183113,1.0,0.0014044943820224719
-10.86369813833571,0.009085729401949414,1.0,0.001548019355367834
-10.826114083387225,0.009086931303613403,1.0,0.001681292544902813
-10.788530028438737,0.009087486134714605,1.0,0.0017428032477651112
-10.750945973490252,0.009088688501231502,1.0,0.0018760764373000902
-10.713361918541764,0.009089891185961055,1.0,0.002009349626835069
-10.675777863593279,0.009091279294687761,1.0,0.0021631263839908144
-10.638193808644793,0.009092667827432772,1.0,0.0023169031411465596
-10.600609753696306,0.009094056784390403,1.0,0.0024706798983023044
-10.563025698747818,0.009095446165755085,1.0,0.0026244566554580497
-10.525441643799333,0.009097206658381044,1.0,0.002819240547855327
-10.487857588850847,0.009100080504631564,1.0,0.0031370458459772
-10.45027353390236,0.009102121110193763,1.0,0.003362585089805626
-10.412689478953874,0.009104441091309489,1.0,0.0036188796850652014
-10.375105424005387,0.009106205068067098,1.0,0.0038136635774624786
-10.337521369056901,0.009108805859012414,1.0,0.004100713524153202
-10.299937314108416,0.009111965960225708,1.0,0.004449274173706225
-10.262353259159928,0.009115686534712085,1.0,0.004859345526121545
-10.224769204211443,0.009118572070416208,1.0,0.0051771508242434185
-10.187185149262955,0.009121645777791397,1.0,0.005515459689986057
-10.14960109431447,0.00912472155804876,1.0,0.005853768555728697
-10.112017039365984,0.009128825826501196,1.0,0.006304847043385549
-10.074432984417497,0.009131813068820943,1.0,0.006632904125317805
-10.036848929469011,0.009135456414768135,1.0,0.0070327236939227425
-9.999264874520524,0.009140131626083663,1.0,0.007545312884441893
-9.961680819572038,0.009144437048794224,1.0,0.00801689493971951
-9.924096764623553,0.009149871409981865,1.0,0.008611498400721725
-9.886512709675065,0.009155312234080728,1.0,0.00920610186172394
-9.848928654726578,0.009161793372319689,1.0,0.009913474944640368
-9.811344599778092,0.009167813071063385,1.0,0.01056958910850488
-9.773760544829607,0.009163567627540014,0.9988801791713325,0.011215451488559009
-9.736176489881121,0.009170256294270646,0.9988801791713325,0.011943328139096203
-9.698592434932634,0.009178276706521516,0.9988801791713325,0.012814729762978759
-9.661008379984146,0.009185932753205294,0.9988801791713325,0.013645124251619782
-9.62342432503566,0.00919398062255205,0.9988801791713325,0.014516525875502338
-9.585840270087175,0.009192200557103064,0.9977603583426652,0.015428934634626424
-9.54825621513869,0.009200078474294505,0.9977603583426652,0.016279832690888216
-9.510672160190202,0.009208255392151797,0.9977603583426652,0.017161486098581154
-9.473088105241715,0.009217018899543804,0.9977603583426652,0.01810465020913639
-9.435504050293229,0.00922579910330617,0.9977603583426652,0.019047814319691627
-9.397919995344743,0.009236702155230503,0.9977603583426652,0.02021651767407529
-9.360335940396258,0.009247055160604017,0.9977603583426652,0.021323710325596653
-9.32275188544777,0.009257623772663514,0.9977603583426652,0.022451406544738785
-9.285167830499283,0.009258007135947073,0.9966405375139977,0.0235893545476913
-9.247583775550797,0.009260127287688926,0.9955207166853304,0.024911834659230706
-9.209999720602312,0.009269879668828597,0.9955207166853304,0.02594726482407939
-9.172415665653824,0.009281881016517363,0.9955207166853304,0.027218486016566883
-9.134831610705339,0.009296051530868328,0.9955207166853304,0.0287152464528828
-9.097247555756852,0.009299890035084045,0.9944008958566629,0.03021200688919872
-9.059663500808366,0.009313154831199068,0.9944008958566629,0.03160624948741081
-9.02207944585988,0.009327437160593678,0.9944008958566629,0.03310300992372673
-8.984495390911393,0.009342451341399263,0.9944008958566629,0.03467153284671533
-8.946911335962907,0.009359782448299851,0.9944008958566629,0.03647584679734274
-8.90932728101442,0.009378267343985974,0.9944008958566629,0.03839293036988436
-8.871743226065934,0.009394538895295325,0.9944008958566629,0.040074222914787176
-8.834159171117449,0.00941116622154394,0.9944008958566629,0.041786270811121136
-8.796575116168961,0.009415736062162965,0.9932810750279956,0.043334290166488966
-8.758991061220474,0.009433259951717024,0.9932810750279956,0.045128352333306
-8.721407006271988,0.009450345731363002,0.9932810750279956,0.046871155581071106
-8.683822951323503,0.00945651709857832,0.9921612541993281,0.048572951693594685
-8.646238896375017,0.009477861811491106,0.9921612541993281,0.0507360780775855
-8.60865484142653,0.00949991422199348,0.9921612541993281,0.052960715164438614
-8.571070786478042,0.009522581199888223,0.9921612541993281,0.05523661117034364
-8.533486731529557,0.009544328342130776,0.9921612541993281,0.05740998933814484
-8.495902676581071,0.00956503902665472,0.9921612541993281,0.05947059788403182
-8.458318621632586,0.009578129396740189,0.9910414333706606,0.06182850816041991
-8.420734566684098,0.009604532036811947,0.9910414333706606,0.0644324612482572
-8.38315051173561,0.009627413652434049,0.9910414333706606,0.06667760190273107
-8.345566456787125,0.009651456988309196,0.9910414333706606,0.06902526039530879
-8.30798240183864,0.009666167320918942,0.9899216125419933,0.07150619207742147
-8.270398346890154,0.009690113672487313,0.9899216125419933,0.07382309521856803
-8.232814291941667,0.009718557607739665,0.9899216125419933,0.07656032149594029
-8.19523023699318,0.0097367869705691,0.9888017917133258,0.07934880669236447
-8.157646182044694,0.009765646600825047,0.9888017917133258,0.08209628475354712
-8.120062127096208,0.009782391694949091,0.9876819708846585,0.08472074140900517
-8.08247807214772,0.009815486656725055,0.9876819708846585,0.0878372836873616
-8.044894017199235,0.009835772738944525,0.986562150055991,0.09076929385713114
-8.007309962250748,0.009859391630720969,0.9854423292273237,0.09399860575740179
-7.969725907302262,0.00989030749865132,0.9854423292273237,0.09685885344049865
-7.932141852353776,0.00992320790248193,0.9854423292273237,0.09988312966456163
-7.894557797405289,0.009956891187019834,0.9854423292273237,0.10295866480767654
-7.856973742456804,0.009995910763778454,0.9854423292273237,0.10649553022225867
-7.819389687508317,0.010010603486608823,0.9832026875699889,0.10984786352825392
-7.781805632559831,0.010033750929580688,0.9820828667413214,0.1129336504551792
-7.744221577611344,0.01005463477342638,0.9809630459126539,0.11580414992208644
-7.706637522662858,0.010091119584374891,0.9809630459126539,0.11903346182235709
-7.669053467714371,0.01013232164337929,0.9809630459126539,0.1226523415074223
-7.6314694127658855,0.010162365566421222,0.9798432250839866,0.1262712211924875
-7.593885357817399,0.010169570592214214,0.9764837625979843,0.1298901008775527
-7.5563013028689126,0.01021172943601274,0.9764837625979843,0.1335192323464283
-7.518717247920426,0.010237182952916011,0.975363941769317,0.13668703354383663
-7.48113319297194,0.010257439299330729,0.973124300111982,0.1403879274993849
-7.443549138023453,0.010290578430094014,0.9720044792833147,0.14417083572541622
-7.4059650830749675,0.01032339493236807,0.9708846584546472,0.14790248503239564
-7.368381028126481,0.010356869498660543,0.9697648376259799,0.1516648896908062
-7.3307969731779945,0.01040715281449791,0.9697648376259799,0.15580661035020094
-7.293212918229508,0.010446986074711046,0.9686450167973124,0.16003034528007873
-7.2556288632810215,0.010487345997450992,0.9675251959686451,0.16426433199376692
-7.218044808332535,0.010526444184231069,0.9664053751399776,0.16836504551792011
-7.180460753384049,0.010572352624099574,0.9664053751399776,0.17201468055441646
-7.142876698435563,0.010612365498731933,0.9652855543113102,0.17612564586238005
-7.1052926434870765,0.010663433823620371,0.9652855543113102,0.18011358976461905
-7.06770858853859,0.010705493248451993,0.9641657334826428,0.18431682112687608
-7.0301245335901035,0.0107592722183345,0.9641657334826428,0.18843803821865004
-6.992540478641617,0.010792541964016484,0.961926091825308,0.19284630525711474
-6.954956423693131,0.010850617689412121,0.961926091825308,0.1972135651603379
-6.917372368744645,0.01090752098332762,0.961926091825308,0.20144755187402608
-6.879788313796158,0.010936283705320113,0.9596864501679732,0.20542524399245468
-6.842204258847672,0.010983089122122713,0.9585666293393057,0.2097720003280571
-6.804620203899185,0.011017364605103594,0.9563269876819709,0.21409825309603872
-6.767036148950699,0.011036611461994372,0.9529675251959686,0.21823997375543344
-6.729452094002213,0.011089945985439553,0.9518477043673013,0.22295579430820964
-6.691868039053727,0.01114929562685275,0.9518477043673013,0.2271385221028459
-6.65428398410524,0.011185564290613624,0.9496080627099664,0.2314852784384483
-6.616699929156754,0.011233719727313721,0.948488241881299,0.23571926515213648
-6.579115874208267,0.011298304587351768,0.948488241881299,0.24013778397441154
-6.541531819259782,0.011327794703853328,0.9451287793952967,0.24482284917575659
-6.503947764311295,0.011377900149815767,0.9440089585666294,0.24907733945706553
-6.466363709362809,0.01137783088035627,0.9384098544232923,0.2535266136307718
-6.428779654414322,0.01143380143161576,0.9372900335946248,0.25810916099401293
-6.391195599465836,0.01149330473755121,0.9361702127659575,0.26287624046584107
-6.353611544517349,0.011547184423055648,0.93505039193729,0.2672332485852538
-6.316027489568864,0.011584678149236274,0.9316909294512878,0.2722566226523415
-6.278443434620377,0.011655272890283537,0.9316909294512878,0.2767161486098581
-6.240859379671891,0.011727559765448805,0.9316909294512878,0.28122693348642663
-6.203275324723404,0.011802088061733999,0.9316909294512878,0.2858197326334782
-6.165691269774918,0.011834741891274555,0.9283314669652856,0.2903817764290987
-6.128107214826431,0.01188389136370168,0.9260918253079508,0.2950565898466333
-6.090523159877946,0.011950750177235701,0.9249720044792833,0.2998954318051341
-6.052939104929459,0.012001864367280355,0.9227323628219485,0.3046010005740999
-6.015355049980973,0.012066740953609758,0.921612541993281,0.3092245550725826
-5.977770995032486,0.012134632418069087,0.9204927211646137,0.31397113097678997
-5.940186940084,0.012186784769491425,0.9182530795072789,0.31860493725908307
-5.902602885135513,0.012238180730101736,0.916013437849944,0.3231567292708931
-5.865018830187028,0.01227797948146251,0.9126539753639418,0.3278520462560486
-5.82743477523854,0.012345679012345678,0.9115341545352743,0.33240383826785863
-5.789850720290055,0.01236678982564353,0.9070548712206047,0.33683260887394406
-5.752266665341569,0.012410229596936656,0.9036954087346024,0.3416304436972033
-5.714682610393082,0.0125,0.9036954087346024,0.3464180267366522
-5.677098555444596,0.01252964673573836,0.8992161254199328,0.3512158615599114
-5.639514500496109,0.012583853078409502,0.896976483762598,0.35565488394980727
-5.601930445547623,0.012614951170483864,0.8924972004479284,0.3604732223406873
-5.564346390599136,0.012695779769689624,0.8913773796192609,0.3653940785696711
-5.52676233565065,0.012775188815683753,0.8902575587905935,0.37018166160911997
-5.4891782807021645,0.012839194352697364,0.8880179171332587,0.3749384892971377
-5.451594225753677,0.01293785587261188,0.8880179171332587,0.3797670794718281
-5.4140101708051915,0.012968654974605105,0.883538633818589,0.38438038218650045
-5.376426115856704,0.0130351966873706,0.8812989921612542,0.3891167063068974
-5.338842060908219,0.013103206529903688,0.8790593505039194,0.3938735339949151
-5.301258005959733,0.013128477533661686,0.8745800671892497,0.39813827606003444
-5.263673951011246,0.013233923578751165,0.8745800671892497,0.402997621586156
-5.22608989606276,0.013282797241002528,0.8712206047032475,0.4075084064627245
-5.188505841114273,0.013385867414531752,0.8712206047032475,0.41213196096120724
-5.150921786165787,0.013366156406566927,0.8633818589025756,0.4165504797834823
-5.113337731217301,0.013392076646036574,0.8577827547592385,0.42147133601246617
-5.075753676268814,0.01349161617584895,0.8577827547592385,0.4257975887804478
-5.038169621320328,0.013565100051490564,0.8555431131019037,0.4304416468465513
-5.000585566371841,0.01361286514140565,0.8521836506159015,0.43469613712786026
-4.963001511423355,0.013718138226917115,0.8521836506159015,0.43909415238251454
-4.925417456474868,0.013830328583890666,0.8521836506159015,0.4437074550971869
-4.8878334015263825,0.013900844306880827,0.8499440089585666,0.44802345608135813
-4.850249346577897,0.013956579530350023,0.8465845464725644,0.4524317231198228
-4.8126652916294095,0.014033128605992928,0.8443449048152296,0.45690150086114983
-4.775081236680924,0.014081069410284813,0.8398656215005599,0.4616480767653572
-4.7374971817324365,0.014098366860322085,0.8342665173572228,0.4659025670466661
-4.699913126783951,0.014193868401472805,0.8331466965285554,0.4702595751660789
-4.662329071835465,0.014252466773095343,0.8297872340425532,0.47459607971787093
-4.624745016886978,0.014325314517223332,0.8275475923852184,0.47871729680964487
-4.587160961938492,0.014442338134417324,0.8275475923852184,0.483002542442385
-4.549576906990005,0.014491324921135647,0.8230683090705487,0.4875645862380054
-4.511992852041519,0.014494194369333545,0.8163493840985442,0.4918498318707455
-4.474408797093032,0.01460117531438657,0.8152295632698768,0.4963196096120725
-4.436824742144546,0.014705584885814268,0.8141097424412094,0.5006356105962437
-4.399240687196061,0.014764361604502722,0.8107502799552072,0.5047055687689658
-4.361656632247573,0.014854744465476093,0.8085106382978723,0.5091240875912408
-4.324072577299088,0.014960989375830014,0.8073908174692049,0.5133375707373083
-4.2864885223506,0.015012440671587178,0.8040313549832027,0.517048716476667
-4.248904467402115,0.015030778311830677,0.7984322508398656,0.5210059050274748
-4.211320412453629,0.015057234480854588,0.793952967525196,0.5245427704420569
-4.173736357505142,0.015184939281660276,0.793952967525196,0.5286024768309686
-4.136152302556656,0.015275917203232358,0.7917133258678611,0.5327749528417944
-4.098568247608169,0.015315236808853645,0.7872340425531915,0.5366296235544985
-4.060984192659683,0.015381577215078773,0.7849944008958567,0.5399717050766834
-4.023400137711198,0.015463233342182107,0.7827547592385219,0.5437443615189043
-3.9858160827627103,0.015572709829994199,0.7816349384098544,0.5476502911506602
-3.9482320278142247,0.015644344400675296,0.7782754759238522,0.5516894939719511
-3.9106479728657373,0.01575303597775508,0.7771556550951848,0.5554724021979824
-3.8730639179172517,0.01584357900038922,0.77491601343785,0.5593270729106865
-3.8354798629687643,0.01590672977028743,0.7715565509518477,0.563007463298614
-3.7978958080202787,0.015948035015831627,0.7670772676371781,0.5666878536865415
-3.760311753071793,0.01607180619845391,0.7659574468085106,0.5707065529402116
-3.7227276981233057,0.016187519256748748,0.7648376259798432,0.5744484540310014
-3.68514364317482,0.01625821876867902,0.761478163493841,0.5781903551217912
-3.6475595882263327,0.01638750784379978,0.7603583426651735,0.5821885508078406
-3.609975533277847,0.016448488977565817,0.7569988801791714,0.5856023948166981
-3.5723914783293615,0.01655328241275143,0.7547592385218365,0.5894878208808333
-3.534807423380874,0.01661220043572985,0.7513997760358343,0.5927888952677766
-3.4972233684323886,0.016730341848328216,0.7502799552071668,0.5963155088985483
-3.459639313483901,0.01687742455539322,0.7502799552071668,0.599893381448372
-3.4220552585354156,0.016930625111218445,0.7458006718924972,0.6035532682686787
-3.384471203586928,0.017007849776820072,0.7424412094064949,0.6071618961699335
-3.3468871486384426,0.01709136109384711,0.7390817469204927,0.6108832936931026
-3.309303093689957,0.017160319699106724,0.7357222844344905,0.6142356269990978
-3.2717190387414696,0.017248643808921892,0.7334826427771557,0.6174136799803166
-3.234134983792984,0.017396616291731958,0.7334826427771557,0.6207250061510703
-3.1965509288444967,0.017522237702282714,0.7323628219484882,0.6240670876732551
-3.158966873896011,0.01764483354950281,0.7312430011198209,0.6272963995735258
-3.1213828189475255,0.01765956287131411,0.7256438969764838,0.6304642007709341
-3.083798763999038,0.017764333837481095,0.723404255319149,0.6338165340769294
-3.0462147090505525,0.017843763008186485,0.7200447928331467,0.6371688673829247
-3.008630654102065,0.017851147174034694,0.7144456886898096,0.6401418846879356
-2.9710465991535795,0.017996383772177646,0.7133258678611423,0.6436582465348971
-2.933462544205094,0.018124821886577373,0.7122060470324748,0.6467850405970639
-2.8958784892566065,0.018210018382352942,0.70996640537514,0.649573525793488
-2.858294434308121,0.01836113125453227,0.7088465845464725,0.6530591322890182
-2.8207103793596335,0.01853098744108434,0.7088465845464725,0.6562986959730993
-2.783126324411148,0.018626206570829768,0.7066069428891377,0.6591691954400065
-2.7455422694626606,0.018721909694317945,0.7043673012318029,0.662019191339293
-2.707958214514175,0.01885716001561421,0.7032474804031354,0.6650229639957352
-2.6703741595656894,0.019005183231790488,0.7021276595744681,0.6682112687607644
-2.632790104617202,0.01911490350796709,0.6998880179171333,0.6712047896333962
-2.5952060496687164,0.01917977181621955,0.696528555431131,0.6739112605593374
-2.557621994720229,0.019319313091090095,0.6954087346024636,0.6768330189452965
-2.5200379397717434,0.019461970681482876,0.6942889137737962,0.679765029115066
-2.482453884823258,0.019611570509774103,0.6931690929451287,0.6827688017715082
-2.4448698298747704,0.019679882431871187,0.6898096304591266,0.6854240137783975
-2.407285774926285,0.019703956915734143,0.6842105263157895,0.6883662757319774
-2.3697017199777974,0.019771071800208116,0.6808510638297872,0.6909702288198146
-2.332117665029312,0.01984452389543084,0.6774916013437849,0.693656196178135
-2.2945336100808245,0.01999073277288674,0.6763717805151176,0.6964446813745592
-2.256949555132339,0.020145663503942268,0.6752519596864501,0.6993254326252768
-2.2193655001838533,0.02014349715363627,0.6696528555431132,0.7017858607397687
-2.181781445235366,0.020231901798769086,0.6662933930571109,0.704605101287624
-2.1441973902868803,0.020365481537353857,0.6651735722284434,0.7070757811859264
-2.106613335338393,0.020428620808848944,0.6618141097424413,0.709474698597556
-2.0690292803899073,0.0205362435061539,0.6595744680851063,0.7120068891987206
-2.0314452254414217,0.020595367799529047,0.6562150055991042,0.7143135405560568
-1.9938611704929343,0.020696743098132332,0.6539753639417694,0.7167124579676863
-1.9562771155444487,0.020713545944787685,0.6494960806270996,0.7188858361354876
-1.9186930605959613,0.020866368747297102,0.6483762597984323,0.7214692856557041
-1.8811090056474757,0.021013597033374538,0.6472564389697648,0.7239399655540064
-1.8435249506989901,0.021162662754447094,0.6461366181410975,0.7264003936684983
-1.8059408957505028,0.021308079313406333,0.64501679731243,0.7287788075125071
-1.7683568408020172,0.02133134439679284,0.6405375139977604,0.7309624374641187
-1.7307727858535298,0.021492020475760314,0.6394176931690929,0.733484376281473
-1.6931887309050442,0.02157235093049753,0.6360582306830908,0.735893545476913
-1.6556046759565568,0.02161333588810117,0.631578947368421,0.7382617075371115
-1.6180206210080712,0.02173828956020578,0.6293393057110862,0.7407221356516034
-1.5804365660595856,0.021828103683492497,0.6270996640537514,0.7427314852784385
-1.5428525111110982,0.021990558615263573,0.6259798432250839,0.745130402690068
-1.5052684561626126,0.021937480165026977,0.6192609182530795,0.747242270155007
-1.4676844012141252,0.022108298622236462,0.6181410974244121,0.7496924464856886
-1.4301003462656396,0.02220965918268454,0.6159014557670772,0.7517633068153858
-1.392516291317154,0.022264734614132205,0.6125419932810751,0.7537419010907898
-1.3549322363686667,0.022390814025015377,0.6114221724524076,0.7556077257442795
-1.317348181420181,0.022575976845151953,0.6114221724524076,0.7576580825063561
-1.2797641264716937,0.02263348755783419,0.6080627099664053,0.7596161732141392
-1.242180071523208,0.022783639497246627,0.606942889137738,0.7616767817600263
-1.2045960165747207,0.02292567166709043,0.6058230683090705,0.7636246206839991
-1.167011961626235,0.022940874914559126,0.6013437849944009,0.7655314524727302
-1.1294279066777495,0.023036513951085084,0.5991041433370661,0.76739727712622
-1.0918438517292621,0.023241669924844693,0.5991041433370661,0.7694988928073485
-1.0542597967807765,0.02336489566894617,0.5968645016797313,0.7716005084884769
-1.0166757418322891,0.023431628277112163,0.593505039193729,0.7735483474124498
-0.9790916868838035,0.023540951446787643,0.5912653975363942,0.7754756827688017
-0.941507631935318,0.023677944017612435,0.5901455767077267,0.7772287378003773
-0.9039235769868306,0.02381600435492651,0.5879059350503919,0.7793918641843681
-0.866339522038345,0.023955380817408795,0.5867861142217246,0.7811244156483228
-0.8287554670898576,0.02414190278737618,0.5867861142217246,0.7828569671122776
-0.791171412141372,0.024314272431427243,0.5856662933930571,0.7848458131714918
-0.7535873571928846,0.024505669571736482,0.5856662933930571,0.7865681128516362
-0.716003302244399,0.024597516642273737,0.5834266517357223,0.7881981464774871
-0.6784192472959134,0.02482962398131821,0.5834266517357223,0.7902279996719429
-0.640835192347426,0.024963994239078253,0.5823068309070548,0.7917862708111212
-0.6032511373989404,0.024977007599593398,0.5778275475923852,0.7934983187074551
-0.565667082450453,0.025091530388088847,0.5755879059350504,0.795261625522841
-0.5280830275019675,0.025281589690620235,0.5755879059350504,0.79684040022964
-0.49049897255348185,0.02544011901810067,0.574468085106383,0.7985319445583532
-0.45291491760499447,0.025628216016386072,0.574468085106383,0.8000492085622899
-0.41533086265650887,0.02553620994196316,0.5666293393057111,0.8020483064053145
-0.3777468077080215,0.025669699588268185,0.5655095184770437,0.8034938079225785
-0.3401627527595359,0.025912052952947816,0.5655095184770437,0.805380136143689
-0.3025786978110503,0.026072112151466556,0.5643896976483762,0.8069896662019191
-0.2649946428625629,0.026225234619395202,0.5632698768197089,0.8085274337734766
-0.2274105879140773,0.02630887990337657,0.561030235162374,0.8099114245878782
-0.18982653296558993,0.026466229091679016,0.5599104143337066,0.8114491921594358
-0.15224247801710433,0.026577009285943004,0.5576707726763718,0.813007463298614
-0.11465842306861695,0.026757833530741897,0.5565509518477044,0.8146785040597064
-0.07707436812013135,0.026817219477769938,0.5531914893617021,0.8162162716312639
-0.03949031317164575,0.026926444833625218,0.5509518477043673,0.8177232838513901
-0.0019062582231583747,0.027080690530031436,0.5498320268756999,0.8191585335848438
0.03567779672532723,0.027186301217546005,0.5475923852183651,0.8206142868859182
0.0732618516738146,0.027358860794976732,0.5464725643896976,0.8221418026736652
0.1108459066223002,0.02749024266078398,0.5442329227323628,0.823741080948085
0.1484299615707858,0.027498858968507532,0.5397536394176932,0.8252480931682112
0.18601401651927318,0.027610008628127698,0.5375139977603584,0.8266935946854753
0.22359807146775879,0.02770211532889018,0.5352743561030235,0.8280058230132042
0.26118212641624616,0.027568483149348753,0.528555431131019,0.8293180513409333
0.29876618136473176,0.02764026402640264,0.5251959686450168,0.8308558189124908
0.33635023631321914,0.02764072995304048,0.5207166853303471,0.8323013204297548
0.37393429126170474,0.027864333652924258,0.5207166853303471,0.8336853112441565
0.41151834621019034,0.028007484758857972,0.5195968645016797,0.8349155253014025
0.4491024011586777,0.028132992327365727,0.5173572228443449,0.8363815303862873
0.4866864561071633,0.028149147553047957,0.5139977603583427,0.8375399819568605
0.5242705110556507,0.028249984545960314,0.5117581187010078,0.8388419585007791
0.5618545660041363,0.02853040329629167,0.5117581187010078,0.84047199212663
0.5994386209526219,0.02871536523929471,0.5106382978723404,0.8418764865086525
0.6370226759011093,0.0288687266036419,0.509518477043673,0.8430861969982777
0.6746067308495949,0.028852920478536243,0.5050391937290034,0.844377921758386
0.7121907857980823,0.02898737438804432,0.503919372900336,0.8454646108422865
0.7497748407465679,0.029085243134454326,0.5016797312430011,0.8466845731157221
0.7873588956950535,0.029048086359175662,0.49720044792833146,0.8478532764701058
0.8249429506435408,0.029219708462502474,0.49608062709966405,0.8491142458787829
0.8625270055920264,0.029347175084847275,0.49384098544232924,0.8504674813417534
0.9001110605405138,0.02948864017157027,0.49272116461366183,0.8515439186418436
0.9376951154889994,0.029602595296025953,0.49048152295632697,0.8528048880505208
0.9752791704374868,0.02975825672454886,0.48936170212765956,0.8539325842696629
1.0128632253859724,0.029910132400356726,0.48824188129899215,0.855029525137374
1.050447280334458,0.030080907267823802,0.48712206047032475,0.856208480275568
1.0880313352829454,0.03027771977448319,0.48712206047032475,0.857172147953744
1.125615390231431,0.030381700813920852,0.48488241881298993,0.8583305995243172
1.1631994451799184,0.030392988408255585,0.48152295632698766,0.8593660296891659
1.200783500128404,0.030387133504127525,0.47816349384098544,0.8603194455835316
1.2383675550768896,0.030492179652747885,0.47592385218365063,0.8614676453702944
1.275951610025377,0.030730296456977585,0.47592385218365063,0.8625748380218158
1.3135356649738625,0.030974418774141827,0.47592385218365063,0.8636922824571476
1.35111971992235,0.031174178369237558,0.4748040313549832,0.8649122447305831
1.3887037748708355,0.03103933624712942,0.46920492721164614,0.8659066677601903
1.426287829819323,0.031245339299030575,0.46920492721164614,0.8668190765193143
1.4638718847678085,0.03125234768236797,0.4658454647256439,0.8678032477651111
1.501455939716294,0.031280695126558365,0.46360582306830905,0.8685618797670794
1.5390399946647815,0.03149726110772976,0.46360582306830905,0.8694947920938243
1.576624049613267,0.03159266927382869,0.46136618141097424,0.870530222258673
1.6142081045617545,0.03179748398549047,0.46136618141097424,0.8713913720987452
1.65179215951024,0.03190413197416544,0.45912653975363943,0.872457557615025
1.6893762144587257,0.03203822653924487,0.458006718924972,0.8733187074550972
1.726960269407213,0.03223772365413415,0.458006718924972,0.8741285983761174
1.7645443243556986,0.03231954260303343,0.45576707726763716,0.8750717624866727
1.802128379304186,0.032539174928046054,0.45576707726763716,0.8759431641105553
1.8397124342526716,0.03267605633802817,0.45464725643896975,0.8767838103830067
1.8772964892011572,0.032723149198120846,0.45240761478163494,0.8775731977364062
1.9148805441496446,0.03299575302188827,0.45240761478163494,0.8786188796850652
1.9524645990981302,0.03321002877106453,0.45240761478163494,0.8794287706060855
1.9900486540466176,0.03335816571475871,0.45128779395296753,0.8802796686623473
2.027632708995103,0.033438959306204136,0.4490481522956327,0.8811715738538506
2.0652167639435905,0.033652232292715675,0.4490481522956327,0.8819507094234397
2.102800818892076,0.033902603990530945,0.4490481522956327,0.8828528663987534
2.1403848738405618,0.03404255319148936,0.4479283314669653,0.8836422537521529
2.1779689287890474,0.03413757700205339,0.44680851063829785,0.8842676125645862
2.2155529837375365,0.03428669882839421,0.44568868980963045,0.8850775034856065
2.253137038686022,0.034419975723946596,0.44456886898096304,0.8858258837037645
2.2907210936345077,0.034588173639619184,0.44344904815229563,0.8866870335438366
2.3283051485829933,0.03467394174073748,0.4412094064949608,0.8875481833839088
2.365889203531479,0.034935272211384996,0.4412094064949608,0.8884195850077914
2.403473258479968,0.03518171265291544,0.4412094064949608,0.8892294759288116
2.4410573134284537,0.03521379805964786,0.43896976483762595,0.8898958418764865
2.4786413683769393,0.03525264394829612,0.43673012318029114,0.8905827113917821
2.516225423325425,0.03541514930808449,0.43561030235162373,0.8913823505289921
2.5538094782739105,0.035351222639435846,0.4322508398656215,0.8920179611252358
2.5913935332223996,0.035483870967741936,0.4311310190369541,0.8927150824243418
2.6289775881708852,0.03567457375833951,0.4311310190369541,0.8933096858853441
2.666561643119371,0.03568766306373462,0.42889137737961924,0.8939042893463462
2.7041456980678564,0.035848348348348345,0.42777155655095184,0.894673173132125
2.7417297530163456,0.03594000565984341,0.42665173572228443,0.8952267694578857
2.779313807964831,0.03617890038932675,0.42665173572228443,0.8959443943246125
2.816897862913317,0.036403592585515,0.42665173572228443,0.8966107602722874
2.8544819178618024,0.0365665896843726,0.425531914893617,0.8973591404904453
2.892065972810288,0.03673904614191547,0.4244120940649496,0.8981280242762241
2.929650027758777,0.03685288095934484,0.4232922732362822,0.8987226277372263
2.9672340827072627,0.037084273521043855,0.4232922732362822,0.8993787419010908
3.0048181376557483,0.037146808931041296,0.42105263157894735,0.9000861149840073
3.042402192604234,0.037412935323383086,0.42105263157894735,0.9008242434183548
3.0799862475527195,0.03766025641025641,0.42105263157894735,0.9015008611498401
3.1175703025012087,0.037813854996470705,0.41993281075027994,0.9021774788813254
3.1551543574496943,0.03804017041996348,0.41993281075027994,0.902782334126138
3.19273841239818,0.038009604577500765,0.4165733482642777,0.903479455425244
3.2303224673466655,0.038244062917651894,0.4165733482642777,0.904094562453867
3.267906522295151,0.03843762950683796,0.4154535274356103,0.9048531944558353
3.3054905772436403,0.038549697853719526,0.4143337066069429,0.9053965389977856
3.343074632192126,0.03881661770877046,0.4143337066069429,0.9060731567292709
3.3806586871406115,0.03883905013192612,0.41209406494960804,0.9066370048388419
3.418242742089097,0.038984491183343954,0.41097424412094063,0.9072521118674649
3.4558267970375827,0.03910674217330912,0.40985442329227323,0.9078057081932256
3.493410851986072,0.03922200730711369,0.4087346024636058,0.9083388009513655
3.5309949069345574,0.039330091842247436,0.4076147816349384,0.9088513901418847
3.568578961883043,0.039495158307039493,0.406494960806271,0.9094972525219388
3.6061630168315286,0.03967123287671233,0.4053751399776036,0.9101636184696137
3.6437470717800142,0.03977084939958136,0.40425531914893614,0.9106454523087018
3.6813311267285034,0.039596273291925464,0.3997760358342665,0.9112298039858936
3.718915181676989,0.03974545048565368,0.3986562150055991,0.9118244074468957
3.7564992366254746,0.03973955994611585,0.3964165733482643,0.9123062412859838
3.79408329157396,0.04001356391997287,0.3964165733482643,0.9129316000984171
3.8316673465224493,0.04031890660592255,0.3964165733482643,0.9136184696137127
3.869251401470935,0.04048629429980502,0.39529675251959684,0.9142335766423357
3.9068354564194205,0.04073860357761108,0.39529675251959684,0.9147871729680964
3.944419511367906,0.04098455822593754,0.39529675251959684,0.9153202657262364
3.9820035663163917,0.0411901983663944,0.39529675251959684,0.9157610924300829
4.019587621264881,0.041412482402627876,0.39529675251959684,0.9162326744853605
4.0571716762133665,0.041622450182761464,0.39529675251959684,0.9166735011892069
4.094755731161852,0.041612329579134556,0.393057110862262,0.9171245796768638
4.132339786110338,0.04174120453190221,0.3919372900335946,0.9176269170835726
4.169923841058823,0.04187664986801056,0.3908174692049272,0.9181395062740917
4.2075078960073125,0.04213449233369552,0.3908174692049272,0.9186623472484212
4.245091950955798,0.04232546825589881,0.3896976483762598,0.9192774542770442
4.282676005904284,0.04247246022031824,0.3885778275475924,0.9198002952513737
4.320260060852769,0.04274451835427445,0.3885778275475924,0.9203333880095137
4.357844115801255,0.042837687260121333,0.387458006718925,0.920743459361929
4.395428170749744,0.04310452223744861,0.387458006718925,0.9212560485524481
4.43301222569823,0.043009404388714735,0.3840985442329227,0.9217583859591569
4.470596280646715,0.043121926617072245,0.3829787234042553,0.9221992126630033
4.508180335595201,0.04295489102889002,0.3796192609182531,0.9225682768801772
4.545764390543686,0.04320672954371654,0.3796192609182531,0.9230398589354548
4.583348445492176,0.043350006412722845,0.3784994400895857,0.9235319445583532
4.620932500440661,0.04332688588007737,0.3762597984322508,0.9239420159107685
4.658516555389147,0.04338789295921019,0.374020156774916,0.9245058640203395
4.696100610337632,0.043580375782881,0.374020156774916,0.9248544246698925
4.733684665286118,0.04379179231676937,0.374020156774916,0.9252337406708767
4.771268720234607,0.04399367755532139,0.374020156774916,0.9255925531042402
4.808852775183093,0.044070937003705665,0.3729003359462486,0.9259513655376035
4.846436830131578,0.044137197553842066,0.3717805151175812,0.9262896744033462
4.884020885080064,0.04433168647349446,0.3717805151175812,0.9266279832690888
4.921604940028553,0.043997317236753854,0.3673012318029115,0.9269355367834003
4.959188994977039,0.0440760210270926,0.3661814109742441,0.9272943492167637
4.996773049925524,0.04414353419092756,0.3650615901455767,0.9276326580825064
5.03435710487401,0.04414561260527031,0.3639417693169093,0.9278581973263348
5.0719411598224955,0.04409556313993174,0.3617021276595745,0.9282170097596982
5.109525214770985,0.04403896282068871,0.3594624860022396,0.9285655704092513
5.14710926971947,0.04428196992688647,0.3594624860022396,0.9289756417616666
5.184693324667956,0.044577142063602276,0.3594624860022396,0.929467727384565
5.2222773796164415,0.044553072625698326,0.3572228443449048,0.9298675469531699
5.259861434564927,0.04465664934700182,0.3561030235162374,0.9302571147379644
5.297445489513416,0.044742413549753,0.35498320268757,0.9306159271713278
5.335029544461902,0.04466817923993193,0.3527435610302352,0.9309337324694497
5.372613599410387,0.04468478724918173,0.3516237402015677,0.9311797752808989
5.410197654358873,0.044647967945048654,0.3493840985442329,0.9315590912818831
5.447781709307359,0.04470317665660486,0.3482642777155655,0.9318666447961945
5.485365764255848,0.04492272136357071,0.3482642777155655,0.9322152054457475
5.522949819204333,0.044960116026105876,0.3471444568868981,0.9324920036086279
5.560533874152819,0.04499781564001747,0.3460246360582307,0.9327688017715082
5.598117929101305,0.044955337531117294,0.3437849944008959,0.933137865988682
5.63570198404979,0.04489916090092742,0.341545352743561,0.933486426638235
5.673286038998279,0.044842385674115734,0.3393057110862262,0.933834987287788
5.710870093946765,0.04475836431226766,0.3370660694288914,0.9341425408020996
5.7484541488952505,0.044849753326356705,0.335946248600224,0.934501353235463
5.786038203843736,0.04462809917355372,0.3325867861142217,0.9348191585335849
5.823622258792222,0.044789624491027,0.3325867861142217,0.935065201345034
5.861206313740711,0.04496593489780469,0.3325867861142217,0.935331747724104
5.8987903686891965,0.045219244823386115,0.3325867861142217,0.9357110637250882
5.936374423637682,0.04525993883792049,0.3314669652855543,0.9359878618879685
5.973958478586168,0.045349730976172176,0.3303471444568869,0.9363364225375215
6.011542533534657,0.0456232601299103,0.3303471444568869,0.9367362421061265
6.049126588483142,0.04584304584304584,0.3303471444568869,0.9370540474042484
6.086710643431628,0.046050577583515453,0.3303471444568869,0.9373513491347495
6.124294698380114,0.046146601789358026,0.3292273236282195,0.9376999097843025
6.161878753328599,0.04622909435153045,0.3281075027995521,0.9380279668662347
6.199462808277088,0.04631979695431472,0.3269876819708847,0.9383662757319774
6.237046863225574,0.046511627906976744,0.3269876819708847,0.9386328221110474
6.27463091817406,0.04648180798204841,0.3247480403135498,0.9390121381120315
6.312214973122545,0.04639175257731959,0.322508398656215,0.9393094398425326
6.349799028071031,0.04647020725388601,0.3213885778275476,0.9396272451406544
6.38738308301952,0.046557056812632266,0.3202687569988802,0.9399553022225867
6.424967137968006,0.046088240118090866,0.3146696528555431,0.9403756253588125
6.462551192916491,0.04599406528189911,0.3124300111982083,0.9406729270893135
6.500135247864977,0.04609517492953076,0.3113101903695409,0.9410214877388665
6.537719302813462,0.046128226477935054,0.3101903695408735,0.9412777823341262
6.5753033577619515,0.046048225050234426,0.3079507278835386,0.941595587632248
6.612887412710437,0.04592866756393001,0.3057110862262038,0.941862134011318
6.650471467658923,0.04583897158322057,0.303471444568869,0.9421696875256295
6.688055522607408,0.04586376762357738,0.3023516237402016,0.9424157303370787
6.725639577555894,0.04608294930875576,0.3023516237402016,0.9427027802837694
6.763223632504383,0.04614065180102916,0.3012318029115342,0.9429898302304601
6.800807687452869,0.046074201898188095,0.2989921612541993,0.9433281390962027
6.838391742401354,0.04612450147390324,0.2978723404255319,0.9436049372590831
6.87597579734984,0.046167247386759584,0.2967525195968645,0.943871483638153
6.9135598522983255,0.04617806541892601,0.2956326987681971,0.9440970228819815
6.951143907246815,0.04635645302897278,0.2956326987681971,0.9443225621258099
6.9887279621953,0.04641722555594776,0.2945128779395297,0.9446096120725006
7.026312017143786,0.04642097802976612,0.2933930571108623,0.9448248995325187
7.063896072092271,0.04658605974395448,0.2933930571108623,0.9450299352087264
7.101480127040761,0.04659050339164584,0.29227323628219487,0.9452452226687443
7.139064181989246,0.046440738748431055,0.29003359462486,0.9454810136963832
7.176648236937732,0.04660788195069282,0.29003359462486,0.9456860493725908
7.214232291886217,0.046801590169859054,0.29003359462486,0.9459218404002296
7.251816346834703,0.046823956442831216,0.2889137737961926,0.9461576314278685
7.289400401783192,0.04684651841049945,0.2877939529675252,0.9463934224555073
7.326984456731678,0.0470523617722446,0.2877939529675252,0.9466394652669564
7.364568511680163,0.047225284821756704,0.2877939529675252,0.9468445009431641
7.402152566628649,0.047425724303377007,0.2877939529675252,0.9470802919708029
7.439736621577135,0.04748655166017436,0.2866741321388578,0.9473570901336833
7.477320676525624,0.04768113242689514,0.2866741321388578,0.9475826293775117
7.514904731474109,0.047690293622592105,0.2855543113101904,0.9477979168375297
7.552488786422595,0.04747607431037718,0.28331466965285557,0.9479619453784959
7.5900728413710805,0.047547169811320754,0.2821948488241881,0.9482489953251866
7.627656896319566,0.04780876494023904,0.2821948488241881,0.9485462970556877
7.665240951268055,0.047836859157613876,0.2810750279955207,0.9487820880833265
7.702825006216541,0.04787437763309077,0.2799552071668533,0.9490281308947757
7.7404090611650265,0.04804920238324044,0.2799552071668533,0.949222914787173
7.777993116113512,0.04806949806949807,0.2788353863381859,0.9494484540310014
7.815577171061998,0.047868217054263563,0.2765957446808511,0.9496329861395882
7.853161226010487,0.04793452844894778,0.27547592385218367,0.9499097843024686
7.890745280958972,0.04775885691916226,0.2732362821948488,0.9501250717624867
7.928329335907458,0.04800314774739327,0.2732362821948488,0.9503916181415566
7.965913390855944,0.04821181584667062,0.2732362821948488,0.9506171573853851
8.00349744580443,0.047996826656088856,0.270996640537514,0.9507914377101616
8.041081500752918,0.048197570205138415,0.270996640537514,0.9510067251701796
8.078665555701404,0.048467854996995796,0.270996640537514,0.9512937751168703
8.11624961064989,0.04827031375703942,0.2687569988801792,0.9514885590092677
8.153833665598375,0.04851425106124924,0.2687569988801792,0.9517448536045272
8.191417720546864,0.048691418137553254,0.2687569988801792,0.951929385713114
8.22900177549535,0.04882017900732303,0.2687569988801792,0.9520626589026491
8.266585830443836,0.049089793413786054,0.2687569988801792,0.9523394570655294
8.304169885392321,0.04937255708701913,0.2687569988801792,0.9526265070122202
8.341753940340807,0.0494824016563147,0.26763717805151177,0.9529340605265316
8.379337995289296,0.049521431543903455,0.26651735722284436,0.9531698515541704
8.416922050237782,0.049488410941741494,0.26539753639417696,0.9533338800951365
8.454506105186267,0.049297251940423746,0.2631578947368421,0.9535389157713442
8.492090160134753,0.04891418933164664,0.2597984322508399,0.9537542032313623
8.529674215083238,0.04860963701974103,0.2564389697648376,0.9540515049618634
8.567258270031727,0.048514639880316304,0.2541993281075028,0.9543590584761749
8.604842324980213,0.04871244635193133,0.2541993281075028,0.9545538423685721
8.642426379928699,0.04869640163757811,0.2530795072788354,0.954738374477159
8.680010434877184,0.04886486486486487,0.2530795072788354,0.9549024030181251
8.71759448982567,0.04880694143167028,0.251959686450168,0.9550459279914705
8.755178544774159,0.048801742919389976,0.25083986562150057,0.9552407118838678
8.792762599722645,0.04883924660534385,0.24972004479283313,0.9554765029115067
8.83034665467113,0.049043325269408404,0.24972004479283313,0.9556712868039039
8.867930709619616,0.049259995582063176,0.24972004479283313,0.9558763224801116
8.905514764568101,0.04898049645390071,0.24748040313549832,0.9560095956696465
8.94309881951659,0.04920953017145402,0.24748040313549832,0.9562248831296646
8.980682874465076,0.049429657794676805,0.24748040313549832,0.9564299188058722
9.018266929413562,0.04946043165467626,0.24636058230683092,0.9566554580497006
9.055850984362047,0.04970628106642567,0.24636058230683092,0.956880997293529
9.093435039310533,0.04989793603991835,0.24636058230683092,0.9570552776183056
9.131019094259022,0.049977179370150615,0.24524076147816348,0.9573218239973755
9.168603149207508,0.050183318056828595,0.24524076147816348,0.9575063561059625
9.206187204155993,0.05037957211870255,0.24524076147816348,0.957680636430739
9.243771259104479,0.05067098565478945,0.24524076147816348,0.9579369310259985
9.281355314052968,0.05091839107184376,0.24524076147816348,0.9581522184860166
9.318939369001454,0.051108518086347726,0.24524076147816348,0.9583162470269827
9.35652342394994,0.05057363615078436,0.24188129899216126,0.9584290166488969
9.394107478898425,0.05077574047954866,0.24188129899216126,0.9586032969736734
9.43169153384691,0.05096743747050495,0.24188129899216126,0.9587673255146395
9.4692755887954,0.050485897132021805,0.23852183650615902,0.9589313540556057
9.506859643743885,0.05069014754878629,0.23852183650615902,0.9591056343803822
9.54444369869237,0.0508595988538682,0.23852183650615902,0.9592491593537276
9.582027753640856,0.05076628352490421,0.2374020156774916,0.9593619289756418
9.619611808589342,0.050794415021665866,0.23628219484882418,0.9595772164356599
9.657195863537831,0.050966183574879226,0.23628219484882418,0.9597207414090052
9.694779918486317,0.05064211291495033,0.23404255319148937,0.9598335110309194
9.732363973434802,0.05066991473812424,0.23292273236282196,0.9600487984909374
9.769948028383288,0.050880626223091974,0.23292273236282196,0.9602230788157139
9.807532083331774,0.051118210862619806,0.23292273236282196,0.9604178627081112
9.845116138280263,0.0514087988136431,0.23292273236282196,0.9606536537357501
9.882700193228748,0.051741293532338306,0.23292273236282196,0.9609202001148199
9.920284248177234,0.051762940735183796,0.23180291153415453,0.9611252357910276
9.95786830312572,0.051957831325301206,0.23180291153415453,0.9612790125481834
9.995452358074205,0.05170239596469105,0.22956326987681971,0.9614532928729599
10.033036413022694,0.05187246963562753,0.22956326987681971,0.9615865660624949
10.07062046797118,0.05188199389623601,0.2284434490481523,0.9617813499548922
10.108204522919666,0.052160572743543854,0.2284434490481523,0.9619966374149101
10.145788577868151,0.052158273381294966,0.22732362821948487,0.9621811695234971
10.183372632816637,0.051897753679318356,0.22508398656215006,0.9623554498482736
10.220956687765126,0.0521942352635679,0.22508398656215006,0.962580989092102
10.258540742713611,0.05242566510172144,0.22508398656215006,0.9627552694168785
10.296124797662097,0.05261780104712042,0.22508398656215006,0.9628987943902239
10.333708852610583,0.05286691215149921,0.22508398656215006,0.9630833264988108
10.371292907559072,0.05253431890179514,0.22284434490481522,0.9632063479045354
10.408876962507557,0.0525756771109931,0.22172452407614782,0.9634216353645534
10.446461017456043,0.05256136606189968,0.2206047032474804,0.9635959156893299
10.484045072404529,0.052857526160450766,0.2206047032474804,0.963811203149348
10.521629127353014,0.05305682736331807,0.2206047032474804,0.9639547281226933
10.559213182301503,0.052788305360043315,0.21836506159014557,0.9641290084474698
10.596797237249989,0.05301794453507341,0.21836506159014557,0.9642930369884359
10.634381292198475,0.05324959038776625,0.21836506159014557,0.9644570655294021
10.67196534714696,0.0532235939643347,0.21724524076147816,0.9646210940703682
10.709549402095446,0.053487730907085744,0.21724524076147816,0.9648056261789552
10.747133457043935,0.05349223946784922,0.21612541993281076,0.964990158287542
10.78471751199242,0.05377542490944553,0.21612541993281076,0.9651849421799393
10.822301566940906,0.053766451974236906,0.21500559910414332,0.9653592225047158
10.859885621889392,0.05378766544635314,0.21388577827547592,0.9655540063971131
10.897469676837877,0.05389390519187359,0.21388577827547592,0.9656257688837858
10.935053731786367,0.05336361055918251,0.21052631578947367,0.9658103009923726
10.972637786734852,0.053591790193842644,0.21052631578947367,0.9659640777495284
11.010221841683338,0.053729637039154045,0.21052631578947367,0.9660563438038219
11.047805896631823,0.05391453971895612,0.21052631578947367,0.9661793652095465
11.085389951580309,0.05413187446012093,0.21052631578947367,0.9663228901828919
11.122974006528798,0.054061867591789534,0.20940649496080627,0.9664561633724268
11.160558061477284,0.05434466724789305,0.20940649496080627,0.9666406954810137
11.19814211642577,0.05401459854014599,0.20716685330347145,0.9667842204543591
11.235726171374255,0.05426811381636844,0.20716685330347145,0.9669482489953252
11.273310226322744,0.054491899852724596,0.20716685330347145,0.9670917739686705
11.31089428127123,0.05468519065917824,0.20716685330347145,0.9672147953743951
11.348478336219715,0.05492874109263658,0.20716685330347145,0.9673685721315509
11.3860623911682,0.05490898239331543,0.20604703247480402,0.967532600672517
11.423646446116686,0.05515587529976019,0.20604703247480402,0.9676863774296728
11.461230501065176,0.05475330926594465,0.2038073908174692,0.9677888952677766
11.498814556013661,0.05473238584820079,0.2026875699888018,0.9679529238087428
11.536398610962147,0.0543247344461305,0.20044792833146696,0.9680554416468465
11.573982665910632,0.05452330185805666,0.20044792833146696,0.9681784630525712
11.611566720859118,0.05479032751760025,0.20044792833146696,0.9683424915935372
11.649150775807607,0.05480295566502463,0.19932810750279956,0.9685270237021242
11.686734830756093,0.05479876160990712,0.19820828667413215,0.9687013040269007
11.724318885704578,0.05505443234836703,0.19820828667413215,0.9688550807840565
11.761902940653064,0.05515512378564713,0.19708846584546472,0.9690908718116953
11.79948699560155,0.05506607929515418,0.1959686450167973,0.9692138932174198
11.837071050550039,0.05539727761949984,0.1959686450167973,0.9694086771098172
11.874655105498524,0.05559085133418043,0.1959686450167973,0.9695214467317314
11.91223916044701,0.055768005098789035,0.1959686450167973,0.9696239645698351
11.949823215395496,0.0559462915601023,0.1959686450167973,0.969726482407939
11.987407270343981,0.055842479018721754,0.1937290033594625,0.9700135323546297
12.02499132529247,0.05555555555555555,0.19148936170212766,0.9701980644632165
12.062575380240956,0.05593719332679097,0.19148936170212766,0.9704133519232346
12.100159435189441,0.056176084099868594,0.19148936170212766,0.9705466251127696
12.137743490137927,0.05658504301786896,0.19148936170212766,0.9707721643565981
12.175327545086413,0.05679176353370973,0.19148936170212766,0.9708849339785123
12.212911600034902,0.05707610146862483,0.19148936170212766,0.971038710735668
12.250495654983387,0.05730563002680965,0.19148936170212766,0.9711617321413926
12.288079709931873,0.0575563783237967,0.19148936170212766,0.9712950053309276
12.325663764880359,0.05745184183845894,0.19036954087346025,0.9714077749528418
12.363247819828848,0.05778382053025153,0.19036954087346025,0.9715820552776183
12.400831874777333,0.05802047781569966,0.19036954087346025,0.9717050766833429
12.438415929725819,0.058259081562714185,0.19036954087346025,0.9718280980890674
12.475999984674305,0.05839917554105119,0.19036954087346025,0.9718998605757402
12.51358403962279,0.057951017592273196,0.1881298992161254,0.972002378413844
12.55116809457128,0.05825242718446602,0.1881298992161254,0.9721561551709997
12.588752149519765,0.0582084349947717,0.187010078387458,0.9722996801443451
12.62633620446825,0.05857593826727464,0.187010078387458,0.972484212252932
12.663920259416736,0.05890652557319224,0.187010078387458,0.9726482407938981
12.701504314365222,0.059177888022678954,0.187010078387458,0.9727815139834332
12.739088369313711,0.05953654188948307,0.187010078387458,0.9729557943082097
12.776672424262197,0.05911859548548907,0.18477043673012317,0.9730788157139342
12.814256479210682,0.05948089401586157,0.18477043673012317,0.9732530960387107
12.851840534159168,0.05980427691192461,0.18477043673012317,0.9734068727958665
12.889424589107653,0.060109289617486336,0.18477043673012317,0.9735503977692118
12.927008644056142,0.0603290676416819,0.18477043673012317,0.9736529156073157
12.964592699004628,0.06068407502758367,0.18477043673012317,0.9738169441482818
13.002176753953114,0.060650887573964495,0.18365061590145576,0.9739604691216271
13.0397608089016,0.06050482553823311,0.18253079507278835,0.9740527351759206
13.077344863850085,0.060866318147871544,0.18253079507278835,0.9742167637168867
13.114928918798574,0.06107156238291495,0.18253079507278835,0.9743090297711802
13.15251297374706,0.06108597285067873,0.18141097424412095,0.9744730583121464
13.190097028695545,0.06080060422960725,0.18029115341545351,0.9745038136635774
13.22768108364403,0.06067500948047023,0.1791713325867861,0.9746063315016813
13.265265138592516,0.06095238095238095,0.1791713325867861,0.9747293529074059
13.302849193541006,0.06130268199233716,0.1791713325867861,0.9748831296645616
13.340433248489491,0.061153846153846156,0.1780515117581187,0.974975395718855
13.378017303437977,0.06153250773993808,0.1780515117581187,0.9751394242598213
13.415601358386462,0.061843640606767794,0.1780515117581187,0.9752726974493562
13.453185413334952,0.06135209066041422,0.17581187010078386,0.9753752152874601
13.490769468283437,0.061884115096570755,0.17581187010078386,0.9756007545312885
13.528353523231923,0.062153602533650036,0.17581187010078386,0.9757135241532027
13.565937578180408,0.06242544731610338,0.17581187010078386,0.9758262937751169
13.603521633128894,0.06272473032361167,0.17581187010078386,0.9759493151808415
13.641105688077383,0.06315366049879324,0.17581187010078386,0.976123595505618
13.678689743025869,0.06335754640839386,0.17581187010078386,0.976205609776101
13.716273797974354,0.06356275303643724,0.17581187010078386,0.9762876240465841
13.75385785292284,0.0636215334420881,0.17469204927211646,0.9764619043713606
13.791441907871326,0.06357670221493027,0.17357222844344905,0.9765951775608956
13.829025962819815,0.0638648537288834,0.17357222844344905,0.9767079471828098
13.8666100177683,0.06418219461697723,0.17357222844344905,0.9768309685885344
13.904194072716786,0.06405990016638935,0.17245240761478164,0.9769334864266382
13.941778127665271,0.0644081974069427,0.17245240761478164,0.9770667596161732
13.979362182613757,0.06465155331654072,0.17245240761478164,0.9771590256704666
14.016946237562246,0.06492411467116357,0.17245240761478164,0.9772615435085705
14.054530292510732,0.06477561388653684,0.1713325867861142,0.9773538095628639
14.092114347459217,0.06496815286624204,0.1713325867861142,0.9774255720495366
14.129698402407703,0.06492951730029901,0.1702127659574468,0.9775588452390715
14.167282457356189,0.06520806520806521,0.1702127659574468,0.9776613630771754
14.204866512304678,0.06494623655913978,0.1690929451287794,0.9777126219962273
14.242450567253163,0.06525496974935177,0.1690929451287794,0.9778253916181415
14.280034622201649,0.06510416666666667,0.167973124300112,0.977917657672435
14.317618677150135,0.06547359231776517,0.167973124300112,0.97805093086197
14.35520273209862,0.06584723441615452,0.167973124300112,0.978184204051505
14.39278678704711,0.06572562858403176,0.16685330347144456,0.9782867218896087
14.430370841995595,0.06569019085663559,0.16573348264277715,0.9784199950791438
14.46795489694408,0.06586559857587895,0.16573348264277715,0.9784815057820061
14.505538951892566,0.06618962432915922,0.16573348264277715,0.9785942754039203
14.543123006841055,0.06657669815564553,0.16573348264277715,0.9787275485934552
14.580707061789541,0.06654594839293798,0.16461366181410975,0.9788608217829903
14.618291116738027,0.06681818181818182,0.16461366181410975,0.9789530878372837
14.655875171686512,0.06666666666666667,0.16349384098544234,0.9790453538915771
14.693459226634998,0.06697247706422019,0.16349384098544234,0.979147871729681
14.731043281583487,0.06734317343173432,0.16349384098544234,0.9792708931354056
14.768627336531972,0.06768660176170607,0.16349384098544234,0.9793836627573198
14.806211391480458,0.06812879141390574,0.16349384098544234,0.9795271877306652
14.843795446428944,0.0680431722196152,0.1623740201567749,0.9796399573525794
14.88137950137743,0.06833176248821866,0.1623740201567749,0.9797322234068728
14.918963556325918,0.0683111954459203,0.1612541993281075,0.9798654965964078
14.956547611274404,0.06774809160305344,0.1590145576707727,0.9799680144345116
14.99413166622289,0.06759348034515819,0.15789473684210525,0.980060280488805
15.031715721171375,0.06785370548604427,0.15789473684210525,0.9801422947592882
15.06929977611986,0.06769825918762089,0.15677491601343785,0.9802345608135815
15.10688383106835,0.06825938566552901,0.15677491601343785,0.980408841138358
15.144467886016836,0.0684931506849315,0.15677491601343785,0.9804806036250308
15.182051940965321,0.06872852233676977,0.15677491601343785,0.9805523661117035
15.219635995913807,0.0688298918387414,0.15677491601343785,0.9805831214631345
15.257220050862292,0.06896551724137931,0.15677491601343785,0.9806241285983761
15.294804105810782,0.06930693069306931,0.15677491601343785,0.98072664643648
15.332388160759267,0.06989515726410385,0.15677491601343785,0.9809009267612565
15.369972215707753,0.0699195171026157,0.15565509518477044,0.9810444517346019
15.407556270656238,0.07027300303336703,0.15565509518477044,0.9811469695727056
15.445140325604724,0.07041540020263425,0.15565509518477044,0.9811879767079472
15.482724380553213,0.07077393075356415,0.15565509518477044,0.981290494546051
15.520308435501699,0.07139188495120699,0.15565509518477044,0.9814647748708275
15.557892490450184,0.07131782945736434,0.15453527435610304,0.9815775444927417
15.59547654539867,0.07161390762843799,0.15453527435610304,0.9816595587632247
15.633060600347159,0.07157784743991641,0.1534154535274356,0.9817825801689494
15.670644655295645,0.07184058730991086,0.1534154535274356,0.9818543426556221
15.70822871024413,0.0719915922228061,0.1534154535274356,0.9818953497908636
15.745812765192616,0.07225738396624473,0.1534154535274356,0.9819671122775363
15.783396820141101,0.0725635593220339,0.1534154535274356,0.9820491265480193
15.82098087508959,0.07196162046908315,0.1511758118701008,0.9821516443861232
15.858564930038076,0.07242489270386267,0.1511758118701008,0.9822746657918477
15.896148984986562,0.07261968800430339,0.1511758118701008,0.9823259247108997
15.933733039935047,0.07289416846652268,0.1511758118701008,0.9823976871975724
15.971317094883533,0.07282608695652174,0.15005599104143338,0.9825104568194866
16.00890114983202,0.07338444687842278,0.15005599104143338,0.9826539817928319
16.04648520478051,0.07362637362637363,0.15005599104143338,0.9827154924956942
16.08406925972899,0.07432057681641709,0.15005599104143338,0.9828897728204707
16.12165331467748,0.07409470752089137,0.14893617021276595,0.9829615353071435
16.159237369625963,0.07450980392156863,0.14893617021276595,0.9830640531452473
16.196821424574452,0.07492957746478873,0.14893617021276595,0.9831665709833511
16.23440547952294,0.07535410764872522,0.14893617021276595,0.9832690888214549
16.271989534471423,0.07578347578347579,0.14893617021276595,0.9833716066595588
16.309573589419912,0.07551487414187644,0.14781634938409854,0.9834331173624211
16.347157644368394,0.07577497129735936,0.14781634938409854,0.9834946280652833
16.384741699316884,0.0759493670886076,0.14781634938409854,0.9835356352005249
16.422325754265373,0.07576633892423366,0.14669652855543114,0.9836176494710079
16.459909809213855,0.0764294049008168,0.14669652855543114,0.9837714262281637
16.497493864162344,0.07669789227166277,0.14669652855543114,0.983832936931026
16.535077919110826,0.07696827262044653,0.14669652855543114,0.9838944476338883
16.572661974059315,0.07737743650324867,0.14669652855543114,0.9839867136881817
16.610246029007804,0.07760663507109004,0.14669652855543114,0.9840379726072337
16.647830083956286,0.07792980368828079,0.14669652855543114,0.9841097350939063
16.685414138904775,0.0784431137724551,0.14669652855543114,0.9842225047158205
16.722998193853265,0.07826610475617098,0.1455767077267637,0.9843045189863037
16.760582248801747,0.0782292298362644,0.1444568868980963,0.9844172886082179
16.798166303750236,0.07861060329067641,0.1444568868980963,0.9844993028787009
16.835750358698718,0.0784313725490196,0.1433370660694289,0.984581317149184
16.873334413647207,0.07886629698089957,0.1433370660694289,0.9846735832034774
16.910918468595696,0.07935523868567886,0.1433370660694289,0.9847761010415812
16.948502523544178,0.07955251709136109,0.1433370660694289,0.9848171081768228
16.986086578492667,0.07957393483709273,0.1422172452407615,0.9849401295825474
17.02367063344115,0.07987421383647798,0.1422172452407615,0.9850016402854097
17.06125468838964,0.0800252047889099,0.1422172452407615,0.9850323956368409
17.098838743338128,0.08058375634517767,0.1422172452407615,0.9851451652587551
17.13642279828661,0.08089171974522293,0.1422172452407615,0.9852066759616174
17.1740068532351,0.0814624759461193,0.1422172452407615,0.9853194455835316
17.21159090818358,0.08188265635074146,0.1422172452407615,0.9854014598540146
17.24917496313207,0.0812743823146944,0.13997760358342665,0.9855142294759288
17.28675901808056,0.08153946510110893,0.13997760358342665,0.9855654883949807
17.32434307302904,0.08185985592665357,0.13997760358342665,0.985626999097843
17.36192712797753,0.08108108108108109,0.13773796192609183,0.9857090133683261
17.399511182926013,0.08100929614873838,0.1366181410974244,0.98581153120643
17.4370952378745,0.08171466845277964,0.1366181410974244,0.9859448043959649
17.47467929282299,0.08198924731182795,0.1366181410974244,0.9859960633150168
17.512263347771473,0.08237677245104659,0.1366181410974244,0.9860678258016895
17.549847402719962,0.08259986459038592,0.1366181410974244,0.9861088329369311
17.587431457668444,0.08236895847515316,0.135498320268757,0.9861805954236037
17.625015512616933,0.08276333789329686,0.135498320268757,0.9862523579102764
17.662599567565422,0.08321870701513068,0.135498320268757,0.9863343721807595
17.700183622513904,0.0835635359116022,0.135498320268757,0.9863958828836218
17.737767677462394,0.08396946564885496,0.135498320268757,0.9864676453702944
17.775351732410876,0.0843205574912892,0.135498320268757,0.9865291560731567
17.812935787359365,0.08473389355742297,0.135498320268757,0.9866009185598295
17.850519842307854,0.08450704225352113,0.1343784994400896,0.9866726810465021
17.888103897256336,0.08386638237384506,0.13213885778275475,0.9867854506684163
17.925687952204825,0.08339272986457591,0.13101903695408734,0.9868162060198474
17.963272007153307,0.08369098712446352,0.13101903695408734,0.9868674649388993
18.000856062101796,0.08447653429602887,0.13101903695408734,0.9870007381284344
18.038440117050285,0.08436363636363636,0.12989921612541994,0.9870930041827278
18.076024171998768,0.0849194729136164,0.12989921612541994,0.9871852702370213
18.113608226947257,0.08321060382916053,0.1265397536394177,0.9872365291560732
18.15119228189574,0.08284023668639054,0.12541993281075028,0.9872877880751251
18.188776336844228,0.08320950965824665,0.12541993281075028,0.9873492987779874
18.22636039179271,0.08271236959761549,0.12430011198208286,0.9873800541294185
18.2639444467412,0.08320839580209895,0.12430011198208286,0.9874620683999016
18.30152850168969,0.08396369137670197,0.12430011198208286,0.9875850898056262
18.33911255663817,0.08466819221967964,0.12430011198208286,0.9876978594275404
18.37669661158666,0.08505747126436781,0.12430011198208286,0.9877593701304027
18.41428066653514,0.08538461538461538,0.12430011198208286,0.9878106290494546
18.45186472148363,0.08564814814814815,0.12430011198208286,0.9878516361846962
18.48944877643212,0.08578052550231839,0.12430011198208286,0.9878721397523169
18.527032831380602,0.08638132295719844,0.12430011198208286,0.9879644058066104
18.56461688632909,0.08678655199374512,0.12430011198208286,0.9880259165094727
18.602200941277573,0.08620689655172414,0.12318029115341546,0.9880464200770934
18.639784996226062,0.08661417322834646,0.12318029115341546,0.9881079307799557
18.67736905117455,0.08681925808997633,0.12318029115341546,0.9881386861313869
18.714953106123033,0.0873015873015873,0.12318029115341546,0.9882104486180595
18.752537161071523,0.088,0.12318029115341546,0.9883129664561634
18.790121216020005,0.08849557522123894,0.12318029115341546,0.988384728942836
18.827705270968494,0.0889248181083266,0.12318029115341546,0.9884462396456983
18.865289325916983,0.08876221498371335,0.12206047032474804,0.9885282539161814
18.902873380865465,0.08845208845208845,0.12094064949608063,0.9885897646190437
18.940457435813954,0.08874281018898932,0.12094064949608063,0.9886307717542853
18.978041490762436,0.0884297520661157,0.11982082866741321,0.9886922824571476
19.015625545710925,0.08857615894039735,0.11982082866741321,0.9887127860247683
19.053209600659414,0.0872093023255814,0.11758118701007839,0.988733289592389
19.090793655607897,0.0875,0.11758118701007839,0.9887742967276306
19.128377710556386,0.08786610878661087,0.11758118701007839,0.9888255556466825
19.165961765504868,0.08808724832214765,0.11758118701007839,0.9888563109981137
19.203545820453357,0.08845829823083404,0.11758118701007839,0.9889075699171656
19.241129875401846,0.08898305084745763,0.11758118701007839,0.9889793324038383
19.278713930350328,0.08943781942078365,0.11758118701007839,0.9890408431067006
19.316297985298817,0.08927038626609442,0.11646136618141098,0.9891228573771836
19.353882040247306,0.08973252804141502,0.11646136618141098,0.989184368080046
19.39146609519579,0.0894874022589053,0.11534154535274356,0.9892561305667186
19.429050150144278,0.08820960698689956,0.11310190369540873,0.9892971377019601
19.46663420509276,0.0881057268722467,0.11198208286674133,0.9893894037562536
19.50421826004125,0.08849557522123894,0.11198208286674133,0.9894406626753055
19.541802314989738,0.08888888888888889,0.11198208286674133,0.9894919215943574
19.57938636993822,0.08944543828264759,0.11198208286674133,0.9895636840810301
19.61697042488671,0.08984725965858041,0.11198208286674133,0.989614943000082
19.65455447983519,0.09025270758122744,0.11198208286674133,0.9896662019191339
19.69213853478368,0.09082652134423251,0.11198208286674133,0.9897379644058066
19.72972258973217,0.09107468123861566,0.11198208286674133,0.9897687197572378
19.76730664468065,0.09124087591240876,0.11198208286674133,0.9897892233248585
19.80489069962914,0.09157509157509157,0.11198208286674133,0.9898302304601001
19.842474754577623,0.09225092250922509,0.11198208286674133,0.9899122447305831
19.880058809526112,0.09319664492078285,0.11198208286674133,0.9900250143524973
19.9176428644746,0.09363295880149813,0.11198208286674133,0.9900762732715492
19.955226919423083,0.0942507068803016,0.11198208286674133,0.990148035758222
19.992810974371572,0.0938388625592417,0.11086226203807391,0.9901992946772739
20.030395029320054,0.09437559580552908,0.11086226203807391,0.9902608053801362
20.067979084268543,0.09473684210526316,0.11086226203807391,0.9903018125153776
20.105563139217033,0.09528392685274302,0.11086226203807391,0.9903633232182399
20.143147194165515,0.0941747572815534,0.10862262038073908,0.9904350857049127
20.180731249114004,0.09454191033138401,0.10862262038073908,0.9904760928401541
20.218315304062486,0.09519136408243375,0.10862262038073908,0.9905478553268269
20.255899359010975,0.0958498023715415,0.10862262038073908,0.9906196178134995
20.293483413959464,0.09533267130089375,0.10750279955207166,0.9906606249487411
20.331067468907946,0.09580838323353294,0.10750279955207166,0.990711883867793
20.368651523856435,0.0963855421686747,0.10750279955207166,0.9907733945706553
20.406235578804917,0.09667673716012085,0.10750279955207166,0.9908041499220864
20.443819633753407,0.09706774519716886,0.10750279955207166,0.990845157057328
20.481403688701896,0.09654471544715447,0.10638297872340426,0.9908861641925695
20.518987743650378,0.09621289662231321,0.10526315789473684,0.9909476748954318
20.556571798598867,0.09533678756476684,0.10302351623740201,0.9910501927335357
20.59415585354735,0.09563409563409564,0.10302351623740201,0.9910809480849668
20.631739908495838,0.09573361082206035,0.10302351623740201,0.9910911998687771
20.669323963444327,0.09643605870020965,0.10302351623740201,0.9911629623554499
20.70690801839281,0.09653725078698845,0.10302351623740201,0.9911732141392602
20.7444920733413,0.09735449735449736,0.10302351623740201,0.9912552284097433
20.78207612828978,0.09670563230605739,0.1019036954087346,0.9912859837611745
20.81966018323827,0.09722222222222222,0.1019036954087346,0.9913372426802264
20.85724423818676,0.0966702470461869,0.10078387458006718,0.9913782498154678
20.89482829313524,0.09611231101511879,0.09966405375139978,0.9914192569507094
20.93241234808373,0.09534127843986999,0.09854423292273236,0.9914397605183302
20.969996403032212,0.09544468546637744,0.09854423292273236,0.9914500123021406
21.0075804579807,0.09596510359869138,0.09854423292273236,0.9915012712211925
21.04516451292919,0.09549945115257959,0.09742441209406495,0.9915525301402444
21.082748567877672,0.09623893805309734,0.09742441209406495,0.9916242926269171
21.12033262282616,0.09566184649610679,0.09630459126539753,0.9916652997621587
21.157916677774644,0.09598214285714286,0.09630459126539753,0.9916960551135897
21.195500732723133,0.09630459126539753,0.09630459126539753,0.9917268104650209
21.233084787671622,0.09561304836895389,0.09518477043673013,0.991757565816452
21.270668842620104,0.09615384615384616,0.09518477043673013,0.991808824735504
21.308252897568593,0.0963718820861678,0.09518477043673013,0.9918293283031248
21.345836952517075,0.09670079635949944,0.09518477043673013,0.9918600836545559
21.383421007465564,0.09703196347031963,0.09518477043673013,0.9918908390059871
21.421005062414054,0.09507445589919816,0.0929451287793953,0.9919010907897974
21.458589117362536,0.09584295612009237,0.0929451287793953,0.9919728532764701
21.496173172311025,0.09523809523809523,0.09182530795072788,0.9920138604117117
21.533757227259514,0.0944055944055944,0.09070548712206047,0.9920343639793324
21.571341282207996,0.09484777517564402,0.09070548712206047,0.9920753711145739
21.608925337156485,0.09540636042402827,0.09070548712206047,0.9921266300336259
21.646509392104967,0.09563164108618655,0.09070548712206047,0.9921471336012466
21.684093447053456,0.09307875894988067,0.08734602463605823,0.9922086443041089
21.721677502001945,0.09330143540669857,0.08734602463605823,0.9922291478717297
21.759261556950428,0.09375,0.08734602463605823,0.9922701550069712
21.796845611898917,0.09386281588447654,0.08734602463605823,0.9922804067907816
21.8344296668474,0.09443099273607748,0.08734602463605823,0.9923316657098336
21.872013721795888,0.09466019417475728,0.08734602463605823,0.9923521692774543
21.909597776744377,0.0948905109489051,0.08734602463605823,0.992372672845075
21.94718183169286,0.09558823529411764,0.08734602463605823,0.9924341835479373
21.98476588664135,0.09471094710947109,0.08622620380739082,0.9924546871155581
22.02234994158983,0.09382716049382717,0.0851063829787234,0.9924751906831789
22.05993399653832,0.09305210918114144,0.083986562150056,0.9925059460346101
22.09751805148681,0.09351620947630923,0.083986562150056,0.9925469531698515
22.13510210643529,0.09375,0.083986562150056,0.9925674567374724
22.17268616138378,0.0942211055276382,0.083986562150056,0.9926084638727138
22.210270216332262,0.09481668773704172,0.083986562150056,0.9926597227917657
22.24785427128075,0.09378960709759189,0.08286674132138858,0.9926699745755762
22.28543832622924,0.09438775510204081,0.08286674132138858,0.992721233494628
22.323022381177722,0.09499358151476252,0.08286674132138858,0.9927724924136799
22.36060643612621,0.09523809523809523,0.08286674132138858,0.9927929959813008
22.398190491074693,0.09492847854356307,0.08174692049272117,0.9928647584679734
22.435774546023183,0.09505208333333333,0.08174692049272117,0.9928750102517838
22.47335860097167,0.09505208333333333,0.08174692049272117,0.9928750102517838
22.510942655920154,0.09436435124508519,0.08062709966405375,0.9929160173870254
22.548526710868643,0.09461235216819974,0.08062709966405375,0.9929365209546461
22.586110765817125,0.09486166007905138,0.08062709966405375,0.9929570245222669
22.623694820765614,0.09379128137384413,0.07950727883538634,0.9929672763060773
22.661278875714103,0.09391534391534391,0.07950727883538634,0.9929775280898876
22.698862930662585,0.09416445623342175,0.07950727883538634,0.9929980316575084
22.736446985611074,0.09441489361702128,0.07950727883538634,0.9930185352251292
22.774031040559557,0.09236947791164658,0.07726763717805152,0.9930492905765603
22.811615095508046,0.09286675639300135,0.07726763717805152,0.9930902977118019
22.849199150456535,0.09299191374663072,0.07726763717805152,0.9931005494956122
22.886783205405017,0.09324324324324325,0.07726763717805152,0.993121053063233
22.924367260353506,0.09375,0.07726763717805152,0.9931620601984745
22.961951315301988,0.0942622950819672,0.07726763717805152,0.9932030673337161
22.999535370250477,0.09452054794520548,0.07726763717805152,0.9932235709013368
23.037119425198966,0.09517241379310344,0.07726763717805152,0.9932748298203887
23.07470348014745,0.09530386740331492,0.07726763717805152,0.9932850816041991
23.112287535095938,0.09556786703601108,0.07726763717805152,0.9933055851718199
23.14987159004442,0.09497206703910614,0.0761478163493841,0.9933568440908718
23.18745564499291,0.09537166900420757,0.0761478163493841,0.9933875994423029
23.225039699941398,0.09563994374120956,0.0761478163493841,0.9934081030099238
23.26262375488988,0.09590973201692525,0.0761478163493841,0.9934286065775445
23.30020780983837,0.09476661951909476,0.07502799552071669,0.9934388583613549
23.33779186478685,0.0953058321479374,0.07502799552071669,0.9934798654965964
23.37537591973534,0.09585121602288985,0.07502799552071669,0.993520872631838
23.41295997468383,0.09626436781609195,0.07502799552071669,0.9935516279832691
23.45054402963231,0.09654178674351585,0.07502799552071669,0.9935721315508899
23.4881280845808,0.09696092619392185,0.07502799552071669,0.993602886902321
23.525712139529283,0.09724238026124818,0.07502799552071669,0.9936233904699417
23.563296194477772,0.09766763848396501,0.07502799552071669,0.9936541458213729
23.60088024942626,0.09766763848396501,0.07502799552071669,0.9936541458213729
23.638464304374743,0.097953216374269,0.07502799552071669,0.9936746493889936
23.676048359323232,0.09809663250366032,0.07502799552071669,0.9936849011728041
23.71363241427172,0.09852941176470588,0.07502799552071669,0.9937156565242352
23.751216469220203,0.09734513274336283,0.07390817469204927,0.9937259083080456
23.788800524168693,0.09763313609467456,0.07390817469204927,0.9937464118756664
23.826384579117175,0.09792284866468842,0.07390817469204927,0.9937669154432871
23.863968634065664,0.09836065573770492,0.07390817469204927,0.9937976707947183
23.901552689014153,0.09850746268656717,0.07390817469204927,0.9938079225785287
23.939136743962635,0.09895052473763119,0.07390817469204927,0.9938386779299598
23.976720798911124,0.09895052473763119,0.07390817469204927,0.9938386779299598
24.014304853859606,0.09954751131221719,0.07390817469204927,0.9938796850652013
24.051888908808095,0.09954751131221719,0.07390817469204927,0.9938796850652013
24.089472963756585,0.09848484848484848,0.07278835386338185,0.9939001886328221
24.127057018705067,0.0972644376899696,0.07166853303471445,0.9939104404166325
24.164641073653556,0.0974124809741248,0.07166853303471445,0.9939206922004429
24.202225128602038,0.09785932721712538,0.07166853303471445,0.993951447551874
24.239809183550527,0.0967741935483871,0.07054871220604703,0.9939719511194948
24.277393238499016,0.0967741935483871,0.07054871220604703,0.9939719511194948
24.314977293447498,0.09597523219814241,0.06942889137737962,0.9940129582547363
24.352561348395987,0.09627329192546584,0.06942889137737962,0.9940334618223571
24.39014540334447,0.09642301710730948,0.06942889137737962,0.9940437136061675
24.42772945829296,0.09702660406885759,0.06942889137737962,0.994084720741409
24.465313513241448,0.09717868338557993,0.06942889137737962,0.9940949725252194
24.50289756818993,0.09748427672955975,0.06942889137737962,0.9941154760928401
24.54048162313842,0.09651898734177215,0.0683090705487122,0.9941462314442713
24.5780656780869,0.09667194928684628,0.0683090705487122,0.9941564832280817
24.61564973303539,0.09697933227344992,0.0683090705487122,0.9941769867957024
24.65323378798388,0.09569377990430622,0.0671892497200448,0.9941872385795129
24.69081784293236,0.09455128205128205,0.06606942889137737,0.9942077421471336
24.72840189788085,0.09485530546623794,0.06606942889137737,0.9942282457147543
24.765985952829332,0.09485530546623794,0.06606942889137737,0.9942282457147543
24.80357000777782,0.09516129032258064,0.06606942889137737,0.9942487492823752
24.84115406272631,0.09369951534733441,0.06494960806270997,0.9942487492823752
24.878738117674793,0.09369951534733441,0.06494960806270997,0.9942487492823752
24.916322172623282,0.09238249594813615,0.06382978723404255,0.9942590010661855
24.953906227571764,0.09268292682926829,0.06382978723404255,0.9942795046338063
24.991490282520253,0.09120521172638436,0.06270996640537514,0.9942795046338063
25.029074337468742,0.08972267536704731,0.06159014557670773,0.9942795046338063
25.066658392417224,0.09001636661211129,0.06159014557670773,0.994300008201427
25.104242447365714,0.09001636661211129,0.06159014557670773,0.994300008201427
25.141826502314196,0.090311986863711,0.06159014557670773,0.9943205117690478
25.179410557262685,0.09105960264900662,0.06159014557670773,0.9943717706880997
25.216994612211174,0.09181969949916527,0.06159014557670773,0.9944230296071517
25.254578667159656,0.09228187919463088,0.06159014557670773,0.9944537849585828
25.292162722108145,0.09243697478991597,0.06159014557670773,0.9944640367423931
25.329746777056627,0.09121621621621621,0.060470324748040316,0.994484540310014
25.367330832005116,0.09168081494057725,0.060470324748040316,0.9945152956614451
25.404914886953605,0.0919931856899489,0.060470324748040316,0.9945357992290659
25.442498941902087,0.09215017064846416,0.060470324748040316,0.9945460510128762
25.480082996850577,0.09246575342465753,0.060470324748040316,0.994566554580497
25.51766705179906,0.09278350515463918,0.060470324748040316,0.9945870581481178
25.555251106747548,0.09358752166377816,0.060470324748040316,0.9946383170671697
25.592835161696037,0.0924956369982548,0.0593505039193729,0.9946690724186008
25.63041921664452,0.09281961471103327,0.0593505039193729,0.9946895759862217
25.668003271593008,0.09314586994727592,0.0593505039193729,0.9947100795538424
25.705587326541497,0.09314586994727592,0.0593505039193729,0.9947100795538424
25.74317138148998,0.09330985915492958,0.0593505039193729,0.9947203313376527
25.78075543643847,0.09330985915492958,0.0593505039193729,0.9947203313376527
25.81833949138695,0.09380530973451327,0.0593505039193729,0.9947510866890839
25.85592354633544,0.09397163120567376,0.0593505039193729,0.9947613384728943
25.89350760128393,0.09430604982206406,0.0593505039193729,0.994781842040515
25.93109165623241,0.09464285714285714,0.0593505039193729,0.9948023456081359
25.9686757111809,0.09515260323159784,0.0593505039193729,0.994833100959567
26.006259766129382,0.09549549549549549,0.0593505039193729,0.9948536045271877
26.04384382107787,0.0948905109489051,0.05823068309070549,0.99491511523005
26.08142787602636,0.0948905109489051,0.05823068309070549,0.99491511523005
26.119011930974843,0.09576427255985268,0.05823068309070549,0.9949663741491019
26.15659598592333,0.09611829944547134,0.05823068309070549,0.9949868777167227
26.194180040871814,0.09611829944547134,0.05823068309070549,0.9949868777167227
26.231764095820303,0.09647495361781076,0.05823068309070549,0.9950073812843435
26.269348150768792,0.09665427509293681,0.05823068309070549,0.9950176330681538
26.306932205717274,0.09683426443202979,0.05823068309070549,0.9950278848519643
26.344516260665763,0.09683426443202979,0.05823068309070549,0.9950278848519643
26.382100315614245,0.09737827715355805,0.05823068309070549,0.9950586402033954
26.419684370562734,0.0975609756097561,0.05823068309070549,0.9950688919872058
26.457268425511224,0.096045197740113,0.05711086226203808,0.9950791437710161
26.494852480459706,0.09640831758034027,0.05711086226203808,0.9950996473386369
26.532436535408195,0.09541984732824428,0.055991041433370664,0.9951406544738784
26.570020590356677,0.09560229445506692,0.055991041433370664,0.9951509062576889
26.607604645305166,0.09578544061302682,0.055991041433370664,0.9951611580414992
26.645188700253655,0.09423076923076923,0.054871220604703244,0.9951714098253096
26.682772755202137,0.09441233140655106,0.054871220604703244,0.99518166160912
26.720356810150626,0.09441233140655106,0.054871220604703244,0.99518166160912
26.75794086509911,0.09496124031007752,0.054871220604703244,0.9952124169605512
26.795524920047598,0.0933852140077821,0.05375139977603583,0.9952226687443615
26.833108974996087,0.09393346379647749,0.05375139977603583,0.9952534240957926
26.87069302994457,0.09411764705882353,0.05375139977603583,0.9952636758796031
26.908277084893058,0.09430255402750491,0.05375139977603583,0.9952739276634134
26.94586113984154,0.09430255402750491,0.05375139977603583,0.9952739276634134
26.98344519479003,0.09504950495049505,0.05375139977603583,0.995314934798655
27.02102924973852,0.09523809523809523,0.05375139977603583,0.9953251865824654
27.058613304687,0.09542743538767395,0.05375139977603583,0.9953354383662757
27.09619735963549,0.09561752988047809,0.05375139977603583,0.9953456901500861
27.13378141458397,0.09580838323353294,0.05375139977603583,0.9953559419338965
27.17136546953246,0.096,0.05375139977603583,0.9953661937177068
27.20894952448095,0.09619238476953908,0.05375139977603583,0.9953764455015173
27.246533579429432,0.09619238476953908,0.05375139977603583,0.9953764455015173
27.28411763437792,0.09619238476953908,0.05375139977603583,0.9953764455015173
27.321701689326403,0.09619238476953908,0.05375139977603583,0.9953764455015173
27.359285744274892,0.09494949494949495,0.05263157894736842,0.9954072008529484
27.39686979922338,0.09330628803245436,0.051511758118701005,0.9954174526367588
27.434453854171863,0.09349593495934959,0.051511758118701005,0.9954277044205692
27.472037909120353,0.09349593495934959,0.051511758118701005,0.9954277044205692
27.509621964068835,0.0942622950819672,0.051511758118701005,0.9954687115558107
27.547206019017324,0.09240246406570841,0.05039193729003359,0.9954687115558107
27.584790073965813,0.09259259259259259,0.05039193729003359,0.995478963339621
27.622374128914295,0.09259259259259259,0.05039193729003359,0.995478963339621
27.659958183862784,0.09297520661157024,0.05039193729003359,0.9954994669072419
27.697542238811266,0.09297520661157024,0.05039193729003359,0.9954994669072419
27.735126293759755,0.09336099585062241,0.05039193729003359,0.9955199704748626
27.772710348708245,0.09355509355509356,0.05039193729003359,0.995530222258673
27.810294403656727,0.09394572025052192,0.05039193729003359,0.9955507258262938
27.847878458605216,0.09414225941422594,0.05039193729003359,0.9955609776101042
27.885462513553705,0.09453781512605042,0.05039193729003359,0.9955814811777249
27.923046568502187,0.09302325581395349,0.04927211646136618,0.9956019847453457
27.960630623450676,0.09361702127659574,0.04927211646136618,0.9956327400967768
27.998214678399158,0.09361702127659574,0.04927211646136618,0.9956327400967768
28.035798733347647,0.09361702127659574,0.04927211646136618,0.9956327400967768
28.073382788296136,0.09381663113006397,0.04927211646136618,0.9956429918805872
28.11096684324462,0.09401709401709402,0.04927211646136618,0.9956532436643976
28.148550898193108,0.09482758620689655,0.04927211646136618,0.9956942507996391
28.18613495314159,0.09544468546637744,0.04927211646136618,0.9957250061510703
28.22371900809008,0.09586056644880174,0.04927211646136618,0.995745509718691
28.261303063038568,0.0962800875273523,0.04927211646136618,0.9957660132863119
28.29888711798705,0.09649122807017543,0.04927211646136618,0.9957762650701222
28.33647117293554,0.09691629955947137,0.04927211646136618,0.9957967686377429
28.37405522788402,0.09713024282560706,0.04927211646136618,0.9958070204215533
28.41163928283251,0.09734513274336283,0.04927211646136618,0.9958172722053638
28.449223337781,0.09777777777777778,0.04927211646136618,0.9958377757729845
28.48680739272948,0.09641255605381166,0.048152295632698766,0.9958685311244156
28.52439144767797,0.09641255605381166,0.048152295632698766,0.9958685311244156
28.561975502626453,0.09662921348314607,0.048152295632698766,0.9958787829082261
28.599559557574942,0.09684684684684684,0.048152295632698766,0.9958890346920364
28.63714361252343,0.09706546275395034,0.048152295632698766,0.9958992864758468
28.674727667471913,0.09728506787330317,0.048152295632698766,0.9959095382596572
28.712311722420402,0.09817351598173515,0.048152295632698766,0.9959505453948987
28.749895777368884,0.09839816933638444,0.048152295632698766,0.9959607971787091
28.787479832317374,0.09885057471264368,0.048152295632698766,0.9959813007463298
28.825063887265863,0.09885057471264368,0.048152295632698766,0.9959813007463298
28.862647942214345,0.09953703703703703,0.048152295632698766,0.996012056097761
28.900231997162834,0.09953703703703703,0.048152295632698766,0.996012056097761
28.937816052111316,0.10023310023310024,0.048152295632698766,0.9960428114491922
28.975400107059805,0.10023310023310024,0.048152295632698766,0.9960428114491922
29.012984162008294,0.09905660377358491,0.04703247480403135,0.9960838185844337
29.050568216956776,0.09929078014184398,0.04703247480403135,0.996094070368244
29.088152271905265,0.0995260663507109,0.04703247480403135,0.9961043221520545
29.125736326853747,0.1,0.04703247480403135,0.9961248257196752
29.163320381802237,0.10071942446043165,0.04703247480403135,0.9961555810711064
29.200904436750726,0.10120481927710843,0.04703247480403135,0.9961760846387271
29.238488491699208,0.10144927536231885,0.04703247480403135,0.9961863364225375
29.276072546647697,0.10144927536231885,0.04703247480403135,0.9961863364225375
29.31365660159618,0.1016949152542373,0.04703247480403135,0.9961965882063479
29.351240656544668,0.1024390243902439,0.04703247480403135,0.9962273435577791
29.388824711493157,0.10344827586206896,0.04703247480403135,0.9962683506930206
29.42640876644164,0.1037037037037037,0.04703247480403135,0.996278602476831
29.46399282139013,0.10396039603960396,0.04703247480403135,0.9962888542606414
29.50157687633861,0.10421836228287841,0.04703247480403135,0.9962991060444517
29.5391609312871,0.105,0.04703247480403135,0.9963298613958829
29.57674498623559,0.10552763819095477,0.04703247480403135,0.9963503649635036
29.61432904118407,0.10579345088161209,0.04703247480403135,0.996360616747314
29.65191309613256,0.10606060606060606,0.04703247480403135,0.9963708685311244
29.689497151081042,0.10406091370558376,0.04591265397536394,0.9963811203149348
29.72708120602953,0.10459183673469388,0.04591265397536394,0.9964016238825556
29.76466526097802,0.10512820512820513,0.04591265397536394,0.9964221274501763
29.802249315926503,0.10512820512820513,0.04591265397536394,0.9964221274501763
29.83983337087499,0.10309278350515463,0.04479283314669653,0.9964323792339868
29.877417425823474,0.10309278350515463,0.04479283314669653,0.9964323792339868
29.915001480771963,0.10362694300518134,0.04479283314669653,0.9964528828016075
29.952585535720452,0.1038961038961039,0.04479283314669653,0.9964631345854179
29.990169590668934,0.10416666666666667,0.04479283314669653,0.9964733863692282
30.027753645617423,0.10209424083769633,0.043673012318029114,0.9964836381530386
30.065337700565912,0.10263157894736842,0.043673012318029114,0.9965041417206594
30.102921755514394,0.10263157894736842,0.043673012318029114,0.9965041417206594
30.140505810462884,0.10317460317460317,0.043673012318029114,0.9965246452882801
30.178089865411366,0.10372340425531915,0.043673012318029114,0.996545148855901
30.215673920359855,0.10483870967741936,0.043673012318029114,0.9965861559911424
30.253257975308344,0.10597826086956522,0.043673012318029114,0.996627163126384
30.290842030256826,0.10597826086956522,0.043673012318029114,0.996627163126384
30.328426085205315,0.10597826086956522,0.043673012318029114,0.996627163126384
30.366010140153797,0.10597826086956522,0.043673012318029114,0.996627163126384
30.403594195102286,0.10597826086956522,0.043673012318029114,0.996627163126384
30.441178250050775,0.10684931506849316,0.043673012318029114,0.9966579184778152
30.478762304999258,0.10743801652892562,0.043673012318029114,0.9966784220454359
30.516346359947747,0.10743801652892562,0.043673012318029114,0.9966784220454359
30.55393041489623,0.10743801652892562,0.043673012318029114,0.9966784220454359
30.591514469844718,0.10773480662983426,0.043673012318029114,0.9966886738292463
30.629098524793207,0.10803324099722991,0.043673012318029114,0.9966989256130566
30.66668257974169,0.10985915492957747,0.043673012318029114,0.9967604363159189
30.70426663469018,0.11016949152542373,0.043673012318029114,0.9967706880997294
30.74185068963866,0.1111111111111111,0.043673012318029114,0.9968014434511605
30.77943474458715,0.11239193083573487,0.043673012318029114,0.9968424505864021
30.81701879953564,0.11304347826086956,0.043673012318029114,0.9968629541540228
30.85460285448412,0.11337209302325581,0.043673012318029114,0.9968732059378331
30.89218690943261,0.11370262390670553,0.043673012318029114,0.9968834577216436
30.929770964381092,0.11403508771929824,0.043673012318029114,0.996893709505454
30.96735501932958,0.11403508771929824,0.043673012318029114,0.996893709505454
31.00493907427807,0.11470588235294117,0.043673012318029114,0.9969142130730747
31.042523129226552,0.11504424778761062,0.043673012318029114,0.9969244648568851
31.08010718417504,0.11572700296735905,0.043673012318029114,0.9969449684245059
31.117691239123523,0.11607142857142858,0.043673012318029114,0.9969552202083163
31.155275294072013,0.11711711711711711,0.043673012318029114,0.9969859755597474
31.1928593490205,0.11746987951807229,0.043673012318029114,0.9969962273435578
31.230443403968984,0.11782477341389729,0.043673012318029114,0.9970064791273682
31.268027458917473,0.11818181818181818,0.043673012318029114,0.9970167309111786
31.305611513865955,0.11890243902439024,0.043673012318029114,0.9970372344787993
31.343195568814444,0.12,0.043673012318029114,0.9970679898302305
31.380779623762933,0.12037037037037036,0.043673012318029114,0.9970782416140408
31.418363678711415,0.12074303405572756,0.043673012318029114,0.9970884933978512
31.455947733659904,0.12111801242236025,0.043673012318029114,0.9970987451816616
31.493531788608387,0.12111801242236025,0.043673012318029114,0.9970987451816616
31.531115843556876,0.12225705329153605,0.043673012318029114,0.9971295005330928
31.568699898505365,0.12225705329153605,0.043673012318029114,0.9971295005330928
31.606283953453847,0.11949685534591195,0.0425531914893617,0.9971295005330928
31.643868008402336,0.11949685534591195,0.0425531914893617,0.9971295005330928
31.681452063350818,0.12063492063492064,0.0425531914893617,0.997160255884524
31.719036118299307,0.12063492063492064,0.0425531914893617,0.997160255884524
31.756620173247796,0.12101910828025478,0.0425531914893617,0.9971705076683343
31.79420422819628,0.12218649517684887,0.0425531914893617,0.9972012630197654
31.831788283144768,0.12297734627831715,0.0425531914893617,0.9972217665873863
31.86937233809325,0.12052117263843648,0.04143337066069429,0.9972320183711966
31.90695639304174,0.12091503267973856,0.04143337066069429,0.997242270155007
31.944540447990228,0.12171052631578948,0.04143337066069429,0.9972627737226277
31.98212450293871,0.12251655629139073,0.04143337066069429,0.9972832772902485
32.0197085578872,0.12292358803986711,0.04143337066069429,0.9972935290740589
32.05729261283568,0.12292358803986711,0.04143337066069429,0.9972935290740589
32.09487666778417,0.12374581939799331,0.04143337066069429,0.9973140326416796
32.13246072273266,0.12374581939799331,0.04143337066069429,0.9973140326416796
32.17004477768114,0.12457912457912458,0.04143337066069429,0.9973345362093005
32.20762883262963,0.125,0.04143337066069429,0.9973447879931108
32.24521288757812,0.12627986348122866,0.04143337066069429,0.9973755433445419
32.2827969425266,0.1267123287671233,0.04143337066069429,0.9973857951283523
32.32038099747509,0.12714776632302405,0.04143337066069429,0.9973960469121628
32.35796505242357,0.12937062937062938,0.04143337066069429,0.9974473058312147
32.39554910737206,0.13028169014084506,0.04143337066069429,0.9974678093988354
32.43313316232055,0.13074204946996468,0.04143337066069429,0.9974780611826458
32.47071721726903,0.13167259786476868,0.04143337066069429,0.9974985647502665
32.50830127221752,0.13261648745519714,0.04143337066069429,0.9975190683178873
32.545885327166005,0.13261648745519714,0.04143337066069429,0.9975190683178873
32.583469382114494,0.13309352517985612,0.04143337066069429,0.9975293201016977
32.62105343706298,0.13357400722021662,0.04143337066069429,0.9975395718855081
32.658637492011465,0.13138686131386862,0.040313549832026875,0.9975600754531289
32.696221546959954,0.13186813186813187,0.040313549832026875,0.9975703272369393
32.733805601908436,0.12915129151291513,0.03919372900335946,0.9975805790207496
32.771389656856925,0.12915129151291513,0.03919372900335946,0.9975805790207496
32.808973711805415,0.13059701492537312,0.03919372900335946,0.9976113343721807
32.8465577667539,0.13059701492537312,0.03919372900335946,0.9976113343721807
32.884141821702386,0.13108614232209737,0.03919372900335946,0.9976215861559912
32.92172587665087,0.1320754716981132,0.03919372900335946,0.9976420897236119
32.95930993159936,0.13257575757575757,0.03919372900335946,0.9976523415074223
32.996893986547846,0.13307984790874525,0.03919372900335946,0.9976625932912326
33.03447804149633,0.13026819923371646,0.03807390817469205,0.9976728450750431
33.07206209644482,0.13026819923371646,0.03807390817469205,0.9976728450750431
33.1096461513933,0.13076923076923078,0.03807390817469205,0.9976830968588535
33.14723020634179,0.13076923076923078,0.03807390817469205,0.9976830968588535
33.18481426129028,0.13127413127413126,0.03807390817469205,0.9976933486426638
33.22239831623876,0.12840466926070038,0.036954087346024636,0.9977036004264742
33.25998237118725,0.12840466926070038,0.036954087346024636,0.9977036004264742
33.29756642613573,0.12840466926070038,0.036954087346024636,0.9977036004264742
33.33515048108422,0.12941176470588237,0.036954087346024636,0.997724103994095
33.37273453603271,0.12941176470588237,0.036954087346024636,0.997724103994095
33.41031859098119,0.13043478260869565,0.036954087346024636,0.9977446075617158
33.44790264592968,0.13147410358565736,0.036954087346024636,0.9977651111293365
33.48548670087816,0.132,0.036954087346024636,0.9977753629131468
33.52307075582665,0.13253012048192772,0.036954087346024636,0.9977856146969573
33.56065481077514,0.13253012048192772,0.036954087346024636,0.9977856146969573
33.59823886572362,0.13253012048192772,0.036954087346024636,0.9977856146969573
33.63582292067211,0.13306451612903225,0.036954087346024636,0.9977958664807677
33.673406975620594,0.13414634146341464,0.036954087346024636,0.9978163700483884
33.71099103056908,0.1346938775510204,0.036954087346024636,0.9978266218321988
33.74857508551757,0.1346938775510204,0.036954087346024636,0.9978266218321988
33.786159140466054,0.1346938775510204,0.036954087346024636,0.9978266218321988
33.82374319541454,0.1322314049586777,0.03583426651735722,0.9978471253998196
33.861327250363026,0.1322314049586777,0.03583426651735722,0.9978471253998196
33.898911305311515,0.1322314049586777,0.03583426651735722,0.9978471253998196
33.936495360260004,0.1322314049586777,0.03583426651735722,0.9978471253998196
33.974079415208486,0.12863070539419086,0.03471444568868981,0.9978471253998196
34.011663470156975,0.12863070539419086,0.03471444568868981,0.9978471253998196
34.04924752510546,0.12916666666666668,0.03471444568868981,0.99785737718363
34.086831580053946,0.12916666666666668,0.03471444568868981,0.99785737718363
34.124415635002435,0.12916666666666668,0.03471444568868981,0.99785737718363
34.16199968995092,0.13025210084033614,0.03471444568868981,0.9978778807512507
34.19958374489941,0.13025210084033614,0.03471444568868981,0.9978778807512507
34.23716779984789,0.1271186440677966,0.0335946248600224,0.9978881325350611
34.27475185479638,0.1271186440677966,0.0335946248600224,0.9978881325350611
34.31233590974487,0.1276595744680851,0.0335946248600224,0.9978983843188715
34.34991996469335,0.1276595744680851,0.0335946248600224,0.9978983843188715
34.38750401964184,0.1282051282051282,0.0335946248600224,0.9979086361026819
34.42508807459033,0.12875536480686695,0.0335946248600224,0.9979188878864923
34.46267212953881,0.12931034482758622,0.0335946248600224,0.9979291396703026
34.5002561844873,0.13043478260869565,0.0335946248600224,0.9979496432379233
34.53784023943578,0.13043478260869565,0.0335946248600224,0.9979496432379233
34.57542429438427,0.13043478260869565,0.0335946248600224,0.9979496432379233
34.61300834933276,0.13157894736842105,0.0335946248600224,0.9979701468055442
34.65059240428124,0.13215859030837004,0.0335946248600224,0.9979803985893545
34.68817645922973,0.13215859030837004,0.0335946248600224,0.9979803985893545
34.72576051417821,0.13215859030837004,0.0335946248600224,0.9979803985893545
34.7633445691267,0.13215859030837004,0.0335946248600224,0.9979803985893545
34.80092862407519,0.13452914798206278,0.0335946248600224,0.9980214057245961
34.83851267902367,0.13513513513513514,0.0335946248600224,0.9980316575084065
34.87609673397216,0.13574660633484162,0.0335946248600224,0.9980419092922168
34.913680788920644,0.13574660633484162,0.0335946248600224,0.9980419092922168
34.95126484386913,0.13761467889908258,0.0335946248600224,0.998072664643648
34.98884889881762,0.1388888888888889,0.0335946248600224,0.9980931682112688
35.026432953766104,0.14084507042253522,0.0335946248600224,0.9981239235626999
35.06401700871459,0.13744075829383887,0.032474804031354984,0.9981341753465103
35.101601063663075,0.13744075829383887,0.032474804031354984,0.9981341753465103
35.139185118611564,0.1339712918660287,0.03135498320268757,0.9981444271303207
35.176769173560054,0.1346153846153846,0.03135498320268757,0.998154678914131
35.214353228508536,0.13592233009708737,0.03135498320268757,0.9981751824817519
35.251937283457025,0.13658536585365855,0.03135498320268757,0.9981854342655622
35.28952133840551,0.13861386138613863,0.03135498320268757,0.9982161896169933
35.327105393353996,0.13861386138613863,0.03135498320268757,0.9982161896169933
35.364689448302485,0.13930348258706468,0.03135498320268757,0.9982264414008037
35.40227350325097,0.13930348258706468,0.03135498320268757,0.9982264414008037
35.439857558199456,0.13930348258706468,0.03135498320268757,0.9982264414008037
35.47744161314794,0.13930348258706468,0.03135498320268757,0.9982264414008037
35.51502566809643,0.13131313131313133,0.029115341545352745,0.9982366931846142
35.55260972304492,0.1319796954314721,0.029115341545352745,0.9982469449684245
35.5901937779934,0.1319796954314721,0.029115341545352745,0.9982469449684245
35.62777783294189,0.1319796954314721,0.029115341545352745,0.9982469449684245
35.66536188789037,0.1326530612244898,0.029115341545352745,0.9982571967522349
35.70294594283886,0.13333333333333333,0.029115341545352745,0.9982674485360453
35.74052999778735,0.13333333333333333,0.029115341545352745,0.9982674485360453
35.77811405273583,0.13333333333333333,0.029115341545352745,0.9982674485360453
35.81569810768432,0.13333333333333333,0.029115341545352745,0.9982674485360453
35.8532821626328,0.13333333333333333,0.029115341545352745,0.9982674485360453
35.89086621758129,0.13333333333333333,0.029115341545352745,0.9982674485360453
35.92845027252978,0.13333333333333333,0.029115341545352745,0.9982674485360453
35.96603432747826,0.13333333333333333,0.029115341545352745,0.9982674485360453
36.00361838242675,0.13333333333333333,0.029115341545352745,0.9982674485360453
36.04120243737523,0.13089005235602094,0.027995520716685332,0.9982982038874765
36.07878649232372,0.13089005235602094,0.027995520716685332,0.9982982038874765
36.11637054727221,0.13089005235602094,0.027995520716685332,0.9982982038874765
36.15395460222069,0.13089005235602094,0.027995520716685332,0.9982982038874765
36.19153865716918,0.13157894736842105,0.027995520716685332,0.9983084556712868
36.229122712117665,0.13157894736842105,0.027995520716685332,0.9983084556712868
36.266706767066154,0.13227513227513227,0.027995520716685332,0.9983187074550972
36.30429082201464,0.13368983957219252,0.027995520716685332,0.9983392110227179
36.341874876963125,0.13368983957219252,0.027995520716685332,0.9983392110227179
36.379458931911614,0.12903225806451613,0.026875699888017916,0.9983392110227179
36.4170429868601,0.12972972972972974,0.026875699888017916,0.9983494628065284
36.454627041808585,0.12972972972972974,0.026875699888017916,0.9983494628065284
36.492211096757075,0.13114754098360656,0.026875699888017916,0.9983699663741491
36.52979515170556,0.13186813186813187,0.026875699888017916,0.9983802181579595
36.567379206654046,0.13186813186813187,0.026875699888017916,0.9983802181579595
36.604963261602535,0.13186813186813187,0.026875699888017916,0.9983802181579595
36.64254731655102,0.13186813186813187,0.026875699888017916,0.9983802181579595
36.680131371499506,0.13333333333333333,0.026875699888017916,0.9984007217255803
36.71771542644799,0.13333333333333333,0.026875699888017916,0.9984007217255803
36.75529948139648,0.13333333333333333,0.026875699888017916,0.9984007217255803
36.792883536344966,0.13333333333333333,0.026875699888017916,0.9984007217255803
36.83046759129345,0.1348314606741573,0.026875699888017916,0.998421225293201
36.86805164624194,0.13636363636363635,0.026875699888017916,0.9984417288608218
36.90563570119042,0.13636363636363635,0.026875699888017916,0.9984417288608218
36.94321975613891,0.13636363636363635,0.026875699888017916,0.9984417288608218
36.9808038110874,0.13714285714285715,0.026875699888017916,0.9984519806446321
37.01838786603588,0.13793103448275862,0.026875699888017916,0.9984622324284426
37.05597192098437,0.13872832369942195,0.026875699888017916,0.998472484212253
37.09355597593285,0.13872832369942195,0.026875699888017916,0.998472484212253
37.13114003088134,0.1301775147928994,0.02463605823068309,0.9984929877798737
37.16872408582983,0.13253012048192772,0.02463605823068309,0.9985237431313049
37.20630814077831,0.13414634146341464,0.02463605823068309,0.9985442466989256
37.2438921957268,0.13414634146341464,0.02463605823068309,0.9985442466989256
37.28147625067528,0.13414634146341464,0.02463605823068309,0.9985442466989256
37.31906030562377,0.13414634146341464,0.02463605823068309,0.9985442466989256
37.35664436057226,0.13496932515337423,0.02463605823068309,0.998554498482736
37.39422841552074,0.13496932515337423,0.02463605823068309,0.998554498482736
37.43181247046923,0.13496932515337423,0.02463605823068309,0.998554498482736
37.469396525417714,0.13580246913580246,0.02463605823068309,0.9985647502665463
37.5069805803662,0.13664596273291926,0.02463605823068309,0.9985750020503568
37.54456463531469,0.13664596273291926,0.02463605823068309,0.9985750020503568
37.582148690263175,0.13664596273291926,0.02463605823068309,0.9985750020503568
37.619732745211664,0.1320754716981132,0.023516237402015677,0.9985852538341672
37.657316800160146,0.1337579617834395,0.023516237402015677,0.9986057574017879
37.694900855108635,0.1346153846153846,0.023516237402015677,0.9986160091855983
37.732484910057124,0.13636363636363635,0.023516237402015677,0.9986365127532191
37.770068965005606,0.13725490196078433,0.023516237402015677,0.9986467645370295
37.807653019954095,0.13333333333333333,0.022396416573348264,0.9986672681046502
37.84523707490258,0.12751677852348994,0.02127659574468085,0.9986672681046502
37.88282112985107,0.12751677852348994,0.02127659574468085,0.9986672681046502
37.920405184799556,0.12751677852348994,0.02127659574468085,0.9986672681046502
37.95798923974804,0.13013698630136986,0.02127659574468085,0.9986980234560814
37.99557329469653,0.1310344827586207,0.02127659574468085,0.9987082752398917
38.03315734964501,0.1310344827586207,0.02127659574468085,0.9987082752398917
38.0707414045935,0.13194444444444445,0.02127659574468085,0.9987185270237021
38.10832545954199,0.13194444444444445,0.02127659574468085,0.9987185270237021
38.14590951449047,0.13380281690140844,0.02127659574468085,0.9987390305913229
38.18349356943896,0.13380281690140844,0.02127659574468085,0.9987390305913229
38.22107762438744,0.13380281690140844,0.02127659574468085,0.9987390305913229
38.25866167933593,0.1347517730496454,0.02127659574468085,0.9987492823751333
38.29624573428442,0.1347517730496454,0.02127659574468085,0.9987492823751333
38.3338297892329,0.12949640287769784,0.020156774916013438,0.9987595341589437
38.37141384418139,0.12949640287769784,0.020156774916013438,0.9987595341589437
38.40899789912987,0.12949640287769784,0.020156774916013438,0.9987595341589437
38.44658195407836,0.12949640287769784,0.020156774916013438,0.9987595341589437
38.48416600902685,0.12949640287769784,0.020156774916013438,0.9987595341589437
38.52175006397533,0.13043478260869565,0.020156774916013438,0.998769785942754
38.55933411892382,0.13138686131386862,0.020156774916013438,0.9987800377265644
38.59691817387231,0.13138686131386862,0.020156774916013438,0.9987800377265644
38.63450222882079,0.13138686131386862,0.020156774916013438,0.9987800377265644
38.67208628376928,0.13138686131386862,0.020156774916013438,0.9987800377265644
38.709670338717764,0.13138686131386862,0.020156774916013438,0.9987800377265644
38.74725439366625,0.13333333333333333,0.020156774916013438,0.9988005412941852
38.78483844861474,0.13533834586466165,0.020156774916013438,0.998821044861806
38.822422503563224,0.13636363636363635,0.020156774916013438,0.9988312966456163
38.860006558511714,0.13740458015267176,0.020156774916013438,0.9988415484294267
38.897590613460196,0.13740458015267176,0.020156774916013438,0.9988415484294267
38.935174668408685,0.13846153846153847,0.020156774916013438,0.998851800213237
38.972758723357174,0.140625,0.020156774916013438,0.9988723037808579
39.010342778305656,0.140625,0.020156774916013438,0.9988723037808579
39.047926833254145,0.140625,0.020156774916013438,0.9988723037808579
39.08551088820263,0.136,0.019036954087346025,0.9988928073484786
39.123094943151116,0.136,0.019036954087346025,0.9988928073484786
39.160678998099606,0.136,0.019036954087346025,0.9988928073484786
39.19826305304809,0.136,0.019036954087346025,0.9988928073484786
39.23584710799658,0.136,0.019036954087346025,0.9988928073484786
39.27343116294506,0.13709677419354838,0.019036954087346025,0.998903059132289
39.31101521789355,0.13821138211382114,0.019036954087346025,0.9989133109160994
39.34859927284204,0.14049586776859505,0.019036954087346025,0.9989338144837202
39.38618332779052,0.1440677966101695,0.019036954087346025,0.9989645698351514
39.42376738273901,0.1452991452991453,0.019036954087346025,0.9989748216189617
39.46135143768749,0.13793103448275862,0.01791713325867861,0.9989748216189617
39.49893549263598,0.13793103448275862,0.01791713325867861,0.9989748216189617
39.53651954758447,0.13793103448275862,0.01791713325867861,0.9989748216189617
39.57410360253295,0.13793103448275862,0.01791713325867861,0.9989748216189617
39.61168765748144,0.13793103448275862,0.01791713325867861,0.9989748216189617
39.64927171242992,0.13793103448275862,0.01791713325867861,0.9989748216189617
39.68685576737841,0.1391304347826087,0.01791713325867861,0.9989850734027721
39.7244398223269,0.1391304347826087,0.01791713325867861,0.9989850734027721
39.76202387727538,0.13392857142857142,0.0167973124300112,0.9990055769703928
39.79960793222387,0.13392857142857142,0.0167973124300112,0.9990055769703928
39.83719198717235,0.13392857142857142,0.0167973124300112,0.9990055769703928
39.87477604212084,0.13513513513513514,0.0167973124300112,0.9990158287542033
39.91236009706933,0.13761467889908258,0.0167973124300112,0.999036332321824
39.949944152017814,0.1388888888888889,0.0167973124300112,0.9990465841056344
39.9875282069663,0.1388888888888889,0.0167973124300112,0.9990465841056344
40.025112261914785,0.1388888888888889,0.0167973124300112,0.9990465841056344
40.062696316863274,0.14018691588785046,0.0167973124300112,0.9990568358894447
40.10028037181176,0.14018691588785046,0.0167973124300112,0.9990568358894447
40.137864426760245,0.14150943396226415,0.0167973124300112,0.9990670876732551
40.175448481708735,0.14150943396226415,0.0167973124300112,0.9990670876732551
40.21303253665722,0.14150943396226415,0.0167973124300112,0.9990670876732551
40.250616591605706,0.14150943396226415,0.0167973124300112,0.9990670876732551
40.288200646554195,0.14150943396226415,0.0167973124300112,0.9990670876732551
40.32578470150268,0.14150943396226415,0.0167973124300112,0.9990670876732551
40.363368756451166,0.14150943396226415,0.0167973124300112,0.9990670876732551
40.40095281139965,0.14285714285714285,0.0167973124300112,0.9990773394570656
40.43853686634814,0.14285714285714285,0.0167973124300112,0.9990773394570656
40.476120921296626,0.14285714285714285,0.0167973124300112,0.9990773394570656
40.51370497624511,0.14285714285714285,0.0167973124300112,0.9990773394570656
40.5512890311936,0.14423076923076922,0.0167973124300112,0.9990875912408759
40.58887308614208,0.14423076923076922,0.0167973124300112,0.9990875912408759
40.62645714109057,0.14423076923076922,0.0167973124300112,0.9990875912408759
40.66404119603906,0.14563106796116504,0.0167973124300112,0.9990978430246863
40.70162525098754,0.14563106796116504,0.0167973124300112,0.9990978430246863
40.73920930593603,0.14705882352941177,0.0167973124300112,0.9991080948084967
40.77679336088452,0.14705882352941177,0.0167973124300112,0.9991080948084967
40.814377415833,0.1485148514851485,0.0167973124300112,0.999118346592307
40.85196147078149,0.1485148514851485,0.0167973124300112,0.999118346592307
40.88954552572997,0.15,0.0167973124300112,0.9991285983761174
40.92712958067846,0.15151515151515152,0.0167973124300112,0.9991388501599279
40.96471363562695,0.15151515151515152,0.0167973124300112,0.9991388501599279
41.00229769057543,0.15151515151515152,0.0167973124300112,0.9991388501599279
41.03988174552392,0.15151515151515152,0.0167973124300112,0.9991388501599279
41.0774658004724,0.15306122448979592,0.0167973124300112,0.9991491019437382
41.11504985542089,0.15306122448979592,0.0167973124300112,0.9991491019437382
41.15263391036938,0.14432989690721648,0.015677491601343786,0.9991491019437382
41.19021796531786,0.14583333333333334,0.015677491601343786,0.9991593537275486
41.22780202026635,0.1368421052631579,0.014557670772676373,0.9991593537275486
41.265386075214835,0.1368421052631579,0.014557670772676373,0.9991593537275486
41.302970130163324,0.1368421052631579,0.014557670772676373,0.9991593537275486
41.34055418511181,0.1368421052631579,0.014557670772676373,0.9991593537275486
41.378138240060295,0.12903225806451613,0.013437849944008958,0.999169605511359
41.415722295008784,0.13043478260869565,0.013437849944008958,0.9991798572951693
41.453306349957266,0.13043478260869565,0.013437849944008958,0.9991798572951693
41.490890404905755,0.13186813186813187,0.013437849944008958,0.9991901090789798
41.528474459854245,0.13333333333333333,0.013437849944008958,0.9992003608627901
41.56605851480273,0.13333333333333333,0.013437849944008958,0.9992003608627901
41.603642569751216,0.13333333333333333,0.013437849944008958,0.9992003608627901
41.6412266246997,0.13333333333333333,0.013437849944008958,0.9992003608627901
41.67881067964819,0.13636363636363635,0.013437849944008958,0.9992208644304109
41.716394734596676,0.13636363636363635,0.013437849944008958,0.9992208644304109
41.75397878954516,0.13636363636363635,0.013437849944008958,0.9992208644304109
41.79156284449365,0.13793103448275862,0.013437849944008958,0.9992311162142212
41.82914689944213,0.13793103448275862,0.013437849944008958,0.9992311162142212
41.86673095439062,0.1411764705882353,0.013437849944008958,0.9992516197818421
41.90431500933911,0.1411764705882353,0.013437849944008958,0.9992516197818421
41.94189906428759,0.1411764705882353,0.013437849944008958,0.9992516197818421
41.97948311923608,0.14285714285714285,0.013437849944008958,0.9992618715656524
42.01706717418456,0.14634146341463414,0.013437849944008958,0.9992823751332732
42.05465122913305,0.14634146341463414,0.013437849944008958,0.9992823751332732
42.09223528408154,0.14634146341463414,0.013437849944008958,0.9992823751332732
42.12981933903002,0.14814814814814814,0.013437849944008958,0.9992926269170835
42.16740339397851,0.14814814814814814,0.013437849944008958,0.9992926269170835
42.20498744892699,0.15,0.013437849944008958,0.999302878700894
42.24257150387548,0.14102564102564102,0.012318029115341545,0.9993131304847044
42.28015555882397,0.14102564102564102,0.012318029115341545,0.9993131304847044
42.31773961377245,0.14102564102564102,0.012318029115341545,0.9993131304847044
42.35532366872094,0.14285714285714285,0.012318029115341545,0.9993233822685147
42.392907723669424,0.14285714285714285,0.012318029115341545,0.9993233822685147
42.43049177861791,0.14473684210526316,0.012318029115341545,0.9993336340523251
42.4680758335664,0.14864864864864866,0.012318029115341545,0.9993541376199458
42.505659888514884,0.1388888888888889,0.011198208286674132,0.9993643894037563
42.543243943463374,0.1388888888888889,0.011198208286674132,0.9993643894037563
42.580827998411856,0.1388888888888889,0.011198208286674132,0.9993643894037563
42.618412053360345,0.14084507042253522,0.011198208286674132,0.9993746411875666
42.655996108308834,0.14285714285714285,0.011198208286674132,0.999384892971377
42.693580163257316,0.14285714285714285,0.011198208286674132,0.999384892971377
42.731164218205805,0.14285714285714285,0.011198208286674132,0.999384892971377
42.76874827315429,0.14492753623188406,0.011198208286674132,0.9993951447551874
42.806332328102776,0.14492753623188406,0.011198208286674132,0.9993951447551874
42.843916383051265,0.14492753623188406,0.011198208286674132,0.9993951447551874
42.88150043799975,0.14705882352941177,0.011198208286674132,0.9994053965389977
42.91908449294824,0.15151515151515152,0.011198208286674132,0.9994259001066186
42.956668547896726,0.15151515151515152,0.011198208286674132,0.9994259001066186
42.99425260284521,0.140625,0.010078387458006719,0.9994361518904289
43.0318366577937,0.14516129032258066,0.010078387458006719,0.9994566554580497
43.06942071274218,0.14516129032258066,0.010078387458006719,0.9994566554580497
43.10700476769067,0.14516129032258066,0.010078387458006719,0.9994566554580497
43.14458882263916,0.14516129032258066,0.010078387458006719,0.9994566554580497
43.18217287758764,0.14754098360655737,0.010078387458006719,0.99946690724186
43.21975693253613,0.15254237288135594,0.010078387458006719,0.9994874108094809
43.25734098748461,0.15517241379310345,0.010078387458006719,0.9994976625932912
43.2949250424331,0.15517241379310345,0.010078387458006719,0.9994976625932912
43.33250909738159,0.15517241379310345,0.010078387458006719,0.9994976625932912
43.37009315233007,0.15789473684210525,0.010078387458006719,0.9995079143771016
43.40767720727856,0.15789473684210525,0.010078387458006719,0.9995079143771016
43.44526126222704,0.16071428571428573,0.010078387458006719,0.999518166160912
43.48284531717553,0.16363636363636364,0.010078387458006719,0.9995284179447224
43.52042937212402,0.16363636363636364,0.010078387458006719,0.9995284179447224
43.5580134270725,0.16363636363636364,0.010078387458006719,0.9995284179447224
43.59559748202099,0.16363636363636364,0.010078387458006719,0.9995284179447224
43.633181536969474,0.16363636363636364,0.010078387458006719,0.9995284179447224
43.67076559191796,0.16363636363636364,0.010078387458006719,0.9995284179447224
43.70834964686645,0.16363636363636364,0.010078387458006719,0.9995284179447224
43.745933701814934,0.16666666666666666,0.010078387458006719,0.9995386697285328
43.78351775676342,0.16666666666666666,0.010078387458006719,0.9995386697285328
43.821101811711905,0.16666666666666666,0.010078387458006719,0.9995386697285328
43.858685866660394,0.16666666666666666,0.010078387458006719,0.9995386697285328
43.896269921608884,0.16666666666666666,0.010078387458006719,0.9995386697285328
43.933853976557366,0.16666666666666666,0.010078387458006719,0.9995386697285328
43.971438031505855,0.16666666666666666,0.010078387458006719,0.9995386697285328
44.00902208645434,0.15384615384615385,0.008958566629339306,0.9995489215123432
44.046606141402826,0.15384615384615385,0.008958566629339306,0.9995489215123432
44.084190196351315,0.15384615384615385,0.008958566629339306,0.9995489215123432
44.1217742512998,0.15384615384615385,0.008958566629339306,0.9995489215123432
44.159358306248286,0.15384615384615385,0.008958566629339306,0.9995489215123432
44.19694236119677,0.15384615384615385,0.008958566629339306,0.9995489215123432
44.23452641614526,0.1568627450980392,0.008958566629339306,0.9995591732961535
44.27211047109375,0.14,0.007838745800671893,0.9995591732961535
44.30969452604223,0.14,0.007838745800671893,0.9995591732961535
44.34727858099072,0.14893617021276595,0.007838745800671893,0.9995899286475847
44.3848626359392,0.15217391304347827,0.007838745800671893,0.9996001804313951
44.42244669088769,0.15217391304347827,0.007838745800671893,0.9996001804313951
44.46003074583618,0.1590909090909091,0.007838745800671893,0.9996206839990158
44.49761480078466,0.1590909090909091,0.007838745800671893,0.9996206839990158
44.53519885573315,0.1590909090909091,0.007838745800671893,0.9996206839990158
44.57278291068163,0.1590909090909091,0.007838745800671893,0.9996206839990158
44.61036696563012,0.1590909090909091,0.007838745800671893,0.9996206839990158
44.64795102057861,0.1590909090909091,0.007838745800671893,0.9996206839990158
44.68553507552709,0.1590909090909091,0.007838745800671893,0.9996206839990158
44.72311913047558,0.1590909090909091,0.007838745800671893,0.9996206839990158
44.76070318542406,0.1590909090909091,0.007838745800671893,0.9996206839990158
44.79828724037255,0.1590909090909091,0.007838745800671893,0.9996206839990158
44.83587129532104,0.16666666666666666,0.007838745800671893,0.9996411875666366
44.87345535026952,0.16666666666666666,0.007838745800671893,0.9996411875666366
44.91103940521801,0.16666666666666666,0.007838745800671893,0.9996411875666366
44.9486234601665,0.16666666666666666,0.007838745800671893,0.9996411875666366
44.986207515114984,0.16666666666666666,0.007838745800671893,0.9996411875666366
45.02379157006347,0.16666666666666666,0.007838745800671893,0.9996411875666366
45.061375625011955,0.17073170731707318,0.007838745800671893,0.999651439350447
45.098959679960444,0.17073170731707318,0.007838745800671893,0.999651439350447
45.13654373490893,0.17073170731707318,0.007838745800671893,0.999651439350447
45.174127789857415,0.17073170731707318,0.007838745800671893,0.999651439350447
45.211711844805905,0.17073170731707318,0.007838745800671893,0.999651439350447
45.24929589975439,0.175,0.007838745800671893,0.9996616911342574
45.286879954702876,0.175,0.007838745800671893,0.9996616911342574
45.324464009651365,0.1794871794871795,0.007838745800671893,0.9996719429180677
45.36204806459985,0.1794871794871795,0.007838745800671893,0.9996719429180677
45.399632119548336,0.1794871794871795,0.007838745800671893,0.9996719429180677
45.43721617449682,0.1794871794871795,0.007838745800671893,0.9996719429180677
45.47480022944531,0.18421052631578946,0.007838745800671893,0.9996821947018781
45.5123842843938,0.18421052631578946,0.007838745800671893,0.9996821947018781
45.54996833934228,0.18421052631578946,0.007838745800671893,0.9996821947018781
45.58755239429077,0.18421052631578946,0.007838745800671893,0.9996821947018781
45.62513644923925,0.18421052631578946,0.007838745800671893,0.9996821947018781
45.66272050418774,0.1891891891891892,0.007838745800671893,0.9996924464856886
45.70030455913623,0.1891891891891892,0.007838745800671893,0.9996924464856886
45.73788861408471,0.19444444444444445,0.007838745800671893,0.9997026982694989
45.7754726690332,0.2,0.007838745800671893,0.9997129500533093
45.81305672398168,0.2,0.007838745800671893,0.9997129500533093
45.85064077893017,0.2,0.007838745800671893,0.9997129500533093
45.88822483387866,0.2,0.007838745800671893,0.9997129500533093
45.92580888882714,0.2,0.007838745800671893,0.9997129500533093
45.96339294377563,0.20588235294117646,0.007838745800671893,0.9997232018371197
46.00097699872411,0.20588235294117646,0.007838745800671893,0.9997232018371197
46.0385610536726,0.20588235294117646,0.007838745800671893,0.9997232018371197
46.07614510862109,0.20588235294117646,0.007838745800671893,0.9997232018371197
46.11372916356957,0.20588235294117646,0.007838745800671893,0.9997232018371197
46.15131321851806,0.20588235294117646,0.007838745800671893,0.9997232018371197
46.188897273466544,0.20588235294117646,0.007838745800671893,0.9997232018371197
46.22648132841503,0.20588235294117646,0.007838745800671893,0.9997232018371197
46.26406538336352,0.21212121212121213,0.007838745800671893,0.99973345362093
46.301649438312005,0.21212121212121213,0.007838745800671893,0.99973345362093
46.339233493260494,0.21212121212121213,0.007838745800671893,0.99973345362093
46.376817548208976,0.21212121212121213,0.007838745800671893,0.99973345362093
46.414401603157465,0.1875,0.006718924972004479,0.99973345362093
46.451985658105954,0.1875,0.006718924972004479,0.99973345362093
46.489569713054436,0.1875,0.006718924972004479,0.99973345362093
46.527153768002925,0.1875,0.006718924972004479,0.99973345362093
46.56473782295141,0.1875,0.006718924972004479,0.99973345362093
46.6023218778999,0.1875,0.006718924972004479,0.99973345362093
46.639905932848386,0.16129032258064516,0.005599104143337066,0.99973345362093
46.67748998779687,0.13793103448275862,0.004479283314669653,0.9997437054047404
46.71507404274536,0.13793103448275862,0.004479283314669653,0.9997437054047404
46.75265809769384,0.13793103448275862,0.004479283314669653,0.9997437054047404
46.79024215264233,0.13793103448275862,0.004479283314669653,0.9997437054047404
46.82782620759082,0.13793103448275862,0.004479283314669653,0.9997437054047404
46.8654102625393,0.1111111111111111,0.0033594624860022394,0.9997539571885508
46.90299431748779,0.1111111111111111,0.0033594624860022394,0.9997539571885508
46.94057837243627,0.1111111111111111,0.0033594624860022394,0.9997539571885508
46.97816242738476,0.1111111111111111,0.0033594624860022394,0.9997539571885508
47.01574648233325,0.1111111111111111,0.0033594624860022394,0.9997539571885508
47.05333053728173,0.1111111111111111,0.0033594624860022394,0.9997539571885508
47.09091459223022,0.1111111111111111,0.0033594624860022394,0.9997539571885508
47.12849864717871,0.1111111111111111,0.0033594624860022394,0.9997539571885508
47.16608270212719,0.11538461538461539,0.0033594624860022394,0.9997642089723612
47.20366675707568,0.11538461538461539,0.0033594624860022394,0.9997642089723612
47.24125081202416,0.11538461538461539,0.0033594624860022394,0.9997642089723612
47.27883486697265,0.11538461538461539,0.0033594624860022394,0.9997642089723612
47.31641892192114,0.11538461538461539,0.0033594624860022394,0.9997642089723612
47.35400297686962,0.11538461538461539,0.0033594624860022394,0.9997642089723612
47.39158703181811,0.12,0.0033594624860022394,0.9997744607561716
47.429171086766594,0.12,0.0033594624860022394,0.9997744607561716
47.46675514171508,0.125,0.0033594624860022394,0.9997847125399819
47.50433919666357,0.125,0.0033594624860022394,0.9997847125399819
47.541923251612054,0.13636363636363635,0.0033594624860022394,0.9998052161076028
47.579507306560544,0.13636363636363635,0.0033594624860022394,0.9998052161076028
47.617091361509026,0.13636363636363635,0.0033594624860022394,0.9998052161076028
47.654675416457515,0.13636363636363635,0.0033594624860022394,0.9998052161076028
47.692259471406004,0.14285714285714285,0.0033594624860022394,0.9998154678914131
47.729843526354486,0.14285714285714285,0.0033594624860022394,0.9998154678914131
47.767427581302975,0.14285714285714285,0.0033594624860022394,0.9998154678914131
47.80501163625146,0.14285714285714285,0.0033594624860022394,0.9998154678914131
47.842595691199946,0.14285714285714285,0.0033594624860022394,0.9998154678914131
47.880179746148436,0.14285714285714285,0.0033594624860022394,0.9998154678914131
47.91776380109692,0.14285714285714285,0.0033594624860022394,0.9998154678914131
47.95534785604541,0.14285714285714285,0.0033594624860022394,0.9998154678914131
47.99293191099389,0.14285714285714285,0.0033594624860022394,0.9998154678914131
48.03051596594238,0.15,0.0033594624860022394,0.9998257196752235
48.06810002089087,0.15789473684210525,0.0033594624860022394,0.9998359714590339
48.10568407583935,0.15789473684210525,0.0033594624860022394,0.9998359714590339
48.14326813078784,0.16666666666666666,0.0033594624860022394,0.9998462232428442
48.18085218573632,0.16666666666666666,0.0033594624860022394,0.9998462232428442
48.21843624068481,0.16666666666666666,0.0033594624860022394,0.9998462232428442
48.2560202956333,0.16666666666666666,0.0033594624860022394,0.9998462232428442
48.29360435058178,0.16666666666666666,0.0033594624860022394,0.9998462232428442
48.33118840553027,0.16666666666666666,0.0033594624860022394,0.9998462232428442
48.36877246047875,0.16666666666666666,0.0033594624860022394,0.9998462232428442
48.40635651542724,0.17647058823529413,0.0033594624860022394,0.9998564750266546
48.44394057037573,0.17647058823529413,0.0033594624860022394,0.9998564750266546
48.48152462532421,0.17647058823529413,0.0033594624860022394,0.9998564750266546
48.5191086802727,0.17647058823529413,0.0033594624860022394,0.9998564750266546
48.55669273522118,0.1875,0.0033594624860022394,0.9998667268104651
48.59427679016967,0.2,0.0033594624860022394,0.9998769785942754
48.63186084511816,0.21428571428571427,0.0033594624860022394,0.9998872303780858
48.669444900066644,0.21428571428571427,0.0033594624860022394,0.9998872303780858
48.70702895501513,0.21428571428571427,0.0033594624860022394,0.9998872303780858
48.744613009963615,0.21428571428571427,0.0033594624860022394,0.9998872303780858
48.782197064912104,0.21428571428571427,0.0033594624860022394,0.9998872303780858
48.81978111986059,0.21428571428571427,0.0033594624860022394,0.9998872303780858
48.857365174809075,0.21428571428571427,0.0033594624860022394,0.9998872303780858
48.894949229757565,0.21428571428571427,0.0033594624860022394,0.9998872303780858
48.93253328470605,0.21428571428571427,0.0033594624860022394,0.9998872303780858
48.970117339654536,0.21428571428571427,0.0033594624860022394,0.9998872303780858
49.007701394603025,0.21428571428571427,0.0033594624860022394,0.9998872303780858
49.04528544955151,0.21428571428571427,0.0033594624860022394,0.9998872303780858
49.082869504499996,0.23076923076923078,0.0033594624860022394,0.9998974821618962
49.12045355944848,0.25,0.0033594624860022394,0.9999077339457065
49.15803761439697,0.25,0.0033594624860022394,0.9999077339457065
49.195621669345456,0.25,0.0033594624860022394,0.9999077339457065
49.23320572429394,0.25,0.0033594624860022394,0.9999077339457065
49.27078977924243,0.25,0.0033594624860022394,0.9999077339457065
49.30837383419092,0.25,0.0033594624860022394,0.9999077339457065
49.3459578891394,0.25,0.0033594624860022394,0.9999077339457065
49.38354194408789,0.25,0.0033594624860022394,0.9999077339457065
49.42112599903637,0.25,0.0033594624860022394,0.9999077339457065
49.45871005398486,0.25,0.0033594624860022394,0.9999077339457065
49.49629410893335,0.25,0.0033594624860022394,0.9999077339457065
49.53387816388183,0.25,0.0033594624860022394,0.9999077339457065
49.57146221883032,0.25,0.0033594624860022394,0.9999077339457065
49.6090462737788,0.25,0.0033594624860022394,0.9999077339457065
49.64663032872729,0.25,0.0033594624860022394,0.9999077339457065
49.68421438367578,0.25,0.0033594624860022394,0.9999077339457065
49.72179843862426,0.25,0.0033594624860022394,0.9999077339457065
49.75938249357275,0.25,0.0033594624860022394,0.9999077339457065
49.79696654852123,0.25,0.0033594624860022394,0.9999077339457065
49.83455060346972,0.25,0.0033594624860022394,0.9999077339457065
49.87213465841821,0.25,0.0033594624860022394,0.9999077339457065
49.90971871336669,0.25,0.0033594624860022394,0.9999077339457065
49.94730276831518,0.25,0.0033594624860022394,0.9999077339457065
49.984886823263665,0.25,0.0033594624860022394,0.9999077339457065
50.022470878212154,0.25,0.0033594624860022394,0.9999077339457065
50.06005493316064,0.25,0.0033594624860022394,0.9999077339457065
50.097638988109125,0.25,0.0033594624860022394,0.9999077339457065
50.135223043057614,0.25,0.0033594624860022394,0.9999077339457065
50.172807098006096,0.25,0.0033594624860022394,0.9999077339457065
50.21039115295458,0.25,0.0033594624860022394,0.9999077339457065
50.247975207903075,0.25,0.0033594624860022394,0.9999077339457065
50.28555926285156,0.25,0.0033594624860022394,0.9999077339457065
50.32314331780004,0.25,0.0033594624860022394,0.9999077339457065
50.360727372748535,0.25,0.0033594624860022394,0.9999077339457065
50.39831142769702,0.25,0.0033594624860022394,0.9999077339457065
50.4358954826455,0.25,0.0033594624860022394,0.9999077339457065
50.473479537593995,0.25,0.0033594624860022394,0.9999077339457065
50.51106359254248,0.25,0.0033594624860022394,0.9999077339457065
50.54864764749096,0.25,0.0033594624860022394,0.9999077339457065
50.586231702439456,0.25,0.0033594624860022394,0.9999077339457065
50.62381575738794,0.25,0.0033594624860022394,0.9999077339457065
50.66139981233642,0.25,0.0033594624860022394,0.9999077339457065
50.6989838672849,0.25,0.0033594624860022394,0.9999077339457065
50.7365679222334,0.2727272727272727,0.0033594624860022394,0.999917985729517
50.77415197718188,0.2727272727272727,0.0033594624860022394,0.999917985729517
50.81173603213036,0.2727272727272727,0.0033594624860022394,0.999917985729517
50.84932008707886,0.2727272727272727,0.0033594624860022394,0.999917985729517
50.88690414202734,0.2727272727272727,0.0033594624860022394,0.999917985729517
50.92448819697582,0.3,0.0033594624860022394,0.9999282375133273
50.96207225192432,0.3,0.0033594624860022394,0.9999282375133273
50.9996563068728,0.3,0.0033594624860022394,0.9999282375133273
51.03724036182128,0.3,0.0033594624860022394,0.9999282375133273
51.074824416769765,0.2222222222222222,0.0022396416573348264,0.9999282375133273
51.11240847171826,0.2222222222222222,0.0022396416573348264,0.9999282375133273
51.14999252666674,0.2222222222222222,0.0022396416573348264,0.9999282375133273
51.187576581615225,0.2222222222222222,0.0022396416573348264,0.9999282375133273
51.22516063656372,0.2222222222222222,0.0022396416573348264,0.9999282375133273
51.262744691512204,0.25,0.0022396416573348264,0.9999384892971377
51.300328746460686,0.25,0.0022396416573348264,0.9999384892971377
51.33791280140918,0.25,0.0022396416573348264,0.9999384892971377
51.375496856357664,0.25,0.0022396416573348264,0.9999384892971377
51.413080911306146,0.25,0.0022396416573348264,0.9999384892971377
51.45066496625463,0.25,0.0022396416573348264,0.9999384892971377
51.488249021203124,0.25,0.0022396416573348264,0.9999384892971377
51.525833076151606,0.25,0.0022396416573348264,0.9999384892971377
51.56341713110009,0.25,0.0022396416573348264,0.9999384892971377
51.601001186048585,0.25,0.0022396416573348264,0.9999384892971377
51.63858524099707,0.25,0.0022396416573348264,0.9999384892971377
51.67616929594555,0.25,0.0022396416573348264,0.9999384892971377
51.713753350894045,0.25,0.0022396416573348264,0.9999384892971377
51.75133740584253,0.25,0.0022396416573348264,0.9999384892971377
51.78892146079101,0.25,0.0022396416573348264,0.9999384892971377
51.82650551573949,0.25,0.0022396416573348264,0.9999384892971377
51.86408957068799,0.25,0.0022396416573348264,0.9999384892971377
51.90167362563647,0.25,0.0022396416573348264,0.9999384892971377
51.93925768058495,0.25,0.0022396416573348264,0.9999384892971377
51.97684173553345,0.25,0.0022396416573348264,0.9999384892971377
52.01442579048193,0.25,0.0022396416573348264,0.9999384892971377
52.05200984543041,0.25,0.0022396416573348264,0.9999384892971377
52.08959390037891,0.2857142857142857,0.0022396416573348264,0.9999487410809481
52.12717795532739,0.2857142857142857,0.0022396416573348264,0.9999487410809481
52.16476201027587,0.2857142857142857,0.0022396416573348264,0.9999487410809481
52.202346065224354,0.2857142857142857,0.0022396416573348264,0.9999487410809481
52.23993012017285,0.2857142857142857,0.0022396416573348264,0.9999487410809481
52.27751417512133,0.2857142857142857,0.0022396416573348264,0.9999487410809481
52.315098230069815,0.2857142857142857,0.0022396416573348264,0.9999487410809481
52.35268228501831,0.2857142857142857,0.0022396416573348264,0.9999487410809481
52.39026633996679,0.2857142857142857,0.0022396416573348264,0.9999487410809481
52.427850394915275,0.2857142857142857,0.0022396416573348264,0.9999487410809481
52.46543444986377,0.2857142857142857,0.0022396416573348264,0.9999487410809481
52.50301850481225,0.2857142857142857,0.0022396416573348264,0.9999487410809481
52.540602559760735,0.2857142857142857,0.0022396416573348264,0.9999487410809481
52.57818661470923,0.2857142857142857,0.0022396416573348264,0.9999487410809481
52.615770669657714,0.2857142857142857,0.0022396416573348264,0.9999487410809481
52.653354724606196,0.2857142857142857,0.0022396416573348264,0.9999487410809481
52.69093877955468,0.2857142857142857,0.0022396416573348264,0.9999487410809481
52.728522834503174,0.2857142857142857,0.0022396416573348264,0.9999487410809481
52.766106889451656,0.2857142857142857,0.0022396416573348264,0.9999487410809481
52.80369094440014,0.2857142857142857,0.0022396416573348264,0.9999487410809481
52.841274999348634,0.2857142857142857,0.0022396416573348264,0.9999487410809481
52.878859054297116,0.2857142857142857,0.0022396416573348264,0.9999487410809481
52.9164431092456,0.2857142857142857,0.0022396416573348264,0.9999487410809481
52.954027164194095,0.2857142857142857,0.0022396416573348264,0.9999487410809481
52.99161121914258,0.2857142857142857,0.0022396416573348264,0.9999487410809481
53.02919527409106,0.2857142857142857,0.0022396416573348264,0.9999487410809481
53.06677932903954,0.2857142857142857,0.0022396416573348264,0.9999487410809481
53.10436338398804,0.2857142857142857,0.0022396416573348264,0.9999487410809481
53.14194743893652,0.2857142857142857,0.0022396416573348264,0.9999487410809481
53.179531493885,0.2857142857142857,0.0022396416573348264,0.9999487410809481
53.2171155488335,0.2857142857142857,0.0022396416573348264,0.9999487410809481
53.25469960378198,0.2857142857142857,0.0022396416573348264,0.9999487410809481
53.29228365873046,0.2857142857142857,0.0022396416573348264,0.9999487410809481
53.32986771367896,0.2857142857142857,0.0022396416573348264,0.9999487410809481
53.36745176862744,0.2857142857142857,0.0022396416573348264,0.9999487410809481
53.40503582357592,0.2857142857142857,0.0022396416573348264,0.9999487410809481
53.442619878524404,0.2857142857142857,0.0022396416573348264,0.9999487410809481
53.4802039334729,0.2857142857142857,0.0022396416573348264,0.9999487410809481
53.51778798842138,0.2857142857142857,0.0022396416573348264,0.9999487410809481
53.555372043369864,0.2857142857142857,0.0022396416573348264,0.9999487410809481
53.59295609831836,0.16666666666666666,0.0011198208286674132,0.9999487410809481
53.63054015326684,0.16666666666666666,0.0011198208286674132,0.9999487410809481
53.668124208215325,0.16666666666666666,0.0011198208286674132,0.9999487410809481
53.70570826316382,0.16666666666666666,0.0011198208286674132,0.9999487410809481
53.7432923181123,0.16666666666666666,0.0011198208286674132,0.9999487410809481
53.780876373060785,0.16666666666666666,0.0011198208286674132,0.9999487410809481
53.81846042800927,0.16666666666666666,0.0011198208286674132,0.9999487410809481
53.85604448295776,0.16666666666666666,0.0011198208286674132,0.9999487410809481
53.893628537906245,0.16666666666666666,0.0011198208286674132,0.9999487410809481
53.93121259285473,0.16666666666666666,0.0011198208286674132,0.9999487410809481
53.968796647803224,0.16666666666666666,0.0011198208286674132,0.9999487410809481
54.006380702751706,0.16666666666666666,0.0011198208286674132,0.9999487410809481
54.04396475770019,0.16666666666666666,0.0011198208286674132,0.9999487410809481
54.081548812648684,0.16666666666666666,0.0011198208286674132,0.9999487410809481
54.119132867597166,0.16666666666666666,0.0011198208286674132,0.9999487410809481
54.15671692254565,0.16666666666666666,0.0011198208286674132,0.9999487410809481
54.19430097749413,0.16666666666666666,0.0011198208286674132,0.9999487410809481
54.23188503244263,0.16666666666666666,0.0011198208286674132,0.9999487410809481
54.26946908739111,0.16666666666666666,0.0011198208286674132,0.9999487410809481
54.30705314233959,0.16666666666666666,0.0011198208286674132,0.9999487410809481
54.34463719728809,0.16666666666666666,0.0011198208286674132,0.9999487410809481
54.38222125223657,0.16666666666666666,0.0011198208286674132,0.9999487410809481
54.41980530718505,0.16666666666666666,0.0011198208286674132,0.9999487410809481
54.45738936213355,0.16666666666666666,0.0011198208286674132,0.9999487410809481
54.49497341708203,0.16666666666666666,0.0011198208286674132,0.9999487410809481
54.53255747203051,0.16666666666666666,0.0011198208286674132,0.9999487410809481
54.57014152697901,0.16666666666666666,0.0011198208286674132,0.9999487410809481
54.60772558192749,0.16666666666666666,0.0011198208286674132,0.9999487410809481
54.64530963687597,0.16666666666666666,0.0011198208286674132,0.9999487410809481
54.682893691824454,0.16666666666666666,0.0011198208286674132,0.9999487410809481
54.72047774677295,0.16666666666666666,0.0011198208286674132,0.9999487410809481
54.75806180172143,0.16666666666666666,0.0011198208286674132,0.9999487410809481
54.795645856669914,0.16666666666666666,0.0011198208286674132,0.9999487410809481
54.83322991161841,0.16666666666666666,0.0011198208286674132,0.9999487410809481
54.87081396656689,0.16666666666666666,0.0011198208286674132,0.9999487410809481
54.908398021515374,0.16666666666666666,0.0011198208286674132,0.9999487410809481
54.94598207646387,0.16666666666666666,0.0011198208286674132,0.9999487410809481
54.98356613141235,0.16666666666666666,0.0011198208286674132,0.9999487410809481
55.021150186360835,0.16666666666666666,0.0011198208286674132,0.9999487410809481
55.05873424130932,0.16666666666666666,0.0011198208286674132,0.9999487410809481
55.09631829625781,0.16666666666666666,0.0011198208286674132,0.9999487410809481
55.133902351206295,0.16666666666666666,0.0011198208286674132,0.9999487410809481
55.17148640615478,0.16666666666666666,0.0011198208286674132,0.9999487410809481
55.20907046110327,0.16666666666666666,0.0011198208286674132,0.9999487410809481
55.246654516051755,0.16666666666666666,0.0011198208286674132,0.9999487410809481
55.28423857100024,0.16666666666666666,0.0011198208286674132,0.9999487410809481
55.321822625948734,0.16666666666666666,0.0011198208286674132,0.9999487410809481
55.359406680897216,0.16666666666666666,0.0011198208286674132,0.9999487410809481
55.3969907358457,0.16666666666666666,0.0011198208286674132,0.9999487410809481
55.43457479079418,0.16666666666666666,0.0011198208286674132,0.9999487410809481
55.472158845742676,0.16666666666666666,0.0011198208286674132,0.9999487410809481
55.50974290069116,0.16666666666666666,0.0011198208286674132,0.9999487410809481
55.54732695563964,0.16666666666666666,0.0011198208286674132,0.9999487410809481
55.58491101058814,0.16666666666666666,0.0011198208286674132,0.9999487410809481
55.62249506553662,0.16666666666666666,0.0011198208286674132,0.9999487410809481
55.6600791204851,0.16666666666666666,0.0011198208286674132,0.9999487410809481
55.6976631754336,0.16666666666666666,0.0011198208286674132,0.9999487410809481
55.73524723038208,0.16666666666666666,0.0011198208286674132,0.9999487410809481
55.77283128533056,0.2,0.0011198208286674132,0.9999589928647584
55.81041534027904,0.2,0.0011198208286674132,0.9999589928647584
55.84799939522754,0.2,0.0011198208286674132,0.9999589928647584
55.88558345017602,0.2,0.0011198208286674132,0.9999589928647584
55.9231675051245,0.2,0.0011198208286674132,0.9999589928647584
55.960751560073,0.2,0.0011198208286674132,0.9999589928647584
55.99833561502148,0.2,0.0011198208286674132,0.9999589928647584
56.035919669969964,0.2,0.0011198208286674132,0.9999589928647584
56.07350372491846,0.2,0.0011198208286674132,0.9999589928647584
56.11108777986694,0.2,0.0011198208286674132,0.9999589928647584
56.148671834815424,0.2,0.0011198208286674132,0.9999589928647584
56.186255889763906,0.2,0.0011198208286674132,0.9999589928647584
56.2238399447124,0.2,0.0011198208286674132,0.9999589928647584
56.261423999660884,0.2,0.0011198208286674132,0.9999589928647584
56.29900805460937,0.2,0.0011198208286674132,0.9999589928647584
56.33659210955786,0.2,0.0011198208286674132,0.9999589928647584
56.374176164506345,0.25,0.0011198208286674132,0.9999692446485688
56.41176021945483,0.25,0.0011198208286674132,0.9999692446485688
56.44934427440332,0.25,0.0011198208286674132,0.9999692446485688
56.486928329351805,0.25,0.0011198208286674132,0.9999692446485688
56.52451238430029,0.25,0.0011198208286674132,0.9999692446485688
56.56209643924877,0.25,0.0011198208286674132,0.9999692446485688
56.599680494197266,0.0,0.0,0.9999692446485688
56.63726454914575,0.0,0.0,0.9999692446485688
56.67484860409423,0.0,0.0,0.9999692446485688
56.712432659042726,0.0,0.0,0.9999692446485688
56.75001671399121,0.0,0.0,0.9999692446485688
56.78760076893969,0.0,0.0,0.9999692446485688
56.825184823888186,0.0,0.0,0.9999692446485688
56.86276887883667,0.0,0.0,0.9999692446485688
56.90035293378515,0.0,0.0,0.9999692446485688
56.93793698873365,0.0,0.0,0.9999692446485688
56.97552104368213,0.0,0.0,0.9999692446485688
57.01310509863061,0.0,0.0,0.9999692446485688
57.05068915357909,0.0,0.0,0.9999692446485688
57.08827320852759,0.0,0.0,0.9999692446485688
57.12585726347607,0.0,0.0,0.9999692446485688
57.16344131842455,0.0,0.0,0.9999692446485688
57.20102537337305,0.0,0.0,0.9999692446485688
57.23860942832153,0.0,0.0,0.9999692446485688
57.27619348327001,0.0,0.0,0.9999692446485688
57.31377753821851,0.0,0.0,0.9999794964323793
57.35136159316699,0.0,0.0,0.9999794964323793
57.388945648115474,0.0,0.0,0.9999794964323793
57.426529703063956,0.0,0.0,0.9999794964323793
57.46411375801245,0.0,0.0,0.9999794964323793
57.501697812960934,0.0,0.0,0.9999794964323793
57.539281867909416,0.0,0.0,0.9999794964323793
57.57686592285791,0.0,0.0,0.9999794964323793
57.614449977806395,0.0,0.0,0.9999794964323793
57.65203403275488,0.0,0.0,0.9999794964323793
57.68961808770337,0.0,0.0,0.9999794964323793
57.727202142651855,0.0,0.0,0.9999794964323793
57.76478619760034,0.0,0.0,0.9999794964323793
57.80237025254882,0.0,0.0,0.9999794964323793
57.839954307497315,0.0,0.0,0.9999794964323793
57.8775383624458,0.0,0.0,0.9999794964323793
57.91512241739428,0.0,0.0,0.9999794964323793
57.952706472342776,0.0,0.0,0.9999794964323793
57.99029052729126,0.0,0.0,0.9999794964323793
58.02787458223974,0.0,0.0,0.9999794964323793
58.065458637188236,0.0,0.0,0.9999794964323793
58.10304269213672,0.0,0.0,0.9999794964323793
58.1406267470852,0.0,0.0,0.9999794964323793
58.17821080203368,0.0,0.0,0.9999794964323793
58.21579485698218,0.0,0.0,0.9999794964323793
58.25337891193066,0.0,0.0,0.9999794964323793
58.29096296687914,0.0,0.0,0.9999794964323793
58.32854702182764,0.0,0.0,0.9999794964323793
58.36613107677612,0.0,0.0,0.9999794964323793
58.4037151317246,0.0,0.0,0.9999794964323793
58.4412991866731,0.0,0.0,0.9999794964323793
58.47888324162158,0.0,0.0,0.9999794964323793
58.51646729657006,0.0,0.0,0.9999794964323793
58.554051351518545,0.0,0.0,0.9999794964323793
58.59163540646704,0.0,0.0,0.9999794964323793
58.62921946141552,0.0,0.0,0.9999794964323793
58.666803516364006,0.0,0.0,0.9999794964323793
58.7043875713125,0.0,0.0,0.9999794964323793
58.741971626260984,0.0,0.0,0.9999794964323793
58.779555681209466,0.0,0.0,0.9999794964323793
58.81713973615796,0.0,0.0,0.9999794964323793
58.854723791106444,0.0,0.0,0.9999794964323793
58.892307846054926,0.0,0.0,0.9999794964323793
58.92989190100342,0.0,0.0,0.9999794964323793
58.967475955951905,0.0,0.0,0.9999794964323793
59.00506001090039,0.0,0.0,0.9999794964323793
59.04264406584887,0.0,0.0,0.9999794964323793
59.080228120797365,0.0,0.0,0.9999794964323793
59.11781217574585,0.0,0.0,0.9999794964323793
59.15539623069433,0.0,0.0,0.9999794964323793
59.192980285642825,0.0,0.0,0.9999794964323793
59.23056434059131,0.0,0.0,0.9999794964323793
59.26814839553979,0.0,0.0,0.9999794964323793
59.305732450488286,0.0,0.0,0.9999794964323793
59.34331650543677,0.0,0.0,0.9999794964323793
59.38090056038525,0.0,0.0,0.9999794964323793
59.41848461533373,0.0,0.0,0.9999794964323793
59.45606867028223,0.0,0.0,0.9999794964323793
59.49365272523071,0.0,0.0,0.9999794964323793
59.53123678017919,0.0,0.0,0.9999794964323793
59.56882083512769,0.0,0.0,0.9999794964323793
59.60640489007617,0.0,0.0,0.9999794964323793
59.64398894502465,0.0,0.0,0.9999794964323793
59.68157299997315,0.0,0.0,0.9999794964323793
59.71915705492163,0.0,0.0,0.9999794964323793
59.75674110987011,0.0,0.0,0.9999794964323793
59.794325164818595,0.0,0.0,0.9999794964323793
59.83190921976709,0.0,0.0,0.9999794964323793
59.86949327471557,0.0,0.0,0.9999794964323793
59.907077329664055,0.0,0.0,0.9999794964323793
59.94466138461255,0.0,0.0,0.9999794964323793
59.982245439561034,0.0,0.0,0.9999794964323793
60.019829494509516,0.0,0.0,0.9999794964323793
60.05741354945801,0.0,0.0,0.9999794964323793
60.094997604406494,0.0,0.0,0.9999794964323793
60.132581659354976,0.0,0.0,0.9999794964323793
60.17016571430346,0.0,0.0,0.9999794964323793
60.207749769251954,0.0,0.0,0.9999794964323793
60.245333824200436,0.0,0.0,0.9999794964323793
60.28291787914892,0.0,0.0,0.9999794964323793
60.320501934097415,0.0,0.0,0.9999794964323793
60.3580859890459,0.0,0.0,0.9999794964323793
60.39567004399438,0.0,0.0,0.9999794964323793
60.433254098942875,0.0,0.0,0.9999794964323793
60.47083815389136,0.0,0.0,0.9999794964323793
60.50842220883984,0.0,0.0,0.9999794964323793
60.54600626378832,0.0,0.0,0.9999794964323793
60.58359031873682,0.0,0.0,0.9999794964323793
60.6211743736853,0.0,0.0,0.9999794964323793
60.65875842863378,0.0,0.0,0.9999794964323793
60.69634248358228,0.0,0.0,0.9999794964323793
60.73392653853076,0.0,0.0,0.9999794964323793
60.77151059347924,0.0,0.0,0.9999794964323793
60.80909464842774,0.0,0.0,0.9999794964323793
60.84667870337622,0.0,0.0,0.9999794964323793
60.8842627583247,0.0,0.0,0.9999794964323793
60.921846813273184,0.0,0.0,0.9999794964323793
60.95943086822168,0.0,0.0,0.9999794964323793
60.99701492317016,0.0,0.0,0.9999794964323793
61.034598978118645,0.0,0.0,0.9999794964323793
61.07218303306714,0.0,0.0,0.9999794964323793
61.10976708801562,0.0,0.0,0.9999794964323793
61.147351142964105,0.0,0.0,0.9999794964323793
61.1849351979126,0.0,0.0,0.9999794964323793
61.22251925286108,0.0,0.0,0.9999897482161896
61.260103307809565,0.0,0.0,0.9999897482161896
