Threshold,Precision,Recall,Specificity
-13.294157030565612,0.008431817412210897,1.0,0.0
-13.256990717197635,0.008432245720381313,1.0,5.1226009152380304e-05
-13.219824403829657,0.008432388499441227,1.0,6.830134553650706e-05
-13.182658090461679,0.008432531283336438,1.0,8.537668192063384e-05
-13.145491777093701,0.008432531283336438,1.0,8.537668192063384e-05
-13.108325463725725,0.008432531283336438,1.0,8.537668192063384e-05
-13.071159150357747,0.008432531283336438,1.0,8.537668192063384e-05
-13.03399283698977,0.008432531283336438,1.0,8.537668192063384e-05
-12.996826523621792,0.008432531283336438,1.0,8.537668192063384e-05
-12.959660210253814,0.00843267407206719,1.0,0.00010245201830476061
-12.922493896885836,0.00843267407206719,1.0,0.00010245201830476061
-12.885327583517858,0.00843267407206719,1.0,0.00010245201830476061
-12.84816127014988,0.00843281686563373,1.0,0.00011952735468888737
-12.810994956781903,0.008432959664036305,1.0,0.00013660269107301413
-12.773828643413925,0.00843310246727516,1.0,0.00015367802745714092
-12.736662330045949,0.00843310246727516,1.0,0.00015367802745714092
-12.699496016677971,0.008433245275350538,1.0,0.00017075336384126768
-12.662329703309993,0.008433245275350538,1.0,0.00017075336384126768
-12.625163389942015,0.008433245275350538,1.0,0.00017075336384126768
-12.587997076574037,0.008433245275350538,1.0,0.00017075336384126768
-12.55083076320606,0.008433245275350538,1.0,0.00017075336384126768
-12.513664449838082,0.008433388088262689,1.0,0.00018782870022539445
-12.476498136470104,0.008433388088262689,1.0,0.00018782870022539445
-12.439331823102126,0.008433530906011854,1.0,0.00020490403660952122
-12.40216550973415,0.008433530906011854,1.0,0.00020490403660952122
-12.364999196366172,0.008433530906011854,1.0,0.00020490403660952122
-12.327832882998194,0.008433530906011854,1.0,0.00020490403660952122
-12.290666569630217,0.008433530906011854,1.0,0.00020490403660952122
-12.253500256262239,0.008433530906011854,1.0,0.00020490403660952122
-12.216333942894261,0.008433673728598283,1.0,0.00022197937299364798
-12.179167629526283,0.0084341022253836,1.0,0.00027320538214602825
-12.142001316158305,0.008434530765713124,1.0,0.0003244313912984086
-12.104835002790328,0.008434816483460646,1.0,0.0003585820640666621
-12.067668689422351,0.008435245096378604,1.0,0.00040980807321904243
-12.030502376054374,0.008435245096378604,1.0,0.00040980807321904243
-11.993336062686396,0.008435673752858475,1.0,0.0004610340823714227
-11.956169749318418,0.008435816648033338,1.0,0.0004781094187555495
-11.91900343595044,0.008436245362606088,1.0,0.0005293354279079298
-11.881837122582462,0.008436388277147213,1.0,0.0005464107642920565
-11.844670809214485,0.008436531196530518,1.0,0.0005634861006761833
-11.807504495846507,0.008436674120756252,1.0,0.0005805614370603101
-11.770338182478529,0.00843695998373598,1.0,0.0006147121098285637
-11.733171869110553,0.00843724586608837,1.0,0.0006488627825968172
-11.696005555742575,0.008437531767815391,1.0,0.0006830134553650707
-11.658839242374597,0.00843781768891901,1.0,0.0007171641281333242
-11.62167292900662,0.0084381036294012,1.0,0.0007513148009015778
-11.584506615638642,0.008438961567138886,1.0,0.0008537668192063383
-11.547340302270664,0.008439676648533226,1.0,0.0009391435011269722
-11.510173988902686,0.00844053490618803,1.0,0.0010415955194317328
-11.473007675534708,0.008441536427433298,1.0,0.0011611228741206202
-11.43584136216673,0.00844253818638005,1.0,0.0012806502288095075
-11.398675048798754,0.008442967584429676,1.0,0.0013318762379618879
-11.361508735430776,0.00844382651158059,1.0,0.0014343282562666484
-11.324342422062799,0.008444399226777902,1.0,0.0015026296018031556
-11.28717610869482,0.00844640434192673,1.0,0.0017416843111809303
-11.250009795326843,0.008446834133351426,1.0,0.0017929103203333106
-11.212843481958865,0.008448123770102463,1.0,0.0019465883477904516
-11.175677168590887,0.008449557161763209,1.0,0.0021173417116317193
-11.13851085522291,0.008450991039913114,1.0,0.0022880950754729868
-11.101344541854932,0.008452712336207481,1.0,0.002492999112082508
-11.064178228486956,0.008454003768652282,1.0,0.002646677139539649
-11.027011915118978,0.008456157033213339,1.0,0.0029028071853015504
-10.989845601751,0.008457736791155041,1.0,0.0030906358855269447
-10.952679288383022,0.008459748246046173,1.0,0.00332969059490472
-10.915512975015044,0.00846262341325811,1.0,0.003671197322587255
-10.878346661647067,0.008465212735215624,1.0,0.003978553377501537
-10.841180348279089,0.008467083786724701,1.0,0.004200532750495185
-10.804014034911111,0.00847054020955232,1.0,0.004610340823714227
-10.766847721543133,0.008473278546271248,1.0,0.004934772215012636
-10.729681408175157,0.00847731721848668,1.0,0.005412881633768185
-10.69251509480718,0.008480493162815251,1.0,0.0057885390342189745
-10.655348781439201,0.008482948931966067,1.0,0.00607881975274913
-10.618182468071224,0.008485839893671404,1.0,0.006420326480431665
-10.581016154703246,0.008489022228283103,1.0,0.006795983880882453
-10.543849841335268,0.008493075926052255,1.0,0.0072740932996380025
-10.50668352796729,0.00849611874093662,1.0,0.007632675363704665
-10.469517214599312,0.0084988736432521,1.0,0.007957106755003074
-10.432350901231334,0.008501920614596672,1.0,0.008315688819069736
-10.395184587863358,0.008505550811272416,1.0,0.008742572228672904
-10.35801827449538,0.008510929195221575,1.0,0.009374359674885596
-10.320851961127403,0.008515440648404638,1.0,0.009903695102793524
-10.283685647759425,0.008519665372179358,1.0,0.010398879857933202
-10.246519334391447,0.00852608330907908,1.0,0.011150194658834779
-10.20935302102347,0.008531487699581992,1.0,0.011781982105047469
-10.172186707655491,0.008537337996297058,1.0,0.01246499556041254
-10.135020394287514,0.008544368952028002,1.0,0.013284611706850625
-10.097854080919536,0.00855053054496755,1.0,0.01400177583498395
-10.06068776755156,0.008556554011099466,1.0,0.014701864626733147
-10.02352145418358,0.00856523683395824,1.0,0.015709309473396625
-9.986355140815604,0.008573789683906067,1.0,0.01669967898367598
-9.949188827447626,0.00858088083258667,1.0,0.017519295130114063
-9.912022514079649,0.008588131822649904,1.0,0.018355986612936276
-9.87485620071167,0.008597917853628219,1.0,0.01948295881428864
-9.837689887343693,0.00860549507516848,1.0,0.020353800969879106
-9.800523573975715,0.008613979554771419,1.0,0.021327095143774333
-9.763357260607737,0.008623525948501272,1.0,0.022419916672358445
-9.726190947239761,0.008634889809789676,1.0,0.02371764223755208
-9.689024633871782,0.008647634923942488,1.0,0.025169045830202855
-9.651858320503806,0.008657256101800988,1.0,0.026261867358786967
-9.614692007135828,0.008667351236576918,1.0,0.027405914896523463
-9.57752569376785,0.008680192428362267,1.0,0.028857318489174236
-9.540359380399872,0.008691402841285908,1.0,0.03012089338159962
-9.503193067031894,0.008685622411352475,0.9979919678714859,0.03141861894679325
-9.466026753663916,0.008699305105809456,0.9979919678714859,0.03295539922136466
-9.428860440295939,0.008711961856682092,0.9979919678714859,0.034372652141247184
-9.391694126927963,0.008707559425581967,0.9959839357429718,0.03582405573389796
-9.354527813559983,0.008723026327359702,0.9959839357429718,0.03754866470869476
-9.317361500192007,0.008739010166146907,0.9959839357429718,0.03932449969264395
-9.280195186824029,0.00875458909912454,0.9959839357429718,0.04104910866744075
-9.243028873456051,0.008772395253002246,0.9959839357429718,0.043012772351615325
-9.205862560088073,0.008737107007407933,0.9899598393574297,0.044925210026637526
-9.168696246720096,0.008753706564392123,0.9899598393574297,0.04675227101973909
-9.131529933352118,0.008752268118262355,0.9879518072289156,0.04852810600368827
-9.09436361998414,0.008771147915069617,0.9879518072289156,0.05059422170616761
-9.057197306616164,0.008773340480657555,0.9859437751004017,0.05276278942695171
-9.020030993248184,0.008789045019242818,0.9859437751004017,0.05447032306536439
-8.982864679880208,0.008807648842090158,0.9859437751004017,0.056485212758691346
-8.94569836651223,0.008825379707018964,0.9859437751004017,0.05839765043371355
-8.908532053144253,0.008844456453210844,0.9859437751004017,0.06044669079980876
-8.871365739776275,0.00886329584634547,0.9859437751004017,0.062461580493135715
-8.834199426408297,0.008867975748801013,0.9839357429718876,0.06486920292329759
-8.79703311304032,0.008892760566958858,0.9839357429718876,0.06749880472645312
-8.759866799672341,0.008895923156688315,0.9819277108433735,0.06973567379277372
-8.722700486304365,0.008919288645690835,0.9819277108433735,0.07219452223208797
-8.685534172936386,0.00894146903399221,0.9819277108433735,0.07451676798032922
-8.64836785956841,0.008965074708955908,0.9819277108433735,0.07697561641964347
-8.611201546200432,0.008953357968856287,0.9779116465863453,0.07953691687726248
-8.574035232832454,0.008980269223676932,0.9779116465863453,0.08232019670787515
-8.536868919464476,0.009008009174481623,0.9779116465863453,0.08517177788402432
-8.499702606096498,0.009018036072144289,0.9759036144578314,0.08807458506932586
-8.46253629272852,0.009027286602389904,0.9738955823293173,0.09089201557270678
-8.425369979360543,0.009057294390079929,0.9738955823293173,0.09393142544908134
-8.388203665992567,0.009083417612465821,0.9738955823293173,0.09656102725223686
-8.351037352624587,0.009109007587709413,0.9738955823293173,0.09912232770985588
-8.313871039256611,0.009141973912387845,0.9738955823293173,0.10240079229560822
-8.276704725888633,0.009170148802208398,0.9738955823293173,0.10518407212622088
-8.239538412520655,0.009200242810531906,0.9738955823293173,0.10813810532067482
-8.202372099152678,0.00923123774719732,0.9738955823293173,0.11116043986066526
-8.1652057857847,0.009262442229097436,0.9738955823293173,0.11418277440065569
-8.128039472416722,0.009260324398941677,0.9698795180722891,0.1176319923502493
-8.090873159048744,0.00927725916658647,0.9678714859437751,0.12108121029984291
-8.053706845680768,0.009254071598307606,0.9618473895582329,0.12434259954921112
-8.016540532312789,0.009292310079925507,0.9618473895582329,0.12797964619903013
-7.979374218944812,0.009321786513574,0.9618473895582329,0.1307629260296428
-7.942207905576835,0.009359856182585587,0.9618473895582329,0.1343316713339253
-7.905041592208857,0.009374570985898919,0.9598393574297188,0.13750768390137286
-7.867875278840879,0.009412784057343153,0.9598393574297188,0.1410422785328871
-7.830708965472901,0.009447200426902782,0.9598393574297188,0.14420121576395056
-7.793542652104923,0.009481117105680736,0.9598393574297188,0.1472918516494775
-7.756376338736946,0.009525327806783309,0.9598393574297188,0.15128748036336315
-7.719210025368969,0.009547255914495015,0.9578313253012049,0.15502697903148693
-7.682043712000991,0.009587168870844555,0.9578313253012049,0.15857864899938529
-7.644877398633013,0.009627222637092054,0.9578313253012049,0.16211324363089952
-7.607711085265035,0.009644022124521345,0.9558232931726908,0.1653404822074995
-7.570544771897058,0.009690751033205073,0.9558232931726908,0.16940441226692166
-7.53337845852908,0.009714297400658527,0.9538152610441767,0.17317806160781368
-7.496212145161103,0.00976502271652653,0.9538152610441767,0.17751519704938187
-7.459045831793125,0.009813441315620933,0.9538152610441767,0.1816132777815723
-7.421879518425148,0.009815314380576883,0.9497991967871486,0.18521617375862304
-7.38471320505717,0.009799833194328608,0.9437751004016064,0.1890922751178198
-7.347546891689192,0.00984973908669866,0.9437751004016064,0.19324158185916263
-7.310380578321214,0.009872437165831685,0.9417670682730924,0.19682740249982925
-7.2732142649532365,0.00990015231003554,0.9397590361445783,0.20080595587733077
-7.23604795158526,0.009926032987587145,0.9377510040160643,0.20461375589099104
-7.198881638217282,0.009975861406019696,0.9377510040160643,0.20862645994126083
-7.161715324849304,0.009988186016539577,0.9337349397590361,0.2129977460555973
-7.124549011481326,0.01001943424746275,0.9317269076305221,0.21716412813332422
-7.087382698113349,0.010074910433177722,0.9317269076305221,0.22151833891127656
-7.050216384745371,0.010129898482698395,0.9317269076305221,0.22578717300730825
-7.013050071377394,0.010185266485205022,0.9317269076305221,0.2300389317669558
-6.975883758009416,0.01024508721572091,0.9317269076305221,0.23458097124513352
-6.938717444641438,0.010296924237716923,0.9317269076305221,0.23847414794071442
-6.901551131273461,0.010325371869494436,0.929718875502008,0.24223072194522233
-6.864384817905483,0.010381864250958585,0.929718875502008,0.24639710402294926
-6.827218504537505,0.010439684329199549,0.929718875502008,0.25061471210982855
-6.7900521911695275,0.010475240341012153,0.927710843373494,0.25479816952393963
-6.75288587780155,0.010533996078252542,0.927710843373494,0.25899870227443483
-6.715719564433573,0.01056709301792509,0.9257028112449799,0.26294310497916806
-6.678553251065595,0.0106228541143397,0.9257028112449799,0.2668533570111331
-6.641386937697617,0.010679949032781189,0.9257028112449799,0.2708148350522505
-6.604220624329639,0.010715117633356627,0.9236947791164659,0.2748104637661362
-6.567054310961662,0.01078192387024189,0.9236947791164659,0.27935250324431393
-6.5298879975936845,0.010818072544721771,0.9216867469879518,0.2833481319581996
-6.492721684225707,0.010860028928461338,0.9196787148594378,0.2877023427361519
-6.455555370857729,0.01087812209260717,0.9156626506024096,0.29200532750495184
-6.418389057489751,0.010948116491800917,0.9156626506024096,0.2965815176558978
-6.381222744121774,0.010969098069535384,0.9116465863453815,0.3010211051157708
-6.344056430753796,0.011038708422485898,0.9116465863453815,0.30547776791202785
-6.3068901173858185,0.011083653446208803,0.9096385542168675,0.3098490540263643
-6.269723804017841,0.011131359897552085,0.9076305220883534,0.3143569428317738
-6.232557490649864,0.011197819893472067,0.9076305220883534,0.31847209890034833
-6.195391177281886,0.01124043566034444,0.9056224899598394,0.3225872549689229
-6.158224863913908,0.011316020574582863,0.9056224899598394,0.32716344511986883
-6.12105855054593,0.011371102238843685,0.9036144578313253,0.33194453930742435
-6.0838922371779525,0.011396011396011397,0.8995983935742972,0.33638412676729734
-6.0467259238099755,0.011368582767891435,0.891566265060241,0.3407041868724814
-6.009559610441998,0.011368030314747505,0.8855421686746988,0.3451266989959702
-5.97239329707402,0.01133416329494761,0.8775100401606426,0.34910525237347173
-5.935226983706042,0.011356219814645607,0.8734939759036144,0.35335701113311935
-5.898060670338065,0.011406344450576887,0.8714859437751004,0.35771122191107163
-5.860894356970087,0.011375661375661376,0.8634538152610441,0.3618946793251827
-5.8237280436021095,0.011424462730686267,0.8614457831325302,0.36612936274844615
-5.786561730234132,0.01150195720950185,0.8614457831325302,0.3704494228536302
-5.749395416866154,0.011556947669708917,0.8594377510040161,0.37494023632265555
-5.712229103498177,0.011638974247409785,0.8594377510040161,0.37939689911891267
-5.675062790130199,0.011692223439211391,0.857429718875502,0.3836998838877126
-5.637896476762221,0.01177866048769723,0.857429718875502,0.38827607403865855
-5.6007301633942435,0.011835305884314052,0.8554216867469879,0.3926644354893791
-5.5635638500262665,0.011894766302826756,0.8534136546184738,0.3971552489584045
-5.526397536658289,0.011905097751572771,0.8473895582329317,0.40193634314596
-5.489231223290311,0.011982508944289852,0.8473895582329317,0.405846595177925
-5.452064909922333,0.012066451262402425,0.8473895582329317,0.41003005259203607
-5.414898596554355,0.012126623844226171,0.8453815261044176,0.4143842633699884
-5.377732283186378,0.012125783244372244,0.8393574297188755,0.41851649477494707
-5.3405659698184005,0.012186212338174698,0.8373493975903614,0.422819479543747
-5.303399656450423,0.012243576537069194,0.8353413654618473,0.4269346356123216
-5.266233343082446,0.012247560867115447,0.8293172690763052,0.43125469571750563
-5.229067029714468,0.01230548669394582,0.8273092369477911,0.43533570111331193
-5.19190071634649,0.01236648111930194,0.8253012048192772,0.439519158527423
-5.154734402978512,0.012464365864014072,0.8253012048192772,0.4439758213236801
-5.117568089610534,0.012529413562326192,0.8232931726907631,0.44824465541971176
-5.080401776242557,0.012621598325329393,0.8232931726907631,0.45232566081551806
-5.043235462874579,0.01272343594836147,0.8232931726907631,0.456765248275391
-5.006069149506601,0.012808897497578806,0.8232931726907631,0.4604364455979783
-4.968902836138623,0.012865276336069957,0.821285140562249,0.4641417935933338
-4.931736522770647,0.012961906572859226,0.821285140562249,0.46818864831637186
-4.894570209402669,0.012991573033707866,0.8172690763052208,0.47201352366641625
-4.8574038960346915,0.013059281417864839,0.8152610441767069,0.4760774537258384
-4.820237582666714,0.01312931565468279,0.8132530120481928,0.480192609794413
-4.783071269298736,0.013229241523485986,0.8132530120481928,0.4841711631719145
-4.745904955930758,0.013280606360191136,0.8092369477911646,0.48873027798647634
-4.70873864256278,0.013339527475444651,0.8072289156626506,0.4922819479543747
-4.671572329194802,0.013374795198448523,0.8032128514056225,0.4961580493135715
-4.6344060158268245,0.013477997169620594,0.8032128514056225,0.5000683013455365
-4.5972397024588485,0.01351994021332971,0.7991967871485943,0.5041322314049587
-4.560073389090871,0.013528787204164812,0.7931726907630522,0.5081961614643808
-4.522907075722893,0.013636677483946697,0.7931726907630522,0.5121405641691141
-4.485740762354915,0.013737696935971898,0.7931726907630522,0.5157776108189331
-4.448574448986937,0.013667904955491694,0.7831325301204819,0.5194317328051362
-4.411408135618959,0.013711700887019826,0.7791164658634538,0.5234444368554061
-4.374241822250982,0.013781069724378606,0.7771084337349398,0.5270985588416092
-4.337075508883004,0.013886895363858188,0.7771084337349398,0.5307526808278124
-4.299909195515026,0.013942568177713563,0.7751004016064257,0.5338603920497234
-4.26274288214705,0.014050158337276599,0.7751004016064257,0.5374803633631583
-4.225576568779072,0.014027099474901774,0.7670682730923695,0.5415101427498121
-4.188410255411094,0.014109543384068437,0.7650602409638554,0.5454203947817772
-4.151243942043116,0.014151295646329625,0.7610441767068273,0.549159893449901
-4.114077628675139,0.014279255519553915,0.7610441767068273,0.5532579741820914
-4.076911315307161,0.01439696106362773,0.7610441767068273,0.5569633221774469
-4.039745001939183,0.014442784354288779,0.7570281124497992,0.5607198961819548
-4.002578688571205,0.01448715472281244,0.7530120481927711,0.5644081688409261
-3.9654123752032273,0.014564430079052922,0.751004016064257,0.5679086127996722
-3.9282460618352513,0.014604844725373954,0.7469879518072289,0.5714261320948023
-3.8910797484672734,0.014680278569167458,0.7449799196787149,0.5748070486988593
-3.8539134350992956,0.014756321288984606,0.7429718875502008,0.5781708899665323
-3.816747121731318,0.014871980385063708,0.7429718875502008,0.581500580561437
-3.77958080836334,0.014951983467725596,0.7409638554216867,0.5848985725018783
-3.742414494995362,0.01494670641564912,0.7349397590361446,0.5881258110784783
-3.7052481816273843,0.0148633069828722,0.7248995983935743,0.5914384263369988
-3.6680818682594065,0.014981739707835326,0.7248995983935743,0.5947168909227512
-3.6309155548914287,0.014984722280356619,0.7188755020080321,0.5981661088723448
-3.5937492415234527,0.015062655584152568,0.7168674698795181,0.6013933474489448
-3.556582928155475,0.015175990477809896,0.7168674698795181,0.6044156819889351
-3.519416614787497,0.015259322760394342,0.714859437751004,0.6077112219110716
-3.482250301419519,0.015389270738771452,0.714859437751004,0.6110750631787446
-3.4450839880515414,0.01539132330499237,0.7088353413654619,0.6144047537736493
-3.4079176746835635,0.015429927905749955,0.7048192771084337,0.6175636910047128
-3.3707513613155857,0.015555752526147847,0.7048192771084337,0.6207055528993921
-3.333585047947608,0.01569346329249754,0.7048192771084337,0.6240864695034493
-3.29641873457963,0.015819361817198486,0.7048192771084337,0.6271258793798238
-3.259252421211654,0.015808122104115564,0.6987951807228916,0.6300457619015094
-3.222086107843676,0.015902841429880844,0.6967871485943775,0.6333413018236459
-3.1849197944756984,0.015948594674556213,0.6927710843373494,0.6365173143910935
-3.1477534811077206,0.016038791495710556,0.6907630522088354,0.6396421009493887
-3.1105871677397428,0.016179859837260713,0.6907630522088354,0.6428351888532204
-3.073420854371765,0.016269031921453302,0.6887550200803213,0.6458575233932109
-3.036254541003787,0.01639892904953146,0.6887550200803213,0.64870910456936
-2.9990882276358093,0.016465475615644615,0.6847389558232931,0.6521924731917219
-2.9619219142678315,0.016424602787796082,0.6767068273092369,0.6554026364319377
-2.9247556008998554,0.01646758098608858,0.6726907630522089,0.6583566696263916
-2.8875892875318776,0.016569104077785494,0.6706827309236948,0.661498531521071
-2.8504229741639,0.01672090112640801,0.6706827309236948,0.6646233180793661
-2.813256660795922,0.016754138070246265,0.6666666666666666,0.6673041458916741
-2.776090347427944,0.016799877819070407,0.6626506024096386,0.6702240284133597
-2.7389240340599663,0.01688998408542533,0.6606425702811245,0.6730073082439724
-2.7017577206919885,0.016995699259028964,0.6586345381526104,0.6760637934567311
-2.6645914073240107,0.017077501566743262,0.6566265060240963,0.6786250939143501
-2.627425093956033,0.017160604305943045,0.6546184738955824,0.6811863943719692
-2.590258780588057,0.017279762535778648,0.6546184738955824,0.6834232634382897
-2.553092467220079,0.017320645782102,0.6506024096385542,0.6861211665869817
-2.515926153852101,0.017405830683838983,0.6485943775100401,0.6886483163718325
-2.4787598404841233,0.017495245857104047,0.6465863453815262,0.6912266921658357
-2.4415935271161455,0.017656412787190875,0.6465863453815262,0.694095348678369
-2.4044272137481677,0.017787107109318898,0.6465863453815262,0.696383443753842
-2.36726090038019,0.01793372319688109,0.6465863453815262,0.6989105935386927
-2.330094587012212,0.018046888176758306,0.6445783132530121,0.7017621747148419
-2.2929282736442342,0.017904697149980168,0.6345381526104418,0.7040331944539308
-2.2557619602762564,0.01799691481460321,0.6325301204819277,0.7065091182296291
-2.2185956469082804,0.018140981340704906,0.6325301204819277,0.7088825899870227
-2.1814293335403026,0.018283127285390912,0.6325301204819277,0.7111877603988799
-2.1442630201723247,0.01838299865347462,0.6305220883534136,0.7136978348473465
-2.107096706804347,0.018478068362949407,0.6285140562248996,0.7161054572775084
-2.069930393436369,0.018616546719800155,0.6285140562248996,0.7182569496619083
-2.0327640800683913,0.018665226263353738,0.6244979919678715,0.7208011747831432
-1.9955977667004134,0.018765133171912834,0.6224899598393574,0.7232087972133051
-1.9584314533324356,0.018834572717298548,0.6204819277108434,0.7251383102247114
-1.9212651399644578,0.018981509920756805,0.6204819277108434,0.7273068779454955
-1.8840988265964818,0.019074750727689355,0.6184738955823293,0.7295437470118161
-1.846932513228504,0.019181505779443924,0.6164658634538153,0.731951369441978
-1.8097661998605261,0.0193788663047595,0.6164658634538153,0.7347346492725907
-1.7725998864925483,0.019528019846065774,0.6164658634538153,0.73680076497507
-1.7354335731245705,0.01955880466846223,0.6124497991967871,0.7389351820230858
-1.6982672597565927,0.01971175596199832,0.6124497991967871,0.7410012977255652
-1.6611009463886148,0.019872296064633827,0.6124497991967871,0.7431357147735811
-1.623934633020637,0.019926344863869527,0.608433734939759,0.7455262618673588
-1.5867683196526592,0.019974782666401222,0.6044176706827309,0.7478314322792159
-1.5496020062846831,0.02000669120107059,0.6004016064257028,0.7499146233180793
-1.5124356929167053,0.020160474681410558,0.6004016064257028,0.7518612116658698
-1.4752693795487275,0.020313880019023033,0.6004016064257028,0.753773649340892
-1.4381030661807497,0.020468236582694414,0.6004016064257028,0.75566901167953
-1.4009367528127719,0.02055881338392549,0.5983935742971888,0.7575814493545523
-1.363770439444794,0.020724667918492246,0.5983935742971888,0.759562188375111
-1.3266041260768162,0.020890290921836665,0.5983935742971888,0.7615087767229014
-1.2894378127088384,0.020899526936383535,0.5943775100401606,0.7632163103613141
-1.2522714993408606,0.021084122800769284,0.5943775100401606,0.7653336520729458
-1.2151051859728845,0.021253679902347958,0.5943775100401606,0.767246089747968
-1.1779388726049067,0.021356692970390213,0.5923694779116466,0.7691756027593744
-1.1407725592369289,0.021444201312910284,0.5903614457831325,0.7709172870705553
-1.103606245868951,0.02158273381294964,0.5903614457831325,0.7724199166723584
-1.0664399325009732,0.02175521681219476,0.5903614457831325,0.7742640530018441
-1.0292736191329954,0.021917399731623675,0.5903614457831325,0.7759715866402568
-0.9921073057650176,0.021990393275292706,0.5883534136546185,0.7774912915784441
-0.9549409923970398,0.022111161593215207,0.5863453815261044,0.7794891059353869
-0.917774679029062,0.02221882873940597,0.5843373493975904,0.7813332422648727
-0.8806083656610859,0.02241565244184255,0.5843373493975904,0.7832969059490472
-0.8434420522931081,0.022506790842064417,0.5823293172690763,0.7849361382419233
-0.8062757389251303,0.022498242324818375,0.5783132530120482,0.7863363158254217
-0.7691094255571524,0.02264328956678984,0.5783132530120482,0.7877364934089202
-0.7319431121891746,0.022826345406990568,0.5783132530120482,0.7894781777201011
-0.6947767988211968,0.022997684260959834,0.5783132530120482,0.791083259340209
-0.657610485453219,0.02311347346379963,0.5763052208835341,0.7928761696605423
-0.6204441720852412,0.023297345563763294,0.5763052208835341,0.7945495526261868
-0.5832778587172633,0.023236786123384062,0.570281124497992,0.7961546342462946
-0.5461115453492873,0.023255813953488372,0.5662650602409639,0.7977597158664026
-0.5089452319813095,0.02327321087191422,0.5622489959839357,0.7993477221501264
-0.47177891861333165,0.023296740132405933,0.5582329317269076,0.8009869544430025
-0.43461260524535383,0.02337947332883187,0.5562248995983936,0.8024212826992692
-0.397446291877376,0.023534409515717926,0.5562248995983936,0.8037531589372311
-0.3602799785093982,0.023638232271325797,0.5542168674698795,0.8053411652209549
-0.32311366514142037,0.02367170626349892,0.5502008032128514,0.8070316235229834
-0.28594735177344255,0.02367894141203099,0.5461847389558233,0.8085001024520183
-0.24878103840546473,0.023771929824561402,0.5441767068273092,0.8099685813810532
-0.2116147250374869,0.023965334276618323,0.5441767068273092,0.8115395123283928
-0.17444841166951086,0.02414038838410832,0.5441767068273092,0.8129396899118913
-0.13728209830153304,0.024138549892318735,0.5401606425702812,0.8143057168226214
-0.10011578493355522,0.024299909665763324,0.5401606425702812,0.8155692917150468
-0.0629494715655774,0.024388024388024388,0.5381526104417671,0.816935318625777
-0.025783158197599576,0.024497660335810623,0.536144578313253,0.8184550235639642
0.011383155170378245,0.02458637582031611,0.5341365461847389,0.8198039751383103
0.048549468538356066,0.02451985828827149,0.5281124497991968,0.8213407554128817
0.08571578190633389,0.024748282676202125,0.5281124497991968,0.8230312137149102
0.12288209527431171,0.024845898530109056,0.5261044176706827,0.8244143159620244
0.16004840864228775,0.024830484194441792,0.5220883534136547,0.8256437401816816
0.19721472201026558,0.024935014922499277,0.5200803212851406,0.8270609931015641
0.2343810353782434,0.02506801399144967,0.5180722891566265,0.828666074721672
0.2715473487462212,0.02514431073280501,0.5160642570281124,0.8298613482685608
0.30871366211419904,0.025271470878578478,0.5140562248995983,0.8313981285431323
0.34587997548217686,0.025398406374501994,0.5120481927710844,0.8329178334813195
0.3830462888501547,0.025478984853044437,0.5100401606425703,0.8341131070282084
0.4202126022181325,0.025469981807155852,0.5060240963855421,0.8353596065842497
0.4573789155861103,0.0254323499491353,0.5020080321285141,0.8364182774400656
0.49454522895408637,0.025538461538461538,0.5,0.8377672290144116
0.5317115423220642,0.02573909448004962,0.5,0.8390649545796052
0.568877855690042,0.025926697209496044,0.5,0.8402602281264941
0.6060441690580198,0.02591815320041973,0.4959839357429719,0.8414896523461513
0.6432104824259977,0.025985000528150417,0.4939759036144578,0.842548323201967
0.6803767957939755,0.026189715745768127,0.4939759036144578,0.8438118980943925
0.7175431091619533,0.026157804459691254,0.4899598393574297,0.8448876442865925
0.7547094225299311,0.02629585542690185,0.4879518072289157,0.8463561232156274
0.7918757358979089,0.02653417776807163,0.4879518072289157,0.8477733761355098
0.829042049265885,0.026717976910390323,0.4879518072289157,0.8488491223277098
0.8662083626338628,0.02693416093992463,0.4879518072289157,0.8500956218837511
0.9033746760018406,0.027178167990157702,0.4879518072289157,0.8514787241308653
0.9405409893698184,0.027066651629637985,0.4819277108433735,0.8526910730141384
0.9777073027377963,0.027232497446953365,0.4819277108433735,0.8536131411788812
1.014873616105774,0.0272654370489174,0.4779116465863454,0.8550133187623796
1.052039929473752,0.027354570637119113,0.4759036144578313,0.8561061402909638
1.0892062428417297,0.027445051750203512,0.4738955823293173,0.8571989618195478
1.1263725562097076,0.027514342582835735,0.4718875502008032,0.858172255993443
1.1635388695776836,0.027702463751031473,0.4718875502008032,0.8591626255037225
1.2007051829456614,0.027883246321784527,0.4718875502008032,0.8601017690048494
1.2378714963136392,0.028046306241794963,0.4718875502008032,0.8609384604876716
1.275037809681617,0.028211284513805522,0.4718875502008032,0.8617751519704938
1.3122041230495949,0.028336158876241222,0.46987951807228917,0.8629875008537669
1.3493704364175727,0.02825478017293874,0.46586345381526106,0.8637558909910525
1.3865367497855505,0.028350515463917526,0.463855421686747,0.8648145618468683
1.4237030631535283,0.028550241008527995,0.463855421686747,0.8657878560207636
1.4608693765215062,0.02852516193323368,0.4598393574297189,0.8668294515401953
1.4980356898894822,0.028729143143896626,0.4598393574297189,0.8678027457140906
1.53520200325746,0.028928751894896413,0.4598393574297189,0.8687418892152176
1.5723683166254379,0.028959735805918964,0.4578313253012048,0.8694590533433508
1.6095346299934157,0.02908019472200871,0.45582329317269077,0.8705860255447032
1.6467009433613935,0.029198966408268735,0.4538152610441767,0.8716959224096714
1.6838672567293713,0.029151483602290473,0.4497991967871486,0.8726179905744144
1.7210335700973491,0.029091862141265887,0.4457831325301205,0.8734888327300048
1.758199883465327,0.029310800105624504,0.4457831325301205,0.8744621269039
1.7953661968333048,0.02948990435706695,0.4457831325301205,0.8752475923775699
1.8325325102012808,0.0297029702970297,0.4457831325301205,0.8761696605423127
1.8696988235692586,0.029756294600780935,0.44377510040160645,0.8769551260159825
1.9068651369372365,0.029818378964489023,0.44176706827309237,0.8777747421624206
1.9440314503052143,0.03006696733634003,0.44176706827309237,0.8788163376818523
1.9811977636731921,0.0301196534176867,0.4397590361445783,0.879584727819138
2.01836407704117,0.03025676613462873,0.43775100401606426,0.8806946246841063
2.0555303904091478,0.030324203465623253,0.4357429718875502,0.8815142408305444
2.0926967037771256,0.030388294879009566,0.43373493975903615,0.8823167816405983
2.1298630171451034,0.03043170559094126,0.43172690763052207,0.8830339457687316
2.1670293305130794,0.03049736354567479,0.42971887550200805,0.8838364865787856
2.2041956438810573,0.030650243483242624,0.42971887550200805,0.88443412335223
2.241361957249035,0.03075812274368231,0.42771084337349397,0.8853903421897411
2.278528270617013,0.030927835051546393,0.42771084337349397,0.8860392049723379
2.3156945839849907,0.031103971962616824,0.42771084337349397,0.8867051430913189
2.3528608973529685,0.03130971630163163,0.42771084337349397,0.8874735332286046
2.3900272107209464,0.03148558758314856,0.42771084337349397,0.8881223960112015
2.427193524088924,0.031663445815370894,0.42771084337349397,0.8887712587937983
2.464359837456902,0.03184808612440192,0.42771084337349397,0.8894371969127792
2.50152615082488,0.03190368698269375,0.42570281124497994,0.8901543610409125
2.538692464192856,0.031921331316187594,0.42369477911646586,0.8907349224779728
2.5758587775608337,0.03195860599604322,0.42168674698795183,0.8913837852605696
2.6130250909288115,0.03200612557427259,0.41967871485943775,0.8920667987159348
2.6501914042967893,0.031939515506866224,0.41566265060240964,0.8928693395259887
2.687357717664767,0.03177309361438314,0.41164658634538154,0.8933303736083601
2.724524031032745,0.031800467653936085,0.40963855421686746,0.8939450857181886
2.761690344400721,0.03172110552763819,0.40562248995983935,0.8947134758554743
2.7988566577687006,0.031758571654289774,0.4036144578313253,0.8953623386380711
2.8360229711366767,0.03176620076238882,0.40160642570281124,0.8959087494023632
2.8731892845046563,0.03184,0.39959839357429716,0.8966771395396489
2.9103555978726323,0.0318686624818928,0.39759036144578314,0.8972918516494774
2.947521911240612,0.031877022653721686,0.39558232931726905,0.8978382624137695
2.984688224608588,0.03208991692458055,0.39558232931726905,0.8985383512055187
3.021854537976564,0.032120616191412654,0.39357429718875503,0.8991530633153473
3.0590208513445436,0.0321835286350883,0.39156626506024095,0.8998702274434807
3.0961871647125196,0.0324459234608985,0.39156626506024095,0.9007069189263028
3.1333534780804992,0.032501256491874686,0.3895582329317269,0.9013899323816679
3.1705197914484753,0.03236682400539447,0.3855421686746988,0.9019875691551124
3.207686104816455,0.03238385893523228,0.38353413654618473,0.9025510552557885
3.244852418184431,0.0325827362674855,0.38353413654618473,0.9031657673656172
3.2820187315524105,0.03281786941580756,0.38353413654618473,0.9038829314937504
3.3191850449203866,0.032906130931763075,0.3815261044176707,0.9046513216310361
3.356351358288366,0.03294404741153913,0.3795180722891566,0.9052660337408647
3.393517671656342,0.03309402906671336,0.3795180722891566,0.905709992486852
3.4306839850243183,0.03312191684284708,0.37751004016064255,0.9062905539239123
3.467850298392298,0.03297287714944159,0.37349397590361444,0.9068540400245885
3.505016611760274,0.033190578158458245,0.37349397590361444,0.9074858274708012
3.5421829251282535,0.03321364452423698,0.3714859437751004,0.9080493135714773
3.5793492384962295,0.03341159472638613,0.3714859437751004,0.9086127996721536
3.616515551864209,0.033393829401088926,0.36947791164658633,0.9090567584181408
3.653681865232185,0.033625730994152045,0.36947791164658633,0.9097056212007376
3.690848178600165,0.03363970588235294,0.3674698795180723,0.9102349566286456
3.728014491968141,0.033795013850415515,0.3674698795180723,0.9106618400382488
3.765180805336117,0.03401486988847584,0.3674698795180723,0.9112594768116932
3.8023471187040965,0.034212002243409985,0.3674698795180723,0.9117888122396011
3.8395134320720725,0.034443817052512704,0.3674698795180723,0.9124035243494297
3.876679745440052,0.03465252793031623,0.3674698795180723,0.9129499351137217
3.913846058808028,0.034850504665777944,0.3674698795180723,0.9134621952052455
3.9510123721760078,0.03486590038314176,0.3654618473895582,0.9139744552967694
3.988178685543984,0.03464203233256351,0.3614457831325301,0.9143501126972201
4.025344998911963,0.03488372093023256,0.3614457831325301,0.9149648248070487
4.0625113122799394,0.03469785575048733,0.357429718875502,0.9154429342258043
4.0996776256479155,0.034867776689520076,0.357429718875502,0.9158698176354074
4.136843939015895,0.03505317053958251,0.357429718875502,0.9163308517177788
4.174010252383871,0.03504950495049505,0.35542168674698793,0.9167918858001503
4.211176565751851,0.035108717334929186,0.3534136546184739,0.9174065979099788
4.248342879119827,0.03529883674288006,0.3534136546184739,0.9178676319923502
4.285509192487806,0.035144415269642494,0.3493975903614458,0.9184311180930265
4.322675505855782,0.03496645659686928,0.3453815261044177,0.9189433781845502
4.359841819223762,0.03496932515337423,0.3433734939759036,0.9194214876033058
4.397008132591738,0.03492911444421615,0.3413654618473896,0.9197971450037565
4.434174445959714,0.03507324118011141,0.3413654618473896,0.9201386517314392
4.471340759327694,0.03529900332225914,0.3413654618473896,0.9206679871593471
4.50850707269567,0.035237698081734777,0.3393574297188755,0.9209924185506454
4.545673386063649,0.035061935754776404,0.3353413654618474,0.9215217539785534
4.582839699431625,0.03523950200464233,0.3353413654618474,0.9219315620517724
4.620006012799605,0.03540385838456646,0.3353413654618474,0.9223072194522232
4.657172326167581,0.03570664956168484,0.3353413654618474,0.9229902329075883
4.694338639535561,0.03585999570538974,0.3353413654618474,0.9233317396352708
4.731504952903537,0.035868625756266204,0.3333333333333333,0.9238098490540264
4.768671266271513,0.03602430555555555,0.3333333333333333,0.9241513557817089
4.805837579639492,0.03593988237856676,0.3313253012048193,0.924424561163855
4.843003893007468,0.036120840630472856,0.3313253012048193,0.9248172939006899
4.880170206375448,0.035855697316322044,0.3273092369477912,0.9251588006283724
4.917336519743424,0.0355565371024735,0.3232931726907631,0.9254320060105184
4.954502833111404,0.03558718861209965,0.321285140562249,0.9259613414384263
4.99166914647938,0.03526785714285714,0.3172690763052209,0.9262003961478041
5.028835459847359,0.03542600896860987,0.3172690763052209,0.9265419028754867
5.066001773215335,0.03537629562866156,0.3152610441767068,0.9269004849395533
5.103168086583311,0.035600907029478455,0.3152610441767068,0.9273785943583088
5.140334399951291,0.03555960793252792,0.3132530120481928,0.9277542517587597
5.177500713319267,0.03552601421040569,0.3112449799196787,0.9281469844955945
5.214667026687247,0.03551660516605166,0.3092369477911647,0.9285909432415819
5.251833340055223,0.03484320557491289,0.30120481927710846,0.9290519773239533
5.288999653423202,0.03502218071445248,0.30120481927710846,0.929427634724404
5.326165966791178,0.03524436090225564,0.30120481927710846,0.9298886688067755
5.363332280159158,0.03536067892503536,0.30120481927710846,0.9301277235161532
5.400498593527134,0.03533317524306379,0.2991967871485944,0.9305375315893724
5.43766490689511,0.03554389312977099,0.2991967871485944,0.9309644149989755
5.4748312202630895,0.03502038858239386,0.2931726907630522,0.931305921726658
5.511997533631066,0.035172247651168394,0.2931726907630522,0.9316132777815723
5.549163846999045,0.03510045993706124,0.29116465863453816,0.9319377091728707
5.586330160367021,0.03507062834875792,0.2891566265060241,0.9323475172460898
5.623496473735001,0.0350576121598431,0.28714859437751006,0.932791475992077
5.660662787102977,0.03518700787401575,0.28714859437751006,0.933047606037839
5.6978291004709565,0.035326086956521736,0.28714859437751006,0.933320811419985
5.7349954138389325,0.03550148957298908,0.28714859437751006,0.9336623181476675
5.772161727206909,0.0356519571179257,0.28714859437751006,0.9339525988661976
5.809328040574888,0.03557114228456914,0.285140562248996,0.9342599549211119
5.846494353942864,0.035705305506663315,0.285140562248996,0.9345160849668739
5.883660667310844,0.03569620253164557,0.28313253012048195,0.9349600437128611
5.92082698067882,0.035823170731707314,0.28313253012048195,0.9351990984222389
5.9579932940467994,0.03597856596070426,0.28313253012048195,0.9354893791407691
5.9951596074147755,0.03621885435396866,0.28313253012048195,0.9359333378867564
6.032325920782755,0.03636832602527728,0.28313253012048195,0.9362065432689024
6.069492234150731,0.036490683229813664,0.28313253012048195,0.936428522641896
6.106658547518707,0.03635419371591794,0.28112449799196787,0.9366334266785056
6.143824860886687,0.03637791154148129,0.2791164658634538,0.9371286114336452
6.180991174254663,0.03627760252365931,0.27710843373493976,0.9374018168157913
6.218157487622642,0.036430834213305174,0.27710843373493976,0.9376750221979373
6.2553238009906185,0.03653693407466243,0.27710843373493976,0.9378628508981627
6.292490114358598,0.03673143465531009,0.27710843373493976,0.9382043576258452
6.329656427726574,0.03688853247794707,0.27710843373493976,0.9384775630079912
6.366822741094554,0.036987402841061376,0.27710843373493976,0.9386483163718325
6.40398905446253,0.03708680462241333,0.27710843373493976,0.9388190697356738
6.441155367830506,0.03720679428417363,0.27710843373493976,0.9390239737722833
6.478321681198485,0.03712737127371274,0.2751004016064257,0.9393313298271976
6.515487994566461,0.037309368191721135,0.2751004016064257,0.9396386858821119
6.552654307934441,0.037482900136798905,0.2751004016064257,0.9399289666006421
6.589820621302417,0.037637362637362635,0.2751004016064257,0.9401850966464039
6.626986934670397,0.03785576126001658,0.2751004016064257,0.9405436787104706
6.664153248038373,0.03811908736783528,0.2751004016064257,0.9409705621200738
6.701319561406352,0.03826815642458101,0.2751004016064257,0.9412096168294516
6.738485874774328,0.0384076254555649,0.2751004016064257,0.9414315962024452
6.775652188142304,0.03858068149816953,0.2751004016064257,0.9417048015845912
6.812818501510284,0.038788221970554926,0.2751004016064257,0.9420292329758896
6.84998481487826,0.03890940073842658,0.2751004016064257,0.942217061676115
6.88715112824624,0.038461538461538464,0.2710843373493976,0.9423707397035722
6.924317441614216,0.03862660944206009,0.2710843373493976,0.9426268697493341
6.961483754982195,0.03873744619799139,0.2710843373493976,0.9427976231131753
6.998650068350171,0.03861671469740634,0.26907630522088355,0.9430366778225531
7.035816381718151,0.03847266415967602,0.26706827309236947,0.9432415818591626
7.072982695086127,0.03832752613240418,0.26506024096385544,0.9434464858957722
7.110149008454103,0.037730330505995904,0.25903614457831325,0.9438221432962229
7.147315321822083,0.03791887125220458,0.25903614457831325,0.944112424014753
7.184481635190059,0.038064325759811155,0.25903614457831325,0.9443344033877468
7.221647948558038,0.03825622775800712,0.25903614457831325,0.9446246841062769
7.258814261926014,0.03814064362336114,0.2570281124497992,0.9448808141520388
7.295980575293994,0.038266068759342305,0.2570281124497992,0.9450686428522642
7.33314688866197,0.03783783783783784,0.25301204819277107,0.9452906222252578
7.3703132020299496,0.03800904977375565,0.25301204819277107,0.9455467522710197
7.407479515397926,0.038193391936950594,0.25301204819277107,0.9458199576531657
7.444645828765902,0.03834449178332319,0.25301204819277107,0.9460419370261595
7.481812142133881,0.0384967919340055,0.25301204819277107,0.9462639163991531
7.518978455501857,0.03862660944206009,0.25301204819277107,0.9464517450993785
7.556144768869837,0.038864898210980874,0.25301204819277107,0.946793251827061
7.593311082237813,0.039081885856079406,0.25301204819277107,0.9471006078819753
7.6304773956057925,0.039301310043668124,0.25301204819277107,0.9474079639368895
7.667643708973769,0.03922183871979919,0.25100401606425704,0.9477153199918038
7.704810022341748,0.03940731399747793,0.25100401606425704,0.9479714500375658
7.741976335709724,0.03956948401392846,0.25100401606425704,0.9481934294105594
7.7791426490777,0.03934010152284264,0.24899598393574296,0.9482958814288641
7.81630896244568,0.03920943576665604,0.2469879518072289,0.9485349361382419
7.853475275813656,0.03939782190903267,0.2469879518072289,0.9487910661840038
7.8906415891816355,0.03960077269800386,0.2469879518072289,0.9490642715661498
7.9278079025496115,0.03974151857835218,0.2469879518072289,0.9492521002663753
7.964974215917591,0.039935064935064934,0.2469879518072289,0.9495082303121372
8.002140529285567,0.03981723237597911,0.24497991967871485,0.949764360357899
8.039306842653547,0.04001311905542801,0.24497991967871485,0.950020490403661
8.076473156021523,0.040157998683344305,0.24497991967871485,0.9502083191038864
8.113639469389499,0.040013227513227514,0.2429718875502008,0.95043029847688
8.150805782757478,0.03986710963455149,0.24096385542168675,0.9506522778498736
8.187972096125455,0.039973351099267154,0.24096385542168675,0.9507888805409467
8.225138409493434,0.040106951871657755,0.24096385542168675,0.9509596339047879
8.26230472286141,0.04024144869215292,0.24096385542168675,0.9511303872686292
8.29947103622939,0.04017555705604321,0.2389558232931727,0.9514548186599276
8.336637349597366,0.04031165311653116,0.2389558232931727,0.9516255720237689
8.373803662965345,0.04048996257230351,0.2389558232931727,0.9518475513967625
8.410969976333321,0.040628200751109594,0.2389558232931727,0.9520183047606038
8.448136289701301,0.0407953376756942,0.2389558232931727,0.9522232087972133
8.485302603069277,0.04092159559834938,0.2389558232931727,0.9523768868246705
8.522468916437253,0.04111955770559779,0.2389558232931727,0.9526159415340483
8.559635229805233,0.04127644814429414,0.2389558232931727,0.9528037702342737
8.596801543173209,0.04153577661431065,0.2389558232931727,0.9531111262891879
8.633967856541188,0.041710480196284615,0.2389558232931727,0.9533160303257974
8.671134169909164,0.04206433368681513,0.2389558232931727,0.9537258383990165
8.708300483277144,0.042243521476748314,0.2389558232931727,0.953930742435626
8.74546679664512,0.04208273894436519,0.23694779116465864,0.9541356464722355
8.7826331100131,0.04195051989960559,0.23493975903614459,0.9543747011816133
8.819799423381076,0.04178674351585014,0.23293172690763053,0.9545796052182228
8.856965736749052,0.04190751445086705,0.23293172690763053,0.9547162079092958
8.894132050117031,0.0420747188973522,0.23293172690763053,0.9549040366095212
8.931298363485007,0.042289464090411955,0.23293172690763053,0.955143091318899
8.968464676852987,0.04244420051225759,0.23293172690763053,0.9553138446827403
9.005630990220963,0.04274134119380987,0.23293172690763053,0.9556382760740386
9.042797303588943,0.04252958579881657,0.23092369477911648,0.9557919541014958
9.079963616956919,0.04234769687964339,0.2289156626506024,0.9559797828017212
9.117129930324898,0.04253731343283582,0.2289156626506024,0.9561846868383307
9.154296243692874,0.04268064395357544,0.2289156626506024,0.9563383648657878
9.19146255706085,0.04285714285714286,0.2289156626506024,0.9565261935660132
9.22862887042883,0.04270597127739985,0.22690763052208834,0.9567481729390069
9.265795183796806,0.04225352112676056,0.22289156626506024,0.957038453657537
9.302961497164786,0.042382588774341354,0.22289156626506024,0.9571750563486101
9.340127810532762,0.0425124473381846,0.22289156626506024,0.9573116590396831
9.377294123900741,0.042708734128510964,0.22289156626506024,0.9575165630762926
9.414460437268717,0.0428406020841374,0.22289156626506024,0.9576531657673656
9.451626750636697,0.04298993028659954,0.22289156626506024,0.9578068437948227
9.488793064004673,0.043140303148076174,0.22289156626506024,0.9579605218222799
9.525959377372649,0.04330862270776434,0.22289156626506024,0.9581312751861212
9.563125690740629,0.04349529780564263,0.22289156626506024,0.9583191038863466
9.600292004108605,0.04363207547169811,0.22289156626506024,0.9584557065774196
9.637458317476584,0.04380426203630623,0.22289156626506024,0.9586264599412608
9.67462463084456,0.04325396825396825,0.21887550200803213,0.9588313639778704
9.71179094421254,0.0426975259377494,0.21485943775100402,0.9590362680144798
9.748957257580516,0.04241696678671469,0.21285140562248997,0.9591387200327847
9.786123570948495,0.0425531914893617,0.21285140562248997,0.9592753227238576
9.823289884316472,0.04269029399919452,0.21285140562248997,0.9594119254149307
9.860456197684448,0.04281098546042003,0.21285140562248997,0.9595314527696196
9.897622511052427,0.04257907542579075,0.21084337349397592,0.9596851307970767
9.934788824420403,0.04275244299674267,0.21084337349397592,0.9598558841609179
9.971955137788383,0.042962356792144024,0.21084337349397592,0.9600607881975275
10.009121451156359,0.0427807486631016,0.20883534136546184,0.960265692234137
10.046287764524338,0.04288659793814433,0.20883534136546184,0.9603681442524418
10.083454077892315,0.04308202154101077,0.20883534136546184,0.9605559729526671
10.120620391260294,0.043279234290470245,0.20883534136546184,0.9607438016528925
10.15778670462827,0.043423799582463465,0.20883534136546184,0.9608804043439656
10.194953017996246,0.04327731092436975,0.20682730923694778,0.9611194590533434
10.232119331364226,0.04349662162162162,0.20682730923694778,0.9613243630899528
10.269285644732202,0.04364406779661017,0.20682730923694778,0.9614609657810259
10.306451958100181,0.04379251700680272,0.20682730923694778,0.9615975684720989
10.343618271468157,0.0439419795221843,0.20682730923694778,0.961734171163172
10.380784584836137,0.04411134903640257,0.20682730923694778,0.9618878491906291
10.417950898204113,0.04420600858369099,0.20682730923694778,0.9619732258725497
10.455117211572093,0.0440224428139836,0.20481927710843373,0.9621781299091592
10.492283524940069,0.0441367373431415,0.20481927710843373,0.962280581927464
10.529449838308045,0.044386422976501305,0.20481927710843373,0.9625025613004576
10.566616151676024,0.04456094364351245,0.20481927710843373,0.9626562393279148
10.603782465044,0.04475647213690215,0.20481927710843373,0.962826992691756
10.64094877841198,0.04409171075837742,0.20080321285140562,0.9629806707192131
10.678115091779956,0.04440497335701599,0.20080321285140562,0.9632538761013592
10.715281405147936,0.044682752457551385,0.20080321285140562,0.963492930810737
10.752447718515912,0.045024763619991,0.20080321285140562,0.9637832115292672
10.789614031883891,0.04533091568449683,0.20080321285140562,0.964039341575029
10.826780345251867,0.04551661356395084,0.20080321285140562,0.9641930196024862
10.863946658619843,0.04528819762122598,0.19879518072289157,0.9643637729663275
10.901112971987823,0.04501607717041801,0.19678714859437751,0.9645003756574004
10.938279285355799,0.04537037037037037,0.19678714859437751,0.9647906563759306
10.975445598723779,0.04562383612662942,0.19678714859437751,0.9649955604125401
11.012611912091755,0.04583723105706267,0.19678714859437751,0.9651663137763814
11.049778225459734,0.045561296383278535,0.19477911646586346,0.9653029164674544
11.08694453882771,0.04526166902404526,0.1927710843373494,0.9654224438221433
11.12411085219569,0.045283018867924525,0.1927710843373494,0.9654395191585274
11.161277165563666,0.045476077688299386,0.1927710843373494,0.9655931971859846
11.198443478931642,0.04560570071258908,0.1927710843373494,0.9656956492042893
11.235609792299622,0.045779685264663805,0.1927710843373494,0.9658322518953624
11.272776105667598,0.045933014354066985,0.1927710843373494,0.9659517792500513
11.309942419035577,0.046087373979836775,0.1927710843373494,0.9660713066047402
11.347108732403553,0.045915901401643304,0.19076305220883535,0.9662932859777338
11.384275045771533,0.046049442559379546,0.19076305220883535,0.9663957379960385
11.421441359139509,0.046228710462287104,0.19076305220883535,0.9665323406871116
11.458607672507489,0.04547677261613692,0.18674698795180722,0.9666689433781845
11.495773985875465,0.04512015693967631,0.18473895582329317,0.9667543200601052
11.53294029924344,0.04523107177974434,0.18473895582329317,0.9668396967420259
11.57010661261142,0.04554455445544554,0.18473895582329317,0.9670787514514035
11.607272925979396,0.04570293094883259,0.18473895582329317,0.9671982788060924
11.644439239347376,0.04588528678304239,0.18473895582329317,0.9673348814971655
11.681605552715352,0.04623115577889447,0.18473895582329317,0.9675910115429274
11.718771866083332,0.04641775983854692,0.18473895582329317,0.9677276142340004
11.755938179451308,0.04658227848101266,0.18473895582329317,0.9678471415886893
11.793104492819287,0.046381243628950054,0.1827309236947791,0.9680520456252988
11.830270806187263,0.046547314578005115,0.1827309236947791,0.9681715729799877
11.86743711955524,0.04685890834191555,0.1827309236947791,0.9683935523529813
11.904603432923219,0.047125841532884516,0.1827309236947791,0.9685813810532068
11.941769746291195,0.04727272727272727,0.1827309236947791,0.9686838330715115
11.978936059659175,0.04734651404786681,0.1827309236947791,0.9687350590806639
12.01610237302715,0.04754440961337513,0.1827309236947791,0.9688716617717369
12.05326868639513,0.047743966421825816,0.1827309236947791,0.96900826446281
12.090434999763106,0.04746835443037975,0.18072289156626506,0.9691619424902671
12.127601313131086,0.04756871035940803,0.18072289156626506,0.9692302438358036
12.164767626499062,0.04678362573099415,0.17670682730923695,0.9693839218632607
12.201933939867038,0.04695837780149413,0.17670682730923695,0.9695034492179496
12.239100253235017,0.04672395273899033,0.1746987951807229,0.969691277918175
12.276266566602994,0.04692556634304207,0.1746987951807229,0.969827880609248
12.313432879970973,0.04705246078961601,0.1746987951807229,0.9699132572911686
12.35059919333895,0.046713742531233025,0.17269076305220885,0.9700327846458575
12.387765506706929,0.04642271982523211,0.1706827309236948,0.9701864626733147
12.424931820074905,0.046857772877618525,0.1706827309236948,0.9704767433918449
12.462098133442884,0.04701327433628318,0.1706827309236948,0.9705791954101496
12.49926444681086,0.0467966573816156,0.1686746987951807,0.9707840994467591
12.536430760178837,0.046953605366126326,0.1686746987951807,0.9708865514650639
12.573597073546816,0.04711160964666293,0.1686746987951807,0.9709890034833686
12.610763386914792,0.04732394366197183,0.1686746987951807,0.9711256061744417
12.647929700282772,0.04751131221719457,0.1686746987951807,0.9712451335291306
12.685096013650748,0.0472934472934473,0.16666666666666666,0.97145003756574
12.722262327018727,0.04745568896512293,0.16666666666666666,0.9715524895840448
12.759428640386703,0.04756446991404011,0.16666666666666666,0.9716207909295813
12.796594953754683,0.04723502304147465,0.1646586345381526,0.9717573936206543
12.833761267122659,0.04679376083188908,0.16265060240963855,0.9718256949661909
12.870927580490639,0.046902142443543716,0.16265060240963855,0.9718939963117273
12.908093893858615,0.047038327526132406,0.16265060240963855,0.971979372993648
12.94526020722659,0.04714784633294528,0.16265060240963855,0.9720476743391845
12.98242652059457,0.04731308411214953,0.16265060240963855,0.9721501263574892
13.019592833962546,0.04750733137829912,0.16265060240963855,0.9722696537121781
13.056759147330526,0.047731290512669416,0.16265060240963855,0.9724062564032512
13.093925460698502,0.048071216617210685,0.16265060240963855,0.9726111604398606
13.131091774066482,0.04707985697258641,0.15863453815261044,0.9726965371217813
13.168258087434458,0.04733373277411624,0.15863453815261044,0.9728502151492384
13.205424400802437,0.04753309265944645,0.15863453815261044,0.9729697425039273
13.242590714170413,0.04773413897280967,0.15863453815261044,0.9730892698586162
13.27975702753839,0.04796599878567092,0.15863453815261044,0.9732258725496892
13.316923340906369,0.04814137720901889,0.15863453815261044,0.973328324567994
13.354089654274345,0.04834761321909425,0.15863453815261044,0.9734478519226829
13.391255967642325,0.04843654199877376,0.15863453815261044,0.9734990779318352
13.4284222810103,0.04858548585485855,0.15863453815261044,0.9735844546137559
13.46558859437828,0.04879555281037678,0.15863453815261044,0.9737039819684448
13.502754907746256,0.048417132216014895,0.1566265060240964,0.9738235093231337
13.539921221114236,0.04871955028107433,0.1566265060240964,0.973994262686975
13.577087534482212,0.04902576995600252,0.1566265060240964,0.9741650160508162
13.614253847850188,0.048734177215189876,0.15461847389558234,0.9743357694146575
13.651420161218168,0.048982188295165395,0.15461847389558234,0.9744723721057305
13.688586474586144,0.049232736572890026,0.15461847389558234,0.9746089747968035
13.725752787954123,0.04954954954954955,0.15461847389558234,0.9747797281606447
13.7629191013221,0.04919093851132686,0.15261044176706828,0.9749163308517178
13.800085414690079,0.04931862426995458,0.15261044176706828,0.9749846321972543
13.837251728058055,0.0494469746258946,0.15261044176706828,0.9750529335427908
13.874418041426035,0.04954367666232073,0.15261044176706828,0.9751041595519432
13.91158435479401,0.04993429697766097,0.15261044176706828,0.9753090635885527
13.948750668161987,0.049439683586025046,0.15060240963855423,0.9753773649340892
13.985916981529966,0.04953764861294584,0.15060240963855423,0.9754285909432416
14.023083294897942,0.050066755674232306,0.15060240963855423,0.9757017963253876
14.060249608265922,0.050200803212851405,0.15060240963855423,0.9757700976709242
14.097415921633898,0.05043712172158709,0.15060240963855423,0.975889625025613
14.134582235001877,0.05057316250842886,0.15060240963855423,0.9759579263711495
14.171748548369854,0.05084745762711865,0.15060240963855423,0.9760945290622225
14.208914861737833,0.05105513955071477,0.15060240963855423,0.9761969810805273
14.24608117510581,0.05136986301369863,0.15060240963855423,0.9763506591079845
14.283247488473785,0.05165289256198347,0.15060240963855423,0.9764872617990574
14.320413801841765,0.05190311418685121,0.15060240963855423,0.9766067891537463
14.35758011520974,0.0521557719054242,0.15060240963855423,0.9767263165084352
14.39474642857772,0.052521008403361345,0.15060240963855423,0.9768970698722765
14.431912741945697,0.052742616033755275,0.15060240963855423,0.9769995218905813
14.469079055313676,0.05315379163713678,0.15060240963855423,0.9771873505908066
14.506245368681652,0.05334281650071124,0.15060240963855423,0.9772727272727273
14.543411682049632,0.05293276108726753,0.14859437751004015,0.9773922546274162
14.580577995417608,0.05312275664034458,0.14859437751004015,0.9774776313093368
14.617744308785584,0.05270758122743682,0.1465863453815261,0.9775971586640256
14.654910622153563,0.05297532656023222,0.1465863453815261,0.9777166860187145
14.69207693552154,0.053401609363569864,0.1465863453815261,0.9779045147189399
14.729243248889519,0.05216752387950037,0.142570281124498,0.9779728160644765
14.766409562257495,0.05232129697862933,0.142570281124498,0.978041117410013
14.803575875625475,0.0524759793052476,0.142570281124498,0.9781094187555495
14.84074218899345,0.05263157894736842,0.142570281124498,0.978177720101086
14.87790850236143,0.0529455630126771,0.142570281124498,0.978314322792159
14.915074815729406,0.053064275037369206,0.142570281124498,0.9783655488013114
14.952241129097382,0.05326331582895724,0.142570281124498,0.978450925483232
14.989407442465362,0.05362537764350453,0.142570281124498,0.9786046035106891
15.026573755833338,0.05319148936170213,0.14056224899598393,0.978724130865378
15.063740069201318,0.053516819571865444,0.14056224899598393,0.9788607335564511
15.100906382569294,0.05363984674329502,0.14056224899598393,0.9789119595656034
15.138072695937273,0.05405405405405406,0.14056224899598393,0.9790827129294447
15.17523900930525,0.05417956656346749,0.14056224899598393,0.9791339389385971
15.212405322673229,0.05439005439005439,0.14056224899598393,0.9792193156205177
15.249571636041205,0.053864168618266976,0.13855421686746988,0.9793046923024383
15.286737949409181,0.05345911949685535,0.13654618473895583,0.9794412949935114
15.32390426277716,0.05388272583201268,0.13654618473895583,0.9796120483573526
15.361070576145137,0.05342902711323764,0.13453815261044177,0.9797315757120415
15.398236889513116,0.053642914331465175,0.13453815261044177,0.9798169523939622
15.435403202881092,0.053901850362027354,0.13453815261044177,0.9799194044122669
15.472569516249072,0.054207119741100325,0.13453815261044177,0.9800389317669558
15.509735829617048,0.05438311688311688,0.13453815261044177,0.9801072331124924
15.546902142985028,0.05451586655817738,0.13453815261044177,0.9801584591216447
15.584068456353004,0.05482815057283143,0.13453815261044177,0.9802779864763336
15.62123476972098,0.054098360655737705,0.13253012048192772,0.9802950618127177
15.65840108308896,0.054276315789473686,0.13253012048192772,0.9803633631582542
15.695567396456935,0.05454545454545454,0.13253012048192772,0.980465815176559
15.732733709824915,0.054771784232365145,0.13253012048192772,0.9805511918584796
15.769900023192891,0.05430242272347535,0.13052208835341367,0.9806707192131685
15.80706633656087,0.05382674516400336,0.1285140562248996,0.9807902465678574
15.844232649928847,0.05391743892165122,0.1285140562248996,0.9808243972406256
15.881398963296826,0.05409974640743871,0.1285140562248996,0.9808926985861621
15.918565276664802,0.05442176870748299,0.1285140562248996,0.981012225940851
15.955731590032778,0.0547008547008547,0.1285140562248996,0.9811146779591557
15.992897903400758,0.054982817869415807,0.1285140562248996,0.9812171299774606
16.030064216768736,0.055267702936096716,0.1285140562248996,0.9813195819957653
16.06723053013671,0.05545927209705372,0.1285140562248996,0.9813878833413018
16.104396843504688,0.05574912891986063,0.1285140562248996,0.9814903353596066
16.14156315687267,0.05579773321708806,0.1285140562248996,0.9815074106959907
16.178729470240647,0.056189640035118525,0.1285140562248996,0.9816440133870638
16.215895783608623,0.056338028169014086,0.1285140562248996,0.9816952393962161
16.2530620969766,0.05663716814159292,0.1285140562248996,0.9817976914145209
16.290228410344575,0.05688888888888889,0.1285140562248996,0.9818830680964415
16.32739472371256,0.05719392314566577,0.1285140562248996,0.9819855201147463
16.364561037080534,0.05750224618149147,0.1285140562248996,0.982087972133051
16.40172735044851,0.05776173285198556,0.1285140562248996,0.9821733488149716
16.438893663816486,0.05807622504537205,0.1285140562248996,0.9822758008332764
16.47605997718447,0.05823475887170155,0.1285140562248996,0.9823270268424288
16.513226290552446,0.0585544373284538,0.1285140562248996,0.9824294788607335
16.55039260392042,0.05898617511520737,0.1285140562248996,0.9825660815518066
16.587558917288398,0.05904059040590406,0.1285140562248996,0.9825831568881906
16.624725230656374,0.059534883720930236,0.1285140562248996,0.9827368349156478
16.661891544024357,0.05970149253731343,0.1285140562248996,0.9827880609248002
16.699057857392333,0.059154929577464786,0.12650602409638553,0.982890512943105
16.73622417076031,0.059433962264150944,0.12650602409638553,0.9829758896250256
16.773390484128285,0.058991436726926735,0.12449799196787148,0.9831124923160987
16.810556797496268,0.05927342256214149,0.12449799196787148,0.9831978689980193
16.847723110864244,0.059558117195004805,0.12449799196787148,0.9832832456799399
16.88488942423222,0.059961315280464215,0.12449799196787148,0.9834027730346288
16.922055737600196,0.059223300970873784,0.12248995983935743,0.9834539990437812
16.959222050968172,0.05968688845401174,0.12248995983935743,0.9835906017348541
16.996388364336156,0.0605759682224429,0.12248995983935743,0.9838467317806161
17.03355467770413,0.060756972111553786,0.12248995983935743,0.9838979577897684
17.070720991072108,0.060939060939060936,0.12248995983935743,0.9839491837989208
17.107887304440084,0.06124497991967871,0.12248995983935743,0.9840345604808415
17.145053617808067,0.0615539858728557,0.12248995983935743,0.9841199371627621
17.182219931176043,0.062118126272912425,0.12248995983935743,0.9842736151902193
17.21938624454402,0.06224489795918367,0.12248995983935743,0.9843077658629875
17.256552557911995,0.062436028659160696,0.12248995983935743,0.9843589918721399
17.29371887127997,0.0629514963880289,0.12248995983935743,0.9844955945632129
17.330885184647954,0.06308169596690796,0.12248995983935743,0.9845297452359811
17.36805149801593,0.06347554630593132,0.12248995983935743,0.9846321972542859
17.405217811383906,0.06289308176100629,0.12048192771084337,0.9847346492725907
17.442384124751882,0.06315789473684211,0.12048192771084337,0.9848029506181272
17.479550438119865,0.06236786469344609,0.11847389558232932,0.9848541766272796
17.51671675148784,0.0625,0.11847389558232932,0.9848883273000478
17.553883064855818,0.0627659574468085,0.11847389558232932,0.9849566286455843
17.591049378223794,0.06203208556149733,0.11646586345381527,0.9850249299911208
17.62821569159177,0.061422413793103446,0.1144578313253012,0.9851273820094256
17.665382004959753,0.061621621621621624,0.1144578313253012,0.9851786080185779
17.70254831832773,0.06188925081433225,0.1144578313253012,0.9852469093641145
17.739714631695705,0.06195652173913044,0.1144578313253012,0.9852639847004986
17.77688094506368,0.06209150326797386,0.1144578313253012,0.9852981353732668
17.814047258431664,0.06236323851203501,0.1144578313253012,0.9853664367188033
17.85121357179964,0.0627062706270627,0.1144578313253012,0.985451813400724
17.888379885167616,0.06229143492769744,0.11244979919678715,0.9856054914281811
17.925546198535592,0.06243032329988852,0.11244979919678715,0.9856396421009493
17.962712511903575,0.06285072951739619,0.11244979919678715,0.9857420941192542
17.99987882527155,0.06334841628959276,0.11244979919678715,0.9858616214739431
18.037045138639527,0.06300114547537228,0.11044176706827309,0.9860323748377843
18.074211452007503,0.06206896551724138,0.10843373493975904,0.9860665255105525
18.11137776537548,0.06264501160092807,0.10843373493975904,0.9862031282016256
18.148544078743463,0.06286379511059371,0.10843373493975904,0.986254354210778
18.18571039211144,0.06323185011709602,0.10843373493975904,0.9863397308926986
18.222876705479415,0.06375442739079103,0.10843373493975904,0.9864592582473874
18.26004301884739,0.06390532544378698,0.10843373493975904,0.9864934089201557
18.297209332215374,0.06398104265402843,0.10843373493975904,0.9865104842565399
18.33437564558335,0.06332138590203107,0.10642570281124498,0.9866129362748446
18.371541958951326,0.06265060240963856,0.10441767068273092,0.9867153882931494
18.408708272319302,0.06295399515738499,0.10441767068273092,0.9867836896386859
18.445874585687278,0.06326034063260341,0.10441767068273092,0.9868519909842224
18.48304089905526,0.06341463414634146,0.10441767068273092,0.9868861416569906
18.520207212423237,0.06234718826405868,0.10240963855421686,0.9869032169933748
18.557373525791213,0.06134969325153374,0.10040160642570281,0.986937367666143
18.59453983915919,0.06165228113440197,0.10040160642570281,0.9870056690116795
18.631706152527173,0.06180469715698393,0.10040160642570281,0.9870398196844478
18.66887246589515,0.062034739454094295,0.10040160642570281,0.9870910456936002
18.706038779263125,0.06218905472636816,0.10040160642570281,0.9871251963663684
18.7432050926311,0.06125,0.09839357429718876,0.9871764223755208
18.780371405999077,0.06037735849056604,0.0963855421686747,0.9872447237210573
18.817537719367053,0.060453400503778336,0.0963855421686747,0.9872617990574414
18.854704032735036,0.0605296343001261,0.0963855421686747,0.9872788743938256
18.891870346103012,0.061146496815286625,0.0963855421686747,0.9874154770848985
18.929036659470988,0.06145966709346991,0.0963855421686747,0.9874837784304351
18.966202972838964,0.06177606177606178,0.0963855421686747,0.9875520797759716
19.00336928620694,0.06217616580310881,0.0963855421686747,0.9876374564578922
19.040535599574923,0.0622568093385214,0.0963855421686747,0.9876545317942763
19.0777019129429,0.06135770234986945,0.09437751004016064,0.9877228331398129
19.114868226310875,0.061518324607329845,0.09437751004016064,0.9877569838125811
19.15203453967885,0.06176084099868594,0.09437751004016064,0.9878082098217335
19.189200853046835,0.062169312169312166,0.09437751004016064,0.9878935865036541
19.22636716641481,0.06225165562913907,0.09437751004016064,0.9879106618400383
19.263533479782787,0.06258322237017311,0.09437751004016064,0.9879789631855748
19.300699793150763,0.06300268096514745,0.09437751004016064,0.9880643398674954
19.33786610651874,0.063257065948856,0.09437751004016064,0.9881155658766477
19.375032419886722,0.06351351351351352,0.09437751004016064,0.9881667918858001
19.412198733254698,0.06258503401360545,0.09236947791164658,0.9882350932313366
19.449365046622674,0.06301369863013699,0.09236947791164658,0.9883204699132573
19.48653135999065,0.06344827586206897,0.09236947791164658,0.9884058465951779
19.523697673358633,0.06353591160220995,0.09236947791164658,0.988422921931562
19.56086398672661,0.0625,0.09036144578313253,0.9884741479407144
19.598030300094585,0.06153846153846154,0.08835341365461848,0.9885424492862509
19.63519661346256,0.06205923836389281,0.08835341365461848,0.9886449013045557
19.672362926830537,0.06232294617563739,0.08835341365461848,0.988696127313708
19.70952924019852,0.06125356125356125,0.08634538152610442,0.9887473533228605
19.746695553566497,0.06160458452722063,0.08634538152610442,0.9888156546683969
19.783861866934473,0.0617816091954023,0.08634538152610442,0.9888498053411652
19.82102818030245,0.06213872832369942,0.08634538152610442,0.9889181066867018
19.85819449367043,0.06231884057971015,0.08634538152610442,0.98895225735947
19.895360807038408,0.06268221574344024,0.08634538152610442,0.9890205587050065
19.932527120406384,0.0629575402635432,0.08634538152610442,0.9890717847141589
19.96969343377436,0.0620384047267356,0.08433734939759036,0.9891571613960795
20.006859747142343,0.06259314456035768,0.08433734939759036,0.9892596134143843
20.04402606051032,0.061654135338345864,0.0823293172690763,0.9893449900963049
20.081192373878295,0.06184012066365008,0.0823293172690763,0.9893791407690732
20.11835868724627,0.061933534743202415,0.0823293172690763,0.9893962161054572
20.155525000614247,0.06231003039513678,0.0823293172690763,0.9894645174509937
20.19269131398223,0.06269113149847094,0.0823293172690763,0.9895328187965303
20.229857627350206,0.06317411402157165,0.0823293172690763,0.989618195478451
20.267023940718182,0.06201550387596899,0.08032128514056225,0.9896694214876033
20.30419025408616,0.0609375,0.0783132530120482,0.9897377228331398
20.34135656745414,0.06103286384976526,0.0783132530120482,0.9897547981695239
20.378522880822118,0.06003159557661927,0.07630522088353414,0.9898401748514446
20.415689194190094,0.06050955414012739,0.07630522088353414,0.9899255515333653
20.45285550755807,0.061191626409017714,0.07630522088353414,0.990045078888054
20.490021820926046,0.06129032258064516,0.07630522088353414,0.9900621542244382
20.52718813429403,0.061488673139158574,0.07630522088353414,0.9900963048972065
20.564354447662005,0.06158833063209076,0.07630522088353414,0.9901133802335906
20.60152076102998,0.06209150326797386,0.07630522088353414,0.9901987569155112
20.638687074397957,0.0625,0.07630522088353414,0.9902670582610478
20.67585338776594,0.0627062706270627,0.07630522088353414,0.990301208933816
20.713019701133916,0.0627062706270627,0.07630522088353414,0.990301208933816
20.750186014501892,0.0632279534109817,0.07630522088353414,0.9903865856157367
20.78735232786987,0.06343906510851419,0.07630522088353414,0.9904207362885049
20.824518641237844,0.06397306397306397,0.07630522088353414,0.9905061129704256
20.861684954605828,0.06408094435075885,0.07630522088353414,0.9905231883068096
20.898851267973804,0.06418918918918919,0.07630522088353414,0.9905402636431938
20.93601758134178,0.06429780033840947,0.07630522088353414,0.9905573389795779
20.973183894709756,0.06313993174061433,0.07429718875502007,0.9906256403251144
21.01035020807774,0.06335616438356165,0.07429718875502007,0.9906597909978827
21.047516521445715,0.06390328151986183,0.07429718875502007,0.9907451676798033
21.08468283481369,0.06412478336221837,0.07429718875502007,0.9907793183525715
21.121849148181667,0.06457242582897033,0.07429718875502007,0.9908476196981081
21.159015461549643,0.06468531468531469,0.07429718875502007,0.9908646950344921
21.196181774917626,0.0647985989492119,0.07429718875502007,0.9908817703708763
21.233348088285602,0.06502636203866433,0.07429718875502007,0.9909159210436446
21.27051440165358,0.06560283687943262,0.07429718875502007,0.9910012977255652
21.307680715021554,0.06607142857142857,0.07429718875502007,0.9910695990711017
21.344847028389538,0.06630824372759857,0.07429718875502007,0.9911037497438699
21.382013341757514,0.06678700361010831,0.07429718875502007,0.9911720510894064
21.41917965512549,0.06678700361010831,0.07429718875502007,0.9911720510894064
21.456345968493466,0.06690777576853527,0.07429718875502007,0.9911891264257906
21.49351228186144,0.06715063520871144,0.07429718875502007,0.9912232770985588
21.530678595229425,0.06557377049180328,0.07228915662650602,0.991240352434943
21.5678449085974,0.06581352833638025,0.07228915662650602,0.9912745031077113
21.605011221965377,0.06629834254143646,0.07228915662650602,0.9913428044532477
21.642177535333353,0.06493506493506493,0.07028112449799197,0.9913940304624002
21.679343848701336,0.06517690875232775,0.07028112449799197,0.9914281811351684
21.716510162069312,0.06566604127579738,0.07028112449799197,0.9914964824807049
21.753676475437288,0.0661625708884688,0.07028112449799197,0.9915647838262414
21.790842788805264,0.06628787878787878,0.07028112449799197,0.9915818591626255
21.82800910217324,0.06666666666666667,0.07028112449799197,0.9916330851717778
21.865175415541223,0.0674373795761079,0.07028112449799197,0.9917355371900827
21.9023417289092,0.06782945736434108,0.07028112449799197,0.991786763199235
21.939508042277176,0.0682261208576998,0.07028112449799197,0.9918379892083874
21.97667435564515,0.06862745098039216,0.07028112449799197,0.9918892152175398
22.013840669013135,0.06903353057199212,0.07028112449799197,0.9919404412266921
22.05100698238111,0.06930693069306931,0.07028112449799197,0.9919745918994605
22.088173295749087,0.06958250497017893,0.07028112449799197,0.9920087425722287
22.125339609117063,0.0697211155378486,0.07028112449799197,0.9920258179086128
22.16250592248504,0.06827309236947791,0.06827309236947791,0.9920770439177652
22.199672235853022,0.06827309236947791,0.06827309236947791,0.9920770439177652
22.236838549220998,0.06854838709677419,0.06827309236947791,0.9921111945905334
22.274004862588974,0.06896551724137931,0.06827309236947791,0.9921624205996858
22.31117117595695,0.06924643584521385,0.06827309236947791,0.9921965712724541
22.348337489324933,0.06981519507186858,0.06827309236947791,0.9922648726179906
22.38550380269291,0.06790123456790123,0.06626506024096386,0.9922648726179906
22.422670116060885,0.06818181818181818,0.06626506024096386,0.9922990232907588
22.45983642942886,0.06832298136645963,0.06626506024096386,0.992316098627143
22.497002742796838,0.06860706860706861,0.06626506024096386,0.9923502492999112
22.53416905616482,0.06875,0.06626506024096386,0.9923673246362953
22.571335369532797,0.06708595387840671,0.0642570281124498,0.9924014753090636
22.608501682900773,0.06751054852320675,0.0642570281124498,0.992452701318216
22.64566799626875,0.06765327695560254,0.0642570281124498,0.9924697766546001
22.682834309636732,0.06794055201698514,0.0642570281124498,0.9925039273273684
22.720000623004708,0.06823027718550106,0.0642570281124498,0.9925380780001366
22.757166936372684,0.06881720430107527,0.0642570281124498,0.9926063793456731
22.79433324974066,0.06881720430107527,0.0642570281124498,0.9926063793456731
22.831499563108636,0.06971677559912855,0.0642570281124498,0.9927088313639779
22.86866587647662,0.0700218818380744,0.0642570281124498,0.9927429820367462
22.905832189844595,0.0700218818380744,0.0642570281124498,0.9927429820367462
22.94299850321257,0.0706401766004415,0.0642570281124498,0.9928112833822826
22.980164816580547,0.07079646017699115,0.0642570281124498,0.9928283587186667
23.01733112994853,0.07079646017699115,0.0642570281124498,0.9928283587186667
23.054497443316507,0.07095343680709534,0.0642570281124498,0.9928454340550509
23.091663756684483,0.07095343680709534,0.0642570281124498,0.9928454340550509
23.12883007005246,0.07095343680709534,0.0642570281124498,0.9928454340550509
23.165996383420435,0.07111111111111111,0.0642570281124498,0.992862509391435
23.203162696788418,0.07142857142857142,0.0642570281124498,0.9928966600642033
23.240329010156394,0.07207207207207207,0.0642570281124498,0.9929649614097398
23.27749532352437,0.07207207207207207,0.0642570281124498,0.9929649614097398
23.314661636892346,0.07256235827664399,0.0642570281124498,0.9930161874188922
23.35182795026033,0.07256235827664399,0.0642570281124498,0.9930161874188922
23.388994263628305,0.07272727272727272,0.0642570281124498,0.9930332627552763
23.42616057699628,0.07289293849658314,0.0642570281124498,0.9930503380916604
23.463326890364257,0.0730593607305936,0.0642570281124498,0.9930674134280445
23.500493203732233,0.07322654462242563,0.0642570281124498,0.9930844887644287
23.537659517100217,0.0735632183908046,0.0642570281124498,0.9931186394371969
23.574825830468193,0.07373271889400922,0.0642570281124498,0.9931357147735811
23.61199214383617,0.07373271889400922,0.0642570281124498,0.9931357147735811
23.649158457204145,0.07407407407407407,0.0642570281124498,0.9931698654463493
23.686324770572128,0.07476635514018691,0.0642570281124498,0.9932381667918858
23.723491083940104,0.07511737089201878,0.0642570281124498,0.993272317464654
23.76065739730808,0.07547169811320754,0.0642570281124498,0.9933064681374223
23.797823710676056,0.07565011820330969,0.0642570281124498,0.9933235434738065
23.834990024044032,0.0761904761904762,0.0642570281124498,0.9933747694829588
23.872156337412015,0.07692307692307693,0.0642570281124498,0.9934430708284954
23.90932265077999,0.07710843373493977,0.0642570281124498,0.9934601461648794
23.946488964147967,0.07524271844660194,0.06224899598393574,0.9934942968376477
23.983655277515943,0.07579462102689487,0.06224899598393574,0.9935455228468001
24.020821590883926,0.07616707616707617,0.06224899598393574,0.9935796735195683
24.057987904251902,0.07616707616707617,0.06224899598393574,0.9935796735195683
24.09515421761988,0.07654320987654321,0.06224899598393574,0.9936138241923366
24.132320530987855,0.07654320987654321,0.06224899598393574,0.9936138241923366
24.16948684435583,0.0773067331670823,0.06224899598393574,0.993682125537873
24.206653157723814,0.0773067331670823,0.06224899598393574,0.993682125537873
24.24381947109179,0.07769423558897243,0.06224899598393574,0.9937162762106414
24.280985784459766,0.07808564231738035,0.06224899598393574,0.9937504268834096
24.318152097827742,0.07828282828282829,0.06224899598393574,0.9937675022197937
24.355318411195725,0.07868020304568528,0.06224899598393574,0.993801652892562
24.3924847245637,0.07908163265306123,0.06224899598393574,0.9938358035653302
24.429651037931677,0.0792838874680307,0.06224899598393574,0.9938528789017144
24.466817351299653,0.08010335917312661,0.06224899598393574,0.9939211802472508
24.50398366466763,0.08031088082901554,0.06224899598393574,0.993938255583635
24.541149978035612,0.08051948051948052,0.06224899598393574,0.9939553309200191
24.57831629140359,0.08051948051948052,0.06224899598393574,0.9939553309200191
24.615482604771564,0.08093994778067885,0.06224899598393574,0.9939894815927873
24.65264891813954,0.08093994778067885,0.06224899598393574,0.9939894815927873
24.689815231507524,0.08136482939632546,0.06224899598393574,0.9940236322655557
24.7269815448755,0.08157894736842106,0.06224899598393574,0.9940407076019397
24.764147858243476,0.08157894736842106,0.06224899598393574,0.9940407076019397
24.801314171611452,0.08179419525065963,0.06224899598393574,0.9940577829383239
24.838480484979428,0.08222811671087533,0.06224899598393574,0.9940919336110922
24.87564679834741,0.08266666666666667,0.06224899598393574,0.9941260842838604
24.912813111715387,0.08310991957104558,0.06224899598393574,0.9941602349566286
24.949979425083363,0.08401084010840108,0.06224899598393574,0.9942285363021651
24.98714573845134,0.08423913043478261,0.06224899598393574,0.9942456116385493
25.024312051819322,0.08446866485013624,0.06224899598393574,0.9942626869749334
25.0614783651873,0.08469945355191257,0.06224899598393574,0.9942797623113175
25.098644678555274,0.08469945355191257,0.06224899598393574,0.9942797623113175
25.13581099192325,0.08493150684931507,0.06224899598393574,0.9942968376477017
25.172977305291226,0.08516483516483517,0.06224899598393574,0.9943139129840858
25.21014361865921,0.08264462809917356,0.060240963855421686,0.9943139129840858
25.247309932027186,0.08333333333333333,0.060240963855421686,0.9943651389932382
25.28447624539516,0.08333333333333333,0.060240963855421686,0.9943651389932382
25.321642558763138,0.08356545961002786,0.060240963855421686,0.9943822143296223
25.35880887213112,0.08379888268156424,0.060240963855421686,0.9943992896660064
25.395975185499097,0.08426966292134831,0.060240963855421686,0.9944334403387747
25.433141498867073,0.0847457627118644,0.060240963855421686,0.9944675910115429
25.47030781223505,0.08498583569405099,0.060240963855421686,0.9944846663479271
25.507474125603025,0.08522727272727272,0.060240963855421686,0.9945017416843112
25.544640438971008,0.08522727272727272,0.060240963855421686,0.9945017416843112
25.581806752338984,0.08522727272727272,0.060240963855421686,0.9945017416843112
25.61897306570696,0.08571428571428572,0.060240963855421686,0.9945358923570794
25.656139379074936,0.08595988538681948,0.060240963855421686,0.9945529676934636
25.69330569244292,0.08595988538681948,0.060240963855421686,0.9945529676934636
25.730472005810896,0.08620689655172414,0.060240963855421686,0.9945700430298476
25.76763831917887,0.08405797101449275,0.05823293172690763,0.994604193702616
25.804804632546848,0.08430232558139535,0.05823293172690763,0.994621269039
25.841970945914824,0.08504398826979472,0.05823293172690763,0.9946724950481525
25.879137259282807,0.08504398826979472,0.05823293172690763,0.9946724950481525
25.916303572650783,0.08529411764705883,0.05823293172690763,0.9946895703845365
25.95346988601876,0.08579881656804733,0.05823293172690763,0.9947237210573048
25.990636199386735,0.08605341246290801,0.05823293172690763,0.994740796393689
26.027802512754718,0.08656716417910448,0.05823293172690763,0.9947749470664572
26.064968826122694,0.08656716417910448,0.05823293172690763,0.9947749470664572
26.10213513949067,0.08656716417910448,0.05823293172690763,0.9947749470664572
26.139301452858646,0.08708708708708708,0.05823293172690763,0.9948090977392254
26.176467766226622,0.08734939759036145,0.05823293172690763,0.9948261730756096
26.213634079594605,0.08761329305135952,0.05823293172690763,0.9948432484119937
26.25080039296258,0.08841463414634146,0.05823293172690763,0.9948944744211461
26.287966706330558,0.08895705521472393,0.05823293172690763,0.9949286250939143
26.325133019698534,0.08923076923076922,0.05823293172690763,0.9949457004302985
26.362299333066517,0.08923076923076922,0.05823293172690763,0.9949457004302985
26.399465646434493,0.09006211180124224,0.05823293172690763,0.9949969264394508
26.43663195980247,0.09034267912772585,0.05823293172690763,0.995014001775835
26.473798273170445,0.09090909090909091,0.05823293172690763,0.9950481524486032
26.51096458653842,0.09119496855345911,0.05823293172690763,0.9950652277849874
26.548130899906404,0.09177215189873418,0.05823293172690763,0.9950993784577556
26.58529721327438,0.09206349206349207,0.05823293172690763,0.9951164537941397
26.622463526642356,0.09206349206349207,0.05823293172690763,0.9951164537941397
26.659629840010332,0.0926517571884984,0.05823293172690763,0.995150604466908
26.696796153378315,0.09294871794871795,0.05823293172690763,0.9951676798032921
26.73396246674629,0.09032258064516129,0.05622489959839357,0.9951847551396763
26.771128780114267,0.09090909090909091,0.05622489959839357,0.9952189058124445
26.808295093482243,0.09120521172638436,0.05622489959839357,0.9952359811488286
26.84546140685022,0.09180327868852459,0.05622489959839357,0.9952701318215968
26.882627720218203,0.09210526315789473,0.05622489959839357,0.995287207157981
26.91979403358618,0.0924092409240924,0.05622489959839357,0.9953042824943651
26.956960346954155,0.09271523178807947,0.05622489959839357,0.9953213578307493
26.99412666032213,0.09271523178807947,0.05622489959839357,0.9953213578307493
27.031292973690114,0.09302325581395349,0.05622489959839357,0.9953384331671334
27.06845928705809,0.09302325581395349,0.05622489959839357,0.9953384331671334
27.105625600426066,0.09333333333333334,0.05622489959839357,0.9953555085035175
27.142791913794042,0.09364548494983277,0.05622489959839357,0.9953725838399017
27.179958227162018,0.09364548494983277,0.05622489959839357,0.9953725838399017
27.21712454053,0.09395973154362416,0.05622489959839357,0.9953896591762857
27.254290853897977,0.09427609427609428,0.05622489959839357,0.9954067345126699
27.291457167265953,0.09523809523809523,0.05622489959839357,0.9954579605218222
27.32862348063393,0.09523809523809523,0.05622489959839357,0.9954579605218222
27.365789794001913,0.09556313993174062,0.05622489959839357,0.9954750358582064
27.40295610736989,0.0958904109589041,0.05622489959839357,0.9954921111945906
27.440122420737865,0.09621993127147767,0.05622489959839357,0.9955091865309746
27.47728873410584,0.09688581314878893,0.05622489959839357,0.9955433372037429
27.514455047473817,0.0975609756097561,0.05622489959839357,0.9955774878765111
27.5516213608418,0.09824561403508772,0.05622489959839357,0.9956116385492795
27.588787674209776,0.09859154929577464,0.05622489959839357,0.9956287138856635
27.625953987577752,0.099644128113879,0.05622489959839357,0.995679939894816
27.663120300945728,0.09712230215827339,0.05421686746987952,0.9957140905675842
27.70028661431371,0.09712230215827339,0.05421686746987952,0.9957140905675842
27.737452927681687,0.09747292418772563,0.05421686746987952,0.9957311659039683
27.774619241049663,0.09854014598540146,0.05421686746987952,0.9957823919131207
27.81178555441764,0.09854014598540146,0.05421686746987952,0.9957823919131207
27.848951867785615,0.0989010989010989,0.05421686746987952,0.9957994672495049
27.8861181811536,0.09926470588235294,0.05421686746987952,0.9958165425858889
27.923284494521575,0.0996309963099631,0.05421686746987952,0.9958336179222731
27.96045080788955,0.1,0.05421686746987952,0.9958506932586572
27.997617121257527,0.1,0.05421686746987952,0.9958506932586572
28.03478343462551,0.1,0.05421686746987952,0.9958506932586572
28.071949747993486,0.10037174721189591,0.05421686746987952,0.9958677685950413
28.109116061361462,0.10150375939849623,0.05421686746987952,0.9959189946041938
28.146282374729438,0.1018867924528302,0.05421686746987952,0.9959360699405778
28.183448688097414,0.10305343511450382,0.05421686746987952,0.9959872959497302
28.220615001465397,0.10344827586206896,0.05421686746987952,0.9960043712861143
28.257781314833373,0.10424710424710425,0.05421686746987952,0.9960385219588825
28.29494762820135,0.10424710424710425,0.05421686746987952,0.9960385219588825
28.332113941569325,0.10077519379844961,0.05220883534136546,0.9960385219588825
28.36928025493731,0.1015625,0.05220883534136546,0.9960726726316509
28.406446568305284,0.09803921568627451,0.050200803212851405,0.9960726726316509
28.44361288167326,0.09803921568627451,0.050200803212851405,0.9960726726316509
28.480779195041237,0.0984251968503937,0.050200803212851405,0.996089747968035
28.517945508409213,0.0992063492063492,0.050200803212851405,0.9961238986408032
28.555111821777196,0.099601593625498,0.050200803212851405,0.9961409739771874
28.592278135145172,0.099601593625498,0.050200803212851405,0.9961409739771874
28.629444448513148,0.099601593625498,0.050200803212851405,0.9961409739771874
28.666610761881124,0.10040160642570281,0.050200803212851405,0.9961751246499556
28.703777075249107,0.10121457489878542,0.050200803212851405,0.9962092753227239
28.740943388617083,0.10204081632653061,0.050200803212851405,0.9962434259954921
28.77810970198506,0.09836065573770492,0.04819277108433735,0.9962434259954921
28.815276015353035,0.09836065573770492,0.04819277108433735,0.9962434259954921
28.85244232872101,0.09876543209876543,0.04819277108433735,0.9962605013318763
28.889608642088994,0.09917355371900827,0.04819277108433735,0.9962775766682603
28.92677495545697,0.09917355371900827,0.04819277108433735,0.9962775766682603
28.963941268824946,0.09917355371900827,0.04819277108433735,0.9962775766682603
29.001107582192923,0.0995850622406639,0.04819277108433735,0.9962946520046445
29.038273895560906,0.0995850622406639,0.04819277108433735,0.9962946520046445
29.07544020892888,0.0995850622406639,0.04819277108433735,0.9962946520046445
29.112606522296858,0.0995850622406639,0.04819277108433735,0.9962946520046445
29.149772835664834,0.09623430962343096,0.04618473895582329,0.9963117273410286
29.18693914903281,0.09745762711864407,0.04618473895582329,0.996362953350181
29.224105462400793,0.09787234042553192,0.04618473895582329,0.9963800286865652
29.26127177576877,0.09829059829059829,0.04618473895582329,0.9963971040229492
29.298438089136745,0.09482758620689655,0.04417670682730924,0.9964141793593334
29.33560440250472,0.09523809523809523,0.04417670682730924,0.9964312546957175
29.372770715872704,0.09523809523809523,0.04417670682730924,0.9964312546957175
29.40993702924068,0.09565217391304348,0.04417670682730924,0.9964483300321016
29.447103342608656,0.09565217391304348,0.04417670682730924,0.9964483300321016
29.484269655976632,0.09606986899563319,0.04417670682730924,0.9964654053684857
29.52143596934461,0.09606986899563319,0.04417670682730924,0.9964654053684857
29.55860228271259,0.09691629955947137,0.04417670682730924,0.9964995560412541
29.595768596080568,0.09691629955947137,0.04417670682730924,0.9964995560412541
29.632934909448544,0.09691629955947137,0.04417670682730924,0.9964995560412541
29.67010122281652,0.09691629955947137,0.04417670682730924,0.9964995560412541
29.707267536184503,0.09691629955947137,0.04417670682730924,0.9964995560412541
29.74443384955248,0.09691629955947137,0.04417670682730924,0.9964995560412541
29.781600162920455,0.09777777777777778,0.04417670682730924,0.9965337067140223
29.81876647628843,0.09777777777777778,0.04417670682730924,0.9965337067140223
29.855932789656414,0.09777777777777778,0.04417670682730924,0.9965337067140223
29.89309910302439,0.09865470852017937,0.04417670682730924,0.9965678573867905
29.930265416392366,0.0945945945945946,0.04216867469879518,0.9965678573867905
29.967431729760342,0.09090909090909091,0.040160642570281124,0.9965849327231746
30.00459804312832,0.09090909090909091,0.040160642570281124,0.9965849327231746
30.0417643564963,0.09090909090909091,0.040160642570281124,0.9965849327231746
30.078930669864278,0.091324200913242,0.040160642570281124,0.9966020080595588
30.116096983232254,0.091324200913242,0.040160642570281124,0.9966020080595588
30.15326329660023,0.091324200913242,0.040160642570281124,0.9966020080595588
30.190429609968213,0.09216589861751152,0.040160642570281124,0.996636158732327
30.22759592333619,0.09345794392523364,0.040160642570281124,0.9966873847414794
30.264762236704165,0.09389671361502347,0.040160642570281124,0.9967044600778635
30.30192855007214,0.09433962264150944,0.040160642570281124,0.9967215354142477
30.339094863440117,0.09433962264150944,0.040160642570281124,0.9967215354142477
30.3762611768081,0.09569377990430622,0.040160642570281124,0.9967727614234
30.413427490176076,0.09615384615384616,0.040160642570281124,0.9967898367597842
30.450593803544052,0.09615384615384616,0.040160642570281124,0.9967898367597842
30.48776011691203,0.0966183574879227,0.040160642570281124,0.9968069120961683
30.52492643028001,0.0975609756097561,0.040160642570281124,0.9968410627689366
30.562092743647987,0.09803921568627451,0.040160642570281124,0.9968581381053206
30.599259057015963,0.09803921568627451,0.040160642570281124,0.9968581381053206
30.63642537038394,0.09852216748768473,0.040160642570281124,0.9968752134417048
30.673591683751916,0.0945273631840796,0.03815261044176707,0.9968922887780889
30.7107579971199,0.0945273631840796,0.03815261044176707,0.9968922887780889
30.747924310487875,0.095,0.03815261044176707,0.9969093641144731
30.78509062385585,0.095,0.03815261044176707,0.9969093641144731
30.822256937223827,0.095,0.03815261044176707,0.9969093641144731
30.85942325059181,0.095,0.03815261044176707,0.9969093641144731
30.896589563959786,0.095,0.03815261044176707,0.9969093641144731
30.933755877327762,0.095,0.03815261044176707,0.9969093641144731
30.970922190695738,0.09547738693467336,0.03815261044176707,0.9969264394508571
31.008088504063714,0.09547738693467336,0.03815261044176707,0.9969264394508571
31.045254817431697,0.09090909090909091,0.03614457831325301,0.9969264394508571
31.082421130799673,0.08629441624365482,0.03413654618473896,0.9969264394508571
31.11958744416765,0.08673469387755102,0.03413654618473896,0.9969435147872413
31.156753757535625,0.08673469387755102,0.03413654618473896,0.9969435147872413
31.19392007090361,0.08673469387755102,0.03413654618473896,0.9969435147872413
31.231086384271585,0.08673469387755102,0.03413654618473896,0.9969435147872413
31.26825269763956,0.08717948717948718,0.03413654618473896,0.9969605901236255
31.305419011007537,0.08762886597938144,0.03413654618473896,0.9969776654600095
31.342585324375513,0.08762886597938144,0.03413654618473896,0.9969776654600095
31.379751637743496,0.08808290155440414,0.03413654618473896,0.9969947407963937
31.416917951111472,0.08854166666666667,0.03413654618473896,0.9970118161327778
31.454084264479448,0.08854166666666667,0.03413654618473896,0.9970118161327778
31.491250577847424,0.08854166666666667,0.03413654618473896,0.9970118161327778
31.528416891215407,0.08376963350785341,0.0321285140562249,0.9970118161327778
31.565583204583383,0.08376963350785341,0.0321285140562249,0.9970118161327778
31.60274951795136,0.08376963350785341,0.0321285140562249,0.9970118161327778
31.639915831319335,0.08421052631578947,0.0321285140562249,0.997028891469162
31.67708214468731,0.08421052631578947,0.0321285140562249,0.997028891469162
31.714248458055295,0.08465608465608465,0.0321285140562249,0.997045966805546
31.75141477142327,0.08465608465608465,0.0321285140562249,0.997045966805546
31.788581084791247,0.0851063829787234,0.0321285140562249,0.9970630421419302
31.825747398159223,0.0855614973262032,0.0321285140562249,0.9970801174783144
31.862913711527206,0.08602150537634409,0.0321285140562249,0.9970971928146984
31.900080024895182,0.08695652173913043,0.0321285140562249,0.9971313434874667
31.937246338263158,0.08695652173913043,0.0321285140562249,0.9971313434874667
31.974412651631134,0.08743169398907104,0.0321285140562249,0.9971484188238509
32.01157896499911,0.08791208791208792,0.0321285140562249,0.9971654941602349
32.04874527836709,0.08791208791208792,0.0321285140562249,0.9971654941602349
32.08591159173507,0.08791208791208792,0.0321285140562249,0.9971654941602349
32.123077905103045,0.08791208791208792,0.0321285140562249,0.9971654941602349
32.16024421847102,0.08287292817679558,0.030120481927710843,0.9971654941602349
32.197410531839004,0.08287292817679558,0.030120481927710843,0.9971654941602349
32.23457684520698,0.08333333333333333,0.030120481927710843,0.9971825694966191
32.27174315857496,0.08333333333333333,0.030120481927710843,0.9971825694966191
32.30890947194293,0.0847457627118644,0.030120481927710843,0.9972337955057715
32.34607578531091,0.0847457627118644,0.030120481927710843,0.9972337955057715
32.38324209867889,0.08522727272727272,0.030120481927710843,0.9972508708421556
32.42040841204687,0.08045977011494253,0.028112449799196786,0.9972679461785398
32.457574725414844,0.07514450867052024,0.02610441767068273,0.9972679461785398
32.49474103878282,0.07514450867052024,0.02610441767068273,0.9972679461785398
32.5319073521508,0.07514450867052024,0.02610441767068273,0.9972679461785398
32.56907366551878,0.07602339181286549,0.02610441767068273,0.997302096851308
32.606239978886755,0.07602339181286549,0.02610441767068273,0.997302096851308
32.64340629225473,0.07602339181286549,0.02610441767068273,0.997302096851308
32.68057260562271,0.07602339181286549,0.02610441767068273,0.997302096851308
32.71773891899069,0.07602339181286549,0.02610441767068273,0.997302096851308
32.75490523235867,0.07602339181286549,0.02610441767068273,0.997302096851308
32.79207154572664,0.07602339181286549,0.02610441767068273,0.997302096851308
32.82923785909462,0.07602339181286549,0.02610441767068273,0.997302096851308
32.8664041724626,0.07647058823529412,0.02610441767068273,0.9973191721876921
32.90357048583058,0.07647058823529412,0.02610441767068273,0.9973191721876921
32.940736799198554,0.07784431137724551,0.02610441767068273,0.9973703981968445
32.97790311256653,0.07784431137724551,0.02610441767068273,0.9973703981968445
33.015069425934506,0.0783132530120482,0.02610441767068273,0.9973874735332287
33.05223573930249,0.0783132530120482,0.02610441767068273,0.9973874735332287
33.089402052670465,0.0783132530120482,0.02610441767068273,0.9973874735332287
33.12656836603844,0.07878787878787878,0.02610441767068273,0.9974045488696127
33.16373467940642,0.07317073170731707,0.024096385542168676,0.9974045488696127
33.2009009927744,0.07317073170731707,0.024096385542168676,0.9974045488696127
33.238067306142376,0.0736196319018405,0.024096385542168676,0.9974216242059969
33.27523361951035,0.0736196319018405,0.024096385542168676,0.9974216242059969
33.31239993287833,0.0736196319018405,0.024096385542168676,0.9974216242059969
33.349566246246305,0.0736196319018405,0.024096385542168676,0.9974216242059969
33.38673255961429,0.0736196319018405,0.024096385542168676,0.9974216242059969
33.423898872982264,0.07407407407407407,0.024096385542168676,0.997438699542381
33.46106518635024,0.07453416149068323,0.024096385542168676,0.9974557748787651
33.498231499718216,0.06918238993710692,0.02208835341365462,0.9974728502151492
33.5353978130862,0.06962025316455696,0.02208835341365462,0.9974899255515334
33.572564126454175,0.06962025316455696,0.02208835341365462,0.9974899255515334
33.60973043982215,0.07006369426751592,0.02208835341365462,0.9975070008879174
33.64689675319013,0.0641025641025641,0.020080321285140562,0.9975070008879174
33.6840630665581,0.06451612903225806,0.020080321285140562,0.9975240762243016
33.721229379926086,0.06451612903225806,0.020080321285140562,0.9975240762243016
33.75839569329406,0.06493506493506493,0.020080321285140562,0.9975411515606858
33.79556200666204,0.06493506493506493,0.020080321285140562,0.9975411515606858
33.832728320030014,0.06535947712418301,0.020080321285140562,0.9975582268970699
33.869894633398,0.06578947368421052,0.020080321285140562,0.997575302233454
33.907060946765974,0.06578947368421052,0.020080321285140562,0.997575302233454
33.94422726013395,0.06622516556291391,0.020080321285140562,0.9975923775698381
33.981393573501926,0.06622516556291391,0.020080321285140562,0.9975923775698381
34.0185598868699,0.06622516556291391,0.020080321285140562,0.9975923775698381
34.055726200237885,0.06711409395973154,0.020080321285140562,0.9976265282426063
34.09289251360586,0.06711409395973154,0.020080321285140562,0.9976265282426063
34.13005882697384,0.061224489795918366,0.018072289156626505,0.9976436035789905
34.16722514034181,0.06164383561643835,0.018072289156626505,0.9976606789153747
34.204391453709796,0.0625,0.018072289156626505,0.9976948295881429
34.24155776707777,0.06293706293706294,0.018072289156626505,0.997711904924527
34.27872408044575,0.06293706293706294,0.018072289156626505,0.997711904924527
34.315890393813724,0.06338028169014084,0.018072289156626505,0.9977289802609112
34.3530567071817,0.06382978723404255,0.018072289156626505,0.9977460555972952
34.39022302054968,0.06382978723404255,0.018072289156626505,0.9977460555972952
34.42738933391766,0.06382978723404255,0.018072289156626505,0.9977460555972952
34.464555647285636,0.06428571428571428,0.018072289156626505,0.9977631309336794
34.50172196065361,0.06474820143884892,0.018072289156626505,0.9977802062700635
34.538888274021595,0.06521739130434782,0.018072289156626505,0.9977972816064477
34.57605458738957,0.06569343065693431,0.018072289156626505,0.9978143569428318
34.61322090075755,0.06569343065693431,0.018072289156626505,0.9978143569428318
34.65038721412552,0.0661764705882353,0.018072289156626505,0.9978314322792159
34.6875535274935,0.0661764705882353,0.018072289156626505,0.9978314322792159
34.72471984086148,0.0661764705882353,0.018072289156626505,0.9978314322792159
34.76188615422946,0.0661764705882353,0.018072289156626505,0.9978314322792159
34.799052467597434,0.0661764705882353,0.018072289156626505,0.9978314322792159
34.83621878096541,0.06666666666666667,0.018072289156626505,0.9978485076156001
34.87338509433339,0.06766917293233082,0.018072289156626505,0.9978826582883683
34.91055140770137,0.06766917293233082,0.018072289156626505,0.9978826582883683
34.947717721069345,0.06818181818181818,0.018072289156626505,0.9978997336247524
34.98488403443732,0.06976744186046512,0.018072289156626505,0.9979509596339048
35.0220503478053,0.0703125,0.018072289156626505,0.997968034970289
35.05921666117328,0.0703125,0.018072289156626505,0.997968034970289
35.09638297454126,0.07086614173228346,0.018072289156626505,0.997985110306673
35.13354928790923,0.07086614173228346,0.018072289156626505,0.997985110306673
35.17071560127721,0.072,0.018072289156626505,0.9980192609794413
35.20788191464519,0.07317073170731707,0.018072289156626505,0.9980534116522095
35.24504822801317,0.07317073170731707,0.018072289156626505,0.9980534116522095
35.282214541381144,0.07317073170731707,0.018072289156626505,0.9980534116522095
35.31938085474912,0.07317073170731707,0.018072289156626505,0.9980534116522095
35.356547168117096,0.07317073170731707,0.018072289156626505,0.9980534116522095
35.39371348148508,0.07317073170731707,0.018072289156626505,0.9980534116522095
35.430879794853055,0.07377049180327869,0.018072289156626505,0.9980704869885937
35.46804610822103,0.07377049180327869,0.018072289156626505,0.9980704869885937
35.50521242158901,0.0743801652892562,0.018072289156626505,0.9980875623249778
35.54237873495699,0.0743801652892562,0.018072289156626505,0.9980875623249778
35.57954504832497,0.0743801652892562,0.018072289156626505,0.9980875623249778
35.61671136169294,0.075,0.018072289156626505,0.9981046376613619
35.65387767506092,0.06722689075630252,0.01606425702811245,0.9981046376613619
35.691043988428895,0.06722689075630252,0.01606425702811245,0.9981046376613619
35.72821030179688,0.06722689075630252,0.01606425702811245,0.9981046376613619
35.765376615164854,0.06722689075630252,0.01606425702811245,0.9981046376613619
35.80254292853283,0.06837606837606838,0.01606425702811245,0.9981387883341302
35.839709241900806,0.06837606837606838,0.01606425702811245,0.9981387883341302
35.87687555526879,0.06837606837606838,0.01606425702811245,0.9981387883341302
35.914041868636765,0.06956521739130435,0.01606425702811245,0.9981729390068984
35.95120818200474,0.07017543859649122,0.01606425702811245,0.9981900143432826
35.98837449537272,0.07017543859649122,0.01606425702811245,0.9981900143432826
36.02554080874069,0.07017543859649122,0.01606425702811245,0.9981900143432826
36.06270712210868,0.07017543859649122,0.01606425702811245,0.9981900143432826
36.09987343547665,0.07017543859649122,0.01606425702811245,0.9981900143432826
36.13703974884463,0.07017543859649122,0.01606425702811245,0.9981900143432826
36.174206062212605,0.07079646017699115,0.01606425702811245,0.9982070896796666
36.21137237558059,0.07142857142857142,0.01606425702811245,0.9982241650160508
36.248538688948564,0.07207207207207207,0.01606425702811245,0.9982412403524349
36.28570500231654,0.07272727272727272,0.01606425702811245,0.9982583156888191
36.322871315684516,0.07272727272727272,0.01606425702811245,0.9982583156888191
36.36003762905249,0.07339449541284404,0.01606425702811245,0.9982753910252032
36.397203942420475,0.07339449541284404,0.01606425702811245,0.9982753910252032
36.43437025578845,0.07339449541284404,0.01606425702811245,0.9982753910252032
36.47153656915643,0.07339449541284404,0.01606425702811245,0.9982753910252032
36.5087028825244,0.07339449541284404,0.01606425702811245,0.9982753910252032
36.54586919589239,0.07476635514018691,0.01606425702811245,0.9983095416979715
36.58303550926036,0.07476635514018691,0.01606425702811245,0.9983095416979715
36.62020182262834,0.06666666666666667,0.014056224899598393,0.9983266170343555
36.657368135996315,0.06666666666666667,0.014056224899598393,0.9983266170343555
36.69453444936429,0.06796116504854369,0.014056224899598393,0.9983607677071238
36.731700762732274,0.06796116504854369,0.014056224899598393,0.9983607677071238
36.76886707610025,0.06862745098039216,0.014056224899598393,0.998377843043508
36.806033389468226,0.06862745098039216,0.014056224899598393,0.998377843043508
36.8431997028362,0.06862745098039216,0.014056224899598393,0.998377843043508
36.880366016204185,0.06930693069306931,0.014056224899598393,0.9983949183798921
36.91753232957216,0.07,0.014056224899598393,0.9984119937162762
36.95469864294014,0.07,0.014056224899598393,0.9984119937162762
36.99186495630811,0.07,0.014056224899598393,0.9984119937162762
37.02903126967609,0.07,0.014056224899598393,0.9984119937162762
37.06619758304407,0.07,0.014056224899598393,0.9984119937162762
37.10336389641205,0.0707070707070707,0.014056224899598393,0.9984290690526604
37.140530209780025,0.0707070707070707,0.014056224899598393,0.9984290690526604
37.177696523148,0.07216494845360824,0.014056224899598393,0.9984632197254286
37.214862836515984,0.07216494845360824,0.014056224899598393,0.9984632197254286
37.25202914988396,0.07291666666666667,0.014056224899598393,0.9984802950618127
37.289195463251936,0.07291666666666667,0.014056224899598393,0.9984802950618127
37.32636177661991,0.07291666666666667,0.014056224899598393,0.9984802950618127
37.36352808998789,0.07291666666666667,0.014056224899598393,0.9984802950618127
37.40069440335587,0.07291666666666667,0.014056224899598393,0.9984802950618127
37.43786071672385,0.07291666666666667,0.014056224899598393,0.9984802950618127
37.47502703009182,0.07291666666666667,0.014056224899598393,0.9984802950618127
37.5121933434598,0.07446808510638298,0.014056224899598393,0.9985144457345809
37.54935965682778,0.07446808510638298,0.014056224899598393,0.9985144457345809
37.58652597019576,0.07526881720430108,0.014056224899598393,0.9985315210709651
37.623692283563734,0.07526881720430108,0.014056224899598393,0.9985315210709651
37.66085859693171,0.07608695652173914,0.014056224899598393,0.9985485964073493
37.69802491029969,0.07692307692307693,0.014056224899598393,0.9985656717437333
37.73519122366767,0.06666666666666667,0.012048192771084338,0.9985656717437333
37.772357537035646,0.06666666666666667,0.012048192771084338,0.9985656717437333
37.80952385040362,0.06666666666666667,0.012048192771084338,0.9985656717437333
37.8466901637716,0.06666666666666667,0.012048192771084338,0.9985656717437333
37.88385647713958,0.06666666666666667,0.012048192771084338,0.9985656717437333
37.92102279050756,0.06741573033707865,0.012048192771084338,0.9985827470801175
37.95818910387553,0.06741573033707865,0.012048192771084338,0.9985827470801175
37.99535541724351,0.06741573033707865,0.012048192771084338,0.9985827470801175
38.032521730611485,0.06741573033707865,0.012048192771084338,0.9985827470801175
38.06968804397947,0.06741573033707865,0.012048192771084338,0.9985827470801175
38.106854357347444,0.06741573033707865,0.012048192771084338,0.9985827470801175
38.14402067071542,0.06818181818181818,0.012048192771084338,0.9985998224165016
38.181186984083396,0.06896551724137931,0.012048192771084338,0.9986168977528858
38.21835329745138,0.06896551724137931,0.012048192771084338,0.9986168977528858
38.255519610819356,0.06896551724137931,0.012048192771084338,0.9986168977528858
38.29268592418733,0.07058823529411765,0.012048192771084338,0.998651048425654
38.32985223755531,0.07058823529411765,0.012048192771084338,0.998651048425654
38.367018550923284,0.07142857142857142,0.012048192771084338,0.9986681237620381
38.40418486429127,0.07142857142857142,0.012048192771084338,0.9986681237620381
38.44135117765924,0.07142857142857142,0.012048192771084338,0.9986681237620381
38.47851749102722,0.07228915662650602,0.012048192771084338,0.9986851990984222
38.515683804395195,0.07228915662650602,0.012048192771084338,0.9986851990984222
38.55285011776318,0.07228915662650602,0.012048192771084338,0.9986851990984222
38.590016431131154,0.07228915662650602,0.012048192771084338,0.9986851990984222
38.62718274449913,0.07228915662650602,0.012048192771084338,0.9986851990984222
38.664349057867106,0.07317073170731707,0.012048192771084338,0.9987022744348064
38.70151537123508,0.07317073170731707,0.012048192771084338,0.9987022744348064
38.738681684603065,0.07317073170731707,0.012048192771084338,0.9987022744348064
38.77584799797104,0.07317073170731707,0.012048192771084338,0.9987022744348064
38.81301431133902,0.07317073170731707,0.012048192771084338,0.9987022744348064
38.850180624706994,0.07407407407407407,0.012048192771084338,0.9987193497711905
38.88734693807498,0.07407407407407407,0.012048192771084338,0.9987193497711905
38.92451325144295,0.07407407407407407,0.012048192771084338,0.9987193497711905
38.96167956481093,0.07407407407407407,0.012048192771084338,0.9987193497711905
38.998845878178905,0.07407407407407407,0.012048192771084338,0.9987193497711905
39.03601219154689,0.07407407407407407,0.012048192771084338,0.9987193497711905
39.073178504914864,0.07407407407407407,0.012048192771084338,0.9987193497711905
39.11034481828284,0.07407407407407407,0.012048192771084338,0.9987193497711905
39.147511131650816,0.07407407407407407,0.012048192771084338,0.9987193497711905
39.18467744501879,0.07407407407407407,0.012048192771084338,0.9987193497711905
39.221843758386775,0.07407407407407407,0.012048192771084338,0.9987193497711905
39.25901007175475,0.075,0.012048192771084338,0.9987364251075747
39.29617638512273,0.075,0.012048192771084338,0.9987364251075747
39.3333426984907,0.075,0.012048192771084338,0.9987364251075747
39.37050901185869,0.075,0.012048192771084338,0.9987364251075747
39.40767532522666,0.075,0.012048192771084338,0.9987364251075747
39.44484163859464,0.0759493670886076,0.012048192771084338,0.9987535004439587
39.482007951962615,0.07692307692307693,0.012048192771084338,0.9987705757803429
39.51917426533059,0.07692307692307693,0.012048192771084338,0.9987705757803429
39.556340578698574,0.07692307692307693,0.012048192771084338,0.9987705757803429
39.59350689206655,0.07692307692307693,0.012048192771084338,0.9987705757803429
39.630673205434526,0.07692307692307693,0.012048192771084338,0.9987705757803429
39.6678395188025,0.06493506493506493,0.010040160642570281,0.9987705757803429
39.705005832170485,0.06493506493506493,0.010040160642570281,0.9987705757803429
39.74217214553846,0.06493506493506493,0.010040160642570281,0.9987705757803429
39.77933845890644,0.06493506493506493,0.010040160642570281,0.9987705757803429
39.81650477227441,0.06493506493506493,0.010040160642570281,0.9987705757803429
39.85367108564239,0.04,0.006024096385542169,0.9987705757803429
39.89083739901037,0.04,0.006024096385542169,0.9987705757803429
39.92800371237835,0.04054054054054054,0.006024096385542169,0.998787651116727
39.965170025746325,0.04054054054054054,0.006024096385542169,0.998787651116727
40.0023363391143,0.0410958904109589,0.006024096385542169,0.9988047264531111
40.039502652482284,0.04225352112676056,0.006024096385542169,0.9988388771258794
40.07666896585026,0.04285714285714286,0.006024096385542169,0.9988559524622636
40.113835279218236,0.04285714285714286,0.006024096385542169,0.9988559524622636
40.15100159258621,0.04285714285714286,0.006024096385542169,0.9988559524622636
40.18816790595419,0.043478260869565216,0.006024096385542169,0.9988730277986476
40.22533421932217,0.043478260869565216,0.006024096385542169,0.9988730277986476
40.26250053269015,0.045454545454545456,0.006024096385542169,0.9989242538078
40.29966684605812,0.045454545454545456,0.006024096385542169,0.9989242538078
40.3368331594261,0.045454545454545456,0.006024096385542169,0.9989242538078
40.37399947279408,0.046153846153846156,0.006024096385542169,0.9989413291441841
40.41116578616206,0.046153846153846156,0.006024096385542169,0.9989413291441841
40.448332099530035,0.046153846153846156,0.006024096385542169,0.9989413291441841
40.48549841289801,0.046153846153846156,0.006024096385542169,0.9989413291441841
40.52266472626599,0.046875,0.006024096385542169,0.9989584044805683
40.55983103963397,0.046875,0.006024096385542169,0.9989584044805683
40.596997353001946,0.046875,0.006024096385542169,0.9989584044805683
40.63416366636992,0.046875,0.006024096385542169,0.9989584044805683
40.6713299797379,0.047619047619047616,0.006024096385542169,0.9989754798169523
40.70849629310588,0.04838709677419355,0.006024096385542169,0.9989925551533365
40.74566260647386,0.04838709677419355,0.006024096385542169,0.9989925551533365
40.78282891984183,0.04918032786885246,0.006024096385542169,0.9990096304897207
40.81999523320981,0.05,0.006024096385542169,0.9990267058261048
40.857161546577785,0.05084745762711865,0.006024096385542169,0.9990437811624889
40.89432785994577,0.05084745762711865,0.006024096385542169,0.9990437811624889
40.931494173313745,0.05084745762711865,0.006024096385542169,0.9990437811624889
40.96866048668172,0.05084745762711865,0.006024096385542169,0.9990437811624889
41.0058268000497,0.05084745762711865,0.006024096385542169,0.9990437811624889
41.04299311341768,0.05084745762711865,0.006024096385542169,0.9990437811624889
41.080159426785656,0.05084745762711865,0.006024096385542169,0.9990437811624889
41.11732574015363,0.05084745762711865,0.006024096385542169,0.9990437811624889
41.15449205352161,0.05084745762711865,0.006024096385542169,0.9990437811624889
41.191658366889584,0.05263157894736842,0.006024096385542169,0.9990779318352572
41.22882468025757,0.05263157894736842,0.006024096385542169,0.9990779318352572
41.26599099362554,0.05263157894736842,0.006024096385542169,0.9990779318352572
41.30315730699352,0.05263157894736842,0.006024096385542169,0.9990779318352572
41.340323620361495,0.05263157894736842,0.006024096385542169,0.9990779318352572
41.37748993372948,0.05263157894736842,0.006024096385542169,0.9990779318352572
41.414656247097454,0.05357142857142857,0.006024096385542169,0.9990950071716412
41.45182256046543,0.05454545454545454,0.006024096385542169,0.9991120825080254
41.48898887383341,0.05454545454545454,0.006024096385542169,0.9991120825080254
41.52615518720138,0.05454545454545454,0.006024096385542169,0.9991120825080254
41.563321500569366,0.05555555555555555,0.006024096385542169,0.9991291578444096
41.60048781393734,0.05555555555555555,0.006024096385542169,0.9991291578444096
41.63765412730532,0.05555555555555555,0.006024096385542169,0.9991291578444096
41.674820440673294,0.05555555555555555,0.006024096385542169,0.9991291578444096
41.71198675404128,0.05555555555555555,0.006024096385542169,0.9991291578444096
41.74915306740925,0.05555555555555555,0.006024096385542169,0.9991291578444096
41.78631938077723,0.05660377358490566,0.006024096385542169,0.9991462331807937
41.823485694145205,0.05660377358490566,0.006024096385542169,0.9991462331807937
41.86065200751318,0.05660377358490566,0.006024096385542169,0.9991462331807937
41.897818320881164,0.05660377358490566,0.006024096385542169,0.9991462331807937
41.93498463424914,0.05660377358490566,0.006024096385542169,0.9991462331807937
41.972150947617116,0.057692307692307696,0.006024096385542169,0.9991633085171778
42.00931726098509,0.057692307692307696,0.006024096385542169,0.9991633085171778
42.046483574353076,0.057692307692307696,0.006024096385542169,0.9991633085171778
42.08364988772105,0.057692307692307696,0.006024096385542169,0.9991633085171778
42.12081620108903,0.057692307692307696,0.006024096385542169,0.9991633085171778
42.157982514457004,0.057692307692307696,0.006024096385542169,0.9991633085171778
42.19514882782498,0.057692307692307696,0.006024096385542169,0.9991633085171778
42.23231514119296,0.057692307692307696,0.006024096385542169,0.9991633085171778
42.26948145456094,0.057692307692307696,0.006024096385542169,0.9991633085171778
42.306647767928915,0.04081632653061224,0.004016064257028112,0.9991974591899461
42.34381408129689,0.04081632653061224,0.004016064257028112,0.9991974591899461
42.380980394664874,0.04081632653061224,0.004016064257028112,0.9991974591899461
42.41814670803285,0.04081632653061224,0.004016064257028112,0.9991974591899461
42.455313021400826,0.04081632653061224,0.004016064257028112,0.9991974591899461
42.4924793347688,0.041666666666666664,0.004016064257028112,0.9992145345263301
42.52964564813678,0.0425531914893617,0.004016064257028112,0.9992316098627143
42.56681196150476,0.0425531914893617,0.004016064257028112,0.9992316098627143
42.60397827487274,0.0425531914893617,0.004016064257028112,0.9992316098627143
42.641144588240714,0.0425531914893617,0.004016064257028112,0.9992316098627143
42.67831090160869,0.0425531914893617,0.004016064257028112,0.9992316098627143
42.71547721497667,0.043478260869565216,0.004016064257028112,0.9992486851990984
42.75264352834465,0.045454545454545456,0.004016064257028112,0.9992828358718667
42.789809841712625,0.045454545454545456,0.004016064257028112,0.9992828358718667
42.8269761550806,0.045454545454545456,0.004016064257028112,0.9992828358718667
42.86414246844858,0.045454545454545456,0.004016064257028112,0.9992828358718667
42.90130878181656,0.045454545454545456,0.004016064257028112,0.9992828358718667
42.938475095184536,0.046511627906976744,0.004016064257028112,0.9992999112082508
42.97564140855251,0.046511627906976744,0.004016064257028112,0.9992999112082508
43.01280772192049,0.046511627906976744,0.004016064257028112,0.9992999112082508
43.04997403528847,0.046511627906976744,0.004016064257028112,0.9992999112082508
43.08714034865645,0.046511627906976744,0.004016064257028112,0.9992999112082508
43.12430666202442,0.046511627906976744,0.004016064257028112,0.9992999112082508
43.1614729753924,0.047619047619047616,0.004016064257028112,0.999316986544635
43.198639288760376,0.04878048780487805,0.004016064257028112,0.999334061881019
43.23580560212836,0.05,0.004016064257028112,0.9993511372174032
43.272971915496335,0.05128205128205128,0.004016064257028112,0.9993682125537873
43.31013822886431,0.05128205128205128,0.004016064257028112,0.9993682125537873
43.34730454223229,0.05128205128205128,0.004016064257028112,0.9993682125537873
43.38447085560027,0.05128205128205128,0.004016064257028112,0.9993682125537873
43.421637168968246,0.05128205128205128,0.004016064257028112,0.9993682125537873
43.45880348233622,0.05128205128205128,0.004016064257028112,0.9993682125537873
43.4959697957042,0.05263157894736842,0.004016064257028112,0.9993852878901714
43.533136109072174,0.05263157894736842,0.004016064257028112,0.9993852878901714
43.57030242244016,0.05263157894736842,0.004016064257028112,0.9993852878901714
43.60746873580813,0.05263157894736842,0.004016064257028112,0.9993852878901714
43.64463504917611,0.05405405405405406,0.004016064257028112,0.9994023632265555
43.681801362544086,0.05405405405405406,0.004016064257028112,0.9994023632265555
43.71896767591207,0.05405405405405406,0.004016064257028112,0.9994023632265555
43.756133989280045,0.05405405405405406,0.004016064257028112,0.9994023632265555
43.79330030264802,0.05405405405405406,0.004016064257028112,0.9994023632265555
43.830466616016,0.05405405405405406,0.004016064257028112,0.9994023632265555
43.86763292938397,0.05405405405405406,0.004016064257028112,0.9994023632265555
43.904799242751956,0.05405405405405406,0.004016064257028112,0.9994023632265555
43.94196555611993,0.05405405405405406,0.004016064257028112,0.9994023632265555
43.97913186948791,0.05405405405405406,0.004016064257028112,0.9994023632265555
44.016298182855884,0.05405405405405406,0.004016064257028112,0.9994023632265555
44.05346449622387,0.05555555555555555,0.004016064257028112,0.9994194385629397
44.09063080959184,0.05555555555555555,0.004016064257028112,0.9994194385629397
44.12779712295982,0.05555555555555555,0.004016064257028112,0.9994194385629397
44.164963436327795,0.05555555555555555,0.004016064257028112,0.9994194385629397
44.20212974969577,0.05714285714285714,0.004016064257028112,0.9994365138993239
44.239296063063755,0.05714285714285714,0.004016064257028112,0.9994365138993239
44.27646237643173,0.058823529411764705,0.004016064257028112,0.9994535892357079
44.31362868979971,0.058823529411764705,0.004016064257028112,0.9994535892357079
44.35079500316768,0.058823529411764705,0.004016064257028112,0.9994535892357079
44.387961316535666,0.06060606060606061,0.004016064257028112,0.9994706645720921
44.42512762990364,0.0625,0.004016064257028112,0.9994877399084762
44.46229394327162,0.0625,0.004016064257028112,0.9994877399084762
44.499460256639594,0.0625,0.004016064257028112,0.9994877399084762
44.53662657000757,0.0625,0.004016064257028112,0.9994877399084762
44.57379288337555,0.0625,0.004016064257028112,0.9994877399084762
44.61095919674353,0.0625,0.004016064257028112,0.9994877399084762
44.648125510111505,0.06451612903225806,0.004016064257028112,0.9995048152448603
44.68529182347948,0.06666666666666667,0.004016064257028112,0.9995218905812444
44.722458136847465,0.06666666666666667,0.004016064257028112,0.9995218905812444
44.75962445021544,0.07142857142857142,0.004016064257028112,0.9995560412540127
44.79679076358342,0.07142857142857142,0.004016064257028112,0.9995560412540127
44.83395707695139,0.07142857142857142,0.004016064257028112,0.9995560412540127
44.87112339031937,0.07142857142857142,0.004016064257028112,0.9995560412540127
44.90828970368735,0.07407407407407407,0.004016064257028112,0.9995731165903968
44.94545601705533,0.07407407407407407,0.004016064257028112,0.9995731165903968
44.982622330423304,0.07407407407407407,0.004016064257028112,0.9995731165903968
45.01978864379128,0.07407407407407407,0.004016064257028112,0.9995731165903968
45.05695495715926,0.07407407407407407,0.004016064257028112,0.9995731165903968
45.09412127052724,0.07407407407407407,0.004016064257028112,0.9995731165903968
45.131287583895215,0.07407407407407407,0.004016064257028112,0.9995731165903968
45.16845389726319,0.07407407407407407,0.004016064257028112,0.9995731165903968
45.20562021063117,0.07692307692307693,0.004016064257028112,0.999590191926781
45.24278652399915,0.07692307692307693,0.004016064257028112,0.999590191926781
45.27995283736713,0.07692307692307693,0.004016064257028112,0.999590191926781
45.3171191507351,0.07692307692307693,0.004016064257028112,0.999590191926781
45.35428546410308,0.07692307692307693,0.004016064257028112,0.999590191926781
45.39145177747106,0.07692307692307693,0.004016064257028112,0.999590191926781
45.42861809083904,0.07692307692307693,0.004016064257028112,0.999590191926781
45.465784404207014,0.07692307692307693,0.004016064257028112,0.999590191926781
45.50295071757499,0.07692307692307693,0.004016064257028112,0.999590191926781
45.540117030942966,0.07692307692307693,0.004016064257028112,0.999590191926781
45.57728334431095,0.07692307692307693,0.004016064257028112,0.999590191926781
45.614449657678925,0.07692307692307693,0.004016064257028112,0.999590191926781
45.6516159710469,0.07692307692307693,0.004016064257028112,0.999590191926781
45.68878228441488,0.07692307692307693,0.004016064257028112,0.999590191926781
45.72594859778286,0.07692307692307693,0.004016064257028112,0.999590191926781
45.763114911150836,0.07692307692307693,0.004016064257028112,0.999590191926781
45.80028122451881,0.07692307692307693,0.004016064257028112,0.999590191926781
45.83744753788679,0.07692307692307693,0.004016064257028112,0.999590191926781
45.874613851254765,0.08,0.004016064257028112,0.9996072672631651
45.91178016462275,0.08,0.004016064257028112,0.9996072672631651
45.948946477990724,0.08,0.004016064257028112,0.9996072672631651
45.9861127913587,0.08333333333333333,0.004016064257028112,0.9996243425995492
46.023279104726676,0.08333333333333333,0.004016064257028112,0.9996243425995492
46.06044541809466,0.08333333333333333,0.004016064257028112,0.9996243425995492
46.097611731462635,0.08333333333333333,0.004016064257028112,0.9996243425995492
46.13477804483061,0.08333333333333333,0.004016064257028112,0.9996243425995492
46.17194435819859,0.08333333333333333,0.004016064257028112,0.9996243425995492
46.20911067156656,0.08333333333333333,0.004016064257028112,0.9996243425995492
46.246276984934546,0.08333333333333333,0.004016064257028112,0.9996243425995492
46.28344329830252,0.08333333333333333,0.004016064257028112,0.9996243425995492
46.3206096116705,0.08333333333333333,0.004016064257028112,0.9996243425995492
46.357775925038474,0.08333333333333333,0.004016064257028112,0.9996243425995492
46.39494223840646,0.08333333333333333,0.004016064257028112,0.9996243425995492
46.432108551774434,0.08333333333333333,0.004016064257028112,0.9996243425995492
46.46927486514241,0.08333333333333333,0.004016064257028112,0.9996243425995492
46.506441178510386,0.08333333333333333,0.004016064257028112,0.9996243425995492
46.54360749187836,0.08333333333333333,0.004016064257028112,0.9996243425995492
46.580773805246345,0.08333333333333333,0.004016064257028112,0.9996243425995492
46.61794011861432,0.08333333333333333,0.004016064257028112,0.9996243425995492
46.6551064319823,0.08695652173913043,0.004016064257028112,0.9996414179359333
46.69227274535027,0.045454545454545456,0.002008032128514056,0.9996414179359333
46.729439058718256,0.045454545454545456,0.002008032128514056,0.9996414179359333
46.76660537208623,0.047619047619047616,0.002008032128514056,0.9996584932723175
46.80377168545421,0.047619047619047616,0.002008032128514056,0.9996584932723175
46.840937998822184,0.047619047619047616,0.002008032128514056,0.9996584932723175
46.87810431219016,0.047619047619047616,0.002008032128514056,0.9996584932723175
46.91527062555814,0.05,0.002008032128514056,0.9996755686087015
46.95243693892612,0.05,0.002008032128514056,0.9996755686087015
46.989603252294096,0.05,0.002008032128514056,0.9996755686087015
47.02676956566207,0.05,0.002008032128514056,0.9996755686087015
47.063935879030055,0.05,0.002008032128514056,0.9996755686087015
47.10110219239803,0.05,0.002008032128514056,0.9996755686087015
47.13826850576601,0.05263157894736842,0.002008032128514056,0.9996926439450857
47.17543481913398,0.05555555555555555,0.002008032128514056,0.9997097192814699
47.21260113250196,0.05555555555555555,0.002008032128514056,0.9997097192814699
47.24976744586994,0.05555555555555555,0.002008032128514056,0.9997097192814699
47.28693375923792,0.058823529411764705,0.002008032128514056,0.999726794617854
47.324100072605894,0.058823529411764705,0.002008032128514056,0.999726794617854
47.36126638597387,0.058823529411764705,0.002008032128514056,0.999726794617854
47.39843269934185,0.058823529411764705,0.002008032128514056,0.999726794617854
47.43559901270983,0.058823529411764705,0.002008032128514056,0.999726794617854
47.472765326077806,0.0625,0.002008032128514056,0.9997438699542381
47.50993163944578,0.0625,0.002008032128514056,0.9997438699542381
47.54709795281376,0.0625,0.002008032128514056,0.9997438699542381
47.58426426618174,0.0625,0.002008032128514056,0.9997438699542381
47.62143057954972,0.0625,0.002008032128514056,0.9997438699542381
47.65859689291769,0.0625,0.002008032128514056,0.9997438699542381
47.69576320628567,0.0625,0.002008032128514056,0.9997438699542381
47.73292951965365,0.0625,0.002008032128514056,0.9997438699542381
47.77009583302163,0.0625,0.002008032128514056,0.9997438699542381
47.807262146389604,0.0625,0.002008032128514056,0.9997438699542381
47.84442845975758,0.06666666666666667,0.002008032128514056,0.9997609452906222
47.881594773125556,0.06666666666666667,0.002008032128514056,0.9997609452906222
47.91876108649354,0.07142857142857142,0.002008032128514056,0.9997780206270064
47.955927399861515,0.07142857142857142,0.002008032128514056,0.9997780206270064
47.99309371322949,0.07142857142857142,0.002008032128514056,0.9997780206270064
48.03026002659747,0.07142857142857142,0.002008032128514056,0.9997780206270064
48.06742633996545,0.07142857142857142,0.002008032128514056,0.9997780206270064
48.10459265333343,0.07142857142857142,0.002008032128514056,0.9997780206270064
48.1417589667014,0.07142857142857142,0.002008032128514056,0.9997780206270064
48.17892528006938,0.07142857142857142,0.002008032128514056,0.9997780206270064
48.216091593437355,0.0,0.0,0.9997780206270064
48.25325790680534,0.0,0.0,0.9997780206270064
48.290424220173314,0.0,0.0,0.9997780206270064
48.32759053354129,0.0,0.0,0.9997780206270064
48.364756846909266,0.0,0.0,0.9997780206270064
48.40192316027725,0.0,0.0,0.9997780206270064
48.439089473645225,0.0,0.0,0.9997780206270064
48.4762557870132,0.0,0.0,0.9997780206270064
48.51342210038118,0.0,0.0,0.9997780206270064
48.55058841374915,0.0,0.0,0.9997780206270064
48.58775472711714,0.0,0.0,0.9997780206270064
48.62492104048511,0.0,0.0,0.9997780206270064
48.66208735385309,0.0,0.0,0.9997780206270064
48.699253667221065,0.0,0.0,0.9997780206270064
48.73641998058905,0.0,0.0,0.9997950959633904
48.773586293957024,0.0,0.0,0.9997950959633904
48.810752607325,0.0,0.0,0.9997950959633904
48.847918920692976,0.0,0.0,0.9997950959633904
48.88508523406096,0.0,0.0,0.9997950959633904
48.922251547428935,0.0,0.0,0.9998121712997746
48.95941786079691,0.0,0.0,0.9998121712997746
48.99658417416489,0.0,0.0,0.9998121712997746
49.03375048753286,0.0,0.0,0.9998121712997746
49.07091680090085,0.0,0.0,0.9998121712997746
49.10808311426882,0.0,0.0,0.9998121712997746
49.1452494276368,0.0,0.0,0.9998121712997746
49.182415741004775,0.0,0.0,0.9998121712997746
49.21958205437276,0.0,0.0,0.9998121712997746
49.256748367740734,0.0,0.0,0.9998121712997746
49.29391468110871,0.0,0.0,0.9998121712997746
49.331080994476686,0.0,0.0,0.9998292466361587
49.36824730784466,0.0,0.0,0.9998292466361587
49.405413621212645,0.0,0.0,0.9998292466361587
49.44257993458062,0.0,0.0,0.9998292466361587
49.4797462479486,0.0,0.0,0.9998292466361587
49.51691256131657,0.0,0.0,0.9998292466361587
49.554078874684556,0.0,0.0,0.9998292466361587
49.59124518805253,0.0,0.0,0.9998292466361587
49.62841150142051,0.0,0.0,0.9998292466361587
49.665577814788485,0.0,0.0,0.9998292466361587
49.70274412815646,0.0,0.0,0.9998292466361587
49.739910441524444,0.0,0.0,0.9998463219725429
49.77707675489242,0.0,0.0,0.999863397308927
49.814243068260396,0.0,0.0,0.999863397308927
49.85140938162837,0.0,0.0,0.999863397308927
49.888575694996355,0.0,0.0,0.999863397308927
49.92574200836433,0.0,0.0,0.999863397308927
49.96290832173231,0.0,0.0,0.9998804726453111
50.00007463510028,0.0,0.0,0.9998804726453111
50.03724094846826,0.0,0.0,0.9998804726453111
50.07440726183624,0.0,0.0,0.9998804726453111
50.11157357520422,0.0,0.0,0.9998804726453111
50.148739888572194,0.0,0.0,0.9998804726453111
50.18590620194017,0.0,0.0,0.9998804726453111
50.223072515308154,0.0,0.0,0.9998804726453111
50.26023882867613,0.0,0.0,0.9998804726453111
50.297405142044106,0.0,0.0,0.9998804726453111
50.33457145541208,0.0,0.0,0.9998804726453111
50.37173776878006,0.0,0.0,0.9998804726453111
50.40890408214804,0.0,0.0,0.9998804726453111
50.44607039551602,0.0,0.0,0.9998804726453111
50.48323670888399,0.0,0.0,0.9998804726453111
50.52040302225197,0.0,0.0,0.9998804726453111
50.55756933561995,0.0,0.0,0.9998804726453111
50.59473564898793,0.0,0.0,0.9998804726453111
50.631901962355904,0.0,0.0,0.9998804726453111
50.66906827572388,0.0,0.0,0.9998804726453111
50.70623458909186,0.0,0.0,0.9998804726453111
50.74340090245984,0.0,0.0,0.9998804726453111
50.780567215827816,0.0,0.0,0.9998804726453111
50.81773352919579,0.0,0.0,0.9998804726453111
50.85489984256377,0.0,0.0,0.9998804726453111
50.892066155931744,0.0,0.0,0.9998804726453111
50.92923246929972,0.0,0.0,0.9998804726453111
50.966398782667696,0.0,0.0,0.9998804726453111
51.003565096035686,0.0,0.0,0.9998804726453111
51.04073140940366,0.0,0.0,0.9998804726453111
51.07789772277164,0.0,0.0,0.9998804726453111
51.115064036139614,0.0,0.0,0.9998804726453111
51.15223034950759,0.0,0.0,0.9998804726453111
51.189396662875566,0.0,0.0,0.9998804726453111
51.22656297624354,0.0,0.0,0.9998804726453111
51.26372928961152,0.0,0.0,0.9998804726453111
51.300895602979494,0.0,0.0,0.9998804726453111
51.338061916347485,0.0,0.0,0.9998804726453111
51.37522822971546,0.0,0.0,0.9998804726453111
51.41239454308344,0.0,0.0,0.9998804726453111
51.44956085645141,0.0,0.0,0.9998804726453111
51.48672716981939,0.0,0.0,0.9998804726453111
51.523893483187365,0.0,0.0,0.9998804726453111
51.56105979655534,0.0,0.0,0.9998804726453111
51.59822610992332,0.0,0.0,0.9998804726453111
51.63539242329129,0.0,0.0,0.9998804726453111
51.67255873665928,0.0,0.0,0.9998804726453111
51.70972505002726,0.0,0.0,0.9998804726453111
51.746891363395235,0.0,0.0,0.9998804726453111
51.78405767676321,0.0,0.0,0.9998804726453111
51.82122399013119,0.0,0.0,0.9998804726453111
51.858390303499164,0.0,0.0,0.9998804726453111
51.89555661686714,0.0,0.0,0.9998804726453111
51.932722930235116,0.0,0.0,0.9998804726453111
51.96988924360309,0.0,0.0,0.9998804726453111
52.00705555697108,0.0,0.0,0.9998804726453111
52.04422187033906,0.0,0.0,0.9998804726453111
52.081388183707034,0.0,0.0,0.9998804726453111
52.11855449707501,0.0,0.0,0.9998804726453111
52.155720810442986,0.0,0.0,0.9998804726453111
52.19288712381096,0.0,0.0,0.9998804726453111
52.23005343717894,0.0,0.0,0.9998804726453111
52.267219750546914,0.0,0.0,0.9998804726453111
52.30438606391489,0.0,0.0,0.9998804726453111
52.34155237728288,0.0,0.0,0.9998804726453111
52.37871869065086,0.0,0.0,0.9998804726453111
52.41588500401883,0.0,0.0,0.9998804726453111
52.45305131738681,0.0,0.0,0.9998804726453111
52.490217630754785,0.0,0.0,0.9998804726453111
52.52738394412276,0.0,0.0,0.9998804726453111
52.56455025749074,0.0,0.0,0.9998804726453111
52.60171657085871,0.0,0.0,0.9998804726453111
52.63888288422669,0.0,0.0,0.9998804726453111
52.67604919759468,0.0,0.0,0.9998975479816953
52.713215510962655,0.0,0.0,0.9999146233180793
52.75038182433063,0.0,0.0,0.9999146233180793
52.78754813769861,0.0,0.0,0.9999146233180793
52.82471445106658,0.0,0.0,0.9999146233180793
52.86188076443456,0.0,0.0,0.9999146233180793
52.899047077802535,0.0,0.0,0.9999146233180793
52.93621339117051,0.0,0.0,0.9999146233180793
52.97337970453849,0.0,0.0,0.9999146233180793
53.01054601790648,0.0,0.0,0.9999146233180793
53.047712331274454,0.0,0.0,0.9999146233180793
53.08487864464243,0.0,0.0,0.9999146233180793
53.122044958010406,0.0,0.0,0.9999146233180793
53.15921127137838,0.0,0.0,0.9999146233180793
53.19637758474636,0.0,0.0,0.9999146233180793
53.233543898114334,0.0,0.0,0.9999146233180793
53.27071021148231,0.0,0.0,0.9999146233180793
53.3078765248503,0.0,0.0,0.9999146233180793
53.345042838218276,0.0,0.0,0.9999146233180793
53.38220915158625,0.0,0.0,0.9999146233180793
53.41937546495423,0.0,0.0,0.9999146233180793
53.456541778322205,0.0,0.0,0.9999146233180793
53.49370809169018,0.0,0.0,0.9999146233180793
53.53087440505816,0.0,0.0,0.9999146233180793
53.56804071842613,0.0,0.0,0.9999146233180793
53.60520703179411,0.0,0.0,0.9999146233180793
53.6423733451621,0.0,0.0,0.9999146233180793
53.679539658530075,0.0,0.0,0.9999146233180793
53.71670597189805,0.0,0.0,0.9999146233180793
53.75387228526603,0.0,0.0,0.9999146233180793
53.791038598634,0.0,0.0,0.9999146233180793
53.82820491200198,0.0,0.0,0.9999146233180793
53.865371225369955,0.0,0.0,0.9999146233180793
53.90253753873793,0.0,0.0,0.9999146233180793
53.93970385210591,0.0,0.0,0.9999146233180793
53.9768701654739,0.0,0.0,0.9999146233180793
54.014036478841874,0.0,0.0,0.9999146233180793
54.05120279220985,0.0,0.0,0.9999146233180793
54.088369105577826,0.0,0.0,0.9999146233180793
54.1255354189458,0.0,0.0,0.9999316986544635
54.16270173231378,0.0,0.0,0.9999316986544635
54.199868045681754,0.0,0.0,0.9999316986544635
54.23703435904973,0.0,0.0,0.9999316986544635
54.274200672417706,0.0,0.0,0.9999316986544635
54.311366985785696,0.0,0.0,0.9999316986544635
54.34853329915367,0.0,0.0,0.9999316986544635
54.38569961252165,0.0,0.0,0.9999316986544635
54.422865925889624,0.0,0.0,0.9999316986544635
54.4600322392576,0.0,0.0,0.9999316986544635
54.497198552625576,0.0,0.0,0.9999316986544635
54.53436486599355,0.0,0.0,0.9999316986544635
54.57153117936153,0.0,0.0,0.9999316986544635
54.608697492729505,0.0,0.0,0.9999316986544635
54.645863806097495,0.0,0.0,0.9999316986544635
54.68303011946547,0.0,0.0,0.9999316986544635
54.72019643283345,0.0,0.0,0.9999316986544635
54.75736274620142,0.0,0.0,0.9999316986544635
54.7945290595694,0.0,0.0,0.9999316986544635
54.831695372937375,0.0,0.0,0.9999316986544635
54.86886168630535,0.0,0.0,0.9999316986544635
54.90602799967333,0.0,0.0,0.9999487739908476
54.9431943130413,0.0,0.0,0.9999487739908476
54.98036062640929,0.0,0.0,0.9999487739908476
55.01752693977727,0.0,0.0,0.9999487739908476
55.054693253145246,0.0,0.0,0.9999487739908476
55.09185956651322,0.0,0.0,0.9999487739908476
55.1290258798812,0.0,0.0,0.9999487739908476
55.166192193249174,0.0,0.0,0.9999487739908476
55.20335850661715,0.0,0.0,0.9999487739908476
55.240524819985126,0.0,0.0,0.9999487739908476
55.2776911333531,0.0,0.0,0.9999487739908476
55.31485744672109,0.0,0.0,0.9999487739908476
55.35202376008907,0.0,0.0,0.9999487739908476
55.389190073457044,0.0,0.0,0.9999487739908476
55.42635638682502,0.0,0.0,0.9999487739908476
55.463522700192996,0.0,0.0,0.9999487739908476
55.50068901356097,0.0,0.0,0.9999487739908476
55.53785532692895,0.0,0.0,0.9999487739908476
55.575021640296924,0.0,0.0,0.9999487739908476
55.6121879536649,0.0,0.0,0.9999487739908476
55.64935426703289,0.0,0.0,0.9999487739908476
55.68652058040087,0.0,0.0,0.9999487739908476
55.72368689376884,0.0,0.0,0.9999487739908476
55.76085320713682,0.0,0.0,0.9999487739908476
55.798019520504795,0.0,0.0,0.9999487739908476
55.83518583387277,0.0,0.0,0.9999487739908476
55.87235214724075,0.0,0.0,0.9999487739908476
55.90951846060872,0.0,0.0,0.9999487739908476
55.9466847739767,0.0,0.0,0.9999487739908476
55.98385108734469,0.0,0.0,0.9999487739908476
56.021017400712665,0.0,0.0,0.9999487739908476
56.05818371408064,0.0,0.0,0.9999487739908476
56.09535002744862,0.0,0.0,0.9999487739908476
56.13251634081659,0.0,0.0,0.9999487739908476
56.16968265418457,0.0,0.0,0.9999487739908476
56.206848967552546,0.0,0.0,0.9999487739908476
56.24401528092052,0.0,0.0,0.9999487739908476
56.2811815942885,0.0,0.0,0.9999487739908476
56.31834790765649,0.0,0.0,0.9999487739908476
56.355514221024464,0.0,0.0,0.9999487739908476
56.39268053439244,0.0,0.0,0.9999487739908476
56.429846847760416,0.0,0.0,0.9999487739908476
56.46701316112839,0.0,0.0,0.9999487739908476
56.50417947449637,0.0,0.0,0.9999487739908476
56.541345787864344,0.0,0.0,0.9999487739908476
56.57851210123232,0.0,0.0,0.9999487739908476
56.615678414600296,0.0,0.0,0.9999487739908476
56.65284472796829,0.0,0.0,0.9999487739908476
56.69001104133626,0.0,0.0,0.9999487739908476
56.72717735470424,0.0,0.0,0.9999487739908476
56.764343668072215,0.0,0.0,0.9999487739908476
56.80150998144019,0.0,0.0,0.9999487739908476
56.83867629480817,0.0,0.0,0.9999487739908476
56.87584260817614,0.0,0.0,0.9999658493272318
56.91300892154412,0.0,0.0,0.9999658493272318
56.950175234912095,0.0,0.0,0.9999658493272318
56.987341548280085,0.0,0.0,0.9999658493272318
57.02450786164806,0.0,0.0,0.9999658493272318
57.06167417501604,0.0,0.0,0.9999658493272318
57.09884048838401,0.0,0.0,0.9999658493272318
57.13600680175199,0.0,0.0,0.9999658493272318
57.173173115119965,0.0,0.0,0.9999658493272318
57.21033942848794,0.0,0.0,0.9999658493272318
57.24750574185592,0.0,0.0,0.9999658493272318
57.28467205522389,0.0,0.0,0.9999658493272318
57.321838368591884,0.0,0.0,0.9999658493272318
57.35900468195986,0.0,0.0,0.9999658493272318
57.396170995327836,0.0,0.0,0.9999658493272318
57.43333730869581,0.0,0.0,0.9999658493272318
57.47050362206379,0.0,0.0,0.9999658493272318
57.507669935431764,0.0,0.0,0.9999658493272318
57.54483624879974,0.0,0.0,0.9999658493272318
57.582002562167716,0.0,0.0,0.9999658493272318
57.61916887553569,0.0,0.0,0.9999658493272318
57.65633518890368,0.0,0.0,0.9999658493272318
57.69350150227166,0.0,0.0,0.9999658493272318
57.730667815639634,0.0,0.0,0.9999658493272318
57.76783412900761,0.0,0.0,0.9999658493272318
57.80500044237559,0.0,0.0,0.9999658493272318
57.84216675574356,0.0,0.0,0.9999658493272318
57.87933306911154,0.0,0.0,0.9999658493272318
57.916499382479515,0.0,0.0,0.9999658493272318
57.95366569584749,0.0,0.0,0.9999658493272318
57.99083200921548,0.0,0.0,0.9999829246636158
58.02799832258346,0.0,0.0,0.9999829246636158
58.06516463595143,0.0,0.0,0.9999829246636158
58.10233094931941,0.0,0.0,0.9999829246636158
58.139497262687385,0.0,0.0,0.9999829246636158
58.17666357605536,0.0,0.0,0.9999829246636158
58.21382988942334,0.0,0.0,0.9999829246636158
58.25099620279131,0.0,0.0,0.9999829246636158
58.28816251615929,0.0,0.0,0.9999829246636158
58.32532882952728,0.0,0.0,0.9999829246636158
58.362495142895256,0.0,0.0,0.9999829246636158
58.39966145626323,0.0,0.0,0.9999829246636158
58.43682776963121,0.0,0.0,0.9999829246636158
58.473994082999184,0.0,0.0,0.9999829246636158
58.51116039636716,0.0,0.0,0.9999829246636158
58.548326709735136,0.0,0.0,0.9999829246636158
58.58549302310311,0.0,0.0,0.9999829246636158
58.62265933647109,0.0,0.0,0.9999829246636158
58.65982564983908,0.0,0.0,0.9999829246636158
58.696991963207054,0.0,0.0,0.9999829246636158
58.73415827657503,0.0,0.0,0.9999829246636158
58.771324589943006,0.0,0.0,0.9999829246636158
58.80849090331098,0.0,0.0,0.9999829246636158
58.84565721667896,0.0,0.0,0.9999829246636158
58.882823530046934,0.0,0.0,0.9999829246636158
58.91998984341491,0.0,0.0,0.9999829246636158
58.95715615678289,0.0,0.0,0.9999829246636158
58.99432247015088,0.0,0.0,0.9999829246636158
59.03148878351885,0.0,0.0,0.9999829246636158
59.06865509688683,0.0,0.0,0.9999829246636158
59.105821410254805,0.0,0.0,0.9999829246636158
59.14298772362278,0.0,0.0,0.9999829246636158
59.18015403699076,0.0,0.0,0.9999829246636158
59.21732035035873,0.0,0.0,0.9999829246636158
59.25448666372671,0.0,0.0,0.9999829246636158
59.291652977094685,0.0,0.0,0.9999829246636158
59.328819290462675,0.0,0.0,0.9999829246636158
59.36598560383065,0.0,0.0,0.9999829246636158
59.40315191719863,0.0,0.0,0.9999829246636158
59.440318230566604,0.0,0.0,0.9999829246636158
59.47748454393458,0.0,0.0,0.9999829246636158
59.514650857302556,0.0,0.0,0.9999829246636158
59.55181717067053,0.0,0.0,0.9999829246636158
59.58898348403851,0.0,0.0,0.9999829246636158
59.626149797406484,0.0,0.0,0.9999829246636158
59.663316110774474,0.0,0.0,0.9999829246636158
59.70048242414245,0.0,0.0,0.9999829246636158
59.737648737510426,0.0,0.0,0.9999829246636158
59.7748150508784,0.0,0.0,0.9999829246636158
59.81198136424638,0.0,0.0,0.9999829246636158
59.849147677614354,0.0,0.0,0.9999829246636158
59.88631399098233,0.0,0.0,0.9999829246636158
59.923480304350306,0.0,0.0,0.9999829246636158
59.96064661771828,0.0,0.0,0.9999829246636158
59.99781293108627,0.0,0.0,0.9999829246636158
60.03497924445425,0.0,0.0,0.9999829246636158
60.072145557822225,0.0,0.0,0.9999829246636158
60.1093118711902,0.0,0.0,0.9999829246636158
60.14647818455818,0.0,0.0,0.9999829246636158
60.18364449792615,0.0,0.0,0.9999829246636158
60.22081081129413,0.0,0.0,0.9999829246636158
60.257977124662105,0.0,0.0,0.9999829246636158
60.29514343803008,0.0,0.0,0.9999829246636158
60.33230975139807,0.0,0.0,0.9999829246636158
60.36947606476605,0.0,0.0,0.9999829246636158
60.40664237813402,0.0,0.0,0.9999829246636158
60.443808691502,0.0,0.0,0.9999829246636158
60.480975004869975,0.0,0.0,0.9999829246636158
60.51814131823795,0.0,0.0,0.9999829246636158
60.55530763160593,0.0,0.0,0.9999829246636158
60.592473944973904,0.0,0.0,0.9999829246636158
60.62964025834188,0.0,0.0,0.9999829246636158
60.66680657170987,0.0,0.0,0.9999829246636158
60.703972885077846,0.0,0.0,0.9999829246636158
60.74113919844582,0.0,0.0,0.9999829246636158
60.7783055118138,0.0,0.0,0.9999829246636158
60.815471825181774,0.0,0.0,0.9999829246636158
60.85263813854975,0.0,0.0,0.9999829246636158
60.889804451917726,0.0,0.0,0.9999829246636158
60.9269707652857,0.0,0.0,0.9999829246636158
60.96413707865368,0.0,0.0,0.9999829246636158
61.001303392021676,0.0,0.0,0.9999829246636158
