Threshold,Precision,Recall,Specificity
-13.018965904599131,0.007839219802918967,1.0,0.0
-12.988227609240083,0.007839352533820964,1.0,1.706513763033499e-05
-12.957489313881034,0.007839352533820964,1.0,1.706513763033499e-05
-12.926751018521985,0.007839352533820964,1.0,1.706513763033499e-05
-12.896012723162936,0.007839352533820964,1.0,1.706513763033499e-05
-12.865274427803888,0.007839352533820964,1.0,1.706513763033499e-05
-12.834536132444839,0.007839352533820964,1.0,1.706513763033499e-05
-12.803797837085789,0.007839352533820964,1.0,1.706513763033499e-05
-12.77305954172674,0.007839352533820964,1.0,1.706513763033499e-05
-12.742321246367691,0.007839352533820964,1.0,1.706513763033499e-05
-12.711582951008642,0.007839352533820964,1.0,1.706513763033499e-05
-12.680844655649594,0.007839352533820964,1.0,1.706513763033499e-05
-12.650106360290545,0.007839352533820964,1.0,1.706513763033499e-05
-12.619368064931496,0.007839352533820964,1.0,1.706513763033499e-05
-12.588629769572448,0.007839352533820964,1.0,1.706513763033499e-05
-12.557891474213399,0.007839352533820964,1.0,1.706513763033499e-05
-12.52715317885435,0.007839352533820964,1.0,1.706513763033499e-05
-12.496414883495301,0.007839352533820964,1.0,1.706513763033499e-05
-12.465676588136253,0.007839352533820964,1.0,1.706513763033499e-05
-12.434938292777204,0.007839352533820964,1.0,1.706513763033499e-05
-12.404199997418154,0.007839352533820964,1.0,1.706513763033499e-05
-12.373461702059105,0.007839352533820964,1.0,1.706513763033499e-05
-12.342723406700056,0.007839352533820964,1.0,1.706513763033499e-05
-12.311985111341007,0.007839352533820964,1.0,1.706513763033499e-05
-12.281246815981959,0.007839485269217746,1.0,3.413027526066998e-05
-12.25050852062291,0.007839485269217746,1.0,3.413027526066998e-05
-12.219770225263861,0.007839485269217746,1.0,3.413027526066998e-05
-12.189031929904813,0.007839485269217746,1.0,3.413027526066998e-05
-12.158293634545764,0.007839485269217746,1.0,3.413027526066998e-05
-12.127555339186715,0.007839618009109534,1.0,5.119541289100497e-05
-12.096817043827667,0.007839618009109534,1.0,5.119541289100497e-05
-12.066078748468618,0.007839618009109534,1.0,5.119541289100497e-05
-12.03534045310957,0.007839750753496563,1.0,6.826055052133995e-05
-12.004602157750519,0.007839750753496563,1.0,6.826055052133995e-05
-11.97386386239147,0.007839883502379057,1.0,8.532568815167494e-05
-11.943125567032421,0.007839883502379057,1.0,8.532568815167494e-05
-11.912387271673373,0.007839883502379057,1.0,8.532568815167494e-05
-11.881648976314324,0.007839883502379057,1.0,8.532568815167494e-05
-11.850910680955275,0.007839883502379057,1.0,8.532568815167494e-05
-11.820172385596226,0.007840016255757247,1.0,0.00010239082578200994
-11.789434090237178,0.007840016255757247,1.0,0.00010239082578200994
-11.758695794878129,0.007840149013631361,1.0,0.00011945596341234492
-11.72795749951908,0.007840281776001625,1.0,0.0001365211010426799
-11.697219204160032,0.007840414542868272,1.0,0.0001535862386730149
-11.666480908800981,0.007840414542868272,1.0,0.0001535862386730149
-11.635742613441934,0.007840547314231524,1.0,0.00017065137630334988
-11.605004318082884,0.007840547314231524,1.0,0.00017065137630334988
-11.574266022723835,0.007840547314231524,1.0,0.00017065137630334988
-11.543527727364786,0.007840680090091616,1.0,0.00018771651393368488
-11.512789432005738,0.007840812870448773,1.0,0.00020478165156401988
-11.482051136646689,0.007840945655303223,1.0,0.00022184678919435485
-11.45131284128764,0.007840945655303223,1.0,0.00022184678919435485
-11.420574545928591,0.007841078444655196,1.0,0.00023891192682468985
-11.389836250569543,0.007841078444655196,1.0,0.00023891192682468985
-11.359097955210494,0.007841078444655196,1.0,0.00023891192682468985
-11.328359659851445,0.007841078444655196,1.0,0.00023891192682468985
-11.297621364492397,0.007841344036852623,1.0,0.0002730422020853598
-11.266883069133346,0.007841476839698535,1.0,0.0002901073397156948
-11.2361447737743,0.007841476839698535,1.0,0.0002901073397156948
-11.205406478415249,0.007841609647042884,1.0,0.0003071724773460298
-11.1746681830562,0.007841609647042884,1.0,0.0003071724773460298
-11.143929887697151,0.007841742458885897,1.0,0.00032423761497636476
-11.113191592338103,0.007841742458885897,1.0,0.00032423761497636476
-11.082453296979054,0.007842140921409214,1.0,0.00037543302786736976
-11.051715001620005,0.007842140921409214,1.0,0.00037543302786736976
-11.020976706260956,0.007842539424428748,1.0,0.0004266284407583747
-10.990238410901908,0.00784267226776882,1.0,0.0004436935783887097
-10.959500115542859,0.007842937967950672,1.0,0.0004778238536493797
-10.92876182018381,0.007843070824792912,1.0,0.0004948889912797146
-10.898023524824762,0.00784346942232763,1.0,0.0005460844041707196
-10.867285229465711,0.007843868060379148,1.0,0.0005972798170617246
-10.836546934106664,0.007844399640817986,1.0,0.0006655403675830645
-10.805808638747614,0.007845064217696296,1.0,0.0007508660557347395
-10.775070343388565,0.00784559596028061,1.0,0.0008191266062560795
-10.744332048029516,0.00784586185860503,1.0,0.0008532568815167494
-10.713593752670468,0.007846526683274865,1.0,0.0009385825696684244
-10.682855457311419,0.007847058624137756,1.0,0.0010068431201897643
-10.65211716195237,0.007847590637129443,1.0,0.0010751036707111043
-10.621378866593322,0.007848122722264598,1.0,0.0011433642212324443
-10.590640571234273,0.007848255754822524,1.0,0.0011604293588627793
-10.559902275875224,0.007848388791890563,1.0,0.0011774944964931143
-10.529163980516175,0.007849054044890487,1.0,0.0012628201846447893
-10.498425685157127,0.007849320177669277,1.0,0.001296950459905459
-10.467687389798076,0.007849453250826482,1.0,0.001314015597535794
-10.43694909443903,0.007849985588579373,1.0,0.001382276148057134
-10.406210799079979,0.007850384889280748,1.0,0.001433471560948139
-10.37547250372093,0.00785105048072847,1.0,0.001518797249099814
-10.344734208361881,0.007851449889774462,1.0,0.001569992661990819
-10.313995913002833,0.007851982498388902,1.0,0.001638253212512159
-10.283257617643784,0.00785291473735986,1.0,0.0017577091759245038
-10.252519322284735,0.00785384719772018,1.0,0.0018771651393368488
-10.221781026925687,0.007854913137893594,1.0,0.0020136862403795286
-10.191042731566638,0.007855579497446512,1.0,0.0020990119285312038
-10.16030443620759,0.007856912555787472,1.0,0.0022696633048345533
-10.12956614084854,0.007857445905812473,1.0,0.0023379238553558933
-10.098827845489492,0.007858646208160772,1.0,0.0024915100940289085
-10.068089550130441,0.007859580030216097,1.0,0.0026109660574412533
-10.037351254771394,0.0078609144467648,1.0,0.0027816174337446033
-10.006612959412344,0.007862249316510724,1.0,0.002952268810047953
-9.975874664053295,0.007863451086956522,1.0,0.003105855048720968
-9.945136368694246,0.007864519635820084,1.0,0.003242376149763648
-9.914398073335198,0.007866256647241714,1.0,0.003464222938958003
-9.883659777976149,0.007868930471286052,1.0,0.0038055256915647023
-9.8529214826171,0.007871606113670753,1.0,0.004146828444171402
-9.822183187258052,0.007873881840753716,1.0,0.004436935783887097
-9.791444891899003,0.007876024903888681,1.0,0.004709977985972457
-9.760706596539954,0.007878973521203458,1.0,0.005085411013839827
-9.729968301180905,0.007880448657940872,1.0,0.005273127527773511
-9.699230005821857,0.007882863709883375,1.0,0.005580300005119541
-9.668491710462806,0.00788608608267616,1.0,0.005989863308247581
-9.63775341510376,0.007889579960807701,1.0,0.00643355688663629
-9.607015119744709,0.007892269666751897,1.0,0.00677485963924299
-9.57627682438566,0.007894961207264047,1.0,0.00711616239184969
-9.545538529026611,0.007898328215626067,1.0,0.007542790832608065
-9.514800233667563,0.007901428400771371,1.0,0.00793528899810577
-9.484061938308514,0.007907365976124195,1.0,0.00868615505384051
-9.453323642949465,0.007911013908348426,1.0,0.009146913769859554
-9.422585347590417,0.00791574772187174,1.0,0.009744193586921279
-9.391847052231368,0.007919267938082614,1.0,0.010187887165309988
-9.36110875687232,0.007923740416210296,1.0,0.010751036707111044
-9.330370461513269,0.007927674948204715,1.0,0.011245925698390757
-9.299632166154222,0.007932292826671692,1.0,0.011826140377822147
-9.268893870795171,0.007936916088111768,1.0,0.012406355057253536
-9.238155575436124,0.007943861093953744,1.0,0.01327667707640062
-9.207417280077074,0.007949316667811276,1.0,0.01395928258161402
-9.176678984718025,0.00795546315228784,1.0,0.014727213774979096
-9.145940689358977,0.007961619149155691,1.0,0.01549514496834417
-9.115202393999928,0.007967647564963001,1.0,0.01624601102407891
-9.08446409864088,0.007974371781402319,1.0,0.017082202767965324
-9.05372580328183,0.007980557087699945,1.0,0.017850133961330398
-9.022987507922782,0.007987716513698158,1.0,0.01873752111810782
-8.992249212563733,0.007994888796795137,1.0,0.019624908274885236
-8.961510917204684,0.008002903861444326,1.0,0.020614686257444666
-8.930772621845634,0.00801038062283737,1.0,0.021536203689482756
-8.900034326486587,0.008017316017316017,1.0,0.022389460570999505
-8.869296031127536,0.008025237030488968,1.0,0.0233621734159286
-8.83855773576849,0.008031780175554245,1.0,0.024164234884554343
-8.807819440409439,0.008040986453629733,1.0,0.025290533968156455
-8.77708114505039,0.008050213860972981,1.0,0.026416833051758563
-8.746342849691342,0.008061286671889963,1.0,0.027764978924555025
-8.715604554332293,0.00807168633740695,1.0,0.029027799109199816
-8.684866258973244,0.008082112870284706,1.0,0.030290619293844606
-8.654127963614195,0.008091152159096867,1.0,0.031382788102186046
-8.623389668255147,0.00808370660694289,0.9978401727861771,0.03257734773630949
-8.592651372896098,0.008077516119988786,0.9956803455723542,0.033925493609105954
-8.56191307753705,0.008089706243638788,0.9956803455723542,0.035393095445314764
-8.531174782177999,0.0081030724882233,0.9956803455723542,0.036997218382566255
-8.500436486818952,0.008113625963603084,0.9956803455723542,0.038260038567211045
-8.469698191459901,0.008125209299046478,0.9956803455723542,0.039642314715268176
-8.438959896100855,0.008138262189739787,0.9956803455723542,0.041195242239628664
-8.408221600741804,0.008133819004844927,0.9935205183585313,0.042748169763989145
-8.377483305382755,0.008128209668850717,0.9913606911447084,0.04416457618730695
-8.346745010023707,0.008124889125421324,0.9892008639308856,0.045854024812710115
-8.316006714664658,0.008136291769554636,0.9892008639308856,0.04720217068550658
-8.28526841930561,0.008151206663344486,0.9892008639308856,0.048959879861431084
-8.25453012394656,0.008147619896594759,0.9870410367170627,0.05061519821157358
-8.223791828587512,0.008145184338382395,0.9848812095032398,0.05240703766275875
-8.193053533228461,0.008160635670568022,0.9848812095032398,0.05421594225157426
-8.162315237869414,0.008175999139368511,0.9848812095032398,0.056007781702759434
-8.131576942510364,0.008190537773466969,0.9848812095032398,0.057697230328162596
-8.100838647151317,0.008206014144577013,0.9848812095032398,0.05948906977934777
-8.070100351792266,0.008207514836661435,0.9827213822894169,0.061724602808921655
-8.03936205643322,0.008225022144290389,0.9827213822894169,0.06373828904930118
-8.008623761074169,0.008223147980438326,0.980561555075594,0.06558132391337736
-7.97788546571512,0.008244651872298695,0.980561555075594,0.0680387037321456
-7.947147170356072,0.008265365569472764,0.980561555075594,0.07039369272513182
-7.916408874997023,0.008281195848457764,0.980561555075594,0.072185532176317
-7.885670579637974,0.008301941996123323,0.980561555075594,0.0745234560316729
-7.8549322842789255,0.008321571933940649,0.980561555075594,0.0767248587859861
-7.824193988919877,0.008342827740821053,0.980561555075594,0.07909691291660267
-7.793455693560827,0.008367583906224082,0.980561555075594,0.0818444000750866
-7.7627173982017785,0.008392022033678996,0.980561555075594,0.08454069182067954
-7.73197910284273,0.008413016084797272,0.980561555075594,0.08684448540077476
-7.701240807483681,0.00843223565684144,0.980561555075594,0.08894349732930597
-7.670502512124632,0.008454061301255074,0.980561555075594,0.09131555145992253
-7.639764216765584,0.008478849565785788,0.980561555075594,0.09399477806788512
-7.609025921406534,0.008507289285312745,0.980561555075594,0.09704943770371507
-7.578287626047485,0.00853608092355131,0.980561555075594,0.10012116247717538
-7.547549330688437,0.008566199362252117,0.980561555075594,0.10331234321404802
-7.516811035329388,0.008591000264920714,0.980561555075594,0.10592330927148927
-7.486072739970339,0.008599088838268792,0.978401727861771,0.10873905698049455
-7.455334444611291,0.008627256798963968,0.978401727861771,0.11167426065291217
-7.424596149252242,0.008653295128939828,0.978401727861771,0.11437055239850509
-7.393857853893192,0.008660331085223788,0.9762419006479481,0.1170497790064677
-7.363119558534144,0.008670409104890803,0.9740820734341252,0.12003617809177632
-7.332381263175095,0.008696993655629905,0.9740820734341252,0.12274953497499957
-7.301642967816046,0.008726273629626764,0.9740820734341252,0.12571886892267786
-7.2709046724569975,0.008740919156209937,0.9719222462203023,0.12913189644874487
-7.240166377097949,0.008750389772372934,0.9697624190064795,0.13201590470827146
-7.209428081738899,0.00878239608801956,0.9697624190064795,0.13520708544514412
-7.1786897863798504,0.008781925343811395,0.9654427645788337,0.13901261113670882
-7.147951491020802,0.008813612792554765,0.9654427645788337,0.14213553132306012
-7.117213195661753,0.008829759854289165,0.9632829373650108,0.1456338845372788
-7.086474900302704,0.00886521298376036,0.9632829373650108,0.14908104233860647
-7.055736604943656,0.008882058242350452,0.9611231101511879,0.1526135258280858
-7.024998309584607,0.008919265613725648,0.9611231101511879,0.1561801395928258
-6.994260014225557,0.008952821647721557,0.9611231101511879,0.15937132032969845
-6.963521718866509,0.008986086710688394,0.9611231101511879,0.1625113056536801
-6.93278342350746,0.00901649309073226,0.9611231101511879,0.16536118363794605
-6.902045128148411,0.009049865777271618,0.9611231101511879,0.16846703868666701
-6.8713068327893625,0.009072148096687849,0.958963282937365,0.17239202034164405
-6.840568537430314,0.009106197957258297,0.958963282937365,0.17551494052799535
-6.809830242071264,0.009118228223283386,0.9568034557235421,0.1784672093380433
-6.7790919467122155,0.009158001364397494,0.9568034557235421,0.182067953378044
-6.748353651353167,0.009198123001536482,0.9568034557235421,0.18566869741804468
-6.717615355994118,0.009238597735188004,0.9568034557235421,0.18926944145804536
-6.686877060635069,0.009237730157732672,0.9524838012958964,0.19285312036041571
-6.656138765276021,0.009234717489166561,0.9481641468682506,0.19624908274885236
-6.625400469916972,0.009270795936899457,0.9481641468682506,0.19940613321046435
-6.594662174557922,0.009271242176726424,0.9438444924406048,0.2030922029386167
-6.563923879198874,0.009309558807865192,0.9438444924406048,0.2064028396389017
-6.533185583839825,0.009332191780821918,0.9416846652267818,0.21015716991757538
-6.502447288480776,0.009377150722642807,0.9416846652267818,0.21397976074677041
-6.4717089931217275,0.009400730447561213,0.9395248380129589,0.21776822130070478
-6.440970697762679,0.009448100605981625,0.9395248380129589,0.2217273332309425
-6.410232402403629,0.00947536187585966,0.937365010799136,0.2257717708493319
-6.3794941070445805,0.009501448257702098,0.9352051835853131,0.22969675250430896
-6.348755811685532,0.009549013121623111,0.9352051835853131,0.233570538746395
-6.318017516326483,0.009595567867036012,0.9352051835853131,0.2373248690250687
-6.287279220967434,0.009640431926973171,0.9352051835853131,0.24090854792743904
-6.256540925608386,0.009671353093937494,0.9330453563714903,0.24510657178450143
-6.225802630249336,0.009702181302478446,0.9308855291576674,0.24927046536630318
-6.195064334890287,0.009709616820949235,0.9265658747300216,0.2533319681223229
-6.164326039531239,0.009753990268746305,0.9265658747300216,0.25676206078602026
-6.13358774417219,0.009809750297265161,0.9265658747300216,0.26102834519360396
-6.102849448813141,0.009836366979224123,0.9244060475161987,0.26476561033464735
-6.072111153454093,0.009872604101639268,0.9222462203023758,0.26920254611853445
-6.041372858095044,0.009907437555235127,0.9200863930885529,0.27350296080137887
-6.010634562735994,0.00994757045220485,0.91792656587473,0.2781617433744603
-5.979896267376946,0.010003766123717164,0.91792656587473,0.2822573764057407
-5.949157972017897,0.01006083848211538,0.91792656587473,0.28637007457465147
-5.918419676658848,0.010123145082533406,0.91792656587473,0.29080701035853856
-5.8876813812997995,0.01017671567453666,0.91792656587473,0.29457840577484257
-5.856943085940751,0.01023405894817954,0.91792656587473,0.29857164798034097
-5.826204790581701,0.010268084178916524,0.9157667386609071,0.3025648901858394
-5.7954664952226524,0.010327609304591402,0.9157667386609071,0.30662639294185906
-5.764728199863604,0.010320145119380302,0.9092872570194385,0.3110291984504855
-5.733989904504555,0.010338021218850234,0.9049676025917927,0.31550026450963325
-5.703251609145506,0.010398828580646762,0.9049676025917927,0.31954470212802266
-5.672513313786458,0.010414585414585415,0.9006479481641468,0.32382805167323675
-5.641775018427408,0.010481073744533253,0.9006479481641468,0.32816259663134184
-5.611036723068359,0.010532712173384647,0.8984881209503239,0.33309442140650863
-5.580298427709311,0.01057190166857725,0.896328293736501,0.33719005443778904
-5.549560132350262,0.010630122950819672,0.896328293736501,0.34085905902831104
-5.518821836991213,0.010672853828306265,0.8941684665226782,0.34510827829826446
-5.4880835416321645,0.010739299610894941,0.8941684665226782,0.34920391132954487
-5.457345246273116,0.010773163606010017,0.8920086393088553,0.35283878564480625
-5.426606950914066,0.01078740157480315,0.8876889848812095,0.3568320278503046
-5.3958686555550175,0.01085463765053877,0.8876889848812095,0.3608594003310637
-5.365130360195969,0.01087216566096919,0.8833693304535637,0.3650062287752351
-5.33439206483692,0.01093963142268703,0.8833693304535637,0.36896534070547277
-5.303653769477871,0.010953816341909785,0.8790496760259179,0.3728732572228195
-5.272915474118823,0.010966990711906632,0.8747300215982722,0.3767129131896449
-5.242177178759773,0.011039934578165463,0.8747300215982722,0.3808768067714466
-5.211438883400724,0.011066260263063954,0.8704103671706264,0.38541613338111574
-5.180700588041676,0.011139674378748929,0.8704103671706264,0.3895117664123961
-5.149962292682627,0.011185308848080134,0.8682505399568035,0.39353913889315517
-5.119223997323578,0.011226203807390818,0.8660907127429806,0.39727640403419856
-5.0884857019645295,0.011279043537108053,0.8639308855291576,0.401628014129934
-5.057747406605481,0.011302964898330116,0.8596112311015118,0.4058942985375177
-5.027009111246431,0.011348693613858556,0.857451403887689,0.4098022150548644
-4.996270815887383,0.01136919667271105,0.8531317494600432,0.4138466526732538
-4.965532520528335,0.01141731142600481,0.8509719222462203,0.41782282974112184
-4.934794225169284,0.011437574767309545,0.8466522678185745,0.42181607194662024
-4.9040559298102355,0.011426389378451416,0.8401727861771058,0.42567279305107597
-4.873317634451187,0.011417078292762282,0.8336933045356372,0.42963190498131365
-4.842579339092138,0.011495964499508592,0.8336933045356372,0.4335910169115514
-4.811841043733089,0.011510446329546476,0.8293736501079914,0.4372429563644431
-4.781102748374041,0.011559472429300093,0.8272138228941684,0.4411167426065291
-4.750364453014992,0.011651962275631275,0.8272138228941684,0.4456048738033072
-4.719626157655943,0.01169070266953053,0.8228941684665226,0.4503489820645403
-4.688887862296895,0.011739627421298155,0.8207343412526998,0.45410331234321405
-4.658149566937846,0.011800604041473362,0.8185745140388769,0.45838666188842814
-4.627411271578797,0.011879760524088644,0.8185745140388769,0.4620386013413198
-4.5966729762197485,0.01193219482938224,0.816414686825054,0.4658441270328845
-4.5659346808607,0.01201678535096643,0.816414686825054,0.4696496527244492
-4.535196385501649,0.012011146343807053,0.8099352051835853,0.47360876465468693
-4.504458090142601,0.012086247461888033,0.8099352051835853,0.4769194013549719
-4.473719794783552,0.012071651090342679,0.8034557235421166,0.4804689499820816
-4.442981499424503,0.012154082399451106,0.8034557235421166,0.4840355637468216
-4.4122432040654544,0.012144150074049696,0.796976241900648,0.487772828887865
-4.381504908706406,0.01224246043595103,0.796976241900648,0.49193672246966674
-4.350766613347357,0.012124248496993988,0.7840172786177105,0.49526442430758205
-4.320028317988308,0.01217297733539579,0.7818574514038877,0.49869451697127937
-4.28929002262926,0.012251252199810478,0.7818574514038877,0.5019368931210431
-4.258551727270211,0.012338525512116977,0.7818574514038877,0.505503506885783
-4.227813431911162,0.012392722279437007,0.7796976241900648,0.5090530555128927
-4.1970751365521135,0.012386257481922291,0.7732181425485961,0.5128756463420877
-4.166336841193065,0.012440324772624316,0.7710583153347732,0.5163739995563065
-4.135598545834014,0.012461387250772255,0.7667386609071274,0.5199064830457858
-4.104860250474966,0.012553041018387553,0.7667386609071274,0.5234560316728954
-4.074121955115917,0.012625271942651306,0.7645788336933045,0.5275516647041758
-4.043383659756868,0.012710951526032317,0.7645788336933045,0.5307769757163091
-4.0126453643978195,0.01280798871160317,0.7645788336933045,0.5343777197563099
-3.981907069038771,0.012872875793158777,0.7624190064794817,0.5380637894844622
-3.951168773679722,0.012899669239250275,0.7580993520518359,0.5416474683868325
-3.9204304783206734,0.012997593038326236,0.7580993520518359,0.5451458216010512
-3.8896921829616247,0.013051909307875895,0.755939524838013,0.5483540674755542
-3.858953887602576,0.013078773301262779,0.7516198704103672,0.5518694858274032
-3.8282155922435273,0.013185314287879363,0.7516198704103672,0.5555384904179252
-3.7974772968844785,0.01326148436902851,0.7494600431965442,0.5593952115223809
-3.766739001525428,0.013325630656653186,0.7473002159827213,0.5628082390484479
-3.7360007061663794,0.013353518885136447,0.7429805615550756,0.5662553968497755
-3.7052624108073307,0.013380281690140845,0.7386609071274298,0.5696513592382123
-3.674524115448282,0.013447963087115983,0.7365010799136069,0.57309851703954
-3.6437858200892332,0.013512976431779341,0.734341252699784,0.5764262188774553
-3.6130475247301845,0.013511888055811716,0.7278617710583153,0.5801293537432379
-3.582309229371136,0.013578500707213578,0.7257019438444925,0.5834570555811532
-3.551570934012087,0.01367688362437416,0.7257019438444925,0.5864946500793529
-3.5208326386530384,0.013707062830877827,0.7213822894168467,0.5898735473301592
-3.4900943432939897,0.013798231843344626,0.7213822894168467,0.5926210344886431
-3.459356047934941,0.013855948071401822,0.7192224622030238,0.5955562381610607
-3.4286177525758923,0.013920335429769393,0.7170626349892009,0.5986620932097817
-3.3978794572168436,0.014016126989487905,0.7170626349892009,0.6014437106435263
-3.367141161857793,0.014046139439856985,0.712742980561555,0.6047031519309203
-3.3364028664987444,0.014097784633843253,0.7105831533477321,0.6073653134012525
-3.3056645711396957,0.014166018830439666,0.7084233261339092,0.6104711684499735
-3.274926275780647,0.014267072640278381,0.7084233261339092,0.6132698510213485
-3.2441879804215983,0.014338960754220566,0.7062634989200864,0.6164098363453301
-3.2134496850625496,0.014414573753095154,0.7041036717062635,0.619618082219833
-3.182711389703501,0.014485648065608843,0.7019438444924406,0.622672741855663
-3.151973094344452,0.014551987424208398,0.6997840172786177,0.62557381525282
-3.1212347989854035,0.014630611043167097,0.6976241900647948,0.6287649959896927
-3.0904965036263548,0.014696485623003195,0.6954643628509719,0.6315978088363282
-3.059758208267306,0.01476948559860127,0.693304535637149,0.6345842079216368
-3.0290199129082573,0.014840235588739972,0.6911447084233261,0.6374852813187938
-2.9982816175492086,0.014954668660622488,0.6911447084233261,0.6403010290277991
-2.967543322190158,0.015039366366507944,0.6889848812095032,0.6434751446270414
-2.9368050268311094,0.015168085207550759,0.6889848812095032,0.6465468694005018
-2.9060667314720607,0.015226968013790462,0.6868250539956804,0.6490383794945306
-2.875328436113012,0.015360834701961163,0.6868250539956804,0.6521442345432515
-2.8445901407539633,0.015338917023763148,0.6803455723542117,0.6549258519769962
-2.8138518453949146,0.015367242733699922,0.6760259179265659,0.6577586648236318
-2.783113550035866,0.015424164524421594,0.673866090712743,0.6601307189542484
-2.752375254676817,0.015484192183221309,0.67170626349892,0.6625539684977559
-2.7216369593177685,0.01561636957067537,0.67170626349892,0.6654550418949129
-2.69089866395872,0.015695407827451775,0.6695464362850972,0.6682366593286575
-2.660160368599671,0.01567926455566905,0.6630669546436285,0.6711036024505538
-2.6294220732406224,0.01569091470315876,0.6587473002159827,0.6734927217188007
-2.5986837778815737,0.01581130119232763,0.6587473002159827,0.6760183620880902
-2.567945482522523,0.015912766734491574,0.6587473002159827,0.6781173740166214
-2.5372071871634745,0.016048408313601683,0.6587473002159827,0.6808819263127357
-2.506468891804426,0.01602717189407207,0.652267818574514,0.683595283195959
-2.475730596445377,0.016043638697256536,0.6479481641468683,0.6860185327394666
-2.4449923010863284,0.016113386505712438,0.6457883369330454,0.6884417822829741
-2.4142540057272797,0.016072980017376195,0.6393088552915767,0.69077970613833
-2.383515710368231,0.01613079615048119,0.6371490280777538,0.6929469786173825
-2.3527774150091822,0.01615214994487321,0.6328293736501079,0.6954384887114115
-2.3220391196501335,0.016228533318512754,0.6306695464362851,0.6979299988054404
-2.291300824291085,0.016292480824141985,0.6285097192224622,0.7001655318350143
-2.260562528932036,0.016362918241832648,0.6263498920086393,0.7025034556903701
-2.2298242335729874,0.01644849174729653,0.6241900647948164,0.705097356610181
-2.199085938213937,0.016570150794105842,0.6241900647948164,0.7072987593644943
-2.1683476428548882,0.016595350988782235,0.6198704103671706,0.7097732043208929
-2.1376093474958395,0.01664823330810874,0.6177105831533477,0.7117186300107511
-2.106871052136791,0.016769275872178246,0.6177105831533477,0.7138347070769125
-2.076132756777742,0.016906070816338593,0.6177105831533477,0.7161896960698988
-2.0453944614186934,0.016957220205866604,0.6155507559395248,0.7180497960716054
-2.0146561660596447,0.017070979335130278,0.6155507559395248,0.7199610914862028
-1.983917870700596,0.01708008932343533,0.6112311015118791,0.7220771685523644
-1.9531795753415473,0.017219348950410707,0.6112311015118791,0.7243638969948293
-1.9224412799824986,0.017367290579932495,0.6112311015118791,0.7267530162630762
-1.8917029846234499,0.017437546376453127,0.6090712742980562,0.728834963053977
-1.8609646892644012,0.01757995137460258,0.6090712742980562,0.7310704960835509
-1.8302263939053525,0.017720246323991454,0.6090712742980562,0.7332377685626035
-1.799488098546302,0.017787061653373844,0.6069114470842333,0.7352002593900919
-1.7687498031872533,0.01787424194063198,0.6047516198704104,0.7374528575572962
-1.7380115078282046,0.017951357611632995,0.6025917926565875,0.7395348043481971
-1.7072732124691559,0.01797534068786502,0.5982721382289417,0.7417532722401406
-1.6765349171101072,0.017985611510791366,0.593952483801296,0.7437669584805201
-1.6457966217510585,0.017998417721518986,0.5896328293736501,0.7458147749961603
-1.6150583263920097,0.018086308930115036,0.5874730021598272,0.7479991126128432
-1.584320031032961,0.01820250284414107,0.5874730021598272,0.7496373658253553
-1.5535817356739123,0.018277466783570513,0.5853131749460043,0.7515998566528439
-1.5228434403148636,0.01835111805885951,0.5831533477321814,0.7535282172050718
-1.492105144955815,0.018349880178021225,0.5788336933045356,0.7553371217938872
-1.4613668495967662,0.018211920529801324,0.5701943844492441,0.7571289612450725
-1.4306285542377175,0.018202028623037377,0.5658747300215983,0.7588354750081059
-1.399890258878667,0.018335782769962908,0.5658747300215983,0.7606273144592911
-1.3691519635196183,0.01838805128927716,0.5637149028077754,0.7622314373965426
-1.3384136681605696,0.01852903592219225,0.5637149028077754,0.7640744722606188
-1.307675372801521,0.01859001859001859,0.5615550755939525,0.765763920886022
-1.2769370774424722,0.01875225387666787,0.5615550755939525,0.7678288025392925
-1.2461987820834235,0.01869090909090909,0.5550755939524838,0.76974009795389
-1.2154604867243748,0.018762826150688947,0.5529157667386609,0.7715319374050752
-1.184722191365326,0.01876061747544132,0.5485961123110151,0.7732896465809996
-1.1539838960062774,0.018744421303183576,0.5442764578833693,0.7748767043806208
-1.1232456006472287,0.018882062041060993,0.5442764578833693,0.7765490878683936
-1.09250730528818,0.019026047565118914,0.5442764578833693,0.7782726667690575
-1.0617690099291313,0.01916058394160584,0.5442764578833693,0.7798597245686787
-1.0310307145700826,0.01925584963559647,0.5421166306695464,0.7818392805337975
-1.000292419211032,0.019389725762842796,0.5421166306695464,0.7833751429205277
-0.9695541238519834,0.019471921489212556,0.5399568034557235,0.7851669823717128
-0.9388158284929347,0.01953554056174486,0.5377969762419006,0.7867369750337037
-0.908077533133886,0.019508727588658084,0.5334773218142549,0.7881533814570214
-0.8773392377748372,0.01960003186997052,0.531317494600432,0.790013481458728
-0.8466009424157885,0.019672394411434077,0.5291576673866091,0.7916517346712402
-0.8158626470567398,0.019725141471301538,0.5269978401727862,0.7930681410945579
-0.7851243516976911,0.019866471258752644,0.5269978401727862,0.7945698732060275
-0.7543860563386424,0.019914768070808064,0.5248380129589633,0.7959180190788239
-0.7236477609795937,0.020066061106523533,0.5248380129589633,0.7974880117408147
-0.692909465620545,0.020219670494258612,0.5248380129589633,0.7990580044028055
-0.6621711702614963,0.02027479892761394,0.5226781857451404,0.8004402805508627
-0.6314328749024476,0.020351292011484546,0.5205183585313174,0.8020273383504838
-0.6006945795433971,0.020517623020602758,0.5205183585313174,0.803665591562996
-0.5699562841843484,0.020588487604014754,0.5183585313174947,0.8051673236744654
-0.5392179888252997,0.020649732158285812,0.5161987041036717,0.806566664960153
-0.508479693466251,0.020731707317073172,0.5140388768898488,0.808153722759774
-0.4777413981072023,0.020895522388059702,0.5140388768898488,0.8096895851465042
-0.4470031027481536,0.02105449398443029,0.5140388768898488,0.811157186982713
-0.4162648073891049,0.021200783894530555,0.5140388768898488,0.8124882677178792
-0.38552651203005617,0.021291887521336806,0.5118790496760259,0.8140923906551306
-0.35478821667100746,0.021353601158161418,0.509719222462203,0.8154234713902968
-0.32404992131195876,0.021431828545371637,0.5075593952483801,0.8168910732265056
-0.29331162595291005,0.02159132671811834,0.5075593952483801,0.8182733493745628
-0.26257333059386134,0.021558105107327905,0.5032397408207343,0.8195361695592075
-0.23183503523481264,0.021737102341636345,0.5032397408207343,0.8210549668083074
-0.20109673987576215,0.02180041345611727,0.5010799136069114,0.8223519172682128
-0.17035844451671345,0.02195722127579027,0.5010799136069114,0.8236488677281182
-0.13962014915766474,0.021934007247758916,0.49676025917926564,0.8249799484632844
-0.10888185379861604,0.021906225980015372,0.4924406047516199,0.8262768989231898
-0.07814355843956733,0.022054556006964595,0.4924406047516199,0.8274714585573133
-0.04740526308051862,0.022174674187901186,0.4924406047516199,0.828427106264612
-0.016666967721469916,0.022248358325982553,0.490280777537797,0.8297581869997781
0.01407132763757879,0.02232760324046631,0.48812095032397407,0.831123398010205
0.044809622996627496,0.022403664243751866,0.48596112311015116,0.832454478745371
0.0755479183556762,0.02245614035087719,0.4838012958963283,0.8335978429666036
0.10628621371472491,0.022394835065066076,0.4794816414686825,0.8346217512244236
0.13702450907377361,0.02255180820804551,0.4794816414686825,0.8357992457209168
0.1677628044328241,0.022597137014314927,0.4773218142548596,0.8368743493916279
0.1985010997918728,0.022757697456492636,0.4773218142548596,0.8380518438881209
0.2292393951509215,0.022802653399668325,0.47516198704103674,0.8391098824212018
0.2599776905099702,0.022966906775237498,0.47516198704103674,0.8402873769176948
0.2907159858690189,0.023126248291811206,0.47516198704103674,0.8414136760012969
0.32145428122806763,0.023186871360508204,0.47300215982721383,0.8425570402225294
0.35219257658711633,0.023350037317411237,0.47300215982721383,0.8436833393061315
0.38293087194616504,0.023388048492651,0.4708423326133909,0.8446560521510605
0.41366916730521375,0.023454388240380458,0.468682505399568,0.8458164815099234
0.44440746266426245,0.023501251224023502,0.46652267818574517,0.8468403897677435
0.47514575802331116,0.02353585112205802,0.46436285097192226,0.847778972337412
0.5058840533823599,0.02356828193832599,0.46220302375809935,0.84870048976945
0.5366223487414086,0.023735581188997337,0.46220302375809935,0.8497926585777914
0.567360644100459,0.02388126325186921,0.46220302375809935,0.8507312411474599
0.5980989394595078,0.024080117024867783,0.46220302375809935,0.8519940613321046
0.6288372348185565,0.024260287949212107,0.46220302375809935,0.8531203604157067
0.6595755301776052,0.024409718261663056,0.46220302375809935,0.8540418778477449
0.6903138255366539,0.024546914429915117,0.46220302375809935,0.8548780695916313
0.7210521208957026,0.024649924777224858,0.46004319654427644,0.8561750200515367
0.7517904162547513,0.02468848258996157,0.45788336933045354,0.8570794723459445
0.7825287116138,0.02485054507091783,0.45788336933045354,0.8580351200532432
0.8132670069728487,0.024681152574397732,0.4514038876889849,0.8590590283110633
0.8440053023318974,0.02483365019011407,0.4514038876889849,0.8599464154678408
0.8747435976909461,0.024886336444125388,0.44924406047516197,0.8609191283127698
0.9054818930499948,0.024710703953712634,0.4427645788336933,0.8619259714329596
0.9362201884090435,0.02488468074775431,0.4427645788336933,0.8629157494155191
0.966958483768094,0.024926686217008796,0.4406047516198704,0.8638202017099268
0.9976967791271427,0.024926326129666013,0.43844492440604754,0.8644857420775098
1.0284350744861914,0.025123762376237625,0.43844492440604754,0.8655779108858513
1.0591733698452401,0.02518389228275776,0.43628509719222464,0.8665676888684107
1.0899116652042888,0.025322803058794034,0.43628509719222464,0.8673185549241454
1.1206499605633375,0.025369178341537298,0.43412526997840173,0.8682230072185532
1.1513882559223863,0.025546517539400102,0.43412526997840173,0.8691615897882217
1.182126551281435,0.025572177470911648,0.4319654427645788,0.869946586119217
1.2128648466404837,0.0257201646090535,0.4319654427645788,0.8707145173125821
1.2436031419995324,0.025624433803546006,0.42764578833693306,0.8715165787812079
1.274341437358581,0.025777893503450073,0.42764578833693306,0.8723015751122033
1.3050797327176298,0.025960403828503998,0.42764578833693306,0.8732230925442414
1.3358180280766785,0.02598259034555526,0.42548596112311016,0.8739739585999761
1.366556323435729,0.02592395639457591,0.42116630669546434,0.8749637365825356
1.3972946187947777,0.02608695652173913,0.42116630669546434,0.8757657980511613
1.4280329141538264,0.0261455525606469,0.4190064794816415,0.8766873154831993
1.458771209512875,0.02614467623950149,0.4168466522678186,0.8773187255755218
1.4895095048719238,0.02626922553423166,0.4168466522678186,0.8779160053925835
1.5202478002309725,0.02638774952146568,0.4168466522678186,0.8784791549343846
1.5509860955900212,0.026554760594386353,0.4168466522678186,0.8792641512653799
1.58172439094907,0.026567040265670402,0.4146868250539957,0.8799467567705933
1.6124626863081186,0.026729778644020603,0.4146868250539957,0.8806976228263281
1.6432009816671673,0.02677695219402776,0.41252699784017277,0.8815338145702145
1.673939277026216,0.026927957140843086,0.41252699784017277,0.8822164200754279
1.7046775723852647,0.027138391588519467,0.41252699784017277,0.8831550026450964
1.7354158677443152,0.02725067770009987,0.41252699784017277,0.8836498916363761
1.766154163103364,0.027275337352856734,0.4103671706263499,0.8843666274168501
1.7968924584624126,0.027417027417027416,0.4103671706263499,0.8849809723715422
1.8276307538214613,0.027548209366391185,0.4103671706263499,0.8855441219133432
1.85836904918051,0.02769275615799446,0.4103671706263499,0.8861584668680353
1.8891073445395588,0.02786332306789852,0.4103671706263499,0.8868752026485094
1.9198456398986075,0.028023598820058997,0.4103671706263499,0.8875407430160924
1.9505839352576562,0.027922174365067578,0.4060475161987041,0.8883086742094575
1.9813222306167049,0.028110047846889953,0.4060475161987041,0.8890766054028226
2.0120605259757536,0.028296207104154123,0.4060475161987041,0.8898274714585573
2.0427988213348023,0.028484848484848484,0.4060475161987041,0.890578337514292
2.073537116693851,0.02867602196461257,0.4060475161987041,0.8913292035700268
2.1042754120528997,0.028725038402457756,0.4038876889848812,0.8920971347633919
2.13501370741195,0.02857142857142857,0.39956803455723544,0.892660284305193
2.165752002770999,0.028731169436247865,0.39956803455723544,0.893274629259885
2.1964902981300476,0.0287365297516789,0.39740820734341253,0.8938719090769467
2.2272285934890963,0.0287645394530022,0.3952483801295896,0.8945545145821601
2.257966888848145,0.02880658436213992,0.3930885529157667,0.8952883155002646
2.2887051842071937,0.028976277662792548,0.3930885529157667,0.8959197255925869
2.3194434795662424,0.028992471568156337,0.39092872570194387,0.8965511356849093
2.350181774925291,0.029008863819500404,0.38876889848812096,0.8971825457772317
2.38092007028434,0.02916396629941672,0.38876889848812096,0.8977456953190327
2.4116583656433885,0.02935899526993965,0.38876889848812096,0.8984453659618765
2.4423966610024372,0.029363517060367453,0.38660907127429806,0.8990255806413079
2.473134956361486,0.029368091074080185,0.38444924406047515,0.8996057953207393
2.5038732517205347,0.02940199335548173,0.38228941684665224,0.9002884008259526
2.534611547079585,0.02954924874791319,0.38228941684665224,0.9008003549548627
2.565349842438634,0.02972791400738999,0.38228941684665224,0.9014146999095548
2.5960881377976825,0.029913807672807165,0.38228941684665224,0.9020461100018772
2.6268264331567313,0.030148185998978026,0.38228941684665224,0.9028311063328726
2.65756472851578,0.030365414307771486,0.38228941684665224,0.9035478421133466
2.6883030238748287,0.03018282166264229,0.3779697624190065,0.9040427311046264
2.7190413192338774,0.030303030303030304,0.3779697624190065,0.9044352292701241
2.749779614592926,0.030424200278164115,0.3779697624190065,0.9048277274356218
2.780517909951975,0.0305837119888151,0.3779697624190065,0.9053396815645318
2.8112562053110235,0.03040956231323607,0.37365010799136067,0.9058687008310722
2.841994500670072,0.030592396109637487,0.37365010799136067,0.9064489155105036
2.872732796029121,0.030588653743553264,0.3714902807775378,0.906977934777044
2.9034710913881696,0.030780243378668574,0.3714902807775378,0.9075752145941057
2.93420938674722,0.03097424815415091,0.3714902807775378,0.9081724944111674
2.964947682106269,0.03099510603588907,0.3693304535637149,0.9087697742282291
2.9956859774653175,0.0311929952572054,0.3693304535637149,0.9093670540452908
3.0264242728243644,0.031422271223814774,0.3693304535637149,0.9100496595505043
3.057162568183415,0.031625670427223966,0.3693304535637149,0.910646939367566
3.087900863542462,0.031731304509185376,0.3693304535637149,0.910954111844912
3.1186391589015123,0.03171641791044776,0.367170626349892,0.9114319356985614
3.149377454260563,0.03191289656467055,0.367170626349892,0.9119950852403624
3.1801157496196097,0.032069420863987924,0.367170626349892,0.9124387788187511
3.2108540449786602,0.0321048632218845,0.3650107991360691,0.9130531237734433
3.241592340337707,0.03228271251193887,0.3650107991360691,0.913548012764723
3.2723306356967576,0.0325,0.3650107991360691,0.9141452925817847
3.3030689310558046,0.03225183468520664,0.36069114470842334,0.9144865953343914
3.333807226414855,0.03241459627329193,0.36069114470842334,0.91493028891278
3.364545521773902,0.03198751706651063,0.3542116630669546,0.9153057219406474
3.3952838171329525,0.03215055871397765,0.3542116630669546,0.9157494155190362
3.4260221124919994,0.03230254087059287,0.3542116630669546,0.9161589788221642
3.45676040785105,0.03246239113222486,0.3542116630669546,0.9165856072629226
3.487498703210097,0.032623831310921024,0.3542116630669546,0.917012235703681
3.5182369985691473,0.03280656131226245,0.3542116630669546,0.9174900595573303
3.5489752939281978,0.03298471440064361,0.3542116630669546,0.9179508182733493
3.5797135892872447,0.03300263211176351,0.35205183585313177,0.91849690267752
3.610451884646295,0.03295362082994304,0.34989200863930886,0.9188723357053875
3.641190180005342,0.03317632602908048,0.34989200863930886,0.9194354852471885
3.6719284753643926,0.03316168898043254,0.34773218142548595,0.9198962439632076
3.7026667707234395,0.033119436969571515,0.34557235421166305,0.9202887421287053
3.73340506608249,0.03329864724245578,0.34557235421166305,0.920732435707094
3.764143361441537,0.033444816053511704,0.34557235421166305,0.921090803597331
3.7948816568005874,0.03360638521319051,0.34557235421166305,0.9214833017628287
3.8256199521596344,0.033833791499259885,0.34557235421166305,0.9220293861669995
3.856358247518685,0.03377230246389125,0.3434125269978402,0.9223706889196062
3.8870965428777318,0.03394534585824082,0.3434125269978402,0.9227802522227342
3.9178348382367822,0.03412749517063748,0.3434125269978402,0.9232068806634925
3.9485731335958327,0.03436351847849579,0.3434125269978402,0.9237529650676632
3.9793114289548797,0.034580252283601565,0.3434125269978402,0.9242478540589429
4.01004972431393,0.03430944055944056,0.3390928725701944,0.9245891568115497
4.040788019672977,0.0345282603914669,0.3390928725701944,0.9250840458028294
4.0715263150320276,0.03471915081822203,0.3390928725701944,0.9255106742435878
4.1022646103910745,0.03485016648168701,0.3390928725701944,0.9258007815833035
4.133002905750125,0.034751615059033195,0.3369330453563715,0.9260567586477585
4.163741201109172,0.03500112183082791,0.3369330453563715,0.9266028430519292
4.194479496468222,0.035119315623592974,0.3369330453563715,0.9268588201163842
4.225217791827269,0.035326086956521736,0.3369330453563715,0.9273025136947729
4.25595608718632,0.03551912568306011,0.3369330453563715,0.927712076997901
4.286694382545367,0.03542047531992688,0.3347732181425486,0.927968054062356
4.317432677904417,0.03562399448402666,0.3347732181425486,0.9283946825031144
4.348170973263468,0.03584643848288622,0.3347732181425486,0.9288554412191334
4.378909268622515,0.035813953488372095,0.3326133909287257,0.9292479393846311
4.409647563981565,0.035998129967274424,0.3326133909287257,0.9296233724124985
4.440385859340612,0.03593236261155472,0.3304535637149028,0.9299476100274748
4.4711241546996625,0.03612750885478158,0.3304535637149028,0.9303401081929725
4.501862450058709,0.036281716860327246,0.3304535637149028,0.9306472806703187
4.53260074541776,0.03650680028632784,0.3304535637149028,0.9310909742487073
4.563339040776807,0.03669944830894699,0.3304535637149028,0.9314664072765747
4.594077336135857,0.0365912373615792,0.3282937365010799,0.9317053192033994
4.624815631494904,0.03648224208746074,0.326133909287257,0.9319442311302241
4.655553926853955,0.03668610301263363,0.326133909287257,0.9323367292957218
4.686292222213002,0.03688324377137274,0.326133909287257,0.9327121623235891
4.717030517572052,0.03706431026018655,0.326133909287257,0.9330534650761958
4.747768812931103,0.037082818294190356,0.32397408207343414,0.9335312889298453
4.77850710829015,0.03731343283582089,0.32397408207343414,0.9339579173706036
4.8092454036492,0.03726863431715858,0.32181425485961124,0.9343162852608407
4.839983699008247,0.03675730110775428,0.31533477321814257,0.9347087834263383
4.8707219943672975,0.03667172483560951,0.31317494600431967,0.934998890766054
4.901460289726344,0.0362668019274664,0.30885529157667385,0.935152477004727
4.932198585085395,0.03623373309517734,0.30669546436285094,0.9355449751702247
4.962936880444442,0.036181678214010776,0.3045356371490281,0.9359033430604617
4.993675175803492,0.03634020618556701,0.3045356371490281,0.9361934504001774
5.024413471162539,0.03625064733298809,0.3023758099352052,0.9364835577398932
5.05515176652159,0.036420395421436005,0.3023758099352052,0.9367907302172392
5.08589006188064,0.036601307189542485,0.3023758099352052,0.9371149678322156
5.116628357239687,0.036755053819900234,0.3023758099352052,0.937388010034301
5.147366652598738,0.03682272488164124,0.3023758099352052,0.9375074659977133
5.1781049479577845,0.036978341257263604,0.3023758099352052,0.9377805081997986
5.208843243316835,0.03716485266790549,0.3023758099352052,0.938104745814775
5.239581538675882,0.0369779196594839,0.3002159827213823,0.9382242017781873
5.270319834034932,0.03687867450561197,0.2980561555075594,0.9384972439802727
5.301058129393979,0.03680816765180011,0.2958963282937365,0.938821481595249
5.33179642475303,0.03669724770642202,0.2937365010799136,0.939077458659704
5.362534720112077,0.0367965367965368,0.2937365010799136,0.9392481100360074
5.393273015471127,0.0367047308319739,0.2915766738660907,0.9395382173757232
5.424011310830174,0.036824877250409165,0.2915766738660907,0.9397429990272872
5.454749606189225,0.03621399176954732,0.28509719222462204,0.9400501715046332
5.485487901548275,0.03607821536766731,0.28293736501079914,0.9402720182938276
5.516226196907322,0.03619784470848301,0.28293736501079914,0.9404767999453916
5.546964492266373,0.036211699164345405,0.28077753779697623,0.9409546237990409
5.5777027876254195,0.036394176931690926,0.28077753779697623,0.941261796276387
5.60844108298447,0.03630734590486912,0.2786177105831533,0.941568968753733
5.639179378343517,0.036440677966101696,0.2786177105831533,0.9417908155429273
5.669917673702567,0.036574992911823076,0.2786177105831533,0.9420126623321217
5.700655969061614,0.036720751494449186,0.2786177105831533,0.9422515742589463
5.731394264420665,0.036836093660765276,0.2786177105831533,0.9424392907728801
5.762132559779712,0.03697334479793637,0.2786177105831533,0.9426611375620745
5.792870855138762,0.03715437788018433,0.2786177105831533,0.9429512449017902
5.823609150497809,0.03699421965317919,0.27645788336933047,0.9431389614157238
5.85434744585686,0.037209302325581395,0.27645788336933047,0.9434802641683305
5.88508574121591,0.03710195734735612,0.27429805615550756,0.9437533063704159
5.915824036574957,0.03727619606692104,0.27429805615550756,0.9440263485725012
5.9465623319340075,0.03743000294724433,0.27429805615550756,0.9442652604993259
5.9773006272930544,0.03696037847427558,0.26997840172786175,0.9444188467379989
6.008038922652105,0.03711401425178147,0.26997840172786175,0.9446577586648236
6.038777218011152,0.03697078115682767,0.2678185745140389,0.944879605454018
6.069515513370202,0.0371591249625412,0.2678185745140389,0.9451697127937336
6.100253808729249,0.037070524412296565,0.265658747300216,0.9454768852710798
6.1309921040883,0.03720508166969147,0.265658747300216,0.9456816669226438
6.161730399447347,0.03735195870027331,0.265658747300216,0.9459035137118381
6.192468694806397,0.03742013994523882,0.265658747300216,0.9460059045376201
6.223206990165444,0.03755725190839695,0.265658747300216,0.9462106861891841
6.253945285524495,0.03768382352941176,0.265658747300216,0.9463984027031178
6.284683580883545,0.03758471965495995,0.2634989200863931,0.9466885100428335
6.315421876242592,0.03777089783281734,0.2634989200863931,0.9469615522449188
6.3461601716016425,0.03792353124028598,0.2634989200863931,0.9471833990341132
6.376898466960689,0.03811308965948141,0.2634989200863931,0.9474564412361985
6.40763676231974,0.0379191476026324,0.2613390928725702,0.9476100274748716
6.438375057678787,0.03749212350346566,0.2570194384449244,0.9478660045393266
6.469113353037837,0.0372827804107425,0.2548596112311015,0.9480025256403692
6.499851648396884,0.037448429070136464,0.2548596112311015,0.948241437567194
6.530589943755935,0.03766358123204596,0.2548596112311015,0.94854861004454
6.561328239114982,0.03756019261637239,0.2526997840172786,0.9488387173842557
6.592066534474032,0.0377541142303969,0.2526997840172786,0.9491117595863411
6.622804829833079,0.03760129659643436,0.2505399568034557,0.9493336063755354
6.6535431251921295,0.03774812886430198,0.2505399568034557,0.9495383880270994
6.68428142055118,0.037859007832898174,0.2505399568034557,0.9496919742657725
6.715019715910227,0.03808273145108339,0.2505399568034557,0.9499991467431185
6.745758011269277,0.03823335530652604,0.2505399568034557,0.9502039283946825
6.776496306628324,0.038334434897554524,0.2505399568034557,0.9503404494957252
6.807234601987375,0.03788634097706879,0.24622030237580994,0.9505964265601802
6.837972897346422,0.03772954924874791,0.24406047516198703,0.9508182733493745
6.868711192705472,0.03783059926347506,0.24406047516198703,0.9509547944504172
6.899449488064519,0.03790674270379067,0.24406047516198703,0.9510571852761992
6.93018778342357,0.038124156545209176,0.24406047516198703,0.951347292615915
6.960926078782617,0.03829210437139952,0.24406047516198703,0.9515691394051093
6.991664374141667,0.03843537414965986,0.24406047516198703,0.951756855919043
7.022402669500714,0.03827751196172249,0.24190064794816415,0.9519787027082374
7.0531409648597645,0.03847475094469255,0.24190064794816415,0.9522346797726924
7.083879260218815,0.03872752420470263,0.24190064794816415,0.9525589173876687
7.114617555577862,0.03888888888888889,0.24190064794816415,0.9527636990392327
7.145355850936912,0.039065224973840254,0.24190064794816415,0.9529855458284271
7.176094146295959,0.038933707471062784,0.23974082073434125,0.9532415228928821
7.20683244165501,0.03907074973600845,0.23974082073434125,0.9534121742691855
7.237570737014057,0.03919491525423729,0.23974082073434125,0.9535657605078585
7.268309032373107,0.039361702127659576,0.23974082073434125,0.9537705421594225
7.299047327732154,0.03917378917378917,0.23758099352051837,0.9539582586733562
7.329785623091205,0.03932785126921702,0.23758099352051837,0.9541459751872899
7.360523918450252,0.03948312993539124,0.23758099352051837,0.9543336917012236
7.391262213809302,0.039696860339227716,0.23758099352051837,0.9545896687656786
7.422000509168349,0.03949275362318841,0.23542116630669546,0.954760320141982
7.4527388045273995,0.03970856102003643,0.23542116630669546,0.955016297206437
7.48347709988645,0.03988291255031101,0.23542116630669546,0.955221078858001
7.514215395245497,0.03969128996692393,0.23326133909287258,0.9554087953719347
7.544953690604547,0.03989656446250462,0.23326133909287258,0.9556477072987594
7.575691985963594,0.03994082840236687,0.23326133909287258,0.9556989027116504
7.606430281322645,0.04011887072808321,0.23326133909287258,0.9559036843632144
7.637168576681692,0.04,0.23110151187904968,0.9561767265652997
7.667906872040742,0.04008992131884601,0.23110151187904968,0.9562791173910817
7.698645167399789,0.040225563909774435,0.23110151187904968,0.9564327036297547
7.72938346275884,0.04046898638426626,0.23110151187904968,0.9567057458318401
7.7601217581178865,0.04059180576631259,0.23110151187904968,0.9568422669328828
7.790860053476937,0.040824112933994655,0.23110151187904968,0.9570982439973378
7.821598348835984,0.040949100650593186,0.23110151187904968,0.9572347650983806
7.852336644195034,0.04102760736196319,0.23110151187904968,0.9573200907865322
7.883074939554085,0.041185527328714396,0.23110151187904968,0.9574907421628356
7.913813234913132,0.04128086419753087,0.23110151187904968,0.9575931329886176
7.944551530272182,0.04144074360960496,0.23110151187904968,0.9577637843649209
7.975289825631229,0.04156954156954157,0.23110151187904968,0.9579003054659636
8.00602812099028,0.041634241245136185,0.23110151187904968,0.957968566016485
8.036766416349327,0.041796875,0.23110151187904968,0.9581392173927883
8.067504711708377,0.04114420062695925,0.2267818574514039,0.9582416082185703
8.098243007067424,0.0412573673870334,0.2267818574514039,0.9583610641819826
8.128981302426475,0.04142011834319527,0.2267818574514039,0.958531715558286
8.159719597785521,0.04148557882259976,0.2267818574514039,0.9585999761088073
8.190457893144572,0.041584158415841586,0.2267818574514039,0.9587023669345893
8.221196188503619,0.041749502982107355,0.2267818574514039,0.9588730183108927
8.25193448386267,0.04194966040751099,0.2267818574514039,0.9590777999624567
8.28267277922172,0.04208416833667335,0.2267818574514039,0.9592143210634994
8.313411074580767,0.04221954161640531,0.2267818574514039,0.959350842164542
8.344149369939817,0.04230459307010476,0.2267818574514039,0.9594361678526937
8.374887665298864,0.042492917847025496,0.2267818574514039,0.9596238843666274
8.405625960657915,0.04263093788063337,0.2267818574514039,0.95976040546767
8.436364256016962,0.042735042735042736,0.2267818574514039,0.9598627962934521
8.467102551376012,0.04294478527607362,0.2267818574514039,0.9600675779450162
8.497840846735059,0.04272801972062449,0.22462203023758098,0.9602382293213195
8.52857914209411,0.04281597365170852,0.22462203023758098,0.9603235550094712
8.559317437453156,0.0429574555968608,0.22462203023758098,0.9604600761105139
8.590055732812207,0.04318936877076412,0.22462203023758098,0.9606819228997082
8.620794028171257,0.042898792169929194,0.2224622030237581,0.9607843137254902
8.651532323530304,0.04320469798657718,0.2224622030237581,0.9610744210652059
8.682270618889355,0.04301982285955293,0.2203023758099352,0.9612792027167699
8.713008914248402,0.04331210191082802,0.2203023758099352,0.9615522449188553
8.743747209607452,0.042716787697565144,0.2159827213822894,0.9617570265704193
8.7744855049665,0.04291845493562232,0.2159827213822894,0.961944743084353
8.80522380032555,0.042690815006468305,0.21382289416846653,0.9621153944606563
8.835962095684597,0.04287570376786488,0.21382289416846653,0.9622860458369596
8.866700391043647,0.0430622009569378,0.21382289416846653,0.962456697213263
8.897438686402694,0.04323144104803493,0.21382289416846653,0.962610283451936
8.928176981761744,0.043345008756567424,0.21382289416846653,0.962712674277718
8.958915277120791,0.043459174714661986,0.21382289416846653,0.9628150651035
8.989653572479842,0.043689320388349516,0.21382289416846653,0.9630198467550641
9.020391867838892,0.04380530973451328,0.21382289416846653,0.9631222375808461
9.05113016319794,0.044019564250778125,0.21382289416846653,0.9633099540947798
9.08186845855699,0.04421616793211255,0.21382289416846653,0.9634806054710832
9.112606753916037,0.04441453566621804,0.21382289416846653,0.9636512568473865
9.143345049275087,0.044675090252707585,0.21382289416846653,0.9638731036365809
9.174083344634134,0.044938719927371765,0.21382289416846653,0.9640949504257752
9.204821639993185,0.04510250569476082,0.21382289416846653,0.9642314715268179
9.235559935352232,0.04518484710178001,0.21382289416846653,0.9642997320773392
9.266298230711282,0.04493351673544246,0.21166306695464362,0.9644533183160122
9.297036526070329,0.04476234425473004,0.20950323974082075,0.9646751651052066
9.32777482142938,0.04488662656177696,0.20950323974082075,0.9647775559309886
9.358513116788426,0.04456824512534819,0.20734341252699784,0.9648799467567706
9.389251412147477,0.04471355379599441,0.20734341252699784,0.9649994027201829
9.419989707506527,0.04481792717086835,0.20734341252699784,0.9650847284083346
9.450728002865574,0.04443405051449953,0.20518358531317496,0.9651359238212256
9.481466298224625,0.04460093896713615,0.20518358531317496,0.9652724449222683
9.512204593583672,0.04429783223374175,0.20302375809935205,0.9653919008856806
9.542942888942722,0.044381491973559964,0.20302375809935205,0.965460161436202
9.573681184301769,0.04459203036053131,0.20302375809935205,0.9656308128125053
9.60441947966082,0.044613194114855245,0.20302375809935205,0.9656478779501356
9.635157775019866,0.04482594182164998,0.20302375809935205,0.965818529326439
9.665896070378917,0.04454022988505747,0.20086393088552915,0.9659550504274816
9.696634365737964,0.04471153846153846,0.20086393088552915,0.9660915715285244
9.727372661097014,0.044797687861271675,0.20086393088552915,0.9661598320790458
9.758110956456061,0.04490584258812168,0.20086393088552915,0.9662451577671974
9.788849251815112,0.044573643410852716,0.19870410367170627,0.9663475485929794
9.819587547174162,0.04485616772306192,0.19870410367170627,0.9665693953821738
9.85032584253321,0.044965786901270774,0.19870410367170627,0.9666547210703255
9.88106413789226,0.04473942969518191,0.19654427645788336,0.9668424375842591
9.911802433251307,0.044422507403751234,0.19438444924406048,0.9669618935476715
9.942540728610357,0.044709388971684055,0.19438444924406048,0.9671837403368658
9.973279023969404,0.044932601098352475,0.19438444924406048,0.9673543917131692
10.004017319328455,0.045,0.19438444924406048,0.9674055871260602
10.034755614687501,0.04524886877828054,0.19438444924406048,0.9675933036399939
10.065493910046552,0.045454545454545456,0.19438444924406048,0.9677468898786669
10.096232205405599,0.04556962025316456,0.19438444924406048,0.9678322155668185
10.12697050076465,0.045824847250509164,0.19438444924406048,0.9680199320807522
10.157708796123696,0.04608294930875576,0.19438444924406048,0.9682076485946859
10.188447091482747,0.04620123203285421,0.19438444924406048,0.9682929742828376
10.219185386841797,0.04641567818463126,0.19438444924406048,0.9684465605215106
10.249923682200844,0.04672897196261682,0.19438444924406048,0.9686684073107049
10.280661977559895,0.04645093945720251,0.19222462203023757,0.9688219935493779
10.311400272918942,0.04612159329140461,0.1900647948164147,0.9689414495127904
10.342138568277992,0.04634017904160084,0.1900647948164147,0.9690950357514634
10.372876863637039,0.046511627906976744,0.1900647948164147,0.9692144917148757
10.40361515899609,0.04670912951167728,0.1900647948164147,0.9693510128159184
10.434353454355136,0.046858359957401494,0.1900647948164147,0.9694534036417004
10.465091749714187,0.046524064171122995,0.1879049676025918,0.9695728596051127
10.495830045073234,0.04669887278582931,0.1879049676025918,0.9696923155685251
10.526568340432284,0.04690026954177898,0.1879049676025918,0.9698288366695678
10.557306635791331,0.046511627906976744,0.1857451403887689,0.9699141623577194
10.588044931150382,0.04666304937601736,0.1857451403887689,0.9700165531835014
10.618783226509432,0.046789989118607184,0.1857451403887689,0.9701018788716531
10.64952152186848,0.046994535519125684,0.1857451403887689,0.9702383999726958
10.68025981722753,0.04665203073545554,0.183585313174946,0.9703578559361081
10.710998112586577,0.046754675467546754,0.183585313174946,0.9704261164866295
10.741736407945627,0.04703929164360819,0.183585313174946,0.9706138330005631
10.772474703304674,0.04711751662971175,0.183585313174946,0.9706650284134541
10.803212998663724,0.04730105731775181,0.183585313174946,0.9707844843768665
10.833951294022771,0.04690117252931323,0.18142548596112312,0.9708698100650182
10.864689589381822,0.04697986577181208,0.18142548596112312,0.9709210054779092
10.895427884740869,0.04670793472144063,0.17926565874730022,0.9710916568542125
10.92616618009992,0.046813310772701636,0.17926565874730022,0.9711599174047338
10.956904475458966,0.04705215419501134,0.17926565874730022,0.9713135036434069
10.987642770818017,0.04715909090909091,0.17926565874730022,0.9713817641939282
11.018381066177067,0.04726651480637813,0.17926565874730022,0.9714500247444495
11.049119361536114,0.04745568896512293,0.17926565874730022,0.9715694807078619
11.079857656895165,0.047591743119266054,0.17926565874730022,0.9716548063960135
11.110595952254211,0.04786620530565167,0.17926565874730022,0.9718254577723169
11.141334247613262,0.048032407407407406,0.17926565874730022,0.971927848598099
11.172072542972309,0.047619047619047616,0.1771058315334773,0.9720131742862507
11.20281083833136,0.047757716948165406,0.1771058315334773,0.9720984999744023
11.233549133690406,0.047841306884480746,0.1771058315334773,0.9721496953872933
11.264287429049457,0.04800936768149883,0.1771058315334773,0.9722520862130754
11.295025724408504,0.04832056570418385,0.1771058315334773,0.972439802727009
11.325764019767554,0.048014226437462955,0.17494600431965443,0.972593388965682
11.356502315126601,0.048243001786777845,0.17494600431965443,0.9727299100667247
11.387240610485652,0.0484160191273162,0.17494600431965443,0.9728323008925067
11.417978905844702,0.048736462093862815,0.17494600431965443,0.9730200174064404
11.448717201203749,0.04839685420447671,0.17278617710583152,0.9731565385074831
11.4794554965628,0.04808277541083384,0.17062634989200864,0.9733101247461561
11.510193791921846,0.04820012202562538,0.17062634989200864,0.9733783852966774
11.540932087280897,0.04858548585485855,0.17062634989200864,0.9736002320858718
11.571670382639944,0.048118445404071564,0.16846652267818574,0.9736684926363931
11.602408677998994,0.04823747680890538,0.16846652267818574,0.9737367531869144
11.633146973358041,0.04779639975170701,0.16630669546436286,0.9738220788750661
11.663885268717092,0.04744069912609238,0.16414686825053995,0.9739585999761088
11.694623564076139,0.047589229805886035,0.16414686825053995,0.9740439256642605
11.72536185943519,0.04773869346733668,0.16414686825053995,0.9741292513524121
11.756100154794236,0.047979797979797977,0.16414686825053995,0.9742657724534548
11.786838450153287,0.047619047619047616,0.16198704103671707,0.9744022935544975
11.817576745512337,0.04792332268370607,0.16198704103671707,0.9745729449308008
11.848315040871384,0.04813863928112965,0.16198704103671707,0.9746924008942132
11.879053336230434,0.048355899419729204,0.16198704103671707,0.9748118568576255
11.909791631589481,0.04841833440929632,0.16198704103671707,0.9748459871328862
11.940529926948532,0.048575129533678756,0.16198704103671707,0.974931312821038
11.971268222307579,0.048828125,0.16198704103671707,0.9750678339220806
12.00200651766663,0.0489556135770235,0.16198704103671707,0.975136094472602
12.032744813025676,0.04905166775670373,0.16198704103671707,0.975187289885493
12.063483108384727,0.04921259842519685,0.16198704103671707,0.9752726155736446
12.094221403743774,0.04921259842519685,0.16198704103671707,0.9752726155736446
12.124959699102824,0.04878048780487805,0.15982721382289417,0.9753750063994266
12.155697994461871,0.04897418927862343,0.15982721382289417,0.9754773972252087
12.186436289820922,0.04920212765957447,0.15982721382289417,0.975596853188621
12.217174585179972,0.049432197728790914,0.15982721382289417,0.9757163091520333
12.247912880539019,0.049059139784946235,0.15766738660907129,0.975852830253076
12.27865117589807,0.04909213180901143,0.15766738660907129,0.9758698953907063
12.309389471257116,0.049257759784075573,0.15766738660907129,0.975955221078858
12.340127766616167,0.048846675712347354,0.15550755939524838,0.9760746770422704
12.370866061975214,0.04829931972789116,0.15334773218142547,0.9761258724551614
12.401604357334264,0.048464163822525594,0.15334773218142547,0.976211198143313
12.432342652693311,0.04869684499314129,0.15334773218142547,0.9763306541067254
12.463080948052362,0.047619047619047616,0.1490280777537797,0.9764501100701377
12.493819243411409,0.0478502080443828,0.1490280777537797,0.97656956603355
12.524557538770459,0.04728789986091794,0.1468682505399568,0.976620761446441
12.555295834129506,0.047519217330538085,0.1468682505399568,0.9767402174098534
12.586034129488556,0.047116736990154715,0.1447084233261339,0.9768767385108961
12.616772424847607,0.04731638418079096,0.1447084233261339,0.9769791293366781
12.647510720206654,0.0475177304964539,0.1447084233261339,0.9770815201624601
12.678249015565704,0.04775481111903065,0.1447084233261339,0.9772009761258724
12.708987310924751,0.04792560801144492,0.1447084233261339,0.9772863018140241
12.739725606283802,0.04741379310344827,0.14254859611231102,0.9773716275021758
12.770463901642849,0.046897546897546896,0.14038876889848811,0.9774569531903274
12.8012021970019,0.04710144927536232,0.14038876889848811,0.9775593440161094
12.831940492360946,0.04734158776402039,0.14038876889848811,0.9776787999795218
12.862678787719997,0.04751461988304093,0.14038876889848811,0.9777641256676735
12.893417083079044,0.04775900073475386,0.14038876889848811,0.9778835816310859
12.924155378438094,0.048183839881393624,0.14038876889848811,0.9780883632826499
12.954893673797145,0.04839910647803425,0.14038876889848811,0.9781907541084319
12.985631969156191,0.048652694610778445,0.14038876889848811,0.9783102100718443
13.016370264515242,0.048982667671439335,0.14038876889848811,0.9784637963105173
13.047108559874289,0.04927975739196361,0.14038876889848811,0.97860031741156
13.07784685523334,0.04961832061068702,0.14038876889848811,0.978753903650233
13.108585150592386,0.04984662576687116,0.14038876889848811,0.978856294476015
13.139323445951437,0.05011565150346955,0.14038876889848811,0.9789757504394273
13.170061741310484,0.05046583850931677,0.14038876889848811,0.9791293366781003
13.200800036669534,0.05058365758754864,0.14038876889848811,0.9791805320909913
13.231538332028581,0.05078125,0.14038876889848811,0.979265857779143
13.262276627387632,0.05019607843137255,0.13822894168466524,0.9793341183296643
13.293014922746679,0.050513022888713496,0.13822894168466524,0.979470639430707
13.323753218105729,0.05071315372424723,0.13822894168466524,0.9795559651188587
13.35449151346478,0.05107741420590583,0.13822894168466524,0.9797095513575317
13.385229808823826,0.0512,0.13822894168466524,0.9797607467704227
13.415968104182877,0.051696284329563816,0.13822894168466524,0.9799655284219867
13.446706399541924,0.05190592051905921,0.13822894168466524,0.9800508541101384
13.477444694900974,0.052202283849918436,0.13822894168466524,0.9801703100735507
13.508182990260021,0.051597051597051594,0.13606911447084233,0.980238570624072
13.538921285619072,0.05185185185185185,0.13606911447084233,0.980340961449854
13.569659580978119,0.05223880597014925,0.13606911447084233,0.9804945476885271
13.60039787633717,0.052587646076794656,0.13606911447084233,0.9806310687895697
13.631136171696216,0.05285234899328859,0.13606911447084233,0.9807334596153517
13.661874467055267,0.05289672544080604,0.13606911447084233,0.9807505247529821
13.692612762414313,0.05343511450381679,0.13606911447084233,0.9809553064045462
13.723351057773364,0.05352591333899745,0.13606911447084233,0.9809894366798069
13.754089353132414,0.05366269165247019,0.13606911447084233,0.9810406320926979
13.784827648491461,0.05384615384615385,0.13606911447084233,0.9811088926432192
13.815565943850512,0.05417024935511608,0.13606911447084233,0.9812283486066316
13.846304239209559,0.05358686257562662,0.13390928725701945,0.9813136742947832
13.87704253456861,0.053959965187119235,0.13390928725701945,0.9814501953958259
13.907780829927656,0.05414847161572053,0.13390928725701945,0.9815184559463472
13.938519125286707,0.05414847161572053,0.13390928725701945,0.9815184559463472
13.969257420645754,0.054481546572934976,0.13390928725701945,0.9816379119097596
13.999995716004804,0.054673721340388004,0.13390928725701945,0.9817061724602809
14.030734011363851,0.055013309671694766,0.13390928725701945,0.9818256284236933
14.061472306722901,0.05530776092774309,0.13390928725701945,0.9819280192494753
14.092210602081948,0.05540661304736372,0.13390928725701945,0.9819621495247359
14.122948897440999,0.05560538116591928,0.13390928725701945,0.9820304100752573
14.15368719280005,0.055054151624548735,0.13174946004319654,0.9821328009010393
14.184425488159096,0.0546448087431694,0.12958963282937366,0.9822863871397123
14.215163783518147,0.05474452554744526,0.12958963282937366,0.982320517414973
14.245902078877194,0.054844606946983544,0.12958963282937366,0.9823546476902336
14.276640374236244,0.05509641873278237,0.12958963282937366,0.9824399733783853
14.307378669595291,0.05519779208831647,0.12958963282937366,0.982474103653646
14.338116964954342,0.05447830101569714,0.12742980561555076,0.982525299066537
14.368855260313389,0.054104477611940295,0.12526997840172785,0.9826959504428403
14.399593555672439,0.05425631431244153,0.12526997840172785,0.9827471458557313
14.430331851031486,0.05456255879586077,0.12526997840172785,0.9828495366815133
14.461070146390536,0.05372290292177191,0.12311015118790497,0.9828666018191436
14.491808441749583,0.054079696394686905,0.12311015118790497,0.982986057782556
14.522546737108634,0.05413105413105413,0.12311015118790497,0.9830031229201863
14.553285032467684,0.05433746425166826,0.12311015118790497,0.9830713834707077
14.584023327826731,0.05480769230769231,0.12311015118790497,0.9832249697093807
14.614761623185782,0.05405405405405406,0.12095032397408208,0.9832761651222717
14.645499918544829,0.054527750730282376,0.12095032397408208,0.9834297513609447
14.67623821390388,0.05474095796676442,0.12095032397408208,0.983498011911466
14.706976509262926,0.05506391347099312,0.12095032397408208,0.983600402737248
14.737714804621977,0.05517241379310345,0.12095032397408208,0.9836345330125087
14.768453099981024,0.055281342546890426,0.12095032397408208,0.9836686632877694
14.799191395340074,0.055666003976143144,0.12095032397408208,0.9837881192511818
14.829929690699121,0.054835493519441676,0.11879049676025918,0.9838222495264425
14.860667986058171,0.05410821643286573,0.11663066954643629,0.9838905100769638
14.891406281417218,0.05416248746238716,0.11663066954643629,0.9839075752145942
14.922144576776269,0.054490413723511606,0.11663066954643629,0.9840099660403762
14.95288287213532,0.0547112462006079,0.11663066954643629,0.9840782265908975
14.983621167494366,0.054878048780487805,0.11663066954643629,0.9841294220037885
15.014359462853417,0.05521472392638037,0.11663066954643629,0.9842318128295705
15.045097758212464,0.054414784394250515,0.11447084233261338,0.9842830082424615
15.075836053571514,0.05458290422245108,0.11447084233261338,0.9843342036553525
15.106574348930561,0.05463917525773196,0.11447084233261338,0.9843512687929828
15.137312644289612,0.055150884495317375,0.11447084233261338,0.9845048550316559
15.168050939648658,0.05549738219895288,0.11447084233261338,0.9846072458574379
15.198789235007709,0.055613850996852045,0.11447084233261338,0.9846413761326985
15.229527530366756,0.05590717299578059,0.11447084233261338,0.9847267018208502
15.260265825725806,0.05614406779661017,0.11447084233261338,0.9847949623713715
15.291004121084853,0.05650319829424307,0.11447084233261338,0.9848973531971535
15.321742416443904,0.056745182012847964,0.11447084233261338,0.9849656137476749
15.352480711802954,0.05597416576964478,0.11231101511879049,0.9850338742981962
15.383219007162001,0.05621621621621622,0.11231101511879049,0.9851021348487176
15.413957302521052,0.05639913232104121,0.11231101511879049,0.9851533302616086
15.444695597880099,0.05664488017429194,0.11231101511879049,0.9852215908121299
15.475433893239149,0.05579868708971553,0.1101511879049676,0.9852727862250209
15.506172188598196,0.056105610561056105,0.1101511879049676,0.9853581119131726
15.536910483957246,0.05622932745314223,0.1101511879049676,0.9853922421884332
15.567648779316293,0.05549389567147614,0.1079913606911447,0.9854775678765849
15.598387074675344,0.05580357142857143,0.1079913606911447,0.9855628935647366
15.62912537003439,0.05649717514124294,0.1079913606911447,0.9857506100786703
15.659863665393441,0.056818181818181816,0.1079913606911447,0.9858359357668219
15.690601960752488,0.055872291904218926,0.10583153347732181,0.9858700660420826
15.721340256111539,0.05606407322654462,0.10583153347732181,0.9859212614549736
15.75207855147059,0.05625717566016074,0.10583153347732181,0.9859724568678646
15.782816846829636,0.05651672433679354,0.10583153347732181,0.986040717418386
15.813555142188687,0.0570430733410943,0.10583153347732181,0.9861772385194286
15.844293437547734,0.057511737089201875,0.10583153347732181,0.986296694482841
15.875031732906784,0.057579318448883664,0.10583153347732181,0.9863137596204713
15.905770028265831,0.05771495877502945,0.10583153347732181,0.986347889895732
15.936508323624881,0.05785123966942149,0.10583153347732181,0.9863820201709926
15.967246618983928,0.05785123966942149,0.10583153347732181,0.9863820201709926
15.997984914342979,0.05798816568047337,0.10583153347732181,0.9864161504462533
16.028723209702026,0.058333333333333334,0.10583153347732181,0.986501476134405
16.059461505061076,0.058333333333333334,0.10583153347732181,0.986501476134405
16.090199800420123,0.05741626794258373,0.10367170626349892,0.986552671547296
16.120938095779174,0.05783132530120482,0.10367170626349892,0.986655062373078
16.151676391138224,0.05811138014527845,0.10367170626349892,0.9867233229235994
16.18241468649727,0.0583232077764277,0.10367170626349892,0.9867745183364904
16.21315298185632,0.05867970660146699,0.10367170626349892,0.9868598440246421
16.24389127721537,0.0587515299877601,0.10367170626349892,0.9868769091622724
16.27462957257442,0.05896805896805897,0.10367170626349892,0.9869281045751634
16.305367867933466,0.05947955390334572,0.10367170626349892,0.9870475605385758
16.336106163292516,0.05970149253731343,0.10367170626349892,0.9870987559514668
16.366844458651563,0.06,0.10367170626349892,0.9871670165019881
16.397582754010614,0.060453400503778336,0.10367170626349892,0.9872694073277701
16.42832104936966,0.05949367088607595,0.10151187904967603,0.9873206027406611
16.45905934472871,0.05964467005076142,0.10151187904967603,0.9873547330159218
16.48979764008776,0.05859872611464968,0.09935205183585313,0.9873888632911825
16.52053593544681,0.05874840357598978,0.09935205183585313,0.9874229935664431
16.55127423080586,0.059050064184852376,0.09935205183585313,0.9874912541169645
16.582012526164906,0.059278350515463915,0.09935205183585313,0.9875424495298555
16.612750821523957,0.05966277561608301,0.09935205183585313,0.9876277752180072
16.643489116883003,0.06028833551769332,0.09935205183585313,0.9877642963190498
16.674227412242054,0.060927152317880796,0.09935205183585313,0.9879008174200925
16.7049657076011,0.0610079575596817,0.09935205183585313,0.9879178825577228
16.73570400296015,0.06125166444740346,0.09935205183585313,0.9879690779706138
16.7664422983192,0.06141522029372497,0.09935205183585313,0.9880032082458745
16.79718059367825,0.06174496644295302,0.09935205183585313,0.9880714687963958
16.827918889037296,0.06199460916442048,0.09935205183585313,0.9881226642092868
16.858657184396346,0.06241519674355495,0.09935205183585313,0.9882079898974385
16.889395479755397,0.06258503401360545,0.09935205183585313,0.9882421201726992
16.920133775114444,0.06284153005464481,0.09935205183585313,0.9882933155855902
16.950872070473494,0.06292749658002736,0.09935205183585313,0.9883103807232205
16.98161036583254,0.06292749658002736,0.09935205183585313,0.9883103807232205
17.01234866119159,0.06318681318681318,0.09935205183585313,0.9883615761361115
17.04308695655064,0.0638002773925104,0.09935205183585313,0.9884810320995239
17.07382525190969,0.06424581005586592,0.09935205183585313,0.9885663577876755
17.104563547268736,0.06442577030812324,0.09935205183585313,0.9886004880629362
17.135301842627786,0.0647887323943662,0.09935205183585313,0.9886687486134575
17.166040137986833,0.06488011283497884,0.09935205183585313,0.9886858137510879
17.196778433345884,0.06534090909090909,0.09935205183585313,0.9887711394392396
17.22751672870493,0.06428571428571428,0.09719222462203024,0.9888223348521306
17.25825502406398,0.06222865412445731,0.09287257019438445,0.9889417908155429
17.28899331942303,0.062409288824383166,0.09287257019438445,0.9889759210908036
17.31973161478208,0.0629575402635432,0.09287257019438445,0.9890783119165856
17.35046991014113,0.061855670103092786,0.09071274298056156,0.9891295073294766
17.381208205500176,0.060561299852289516,0.08855291576673865,0.9891465724671069
17.411946500859226,0.06110283159463487,0.08855291576673865,0.9892489632928889
17.442684796218273,0.061285500747384154,0.08855291576673865,0.9892830935681496
17.473423091577324,0.061377245508982034,0.08855291576673865,0.9893001587057799
17.50416138693637,0.06156156156156156,0.08855291576673865,0.9893342889810406
17.53489968229542,0.06202723146747353,0.08855291576673865,0.9894196146691923
17.565637977654468,0.0625,0.08855291576673865,0.9895049403573439
17.59637627301352,0.0629800307219662,0.08855291576673865,0.9895902660454956
17.627114568372566,0.06172839506172839,0.08639308855291576,0.9896243963207563
17.657852863731616,0.06201550387596899,0.08639308855291576,0.9896755917336474
17.688591159090667,0.0625,0.08639308855291576,0.9897609174217991
17.719329454449714,0.061128526645768025,0.08423326133909287,0.9897779825594294
17.750067749808764,0.061611374407582936,0.08423326133909287,0.9898633082475811
17.78080604516781,0.06200317965023847,0.08423326133909287,0.9899315687981024
17.81154434052686,0.06230031948881789,0.08423326133909287,0.9899827642109934
17.84228263588591,0.060995184590690206,0.08207343412526998,0.9900168944862541
17.87302093124496,0.061389337641357025,0.08207343412526998,0.9900851550367754
17.903759226604006,0.06168831168831169,0.08207343412526998,0.9901363504496664
17.934497521963056,0.06168831168831169,0.08207343412526998,0.9901363504496664
17.965235817322103,0.06209150326797386,0.08207343412526998,0.9902046110001878
17.995974112681154,0.06239737274220033,0.08207343412526998,0.9902558064130788
18.0267124080402,0.06085526315789474,0.07991360691144708,0.9902558064130788
18.05745070339925,0.06085526315789474,0.07991360691144708,0.9902558064130788
18.0881889987583,0.060955518945634266,0.07991360691144708,0.9902728715507091
18.11892729411735,0.059800664451827246,0.07775377969762419,0.9903411321012304
18.1496655894764,0.06,0.07775377969762419,0.9903752623764911
18.180403884835446,0.06030150753768844,0.07775377969762419,0.9904264577893821
18.211142180194496,0.06030150753768844,0.07775377969762419,0.9904264577893821
18.241880475553543,0.060810810810810814,0.07775377969762419,0.9905117834775338
18.272618770912594,0.06132879045996593,0.07775377969762419,0.9905971091656854
18.30335706627164,0.06132879045996593,0.07775377969762419,0.9905971091656854
18.33409536163069,0.06143344709897611,0.07775377969762419,0.9906141743033158
18.364833656989738,0.06153846153846154,0.07775377969762419,0.9906312394409461
18.39557195234879,0.06153846153846154,0.07775377969762419,0.9906312394409461
18.426310247707836,0.060034305317324184,0.0755939524838013,0.9906483045785764
18.457048543066886,0.06055363321799308,0.0755939524838013,0.9907336302667281
18.487786838425937,0.06076388888888889,0.0755939524838013,0.9907677605419888
18.518525133784983,0.06118881118881119,0.0755939524838013,0.9908360210925101
18.549263429144034,0.06140350877192982,0.0755939524838013,0.9908701513677708
18.58000172450308,0.059964726631393295,0.0734341252699784,0.9909042816430315
18.61074001986213,0.060498220640569395,0.0734341252699784,0.9909896073311831
18.64147831522118,0.05935251798561151,0.07127429805615551,0.9910749330193348
18.67221661058023,0.05945945945945946,0.07127429805615551,0.9910919981569651
18.702954905939276,0.059674502712477394,0.07127429805615551,0.9911261284322258
18.733693201298326,0.05989110707803993,0.07127429805615551,0.9911602587074865
18.764431496657373,0.05989110707803993,0.07127429805615551,0.9911602587074865
18.795169792016424,0.06043956043956044,0.07127429805615551,0.9912455843956381
18.82590808737547,0.06099815157116451,0.07127429805615551,0.9913309100837898
18.85664638273452,0.061224489795918366,0.07127429805615551,0.9913650403590505
18.88738467809357,0.061452513966480445,0.07127429805615551,0.9913991706343112
18.91812297345262,0.061567164179104475,0.07127429805615551,0.9914162357719415
18.94886126881167,0.061567164179104475,0.07127429805615551,0.9914162357719415
18.979599564170716,0.06179775280898876,0.07127429805615551,0.9914503660472022
19.010337859529766,0.06191369606003752,0.07127429805615551,0.9914674311848325
19.041076154888817,0.06191369606003752,0.07127429805615551,0.9914674311848325
19.07181445024786,0.062264150943396226,0.07127429805615551,0.9915186265977235
19.10255274560691,0.0625,0.07127429805615551,0.9915527568729842
19.13329104096596,0.06261859582542695,0.07127429805615551,0.9915698220106145
19.16402933632501,0.06309751434034416,0.07127429805615551,0.9916380825611358
19.194767631684055,0.06358381502890173,0.07127429805615551,0.9917063431116572
19.225505927043105,0.0637065637065637,0.07127429805615551,0.9917234082492875
19.256244222402156,0.06420233463035019,0.07127429805615551,0.9917916687998088
19.286982517761206,0.06262230919765166,0.06911447084233262,0.9918257990750695
19.317720813120257,0.06286836935166994,0.06911447084233262,0.9918599293503302
19.3484591084793,0.061507936507936505,0.06695464362850972,0.9919281899008515
19.37919740383835,0.061752988047808766,0.06695464362850972,0.9919623201761122
19.4099356991974,0.061752988047808766,0.06695464362850972,0.9919623201761122
19.44067399455645,0.062,0.06695464362850972,0.9919964504513729
19.471412289915495,0.0625,0.06695464362850972,0.9920647110018942
19.502150585274546,0.06262626262626263,0.06695464362850972,0.9920817761395245
19.532888880633596,0.06097560975609756,0.06479481641468683,0.9921159064147852
19.563627175992647,0.061224489795918366,0.06479481641468683,0.9921500366900459
19.59436547135169,0.061601642710472276,0.06479481641468683,0.9922012321029369
19.62510376671074,0.06198347107438017,0.06479481641468683,0.9922524275158279
19.65584206206979,0.06016597510373444,0.06263498920086392,0.9922694926534582
19.68658035742884,0.06092436974789916,0.06263498920086392,0.9923718834792402
19.717318652787892,0.061052631578947365,0.06263498920086392,0.9923889486168705
19.748056948146935,0.0613107822410148,0.06263498920086392,0.9924230788921312
19.778795243505986,0.0614406779661017,0.06263498920086392,0.9924401440297616
19.809533538865036,0.06157112526539278,0.06263498920086392,0.9924572091673919
19.840271834224087,0.06209850107066381,0.06263498920086392,0.9925254697179132
19.87101012958313,0.060215053763440864,0.06047516198704104,0.9925425348555436
19.90174842494218,0.06060606060606061,0.06047516198704104,0.9925937302684346
19.93248672030123,0.06086956521739131,0.06047516198704104,0.9926278605436953
19.96322501566028,0.0611353711790393,0.06047516198704104,0.992661990818956
19.993963311019325,0.061269146608315096,0.06047516198704104,0.9926790559565863
20.024701606378375,0.061946902654867256,0.06047516198704104,0.992764381644738
20.055439901737426,0.062360801781737196,0.06047516198704104,0.992815577057629
20.086178197096476,0.06278026905829596,0.06047516198704104,0.99286677247052
20.116916492455527,0.06108597285067873,0.058315334773218146,0.992917967883411
20.14765478781457,0.061224489795918366,0.058315334773218146,0.9929350330210414
20.17839308317362,0.06150341685649203,0.058315334773218146,0.992969163296302
20.20913137853267,0.06206896551724138,0.058315334773218146,0.9930374238468234
20.23986967389172,0.06235565819861432,0.058315334773218146,0.993071554122084
20.270607969250765,0.06264501160092807,0.058315334773218146,0.9931056843973447
20.301346264609816,0.06279069767441861,0.058315334773218146,0.993122749534975
20.332084559968866,0.06293706293706294,0.058315334773218146,0.9931398146726054
20.362822855327916,0.06293706293706294,0.058315334773218146,0.9931398146726054
20.39356115068696,0.0630841121495327,0.058315334773218146,0.9931568798102357
20.42429944604601,0.0630841121495327,0.058315334773218146,0.9931568798102357
20.45503774140506,0.06323185011709602,0.058315334773218146,0.993173944947866
20.48577603676411,0.06367924528301887,0.058315334773218146,0.993225140360757
20.516514332123162,0.06367924528301887,0.058315334773218146,0.993225140360757
20.547252627482205,0.06382978723404255,0.058315334773218146,0.9932422054983874
20.577990922841256,0.06443914081145585,0.058315334773218146,0.9933104660489087
20.608729218200306,0.06443914081145585,0.058315334773218146,0.9933104660489087
20.639467513559357,0.06220095693779904,0.056155507559395246,0.9933104660489087
20.6702058089184,0.06235011990407674,0.056155507559395246,0.993327531186539
20.70094410427745,0.06235011990407674,0.056155507559395246,0.993327531186539
20.7316823996365,0.0625,0.056155507559395246,0.9933445963241694
20.76242069499555,0.06265060240963856,0.056155507559395246,0.9933616614617997
20.793158990354595,0.06295399515738499,0.056155507559395246,0.9933957917370604
20.823897285713645,0.06295399515738499,0.056155507559395246,0.9933957917370604
20.854635581072696,0.06341463414634146,0.056155507559395246,0.9934469871499514
20.885373876431746,0.06372549019607843,0.056155507559395246,0.9934811174252121
20.916112171790797,0.06451612903225806,0.056155507559395246,0.9935664431133637
20.94685046714984,0.06451612903225806,0.056155507559395246,0.9935664431133637
20.97758876250889,0.06516290726817042,0.056155507559395246,0.9936347036638851
21.00832705786794,0.06565656565656566,0.056155507559395246,0.9936858990767761
21.03906535322699,0.06582278481012659,0.056155507559395246,0.9937029642144064
21.069803648586035,0.06598984771573604,0.056155507559395246,0.9937200293520367
21.100541943945085,0.06598984771573604,0.056155507559395246,0.9937200293520367
21.131280239304136,0.06615776081424936,0.056155507559395246,0.9937370944896671
21.162018534663186,0.06615776081424936,0.056155507559395246,0.9937370944896671
21.19275683002223,0.06649616368286446,0.056155507559395246,0.9937712247649277
21.22349512538128,0.06701030927835051,0.056155507559395246,0.9938224201778187
21.25423342074033,0.06735751295336788,0.056155507559395246,0.9938565504530794
21.28497171609938,0.06770833333333333,0.056155507559395246,0.9938906807283401
21.31571001145843,0.06770833333333333,0.056155507559395246,0.9938906807283401
21.346448306817475,0.06788511749347259,0.056155507559395246,0.9939077458659704
21.377186602176526,0.06788511749347259,0.056155507559395246,0.9939077458659704
21.407924897535576,0.06824146981627296,0.056155507559395246,0.9939418761412311
21.438663192894627,0.06842105263157895,0.056155507559395246,0.9939589412788614
21.46940148825367,0.06860158311345646,0.056155507559395246,0.9939760064164918
21.50013978361272,0.06860158311345646,0.056155507559395246,0.9939760064164918
21.53087807897177,0.06860158311345646,0.056155507559395246,0.9939760064164918
21.56161637433082,0.06878306878306878,0.056155507559395246,0.9939930715541221
21.592354669689865,0.06914893617021277,0.056155507559395246,0.9940272018293828
21.623092965048915,0.06914893617021277,0.056155507559395246,0.9940272018293828
21.653831260407966,0.06933333333333333,0.056155507559395246,0.9940442669670131
21.684569555767016,0.06951871657754011,0.056155507559395246,0.9940613321046434
21.715307851126067,0.06970509383378017,0.056155507559395246,0.9940783972422738
21.74604614648511,0.06989247311827956,0.056155507559395246,0.9940954623799041
21.77678444184416,0.06989247311827956,0.056155507559395246,0.9940954623799041
21.80752273720321,0.06989247311827956,0.056155507559395246,0.9940954623799041
21.83826103256226,0.07008086253369272,0.056155507559395246,0.9941125275175344
21.868999327921305,0.07008086253369272,0.056155507559395246,0.9941125275175344
21.899737623280355,0.07008086253369272,0.056155507559395246,0.9941125275175344
21.930475918639406,0.07046070460704607,0.056155507559395246,0.9941466577927951
21.961214213998456,0.07103825136612021,0.056155507559395246,0.9941978532056861
21.9919525093575,0.0718232044198895,0.056155507559395246,0.9942661137562074
22.02269080471655,0.0718232044198895,0.056155507559395246,0.9942661137562074
22.0534291000756,0.0718232044198895,0.056155507559395246,0.9942661137562074
22.08416739543465,0.07242339832869081,0.056155507559395246,0.9943173091690984
22.1149056907937,0.07242339832869081,0.056155507559395246,0.9943173091690984
22.145643986152745,0.07303370786516854,0.056155507559395246,0.9943685045819894
22.176382281511795,0.07303370786516854,0.056155507559395246,0.9943685045819894
22.207120576870846,0.07365439093484419,0.056155507559395246,0.9944196999948804
22.237858872229896,0.07407407407407407,0.056155507559395246,0.9944538302701411
22.26859716758894,0.07407407407407407,0.056155507559395246,0.9944538302701411
22.29933546294799,0.069164265129683,0.05183585313174946,0.9944879605454018
22.33007375830704,0.06686046511627906,0.04967602591792657,0.9945220908206625
22.36081205366609,0.06725146198830409,0.04967602591792657,0.9945562210959231
22.391550349025135,0.06725146198830409,0.04967602591792657,0.9945562210959231
22.422288644384185,0.06725146198830409,0.04967602591792657,0.9945562210959231
22.453026939743236,0.06725146198830409,0.04967602591792657,0.9945562210959231
22.483765235102286,0.06725146198830409,0.04967602591792657,0.9945562210959231
22.514503530461337,0.06764705882352941,0.04967602591792657,0.9945903513711838
22.54524182582038,0.06804733727810651,0.04967602591792657,0.9946244816464445
22.57598012117943,0.06804733727810651,0.04967602591792657,0.9946244816464445
22.60671841653848,0.06906906906906907,0.04967602591792657,0.9947098073345961
22.63745671189753,0.0696969696969697,0.04967602591792657,0.9947610027474871
22.668195007256575,0.0701219512195122,0.04967602591792657,0.9947951330227478
22.698933302615625,0.0701219512195122,0.04967602591792657,0.9947951330227478
22.729671597974676,0.0701219512195122,0.04967602591792657,0.9947951330227478
22.760409893333726,0.07033639143730887,0.04967602591792657,0.9948121981603781
22.791148188692777,0.07076923076923076,0.04967602591792657,0.9948463284356388
22.82188648405182,0.07120743034055728,0.04967602591792657,0.9948804587108995
22.85262477941087,0.07165109034267912,0.04967602591792657,0.9949145889861601
22.88336307476992,0.07210031347962383,0.04967602591792657,0.9949487192614208
22.91410137012897,0.07210031347962383,0.04967602591792657,0.9949487192614208
22.944839665488015,0.07210031347962383,0.04967602591792657,0.9949487192614208
22.975577960847065,0.07210031347962383,0.04967602591792657,0.9949487192614208
23.006316256206116,0.06918238993710692,0.047516198704103674,0.9949487192614208
23.037054551565166,0.06645569620253164,0.04535637149028078,0.9949657843990511
23.06779284692421,0.06687898089171974,0.04535637149028078,0.9949999146743118
23.09853114228326,0.06752411575562701,0.04535637149028078,0.9950511100872028
23.12926943764231,0.06493506493506493,0.04319654427645788,0.9950852403624635
23.16000773300136,0.06493506493506493,0.04319654427645788,0.9950852403624635
23.19074602836041,0.06493506493506493,0.04319654427645788,0.9950852403624635
23.221484323719455,0.06514657980456026,0.04319654427645788,0.9951023055000938
23.252222619078506,0.06229508196721312,0.04103671706263499,0.9951193706377242
23.282960914437556,0.06229508196721312,0.04103671706263499,0.9951193706377242
23.313699209796606,0.06229508196721312,0.04103671706263499,0.9951193706377242
23.34443750515565,0.0625,0.04103671706263499,0.9951364357753545
23.3751758005147,0.0625,0.04103671706263499,0.9951364357753545
23.40591409587375,0.0627062706270627,0.04103671706263499,0.9951535009129848
23.4366523912328,0.06312292358803986,0.04103671706263499,0.9951876311882455
23.467390686591845,0.06333333333333334,0.04103671706263499,0.9952046963258758
23.498128981950895,0.06333333333333334,0.04103671706263499,0.9952046963258758
23.528867277309946,0.06333333333333334,0.04103671706263499,0.9952046963258758
23.559605572668996,0.06354515050167224,0.04103671706263499,0.9952217614635062
23.590343868028047,0.06354515050167224,0.04103671706263499,0.9952217614635062
23.62108216338709,0.06354515050167224,0.04103671706263499,0.9952217614635062
23.65182045874614,0.06397306397306397,0.04103671706263499,0.9952558917387668
23.68255875410519,0.06397306397306397,0.04103671706263499,0.9952558917387668
23.71329704946424,0.06440677966101695,0.04103671706263499,0.9952900220140275
23.744035344823285,0.06484641638225255,0.04103671706263499,0.9953241522892882
23.774773640182335,0.06529209621993128,0.04103671706263499,0.9953582825645488
23.805511935541386,0.0657439446366782,0.04103671706263499,0.9953924128398095
23.836250230900436,0.06620209059233449,0.04103671706263499,0.9954265431150702
23.86698852625948,0.06643356643356643,0.04103671706263499,0.9954436082527005
23.89772682161853,0.06666666666666667,0.04103671706263499,0.9954606733903308
23.92846511697758,0.06666666666666667,0.04103671706263499,0.9954606733903308
23.95920341233663,0.06690140845070422,0.04103671706263499,0.9954777385279612
23.98994170769568,0.06713780918727916,0.04103671706263499,0.9954948036655915
24.020680003054725,0.06761565836298933,0.04103671706263499,0.9955289339408522
24.051418298413775,0.0683453237410072,0.04103671706263499,0.9955801293537433
24.082156593772826,0.06909090909090909,0.04103671706263499,0.9956313247666343
24.112894889131876,0.0695970695970696,0.04103671706263499,0.995665455041895
24.14363318449092,0.06985294117647059,0.04103671706263499,0.9956825201795253
24.17437147984997,0.07011070110701106,0.04103671706263499,0.9956995853171556
24.20510977520902,0.07011070110701106,0.04103671706263499,0.9956995853171556
24.23584807056807,0.07011070110701106,0.04103671706263499,0.9956995853171556
24.266586365927115,0.07011070110701106,0.04103671706263499,0.9956995853171556
24.297324661286165,0.07011070110701106,0.04103671706263499,0.9956995853171556
24.328062956645216,0.07037037037037037,0.04103671706263499,0.995716650454786
24.358801252004266,0.07063197026022305,0.04103671706263499,0.9957337155924163
24.389539547363317,0.07116104868913857,0.04103671706263499,0.995767845867677
24.42027784272236,0.07116104868913857,0.04103671706263499,0.995767845867677
24.45101613808141,0.07142857142857142,0.04103671706263499,0.9957849110053073
24.48175443344046,0.07169811320754717,0.04103671706263499,0.9958019761429376
24.51249272879951,0.07196969696969698,0.04103671706263499,0.995819041280568
24.543231024158555,0.07196969696969698,0.04103671706263499,0.995819041280568
24.573969319517605,0.07224334600760456,0.04103671706263499,0.9958361064181983
24.604707614876656,0.07224334600760456,0.04103671706263499,0.9958361064181983
24.635445910235706,0.07251908396946564,0.04103671706263499,0.9958531715558286
24.66618420559475,0.07251908396946564,0.04103671706263499,0.9958531715558286
24.6969225009538,0.06923076923076923,0.038876889848812095,0.995870236693459
24.72766079631285,0.0694980694980695,0.038876889848812095,0.9958873018310893
24.7583990916719,0.0694980694980695,0.038876889848812095,0.9958873018310893
24.78913738703095,0.06976744186046512,0.038876889848812095,0.9959043669687196
24.819875682389995,0.06976744186046512,0.038876889848812095,0.9959043669687196
24.850613977749045,0.06976744186046512,0.038876889848812095,0.9959043669687196
24.881352273108096,0.06976744186046512,0.038876889848812095,0.9959043669687196
24.912090568467146,0.07058823529411765,0.038876889848812095,0.9959555623816106
24.94282886382619,0.07058823529411765,0.038876889848812095,0.9959555623816106
24.97356715918524,0.07058823529411765,0.038876889848812095,0.9959555623816106
25.00430545454429,0.07058823529411765,0.038876889848812095,0.9959555623816106
25.03504374990334,0.07086614173228346,0.038876889848812095,0.995972627519241
25.065782045262385,0.07114624505928854,0.038876889848812095,0.9959896926568713
25.096520340621435,0.07114624505928854,0.038876889848812095,0.9959896926568713
25.127258635980485,0.07171314741035857,0.038876889848812095,0.996023822932132
25.157996931339536,0.06827309236947791,0.0367170626349892,0.9960408880697623
25.188735226698586,0.06854838709677419,0.0367170626349892,0.9960579532073927
25.21947352205763,0.06910569105691057,0.0367170626349892,0.9960920834826533
25.25021181741668,0.06910569105691057,0.0367170626349892,0.9960920834826533
25.28095011277573,0.06938775510204082,0.0367170626349892,0.9961091486202837
25.31168840813478,0.06938775510204082,0.0367170626349892,0.9961091486202837
25.342426703493825,0.06967213114754098,0.0367170626349892,0.996126213757914
25.373164998852875,0.07024793388429752,0.0367170626349892,0.9961603440331747
25.403903294211926,0.07024793388429752,0.0367170626349892,0.9961603440331747
25.434641589570976,0.07024793388429752,0.0367170626349892,0.9961603440331747
25.46537988493002,0.07024793388429752,0.0367170626349892,0.9961603440331747
25.49611818028907,0.07053941908713693,0.0367170626349892,0.996177409170805
25.52685647564812,0.07053941908713693,0.0367170626349892,0.996177409170805
25.55759477100717,0.07083333333333333,0.0367170626349892,0.9961944743084353
25.58833306636622,0.06722689075630252,0.03455723542116631,0.9962115394460657
25.619071361725265,0.06779661016949153,0.03455723542116631,0.9962456697213263
25.649809657084315,0.06808510638297872,0.03455723542116631,0.9962627348589567
25.680547952443366,0.06808510638297872,0.03455723542116631,0.9962627348589567
25.711286247802416,0.06837606837606838,0.03455723542116631,0.996279799996587
25.74202454316146,0.06866952789699571,0.03455723542116631,0.9962968651342173
25.77276283852051,0.06896551724137931,0.03455723542116631,0.9963139302718477
25.80350113387956,0.06926406926406926,0.03455723542116631,0.996330995409478
25.83423942923861,0.06926406926406926,0.03455723542116631,0.996330995409478
25.864977724597654,0.06926406926406926,0.03455723542116631,0.996330995409478
25.895716019956705,0.06956521739130435,0.03455723542116631,0.9963480605471083
25.926454315315755,0.06986899563318777,0.03455723542116631,0.9963651256847387
25.957192610674806,0.07048458149779736,0.03455723542116631,0.9963992559599993
25.987930906033856,0.06666666666666667,0.032397408207343416,0.9964163210976297
26.0186692013929,0.06666666666666667,0.032397408207343416,0.9964163210976297
26.04940749675195,0.06696428571428571,0.032397408207343416,0.99643338623526
26.080145792111,0.06726457399103139,0.032397408207343416,0.9964504513728903
26.11088408747005,0.06787330316742081,0.032397408207343416,0.996484581648151
26.141622382829095,0.06787330316742081,0.032397408207343416,0.996484581648151
26.172360678188145,0.0684931506849315,0.032397408207343416,0.9965187119234117
26.203098973547196,0.06422018348623854,0.03023758099352052,0.9965187119234117
26.233837268906246,0.06451612903225806,0.03023758099352052,0.996535777061042
26.26457556426529,0.06511627906976744,0.03023758099352052,0.9965699073363027
26.29531385962434,0.06511627906976744,0.03023758099352052,0.9965699073363027
26.32605215498339,0.06511627906976744,0.03023758099352052,0.9965699073363027
26.35679045034244,0.06542056074766354,0.03023758099352052,0.996586972473933
26.38752874570149,0.06572769953051644,0.03023758099352052,0.9966040376115634
26.418267041060535,0.06572769953051644,0.03023758099352052,0.9966040376115634
26.449005336419585,0.06635071090047394,0.03023758099352052,0.996638167886824
26.479743631778636,0.06635071090047394,0.03023758099352052,0.996638167886824
26.510481927137686,0.06635071090047394,0.03023758099352052,0.996638167886824
26.54122022249673,0.06635071090047394,0.03023758099352052,0.996638167886824
26.57195851785578,0.06666666666666667,0.03023758099352052,0.9966552330244544
26.60269681321483,0.0625,0.028077753779697623,0.9966722981620847
26.63343510857388,0.0625,0.028077753779697623,0.9966722981620847
26.664173403932924,0.06280193236714976,0.028077753779697623,0.996689363299715
26.694911699291975,0.05825242718446602,0.02591792656587473,0.996689363299715
26.725649994651025,0.058823529411764705,0.02591792656587473,0.9967234935749757
26.756388290010076,0.058823529411764705,0.02591792656587473,0.9967234935749757
26.787126585369126,0.059113300492610835,0.02591792656587473,0.996740558712606
26.81786488072817,0.0594059405940594,0.02591792656587473,0.9967576238502364
26.84860317608722,0.05970149253731343,0.02591792656587473,0.9967746889878667
26.87934147144627,0.06,0.02591792656587473,0.996791754125497
26.91007976680532,0.06030150753768844,0.02591792656587473,0.9968088192631274
26.940818062164364,0.06060606060606061,0.02591792656587473,0.9968258844007577
26.971556357523415,0.061224489795918366,0.02591792656587473,0.9968600146760184
27.002294652882465,0.05670103092783505,0.023758099352051837,0.9968770798136487
27.033032948241516,0.057291666666666664,0.023758099352051837,0.9969112100889094
27.06377124360056,0.057291666666666664,0.023758099352051837,0.9969112100889094
27.09450953895961,0.057291666666666664,0.023758099352051837,0.9969112100889094
27.12524783431866,0.057291666666666664,0.023758099352051837,0.9969112100889094
27.15598612967771,0.05759162303664921,0.023758099352051837,0.9969282752265397
27.18672442503676,0.05759162303664921,0.023758099352051837,0.9969282752265397
27.217462720395805,0.05789473684210526,0.023758099352051837,0.99694534036417
27.248201015754855,0.05789473684210526,0.023758099352051837,0.99694534036417
27.278939311113906,0.05789473684210526,0.023758099352051837,0.99694534036417
27.309677606472956,0.0582010582010582,0.023758099352051837,0.9969624055018004
27.340415901832,0.0582010582010582,0.023758099352051837,0.9969624055018004
27.37115419719105,0.05851063829787234,0.023758099352051837,0.9969794706394307
27.4018924925501,0.058823529411764705,0.023758099352051837,0.996996535777061
27.43263078790915,0.058823529411764705,0.023758099352051837,0.996996535777061
27.463369083268194,0.05945945945945946,0.023758099352051837,0.9970306660523217
27.494107378627245,0.05945945945945946,0.023758099352051837,0.9970306660523217
27.524845673986295,0.05945945945945946,0.023758099352051837,0.9970306660523217
27.555583969345346,0.059782608695652176,0.023758099352051837,0.997047731189952
27.586322264704396,0.059782608695652176,0.023758099352051837,0.997047731189952
27.61706056006344,0.059782608695652176,0.023758099352051837,0.997047731189952
27.64779885542249,0.060109289617486336,0.023758099352051837,0.9970647963275824
27.67853715078154,0.055248618784530384,0.02159827213822894,0.9970818614652127
27.70927544614059,0.055248618784530384,0.02159827213822894,0.9970818614652127
27.740013741499634,0.055865921787709494,0.02159827213822894,0.9971159917404734
27.770752036858685,0.055865921787709494,0.02159827213822894,0.9971159917404734
27.801490332217735,0.056179775280898875,0.02159827213822894,0.9971330568781037
27.832228627576786,0.05649717514124294,0.02159827213822894,0.997150122015734
27.86296692293583,0.05142857142857143,0.019438444924406047,0.9971671871533644
27.89370521829488,0.05142857142857143,0.019438444924406047,0.9971671871533644
27.92444351365393,0.05172413793103448,0.019438444924406047,0.9971842522909947
27.95518180901298,0.05172413793103448,0.019438444924406047,0.9971842522909947
27.98592010437203,0.05172413793103448,0.019438444924406047,0.9971842522909947
28.016658399731075,0.05202312138728324,0.019438444924406047,0.9972013174286251
28.047396695090125,0.05202312138728324,0.019438444924406047,0.9972013174286251
28.078134990449175,0.05263157894736842,0.019438444924406047,0.9972354477038857
28.108873285808226,0.05325443786982249,0.019438444924406047,0.9972695779791464
28.13961158116727,0.05325443786982249,0.019438444924406047,0.9972695779791464
28.17034987652632,0.05325443786982249,0.019438444924406047,0.9972695779791464
28.20108817188537,0.05325443786982249,0.019438444924406047,0.9972695779791464
28.23182646724442,0.05325443786982249,0.019438444924406047,0.9972695779791464
28.262564762603464,0.05325443786982249,0.019438444924406047,0.9972695779791464
28.293303057962515,0.05357142857142857,0.019438444924406047,0.9972866431167767
28.324041353321565,0.05421686746987952,0.019438444924406047,0.9973207733920374
28.354779648680616,0.05454545454545454,0.019438444924406047,0.9973378385296677
28.385517944039666,0.05454545454545454,0.019438444924406047,0.9973378385296677
28.41625623939871,0.054878048780487805,0.019438444924406047,0.9973549036672981
28.44699453475776,0.05521472392638037,0.019438444924406047,0.9973719688049284
28.47773283011681,0.05521472392638037,0.019438444924406047,0.9973719688049284
28.50847112547586,0.05521472392638037,0.019438444924406047,0.9973719688049284
28.539209420834904,0.05521472392638037,0.019438444924406047,0.9973719688049284
28.569947716193955,0.05521472392638037,0.019438444924406047,0.9973719688049284
28.600686011553005,0.05555555555555555,0.019438444924406047,0.9973890339425587
28.631424306912056,0.05555555555555555,0.019438444924406047,0.9973890339425587
28.6621626022711,0.05555555555555555,0.019438444924406047,0.9973890339425587
28.69290089763015,0.05660377358490566,0.019438444924406047,0.9974402293554497
28.7236391929892,0.05660377358490566,0.019438444924406047,0.9974402293554497
28.75437748834825,0.05660377358490566,0.019438444924406047,0.9974402293554497
28.7851157837073,0.05660377358490566,0.019438444924406047,0.9974402293554497
28.815854079066344,0.05660377358490566,0.019438444924406047,0.9974402293554497
28.846592374425395,0.056962025316455694,0.019438444924406047,0.9974572944930801
28.877330669784445,0.056962025316455694,0.019438444924406047,0.9974572944930801
28.908068965143496,0.05732484076433121,0.019438444924406047,0.9974743596307104
28.93880726050254,0.057692307692307696,0.019438444924406047,0.9974914247683407
28.96954555586159,0.05806451612903226,0.019438444924406047,0.9975084899059711
29.00028385122064,0.05844155844155844,0.019438444924406047,0.9975255550436014
29.03102214657969,0.058823529411764705,0.019438444924406047,0.9975426201812317
29.061760441938734,0.05921052631578947,0.019438444924406047,0.9975596853188621
29.092498737297785,0.05921052631578947,0.019438444924406047,0.9975596853188621
29.123237032656835,0.059602649006622516,0.019438444924406047,0.9975767504564924
29.153975328015886,0.06040268456375839,0.019438444924406047,0.9976108807317531
29.184713623374936,0.061224489795918366,0.019438444924406047,0.9976450110070137
29.21545191873398,0.061224489795918366,0.019438444924406047,0.9976450110070137
29.24619021409303,0.061224489795918366,0.019438444924406047,0.9976450110070137
29.27692850945208,0.061224489795918366,0.019438444924406047,0.9976450110070137
29.30766680481113,0.06164383561643835,0.019438444924406047,0.9976620761446441
29.338405100170174,0.06164383561643835,0.019438444924406047,0.9976620761446441
29.369143395529225,0.06164383561643835,0.019438444924406047,0.9976620761446441
29.399881690888275,0.06206896551724138,0.019438444924406047,0.9976791412822744
29.430619986247326,0.06206896551724138,0.019438444924406047,0.9976791412822744
29.46135828160637,0.0625,0.019438444924406047,0.9976962064199048
29.49209657696542,0.0625,0.019438444924406047,0.9976962064199048
29.52283487232447,0.0625,0.019438444924406047,0.9976962064199048
29.55357316768352,0.06293706293706294,0.019438444924406047,0.9977132715575351
29.58431146304257,0.06338028169014084,0.019438444924406047,0.9977303366951654
29.615049758401614,0.06338028169014084,0.019438444924406047,0.9977303366951654
29.645788053760665,0.06338028169014084,0.019438444924406047,0.9977303366951654
29.676526349119715,0.06428571428571428,0.019438444924406047,0.9977644669704261
29.707264644478766,0.06521739130434782,0.019438444924406047,0.9977985972456868
29.73800293983781,0.06521739130434782,0.019438444924406047,0.9977985972456868
29.76874123519686,0.06716417910447761,0.019438444924406047,0.9978668577962081
29.79947953055591,0.06818181818181818,0.019438444924406047,0.9979009880714688
29.83021782591496,0.06818181818181818,0.019438444924406047,0.9979009880714688
29.860956121274004,0.06870229007633588,0.019438444924406047,0.9979180532090991
29.891694416633054,0.06870229007633588,0.019438444924406047,0.9979180532090991
29.922432711992105,0.06870229007633588,0.019438444924406047,0.9979180532090991
29.953171007351155,0.06870229007633588,0.019438444924406047,0.9979180532090991
29.983909302710206,0.06870229007633588,0.019438444924406047,0.9979180532090991
30.01464759806925,0.06870229007633588,0.019438444924406047,0.9979180532090991
30.0453858934283,0.06870229007633588,0.019438444924406047,0.9979180532090991
30.07612418878735,0.06870229007633588,0.019438444924406047,0.9979180532090991
30.1068624841464,0.06870229007633588,0.019438444924406047,0.9979180532090991
30.137600779505444,0.06923076923076923,0.019438444924406047,0.9979351183467294
30.168339074864495,0.06923076923076923,0.019438444924406047,0.9979351183467294
30.199077370223545,0.06923076923076923,0.019438444924406047,0.9979351183467294
30.229815665582596,0.07086614173228346,0.019438444924406047,0.9979863137596204
30.260553960941646,0.07142857142857142,0.019438444924406047,0.9980033788972508
30.29129225630069,0.072,0.019438444924406047,0.9980204440348811
30.32203055165974,0.072,0.019438444924406047,0.9980204440348811
30.35276884701879,0.072,0.019438444924406047,0.9980204440348811
30.38350714237784,0.072,0.019438444924406047,0.9980204440348811
30.414245437736884,0.072,0.019438444924406047,0.9980204440348811
30.444983733095935,0.07317073170731707,0.019438444924406047,0.9980545743101418
30.475722028454985,0.07317073170731707,0.019438444924406047,0.9980545743101418
30.506460323814036,0.07317073170731707,0.019438444924406047,0.9980545743101418
30.53719861917308,0.07317073170731707,0.019438444924406047,0.9980545743101418
30.56793691453213,0.07317073170731707,0.019438444924406047,0.9980545743101418
30.59867520989118,0.07377049180327869,0.019438444924406047,0.9980716394477721
30.62941350525023,0.075,0.019438444924406047,0.9981057697230328
30.66015180060928,0.075,0.019438444924406047,0.9981057697230328
30.690890095968324,0.075,0.019438444924406047,0.9981057697230328
30.721628391327375,0.07627118644067797,0.019438444924406047,0.9981398999982934
30.752366686686425,0.07692307692307693,0.019438444924406047,0.9981569651359238
30.783104982045476,0.07692307692307693,0.019438444924406047,0.9981569651359238
30.81384327740452,0.07692307692307693,0.019438444924406047,0.9981569651359238
30.84458157276357,0.07758620689655173,0.019438444924406047,0.9981740302735541
30.87531986812262,0.07758620689655173,0.019438444924406047,0.9981740302735541
30.90605816348167,0.0782608695652174,0.019438444924406047,0.9981910954111844
30.936796458840714,0.0782608695652174,0.019438444924406047,0.9981910954111844
30.967534754199765,0.0782608695652174,0.019438444924406047,0.9981910954111844
30.998273049558815,0.0782608695652174,0.019438444924406047,0.9981910954111844
31.029011344917866,0.0782608695652174,0.019438444924406047,0.9981910954111844
31.059749640276916,0.07894736842105263,0.019438444924406047,0.9982081605488148
31.09048793563596,0.07894736842105263,0.019438444924406047,0.9982081605488148
31.12122623099501,0.07964601769911504,0.019438444924406047,0.9982252256864451
31.15196452635406,0.07964601769911504,0.019438444924406047,0.9982252256864451
31.18270282171311,0.07964601769911504,0.019438444924406047,0.9982252256864451
31.213441117072154,0.08035714285714286,0.019438444924406047,0.9982422908240755
31.244179412431205,0.08035714285714286,0.019438444924406047,0.9982422908240755
31.274917707790255,0.08108108108108109,0.019438444924406047,0.9982593559617058
31.305656003149306,0.08108108108108109,0.019438444924406047,0.9982593559617058
31.33639429850835,0.08181818181818182,0.019438444924406047,0.9982764210993361
31.3671325938674,0.08181818181818182,0.019438444924406047,0.9982764210993361
31.39787088922645,0.08256880733944955,0.019438444924406047,0.9982934862369665
31.4286091845855,0.08256880733944955,0.019438444924406047,0.9982934862369665
31.45934747994455,0.08256880733944955,0.019438444924406047,0.9982934862369665
31.490085775303594,0.08333333333333333,0.019438444924406047,0.9983105513745968
31.520824070662645,0.08411214953271028,0.019438444924406047,0.9983276165122271
31.551562366021695,0.08411214953271028,0.019438444924406047,0.9983276165122271
31.582300661380746,0.08411214953271028,0.019438444924406047,0.9983276165122271
31.61303895673979,0.08411214953271028,0.019438444924406047,0.9983276165122271
31.64377725209884,0.08411214953271028,0.019438444924406047,0.9983276165122271
31.67451554745789,0.08411214953271028,0.019438444924406047,0.9983276165122271
31.70525384281694,0.08411214953271028,0.019438444924406047,0.9983276165122271
31.735992138175984,0.08571428571428572,0.019438444924406047,0.9983617467874878
31.766730433535034,0.08571428571428572,0.019438444924406047,0.9983617467874878
31.797468728894085,0.08571428571428572,0.019438444924406047,0.9983617467874878
31.828207024253135,0.08571428571428572,0.019438444924406047,0.9983617467874878
31.858945319612186,0.08571428571428572,0.019438444924406047,0.9983617467874878
31.88968361497123,0.08571428571428572,0.019438444924406047,0.9983617467874878
31.92042191033028,0.08571428571428572,0.019438444924406047,0.9983617467874878
31.95116020568933,0.08571428571428572,0.019438444924406047,0.9983617467874878
31.98189850104838,0.08737864077669903,0.019438444924406047,0.9983958770627485
32.01263679640742,0.08737864077669903,0.019438444924406047,0.9983958770627485
32.04337509176648,0.08737864077669903,0.019438444924406047,0.9983958770627485
32.07411338712552,0.08737864077669903,0.019438444924406047,0.9983958770627485
32.10485168248458,0.08823529411764706,0.019438444924406047,0.9984129422003788
32.13558997784362,0.07920792079207921,0.017278617710583154,0.9984129422003788
32.166328273202666,0.08,0.017278617710583154,0.9984300073380091
32.19706656856172,0.08,0.017278617710583154,0.9984300073380091
32.22780486392077,0.08080808080808081,0.017278617710583154,0.9984470724756395
32.258543159279824,0.08080808080808081,0.017278617710583154,0.9984470724756395
32.28928145463887,0.08163265306122448,0.017278617710583154,0.9984641376132698
32.32001974999791,0.08163265306122448,0.017278617710583154,0.9984641376132698
32.35075804535697,0.08163265306122448,0.017278617710583154,0.9984641376132698
32.38149634071601,0.07291666666666667,0.01511879049676026,0.9984812027509001
32.412234636075056,0.07291666666666667,0.01511879049676026,0.9984812027509001
32.44297293143411,0.07291666666666667,0.01511879049676026,0.9984812027509001
32.47371122679316,0.07291666666666667,0.01511879049676026,0.9984812027509001
32.504449522152214,0.07291666666666667,0.01511879049676026,0.9984812027509001
32.53518781751126,0.07291666666666667,0.01511879049676026,0.9984812027509001
32.5659261128703,0.07291666666666667,0.01511879049676026,0.9984812027509001
32.59666440822936,0.07291666666666667,0.01511879049676026,0.9984812027509001
32.6274027035884,0.07368421052631578,0.01511879049676026,0.9984982678885305
32.65814099894746,0.07526881720430108,0.01511879049676026,0.9985323981637912
32.6888792943065,0.06521739130434782,0.012958963282937365,0.9985323981637912
32.719617589665546,0.06521739130434782,0.012958963282937365,0.9985323981637912
32.750355885024604,0.06521739130434782,0.012958963282937365,0.9985323981637912
32.78109418038365,0.06593406593406594,0.012958963282937365,0.9985494633014216
32.81183247574269,0.06593406593406594,0.012958963282937365,0.9985494633014216
32.84257077110175,0.06593406593406594,0.012958963282937365,0.9985494633014216
32.87330906646079,0.06593406593406594,0.012958963282937365,0.9985494633014216
32.90404736181985,0.06593406593406594,0.012958963282937365,0.9985494633014216
32.93478565717889,0.05555555555555555,0.01079913606911447,0.9985494633014216
32.965523952537936,0.056179775280898875,0.01079913606911447,0.9985665284390519
32.99626224789699,0.056179775280898875,0.01079913606911447,0.9985665284390519
33.02700054325604,0.056179775280898875,0.01079913606911447,0.9985665284390519
33.057738838615094,0.056179775280898875,0.01079913606911447,0.9985665284390519
33.08847713397414,0.056179775280898875,0.01079913606911447,0.9985665284390519
33.11921542933318,0.045454545454545456,0.008639308855291577,0.9985665284390519
33.14995372469224,0.045454545454545456,0.008639308855291577,0.9985665284390519
33.18069202005128,0.045454545454545456,0.008639308855291577,0.9985665284390519
33.211430315410325,0.045454545454545456,0.008639308855291577,0.9985665284390519
33.24216861076938,0.04597701149425287,0.008639308855291577,0.9985835935766822
33.272906906128426,0.046511627906976744,0.008639308855291577,0.9986006587143126
33.303645201487484,0.046511627906976744,0.008639308855291577,0.9986006587143126
33.33438349684653,0.047058823529411764,0.008639308855291577,0.9986177238519429
33.36512179220557,0.047058823529411764,0.008639308855291577,0.9986177238519429
33.39586008756463,0.047619047619047616,0.008639308855291577,0.9986347889895733
33.42659838292367,0.047619047619047616,0.008639308855291577,0.9986347889895733
33.45733667828273,0.04819277108433735,0.008639308855291577,0.9986518541272036
33.48807497364177,0.04819277108433735,0.008639308855291577,0.9986518541272036
33.518813269000816,0.04878048780487805,0.008639308855291577,0.9986689192648339
33.549551564359874,0.04938271604938271,0.008639308855291577,0.9986859844024643
33.58028985971892,0.04938271604938271,0.008639308855291577,0.9986859844024643
33.61102815507796,0.05,0.008639308855291577,0.9987030495400946
33.64176645043702,0.05,0.008639308855291577,0.9987030495400946
33.67250474579606,0.05,0.008639308855291577,0.9987030495400946
33.70324304115512,0.05,0.008639308855291577,0.9987030495400946
33.73398133651416,0.05,0.008639308855291577,0.9987030495400946
33.764719631873206,0.05,0.008639308855291577,0.9987030495400946
33.79545792723226,0.05063291139240506,0.008639308855291577,0.9987201146777249
33.82619622259131,0.05128205128205128,0.008639308855291577,0.9987371798153553
33.856934517950364,0.05128205128205128,0.008639308855291577,0.9987371798153553
33.88767281330941,0.05128205128205128,0.008639308855291577,0.9987371798153553
33.91841110866845,0.05128205128205128,0.008639308855291577,0.9987371798153553
33.94914940402751,0.05194805194805195,0.008639308855291577,0.9987542449529856
33.97988769938655,0.05194805194805195,0.008639308855291577,0.9987542449529856
34.010625994745595,0.05263157894736842,0.008639308855291577,0.9987713100906159
34.04136429010465,0.05263157894736842,0.008639308855291577,0.9987713100906159
34.072102585463696,0.05263157894736842,0.008639308855291577,0.9987713100906159
34.102840880822754,0.05263157894736842,0.008639308855291577,0.9987713100906159
34.1335791761818,0.05333333333333334,0.008639308855291577,0.9987883752282463
34.16431747154084,0.05405405405405406,0.008639308855291577,0.9988054403658766
34.1950557668999,0.05405405405405406,0.008639308855291577,0.9988054403658766
34.22579406225894,0.05405405405405406,0.008639308855291577,0.9988054403658766
34.256532357618,0.05405405405405406,0.008639308855291577,0.9988054403658766
34.28727065297704,0.05405405405405406,0.008639308855291577,0.9988054403658766
34.318008948336086,0.05405405405405406,0.008639308855291577,0.9988054403658766
34.34874724369514,0.05405405405405406,0.008639308855291577,0.9988054403658766
34.37948553905419,0.0547945205479452,0.008639308855291577,0.9988225055035069
34.41022383441323,0.0547945205479452,0.008639308855291577,0.9988225055035069
34.44096212977229,0.0547945205479452,0.008639308855291577,0.9988225055035069
34.47170042513133,0.0547945205479452,0.008639308855291577,0.9988225055035069
34.50243872049039,0.0547945205479452,0.008639308855291577,0.9988225055035069
34.53317701584943,0.0547945205479452,0.008639308855291577,0.9988225055035069
34.563915311208476,0.0547945205479452,0.008639308855291577,0.9988225055035069
34.59465360656753,0.0547945205479452,0.008639308855291577,0.9988225055035069
34.62539190192658,0.0547945205479452,0.008639308855291577,0.9988225055035069
34.656130197285634,0.0547945205479452,0.008639308855291577,0.9988225055035069
34.68686849264468,0.05555555555555555,0.008639308855291577,0.9988395706411373
34.71760678800372,0.05714285714285714,0.008639308855291577,0.9988737009163979
34.74834508336278,0.05714285714285714,0.008639308855291577,0.9988737009163979
34.77908337872182,0.057971014492753624,0.008639308855291577,0.9988907660540283
34.809821674080865,0.057971014492753624,0.008639308855291577,0.9988907660540283
34.84055996943992,0.057971014492753624,0.008639308855291577,0.9988907660540283
34.871298264798966,0.057971014492753624,0.008639308855291577,0.9988907660540283
34.902036560158024,0.057971014492753624,0.008639308855291577,0.9988907660540283
34.93277485551707,0.058823529411764705,0.008639308855291577,0.9989078311916586
34.96351315087611,0.058823529411764705,0.008639308855291577,0.9989078311916586
34.99425144623517,0.05970149253731343,0.008639308855291577,0.9989248963292889
35.02498974159421,0.06060606060606061,0.008639308855291577,0.9989419614669193
35.05572803695327,0.06060606060606061,0.008639308855291577,0.9989419614669193
35.08646633231231,0.06060606060606061,0.008639308855291577,0.9989419614669193
35.117204627671356,0.06060606060606061,0.008639308855291577,0.9989419614669193
35.14794292303041,0.06060606060606061,0.008639308855291577,0.9989419614669193
35.17868121838946,0.06153846153846154,0.008639308855291577,0.9989590266045496
35.2094195137485,0.06153846153846154,0.008639308855291577,0.9989590266045496
35.24015780910756,0.0625,0.008639308855291577,0.9989760917421799
35.2708961044666,0.0625,0.008639308855291577,0.9989760917421799
35.30163439982566,0.06451612903225806,0.008639308855291577,0.9990102220174406
35.3323726951847,0.06451612903225806,0.008639308855291577,0.9990102220174406
35.363110990543746,0.06451612903225806,0.008639308855291577,0.9990102220174406
35.3938492859028,0.06666666666666667,0.008639308855291577,0.9990443522927013
35.42458758126185,0.06666666666666667,0.008639308855291577,0.9990443522927013
35.455325876620904,0.06779661016949153,0.008639308855291577,0.9990614174303316
35.48606417197995,0.06779661016949153,0.008639308855291577,0.9990614174303316
35.51680246733899,0.06779661016949153,0.008639308855291577,0.9990614174303316
35.54754076269805,0.06896551724137931,0.008639308855291577,0.999078482567962
35.57827905805709,0.06896551724137931,0.008639308855291577,0.999078482567962
35.609017353416135,0.06896551724137931,0.008639308855291577,0.999078482567962
35.63975564877519,0.07142857142857142,0.008639308855291577,0.9991126128432226
35.670493944134236,0.07142857142857142,0.008639308855291577,0.9991126128432226
35.701232239493294,0.07142857142857142,0.008639308855291577,0.9991126128432226
35.73197053485234,0.07272727272727272,0.008639308855291577,0.999129677980853
35.76270883021138,0.07272727272727272,0.008639308855291577,0.999129677980853
35.79344712557044,0.07272727272727272,0.008639308855291577,0.999129677980853
35.82418542092948,0.07272727272727272,0.008639308855291577,0.999129677980853
35.85492371628854,0.07272727272727272,0.008639308855291577,0.999129677980853
35.88566201164758,0.07407407407407407,0.008639308855291577,0.9991467431184833
35.916400307006626,0.0784313725490196,0.008639308855291577,0.9991979385313743
35.94713860236568,0.0784313725490196,0.008639308855291577,0.9991979385313743
35.97787689772473,0.08,0.008639308855291577,0.9992150036690046
36.00861519308377,0.08,0.008639308855291577,0.9992150036690046
36.03935348844283,0.08,0.008639308855291577,0.9992150036690046
36.07009178380187,0.08,0.008639308855291577,0.9992150036690046
36.10083007916093,0.08333333333333333,0.008639308855291577,0.9992491339442653
36.13156837451997,0.0851063829787234,0.008639308855291577,0.9992661990818956
36.162306669879015,0.0851063829787234,0.008639308855291577,0.9992661990818956
36.19304496523807,0.08695652173913043,0.008639308855291577,0.999283264219526
36.223783260597116,0.08888888888888889,0.008639308855291577,0.9993003293571563
36.254521555956174,0.08888888888888889,0.008639308855291577,0.9993003293571563
36.28525985131522,0.09090909090909091,0.008639308855291577,0.9993173944947866
36.31599814667426,0.09090909090909091,0.008639308855291577,0.9993173944947866
36.34673644203332,0.09090909090909091,0.008639308855291577,0.9993173944947866
36.37747473739236,0.09302325581395349,0.008639308855291577,0.999334459632417
36.408213032751405,0.09302325581395349,0.008639308855291577,0.999334459632417
36.43895132811046,0.09302325581395349,0.008639308855291577,0.999334459632417
36.469689623469506,0.09302325581395349,0.008639308855291577,0.999334459632417
36.500427918828564,0.09302325581395349,0.008639308855291577,0.999334459632417
36.53116621418761,0.09302325581395349,0.008639308855291577,0.999334459632417
36.56190450954665,0.09523809523809523,0.008639308855291577,0.9993515247700473
36.59264280490571,0.0975609756097561,0.008639308855291577,0.9993685899076776
36.62338110026475,0.0975609756097561,0.008639308855291577,0.9993685899076776
36.65411939562381,0.0975609756097561,0.008639308855291577,0.9993685899076776
36.68485769098285,0.0975609756097561,0.008639308855291577,0.9993685899076776
36.715595986341896,0.0975609756097561,0.008639308855291577,0.9993685899076776
36.74633428170095,0.0975609756097561,0.008639308855291577,0.9993685899076776
36.77707257706,0.0975609756097561,0.008639308855291577,0.9993685899076776
36.80781087241904,0.1,0.008639308855291577,0.999385655045308
36.8385491677781,0.1,0.008639308855291577,0.999385655045308
36.86928746313714,0.1,0.008639308855291577,0.999385655045308
36.9000257584962,0.1,0.008639308855291577,0.999385655045308
36.93076405385524,0.10256410256410256,0.008639308855291577,0.9994027201829383
36.961502349214285,0.10526315789473684,0.008639308855291577,0.9994197853205686
36.99224064457334,0.10526315789473684,0.008639308855291577,0.9994197853205686
37.022978939932386,0.10526315789473684,0.008639308855291577,0.9994197853205686
37.053717235291444,0.10526315789473684,0.008639308855291577,0.9994197853205686
37.08445553065049,0.10526315789473684,0.008639308855291577,0.9994197853205686
37.11519382600953,0.10526315789473684,0.008639308855291577,0.9994197853205686
37.14593212136859,0.10526315789473684,0.008639308855291577,0.9994197853205686
37.17667041672763,0.10526315789473684,0.008639308855291577,0.9994197853205686
37.207408712086675,0.10526315789473684,0.008639308855291577,0.9994197853205686
37.23814700744573,0.10526315789473684,0.008639308855291577,0.9994197853205686
37.268885302804776,0.08108108108108109,0.0064794816414686825,0.9994197853205686
37.29962359816383,0.08108108108108109,0.0064794816414686825,0.9994197853205686
37.33036189352288,0.08108108108108109,0.0064794816414686825,0.9994197853205686
37.36110018888192,0.08108108108108109,0.0064794816414686825,0.9994197853205686
37.39183848424098,0.08108108108108109,0.0064794816414686825,0.9994197853205686
37.42257677960002,0.08108108108108109,0.0064794816414686825,0.9994197853205686
37.45331507495908,0.08108108108108109,0.0064794816414686825,0.9994197853205686
37.48405337031812,0.08108108108108109,0.0064794816414686825,0.9994197853205686
37.514791665677166,0.08108108108108109,0.0064794816414686825,0.9994197853205686
37.54552996103622,0.08333333333333333,0.0064794816414686825,0.999436850458199
37.57626825639527,0.08333333333333333,0.0064794816414686825,0.999436850458199
37.60700655175431,0.08571428571428572,0.0064794816414686825,0.9994539155958293
37.63774484711337,0.08571428571428572,0.0064794816414686825,0.9994539155958293
37.66848314247241,0.08571428571428572,0.0064794816414686825,0.9994539155958293
37.69922143783147,0.08571428571428572,0.0064794816414686825,0.9994539155958293
37.72995973319051,0.08571428571428572,0.0064794816414686825,0.9994539155958293
37.760698028549555,0.08571428571428572,0.0064794816414686825,0.9994539155958293
37.79143632390861,0.08823529411764706,0.0064794816414686825,0.9994709807334596
37.822174619267656,0.08823529411764706,0.0064794816414686825,0.9994709807334596
37.852912914626714,0.08823529411764706,0.0064794816414686825,0.9994709807334596
37.88365120998576,0.09090909090909091,0.0064794816414686825,0.99948804587109
37.9143895053448,0.09090909090909091,0.0064794816414686825,0.99948804587109
37.94512780070386,0.09090909090909091,0.0064794816414686825,0.99948804587109
37.9758660960629,0.09090909090909091,0.0064794816414686825,0.99948804587109
38.006604391421945,0.0967741935483871,0.0064794816414686825,0.9995221761463506
38.037342686781,0.0967741935483871,0.0064794816414686825,0.9995221761463506
38.068080982140046,0.0967741935483871,0.0064794816414686825,0.9995221761463506
38.0988192774991,0.0967741935483871,0.0064794816414686825,0.9995221761463506
38.12955757285815,0.10344827586206896,0.0064794816414686825,0.9995563064216113
38.16029586821719,0.10344827586206896,0.0064794816414686825,0.9995563064216113
38.19103416357625,0.10344827586206896,0.0064794816414686825,0.9995563064216113
38.22177245893529,0.10344827586206896,0.0064794816414686825,0.9995563064216113
38.25251075429435,0.10344827586206896,0.0064794816414686825,0.9995563064216113
38.28324904965339,0.10344827586206896,0.0064794816414686825,0.9995563064216113
38.313987345012436,0.10344827586206896,0.0064794816414686825,0.9995563064216113
38.34472564037149,0.10344827586206896,0.0064794816414686825,0.9995563064216113
38.37546393573054,0.10714285714285714,0.0064794816414686825,0.9995733715592416
38.40620223108958,0.10714285714285714,0.0064794816414686825,0.9995733715592416
38.43694052644864,0.10714285714285714,0.0064794816414686825,0.9995733715592416
38.46767882180768,0.07692307692307693,0.004319654427645789,0.999590436696872
38.49841711716674,0.07692307692307693,0.004319654427645789,0.999590436696872
38.52915541252578,0.08,0.004319654427645789,0.9996075018345023
38.559893707884825,0.08,0.004319654427645789,0.9996075018345023
38.59063200324388,0.08,0.004319654427645789,0.9996075018345023
38.621370298602926,0.08,0.004319654427645789,0.9996075018345023
38.652108593961984,0.08,0.004319654427645789,0.9996075018345023
38.68284688932103,0.08,0.004319654427645789,0.9996075018345023
38.71358518468007,0.08333333333333333,0.004319654427645789,0.9996245669721326
38.74432348003913,0.08333333333333333,0.004319654427645789,0.9996245669721326
38.77506177539817,0.08333333333333333,0.004319654427645789,0.9996245669721326
38.805800070757215,0.08333333333333333,0.004319654427645789,0.9996245669721326
38.83653836611627,0.09090909090909091,0.004319654427645789,0.9996586972473933
38.867276661475316,0.09090909090909091,0.004319654427645789,0.9996586972473933
38.89801495683437,0.09523809523809523,0.004319654427645789,0.9996757623850236
38.92875325219342,0.09523809523809523,0.004319654427645789,0.9996757623850236
38.95949154755246,0.09523809523809523,0.004319654427645789,0.9996757623850236
38.99022984291152,0.09523809523809523,0.004319654427645789,0.9996757623850236
39.02096813827056,0.1,0.004319654427645789,0.999692827522654
39.05170643362962,0.1,0.004319654427645789,0.999692827522654
39.08244472898866,0.1,0.004319654427645789,0.999692827522654
39.113183024347705,0.1,0.004319654427645789,0.999692827522654
39.14392131970676,0.1,0.004319654427645789,0.999692827522654
39.174659615065806,0.1,0.004319654427645789,0.999692827522654
39.20539791042485,0.1,0.004319654427645789,0.999692827522654
39.23613620578391,0.10526315789473684,0.004319654427645789,0.9997098926602843
39.26687450114295,0.10526315789473684,0.004319654427645789,0.9997098926602843
39.29761279650201,0.10526315789473684,0.004319654427645789,0.9997098926602843
39.32835109186105,0.05555555555555555,0.0021598272138228943,0.9997098926602843
39.359089387220095,0.05555555555555555,0.0021598272138228943,0.9997098926602843
39.38982768257915,0.05555555555555555,0.0021598272138228943,0.9997098926602843
39.420565977938196,0.05555555555555555,0.0021598272138228943,0.9997098926602843
39.451304273297254,0.05555555555555555,0.0021598272138228943,0.9997098926602843
39.4820425686563,0.05555555555555555,0.0021598272138228943,0.9997098926602843
39.51278086401534,0.05555555555555555,0.0021598272138228943,0.9997098926602843
39.5435191593744,0.05555555555555555,0.0021598272138228943,0.9997098926602843
39.57425745473344,0.05555555555555555,0.0021598272138228943,0.9997098926602843
39.604995750092485,0.05555555555555555,0.0021598272138228943,0.9997098926602843
39.63573404545154,0.05555555555555555,0.0021598272138228943,0.9997098926602843
39.666472340810586,0.05555555555555555,0.0021598272138228943,0.9997098926602843
39.69721063616964,0.05555555555555555,0.0021598272138228943,0.9997098926602843
39.72794893152869,0.05555555555555555,0.0021598272138228943,0.9997098926602843
39.75868722688773,0.05555555555555555,0.0021598272138228943,0.9997098926602843
39.78942552224679,0.05555555555555555,0.0021598272138228943,0.9997098926602843
39.82016381760583,0.05555555555555555,0.0021598272138228943,0.9997098926602843
39.85090211296489,0.05555555555555555,0.0021598272138228943,0.9997098926602843
39.88164040832393,0.05555555555555555,0.0021598272138228943,0.9997098926602843
39.912378703682975,0.05555555555555555,0.0021598272138228943,0.9997098926602843
39.94311699904203,0.05555555555555555,0.0021598272138228943,0.9997098926602843
39.973855294401076,0.058823529411764705,0.0021598272138228943,0.9997269577979147
40.00459358976012,0.058823529411764705,0.0021598272138228943,0.9997269577979147
40.03533188511918,0.058823529411764705,0.0021598272138228943,0.9997269577979147
40.06607018047822,0.0625,0.0021598272138228943,0.999744022935545
40.09680847583728,0.0625,0.0021598272138228943,0.999744022935545
40.12754677119632,0.0625,0.0021598272138228943,0.999744022935545
40.158285066555365,0.06666666666666667,0.0021598272138228943,0.9997610880731753
40.18902336191442,0.06666666666666667,0.0021598272138228943,0.9997610880731753
40.219761657273466,0.06666666666666667,0.0021598272138228943,0.9997610880731753
40.250499952632524,0.06666666666666667,0.0021598272138228943,0.9997610880731753
40.28123824799157,0.06666666666666667,0.0021598272138228943,0.9997610880731753
40.31197654335061,0.06666666666666667,0.0021598272138228943,0.9997610880731753
40.34271483870967,0.06666666666666667,0.0021598272138228943,0.9997610880731753
40.37345313406871,0.06666666666666667,0.0021598272138228943,0.9997610880731753
40.404191429427755,0.06666666666666667,0.0021598272138228943,0.9997610880731753
40.43492972478681,0.06666666666666667,0.0021598272138228943,0.9997610880731753
40.465668020145856,0.06666666666666667,0.0021598272138228943,0.9997610880731753
40.49640631550491,0.06666666666666667,0.0021598272138228943,0.9997610880731753
40.52714461086396,0.07142857142857142,0.0021598272138228943,0.9997781532108057
40.557882906223,0.07142857142857142,0.0021598272138228943,0.9997781532108057
40.58862120158206,0.07142857142857142,0.0021598272138228943,0.9997781532108057
40.6193594969411,0.07692307692307693,0.0021598272138228943,0.999795218348436
40.65009779230016,0.07692307692307693,0.0021598272138228943,0.999795218348436
40.6808360876592,0.07692307692307693,0.0021598272138228943,0.999795218348436
40.711574383018245,0.07692307692307693,0.0021598272138228943,0.999795218348436
40.7423126783773,0.07692307692307693,0.0021598272138228943,0.999795218348436
40.773050973736346,0.07692307692307693,0.0021598272138228943,0.999795218348436
40.80378926909539,0.07692307692307693,0.0021598272138228943,0.999795218348436
40.83452756445445,0.07692307692307693,0.0021598272138228943,0.999795218348436
40.86526585981349,0.07692307692307693,0.0021598272138228943,0.999795218348436
40.89600415517255,0.07692307692307693,0.0021598272138228943,0.999795218348436
40.92674245053159,0.07692307692307693,0.0021598272138228943,0.999795218348436
40.957480745890635,0.07692307692307693,0.0021598272138228943,0.999795218348436
40.98821904124969,0.07692307692307693,0.0021598272138228943,0.999795218348436
41.018957336608736,0.07692307692307693,0.0021598272138228943,0.999795218348436
41.04969563196779,0.07692307692307693,0.0021598272138228943,0.999795218348436
41.08043392732684,0.07692307692307693,0.0021598272138228943,0.999795218348436
41.11117222268588,0.07692307692307693,0.0021598272138228943,0.999795218348436
41.14191051804494,0.08333333333333333,0.0021598272138228943,0.9998122834860663
41.17264881340398,0.08333333333333333,0.0021598272138228943,0.9998122834860663
41.203387108763025,0.08333333333333333,0.0021598272138228943,0.9998122834860663
41.23412540412208,0.08333333333333333,0.0021598272138228943,0.9998122834860663
41.264863699481126,0.08333333333333333,0.0021598272138228943,0.9998122834860663
41.29560199484018,0.08333333333333333,0.0021598272138228943,0.9998122834860663
41.32634029019923,0.08333333333333333,0.0021598272138228943,0.9998122834860663
41.35707858555827,0.08333333333333333,0.0021598272138228943,0.9998122834860663
41.38781688091733,0.08333333333333333,0.0021598272138228943,0.9998122834860663
41.41855517627637,0.08333333333333333,0.0021598272138228943,0.9998122834860663
41.44929347163543,0.08333333333333333,0.0021598272138228943,0.9998122834860663
41.48003176699447,0.08333333333333333,0.0021598272138228943,0.9998122834860663
41.510770062353515,0.09090909090909091,0.0021598272138228943,0.9998293486236967
41.54150835771257,0.09090909090909091,0.0021598272138228943,0.9998293486236967
41.572246653071616,0.09090909090909091,0.0021598272138228943,0.9998293486236967
41.60298494843066,0.09090909090909091,0.0021598272138228943,0.9998293486236967
41.63372324378972,0.1111111111111111,0.0021598272138228943,0.9998634788989573
41.66446153914876,0.1111111111111111,0.0021598272138228943,0.9998634788989573
41.69519983450782,0.1111111111111111,0.0021598272138228943,0.9998634788989573
41.72593812986686,0.1111111111111111,0.0021598272138228943,0.9998634788989573
41.756676425225905,0.1111111111111111,0.0021598272138228943,0.9998634788989573
41.78741472058496,0.1111111111111111,0.0021598272138228943,0.9998634788989573
41.818153015944006,0.1111111111111111,0.0021598272138228943,0.9998634788989573
41.84889131130306,0.1111111111111111,0.0021598272138228943,0.9998634788989573
41.87962960666211,0.1111111111111111,0.0021598272138228943,0.9998634788989573
41.91036790202115,0.1111111111111111,0.0021598272138228943,0.9998634788989573
41.94110619738021,0.1111111111111111,0.0021598272138228943,0.9998634788989573
41.97184449273925,0.1111111111111111,0.0021598272138228943,0.9998634788989573
42.002582788098294,0.1111111111111111,0.0021598272138228943,0.9998634788989573
42.03332108345735,0.1111111111111111,0.0021598272138228943,0.9998634788989573
42.064059378816395,0.1111111111111111,0.0021598272138228943,0.9998634788989573
42.09479767417545,0.1111111111111111,0.0021598272138228943,0.9998634788989573
42.125535969534496,0.1111111111111111,0.0021598272138228943,0.9998634788989573
42.15627426489354,0.1111111111111111,0.0021598272138228943,0.9998634788989573
42.1870125602526,0.1111111111111111,0.0021598272138228943,0.9998634788989573
42.21775085561164,0.1111111111111111,0.0021598272138228943,0.9998634788989573
42.2484891509707,0.1111111111111111,0.0021598272138228943,0.9998634788989573
42.27922744632974,0.1111111111111111,0.0021598272138228943,0.9998634788989573
42.309965741688785,0.1111111111111111,0.0021598272138228943,0.9998634788989573
42.34070403704784,0.1111111111111111,0.0021598272138228943,0.9998634788989573
42.371442332406886,0.1111111111111111,0.0021598272138228943,0.9998634788989573
42.40218062776593,0.1111111111111111,0.0021598272138228943,0.9998634788989573
42.43291892312499,0.1111111111111111,0.0021598272138228943,0.9998634788989573
42.46365721848403,0.125,0.0021598272138228943,0.9998805440365877
42.49439551384309,0.125,0.0021598272138228943,0.9998805440365877
42.52513380920213,0.125,0.0021598272138228943,0.9998805440365877
42.555872104561175,0.125,0.0021598272138228943,0.9998805440365877
42.58661039992023,0.125,0.0021598272138228943,0.9998805440365877
42.617348695279276,0.125,0.0021598272138228943,0.9998805440365877
42.64808699063833,0.125,0.0021598272138228943,0.9998805440365877
42.67882528599738,0.125,0.0021598272138228943,0.9998805440365877
42.70956358135642,0.125,0.0021598272138228943,0.9998805440365877
42.74030187671548,0.125,0.0021598272138228943,0.9998805440365877
42.77104017207452,0.125,0.0021598272138228943,0.9998805440365877
42.801778467433564,0.125,0.0021598272138228943,0.9998805440365877
42.83251676279262,0.125,0.0021598272138228943,0.9998805440365877
42.863255058151665,0.125,0.0021598272138228943,0.9998805440365877
42.89399335351072,0.125,0.0021598272138228943,0.9998805440365877
42.924731648869766,0.125,0.0021598272138228943,0.9998805440365877
42.95546994422881,0.14285714285714285,0.0021598272138228943,0.999897609174218
42.98620823958787,0.14285714285714285,0.0021598272138228943,0.999897609174218
43.01694653494691,0.14285714285714285,0.0021598272138228943,0.999897609174218
43.04768483030597,0.14285714285714285,0.0021598272138228943,0.999897609174218
43.07842312566501,0.14285714285714285,0.0021598272138228943,0.999897609174218
43.109161421024055,0.14285714285714285,0.0021598272138228943,0.999897609174218
43.13989971638311,0.14285714285714285,0.0021598272138228943,0.999897609174218
43.170638011742156,0.14285714285714285,0.0021598272138228943,0.999897609174218
43.2013763071012,0.14285714285714285,0.0021598272138228943,0.999897609174218
43.23211460246026,0.14285714285714285,0.0021598272138228943,0.999897609174218
43.2628528978193,0.14285714285714285,0.0021598272138228943,0.999897609174218
43.29359119317836,0.14285714285714285,0.0021598272138228943,0.999897609174218
43.3243294885374,0.14285714285714285,0.0021598272138228943,0.999897609174218
43.355067783896445,0.14285714285714285,0.0021598272138228943,0.999897609174218
43.3858060792555,0.14285714285714285,0.0021598272138228943,0.999897609174218
43.416544374614546,0.14285714285714285,0.0021598272138228943,0.999897609174218
43.4472826699736,0.14285714285714285,0.0021598272138228943,0.999897609174218
43.47802096533265,0.14285714285714285,0.0021598272138228943,0.999897609174218
43.50875926069169,0.14285714285714285,0.0021598272138228943,0.999897609174218
43.53949755605075,0.14285714285714285,0.0021598272138228943,0.999897609174218
43.57023585140979,0.14285714285714285,0.0021598272138228943,0.999897609174218
43.600974146768834,0.14285714285714285,0.0021598272138228943,0.999897609174218
43.63171244212789,0.14285714285714285,0.0021598272138228943,0.999897609174218
43.662450737486935,0.14285714285714285,0.0021598272138228943,0.999897609174218
43.69318903284599,0.14285714285714285,0.0021598272138228943,0.999897609174218
43.723927328205036,0.16666666666666666,0.0021598272138228943,0.9999146743118483
43.75466562356408,0.16666666666666666,0.0021598272138228943,0.9999146743118483
43.78540391892314,0.16666666666666666,0.0021598272138228943,0.9999146743118483
43.81614221428218,0.16666666666666666,0.0021598272138228943,0.9999146743118483
43.84688050964124,0.16666666666666666,0.0021598272138228943,0.9999146743118483
43.87761880500028,0.16666666666666666,0.0021598272138228943,0.9999146743118483
43.908357100359325,0.16666666666666666,0.0021598272138228943,0.9999146743118483
43.93909539571838,0.16666666666666666,0.0021598272138228943,0.9999146743118483
43.969833691077426,0.16666666666666666,0.0021598272138228943,0.9999146743118483
44.00057198643647,0.2,0.0021598272138228943,0.9999317394494787
44.03131028179553,0.2,0.0021598272138228943,0.9999317394494787
44.06204857715457,0.2,0.0021598272138228943,0.9999317394494787
44.09278687251363,0.2,0.0021598272138228943,0.9999317394494787
44.12352516787267,0.2,0.0021598272138228943,0.9999317394494787
44.154263463231715,0.2,0.0021598272138228943,0.9999317394494787
44.18500175859077,0.2,0.0021598272138228943,0.9999317394494787
44.215740053949816,0.2,0.0021598272138228943,0.9999317394494787
44.24647834930887,0.2,0.0021598272138228943,0.9999317394494787
44.27721664466792,0.2,0.0021598272138228943,0.9999317394494787
44.30795494002696,0.2,0.0021598272138228943,0.9999317394494787
44.33869323538602,0.2,0.0021598272138228943,0.9999317394494787
44.36943153074506,0.2,0.0021598272138228943,0.9999317394494787
44.400169826104104,0.2,0.0021598272138228943,0.9999317394494787
44.43090812146316,0.2,0.0021598272138228943,0.9999317394494787
44.461646416822205,0.2,0.0021598272138228943,0.9999317394494787
44.49238471218126,0.25,0.0021598272138228943,0.999948804587109
44.523123007540306,0.25,0.0021598272138228943,0.999948804587109
44.55386130289935,0.25,0.0021598272138228943,0.999948804587109
44.58459959825841,0.25,0.0021598272138228943,0.999948804587109
44.61533789361745,0.25,0.0021598272138228943,0.999948804587109
44.64607618897651,0.25,0.0021598272138228943,0.999948804587109
44.67681448433555,0.25,0.0021598272138228943,0.999948804587109
44.707552779694595,0.25,0.0021598272138228943,0.999948804587109
44.73829107505365,0.25,0.0021598272138228943,0.999948804587109
44.769029370412696,0.25,0.0021598272138228943,0.999948804587109
44.79976766577174,0.25,0.0021598272138228943,0.999948804587109
44.8305059611308,0.25,0.0021598272138228943,0.999948804587109
44.86124425648984,0.25,0.0021598272138228943,0.999948804587109
44.8919825518489,0.25,0.0021598272138228943,0.999948804587109
44.92272084720794,0.25,0.0021598272138228943,0.999948804587109
44.953459142566984,0.25,0.0021598272138228943,0.999948804587109
44.98419743792604,0.25,0.0021598272138228943,0.999948804587109
45.014935733285085,0.25,0.0021598272138228943,0.999948804587109
45.04567402864414,0.25,0.0021598272138228943,0.999948804587109
45.076412324003186,0.25,0.0021598272138228943,0.999948804587109
45.10715061936223,0.25,0.0021598272138228943,0.999948804587109
45.13788891472129,0.25,0.0021598272138228943,0.999948804587109
45.16862721008033,0.25,0.0021598272138228943,0.999948804587109
45.199365505439374,0.25,0.0021598272138228943,0.999948804587109
45.23010380079843,0.25,0.0021598272138228943,0.999948804587109
45.260842096157475,0.25,0.0021598272138228943,0.999948804587109
45.29158039151653,0.25,0.0021598272138228943,0.999948804587109
45.322318686875576,0.25,0.0021598272138228943,0.999948804587109
45.35305698223462,0.0,0.0,0.999948804587109
45.38379527759368,0.0,0.0,0.999948804587109
45.41453357295272,0.0,0.0,0.999948804587109
45.44527186831178,0.0,0.0,0.999948804587109
45.47601016367082,0.0,0.0,0.999948804587109
45.506748459029865,0.0,0.0,0.999948804587109
45.53748675438892,0.0,0.0,0.999948804587109
45.568225049747966,0.0,0.0,0.999948804587109
45.59896334510701,0.0,0.0,0.999948804587109
45.62970164046607,0.0,0.0,0.999948804587109
45.66043993582511,0.0,0.0,0.999948804587109
45.69117823118417,0.0,0.0,0.999948804587109
45.72191652654321,0.0,0.0,0.999948804587109
45.752654821902254,0.0,0.0,0.999948804587109
45.78339311726131,0.0,0.0,0.999948804587109
45.814131412620355,0.0,0.0,0.999948804587109
45.84486970797941,0.0,0.0,0.999948804587109
45.875608003338456,0.0,0.0,0.999948804587109
45.9063462986975,0.0,0.0,0.999948804587109
45.93708459405656,0.0,0.0,0.999948804587109
45.9678228894156,0.0,0.0,0.999948804587109
45.99856118477466,0.0,0.0,0.999948804587109
46.0292994801337,0.0,0.0,0.999948804587109
46.060037775492745,0.0,0.0,0.999948804587109
46.0907760708518,0.0,0.0,0.999948804587109
46.121514366210846,0.0,0.0,0.999948804587109
46.15225266156989,0.0,0.0,0.999948804587109
46.18299095692895,0.0,0.0,0.999948804587109
46.21372925228799,0.0,0.0,0.999948804587109
46.24446754764705,0.0,0.0,0.999948804587109
46.27520584300609,0.0,0.0,0.999948804587109
46.305944138365135,0.0,0.0,0.999948804587109
46.33668243372419,0.0,0.0,0.999948804587109
46.367420729083236,0.0,0.0,0.999948804587109
46.39815902444229,0.0,0.0,0.999948804587109
46.42889731980134,0.0,0.0,0.999948804587109
46.45963561516038,0.0,0.0,0.999948804587109
46.49037391051944,0.0,0.0,0.999948804587109
46.52111220587848,0.0,0.0,0.999948804587109
46.551850501237524,0.0,0.0,0.999948804587109
46.58258879659658,0.0,0.0,0.999948804587109
46.613327091955625,0.0,0.0,0.999948804587109
46.64406538731468,0.0,0.0,0.999948804587109
46.674803682673726,0.0,0.0,0.999948804587109
46.70554197803277,0.0,0.0,0.999948804587109
46.73628027339183,0.0,0.0,0.999948804587109
46.76701856875087,0.0,0.0,0.999948804587109
46.79775686410993,0.0,0.0,0.999948804587109
46.82849515946897,0.0,0.0,0.999948804587109
46.859233454828015,0.0,0.0,0.999948804587109
46.88997175018707,0.0,0.0,0.999948804587109
46.920710045546116,0.0,0.0,0.999948804587109
46.95144834090516,0.0,0.0,0.999948804587109
46.98218663626422,0.0,0.0,0.999948804587109
47.01292493162326,0.0,0.0,0.999948804587109
47.04366322698232,0.0,0.0,0.999948804587109
47.07440152234136,0.0,0.0,0.999948804587109
47.105139817700405,0.0,0.0,0.999948804587109
47.13587811305946,0.0,0.0,0.999948804587109
47.166616408418506,0.0,0.0,0.999948804587109
47.19735470377756,0.0,0.0,0.999948804587109
47.22809299913661,0.0,0.0,0.999948804587109
47.25883129449565,0.0,0.0,0.999948804587109
47.28956958985471,0.0,0.0,0.999948804587109
47.32030788521375,0.0,0.0,0.999948804587109
47.351046180572794,0.0,0.0,0.999948804587109
47.38178447593185,0.0,0.0,0.999948804587109
47.412522771290895,0.0,0.0,0.999948804587109
47.44326106664995,0.0,0.0,0.999948804587109
47.473999362008996,0.0,0.0,0.999948804587109
47.50473765736804,0.0,0.0,0.999948804587109
47.5354759527271,0.0,0.0,0.999948804587109
47.56621424808614,0.0,0.0,0.999948804587109
47.5969525434452,0.0,0.0,0.999948804587109
47.62769083880424,0.0,0.0,0.999948804587109
47.658429134163285,0.0,0.0,0.999948804587109
47.68916742952234,0.0,0.0,0.999948804587109
47.719905724881386,0.0,0.0,0.999948804587109
47.75064402024043,0.0,0.0,0.999948804587109
47.78138231559949,0.0,0.0,0.999948804587109
47.81212061095853,0.0,0.0,0.999948804587109
47.84285890631759,0.0,0.0,0.9999658697247393
47.87359720167663,0.0,0.0,0.9999658697247393
47.904335497035675,0.0,0.0,0.9999658697247393
47.93507379239473,0.0,0.0,0.9999658697247393
47.965812087753775,0.0,0.0,0.9999658697247393
47.99655038311283,0.0,0.0,0.9999658697247393
48.027288678471876,0.0,0.0,0.9999658697247393
48.05802697383092,0.0,0.0,0.9999658697247393
48.08876526918998,0.0,0.0,0.9999658697247393
48.11950356454902,0.0,0.0,0.9999658697247393
48.150241859908064,0.0,0.0,0.9999658697247393
48.18098015526712,0.0,0.0,0.9999658697247393
48.211718450626165,0.0,0.0,0.9999658697247393
48.24245674598522,0.0,0.0,0.9999658697247393
48.273195041344266,0.0,0.0,0.9999658697247393
48.30393333670331,0.0,0.0,0.9999658697247393
48.33467163206237,0.0,0.0,0.9999658697247393
48.36540992742141,0.0,0.0,0.9999658697247393
48.39614822278047,0.0,0.0,0.9999658697247393
48.426886518139504,0.0,0.0,0.9999829348623697
