Threshold,Precision,Recall,Specificity
-11.830461964671832,0.008363950358092207,1.0,0.0
-11.799568198383282,0.008364091971148962,1.0,1.707387867301815e-05
-11.768674432094734,0.008364091971148962,1.0,1.707387867301815e-05
-11.737780665806184,0.008364091971148962,1.0,1.707387867301815e-05
-11.706886899517636,0.008364233589001202,1.0,3.41477573460363e-05
-11.675993133229086,0.008364233589001202,1.0,3.41477573460363e-05
-11.645099366940537,0.008364233589001202,1.0,3.41477573460363e-05
-11.614205600651989,0.008364233589001202,1.0,3.41477573460363e-05
-11.583311834363439,0.008364233589001202,1.0,3.41477573460363e-05
-11.55241806807489,0.008364233589001202,1.0,3.41477573460363e-05
-11.521524301786341,0.008364233589001202,1.0,3.41477573460363e-05
-11.490630535497791,0.008364233589001202,1.0,3.41477573460363e-05
-11.459736769209243,0.008364233589001202,1.0,3.41477573460363e-05
-11.428843002920694,0.00836437521164917,1.0,5.122163601905445e-05
-11.397949236632144,0.00836451683909311,1.0,6.82955146920726e-05
-11.367055470343596,0.00836451683909311,1.0,6.82955146920726e-05
-11.336161704055046,0.00836451683909311,1.0,6.82955146920726e-05
-11.305267937766496,0.00836451683909311,1.0,6.82955146920726e-05
-11.274374171477948,0.00836451683909311,1.0,6.82955146920726e-05
-11.243480405189398,0.00836451683909311,1.0,6.82955146920726e-05
-11.21258663890085,0.00836451683909311,1.0,6.82955146920726e-05
-11.1816928726123,0.008364658471333266,1.0,8.536939336509075e-05
-11.15079910632375,0.008364658471333266,1.0,8.536939336509075e-05
-11.119905340035203,0.008364658471333266,1.0,8.536939336509075e-05
-11.089011573746653,0.008364658471333266,1.0,8.536939336509075e-05
-11.058117807458103,0.00836480010836988,1.0,0.0001024432720381089
-11.027224041169555,0.00836480010836988,1.0,0.0001024432720381089
-10.996330274881005,0.008364941750203197,1.0,0.00011951715071112705
-10.965436508592457,0.008364941750203197,1.0,0.00011951715071112705
-10.934542742303908,0.00836508339683346,1.0,0.0001365910293841452
-10.903648976015358,0.008365225048260913,1.0,0.00015366490805716334
-10.87275520972681,0.008365508365508366,1.0,0.00018781266540319965
-10.84186144343826,0.008365508365508366,1.0,0.00018781266540319965
-10.810967677149712,0.008366075057580274,1.0,0.00025610818009527225
-10.780073910861162,0.008366216742594882,1.0,0.0002731820587682904
-10.749180144572613,0.008366500127021764,1.0,0.0003073298161143267
-10.718286378284064,0.008366783530647156,1.0,0.000341477573460363
-10.687392611995515,0.00836706695347301,1.0,0.0003756253308063993
-10.656498845706965,0.008367492123716928,1.0,0.0004268469668254537
-10.625605079418417,0.008367775594552476,1.0,0.00046099472417149
-10.594711313129867,0.008368200836820083,1.0,0.0005122163601905445
-10.563817546841317,0.008368484355677525,1.0,0.0005463641175365808
-10.53292378055277,0.008369051451030883,1.0,0.0006146596322286534
-10.50203001426422,0.008369476822987259,1.0,0.0006658812682477078
-10.471136247975672,0.008370044052863436,1.0,0.0007341767829397804
-10.440242481687122,0.008370469525729875,1.0,0.0007853984189588348
-10.409348715398572,0.008370753198339406,1.0,0.0008195461763048712
-10.378454949110024,0.008371178743306446,1.0,0.0008707678123239256
-10.347561182821474,0.008372029963054604,1.0,0.0009732110843620345
-10.316667416532926,0.008372455637848922,1.0,0.001024432720381089
-10.285773650244376,0.00837330711731105,1.0,0.0011268759924191979
-10.254879883955827,0.008373590982286634,1.0,0.0011610237497652342
-10.223986117667279,0.00837415876998186,1.0,0.0012293192644573067
-10.193092351378729,0.00837529457640337,1.0,0.001365910293841452
-10.16219858509018,0.008376288659793814,1.0,0.001485427444552579
-10.131304818801631,0.008376714767775083,1.0,0.0015366490805716335
-10.100411052513081,0.008378135440869698,1.0,0.0017073878673018149
-10.069517286224533,0.008379840884802633,1.0,0.0019122744113780328
-10.038623519935983,0.008380836047774159,1.0,0.0020317915620891597
-10.007729753647434,0.00838197366634994,1.0,0.002168382591473305
-9.976835987358886,0.008383822955382448,1.0,0.0023903430142225407
-9.945942221070336,0.008385530715825568,1.0,0.002595229558298759
-9.915048454781786,0.008386811992801602,1.0,0.002748894466355922
-9.884154688493238,0.008387666395001358,1.0,0.002851337738394031
-9.853260922204688,0.008388948324757587,1.0,0.0030050026464511943
-9.82236715591614,0.00839094321675471,1.0,0.0032440369478734486
-9.79147338962759,0.008392653879478773,1.0,0.0034489234919496663
-9.76057962333904,0.008394935848415329,1.0,0.0037221055507179568
-9.729685857050493,0.008396648139649517,1.0,0.003926992094794174
-9.698792090761943,0.008398789486211703,1.0,0.004183100274889447
-9.667898324473395,0.008401217666366218,1.0,0.004473356212330755
-9.637004558184845,0.008403075457576376,1.0,0.004695316635079991
-9.606110791896295,0.0084052200840522,1.0,0.0049514248151752635
-9.575217025607747,0.008408510638297872,1.0,0.005344124024654681
-9.544323259319198,0.00839434701174868,0.9979757085020243,0.0056685277194420255
-9.51342949303065,0.008397635716354098,0.9979757085020243,0.006061226928921443
-9.4825357267421,0.00840035441657579,0.9979757085020243,0.0063856306237087875
-9.45164196045355,0.008385744234800839,0.9959514170040485,0.006658812682477078
-9.420748194165,0.008388317733108282,0.9959514170040485,0.006966142498591405
-9.389854427876452,0.008390749710075722,0.9959514170040485,0.007256398436032713
-9.358960661587902,0.008394328709627885,0.9959514170040485,0.007683245402858167
-9.328066895299354,0.008397910763663674,0.9959514170040485,0.008110092369683622
-9.297173129010805,0.008401639344262295,0.9959514170040485,0.008554013215182094
-9.266279362722255,0.008406089289070376,0.9959514170040485,0.009083303454045656
-9.235385596433707,0.008411981945014363,0.9959514170040485,0.0097833324796394
-9.204491830145157,0.008419035233320214,0.9959514170040485,0.010619952534617288
-9.173598063856609,0.008423647850428886,0.9959514170040485,0.01116631665215387
-9.14270429756806,0.008430287349428557,0.9959514170040485,0.011951715071112704
-9.11181053127951,0.008435924693940538,0.9959514170040485,0.012617596339360413
-9.080916764990961,0.00844041104115558,0.9959514170040485,0.013146886578223976
-9.050022998702412,0.008446351931330472,0.9959514170040485,0.01384691560381772
-9.019129232413864,0.00845157522245508,0.9959514170040485,0.014461575236046373
-8.988235466125314,0.008460586050350804,0.9959514170040485,0.015520155713773498
-8.957341699836764,0.008466701084150749,0.9959514170040485,0.01623725861804026
-8.926447933548214,0.008473408652521356,0.9959514170040485,0.017022657036999095
-8.895554167259666,0.00847881158770917,0.9959514170040485,0.017654390547900765
-8.864660400971118,0.008487880617614078,0.9959514170040485,0.01871297102562789
-8.833766634682569,0.00849462179940952,0.9959514170040485,0.019498369444586727
-8.802872868394019,0.00850343075407456,0.9959514170040485,0.020522802164967817
-8.771979102105469,0.008509607900790426,0.9959514170040485,0.021239905069234576
-8.741085335816921,0.0085183004951695,0.9959514170040485,0.022247263910942647
-8.710191569528371,0.008526715308226894,0.9959514170040485,0.023220474995304684
-8.679297803239823,0.008517503382715192,0.9939271255060729,0.024142464443647663
-8.648404036951273,0.00852608182260193,0.9939271255060729,0.025132749406682715
-8.617510270662724,0.008537348727222146,0.9939271255060729,0.026430364185832094
-8.586616504374176,0.008546264707930098,0.9939271255060729,0.027454796906213184
-8.555722738085626,0.008556242920623857,0.9939271255060729,0.028598746777305402
-8.524828971797078,0.00856893542757417,0.9939271255060729,0.030050026464511943
-8.493935205508528,0.008582565680225139,0.9939271255060729,0.03160374942375659
-8.463041439219978,0.008594433747593208,0.9939271255060729,0.032952585838925026
-8.43214767293143,0.008606485539000876,0.9939271255060729,0.03431849613276648
-8.40125390664288,0.008600565179997542,0.9919028340080972,0.03561611091191586
-8.370360140354332,0.00859462879640045,0.9898785425101214,0.03691372569106524
-8.339466374065783,0.008607033477663955,0.9898785425101214,0.03831378374225273
-8.308572607777233,0.008619018242707324,0.9898785425101214,0.03966262015742116
-8.277678841488683,0.008635761589403974,0.9898785425101214,0.04154074681145316
-8.246785075200135,0.008647979485365638,0.9898785425101214,0.04290665710529461
-8.215891308911585,0.008660385378294133,0.9898785425101214,0.04428964127780908
-8.184997542623037,0.008674519264883275,0.9898785425101214,0.04586043811572675
-8.154103776334487,0.00867262613517212,0.9878542510121457,0.0476019737403746
-8.123210010045938,0.008691935024223425,0.9878542510121457,0.04973620857450187
-8.09231624375739,0.008710241673508728,0.9878542510121457,0.05175092625791801
-8.06142247746884,0.008726596448561363,0.9878542510121457,0.05354368351858492
-8.030528711180292,0.008726503843603848,0.9858299595141701,0.05547303180863597
-7.999634944891742,0.008745308599852748,0.9858299595141701,0.05752189724939814
-7.968741178603192,0.008765298776097913,0.9858299595141701,0.05969027984087145
-7.937847412314644,0.00878379597063651,0.9858299595141701,0.061687923645614574
-7.9069536460260945,0.00878620240807029,0.9838056680161943,0.0638733801157609
-7.876059879737546,0.008807698580981895,0.9838056680161943,0.06617835373661834
-7.845166113448997,0.008825452168228371,0.9838056680161943,0.06807355426932336
-7.814272347160448,0.008844886891004058,0.9838056680161943,0.07013949358875855
-7.783378580871898,0.008866671531781362,0.9838056680161943,0.072444467209616
-7.752484814583349,0.008886775892334699,0.9838056680161943,0.07456162816507025
-7.7215910482948,0.008910074250618755,0.9838056680161943,0.07700319281531186
-7.690697282006251,0.008931524975190208,0.9838056680161943,0.07923987092147723
-7.659803515717702,0.008957699751175007,0.9838056680161943,0.08195461763048711
-7.628909749429153,0.008980542158656245,0.9838056680161943,0.08431081288736363
-7.598015983140604,0.0089833114152883,0.9817813765182186,0.08647919547883692
-7.567122216852055,0.009007503157269147,0.9817813765182186,0.08895490788642456
-7.536228450563505,0.009029303347358231,0.9817813765182186,0.09117451211391692
-7.505334684274956,0.00905425083075085,0.9817813765182186,0.0937014461575236
-7.474440917986407,0.009064688916357644,0.979757085020243,0.09662107941060971
-7.443547151697858,0.00907451245631834,0.9777327935222672,0.09947241714900373
-7.412653385409309,0.009107193362873574,0.9777327935222672,0.1027335279755502
-7.38175961912076,0.00911497730711044,0.9757085020242915,0.105362905291195
-7.350865852832211,0.009124018361849843,0.9736842105263158,0.10811179975755092
-7.319972086543662,0.009153187440532826,0.9736842105263158,0.11098021137461797
-7.289078320255112,0.009182368325601818,0.9736842105263158,0.113831549113012
-7.258184553966563,0.009209266704958837,0.9736842105263158,0.11644385254998378
-7.227290787678014,0.009241114313160423,0.9736842105263158,0.11951715071112705
-7.1963970213894655,0.009275149925760234,0.9736842105263158,0.12277826153767352
-7.165503255100916,0.009305654974946313,0.9736842105263158,0.1256808209120866
-7.134609488812367,0.009339080459770116,0.9736842105263158,0.12883948846659496
-7.103715722523818,0.009372199056934647,0.9736842105263158,0.13194693438508426
-7.072821956235269,0.009405553382870552,0.9736842105263158,0.13505438030357356
-7.041928189946719,0.009437664325236432,0.9736842105263158,0.13802523519267873
-7.01103442365817,0.00947092759958257,0.9736842105263158,0.14108145947514897
-6.980140657369621,0.009488978946327963,0.97165991902834,0.1445133090884256
-6.9492468910810725,0.009507741167129814,0.9696356275303644,0.14799638033772133
-6.918353124792523,0.009524758393942413,0.9676113360323887,0.15130871280028685
-6.887459358503974,0.009539236861051115,0.9655870445344129,0.15438201096143012
-6.856565592215425,0.009538344143456695,0.9615384615384616,0.15784800833205279
-6.825671825926876,0.009557415062002217,0.9595141700404858,0.16131400570267548
-6.794778059638327,0.009561623855441213,0.9554655870445344,0.16522392391879664
-6.763884293349777,0.00958115502756362,0.9534412955465587,0.16870699516809234
-6.7329905270612285,0.00960104590117051,0.951417004048583,0.17220714029606105
-6.70209676077268,0.00963766481432116,0.951417004048583,0.17538288172924243
-6.671202994484131,0.009676555969611497,0.951417004048583,0.17872936194915398
-6.640309228195581,0.009695090439276485,0.9493927125506073,0.18205876829039253
-6.609415461907032,0.009717002678404585,0.9473684210526315,0.18566135669039935
-6.578521695618483,0.009761184690791532,0.9473684210526315,0.18938346224111732
-6.547627929329934,0.00978051436709391,0.9453441295546559,0.19272994246102887
-6.516734163041384,0.00981011325838912,0.9433198380566802,0.1969130427359183
-6.4858403967528355,0.009835441431532636,0.9412955465587044,0.20072051768000138
-6.454946630464287,0.009859963025138656,0.9392712550607287,0.20444262323071932
-6.424052864175738,0.009905217317052344,0.9392712550607287,0.20811350714541824
-6.393159097887188,0.009951956074124914,0.9392712550607287,0.21186976045348221
-6.362265331598639,0.00997672815031891,0.937246963562753,0.21554064436818113
-6.33137156531009,0.010024248722611933,0.937246963562753,0.2192968976762451
-6.300477799021541,0.010075731197771588,0.937246963562753,0.2233263330430774
-6.2695840327329915,0.01012132473494371,0.937246963562753,0.22686062592839215
-6.238690266444443,0.010126081799411326,0.9331983805668016,0.2305656576004371
-6.207796500155894,0.010159010600706713,0.9311740890688259,0.23474875787532654
-6.176902733867345,0.01021155681843408,0.9311740890688259,0.23872697160613976
-6.146008967578795,0.010222529741311966,0.9271255060728745,0.24285885024501017
-6.115115201290246,0.010230408543288537,0.9230769230769231,0.2467516945824583
-6.084221435001697,0.010265319014529374,0.9210526315789473,0.2509860164933668
-6.053327668713148,0.010319332305180078,0.9210526315789473,0.254947156345507
-6.0224339024245985,0.010376756066411238,0.9210526315789473,0.25911318274172346
-5.99154013613605,0.010437934436007433,0.9210526315789473,0.2635011695606891
-5.960646369847501,0.01046227589067613,0.9190283400809717,0.26684764978060066
-5.929752603558952,0.01049218297625941,0.917004048582996,0.2705697553313186
-5.898858837270403,0.010536130536130537,0.9149797570850202,0.2752479980877256
-5.867965070981853,0.010579900534859717,0.9129554655870445,0.27987501920811353
-5.837071304693304,0.01059437011868526,0.9089068825910931,0.28405811948300297
-5.806177538404755,0.010649147356687143,0.9089068825910931,0.2877802250337209
-5.7752837721162065,0.010713944831535744,0.9089068825910931,0.29213406409534054
-5.744390005827657,0.010752946259270816,0.9068825910931174,0.296300090491557
-5.713496239539108,0.010789543556445968,0.9048582995951417,0.3002783042223702
-5.682602473250559,0.010786123797492955,0.8987854251012146,0.304751660434701
-5.65170870696201,0.010828383564322554,0.8967611336032388,0.30905427786030154
-5.62081494067346,0.01090005413119433,0.8967611336032388,0.3136471512233434
-5.589921174384911,0.01096480372258799,0.8967611336032388,0.3177448821048678
-5.559027408096362,0.011004606000248973,0.8947368421052632,0.32177431747170004
-5.5281336418078135,0.011078804892721075,0.8947368421052632,0.3263671908347419
-5.497239875519264,0.011148103309120258,0.8947368421052632,0.3306015127456504
-5.466346109230715,0.011188917643476936,0.8927125506072875,0.33457972647646367
-5.435452342942166,0.011264943292122203,0.8927125506072875,0.3391213782034865
-5.404558576653617,0.01133996760009257,0.8927125506072875,0.34354351277979817
-5.373664810365067,0.011370390469545444,0.8906882591093117,0.3468046236063447
-5.342771044076518,0.011417128293152324,0.888663967611336,0.3509877238812341
-5.3118772777879695,0.011490642586048946,0.888663967611336,0.35518789803479656
-5.280983511499421,0.01154211025613998,0.8866396761133604,0.35955881097508924
-5.250089745210871,0.011617112696602393,0.8866396761133604,0.3637419112499787
-5.219195978922322,0.0116381496409791,0.8825910931174089,0.367805494374157
-5.188302212633773,0.01172578866686389,0.8825910931174089,0.37258618040260205
-5.157408446345224,0.011785104711332666,0.8805668016194332,0.37721320152299
-5.126514680056674,0.011863204974364569,0.8805668016194332,0.38136215404053336
-5.095620913768125,0.011920457042408262,0.8785425101214575,0.3857842886168451
-5.0647271474795765,0.011978201333370218,0.8765182186234818,0.3901893493144838
-5.033833381191028,0.012056915323142037,0.8765182186234818,0.39421878468131605
-5.002939614902478,0.012142116037127395,0.8765182186234818,0.3985214021069166
-4.972045848613929,0.01219753225851992,0.8744939271255061,0.40267035462446005
-4.94115208232538,0.012196162046908316,0.868421052631579,0.40675101162731137
-4.910258316036831,0.01224431411815191,0.8663967611336032,0.41049019105670237
-4.879364549748282,0.012275949512996369,0.8623481781376519,0.41477573460362993
-4.8484707834597325,0.0123292042586522,0.8603238866396761,0.41870272669842407
-4.817577017171184,0.01241129573927518,0.8603238866396761,0.4225955710358722
-4.786683250882635,0.012467654669489531,0.8582995951417004,0.42659085864535845
-4.755789484594086,0.012559613732634261,0.8582995951417004,0.43084225443494
-4.724895718305536,0.01262121438162017,0.8562753036437247,0.4349912069524834
-4.694001952016987,0.012681431619436849,0.854251012145749,0.4390377161979887
-4.663108185728438,0.012768146198299598,0.854251012145749,0.4428964127780908
-4.632214419439889,0.012854488409637821,0.854251012145749,0.44668681384350084
-4.6013206531513395,0.012909754377357334,0.8522267206477733,0.4503918455155458
-4.570426886862791,0.01295048525684614,0.8481781376518218,0.4547456845771654
-4.539533120574242,0.01303996016432217,0.8481781376518218,0.4585360856425754
-4.508639354285693,0.013069232456827656,0.8441295546558705,0.4623435605866585
-4.477745587997143,0.01313545942532365,0.8421052631578947,0.46637299595349074
-4.446851821708594,0.013193031536113937,0.840080971659919,0.4700097321108436
-4.415958055420045,0.013261155065825299,0.8380566801619433,0.4740391674776759
-4.385064289131496,0.013287322217563777,0.8340080971659919,0.4776246819990097
-4.354170522842947,0.013322069144788147,0.8299595141700404,0.4815346002151309
-4.323276756554398,0.013432053466125016,0.8299595141700404,0.48583721764073146
-4.292382990265849,0.013500132030631107,0.8279352226720648,0.4897129880995066
-4.2614892239773,0.013565633727889347,0.8259109311740891,0.49345216752889753
-4.23059545768875,0.013665594855305467,0.8259109311740891,0.49720842083696154
-4.199701691400201,0.01376193206732553,0.8259109311740891,0.5007768614796223
-4.168807925111652,0.013794040702612713,0.8218623481781376,0.5043965237583021
-4.137914158823103,0.013868438174160188,0.819838056680162,0.5083064419744233
-4.107020392534554,0.013939686702090953,0.8178137651821862,0.5120626952824873
-4.076126626246005,0.013968518711560513,0.8137651821862348,0.515494544895764
-4.045232859957456,0.014030790762771169,0.8117408906882592,0.5188751728730215
-4.014339093668907,0.014132656657503347,0.8117408906882592,0.5223923918796634
-3.983445327380357,0.014197487044793072,0.8097165991902834,0.5257900937355939
-3.9525515610918083,0.014278046162104133,0.8076923076923077,0.529682938073042
-3.9216577948032594,0.014377342173537042,0.8076923076923077,0.5329781966569346
-3.8907640285147105,0.014494859592400188,0.8076923076923077,0.5368198193583636
-3.8598702622261616,0.014525630236727526,0.8036437246963563,0.5401321518209291
-3.828976495937612,0.014607156030984876,0.8016194331983806,0.5438884051289932
-3.798082729649064,0.014725568942436412,0.8016194331983806,0.5476105106797111
-3.767188963360514,0.014774261286935653,0.7975708502024291,0.5514009117451212
-3.7362951970719642,0.014863280511327105,0.7955465587044535,0.5552596083252233
-3.705401430783416,0.014940732553264474,0.7935222672064778,0.558725605695846
-3.6745076644948664,0.014980985672031651,0.7894736842105263,0.5621745291877956
-3.6436138982063166,0.015092295189814635,0.7894736842105263,0.5654527138930151
-3.6127201319177686,0.015131425005849778,0.7854251012145749,0.5688162679915997
-3.581826365629219,0.015206286836935166,0.7834008097165992,0.5720773788181461
-3.550932599340671,0.015281076801266825,0.7813765182186235,0.5753043418873466
-3.520038833052121,0.015390135959491248,0.7813765182186235,0.5783605661698168
-3.4891450667635713,0.015467438029809972,0.7793522267206477,0.5815875292390172
-3.4582513004750233,0.015555375516487079,0.7773279352226721,0.5850706004883129
-3.4273575341864735,0.01558547531619747,0.7732793522267206,0.5880414553774181
-3.3964637678979237,0.015616010520259719,0.7692307692307693,0.5910123102665232
-3.3655700016093757,0.01570073325324164,0.7672064777327935,0.5943246427290888
-3.334676235320826,0.015816709790501628,0.7672064777327935,0.597346719254213
-3.303782469032278,0.015847660683509186,0.7631578947368421,0.6002663525072991
-3.272888702743728,0.015945040498706587,0.7611336032388664,0.6038006453926138
-3.2419949364551783,0.016060140099094483,0.7611336032388664,0.6066861308883539
-3.2111011701666303,0.016145698785843453,0.7591093117408907,0.6098447984428622
-3.1802074038780805,0.016276041666666668,0.7591093117408907,0.6130205398760437
-3.1493136375895308,0.016308862751956626,0.7550607287449392,0.6158718776144376
-3.1184198713009827,0.016314652321530933,0.7489878542510121,0.6190988406836381
-3.087526105012433,0.016413860593389975,0.7469635627530364,0.6224623947822226
-3.056632338723885,0.01650002241850872,0.7449392712550608,0.6254844713073469
-3.025738572435335,0.016586071315587293,0.742914979757085,0.6284724000751251
-2.9948448061467854,0.01666211417645452,0.7408906882591093,0.631204220662808
-2.9639510398582374,0.01677975426370805,0.7408906882591093,0.6338335979784527
-2.9330572735696876,0.01688581314878893,0.7408906882591093,0.6361727193566562
-2.9021635072811396,0.01698938745112642,0.7388663967611336,0.6394167563045297
-2.87126974099259,0.01704785610294463,0.7348178137651822,0.6426437193737301
-2.84037597470404,0.017128797198826536,0.7327935222672065,0.6453413922040669
-2.809482208415492,0.017180490598453755,0.728744939271255,0.6483805426078643
-2.7785884421269422,0.017169239647958447,0.7226720647773279,0.6510782154382011
-2.7476946758383924,0.017280714528420952,0.7206477732793523,0.6543393262647476
-2.7168009095498444,0.017414273834564398,0.7206477732793523,0.6570369990950844
-2.6859071432612946,0.01750579417131022,0.7186234817813765,0.6598200413187864
-2.6550133769727466,0.017599681813662126,0.7165991902834008,0.6626201574211613
-2.624119610684197,0.017741692978499472,0.7165991902834008,0.6653690518875173
-2.593225844395647,0.017775982224017776,0.7125506072874493,0.667913059809797
-2.562332078107099,0.01785805138641567,0.7105263157894737,0.6704058460960577
-2.5314383118185493,0.017988929889298892,0.7105263157894737,0.6728474107462993
-2.5005445455299995,0.018013832972024364,0.7064777327935222,0.6751694582458297
-2.4696507792414515,0.01814306508629653,0.7064777327935222,0.6775256535027062
-2.4387570129529017,0.018223711772098868,0.7044534412955465,0.6798989226382557
-2.4078632466643537,0.018322948569014678,0.7024291497975709,0.6825795215899196
-2.376969480375804,0.01846333936362669,0.7024291497975709,0.6850381601188342
-2.346075714087254,0.01861587982832618,0.7024291497975709,0.687667537434479
-2.315181947798706,0.018580533650210652,0.6963562753036437,0.6897676245112602
-2.2842881815101563,0.018729242663472534,0.6963562753036437,0.6922774846761939
-2.2533944152216066,0.018832701916213692,0.694331983805668,0.6948897881131657
-2.2225006489330585,0.018868968570163788,0.6902834008097166,0.6972630572487152
-2.1916068826445088,0.01896898013836197,0.6882591093117408,0.6997729174136489
-2.1607131163559608,0.01904815418328932,0.6862348178137652,0.7019242261264491
-2.129819350067411,0.019034670292318152,0.680161943319838,0.7043487168980177
-2.098925583778861,0.01918793900976529,0.680161943319838,0.7067561337909133
-2.068031817490313,0.01922634123877504,0.6761133603238867,0.7090952551691168
-2.0371380512017634,0.0193537138207602,0.6740890688259109,0.7119124451501647
-2.0062442849132136,0.01941007447369964,0.6700404858299596,0.7144906008297905
-1.9753505186246656,0.019510464703795673,0.6680161943319838,0.716846796086667
-1.9444567523361158,0.01962187630464603,0.6659919028340081,0.7193395823729276
-1.9135629860475678,0.019752641690682037,0.6659919028340081,0.7212347829056327
-1.882669219759018,0.019911638322338557,0.6659919028340081,0.723505608769144
-1.8517754534704682,0.02009651212509926,0.6659919028340081,0.7261008383274429
-1.8208816871819202,0.02025986821848636,0.6659919028340081,0.7283545903122812
-1.7899879208933704,0.020291653738752715,0.6619433198380567,0.7304376035103894
-1.7590941546048224,0.020261397035832657,0.6558704453441295,0.7325035428298247
-1.7282003883162727,0.020309050772626933,0.6518218623481782,0.7347914425720091
-1.6973066220277229,0.02046783625730994,0.6518218623481782,0.7368915296487903
-1.6664128557391749,0.020566376217324447,0.6497975708502024,0.7389916167255716
-1.635519089450625,0.020741793745153787,0.6497975708502024,0.7412453687104099
-1.6046253231620753,0.020785821333159576,0.645748987854251,0.7434137513018833
-1.5737315568735273,0.02092077649527807,0.645748987854251,0.7451040652905121
-1.5428377905849775,0.02094759796471288,0.6417004048582996,0.7470334135805631
-1.5119440242964295,0.02111222111222111,0.6417004048582996,0.7490481312639793
-1.4810502580078797,0.021066756122106674,0.6356275303643725,0.7508750362819921
-1.45015649171933,0.021147219782447133,0.6336032388663968,0.752633645785313
-1.419262725430782,0.02122593373698891,0.631578947368421,0.7543581075312878
-1.3883689591422321,0.021337907375643225,0.6295546558704453,0.7564581946080691
-1.3574751928536823,0.0214354861015074,0.6275303643724697,0.7583704690194472
-1.3265814265651343,0.02158774373259053,0.6275303643724697,0.760112004644095
-1.2956876602765846,0.021749807058163192,0.6275303643724697,0.761938909662108
-1.2647938939880365,0.021967120181405897,0.6275303643724697,0.7643463265550035
-1.2339001276994868,0.022138113261443975,0.6275303643724697,0.7662073793303624
-1.203006361410937,0.02223501475138519,0.6255060728744939,0.7680001365910294
-1.172112595122389,0.022283516004935763,0.6214574898785425,0.7700148542744455
-1.1412188288338392,0.02229858166398596,0.6174089068825911,0.7716710205057283
-1.1103250625452894,0.02239080798409074,0.6153846153846154,0.7733784083730301
-1.0794312962567414,0.02256197120379991,0.6153846153846154,0.7751370178763509
-1.0485375299681916,0.022747680335228972,0.6153846153846154,0.777015144530383
-1.0176437636796436,0.022924364678380212,0.6153846153846154,0.7787737540337039
-0.9867499973910938,0.023022566674264874,0.6133603238866396,0.7804640680223326
-0.955856231102544,0.022983222247759137,0.6072874493927125,0.7822568252829996
-0.924962464813996,0.023006253377595924,0.6032388663967612,0.7839300653929553
-0.8940686985254462,0.023042192122061343,0.5991902834008097,0.7857228226536223
-0.8631749322368982,0.02314088484468152,0.597165991902834,0.787378988884905
-0.8322811659483484,0.023307260804298017,0.597165991902834,0.7889327118441496
-0.8013873996597987,0.02343189607077389,0.5951417004048583,0.7907937646195086
-0.7704936333712507,0.02352846703605557,0.5931174089068826,0.7923816353360993
-0.7395998670827009,0.02363033098648539,0.5910931174089069,0.794003653810036
-0.7087061007941511,0.023819234847866872,0.5910931174089069,0.7956768939199919
-0.6778123345056031,0.024021059559065482,0.5910931174089069,0.7974355034233127
-0.6469185682170533,0.024121352785145888,0.5890688259109311,0.7989892263825573
-0.6160248019285053,0.024312808087559527,0.5890688259109311,0.800611244856494
-0.5851310356399555,0.024527983816588,0.5890688259109311,0.802404002117161
-0.5542372693514057,0.024622176940057736,0.5870445344129555,0.8038552818043675
-0.5233435030628577,0.02468608524814214,0.5850202429149798,0.8050504533114787
-0.4924497367743079,0.024826045872347737,0.5850202429149798,0.806177329303898
-0.46155597048575814,0.02485278836162106,0.5809716599190283,0.8077310522631426
-0.43066220419721013,0.025041444900095976,0.5809716599190283,0.8092164797076952
-0.39976843790866035,0.025219683655536028,0.5809716599190283,0.8105994638802096
-0.36887467162011234,0.025325422828300716,0.5789473684210527,0.8120678174460892
-0.33798090533156255,0.025508383874420264,0.5789473684210527,0.8134508016186037
-0.30708713904301277,0.025724051088325237,0.5789473684210527,0.8150557462138674
-0.27619337275446476,0.025910491030983872,0.5789473684210527,0.8164216565077088
-0.24529960646591498,0.0259704756697649,0.5769230769230769,0.817497310864109
-0.2144058401773652,0.026141992294991746,0.5769230769230769,0.8187266301285663
-0.18351207388881718,0.02634011090573013,0.5769230769230769,0.8201266881797538
-0.1526183076002674,0.026506696428571428,0.5769230769230769,0.821287711929519
-0.12172454131171939,0.026614187986130633,0.5748987854251012,0.8226536222233605
-0.09083077502316961,0.026762156049754994,0.5748987854251012,0.8236609810650686
-0.05993700873461982,0.026739996207092737,0.5708502024291497,0.8247537093001417
-0.029043242446071815,0.02674562995510555,0.5668016194331984,0.826034250200618
0.001850523842477969,0.026954177897574125,0.5668016194331984,0.8274172343731325
0.03274429013102598,0.02716336825766395,0.5668016194331984,0.828783144666974
0.06363805641957576,0.027346420548881728,0.5668016194331984,0.8299612422954122
0.09453182270812555,0.027503943217665614,0.5647773279352226,0.831566186890676
0.12542558899667355,0.027736355502535042,0.5647773279352226,0.8330174665778824
0.15631935528522334,0.027947510768306122,0.5647773279352226,0.8343150813570319
0.18721312157377312,0.027864714790509844,0.5587044534412956,0.8355956222575083
0.21810688786232113,0.02804023163669613,0.5587044534412956,0.8366542027352354
0.24900065415087091,0.02813011456628478,0.5566801619433198,0.8377810787276546
0.2798944204394189,0.02813272877164056,0.5526315789473685,0.8389762502347659
0.3107881867279687,0.028250934773577065,0.5506072874493927,0.8402567911352422
0.3416819530165185,0.028368051920862555,0.548582995951417,0.8415202581570456
0.3725757193050665,0.02847200253084467,0.5465587044534413,0.8426983557854838
0.4034694855936163,0.02847428814279643,0.5425101214574899,0.843876453413922
0.43436325188216607,0.02868150684931507,0.5425101214574899,0.8450374771636873
0.4652570181707141,0.028679245283018868,0.5384615384615384,0.8461814270347795
0.49615078445926386,0.028766825879287885,0.5364372469635628,0.8472400075125066
0.5270445507478119,0.028917503273679614,0.5364372469635628,0.8480595536888115
0.5579383170363617,0.028800703528635813,0.5303643724696356,0.8491522819238847
0.5888320833249114,0.028874875539329572,0.52834008097166,0.8501254930082467
0.6197258496134594,0.028933897173380813,0.5263157894736842,0.8510133346992437
0.6506196159020092,0.029161058770749215,0.5263157894736842,0.8522085062063549
0.681513382190559,0.029345372460496615,0.5263157894736842,0.8531646434120439
0.712407148479107,0.02957906712172924,0.5263157894736842,0.8543598149191551
0.7433009147676568,0.029691619855554283,0.5242914979757085,0.8554866909115744
0.7741946810562048,0.029656127394414956,0.520242914979757,0.8564257542385904
0.8050884473447546,0.029757061490177844,0.5182186234817814,0.8574843347163175
0.8359822136333044,0.02996605407936322,0.5182186234817814,0.8585087674366986
0.8668759799218524,0.029757704069630676,0.5121457489878543,0.8591575748262733
0.8977697462104022,0.02985428266793034,0.5101214574898786,0.8601820075466544
0.928663512498952,0.029843619434164977,0.5060728744939271,0.8612405880243815
0.9595572787875,0.02990990990990991,0.5040485829959515,0.8621113558367054
0.9904510450760498,0.030112468254928044,0.5040485829959515,0.8630674930423945
1.0213448113645978,0.030210744305031064,0.5020242914979757,0.8640748518841025
1.0522385776531475,0.03031790843255186,0.5,0.8651163584831566
1.0831323439416973,0.03050135836008891,0.5,0.8659529785381345
1.1140261102302453,0.030574198359433258,0.4979757085020243,0.8668237463504584
1.1449198765187951,0.030663329161451813,0.4959514170040486,0.8677628096774744
1.1758136428073431,0.030639263648972386,0.49190283400809715,0.8687360207618364
1.206707409095893,0.030456852791878174,0.48582995951417,0.8695555669381413
1.2376011753844427,0.03041144901610018,0.4817813765182186,0.8704434086291383
1.2684949416729907,0.030454895913646876,0.4797570850202429,0.871177585412078
1.2993887079615405,0.030420711974110032,0.4757085020242915,0.8721166487390941
1.3302824742500903,0.030437622468974527,0.4716599190283401,0.8732776724888593
1.3611762405386383,0.03069828722002635,0.4716599190283401,0.8743874746026055
1.392070006827188,0.03074476543864299,0.46963562753036436,0.8751216513855452
1.422963773115736,0.03079589388081589,0.4676113360323887,0.8758729020471581
1.4538575394042859,0.030806321993035093,0.46558704453441296,0.8764534139220407
1.4847513056928356,0.03085006062238987,0.46356275303643724,0.8771705168263074
1.5156450719813837,0.030779661016949154,0.45951417004048584,0.8779559152452663
1.5465388382699334,0.030832196452933152,0.4574898785425101,0.878707165906879
1.5774326045584832,0.03088962108731466,0.45546558704453444,0.8794754904471649
1.6083263708470312,0.031098825155494125,0.45546558704453444,0.8803121105021428
1.639220137135581,0.03131088227108266,0.45546558704453444,0.8811487305571206
1.670113903424129,0.03137254901960784,0.4534412955465587,0.8819170550974065
1.7010076697126788,0.031544852837628506,0.4534412955465587,0.8825829363656542
1.7319014360012286,0.03177304964539007,0.4534412955465587,0.8834537041779781
1.7627952022897766,0.03200457208172596,0.4534412955465587,0.8843244719903021
1.7936889685783264,0.032234853935818104,0.4534412955465587,0.8851781659239529
1.8245827348668762,0.03229543808834178,0.451417004048583,0.8859123427068927
1.8554765011554242,0.03248834498834499,0.451417004048583,0.8866123717324864
1.886370267443974,0.03266442068258386,0.451417004048583,0.8872441052433881
1.917264033732522,0.03274336283185841,0.4493927125506073,0.888029503662347
1.9481578000210718,0.032937685459940656,0.4493927125506073,0.8887124588092677
1.9790515663096215,0.032590820750485874,0.44129554655870445,0.8895149311068996
2.0099453325981695,0.0324812030075188,0.43724696356275305,0.8901466646178012
2.0408390988867193,0.032667876588021776,0.43724696356275305,0.890795472007376
2.0717328651752673,0.032866707242848445,0.43724696356275305,0.8914784271542966
2.102626631463817,0.03289473684210526,0.4352226720647773,0.8920760129078523
2.133520397752367,0.03295349553433939,0.4331983805668016,0.8927760419334461
2.164414164040915,0.033198883028234566,0.4331983805668016,0.8935955881097509
2.1953079303294647,0.03321896444167186,0.4311740890688259,0.8941590261059605
2.2262016966180145,0.03324447232240866,0.4291497975708502,0.8947395379808432
2.2570954629065625,0.03309692671394799,0.4251012145748988,0.8952517543410337
2.2879892291951123,0.03322784810126582,0.4251012145748988,0.8956786013078591
2.3188829954836603,0.0334341665339914,0.4251012145748988,0.8963444825761068
2.34977676177221,0.03361075544174136,0.4251012145748988,0.8969079205723164
2.38067052806076,0.03360128617363344,0.4230769230769231,0.8973689152964879
2.411564294349308,0.03353856124432923,0.4190283400809717,0.8981543137154467
2.4424580606378576,0.03341483292583537,0.4149797570850202,0.8987518994690024
2.4733518269264074,0.03369493754109139,0.4149797570850202,0.8996226672813263
2.5042455932149554,0.033895502645502645,0.4149797570850202,0.900237326913555
2.535139359503505,0.03378828229027963,0.4109311740890688,0.9008861343031297
2.5660331257920532,0.03381319049213258,0.4089068825910931,0.9014495722993392
2.596926892080603,0.0339527027027027,0.4068825910931174,0.9023544878690092
2.627820658369153,0.034148827726809376,0.4068825910931174,0.9029349997438918
2.658714424657701,0.034147174321324913,0.4048582995951417,0.9034130683467363
2.6896081909462506,0.034299434059338024,0.4048582995951417,0.9038569891922348
2.7205019572348004,0.034280792420327305,0.402834008097166,0.9042838361590603
2.7513957235233484,0.03433922996878252,0.4008097165991903,0.9049326435486349
2.782289489811898,0.03454291695743196,0.4008097165991903,0.9055131554235175
2.813183256100446,0.03462822991738443,0.39878542510121456,0.9062302583277844
2.844077022388996,0.034671855651866264,0.3967611336032389,0.90682784408134
2.8749707886775457,0.0346728307254623,0.39473684210526316,0.9073059126841845
2.9058645549660937,0.03451359084406295,0.39068825910931176,0.907818129044375
2.9367583212546435,0.03454480028787334,0.38866396761133604,0.9083815670405846
2.9676520875431933,0.03452015181637448,0.3866396761133603,0.9087913401287371
2.9985458538317413,0.03438239039476078,0.3825910931174089,0.9093718520036197
3.029439620120291,0.03456474030724214,0.3825910931174089,0.9098669944851372
3.060333386408839,0.03457153365207797,0.3805668016194332,0.9103621369666547
3.091227152697389,0.03478904515173945,0.3805668016194332,0.9109426488415373
3.1221209189859387,0.03497674418604651,0.3805668016194332,0.9114377913230549
3.1530146852744867,0.035153328347045626,0.3805668016194332,0.9118987860472263
3.1839084515630365,0.03493613824192337,0.3765182186234818,0.9122744113780328
3.2148022178515845,0.035114215593732304,0.3765182186234818,0.9127354061022043
3.2456959841401343,0.03514437689969605,0.37449392712550605,0.9132817702197408
3.276589750428684,0.035325568073324425,0.37449392712550605,0.9137427649439123
3.307483516717232,0.03529637444849415,0.3724696356275304,0.9141354641533918
3.338377283005782,0.03530092592592592,0.37044534412955465,0.9146135327562362
3.3692710492943316,0.03543764523625097,0.37044534412955465,0.9149550103296966
3.4001648155828796,0.035443037974683546,0.3684210526315789,0.9154330789325411
3.4310585818714294,0.035455435847208616,0.36639676113360325,0.9159282214140586
3.4619523481599774,0.03559488692232055,0.36639676113360325,0.916269698987519
3.492846114448527,0.03558718861209965,0.3643724696356275,0.9167136198330175
3.523739880737077,0.03582089552238806,0.3643724696356275,0.9172770578292271
3.554633647025625,0.036028823058446756,0.3643724696356275,0.9177722003107446
3.585527413314175,0.03605236656596173,0.3623481781376518,0.9182844166709352
3.6164211796027246,0.03624949372215472,0.3623481781376518,0.9187454113951067
3.6473149458912726,0.03620093552979459,0.3603238866396761,0.9190868889685669
3.6782087121798224,0.03618891842159068,0.3582995951417004,0.9195137359353924
3.7091024784683704,0.036374845869297165,0.3582995951417004,0.9199405829022179
3.73999624475692,0.0365778053316801,0.3582995951417004,0.9204015776263894
3.77089001104547,0.03675249169435216,0.3582995951417004,0.9207942768358688
3.801783777334018,0.0369828666945257,0.3582995951417004,0.9213064931960594
3.8326775436225677,0.03713806126731011,0.3582995951417004,0.9216479707695198
3.8635713099111175,0.0373575348248206,0.3582995951417004,0.9221260393723643
3.8944650761996655,0.037399065023374416,0.3562753036437247,0.9226553296112278
3.9253588424882153,0.0374331550802139,0.354251012145749,0.9231675459714184
3.9562526087767633,0.03738719381177482,0.3522267206477733,0.9235090235448787
3.987146375065313,0.03756476683937824,0.3522267206477733,0.9238846488756851
4.018040141353863,0.037793223284100785,0.3522267206477733,0.9243627174785296
4.048933907642411,0.037991266375545854,0.3522267206477733,0.924772490566682
4.079827673930961,0.0381328073635766,0.3522267206477733,0.9250627465041233
4.110721440219509,0.03835978835978836,0.3522267206477733,0.9255237412282948
4.1416152065080585,0.038325210456358,0.35020242914979755,0.9258822926804282
4.172508972796608,0.03843590313263719,0.35020242914979755,0.9261042531031775
4.203402739085158,0.03867650346523586,0.35020242914979755,0.926582321706022
4.234296505373704,0.03890263098718237,0.35020242914979755,0.9270262425515204
4.265190271662254,0.03906073605780086,0.35020242914979755,0.9273335723676348
4.296084037950804,0.03925572952121625,0.35020242914979755,0.9277091976984412
4.326977804239354,0.03940774487471526,0.35020242914979755,0.9279994536358824
4.357871570527903,0.03938630638882528,0.3481781376518219,0.9283750789666889
4.388765336816453,0.039428176158635,0.34615384615384615,0.9288702214482064
4.419659103104999,0.039638386648122394,0.34615384615384615,0.9292629206576858
4.450552869393549,0.03984156570363467,0.34615384615384615,0.9296385459884922
4.481446635682099,0.03997194950911641,0.34615384615384615,0.9298775802899144
4.512340401970649,0.03969931876908621,0.34210526315789475,0.9302019839847018
4.543234168259199,0.03982092365692743,0.34210526315789475,0.930423944407451
4.574127934547745,0.03998107404778803,0.34210526315789475,0.9307142003448924
4.605021700836295,0.03998096144693003,0.340080971659919,0.9311239734330448
4.635915467124844,0.039722421631969373,0.3360323886639676,0.9314825248851781
4.666809233413394,0.0396729983169031,0.3340080971659919,0.9318069285799655
4.697702999701944,0.03984544795943009,0.3340080971659919,0.9321142583960799
4.72859676599049,0.03998061545917131,0.3340080971659919,0.9323532926975021
4.75949053227904,0.03995127892813642,0.3319838056680162,0.9327118441496355
4.79038429856759,0.04006840947959932,0.3319838056680162,0.9329167306937117
4.8212780648561395,0.04001964154186104,0.3299595141700405,0.933241134388499
4.852171831144689,0.03991130820399113,0.32793522267206476,0.9334630948112482
4.883065597433239,0.03957457333663122,0.32388663967611336,0.9337021291126705
4.913959363721785,0.03973181028060591,0.32388663967611336,0.9339753111714388
4.944853130010335,0.03963110667996012,0.32186234817813764,0.9342143454728611
4.975746896298885,0.0392991239048811,0.31781376518218624,0.9344704536529563
5.006640662587435,0.03919597989949749,0.3157894736842105,0.9347094879543786
5.0375344288759845,0.03939393939393939,0.3157894736842105,0.935050965527839
5.068428195164531,0.03959390862944162,0.3157894736842105,0.9353924431012993
5.0993219614530805,0.039540816326530615,0.31376518218623484,0.9357168467960867
5.13021572774163,0.03977418527072107,0.31376518218623484,0.9361095460055661
5.16110949403018,0.03992787223080886,0.31376518218623484,0.9363656541856613
5.19200326031873,0.040103492884864166,0.31376518218623484,0.9366559101231027
5.222897026607276,0.04028066528066528,0.31376518218623484,0.9369461660605439
5.253790792895826,0.04041720990873533,0.31376518218623484,0.9371681264832932
5.284684559184376,0.040522875816993466,0.31376518218623484,0.9373388652700234
5.315578325472925,0.04014694305956442,0.3097165991902834,0.9375437518140997
5.346472091761475,0.04005270092226614,0.3076923076923077,0.9377998599941949
5.377365858050021,0.04020100502512563,0.3076923076923077,0.9380388942956172
5.408259624338571,0.04030761071333864,0.3076923076923077,0.9382096330823473
5.439153390627121,0.04045781208410966,0.3076923076923077,0.9384486673837695
5.470047156915671,0.040565785962103015,0.3076923076923077,0.9386194061704998
5.500940923204221,0.04046087888531619,0.305668016194332,0.938858440471922
5.53183468949277,0.04059139784946236,0.305668016194332,0.9390633270159983
5.562728455781317,0.0407777477720767,0.305668016194332,0.9393535829534395
5.593622222069866,0.04096581660336408,0.305668016194332,0.9396438388908809
5.624515988358416,0.04112200435729847,0.305668016194332,0.9398828731923031
5.655409754646966,0.04136986301369863,0.305668016194332,0.9402584985231095
5.686303520935516,0.04152915291529153,0.305668016194332,0.9404975328245317
5.717197287224062,0.04170118751726042,0.305668016194332,0.940753641004627
5.748091053512612,0.04182825484764543,0.305668016194332,0.9409414536700302
5.7789848198011615,0.04177109440267335,0.30364372469635625,0.9412487834861446
5.809878586089711,0.04204035874439462,0.30364372469635625,0.941641482695624
5.840772352378261,0.042289258528333803,0.30364372469635625,0.9420000341477573
5.871666118666807,0.04195011337868481,0.29959514170040485,0.9422902900851986
5.902559884955357,0.0421292342727014,0.29959514170040485,0.942546398265294
5.933453651243907,0.042321990277380615,0.29959514170040485,0.9428195803240622
5.964347417532457,0.04227782571182054,0.2975708502024291,0.9431439840188496
5.9952411838210065,0.042473273620340944,0.2975708502024291,0.9434171660776178
6.026134950109553,0.04235567159849144,0.29554655870445345,0.9436391265003671
6.0570287163981025,0.04216341959872056,0.2935222672064777,0.9437586436510782
6.087922482686652,0.042335766423357665,0.2935222672064777,0.9439976779525004
6.118816248975202,0.042509527997654645,0.2935222672064777,0.9442367122539227
6.149710015263752,0.04262198706643151,0.2935222672064777,0.9443903771619799
6.180603781552302,0.04260355029585799,0.291497975708502,0.9447489286141133
6.211497547840848,0.04276804276804277,0.291497975708502,0.9449708890368625
6.242391314129398,0.043010752688172046,0.291497975708502,0.9452952927316498
6.273285080417947,0.04329524954900782,0.291497975708502,0.9456709180624563
6.304178846706497,0.04350453172205438,0.291497975708502,0.9459441001212245
6.335072612995047,0.04378230465186987,0.291497975708502,0.9463026515733579
6.365966379283593,0.04390243902439024,0.291497975708502,0.946456316481415
6.396860145572143,0.0440771349862259,0.291497975708502,0.9466782769041643
6.427753911860693,0.04419889502762431,0.291497975708502,0.9468319418122215
6.458647678149243,0.044444444444444446,0.291497975708502,0.9471392716283358
6.489541444437792,0.04462348930895569,0.291497975708502,0.947361232051085
6.520435210726339,0.0442505453412278,0.2874493927125506,0.9476344141098534
6.551328977014888,0.04452806522420821,0.2874493927125506,0.9479758916833138
6.582222743303438,0.044696254327982375,0.2874493927125506,0.9481807782273899
6.613116509591988,0.0445356917245736,0.2854251012145749,0.9483515170141201
6.644010275880538,0.044374009508716325,0.2834008097165992,0.9485222558008503
6.6749040421690875,0.044543429844097995,0.2834008097165992,0.9487271423449265
6.705797808457634,0.044089456869009586,0.2793522267206478,0.9489149550103297
6.7366915747461835,0.043980738362760834,0.2773279352226721,0.949153989311752
6.767585341034733,0.04417929700096743,0.2773279352226721,0.9493930236131742
6.798479107323283,0.04435092262868242,0.2773279352226721,0.9495979101572504
6.829372873611833,0.044408427876823336,0.2773279352226721,0.9496662056719425
6.860266639900379,0.044596354166666664,0.2773279352226721,0.9498881660946917
6.891160406188929,0.04416094210009813,0.2732793522267207,0.950110126517441
6.922054172477479,0.04429133858267716,0.2732793522267207,0.9502637914254981
6.9529479387660285,0.044481054365733116,0.2732793522267207,0.9504857518482474
6.983841705054578,0.0443268276546477,0.27125506072874495,0.9506735645136506
7.0147354713431245,0.04414205111184866,0.2692307692307692,0.9508272294217077
7.045629237631674,0.0442301296973728,0.2692307692307692,0.9509296726937458
7.076523003920224,0.04445187165775401,0.2692307692307692,0.9511857808738411
7.107416770208774,0.04425075427422058,0.26720647773279355,0.9513223719032252
7.138310536497324,0.044399596367305755,0.26720647773279355,0.9514931106899555
7.16920430278587,0.044534412955465584,0.26720647773279355,0.9516467755980126
7.20009806907442,0.044715447154471545,0.26720647773279355,0.9518516621420888
7.230991835362969,0.0445578231292517,0.2651821862348178,0.9520394748074921
7.261885601651519,0.04436860068259386,0.2631578947368421,0.9521931397155492
7.292779367940069,0.044505306401917154,0.2631578947368421,0.9523468046236063
7.323673134228619,0.04439091534755678,0.2611336032388664,0.9525858389250286
7.354566900517165,0.044605809128630707,0.2611336032388664,0.9528248732264508
7.385460666805715,0.044822793606671296,0.2611336032388664,0.9530639075278731
7.416354433094265,0.044661549197487785,0.2591093117408907,0.9532517201932763
7.447248199382814,0.04495960660344222,0.2591093117408907,0.9535761238880637
7.478141965671364,0.04516584333098095,0.2591093117408907,0.9537980843108129
7.50903573195991,0.045406172401560835,0.2591093117408907,0.9540541924909082
7.53992949824846,0.04556781772872909,0.2591093117408907,0.9542249312776383
7.57082326453701,0.045746962115797,0.2591093117408907,0.9544127439430415
7.60171703082556,0.04556871187656979,0.25708502024291496,0.9545834827297717
7.6326107971141095,0.045716342692584594,0.25708502024291496,0.9547371476378289
7.663504563402656,0.04583182966438109,0.25708502024291496,0.95485666478854
7.6943983296912055,0.046047860768672955,0.25708502024291496,0.9550786252112893
7.725292095979755,0.04629967189208895,0.25708502024291496,0.9553347333913845
7.756185862268305,0.04575402635431918,0.25303643724696356,0.9554883982994417
7.787079628556855,0.04595588235294118,0.25303643724696356,0.9556932848435179
7.817973394845405,0.045773348098929495,0.25101214574898784,0.9558640236302481
7.848867161133951,0.04526901669758813,0.24696356275303644,0.9560689101743243
7.879760927422501,0.04552238805970149,0.24696356275303644,0.9563250183544195
7.9106546937110505,0.04533533158486325,0.24493927125506074,0.9564957571411498
7.9415484599996,0.045574387947269306,0.24493927125506074,0.956734791442572
7.97244222628815,0.04586808188021228,0.24493927125506074,0.9570250473800134
8.003335992576696,0.04609523809523809,0.24493927125506074,0.9572470078027625
8.034229758865246,0.045819014891179836,0.242914979757085,0.9573323771961276
8.065123525153796,0.04608294930875576,0.242914979757085,0.9575884853762229
8.096017291442346,0.046242774566473986,0.242914979757085,0.9577421502842801
8.126911057730895,0.04640371229698376,0.242914979757085,0.9578958151923372
8.157804824019442,0.04660194174757282,0.242914979757085,0.9580836278577405
8.188698590307991,0.04676539360872954,0.242914979757085,0.9582372927657976
8.219592356596541,0.046948356807511735,0.242914979757085,0.9584080315525277
8.250486122885091,0.046776729559748424,0.2408906882591093,0.958595844217931
8.28137988917364,0.046493301812450746,0.2388663967611336,0.9586812136112961
8.312273655462187,0.0466403162055336,0.2388663967611336,0.9588178046406802
8.343167421750737,0.04644700277888051,0.23684210526315788,0.9589885434274104
8.374061188039287,0.04665071770334928,0.23684210526315788,0.9591763560928136
8.404954954327836,0.046743907311226525,0.23684210526315788,0.9592617254861787
8.435848720616386,0.046987951807228916,0.23684210526315788,0.959483685908928
8.466742486904936,0.047139403706688156,0.23684210526315788,0.9596202769383121
8.497636253193482,0.04727272727272727,0.23684210526315788,0.9597397940890232
8.528530019482032,0.04752233956133225,0.23684210526315788,0.9599617545117725
8.559423785770582,0.047872340425531915,0.23684210526315788,0.9602690843278867
8.590317552059132,0.048207663782447466,0.23684210526315788,0.9605593402653281
8.621211318347681,0.04795369987598181,0.23481781376518218,0.9606788574160392
8.652105084636228,0.047698050601410205,0.23279352226720648,0.9607983745667503
8.682998850924777,0.0478568456096546,0.23279352226720648,0.9609349655961344
8.713892617213327,0.047936640266777825,0.23279352226720648,0.9610032611108266
8.744786383501877,0.04823825503355705,0.23279352226720648,0.9612593692909218
8.775680149790427,0.048359966358284275,0.23279352226720648,0.9613618125629599
8.806573916078973,0.04858470637938318,0.23279352226720648,0.9615496252283632
8.837467682367523,0.04883227176220807,0.23279352226720648,0.9617545117724393
8.868361448656072,0.048977853492333905,0.23279352226720648,0.9618740289231504
8.899255214944622,0.048822269807280515,0.23076923076923078,0.9620789154672267
8.930148981233172,0.048109965635738834,0.22672064777327935,0.9621642848605918
8.961042747521718,0.04842196281884998,0.22672064777327935,0.962420393040687
8.991936513810268,0.04865334491746308,0.22672064777327935,0.9626082057060903
9.022830280098818,0.04840819886611426,0.22469635627530365,0.9627447967354744
9.053724046387368,0.04868421052631579,0.22469635627530365,0.9629667571582237
9.084617812675917,0.048834139903211615,0.22469635627530365,0.9630862743089348
9.115511578964467,0.04902826855123675,0.22469635627530365,0.9632399392169919
9.146405345253013,0.049136786188579015,0.22469635627530365,0.963325308610357
9.177299111541563,0.0493552690084482,0.22469635627530365,0.9634960473970872
9.208192877830113,0.04962002682163612,0.22469635627530365,0.9637009339411634
9.239086644118663,0.04932735426008968,0.22267206477732793,0.9638033772132015
9.269980410407213,0.04959422903516682,0.22267206477732793,0.9640082637572778
9.300874176695759,0.04923215898825655,0.22064777327935223,0.9640594853932968
9.331767942984309,0.04895738893925657,0.21862348178137653,0.9641790025440079
9.362661709272858,0.048724954462659384,0.2165991902834008,0.9643326674520651
9.393555475561408,0.048947849954254344,0.2165991902834008,0.9645034062387953
9.424449241849958,0.049127640036730945,0.2165991902834008,0.9646399972681794
9.455343008138504,0.04939981532779317,0.2165991902834008,0.9648448838122556
9.486236774427054,0.04960593416782568,0.2165991902834008,0.9649985487203128
9.517130540715604,0.04981378026070764,0.2165991902834008,0.96515221362837
9.548024307004153,0.04950957496496964,0.2145748987854251,0.965254656900408
9.578918073292703,0.04962546816479401,0.2145748987854251,0.9653400262937731
9.609811839581253,0.04976525821596244,0.2145748987854251,0.9654424695658113
9.6407056058698,0.050141911069063384,0.2145748987854251,0.9657156516245795
9.671599372158349,0.05026078710289237,0.2145748987854251,0.9658010210179446
9.702493138446899,0.05052430886558627,0.2145748987854251,0.9659888336833479
9.733386904735449,0.05031145184475323,0.2125506072874494,0.966159572470078
9.764280671023998,0.05052935514918191,0.2125506072874494,0.9663132373781352
9.795174437312545,0.05065123010130246,0.2125506072874494,0.9663986067715002
9.826068203601094,0.05074915418076365,0.2125506072874494,0.9664669022861924
9.856961969889644,0.05048543689320388,0.21052631578947367,0.9666034933155765
9.887855736178194,0.05060827250608273,0.21052631578947367,0.9666888627089416
9.918749502466744,0.050731707317073174,0.21052631578947367,0.9667742321023067
9.94964326875529,0.05100539480137322,0.21052631578947367,0.9669620447677099
9.98053703504384,0.05128205128205128,0.21052631578947367,0.9671498574331131
10.01143080133239,0.051459673428995545,0.21052631578947367,0.9672693745838242
10.04232456762094,0.05163853028798411,0.21052631578947367,0.9673888917345353
10.07321833390949,0.05129482071713148,0.20850202429149797,0.9674742611279005
10.104112100198035,0.05147426286856572,0.20850202429149797,0.9675937782786116
10.135005866486585,0.051836940110719675,0.20850202429149797,0.9678328125800338
10.165899632775135,0.052257737189244036,0.20850202429149797,0.9681059946388021
10.196793399063685,0.052551020408163264,0.20850202429149797,0.9682938073042053
10.227687165352235,0.05273937532002048,0.20850202429149797,0.9684133244549165
10.258580931640784,0.052415210688591986,0.20647773279352227,0.9685157677269546
10.28947469792933,0.05268595041322314,0.20647773279352227,0.9686865065136847
10.32036846421788,0.05254942767950052,0.20445344129554655,0.968908466936434
10.35126223050643,0.05271398747390397,0.20445344129554655,0.9690109102084721
10.38215599679498,0.05290728129910948,0.20445344129554655,0.9691304273591832
10.41304976308353,0.052521008403361345,0.20242914979757085,0.9691987228738752
10.443943529372076,0.05221518987341772,0.20040485829959515,0.9693182400245863
10.474837295660626,0.05263157894736842,0.20040485829959515,0.9695743482046817
10.505731061949175,0.0527437400106553,0.20040485829959515,0.9696426437193737
10.536624828237725,0.05291288081239979,0.20040485829959515,0.9697450869914118
10.567518594526275,0.05308310991957105,0.20040485829959515,0.9698475302634499
10.598412360814821,0.05325443786982249,0.20040485829959515,0.9699499735354881
10.629306127103371,0.05342687533729088,0.20040485829959515,0.9700524168075262
10.66019989339192,0.053775122216186855,0.20040485829959515,0.9702573033516024
10.69109365968047,0.054009819967266774,0.20040485829959515,0.9703938943809866
10.72198742596902,0.054365733113673806,0.20040485829959515,0.9705987809250628
10.75288119225757,0.05472636815920398,0.20040485829959515,0.9708036674691389
10.783774958546116,0.05438401775804662,0.19838056680161945,0.970906110741177
10.814668724834666,0.054748603351955305,0.19838056680161945,0.9711109972852533
10.845562491123216,0.054525014052838675,0.19635627530364372,0.9712817360719834
10.876456257411766,0.05420666290231508,0.19433198380566802,0.9714012532226945
10.907350023700316,0.05394662123793299,0.19230769230769232,0.9715549181307518
10.938243789988862,0.05419281232173417,0.19230769230769232,0.9716915091601359
10.969137556277412,0.05431675242995998,0.19230769230769232,0.971759804674828
11.000031322565961,0.054022988505747126,0.1902834008097166,0.9718963957042122
11.030925088854511,0.05385060799073538,0.1882591093117409,0.9721012822482883
11.061818855143061,0.05400696864111498,0.1882591093117409,0.9721866516416534
11.092712621431607,0.05413271245634459,0.1882591093117409,0.9722549471563455
11.123606387720157,0.054354178842782,0.1882591093117409,0.9723744643070567
11.154500154008707,0.05457746478873239,0.1882591093117409,0.9724939814577678
11.185393920297257,0.05480259281084266,0.1882591093117409,0.9726134986084789
11.216287686585806,0.054470100651272946,0.1862348178137652,0.97273301575919
11.247181452874353,0.05463182897862233,0.1862348178137652,0.9728183851525551
11.278075219162902,0.054859868813357186,0.1862348178137652,0.9729379023032663
11.308968985451452,0.05505685218432076,0.1862348178137652,0.9730403455753044
11.339862751740002,0.055188962207558485,0.1862348178137652,0.9731086410899964
11.370756518028552,0.05542168674698795,0.1862348178137652,0.9732281582407075
11.401650284317101,0.05552202776101388,0.1862348178137652,0.9732793798767266
11.432544050605648,0.05565638233514821,0.1862348178137652,0.9733476753914186
11.463437816894197,0.05599513085818624,0.1862348178137652,0.9735184141781489
11.494331583182747,0.05623471882640587,0.1862348178137652,0.97363793132886
11.525225349471297,0.05644171779141104,0.1862348178137652,0.9737403746008981
11.556119115759847,0.056685150955021565,0.1862348178137652,0.9738598917516093
11.587012882048393,0.05627705627705628,0.18421052631578946,0.9739452611449743
11.617906648336943,0.056416615003099815,0.18421052631578946,0.9740135566596664
11.648800414625493,0.055417185554171855,0.18016194331983806,0.9740989260530315
11.679694180914042,0.05555555555555555,0.18016194331983806,0.9741672215677235
11.710587947202592,0.05520702634880803,0.17813765182186234,0.9742867387184346
11.741481713491138,0.05548549810844893,0.17813765182186234,0.9744233297478189
11.772375479779688,0.055168040583386174,0.17611336032388664,0.974559920777203
11.803269246068238,0.05491698595146871,0.17408906882591094,0.9747306595639331
11.834163012356788,0.05462724935732648,0.1720647773279352,0.9748843244719902
11.865056778645338,0.054838709677419356,0.1720647773279352,0.9749867677440284
11.895950544933884,0.054980595084087966,0.1720647773279352,0.9750550632587205
11.926844311222434,0.054474708171206226,0.1700404858299595,0.9751062848947395
11.957738077510983,0.054001301236174366,0.1680161943319838,0.9751745804094316
11.988631843799533,0.05446194225721785,0.1680161943319838,0.9753965408321809
12.019525610088083,0.05456936226166995,0.1680161943319838,0.9754477624681999
12.050419376376633,0.0548216644649934,0.1680161943319838,0.975567279618911
12.081313142665179,0.0551128818061089,0.1680161943319838,0.9757038706482952
12.112206908953729,0.05537024683122081,0.1680161943319838,0.9758233877990063
12.143100675242279,0.05555555555555555,0.1680161943319838,0.9759087571923714
12.173994441530828,0.055070517125587644,0.1659919028340081,0.9759770527070635
12.204888207819378,0.05525606469002695,0.1659919028340081,0.9760624221004286
12.235781974107924,0.0553306342780027,0.1659919028340081,0.9760965698577746
12.266675740396474,0.055517941773865945,0.1659919028340081,0.9761819392511397
12.297569506685024,0.055820285908781485,0.1659919028340081,0.9763185302805238
12.328463272973574,0.05612594113620808,0.1659919028340081,0.976455121309908
12.359357039262123,0.055593685655456415,0.16396761133603238,0.976506342945927
12.39025080555067,0.05597788527988943,0.16396761133603238,0.9766770817326572
12.42114457183922,0.05617198335644938,0.16396761133603238,0.9767624511260223
12.45203833812777,0.05644599303135889,0.16396761133603238,0.9768819682767335
12.482932104416319,0.056762438682550806,0.16396761133603238,0.9770185593061176
12.513825870704869,0.05704225352112676,0.16396761133603238,0.9771380764568287
12.544719636993419,0.056617126680820945,0.16194331983805668,0.9772405197288668
12.575613403281965,0.05669737774627923,0.16194331983805668,0.9772746674862128
12.606507169570515,0.05698005698005698,0.16194331983805668,0.977394184636924
12.637400935859064,0.05722460658082976,0.16194331983805668,0.9774966279089621
12.668294702147614,0.05747126436781609,0.16194331983805668,0.9775990711810002
12.699188468436164,0.05784526391901663,0.16194331983805668,0.9777527360890573
12.73008223472471,0.05822416302765648,0.16194331983805668,0.9779064009971146
12.76097600101326,0.0577063550036523,0.15991902834008098,0.9779746965118066
12.79186976730181,0.05787545787545788,0.15991902834008098,0.9780429920264987
12.82276353359036,0.05830258302583026,0.15991902834008098,0.9782137308132288
12.85365729987891,0.058692421991084695,0.15991902834008098,0.9783673957212861
12.884551066167456,0.05886736214605067,0.15991902834008098,0.9784356912359781
12.915444832456005,0.058383233532934134,0.15789473684210525,0.9785210606293432
12.946338598744555,0.05869074492099323,0.15789473684210525,0.9786405777800543
12.977232365033105,0.05913570887035633,0.15789473684210525,0.9788113165667844
13.008126131321655,0.0594059405940594,0.15789473684210525,0.9789137598388226
13.039019897610201,0.05963302752293578,0.15789473684210525,0.9789991292321877
13.06991366389875,0.06,0.15789473684210525,0.9791357202615718
13.1008074301873,0.06023166023166023,0.15789473684210525,0.9792210896549369
13.13170119647585,0.060653188180404355,0.15789473684210525,0.979374754562994
13.1625949627644,0.06088992974238876,0.15789473684210525,0.9794601239563592
13.19348872905295,0.06108065779169929,0.15789473684210525,0.9795284194710513
13.224382495341496,0.06067769897557131,0.15587044534412955,0.9796479366217624
13.255276261630046,0.06077348066298342,0.15587044534412955,0.9796820843791084
13.286170027918596,0.060221870047543584,0.15384615384615385,0.9797503798938004
13.317063794207145,0.06036536934074663,0.15384615384615385,0.9798016015298195
13.347957560495695,0.06070287539936102,0.15384615384615385,0.9799211186805307
13.378851326784241,0.060897435897435896,0.15384615384615385,0.9799894141952227
13.409745093072791,0.06033789219629927,0.15182186234817813,0.9800577097099148
13.440638859361341,0.05982215036378335,0.14979757085020243,0.9801430791032799
13.47153262564989,0.059205190592051905,0.14777327935222673,0.9801943007392989
13.50242639193844,0.05795918367346939,0.1437246963562753,0.980296744011337
13.533320158226987,0.05810147299509002,0.1437246963562753,0.9803479656473562
13.564213924515537,0.05843621399176955,0.1437246963562753,0.9804674827980673
13.595107690804086,0.05858085808580858,0.1437246963562753,0.9805187044340863
13.626001457092636,0.05892116182572614,0.1437246963562753,0.9806382215847974
13.656895223381186,0.059117402164862616,0.1437246963562753,0.9807065170994895
13.687788989669736,0.05956375838926174,0.1437246963562753,0.9808601820075467
13.718682755958282,0.05981465880370682,0.1437246963562753,0.9809455514009118
13.749576522246832,0.059966216216216214,0.1437246963562753,0.9809967730369308
13.780470288535382,0.06016949152542373,0.1437246963562753,0.9810650685516229
13.811364054823931,0.059625212947189095,0.1417004048582996,0.9811504379449879
13.842257821112481,0.05982905982905983,0.1417004048582996,0.98121873345968
13.873151587401027,0.060034305317324184,0.1417004048582996,0.9812870289743721
13.904045353689577,0.05872193436960276,0.13765182186234817,0.9813894722464103
13.934939119978127,0.058925476603119586,0.13765182186234817,0.9814577677611023
13.965832886266677,0.059079061685490875,0.13765182186234817,0.9815089893971214
13.996726652555227,0.05918189730200174,0.13765182186234817,0.9815431371544674
14.027620418843773,0.05944055944055944,0.13765182186234817,0.9816285065478325
14.058514185132323,0.05980650835532102,0.13765182186234817,0.9817480236985436
14.089407951420872,0.06001765225066196,0.13765182186234817,0.9818163192132356
14.120301717709422,0.06039076376554174,0.13765182186234817,0.9819358363639468
14.151195483997972,0.060714285714285714,0.13765182186234817,0.9820382796359849
14.182089250286518,0.06104129263913824,0.13765182186234817,0.982140722908023
14.212983016575068,0.061316501352569885,0.13765182186234817,0.9822260923013881
14.243876782863618,0.06170598911070781,0.13765182186234817,0.9823456094520993
14.274770549152167,0.06129917657822507,0.13562753036437247,0.9824822004814834
14.305664315440717,0.061467889908256884,0.13562753036437247,0.9825334221175024
14.336558081729267,0.061637534498620056,0.13562753036437247,0.9825846437535215
14.367451848017813,0.061979648473635525,0.13562753036437247,0.9826870870255596
14.398345614306363,0.06220984215413185,0.13562753036437247,0.9827553825402516
14.429239380594913,0.06244175209692451,0.13562753036437247,0.9828236780549438
14.460133146883463,0.0626753975678204,0.13562753036437247,0.9828919735696359
14.491026913172012,0.06314797360980208,0.13562753036437247,0.98302856459902
14.521920679460559,0.0625,0.13360323886639677,0.983096860113712
14.552814445749108,0.06267806267806268,0.13360323886639677,0.9831480817497311
14.583708212037658,0.06297709923664122,0.13360323886639677,0.9832334511430961
14.614601978326208,0.06315789473684211,0.13360323886639677,0.9832846727791152
14.645495744614758,0.06346153846153846,0.13360323886639677,0.9833700421724804
14.676389510903304,0.0637065637065637,0.13360323886639677,0.9834383376871724
14.707283277191854,0.06395348837209303,0.13360323886639677,0.9835066332018645
14.738177043480404,0.06407766990291262,0.13360323886639677,0.9835407809592105
14.769070809768953,0.06439024390243903,0.13360323886639677,0.9836261503525756
14.799964576057503,0.0647693817468106,0.13360323886639677,0.9837285936246137
14.830858342346053,0.06515301085883514,0.13360323886639677,0.9838310368966519
14.8617521086346,0.06567164179104477,0.13360323886639677,0.983967627926036
14.892645874923149,0.06580259222333001,0.13360323886639677,0.984001775683382
14.923539641211699,0.06593406593406594,0.13360323886639677,0.984035923440728
14.954433407500249,0.06626506024096386,0.13360323886639677,0.9841212928340931
14.985327173788798,0.06659939455095863,0.13360323886639677,0.9842066622274582
15.016220940077345,0.06700507614213198,0.13360323886639677,0.9843091054994964
15.047114706365894,0.06720977596741344,0.13360323886639677,0.9843603271355154
15.078008472654444,0.06755373592630501,0.13360323886639677,0.9844456965288805
15.108902238942994,0.06804123711340206,0.13360323886639677,0.9845652136795916
15.139796005231544,0.06818181818181818,0.13360323886639677,0.9845993614369376
15.17068977152009,0.06839378238341969,0.13360323886639677,0.9846505830729567
15.20158353780864,0.06875,0.13360323886639677,0.9847359524663217
15.23247730409719,0.06918238993710692,0.13360323886639677,0.9848383957383599
15.26337107038574,0.06932773109243698,0.13360323886639677,0.984872543495706
15.294264836674289,0.06962025316455696,0.13360323886639677,0.984940839010398
15.325158602962835,0.06991525423728813,0.13360323886639677,0.9850091345250901
15.356052369251385,0.06922257720979766,0.13157894736842105,0.9850774300397821
15.386946135539935,0.06866952789699571,0.12955465587044535,0.9851798733118202
15.417839901828485,0.06896551724137931,0.12955465587044535,0.9852481688265123
15.448733668117034,0.06918918918918919,0.12955465587044535,0.9852993904625313
15.479627434405584,0.06941431670281996,0.12955465587044535,0.9853506120985505
15.51052120069413,0.06986899563318777,0.12955465587044535,0.9854530553705886
15.54141496698268,0.0700218818380744,0.12955465587044535,0.9854872031279346
15.57230873327123,0.0704070407040704,0.12955465587044535,0.9855725725212997
15.60320249955978,0.0706401766004415,0.12955465587044535,0.9856237941573187
15.63409626584833,0.0707182320441989,0.12955465587044535,0.9856408680359917
15.664990032136876,0.07111111111111111,0.12955465587044535,0.9857262374293568
15.695883798425426,0.07158836689038031,0.12955465587044535,0.985828680701395
15.726777564713975,0.07207207207207207,0.12955465587044535,0.9859311239734331
15.757671331002525,0.07231638418079096,0.12955465587044535,0.9859823456094521
15.788565097291075,0.07272727272727272,0.12955465587044535,0.9860677150028172
15.819458863579621,0.07289293849658314,0.12955465587044535,0.9861018627601632
15.850352629868171,0.07331042382588775,0.12955465587044535,0.9861872321535283
15.88124639615672,0.07373271889400922,0.12955465587044535,0.9862726015468934
15.91214016244527,0.0743321718931475,0.12955465587044535,0.9863921186976046
15.94303392873382,0.07467911318553092,0.12955465587044535,0.9864604142122966
15.973927695022367,0.07520564042303172,0.12955465587044535,0.9865628574843347
16.004821461310918,0.07582938388625593,0.12955465587044535,0.9866823746350458
16.035715227599468,0.07591933570581258,0.12955465587044535,0.9866994485137188
16.066608993888018,0.07628128724672228,0.12955465587044535,0.9867677440284109
16.097502760176567,0.07683073229291716,0.12955465587044535,0.9868701873004491
16.128396526465117,0.07683073229291716,0.12955465587044535,0.9868701873004491
16.15929029275366,0.07720144752714113,0.12955465587044535,0.9869384828151411
16.19018405904221,0.07757575757575758,0.12955465587044535,0.9870067783298332
16.22107782533076,0.07776427703523693,0.12955465587044535,0.9870409260871792
16.25197159161931,0.0784313725490196,0.12955465587044535,0.9871604432378903
16.28286535790786,0.07881773399014778,0.12955465587044535,0.9872287387525824
16.31375912419641,0.0794044665012407,0.12955465587044535,0.9873311820246206
16.34465289048496,0.07960199004975124,0.12955465587044535,0.9873653297819666
16.37554665677351,0.08,0.12955465587044535,0.9874336252966587
16.406440423062058,0.08040201005025126,0.12955465587044535,0.9875019208113507
16.437334189350608,0.0810126582278481,0.12955465587044535,0.9876043640833888
16.46822795563915,0.08111533586818757,0.12955465587044535,0.9876214379620618
16.4991217219277,0.08152866242038216,0.12955465587044535,0.9876897334767539
16.53001548821625,0.08163265306122448,0.12955465587044535,0.9877068073554269
16.5609092545048,0.08194622279129321,0.12955465587044535,0.9877580289914459
16.59180302079335,0.08247422680412371,0.12955465587044535,0.9878433983848111
16.6226967870819,0.082687338501292,0.12955465587044535,0.9878775461421571
16.65359055337045,0.08279430789133248,0.12955465587044535,0.9878946200208302
16.684484319659,0.08344198174706649,0.12955465587044535,0.9879970632928683
16.71537808594755,0.08376963350785341,0.12955465587044535,0.9880482849288873
16.7462718522361,0.08409986859395532,0.12955465587044535,0.9880995065649063
16.77716561852465,0.08355437665782493,0.12753036437246965,0.9882019498369444
16.80805938481319,0.08411214953271028,0.12753036437246965,0.9882873192303095
16.83895315110174,0.08322147651006712,0.12550607287449392,0.9883385408663286
16.86984691739029,0.08355795148247978,0.12550607287449392,0.9883897625023477
16.90074068367884,0.08389715832205684,0.12550607287449392,0.9884409841383667
16.93163444996739,0.08446866485013624,0.12550607287449392,0.9885263535317318
16.96252821625594,0.08458390177353342,0.12550607287449392,0.9885434274104048
16.99342198254449,0.08481532147742818,0.12550607287449392,0.9885775751677509
17.02431574883304,0.08437067773167359,0.12348178137651822,0.988697092318462
17.05520951512159,0.08484005563282336,0.12348178137651822,0.988765387833154
17.08610328141014,0.08438818565400844,0.1214574898785425,0.9888849049838652
17.116997047698682,0.0847457627118644,0.1214574898785425,0.9889361266198843
17.14789081398723,0.08486562942008487,0.1214574898785425,0.9889532004985573
17.17878458027578,0.08522727272727272,0.1214574898785425,0.9890044221345763
17.20967834656433,0.08571428571428572,0.1214574898785425,0.9890727176492684
17.24057211285288,0.08620689655172414,0.1214574898785425,0.9891410131639604
17.27146587914143,0.08695652173913043,0.1214574898785425,0.9892434564359985
17.30235964542998,0.08613138686131387,0.1194331983805668,0.9893117519506907
17.33325341171853,0.08613138686131387,0.1194331983805668,0.9893117519506907
17.36414717800708,0.08663729809104258,0.1194331983805668,0.9893800474653827
17.39504094429563,0.08689248895434462,0.1194331983805668,0.9894141952227288
17.42593471058418,0.08605341246290801,0.11740890688259109,0.9894824907374208
17.456828476872722,0.08669656203288491,0.11740890688259109,0.9895678601307859
17.487722243161272,0.08708708708708708,0.11740890688259109,0.989619081766805
17.518616009449822,0.08734939759036145,0.11740890688259109,0.989653229524151
17.549509775738372,0.08748114630467571,0.11740890688259109,0.989670303402824
17.58040354202692,0.08801213960546282,0.11740890688259109,0.9897385989175161
17.61129730831547,0.08854961832061069,0.11740890688259109,0.9898068944322082
17.64219107460402,0.0888208269525268,0.11740890688259109,0.9898410421895542
17.67308484089257,0.08923076923076922,0.11740890688259109,0.9898922638255733
17.70397860718112,0.08950617283950617,0.11740890688259109,0.9899264115829193
17.73487237346967,0.08823529411764706,0.11538461538461539,0.9899434854615923
17.76576613975822,0.0873634945397816,0.11336032388663968,0.9900117809762844
17.796659906046763,0.08791208791208792,0.11336032388663968,0.9900800764909764
17.827553672335313,0.08818897637795275,0.11336032388663968,0.9901142242483225
17.858447438623863,0.08702531645569621,0.11133603238866396,0.9901483720056685
17.889341204912412,0.0878594249201278,0.11133603238866396,0.9902508152777066
17.920234971200962,0.0878594249201278,0.11133603238866396,0.9902508152777066
17.951128737489512,0.08842443729903537,0.11133603238866396,0.9903191107923988
17.98202250377806,0.0888529886914378,0.11133603238866396,0.9903703324284178
18.01291627006661,0.08914100486223663,0.11133603238866396,0.9904044801857638
18.04381003635516,0.09016393442622951,0.11133603238866396,0.9905239973364749
18.07470380264371,0.090311986863711,0.11133603238866396,0.9905410712151479
18.105597568932254,0.09105960264900662,0.11133603238866396,0.990626440608513
18.136491335220803,0.09166666666666666,0.11133603238866396,0.9906947361232051
18.167385101509353,0.09181969949916527,0.11133603238866396,0.9907118100018781
18.198278867797903,0.09243697478991597,0.11133603238866396,0.9907801055165703
18.229172634086453,0.09274873524451939,0.11133603238866396,0.9908142532739163
18.260066400375003,0.0933786078098472,0.11133603238866396,0.9908825487886083
18.290960166663552,0.09369676320272573,0.11133603238866396,0.9909166965459544
18.321853932952102,0.09401709401709402,0.11133603238866396,0.9909508443033004
18.352747699240652,0.09417808219178082,0.11133603238866396,0.9909679181819734
18.3836414655292,0.09433962264150944,0.11133603238866396,0.9909849920606464
18.41453523181775,0.09532062391681109,0.11133603238866396,0.9910874353326845
18.445428998106294,0.09615384615384616,0.11133603238866396,0.9911728047260496
18.476322764394844,0.09649122807017543,0.11133603238866396,0.9912069524833956
18.507216530683394,0.09700176366843033,0.11133603238866396,0.9912581741194147
18.538110296971944,0.09769094138543517,0.11133603238866396,0.9913264696341068
18.569004063260493,0.09769094138543517,0.11133603238866396,0.9913264696341068
18.599897829549043,0.09821428571428571,0.11133603238866396,0.9913776912701259
18.630791595837593,0.09838998211091235,0.11133603238866396,0.9913947651487989
18.661685362126143,0.09874326750448834,0.11133603238866396,0.9914289129061449
18.692579128414692,0.09892086330935251,0.11133603238866396,0.9914459867848179
18.723472894703242,0.09945750452079566,0.11133603238866396,0.991497208420837
18.754366660991785,0.09800362976406533,0.10931174089068826,0.99151428229951
18.785260427280335,0.09706959706959707,0.10728744939271255,0.991582577814202
18.816154193568885,0.09796672828096119,0.10728744939271255,0.9916679472075671
18.847047959857434,0.09796672828096119,0.10728744939271255,0.9916679472075671
18.877941726145984,0.09796672828096119,0.10728744939271255,0.9916679472075671
18.908835492434534,0.09869646182495345,0.10728744939271255,0.9917362427222592
18.939729258723084,0.09925093632958802,0.10728744939271255,0.9917874643582782
18.970623025011633,0.09943714821763602,0.10728744939271255,0.9918045382369512
19.001516791300183,0.09962406015037593,0.10728744939271255,0.9918216121156243
19.032410557588733,0.1,0.10728744939271255,0.9918557598729704
19.063304323877283,0.10037878787878787,0.10728744939271255,0.9918899076303164
19.094198090165825,0.10076045627376426,0.10728744939271255,0.9919240553876624
19.125091856454375,0.10133843212237094,0.10728744939271255,0.9919752770236815
19.155985622742925,0.10192307692307692,0.10728744939271255,0.9920264986597005
19.186879389031475,0.10231660231660232,0.10728744939271255,0.9920606464170466
19.217773155320025,0.10311284046692606,0.10728744939271255,0.9921289419317386
19.248666921608574,0.103515625,0.10728744939271255,0.9921630896890846
19.279560687897124,0.10412573673870335,0.10728744939271255,0.9922143113251037
19.310454454185674,0.10297029702970296,0.10526315789473684,0.9922655329611227
19.341348220474224,0.10179640718562874,0.10323886639676114,0.9923167545971419
19.372241986762774,0.10179640718562874,0.10323886639676114,0.9923167545971419
19.403135753051316,0.10220440881763528,0.10323886639676114,0.9923509023544879
19.434029519339866,0.10240963855421686,0.10323886639676114,0.9923679762331609
19.464923285628416,0.1028225806451613,0.10323886639676114,0.9924021239905069
19.495817051916966,0.10344827586206896,0.10323886639676114,0.992453345626526
19.526710818205515,0.10344827586206896,0.10323886639676114,0.992453345626526
19.557604584494065,0.10365853658536585,0.10323886639676114,0.992470419505199
19.588498350782615,0.10224948875255624,0.10121457489878542,0.992504567262545
19.619392117071165,0.10245901639344263,0.10121457489878542,0.9925216411412181
19.650285883359714,0.1026694045174538,0.10121457489878542,0.9925387150198911
19.681179649648264,0.1026694045174538,0.10121457489878542,0.9925387150198911
19.712073415936814,0.10309278350515463,0.10121457489878542,0.9925728627772371
19.742967182225357,0.10351966873706005,0.10121457489878542,0.9926070105345831
19.773860948513907,0.10438413361169102,0.10121457489878542,0.9926753060492752
19.804754714802456,0.10482180293501048,0.10121457489878542,0.9927094538066212
19.835648481091006,0.10504201680672269,0.10121457489878542,0.9927265276852942
19.866542247379556,0.1059322033898305,0.10121457489878542,0.9927948231999864
19.897436013668106,0.10638297872340426,0.10121457489878542,0.9928289709573324
19.928329779956655,0.10706638115631692,0.10121457489878542,0.9928801925933515
19.959223546245205,0.10706638115631692,0.10121457489878542,0.9928801925933515
19.990117312533755,0.1072961373390558,0.10121457489878542,0.9928972664720245
20.021011078822305,0.1079913606911447,0.10121457489878542,0.9929484881080435
20.051904845110847,0.10629067245119306,0.09919028340080972,0.9929655619867165
20.082798611399397,0.10698689956331878,0.09919028340080972,0.9930167836227356
20.113692377687947,0.10722100656455143,0.09919028340080972,0.9930338575014086
20.144586143976497,0.1076923076923077,0.09919028340080972,0.9930680052587546
20.175479910265047,0.1084070796460177,0.09919028340080972,0.9931192268947737
20.206373676553596,0.10864745011086474,0.09919028340080972,0.9931363007734467
20.237267442842146,0.10690423162583519,0.09716599190283401,0.9931533746521197
20.268161209130696,0.10714285714285714,0.09716599190283401,0.9931704485307927
20.29905497541924,0.10514541387024609,0.0951417004048583,0.9931704485307927
20.32994874170779,0.10561797752808989,0.0951417004048583,0.9932045962881387
20.360842507996338,0.10585585585585586,0.0951417004048583,0.9932216701668118
20.391736274284888,0.10609480812641084,0.0951417004048583,0.9932387440454848
20.422630040573438,0.10681818181818181,0.0951417004048583,0.9932899656815039
20.453523806861988,0.1070615034168565,0.0951417004048583,0.9933070395601769
20.484417573150537,0.1050228310502283,0.0931174089068826,0.9933070395601769
20.515311339439087,0.1050228310502283,0.0931174089068826,0.9933070395601769
20.546205105727637,0.10574712643678161,0.0931174089068826,0.993358261196196
20.577098872016187,0.10648148148148148,0.0931174089068826,0.993409482832215
20.607992638304736,0.10672853828306264,0.0931174089068826,0.993426556710888
20.63888640459328,0.10722610722610723,0.0931174089068826,0.9934607044682341
20.66978017088183,0.1056338028169014,0.09109311740890688,0.9934948522255801
20.70067393717038,0.10638297872340426,0.09109311740890688,0.9935460738615991
20.73156770345893,0.10638297872340426,0.09109311740890688,0.9935460738615991
20.76246146974748,0.10688836104513064,0.09109311740890688,0.9935802216189452
20.793355236036028,0.10714285714285714,0.09109311740890688,0.9935972954976182
20.824249002324578,0.10526315789473684,0.08906882591093117,0.9936143693762912
20.855142768613128,0.10628019323671498,0.08906882591093117,0.9936826648909833
20.886036534901677,0.10653753026634383,0.08906882591093117,0.9936997387696563
20.916930301190227,0.10679611650485436,0.08906882591093117,0.9937168126483293
20.94782406747877,0.1048780487804878,0.08704453441295547,0.9937338865270023
20.97871783376732,0.10268948655256724,0.08502024291497975,0.9937338865270023
21.00961160005587,0.10268948655256724,0.08502024291497975,0.9937338865270023
21.04050536634442,0.10319410319410319,0.08502024291497975,0.9937680342843483
21.07139913263297,0.10344827586206896,0.08502024291497975,0.9937851081630213
21.10229289892152,0.10396039603960396,0.08502024291497975,0.9938192559203675
21.13318666521007,0.10473815461346633,0.08502024291497975,0.9938704775563865
21.16408043149862,0.10473815461346633,0.08502024291497975,0.9938704775563865
21.194974197787168,0.10526315789473684,0.08502024291497975,0.9939046253137325
21.225867964075718,0.10552763819095477,0.08502024291497975,0.9939216991924056
21.256761730364268,0.10579345088161209,0.08502024291497975,0.9939387730710786
21.28765549665281,0.10406091370558376,0.08299595141700405,0.9939729208284246
21.31854926294136,0.10406091370558376,0.08299595141700405,0.9939729208284246
21.34944302922991,0.10406091370558376,0.08299595141700405,0.9939729208284246
21.38033679551846,0.10459183673469388,0.08299595141700405,0.9940070685857706
21.41123056180701,0.10485933503836317,0.08299595141700405,0.9940241424644436
21.44212432809556,0.10485933503836317,0.08299595141700405,0.9940241424644436
21.47301809438411,0.10512820512820513,0.08299595141700405,0.9940412163431167
21.50391186067266,0.10539845758354756,0.08299595141700405,0.9940582902217897
21.53480562696121,0.10077519379844961,0.07894736842105263,0.9940582902217897
21.56569939324976,0.10103626943005181,0.07894736842105263,0.9940753641004627
21.59659315953831,0.1015625,0.07894736842105263,0.9941095118578087
21.62748692582685,0.10182767624020887,0.07894736842105263,0.9941265857364817
21.6583806921154,0.09947643979057591,0.07692307692307693,0.9941265857364817
21.68927445840395,0.1,0.07692307692307693,0.9941607334938278
21.7201682246925,0.10079575596816977,0.07692307692307693,0.9942119551298468
21.75106199098105,0.10106382978723404,0.07692307692307693,0.9942290290085198
21.7819557572696,0.09893048128342247,0.07489878542510121,0.9942461028871928
21.81284952355815,0.09919571045576407,0.07489878542510121,0.994263176765866
21.8437432898467,0.09946236559139784,0.07489878542510121,0.994280250644539
21.87463705613525,0.09973045822102426,0.07489878542510121,0.994297324523212
21.9055308224238,0.0975609756097561,0.0728744939271255,0.994314398401885
21.93642458871234,0.09782608695652174,0.0728744939271255,0.994331472280558
21.96731835500089,0.09809264305177112,0.0728744939271255,0.994348546159231
21.99821212128944,0.09809264305177112,0.0728744939271255,0.994348546159231
22.02910588757799,0.09917355371900827,0.0728744939271255,0.9944168416739231
22.05999965386654,0.09917355371900827,0.0728744939271255,0.9944168416739231
22.09089342015509,0.1,0.0728744939271255,0.9944680633099421
22.12178718644364,0.10027855153203342,0.0728744939271255,0.9944851371886151
22.15268095273219,0.1005586592178771,0.0728744939271255,0.9945022110672882
22.18357471902074,0.1005586592178771,0.0728744939271255,0.9945022110672882
22.21446848530929,0.10084033613445378,0.0728744939271255,0.9945192849459612
22.24536225159784,0.10112359550561797,0.0728744939271255,0.9945363588246342
22.276256017886382,0.10112359550561797,0.0728744939271255,0.9945363588246342
22.307149784174932,0.10140845070422536,0.0728744939271255,0.9945534327033072
22.338043550463482,0.09915014164305949,0.0708502024291498,0.9945705065819802
22.36893731675203,0.09742120343839542,0.06882591093117409,0.9946217282179993
22.39983108304058,0.09742120343839542,0.06882591093117409,0.9946217282179993
22.43072484932913,0.09826589595375723,0.06882591093117409,0.9946729498540183
22.46161861561768,0.09826589595375723,0.06882591093117409,0.9946729498540183
22.49251238190623,0.09705882352941177,0.06680161943319839,0.9947583192473834
22.52340614819478,0.09734513274336283,0.06680161943319839,0.9947753931260565
22.55429991448333,0.09763313609467456,0.06680161943319839,0.9947924670047295
22.585193680771873,0.09792284866468842,0.06680161943319839,0.9948095408834025
22.616087447060423,0.09792284866468842,0.06680161943319839,0.9948095408834025
22.646981213348973,0.09821428571428571,0.06680161943319839,0.9948266147620755
22.677874979637522,0.09850746268656717,0.06680161943319839,0.9948436886407486
22.708768745926072,0.0963855421686747,0.06477732793522267,0.9948778363980946
22.739662512214622,0.09667673716012085,0.06477732793522267,0.9948949102767676
22.77055627850317,0.09667673716012085,0.06477732793522267,0.9948949102767676
22.80145004479172,0.09667673716012085,0.06477732793522267,0.9948949102767676
22.83234381108027,0.09667673716012085,0.06477732793522267,0.9948949102767676
22.86323757736882,0.09696969696969697,0.06477732793522267,0.9949119841554406
22.89413134365737,0.0972644376899696,0.06477732793522267,0.9949290580341136
22.925025109945913,0.09785932721712538,0.06477732793522267,0.9949632057914597
22.955918876234463,0.09846153846153846,0.06477732793522267,0.9949973535488057
22.986812642523013,0.09907120743034056,0.06477732793522267,0.9950315013061517
23.017706408811563,0.09907120743034056,0.06477732793522267,0.9950315013061517
23.048600175100113,0.09907120743034056,0.06477732793522267,0.9950315013061517
23.079493941388662,0.09907120743034056,0.06477732793522267,0.9950315013061517
23.110387707677212,0.09907120743034056,0.06477732793522267,0.9950315013061517
23.141281473965762,0.09748427672955975,0.06275303643724696,0.9950997968208438
23.17217524025431,0.09779179810725552,0.06275303643724696,0.9951168706995168
23.20306900654286,0.09904153354632587,0.06275303643724696,0.9951851662142088
23.233962772831404,0.09935897435897435,0.06275303643724696,0.9952022400928819
23.264856539119954,0.0935483870967742,0.058704453441295545,0.9952022400928819
23.295750305408504,0.09385113268608414,0.058704453441295545,0.9952193139715549
23.326644071697054,0.09446254071661238,0.058704453441295545,0.995253461728901
23.357537837985603,0.09477124183006536,0.058704453441295545,0.995270535607574
23.388431604274153,0.09508196721311475,0.058704453441295545,0.995287609486247
23.419325370562703,0.09570957095709572,0.058704453441295545,0.9953217572435931
23.450219136851253,0.09602649006622517,0.058704453441295545,0.9953388311222661
23.481112903139802,0.09395973154362416,0.05668016194331984,0.9953900527582851
23.512006669428352,0.09427609427609428,0.05668016194331984,0.9954071266369581
23.542900435716902,0.09491525423728814,0.05668016194331984,0.9954412743943042
23.573794202005445,0.09523809523809523,0.05668016194331984,0.9954583482729772
23.604687968293995,0.09215017064846416,0.05465587044534413,0.9954583482729772
23.635581734582544,0.09246575342465753,0.05465587044534413,0.9954754221516502
23.666475500871094,0.09246575342465753,0.05465587044534413,0.9954754221516502
23.697369267159644,0.09246575342465753,0.05465587044534413,0.9954754221516502
23.728263033448194,0.09246575342465753,0.05465587044534413,0.9954754221516502
23.759156799736743,0.09246575342465753,0.05465587044534413,0.9954754221516502
23.790050566025293,0.09278350515463918,0.05465587044534413,0.9954924960303232
23.820944332313843,0.09310344827586207,0.05465587044534413,0.9955095699089962
23.851838098602393,0.0912280701754386,0.05263157894736842,0.9955778654236883
23.882731864890935,0.09154929577464789,0.05263157894736842,0.9955949393023613
23.913625631179485,0.09219858156028368,0.05263157894736842,0.9956290870597073
23.944519397468035,0.09219858156028368,0.05263157894736842,0.9956290870597073
23.975413163756585,0.09285714285714286,0.05263157894736842,0.9956632348170534
24.006306930045135,0.0931899641577061,0.05263157894736842,0.9956803086957264
24.037200696333684,0.0931899641577061,0.05263157894736842,0.9956803086957264
24.068094462622234,0.0931899641577061,0.05263157894736842,0.9956803086957264
24.098988228910784,0.08992805755395683,0.05060728744939271,0.9956803086957264
24.129881995199334,0.08992805755395683,0.05060728744939271,0.9956803086957264
24.160775761487884,0.09025270758122744,0.05060728744939271,0.9956973825743994
24.191669527776433,0.09057971014492754,0.05060728744939271,0.9957144564530724
24.222563294064976,0.09090909090909091,0.05060728744939271,0.9957315303317454
24.253457060353526,0.09090909090909091,0.05060728744939271,0.9957315303317454
24.284350826642076,0.09124087591240876,0.05060728744939271,0.9957486042104184
24.315244592930625,0.09124087591240876,0.05060728744939271,0.9957486042104184
24.346138359219175,0.09191176470588236,0.05060728744939271,0.9957827519677646
24.377032125507725,0.09225092250922509,0.05060728744939271,0.9957998258464376
24.407925891796275,0.09293680297397769,0.05060728744939271,0.9958339736037836
24.438819658084824,0.09328358208955224,0.05060728744939271,0.9958510474824566
24.469713424373374,0.09328358208955224,0.05060728744939271,0.9958510474824566
24.500607190661924,0.09363295880149813,0.05060728744939271,0.9958681213611296
24.531500956950474,0.09363295880149813,0.05060728744939271,0.9958681213611296
24.562394723239017,0.09398496240601503,0.05060728744939271,0.9958851952398027
24.593288489527566,0.09433962264150944,0.05060728744939271,0.9959022691184757
24.624182255816116,0.09433962264150944,0.05060728744939271,0.9959022691184757
24.655076022104666,0.09505703422053231,0.05060728744939271,0.9959364168758217
24.685969788393216,0.09505703422053231,0.05060728744939271,0.9959364168758217
24.716863554681765,0.09578544061302682,0.05060728744939271,0.9959705646331677
24.747757320970315,0.09615384615384616,0.05060728744939271,0.9959876385118407
24.778651087258865,0.09615384615384616,0.05060728744939271,0.9959876385118407
24.809544853547415,0.09615384615384616,0.05060728744939271,0.9959876385118407
24.840438619835965,0.09652509652509653,0.05060728744939271,0.9960047123905138
24.871332386124507,0.09727626459143969,0.05060728744939271,0.9960388601478598
24.902226152413057,0.09375,0.048582995951417005,0.9960388601478598
24.933119918701607,0.09411764705882353,0.048582995951417005,0.9960559340265328
24.964013684990157,0.09448818897637795,0.048582995951417005,0.9960730079052058
24.994907451278706,0.09486166007905138,0.048582995951417005,0.9960900817838788
25.025801217567256,0.09486166007905138,0.048582995951417005,0.9960900817838788
25.056694983855806,0.09486166007905138,0.048582995951417005,0.9960900817838788
25.087588750144356,0.09486166007905138,0.048582995951417005,0.9960900817838788
25.118482516432906,0.09486166007905138,0.048582995951417005,0.9960900817838788
25.149376282721455,0.09486166007905138,0.048582995951417005,0.9960900817838788
25.180270049010005,0.09561752988047809,0.048582995951417005,0.9961242295412249
25.211163815298548,0.09561752988047809,0.048582995951417005,0.9961242295412249
25.242057581587098,0.096,0.048582995951417005,0.9961413034198979
25.272951347875647,0.096,0.048582995951417005,0.9961413034198979
25.303845114164197,0.096,0.048582995951417005,0.9961413034198979
25.334738880452747,0.0963855421686747,0.048582995951417005,0.9961583772985709
25.365632646741297,0.0967741935483871,0.048582995951417005,0.9961754511772439
25.396526413029846,0.09795918367346938,0.048582995951417005,0.9962266728132629
25.427420179318396,0.09836065573770492,0.048582995951417005,0.996243746691936
25.458313945606946,0.09876543209876543,0.048582995951417005,0.996260820570609
25.489207711895496,0.0995850622406639,0.048582995951417005,0.996294968327955
25.52010147818404,0.100418410041841,0.048582995951417005,0.9963291160853011
25.55099524447259,0.09663865546218488,0.0465587044534413,0.9963291160853011
25.581889010761138,0.09663865546218488,0.0465587044534413,0.9963291160853011
25.612782777049688,0.09663865546218488,0.0465587044534413,0.9963291160853011
25.643676543338238,0.09663865546218488,0.0465587044534413,0.9963291160853011
25.674570309626787,0.09663865546218488,0.0465587044534413,0.9963291160853011
25.705464075915337,0.09745762711864407,0.0465587044534413,0.9963632638426472
25.736357842203887,0.09829059829059829,0.0465587044534413,0.9963974115999932
25.767251608492437,0.09051724137931035,0.04251012145748988,0.9963974115999932
25.798145374780987,0.09051724137931035,0.04251012145748988,0.9963974115999932
25.829039141069536,0.09130434782608696,0.04251012145748988,0.9964315593573392
25.85993290735808,0.09251101321585903,0.04251012145748988,0.9964827809933583
25.89082667364663,0.09292035398230089,0.04251012145748988,0.9964998548720313
25.92172043993518,0.09333333333333334,0.04251012145748988,0.9965169287507043
25.95261420622373,0.09333333333333334,0.04251012145748988,0.9965169287507043
25.983507972512278,0.09375,0.04251012145748988,0.9965340026293773
26.014401738800828,0.09417040358744394,0.04251012145748988,0.9965510765080503
26.045295505089378,0.09417040358744394,0.04251012145748988,0.9965510765080503
26.076189271377928,0.0945945945945946,0.04251012145748988,0.9965681503867233
26.107083037666477,0.0945945945945946,0.04251012145748988,0.9965681503867233
26.137976803955027,0.0945945945945946,0.04251012145748988,0.9965681503867233
26.16887057024357,0.09090909090909091,0.04048582995951417,0.9965852242653964
26.19976433653212,0.09090909090909091,0.04048582995951417,0.9965852242653964
26.23065810282067,0.09174311926605505,0.04048582995951417,0.9966193720227424
26.26155186910922,0.09174311926605505,0.04048582995951417,0.9966193720227424
26.29244563539777,0.09216589861751152,0.04048582995951417,0.9966364459014154
26.32333940168632,0.09216589861751152,0.04048582995951417,0.9966364459014154
26.35423316797487,0.09216589861751152,0.04048582995951417,0.9966364459014154
26.38512693426342,0.09345794392523364,0.04048582995951417,0.9966876675374344
26.416020700551968,0.09345794392523364,0.04048582995951417,0.9966876675374344
26.446914466840518,0.09345794392523364,0.04048582995951417,0.9966876675374344
26.477808233129068,0.09345794392523364,0.04048582995951417,0.9966876675374344
26.50870199941761,0.09389671361502347,0.04048582995951417,0.9967047414161075
26.53959576570616,0.0947867298578199,0.04048582995951417,0.9967388891734535
26.57048953199471,0.09523809523809523,0.04048582995951417,0.9967559630521265
26.60138329828326,0.09523809523809523,0.04048582995951417,0.9967559630521265
26.63227706457181,0.09569377990430622,0.04048582995951417,0.9967730369307995
26.66317083086036,0.09615384615384616,0.04048582995951417,0.9967901108094726
26.69406459714891,0.0966183574879227,0.04048582995951417,0.9968071846881456
26.72495836343746,0.0970873786407767,0.04048582995951417,0.9968242585668187
26.75585212972601,0.0970873786407767,0.04048582995951417,0.9968242585668187
26.78674589601456,0.0970873786407767,0.04048582995951417,0.9968242585668187
26.8176396623031,0.0970873786407767,0.04048582995951417,0.9968242585668187
26.84853342859165,0.0970873786407767,0.04048582995951417,0.9968242585668187
26.8794271948802,0.09268292682926829,0.038461538461538464,0.9968242585668187
26.91032096116875,0.09268292682926829,0.038461538461538464,0.9968242585668187
26.9412147274573,0.09359605911330049,0.038461538461538464,0.9968584063241647
26.97210849374585,0.09405940594059406,0.038461538461538464,0.9968754802028377
27.0030022600344,0.0945273631840796,0.038461538461538464,0.9968925540815107
27.03389602632295,0.09547738693467336,0.038461538461538464,0.9969267018388568
27.0647897926115,0.09644670050761421,0.038461538461538464,0.9969608495962028
27.09568355890005,0.09693877551020408,0.038461538461538464,0.9969779234748758
27.1265773251886,0.09743589743589744,0.038461538461538464,0.9969949973535488
27.15747109147714,0.09895833333333333,0.038461538461538464,0.9970462189895679
27.18836485776569,0.10052910052910052,0.038461538461538464,0.9970974406255869
27.21925862405424,0.10052910052910052,0.038461538461538464,0.9970974406255869
27.25015239034279,0.0962566844919786,0.03643724696356275,0.9971145145042599
27.28104615663134,0.0967741935483871,0.03643724696356275,0.9971315883829329
27.31193992291989,0.0967741935483871,0.03643724696356275,0.9971315883829329
27.34283368920844,0.0972972972972973,0.03643724696356275,0.9971486622616059
27.37372745549699,0.0972972972972973,0.03643724696356275,0.9971486622616059
27.40462122178554,0.0972972972972973,0.03643724696356275,0.9971486622616059
27.43551498807409,0.09782608695652174,0.03643724696356275,0.997165736140279
27.46640875436264,0.09782608695652174,0.03643724696356275,0.997165736140279
27.497302520651182,0.0989010989010989,0.03643724696356275,0.997199883897625
27.528196286939732,0.0989010989010989,0.03643724696356275,0.997199883897625
27.55909005322828,0.09944751381215469,0.03643724696356275,0.997216957776298
27.58998381951683,0.1,0.03643724696356275,0.997234031654971
27.62087758580538,0.09497206703910614,0.03441295546558704,0.997234031654971
27.65177135209393,0.09497206703910614,0.03441295546558704,0.997234031654971
27.68266511838248,0.09550561797752809,0.03441295546558704,0.997251105533644
27.71355888467103,0.09550561797752809,0.03441295546558704,0.997251105533644
27.74445265095958,0.09550561797752809,0.03441295546558704,0.997251105533644
27.77534641724813,0.096045197740113,0.03441295546558704,0.997268179412317
27.806240183536673,0.096045197740113,0.03441295546558704,0.997268179412317
27.837133949825223,0.09195402298850575,0.032388663967611336,0.9973023271696632
27.868027716113772,0.0935672514619883,0.032388663967611336,0.9973535488056822
27.898921482402322,0.0935672514619883,0.032388663967611336,0.9973535488056822
27.929815248690872,0.09411764705882353,0.032388663967611336,0.9973706226843552
27.96070901497942,0.09523809523809523,0.032388663967611336,0.9974047704417013
27.99160278126797,0.0963855421686747,0.032388663967611336,0.9974389181990473
28.02249654755652,0.09696969696969697,0.032388663967611336,0.9974559920777203
28.05339031384507,0.09146341463414634,0.030364372469635626,0.9974559920777203
28.08428408013362,0.09146341463414634,0.030364372469635626,0.9974559920777203
28.11517784642217,0.09146341463414634,0.030364372469635626,0.9974559920777203
28.146071612710713,0.09146341463414634,0.030364372469635626,0.9974559920777203
28.176965378999263,0.09146341463414634,0.030364372469635626,0.9974559920777203
28.207859145287813,0.09146341463414634,0.030364372469635626,0.9974559920777203
28.238752911576363,0.09259259259259259,0.030364372469635626,0.9974901398350663
28.269646677864912,0.09316770186335403,0.030364372469635626,0.9975072137137394
28.300540444153462,0.09375,0.030364372469635626,0.9975242875924124
28.331434210442012,0.09375,0.030364372469635626,0.9975242875924124
28.362327976730562,0.09375,0.030364372469635626,0.9975242875924124
28.39322174301911,0.09375,0.030364372469635626,0.9975242875924124
28.42411550930766,0.0949367088607595,0.030364372469635626,0.9975584353497584
28.455009275596204,0.0949367088607595,0.030364372469635626,0.9975584353497584
28.485903041884754,0.0949367088607595,0.030364372469635626,0.9975584353497584
28.516796808173304,0.09554140127388536,0.030364372469635626,0.9975755092284314
28.547690574461853,0.09032258064516129,0.02834008097165992,0.9975925831071044
28.578584340750403,0.09032258064516129,0.02834008097165992,0.9975925831071044
28.609478107038953,0.08496732026143791,0.02631578947368421,0.9976096569857774
28.640371873327503,0.08496732026143791,0.02631578947368421,0.9976096569857774
28.671265639616053,0.08552631578947369,0.02631578947368421,0.9976267308644505
28.702159405904602,0.08666666666666667,0.02631578947368421,0.9976608786217965
28.733053172193152,0.08783783783783784,0.02631578947368421,0.9976950263791425
28.763946938481702,0.08783783783783784,0.02631578947368421,0.9976950263791425
28.794840704770245,0.08843537414965986,0.02631578947368421,0.9977121002578155
28.825734471058794,0.08843537414965986,0.02631578947368421,0.9977121002578155
28.856628237347344,0.08843537414965986,0.02631578947368421,0.9977121002578155
28.887522003635894,0.08904109589041095,0.02631578947368421,0.9977291741364885
28.918415769924444,0.08904109589041095,0.02631578947368421,0.9977291741364885
28.949309536212994,0.08904109589041095,0.02631578947368421,0.9977291741364885
28.980203302501543,0.08904109589041095,0.02631578947368421,0.9977291741364885
29.011097068790093,0.08904109589041095,0.02631578947368421,0.9977291741364885
29.041990835078643,0.08904109589041095,0.02631578947368421,0.9977291741364885
29.072884601367193,0.08275862068965517,0.024291497975708502,0.9977291741364885
29.103778367655735,0.08391608391608392,0.024291497975708502,0.9977633218938347
29.134672133944285,0.08391608391608392,0.024291497975708502,0.9977633218938347
29.165565900232835,0.08450704225352113,0.024291497975708502,0.9977803957725077
29.196459666521385,0.07857142857142857,0.022267206477732792,0.9977974696511807
29.227353432809934,0.07971014492753623,0.022267206477732792,0.9978316174085267
29.258247199098484,0.08088235294117647,0.022267206477732792,0.9978657651658728
29.289140965387034,0.08088235294117647,0.022267206477732792,0.9978657651658728
29.320034731675584,0.08088235294117647,0.022267206477732792,0.9978657651658728
29.350928497964134,0.08148148148148149,0.022267206477732792,0.9978828390445458
29.381822264252683,0.08148148148148149,0.022267206477732792,0.9978828390445458
29.412716030541233,0.08148148148148149,0.022267206477732792,0.9978828390445458
29.443609796829776,0.08208955223880597,0.022267206477732792,0.9978999129232188
29.474503563118326,0.08270676691729323,0.022267206477732792,0.9979169868018918
29.505397329406875,0.08270676691729323,0.022267206477732792,0.9979169868018918
29.536291095695425,0.08270676691729323,0.022267206477732792,0.9979169868018918
29.567184861983975,0.08270676691729323,0.022267206477732792,0.9979169868018918
29.598078628272525,0.08396946564885496,0.022267206477732792,0.9979511345592378
29.628972394561075,0.08396946564885496,0.022267206477732792,0.9979511345592378
29.659866160849624,0.08396946564885496,0.022267206477732792,0.9979511345592378
29.690759927138174,0.08396946564885496,0.022267206477732792,0.9979511345592378
29.721653693426724,0.08396946564885496,0.022267206477732792,0.9979511345592378
29.752547459715267,0.08396946564885496,0.022267206477732792,0.9979511345592378
29.783441226003816,0.08396946564885496,0.022267206477732792,0.9979511345592378
29.814334992292366,0.08461538461538462,0.022267206477732792,0.9979682084379108
29.845228758580916,0.08527131782945736,0.022267206477732792,0.9979852823165839
29.876122524869466,0.08527131782945736,0.022267206477732792,0.9979852823165839
29.907016291158016,0.0859375,0.022267206477732792,0.9980023561952569
29.937910057446565,0.0859375,0.022267206477732792,0.9980023561952569
29.968803823735115,0.0859375,0.022267206477732792,0.9980023561952569
29.999697590023665,0.07874015748031496,0.020242914979757085,0.9980023561952569
30.030591356312215,0.07874015748031496,0.020242914979757085,0.9980023561952569
30.061485122600764,0.07936507936507936,0.020242914979757085,0.9980194300739299
30.092378888889307,0.07936507936507936,0.020242914979757085,0.9980194300739299
30.123272655177857,0.08,0.020242914979757085,0.9980365039526029
30.154166421466407,0.08064516129032258,0.020242914979757085,0.9980535778312759
30.185060187754956,0.08264462809917356,0.020242914979757085,0.998104799467295
30.215953954043506,0.08333333333333333,0.020242914979757085,0.998121873345968
30.246847720332056,0.07692307692307693,0.018218623481781375,0.998156021103314
30.277741486620606,0.07758620689655173,0.018218623481781375,0.998173094981987
30.308635252909156,0.07758620689655173,0.018218623481781375,0.998173094981987
30.339529019197705,0.07758620689655173,0.018218623481781375,0.998173094981987
30.370422785486255,0.07758620689655173,0.018218623481781375,0.998173094981987
30.401316551774805,0.0782608695652174,0.018218623481781375,0.99819016886066
30.432210318063348,0.07894736842105263,0.018218623481781375,0.9982072427393331
30.463104084351897,0.07894736842105263,0.018218623481781375,0.9982072427393331
30.493997850640447,0.07894736842105263,0.018218623481781375,0.9982072427393331
30.524891616928997,0.07894736842105263,0.018218623481781375,0.9982072427393331
30.555785383217547,0.07894736842105263,0.018218623481781375,0.9982072427393331
30.586679149506097,0.07964601769911504,0.018218623481781375,0.9982243166180061
30.617572915794646,0.08108108108108109,0.018218623481781375,0.9982584643753522
30.648466682083196,0.08181818181818182,0.018218623481781375,0.9982755382540252
30.679360448371746,0.08256880733944955,0.018218623481781375,0.9982926121326982
30.710254214660296,0.08256880733944955,0.018218623481781375,0.9982926121326982
30.74114798094884,0.08333333333333333,0.018218623481781375,0.9983096860113712
30.772041747237388,0.08490566037735849,0.018218623481781375,0.9983438337687173
30.802935513525938,0.08653846153846154,0.018218623481781375,0.9983779815260633
30.833829279814488,0.08823529411764706,0.018218623481781375,0.9984121292834093
30.864723046103038,0.08823529411764706,0.018218623481781375,0.9984121292834093
30.895616812391587,0.0891089108910891,0.018218623481781375,0.9984292031620823
30.926510578680137,0.0891089108910891,0.018218623481781375,0.9984292031620823
30.957404344968687,0.0891089108910891,0.018218623481781375,0.9984292031620823
30.988298111257237,0.0891089108910891,0.018218623481781375,0.9984292031620823
31.019191877545786,0.0891089108910891,0.018218623481781375,0.9984292031620823
31.050085643834336,0.0891089108910891,0.018218623481781375,0.9984292031620823
31.08097941012288,0.0891089108910891,0.018218623481781375,0.9984292031620823
31.11187317641143,0.0891089108910891,0.018218623481781375,0.9984292031620823
31.14276694269998,0.09,0.018218623481781375,0.9984462770407554
31.17366070898853,0.08080808080808081,0.016194331983805668,0.9984462770407554
31.204554475277078,0.08080808080808081,0.016194331983805668,0.9984462770407554
31.235448241565628,0.08080808080808081,0.016194331983805668,0.9984462770407554
31.266342007854178,0.08080808080808081,0.016194331983805668,0.9984462770407554
31.297235774142727,0.08163265306122448,0.016194331983805668,0.9984633509194284
31.328129540431277,0.08163265306122448,0.016194331983805668,0.9984633509194284
31.359023306719827,0.08163265306122448,0.016194331983805668,0.9984633509194284
31.38991707300837,0.07368421052631578,0.01417004048582996,0.9984974986767744
31.42081083929692,0.07446808510638298,0.01417004048582996,0.9985145725554474
31.45170460558547,0.07526881720430108,0.01417004048582996,0.9985316464341204
31.48259837187402,0.07608695652173914,0.01417004048582996,0.9985487203127934
31.51349213816257,0.07608695652173914,0.01417004048582996,0.9985487203127934
31.54438590445112,0.07608695652173914,0.01417004048582996,0.9985487203127934
31.57527967073967,0.07608695652173914,0.01417004048582996,0.9985487203127934
31.606173437028218,0.07608695652173914,0.01417004048582996,0.9985487203127934
31.637067203316768,0.07608695652173914,0.01417004048582996,0.9985487203127934
31.667960969605318,0.07692307692307693,0.01417004048582996,0.9985657941914665
31.698854735893867,0.07777777777777778,0.01417004048582996,0.9985828680701395
31.72974850218241,0.06741573033707865,0.012145748987854251,0.9985828680701395
31.76064226847096,0.06741573033707865,0.012145748987854251,0.9985828680701395
31.79153603475951,0.06818181818181818,0.012145748987854251,0.9985999419488125
31.82242980104806,0.06818181818181818,0.012145748987854251,0.9985999419488125
31.85332356733661,0.06818181818181818,0.012145748987854251,0.9985999419488125
31.88421733362516,0.06818181818181818,0.012145748987854251,0.9985999419488125
31.91511109991371,0.06896551724137931,0.012145748987854251,0.9986170158274855
31.94600486620226,0.06896551724137931,0.012145748987854251,0.9986170158274855
31.97689863249081,0.06896551724137931,0.012145748987854251,0.9986170158274855
32.00779239877936,0.06896551724137931,0.012145748987854251,0.9986170158274855
32.0386861650679,0.06976744186046512,0.012145748987854251,0.9986340897061585
32.06957993135645,0.07058823529411765,0.012145748987854251,0.9986511635848315
32.100473697645,0.07228915662650602,0.012145748987854251,0.9986853113421776
32.13136746393355,0.07317073170731707,0.012145748987854251,0.9987023852208506
32.1622612302221,0.07407407407407407,0.012145748987854251,0.9987194590995236
32.19315499651065,0.0759493670886076,0.012145748987854251,0.9987536068568696
32.2240487627992,0.0759493670886076,0.012145748987854251,0.9987536068568696
32.25494252908775,0.0759493670886076,0.012145748987854251,0.9987536068568696
32.2858362953763,0.07692307692307693,0.012145748987854251,0.9987706807355426
32.31673006166485,0.07894736842105263,0.012145748987854251,0.9988048284928888
32.3476238279534,0.07894736842105263,0.012145748987854251,0.9988048284928888
32.37851759424194,0.08,0.012145748987854251,0.9988219023715618
32.40941136053049,0.08108108108108109,0.012145748987854251,0.9988389762502348
32.44030512681904,0.08108108108108109,0.012145748987854251,0.9988389762502348
32.47119889310759,0.08108108108108109,0.012145748987854251,0.9988389762502348
32.50209265939614,0.08108108108108109,0.012145748987854251,0.9988389762502348
32.53298642568469,0.0821917808219178,0.012145748987854251,0.9988560501289078
32.56388019197324,0.08333333333333333,0.012145748987854251,0.9988731240075808
32.59477395826179,0.08333333333333333,0.012145748987854251,0.9988731240075808
32.62566772455034,0.08333333333333333,0.012145748987854251,0.9988731240075808
32.65656149083889,0.08333333333333333,0.012145748987854251,0.9988731240075808
32.68745525712743,0.08333333333333333,0.012145748987854251,0.9988731240075808
32.71834902341598,0.08333333333333333,0.012145748987854251,0.9988731240075808
32.74924278970453,0.08333333333333333,0.012145748987854251,0.9988731240075808
32.78013655599308,0.07142857142857142,0.010121457489878543,0.9988901978862538
32.81103032228163,0.07142857142857142,0.010121457489878543,0.9988901978862538
32.84192408857018,0.07352941176470588,0.010121457489878543,0.9989243456435999
32.87281785485873,0.07352941176470588,0.010121457489878543,0.9989243456435999
32.90371162114728,0.07352941176470588,0.010121457489878543,0.9989243456435999
32.93460538743583,0.07352941176470588,0.010121457489878543,0.9989243456435999
32.96549915372438,0.07352941176470588,0.010121457489878543,0.9989243456435999
32.99639292001293,0.07352941176470588,0.010121457489878543,0.9989243456435999
33.02728668630147,0.07352941176470588,0.010121457489878543,0.9989243456435999
33.05818045259002,0.07462686567164178,0.010121457489878543,0.9989414195222729
33.08907421887857,0.07462686567164178,0.010121457489878543,0.9989414195222729
33.11996798516712,0.07462686567164178,0.010121457489878543,0.9989414195222729
33.15086175145567,0.07575757575757576,0.010121457489878543,0.9989584934009459
33.18175551774422,0.07692307692307693,0.010121457489878543,0.9989755672796189
33.21264928403277,0.07692307692307693,0.010121457489878543,0.9989755672796189
33.24354305032132,0.07692307692307693,0.010121457489878543,0.9989755672796189
33.27443681660987,0.07692307692307693,0.010121457489878543,0.9989755672796189
33.30533058289842,0.078125,0.010121457489878543,0.9989926411582919
33.33622434918697,0.078125,0.010121457489878543,0.9989926411582919
33.36711811547551,0.078125,0.010121457489878543,0.9989926411582919
33.39801188176406,0.078125,0.010121457489878543,0.9989926411582919
33.42890564805261,0.078125,0.010121457489878543,0.9989926411582919
33.45979941434116,0.078125,0.010121457489878543,0.9989926411582919
33.49069318062971,0.078125,0.010121457489878543,0.9989926411582919
33.52158694691826,0.078125,0.010121457489878543,0.9989926411582919
33.55248071320681,0.078125,0.010121457489878543,0.9989926411582919
33.58337447949536,0.078125,0.010121457489878543,0.9989926411582919
33.61426824578391,0.078125,0.010121457489878543,0.9989926411582919
33.64516201207246,0.06451612903225806,0.008097165991902834,0.9990097150369649
33.676055778361004,0.06451612903225806,0.008097165991902834,0.9990097150369649
33.706949544649554,0.06451612903225806,0.008097165991902834,0.9990097150369649
33.7378433109381,0.06666666666666667,0.008097165991902834,0.999043862794311
33.76873707722665,0.06779661016949153,0.008097165991902834,0.999060936672984
33.7996308435152,0.06779661016949153,0.008097165991902834,0.999060936672984
33.83052460980375,0.06779661016949153,0.008097165991902834,0.999060936672984
33.8614183760923,0.06779661016949153,0.008097165991902834,0.999060936672984
33.89231214238085,0.06779661016949153,0.008097165991902834,0.999060936672984
33.9232059086694,0.06779661016949153,0.008097165991902834,0.999060936672984
33.95409967495795,0.06779661016949153,0.008097165991902834,0.999060936672984
33.9849934412465,0.06896551724137931,0.008097165991902834,0.999078010551657
34.015887207535044,0.06896551724137931,0.008097165991902834,0.999078010551657
34.046780973823594,0.06896551724137931,0.008097165991902834,0.999078010551657
34.077674740112144,0.06896551724137931,0.008097165991902834,0.999078010551657
34.108568506400694,0.07142857142857142,0.008097165991902834,0.999112158309003
34.139462272689244,0.07142857142857142,0.008097165991902834,0.999112158309003
34.17035603897779,0.07272727272727272,0.008097165991902834,0.999129232187676
34.20124980526634,0.07272727272727272,0.008097165991902834,0.999129232187676
34.23214357155489,0.07272727272727272,0.008097165991902834,0.999129232187676
34.26303733784344,0.07272727272727272,0.008097165991902834,0.999129232187676
34.29393110413199,0.07272727272727272,0.008097165991902834,0.999129232187676
34.324824870420535,0.07547169811320754,0.008097165991902834,0.9991633799450221
34.355718636709085,0.07547169811320754,0.008097165991902834,0.9991633799450221
34.386612402997635,0.07547169811320754,0.008097165991902834,0.9991633799450221
34.417506169286185,0.07547169811320754,0.008097165991902834,0.9991633799450221
34.448399935574734,0.07547169811320754,0.008097165991902834,0.9991633799450221
34.479293701863284,0.07547169811320754,0.008097165991902834,0.9991633799450221
34.510187468151834,0.0784313725490196,0.008097165991902834,0.9991975277023681
34.541081234440384,0.0784313725490196,0.008097165991902834,0.9991975277023681
34.57197500072893,0.0784313725490196,0.008097165991902834,0.9991975277023681
34.60286876701748,0.0784313725490196,0.008097165991902834,0.9991975277023681
34.63376253330603,0.0784313725490196,0.008097165991902834,0.9991975277023681
34.664656299594576,0.0784313725490196,0.008097165991902834,0.9991975277023681
34.695550065883126,0.0784313725490196,0.008097165991902834,0.9991975277023681
34.726443832171675,0.08,0.008097165991902834,0.9992146015810411
34.757337598460225,0.08,0.008097165991902834,0.9992146015810411
34.788231364748775,0.08,0.008097165991902834,0.9992146015810411
34.819125131037325,0.08,0.008097165991902834,0.9992146015810411
34.850018897325874,0.08,0.008097165991902834,0.9992146015810411
34.880912663614424,0.08,0.008097165991902834,0.9992146015810411
34.911806429902974,0.08163265306122448,0.008097165991902834,0.9992316754597141
34.942700196191524,0.08163265306122448,0.008097165991902834,0.9992316754597141
34.97359396248007,0.08333333333333333,0.008097165991902834,0.9992487493383873
35.004487728768616,0.08333333333333333,0.008097165991902834,0.9992487493383873
35.035381495057166,0.08333333333333333,0.008097165991902834,0.9992487493383873
35.066275261345716,0.0851063829787234,0.008097165991902834,0.9992658232170603
35.097169027634266,0.0851063829787234,0.008097165991902834,0.9992658232170603
35.128062793922815,0.0851063829787234,0.008097165991902834,0.9992658232170603
35.158956560211365,0.0851063829787234,0.008097165991902834,0.9992658232170603
35.189850326499915,0.0851063829787234,0.008097165991902834,0.9992658232170603
35.220744092788465,0.0851063829787234,0.008097165991902834,0.9992658232170603
35.251637859077015,0.08695652173913043,0.008097165991902834,0.9992828970957333
35.282531625365564,0.08695652173913043,0.008097165991902834,0.9992828970957333
35.31342539165411,0.08888888888888889,0.008097165991902834,0.9992999709744063
35.34431915794266,0.08888888888888889,0.008097165991902834,0.9992999709744063
35.37521292423121,0.08888888888888889,0.008097165991902834,0.9992999709744063
35.406106690519756,0.08888888888888889,0.008097165991902834,0.9992999709744063
35.437000456808306,0.08888888888888889,0.008097165991902834,0.9992999709744063
35.467894223096856,0.08888888888888889,0.008097165991902834,0.9992999709744063
35.498787989385406,0.08888888888888889,0.008097165991902834,0.9992999709744063
35.529681755673955,0.08888888888888889,0.008097165991902834,0.9992999709744063
35.560575521962505,0.09090909090909091,0.008097165991902834,0.9993170448530793
35.591469288251055,0.09302325581395349,0.008097165991902834,0.9993341187317523
35.6223630545396,0.09302325581395349,0.008097165991902834,0.9993341187317523
35.65325682082815,0.09302325581395349,0.008097165991902834,0.9993341187317523
35.6841505871167,0.09523809523809523,0.008097165991902834,0.9993511926104253
35.71504435340525,0.09523809523809523,0.008097165991902834,0.9993511926104253
35.7459381196938,0.0975609756097561,0.008097165991902834,0.9993682664890984
35.77683188598235,0.1,0.008097165991902834,0.9993853403677714
35.807725652270896,0.1,0.008097165991902834,0.9993853403677714
35.838619418559446,0.1,0.008097165991902834,0.9993853403677714
35.869513184847996,0.1,0.008097165991902834,0.9993853403677714
35.900406951136546,0.1,0.008097165991902834,0.9993853403677714
35.931300717425096,0.1,0.008097165991902834,0.9993853403677714
35.96219448371364,0.1,0.008097165991902834,0.9993853403677714
35.99308825000219,0.1,0.008097165991902834,0.9993853403677714
36.02398201629074,0.1,0.008097165991902834,0.9993853403677714
36.05487578257929,0.1,0.008097165991902834,0.9993853403677714
36.08576954886784,0.1,0.008097165991902834,0.9993853403677714
36.11666331515639,0.10256410256410256,0.008097165991902834,0.9994024142464444
36.14755708144494,0.10526315789473684,0.008097165991902834,0.9994194881251174
36.17845084773349,0.10526315789473684,0.008097165991902834,0.9994194881251174
36.20934461402204,0.10526315789473684,0.008097165991902834,0.9994194881251174
36.240238380310586,0.10526315789473684,0.008097165991902834,0.9994194881251174
36.271132146599136,0.10526315789473684,0.008097165991902834,0.9994194881251174
36.30202591288768,0.10526315789473684,0.008097165991902834,0.9994194881251174
36.33291967917623,0.10526315789473684,0.008097165991902834,0.9994194881251174
36.36381344546478,0.10526315789473684,0.008097165991902834,0.9994194881251174
36.39470721175333,0.10526315789473684,0.008097165991902834,0.9994194881251174
36.42560097804188,0.10526315789473684,0.008097165991902834,0.9994194881251174
36.45649474433043,0.10526315789473684,0.008097165991902834,0.9994194881251174
36.48738851061898,0.10526315789473684,0.008097165991902834,0.9994194881251174
36.51828227690753,0.10526315789473684,0.008097165991902834,0.9994194881251174
36.54917604319608,0.10526315789473684,0.008097165991902834,0.9994194881251174
36.58006980948463,0.10810810810810811,0.008097165991902834,0.9994365620037904
36.61096357577317,0.08333333333333333,0.006072874493927126,0.9994365620037904
36.64185734206172,0.08333333333333333,0.006072874493927126,0.9994365620037904
36.67275110835027,0.08571428571428572,0.006072874493927126,0.9994536358824634
36.70364487463882,0.08571428571428572,0.006072874493927126,0.9994536358824634
36.73453864092737,0.08571428571428572,0.006072874493927126,0.9994536358824634
36.76543240721592,0.08571428571428572,0.006072874493927126,0.9994536358824634
36.79632617350447,0.08571428571428572,0.006072874493927126,0.9994536358824634
36.82721993979302,0.08823529411764706,0.006072874493927126,0.9994707097611364
36.85811370608157,0.08823529411764706,0.006072874493927126,0.9994707097611364
36.88900747237012,0.08823529411764706,0.006072874493927126,0.9994707097611364
36.91990123865867,0.08823529411764706,0.006072874493927126,0.9994707097611364
36.95079500494721,0.09090909090909091,0.006072874493927126,0.9994877836398095
36.98168877123576,0.09090909090909091,0.006072874493927126,0.9994877836398095
37.01258253752431,0.09090909090909091,0.006072874493927126,0.9994877836398095
37.04347630381286,0.09090909090909091,0.006072874493927126,0.9994877836398095
37.07437007010141,0.09375,0.006072874493927126,0.9995048575184825
37.10526383638996,0.10344827586206896,0.006072874493927126,0.9995560791545015
37.13615760267851,0.10344827586206896,0.006072874493927126,0.9995560791545015
37.16705136896706,0.10344827586206896,0.006072874493927126,0.9995560791545015
37.19794513525561,0.10344827586206896,0.006072874493927126,0.9995560791545015
37.22883890154416,0.10714285714285714,0.006072874493927126,0.9995731530331745
37.2597326678327,0.10714285714285714,0.006072874493927126,0.9995731530331745
37.29062643412125,0.10714285714285714,0.006072874493927126,0.9995731530331745
37.3215202004098,0.10714285714285714,0.006072874493927126,0.9995731530331745
37.35241396669835,0.10714285714285714,0.006072874493927126,0.9995731530331745
37.3833077329869,0.10714285714285714,0.006072874493927126,0.9995731530331745
37.41420149927545,0.11538461538461539,0.006072874493927126,0.9996073007905206
37.445095265564,0.11538461538461539,0.006072874493927126,0.9996073007905206
37.47598903185255,0.11538461538461539,0.006072874493927126,0.9996073007905206
37.5068827981411,0.11538461538461539,0.006072874493927126,0.9996073007905206
37.53777656442965,0.11538461538461539,0.006072874493927126,0.9996073007905206
37.5686703307182,0.11538461538461539,0.006072874493927126,0.9996073007905206
37.59956409700674,0.12,0.006072874493927126,0.9996243746691936
37.63045786329529,0.12,0.006072874493927126,0.9996243746691936
37.66135162958384,0.125,0.006072874493927126,0.9996414485478666
37.69224539587239,0.125,0.006072874493927126,0.9996414485478666
37.72313916216094,0.08695652173913043,0.004048582995951417,0.9996414485478666
37.75403292844949,0.08695652173913043,0.004048582995951417,0.9996414485478666
37.78492669473804,0.09090909090909091,0.004048582995951417,0.9996585224265396
37.81582046102659,0.09090909090909091,0.004048582995951417,0.9996585224265396
37.84671422731514,0.09090909090909091,0.004048582995951417,0.9996585224265396
37.87760799360369,0.05,0.0020242914979757085,0.9996755963052126
37.90850175989223,0.05,0.0020242914979757085,0.9996755963052126
37.93939552618078,0.05,0.0020242914979757085,0.9996755963052126
37.97028929246933,0.05,0.0020242914979757085,0.9996755963052126
38.00118305875788,0.05,0.0020242914979757085,0.9996755963052126
38.03207682504643,0.05,0.0020242914979757085,0.9996755963052126
38.06297059133498,0.05,0.0020242914979757085,0.9996755963052126
38.09386435762353,0.05,0.0020242914979757085,0.9996755963052126
38.12475812391208,0.05,0.0020242914979757085,0.9996755963052126
38.15565189020063,0.05,0.0020242914979757085,0.9996755963052126
38.18654565648918,0.05,0.0020242914979757085,0.9996755963052126
38.21743942277773,0.05,0.0020242914979757085,0.9996755963052126
38.24833318906627,0.05,0.0020242914979757085,0.9996755963052126
38.27922695535482,0.05,0.0020242914979757085,0.9996755963052126
38.31012072164337,0.05,0.0020242914979757085,0.9996755963052126
38.34101448793192,0.05,0.0020242914979757085,0.9996755963052126
38.37190825422047,0.05,0.0020242914979757085,0.9996755963052126
38.40280202050902,0.05,0.0020242914979757085,0.9996755963052126
38.43369578679757,0.05,0.0020242914979757085,0.9996755963052126
38.46458955308612,0.05,0.0020242914979757085,0.9996755963052126
38.49548331937467,0.05,0.0020242914979757085,0.9996755963052126
38.52637708566322,0.05263157894736842,0.0020242914979757085,0.9996926701838856
38.55727085195177,0.05263157894736842,0.0020242914979757085,0.9996926701838856
38.58816461824031,0.05263157894736842,0.0020242914979757085,0.9996926701838856
38.61905838452886,0.05263157894736842,0.0020242914979757085,0.9996926701838856
38.64995215081741,0.05263157894736842,0.0020242914979757085,0.9996926701838856
38.68084591710596,0.05263157894736842,0.0020242914979757085,0.9996926701838856
38.71173968339451,0.05263157894736842,0.0020242914979757085,0.9996926701838856
38.74263344968306,0.05263157894736842,0.0020242914979757085,0.9996926701838856
38.77352721597161,0.05263157894736842,0.0020242914979757085,0.9996926701838856
38.80442098226016,0.05263157894736842,0.0020242914979757085,0.9996926701838856
38.83531474854871,0.05263157894736842,0.0020242914979757085,0.9996926701838856
38.86620851483726,0.05263157894736842,0.0020242914979757085,0.9996926701838856
38.897102281125804,0.05555555555555555,0.0020242914979757085,0.9997097440625586
38.927996047414354,0.05555555555555555,0.0020242914979757085,0.9997097440625586
38.9588898137029,0.05555555555555555,0.0020242914979757085,0.9997097440625586
38.98978357999145,0.05555555555555555,0.0020242914979757085,0.9997097440625586
39.02067734628,0.05555555555555555,0.0020242914979757085,0.9997097440625586
39.05157111256855,0.05555555555555555,0.0020242914979757085,0.9997097440625586
39.0824648788571,0.05555555555555555,0.0020242914979757085,0.9997097440625586
39.11335864514565,0.05555555555555555,0.0020242914979757085,0.9997097440625586
39.1442524114342,0.058823529411764705,0.0020242914979757085,0.9997268179412317
39.17514617772275,0.058823529411764705,0.0020242914979757085,0.9997268179412317
39.2060399440113,0.058823529411764705,0.0020242914979757085,0.9997268179412317
39.236933710299844,0.058823529411764705,0.0020242914979757085,0.9997268179412317
39.267827476588394,0.058823529411764705,0.0020242914979757085,0.9997268179412317
39.298721242876944,0.058823529411764705,0.0020242914979757085,0.9997268179412317
39.329615009165494,0.0625,0.0020242914979757085,0.9997438918199048
39.36050877545404,0.0625,0.0020242914979757085,0.9997438918199048
39.39140254174259,0.0625,0.0020242914979757085,0.9997438918199048
39.42229630803114,0.0625,0.0020242914979757085,0.9997438918199048
39.45319007431969,0.0625,0.0020242914979757085,0.9997438918199048
39.48408384060824,0.0625,0.0020242914979757085,0.9997438918199048
39.51497760689679,0.06666666666666667,0.0020242914979757085,0.9997609656985778
39.545871373185335,0.06666666666666667,0.0020242914979757085,0.9997609656985778
39.576765139473885,0.06666666666666667,0.0020242914979757085,0.9997609656985778
39.607658905762435,0.06666666666666667,0.0020242914979757085,0.9997609656985778
39.638552672050984,0.06666666666666667,0.0020242914979757085,0.9997609656985778
39.669446438339534,0.06666666666666667,0.0020242914979757085,0.9997609656985778
39.700340204628084,0.06666666666666667,0.0020242914979757085,0.9997609656985778
39.731233970916634,0.06666666666666667,0.0020242914979757085,0.9997609656985778
39.762127737205184,0.07142857142857142,0.0020242914979757085,0.9997780395772508
39.79302150349373,0.07142857142857142,0.0020242914979757085,0.9997780395772508
39.82391526978228,0.07142857142857142,0.0020242914979757085,0.9997780395772508
39.85480903607083,0.07142857142857142,0.0020242914979757085,0.9997780395772508
39.885702802359376,0.07692307692307693,0.0020242914979757085,0.9997951134559238
39.916596568647925,0.07692307692307693,0.0020242914979757085,0.9997951134559238
39.947490334936475,0.07692307692307693,0.0020242914979757085,0.9997951134559238
39.978384101225025,0.07692307692307693,0.0020242914979757085,0.9997951134559238
40.009277867513575,0.07692307692307693,0.0020242914979757085,0.9997951134559238
40.040171633802125,0.07692307692307693,0.0020242914979757085,0.9997951134559238
40.071065400090674,0.07692307692307693,0.0020242914979757085,0.9997951134559238
40.101959166379224,0.07692307692307693,0.0020242914979757085,0.9997951134559238
40.132852932667774,0.07692307692307693,0.0020242914979757085,0.9997951134559238
40.163746698956324,0.07692307692307693,0.0020242914979757085,0.9997951134559238
40.194640465244866,0.07692307692307693,0.0020242914979757085,0.9997951134559238
40.225534231533416,0.08333333333333333,0.0020242914979757085,0.9998121873345968
40.256427997821966,0.09090909090909091,0.0020242914979757085,0.9998292612132699
40.287321764110516,0.09090909090909091,0.0020242914979757085,0.9998292612132699
40.318215530399065,0.09090909090909091,0.0020242914979757085,0.9998292612132699
40.349109296687615,0.09090909090909091,0.0020242914979757085,0.9998292612132699
40.380003062976165,0.09090909090909091,0.0020242914979757085,0.9998292612132699
40.410896829264715,0.09090909090909091,0.0020242914979757085,0.9998292612132699
40.441790595553265,0.09090909090909091,0.0020242914979757085,0.9998292612132699
40.472684361841814,0.09090909090909091,0.0020242914979757085,0.9998292612132699
40.503578128130364,0.09090909090909091,0.0020242914979757085,0.9998292612132699
40.53447189441891,0.09090909090909091,0.0020242914979757085,0.9998292612132699
40.56536566070746,0.09090909090909091,0.0020242914979757085,0.9998292612132699
40.596259426996006,0.09090909090909091,0.0020242914979757085,0.9998292612132699
40.627153193284556,0.09090909090909091,0.0020242914979757085,0.9998292612132699
40.658046959573106,0.09090909090909091,0.0020242914979757085,0.9998292612132699
40.688940725861656,0.09090909090909091,0.0020242914979757085,0.9998292612132699
40.719834492150206,0.09090909090909091,0.0020242914979757085,0.9998292612132699
40.750728258438755,0.1,0.0020242914979757085,0.9998463350919429
40.781622024727305,0.1,0.0020242914979757085,0.9998463350919429
40.812515791015855,0.1111111111111111,0.0020242914979757085,0.9998634089706159
40.8434095573044,0.1111111111111111,0.0020242914979757085,0.9998634089706159
40.87430332359295,0.1111111111111111,0.0020242914979757085,0.9998634089706159
40.9051970898815,0.1111111111111111,0.0020242914979757085,0.9998634089706159
40.93609085617005,0.1111111111111111,0.0020242914979757085,0.9998634089706159
40.9669846224586,0.1111111111111111,0.0020242914979757085,0.9998634089706159
40.99787838874715,0.1111111111111111,0.0020242914979757085,0.9998634089706159
41.028772155035696,0.1111111111111111,0.0020242914979757085,0.9998634089706159
41.059665921324246,0.1111111111111111,0.0020242914979757085,0.9998634089706159
41.090559687612796,0.1111111111111111,0.0020242914979757085,0.9998634089706159
41.121453453901346,0.1111111111111111,0.0020242914979757085,0.9998634089706159
41.152347220189895,0.1111111111111111,0.0020242914979757085,0.9998634089706159
41.18324098647844,0.1111111111111111,0.0020242914979757085,0.9998634089706159
41.21413475276699,0.1111111111111111,0.0020242914979757085,0.9998634089706159
41.24502851905554,0.1111111111111111,0.0020242914979757085,0.9998634089706159
41.27592228534409,0.1111111111111111,0.0020242914979757085,0.9998634089706159
41.30681605163264,0.1111111111111111,0.0020242914979757085,0.9998634089706159
41.33770981792119,0.1111111111111111,0.0020242914979757085,0.9998634089706159
41.36860358420974,0.1111111111111111,0.0020242914979757085,0.9998634089706159
41.39949735049829,0.1111111111111111,0.0020242914979757085,0.9998634089706159
41.430391116786836,0.1111111111111111,0.0020242914979757085,0.9998634089706159
41.461284883075386,0.1111111111111111,0.0020242914979757085,0.9998634089706159
41.492178649363936,0.1111111111111111,0.0020242914979757085,0.9998634089706159
41.52307241565248,0.0,0.0,0.9998634089706159
41.55396618194103,0.0,0.0,0.9998634089706159
41.58485994822958,0.0,0.0,0.9998804828492889
41.61575371451813,0.0,0.0,0.9998804828492889
41.64664748080668,0.0,0.0,0.9998804828492889
41.67754124709523,0.0,0.0,0.9998804828492889
41.70843501338378,0.0,0.0,0.9998804828492889
41.73932877967233,0.0,0.0,0.9998804828492889
41.77022254596088,0.0,0.0,0.9998804828492889
41.80111631224943,0.0,0.0,0.9998804828492889
41.83201007853797,0.0,0.0,0.9998804828492889
41.86290384482652,0.0,0.0,0.9998804828492889
41.89379761111507,0.0,0.0,0.9998804828492889
41.92469137740362,0.0,0.0,0.9998804828492889
41.95558514369217,0.0,0.0,0.9998804828492889
41.98647890998072,0.0,0.0,0.9998804828492889
42.01737267626927,0.0,0.0,0.9998804828492889
42.04826644255782,0.0,0.0,0.9998804828492889
42.07916020884637,0.0,0.0,0.9998804828492889
42.11005397513492,0.0,0.0,0.9998804828492889
42.14094774142347,0.0,0.0,0.9998804828492889
42.17184150771201,0.0,0.0,0.9998804828492889
42.20273527400056,0.0,0.0,0.9998804828492889
42.23362904028911,0.0,0.0,0.9998804828492889
42.26452280657766,0.0,0.0,0.9998804828492889
42.29541657286621,0.0,0.0,0.9998804828492889
42.32631033915476,0.0,0.0,0.9998804828492889
42.35720410544331,0.0,0.0,0.9998804828492889
42.38809787173186,0.0,0.0,0.9998804828492889
42.41899163802041,0.0,0.0,0.9998804828492889
42.44988540430896,0.0,0.0,0.9998804828492889
42.4807791705975,0.0,0.0,0.9998975567279619
42.51167293688605,0.0,0.0,0.9998975567279619
42.5425667031746,0.0,0.0,0.9998975567279619
42.57346046946315,0.0,0.0,0.9998975567279619
42.6043542357517,0.0,0.0,0.9998975567279619
42.63524800204025,0.0,0.0,0.9998975567279619
42.6661417683288,0.0,0.0,0.9998975567279619
42.69703553461735,0.0,0.0,0.9998975567279619
42.7279293009059,0.0,0.0,0.9998975567279619
42.75882306719445,0.0,0.0,0.9998975567279619
42.789716833483,0.0,0.0,0.9998975567279619
42.82061059977154,0.0,0.0,0.9998975567279619
42.85150436606009,0.0,0.0,0.9998975567279619
42.88239813234864,0.0,0.0,0.9998975567279619
42.91329189863719,0.0,0.0,0.9998975567279619
42.94418566492574,0.0,0.0,0.9998975567279619
42.97507943121429,0.0,0.0,0.9998975567279619
43.00597319750284,0.0,0.0,0.9998975567279619
43.03686696379139,0.0,0.0,0.9998975567279619
43.06776073007994,0.0,0.0,0.9998975567279619
43.09865449636849,0.0,0.0,0.9999146306066349
43.12954826265703,0.0,0.0,0.9999146306066349
43.16044202894558,0.0,0.0,0.9999146306066349
43.19133579523413,0.0,0.0,0.9999146306066349
43.22222956152268,0.0,0.0,0.9999146306066349
43.25312332781123,0.0,0.0,0.9999146306066349
43.28401709409978,0.0,0.0,0.9999146306066349
43.31491086038833,0.0,0.0,0.9999317044853079
43.34580462667688,0.0,0.0,0.9999317044853079
43.37669839296543,0.0,0.0,0.9999317044853079
43.40759215925398,0.0,0.0,0.9999317044853079
43.43848592554253,0.0,0.0,0.9999317044853079
43.46937969183107,0.0,0.0,0.9999317044853079
43.50027345811962,0.0,0.0,0.9999317044853079
43.53116722440817,0.0,0.0,0.9999317044853079
43.56206099069672,0.0,0.0,0.9999317044853079
43.59295475698527,0.0,0.0,0.9999317044853079
43.62384852327382,0.0,0.0,0.9999317044853079
43.65474228956237,0.0,0.0,0.9999317044853079
43.68563605585092,0.0,0.0,0.9999317044853079
43.71652982213947,0.0,0.0,0.9999317044853079
43.74742358842802,0.0,0.0,0.9999317044853079
43.77831735471656,0.0,0.0,0.9999317044853079
43.80921112100511,0.0,0.0,0.9999317044853079
43.84010488729366,0.0,0.0,0.9999317044853079
43.87099865358221,0.0,0.0,0.9999317044853079
43.90189241987076,0.0,0.0,0.9999317044853079
43.93278618615931,0.0,0.0,0.9999317044853079
43.96367995244786,0.0,0.0,0.9999317044853079
43.99457371873641,0.0,0.0,0.9999317044853079
44.02546748502496,0.0,0.0,0.9999317044853079
44.05636125131351,0.0,0.0,0.9999317044853079
44.08725501760206,0.0,0.0,0.9999317044853079
44.118148783890604,0.0,0.0,0.999948778363981
44.14904255017915,0.0,0.0,0.999948778363981
44.1799363164677,0.0,0.0,0.999948778363981
44.21083008275625,0.0,0.0,0.999948778363981
44.2417238490448,0.0,0.0,0.999948778363981
44.27261761533335,0.0,0.0,0.999948778363981
44.3035113816219,0.0,0.0,0.999965852242654
44.33440514791045,0.0,0.0,0.999965852242654
44.365298914199,0.0,0.0,0.999965852242654
44.39619268048755,0.0,0.0,0.999965852242654
44.4270864467761,0.0,0.0,0.999965852242654
44.457980213064644,0.0,0.0,0.999965852242654
44.488873979353194,0.0,0.0,0.999965852242654
44.519767745641744,0.0,0.0,0.999965852242654
44.550661511930294,0.0,0.0,0.999965852242654
44.58155527821884,0.0,0.0,0.999965852242654
44.61244904450739,0.0,0.0,0.999965852242654
44.64334281079594,0.0,0.0,0.999965852242654
44.67423657708449,0.0,0.0,0.999965852242654
44.70513034337304,0.0,0.0,0.999965852242654
44.73602410966159,0.0,0.0,0.999965852242654
44.766917875950135,0.0,0.0,0.999965852242654
44.797811642238685,0.0,0.0,0.999965852242654
44.828705408527235,0.0,0.0,0.999965852242654
44.859599174815784,0.0,0.0,0.999965852242654
44.890492941104334,0.0,0.0,0.999965852242654
44.921386707392884,0.0,0.0,0.999965852242654
44.952280473681434,0.0,0.0,0.999965852242654
44.98317423996998,0.0,0.0,0.999965852242654
45.01406800625853,0.0,0.0,0.999965852242654
45.04496177254708,0.0,0.0,0.999965852242654
45.07585553883563,0.0,0.0,0.999965852242654
45.106749305124175,0.0,0.0,0.999965852242654
45.137643071412725,0.0,0.0,0.999965852242654
45.168536837701275,0.0,0.0,0.999965852242654
45.199430603989825,0.0,0.0,0.999965852242654
45.230324370278375,0.0,0.0,0.999965852242654
45.261218136566924,0.0,0.0,0.999965852242654
45.292111902855474,0.0,0.0,0.999965852242654
45.323005669144024,0.0,0.0,0.999965852242654
45.353899435432574,0.0,0.0,0.999965852242654
45.38479320172112,0.0,0.0,0.999965852242654
45.415686968009666,0.0,0.0,0.999965852242654
45.446580734298216,0.0,0.0,0.999965852242654
45.477474500586766,0.0,0.0,0.999965852242654
45.508368266875316,0.0,0.0,0.999965852242654
45.539262033163865,0.0,0.0,0.999965852242654
45.570155799452415,0.0,0.0,0.999965852242654
45.601049565740965,0.0,0.0,0.999965852242654
45.631943332029515,0.0,0.0,0.999965852242654
45.662837098318064,0.0,0.0,0.999965852242654
45.693730864606614,0.0,0.0,0.999965852242654
45.724624630895164,0.0,0.0,0.999965852242654
45.75551839718371,0.0,0.0,0.999965852242654
45.78641216347226,0.0,0.0,0.999965852242654
45.817305929760806,0.0,0.0,0.999965852242654
45.848199696049356,0.0,0.0,0.999965852242654
45.879093462337906,0.0,0.0,0.999965852242654
45.909987228626456,0.0,0.0,0.999965852242654
45.940880994915005,0.0,0.0,0.999965852242654
45.971774761203555,0.0,0.0,0.999965852242654
46.002668527492105,0.0,0.0,0.999965852242654
46.033562293780655,0.0,0.0,0.999965852242654
46.0644560600692,0.0,0.0,0.999965852242654
46.09534982635775,0.0,0.0,0.999965852242654
46.1262435926463,0.0,0.0,0.999965852242654
46.15713735893485,0.0,0.0,0.999965852242654
46.1880311252234,0.0,0.0,0.999965852242654
46.218924891511946,0.0,0.0,0.999965852242654
46.249818657800496,0.0,0.0,0.999965852242654
46.280712424089046,0.0,0.0,0.999965852242654
46.311606190377596,0.0,0.0,0.999965852242654
46.342499956666146,0.0,0.0,0.999965852242654
46.373393722954695,0.0,0.0,0.999965852242654
46.40428748924324,0.0,0.0,0.999965852242654
46.43518125553179,0.0,0.0,0.999965852242654
46.46607502182034,0.0,0.0,0.999965852242654
46.49696878810889,0.0,0.0,0.999965852242654
46.52786255439744,0.0,0.0,0.999965852242654
46.55875632068599,0.0,0.0,0.999965852242654
46.58965008697454,0.0,0.0,0.999965852242654
46.62054385326309,0.0,0.0,0.999965852242654
46.651437619551636,0.0,0.0,0.999965852242654
46.682331385840186,0.0,0.0,0.999965852242654
46.71322515212873,0.0,0.0,0.999965852242654
46.74411891841728,0.0,0.0,0.999965852242654
46.77501268470583,0.0,0.0,0.999965852242654
46.80590645099438,0.0,0.0,0.999965852242654
46.83680021728293,0.0,0.0,0.999965852242654
46.86769398357148,0.0,0.0,0.999965852242654
46.89858774986003,0.0,0.0,0.999965852242654
46.92948151614858,0.0,0.0,0.999965852242654
46.96037528243713,0.0,0.0,0.999965852242654
46.99126904872568,0.0,0.0,0.999965852242654
47.02216281501423,0.0,0.0,0.999965852242654
47.05305658130277,0.0,0.0,0.999965852242654
47.08395034759132,0.0,0.0,0.999965852242654
47.11484411387987,0.0,0.0,0.999965852242654
47.14573788016842,0.0,0.0,0.999965852242654
47.17663164645697,0.0,0.0,0.999965852242654
47.20752541274552,0.0,0.0,0.999965852242654
47.23841917903407,0.0,0.0,0.999965852242654
47.26931294532262,0.0,0.0,0.999965852242654
47.30020671161117,0.0,0.0,0.999965852242654
47.33110047789972,0.0,0.0,0.999965852242654
47.36199424418827,0.0,0.0,0.999965852242654
47.39288801047681,0.0,0.0,0.999965852242654
47.42378177676536,0.0,0.0,0.999965852242654
47.45467554305391,0.0,0.0,0.999965852242654
47.48556930934246,0.0,0.0,0.999965852242654
47.51646307563101,0.0,0.0,0.999965852242654
47.54735684191956,0.0,0.0,0.999965852242654
47.57825060820811,0.0,0.0,0.999965852242654
47.60914437449666,0.0,0.0,0.999965852242654
47.64003814078521,0.0,0.0,0.999965852242654
47.67093190707376,0.0,0.0,0.999965852242654
47.7018256733623,0.0,0.0,0.999965852242654
47.73271943965085,0.0,0.0,0.999965852242654
47.7636132059394,0.0,0.0,0.999965852242654
47.79450697222795,0.0,0.0,0.999965852242654
47.8254007385165,0.0,0.0,0.999965852242654
47.85629450480505,0.0,0.0,0.999965852242654
47.8871882710936,0.0,0.0,0.999965852242654
47.91808203738215,0.0,0.0,0.999965852242654
47.9489758036707,0.0,0.0,0.999965852242654
47.97986956995925,0.0,0.0,0.999965852242654
48.0107633362478,0.0,0.0,0.999965852242654
48.04165710253634,0.0,0.0,0.999965852242654
48.07255086882489,0.0,0.0,0.999965852242654
48.10344463511344,0.0,0.0,0.999965852242654
48.13433840140199,0.0,0.0,0.999965852242654
48.16523216769054,0.0,0.0,0.999965852242654
48.19612593397909,0.0,0.0,0.999965852242654
48.22701970026764,0.0,0.0,0.999965852242654
48.25791346655619,0.0,0.0,0.999965852242654
48.28880723284474,0.0,0.0,0.999965852242654
48.31970099913329,0.0,0.0,0.999965852242654
48.35059476542183,0.0,0.0,0.999965852242654
48.38148853171038,0.0,0.0,0.999965852242654
48.41238229799893,0.0,0.0,0.999965852242654
48.44327606428748,0.0,0.0,0.999965852242654
48.47416983057603,0.0,0.0,0.999965852242654
48.50506359686458,0.0,0.0,0.999965852242654
48.53595736315313,0.0,0.0,0.999965852242654
48.56685112944168,0.0,0.0,0.999965852242654
48.59774489573023,0.0,0.0,0.999965852242654
48.62863866201878,0.0,0.0,0.999965852242654
48.65953242830733,0.0,0.0,0.999965852242654
48.69042619459587,0.0,0.0,0.999965852242654
48.72131996088442,0.0,0.0,0.999965852242654
48.75221372717297,0.0,0.0,0.999965852242654
48.78310749346152,0.0,0.0,0.999965852242654
48.81400125975007,0.0,0.0,0.999965852242654
48.84489502603862,0.0,0.0,0.999965852242654
48.87578879232717,0.0,0.0,0.999965852242654
48.90668255861572,0.0,0.0,0.999965852242654
48.93757632490427,0.0,0.0,0.999982926121327
48.96847009119282,0.0,0.0,0.999982926121327
48.99936385748136,0.0,0.0,0.999982926121327
49.03025762376991,0.0,0.0,0.999982926121327
49.06115139005846,0.0,0.0,0.999982926121327
49.09204515634701,0.0,0.0,0.999982926121327
49.12293892263556,0.0,0.0,0.999982926121327
49.15383268892411,0.0,0.0,0.999982926121327
49.18472645521266,0.0,0.0,0.999982926121327
49.21562022150121,0.0,0.0,0.999982926121327
49.24651398778976,0.0,0.0,0.999982926121327
49.27740775407831,0.0,0.0,0.999982926121327
49.30830152036686,0.0,0.0,0.999982926121327
49.3391952866554,0.0,0.0,0.999982926121327
49.37008905294395,0.0,0.0,0.999982926121327
49.4009828192325,0.0,0.0,0.999982926121327
49.43187658552105,0.0,0.0,0.999982926121327
49.4627703518096,0.0,0.0,0.999982926121327
49.49366411809815,0.0,0.0,0.999982926121327
49.5245578843867,0.0,0.0,0.999982926121327
49.55545165067525,0.0,0.0,0.999982926121327
49.5863454169638,0.0,0.0,0.999982926121327
49.61723918325235,0.0,0.0,0.999982926121327
49.648132949540894,0.0,0.0,0.999982926121327
49.679026715829444,0.0,0.0,0.999982926121327
49.709920482117994,0.0,0.0,0.999982926121327
49.740814248406544,0.0,0.0,0.999982926121327
49.77170801469509,0.0,0.0,0.999982926121327
49.80260178098364,0.0,0.0,0.999982926121327
49.83349554727219,0.0,0.0,0.999982926121327
49.86438931356074,0.0,0.0,0.999982926121327
49.89528307984929,0.0,0.0,0.999982926121327
49.92617684613784,0.0,0.0,0.999982926121327
