Threshold,Precision,Recall,Specificity
-18.581473888433624,0.0051928222648868465,1.0,0.0
-18.554183974250417,0.005192861516134153,1.0,7.598149090881462e-06
-18.52689406006721,0.005192861516134153,1.0,7.598149090881462e-06
-18.499604145884003,0.005192861516134153,1.0,7.598149090881462e-06
-18.472314231700796,0.005192861516134153,1.0,7.598149090881462e-06
-18.445024317517593,0.005192861516134153,1.0,7.598149090881462e-06
-18.417734403334386,0.005192861516134153,1.0,7.598149090881462e-06
-18.39044448915118,0.005192861516134153,1.0,7.598149090881462e-06
-18.36315457496797,0.005192861516134153,1.0,7.598149090881462e-06
-18.335864660784765,0.005192861516134153,1.0,7.598149090881462e-06
-18.308574746601558,0.005192861516134153,1.0,7.598149090881462e-06
-18.28128483241835,0.005192861516134153,1.0,7.598149090881462e-06
-18.253994918235144,0.005192861516134153,1.0,7.598149090881462e-06
-18.22670500405194,0.005192861516134153,1.0,7.598149090881462e-06
-18.199415089868733,0.005192861516134153,1.0,7.598149090881462e-06
-18.172125175685526,0.005192861516134153,1.0,7.598149090881462e-06
-18.14483526150232,0.005192861516134153,1.0,7.598149090881462e-06
-18.117545347319112,0.005192861516134153,1.0,7.598149090881462e-06
-18.090255433135905,0.005192861516134153,1.0,7.598149090881462e-06
-18.062965518952698,0.005192861516134153,1.0,7.598149090881462e-06
-18.03567560476949,0.005192900767974845,1.0,1.5196298181762923e-05
-18.008385690586287,0.005192900767974845,1.0,1.5196298181762923e-05
-17.98109577640308,0.005192900767974845,1.0,1.5196298181762923e-05
-17.953805862219873,0.005192940020408934,1.0,2.2794447272644383e-05
-17.926515948036666,0.005192940020408934,1.0,2.2794447272644383e-05
-17.89922603385346,0.005192940020408934,1.0,2.2794447272644383e-05
-17.871936119670252,0.005192940020408934,1.0,2.2794447272644383e-05
-17.844646205487045,0.005192979273436437,1.0,3.0392596363525846e-05
-17.817356291303838,0.005192979273436437,1.0,3.0392596363525846e-05
-17.79006637712063,0.005192979273436437,1.0,3.0392596363525846e-05
-17.762776462937428,0.005193018527057365,1.0,3.799074545440731e-05
-17.73548654875422,0.005193018527057365,1.0,3.799074545440731e-05
-17.708196634571014,0.005193018527057365,1.0,3.799074545440731e-05
-17.680906720387807,0.005193018527057365,1.0,3.799074545440731e-05
-17.6536168062046,0.005193018527057365,1.0,3.799074545440731e-05
-17.626326892021392,0.005193018527057365,1.0,3.799074545440731e-05
-17.599036977838185,0.005193018527057365,1.0,3.799074545440731e-05
-17.57174706365498,0.005193018527057365,1.0,3.799074545440731e-05
-17.544457149471775,0.005193018527057365,1.0,3.799074545440731e-05
-17.517167235288568,0.005193018527057365,1.0,3.799074545440731e-05
-17.48987732110536,0.005193018527057365,1.0,3.799074545440731e-05
-17.462587406922154,0.005193018527057365,1.0,3.799074545440731e-05
-17.435297492738947,0.005193018527057365,1.0,3.799074545440731e-05
-17.40800757855574,0.005193018527057365,1.0,3.799074545440731e-05
-17.380717664372533,0.005193018527057365,1.0,3.799074545440731e-05
-17.353427750189326,0.005193018527057365,1.0,3.799074545440731e-05
-17.32613783600612,0.005193018527057365,1.0,3.799074545440731e-05
-17.298847921822915,0.005193018527057365,1.0,3.799074545440731e-05
-17.271558007639708,0.005193018527057365,1.0,3.799074545440731e-05
-17.2442680934565,0.005193018527057365,1.0,3.799074545440731e-05
-17.216978179273294,0.005193018527057365,1.0,3.799074545440731e-05
-17.189688265090087,0.005193018527057365,1.0,3.799074545440731e-05
-17.16239835090688,0.005193018527057365,1.0,3.799074545440731e-05
-17.135108436723673,0.005193018527057365,1.0,3.799074545440731e-05
-17.107818522540466,0.005193018527057365,1.0,3.799074545440731e-05
-17.080528608357262,0.005193018527057365,1.0,3.799074545440731e-05
-17.053238694174055,0.005193018527057365,1.0,3.799074545440731e-05
-17.02594877999085,0.005193057781271732,1.0,4.5588894545288766e-05
-16.99865886580764,0.005193057781271732,1.0,4.5588894545288766e-05
-16.971368951624434,0.005193057781271732,1.0,4.5588894545288766e-05
-16.944079037441227,0.005193057781271732,1.0,4.5588894545288766e-05
-16.91678912325802,0.005193057781271732,1.0,4.5588894545288766e-05
-16.889499209074813,0.005193057781271732,1.0,4.5588894545288766e-05
-16.862209294891606,0.005193057781271732,1.0,4.5588894545288766e-05
-16.834919380708403,0.005193057781271732,1.0,4.5588894545288766e-05
-16.807629466525196,0.0051930970360795515,1.0,5.318704363617023e-05
-16.78033955234199,0.0051930970360795515,1.0,5.318704363617023e-05
-16.75304963815878,0.0051930970360795515,1.0,5.318704363617023e-05
-16.725759723975575,0.0051930970360795515,1.0,5.318704363617023e-05
-16.698469809792368,0.0051930970360795515,1.0,5.318704363617023e-05
-16.67117989560916,0.0051930970360795515,1.0,5.318704363617023e-05
-16.643889981425954,0.0051930970360795515,1.0,5.318704363617023e-05
-16.61660006724275,0.0051930970360795515,1.0,5.318704363617023e-05
-16.589310153059543,0.0051930970360795515,1.0,5.318704363617023e-05
-16.562020238876336,0.005193136291480838,1.0,6.078519272705169e-05
-16.53473032469313,0.005193136291480838,1.0,6.078519272705169e-05
-16.507440410509922,0.005193175547475603,1.0,6.838334181793316e-05
-16.480150496326715,0.005193175547475603,1.0,6.838334181793316e-05
-16.452860582143508,0.005193175547475603,1.0,6.838334181793316e-05
-16.4255706679603,0.005193175547475603,1.0,6.838334181793316e-05
-16.398280753777094,0.005193175547475603,1.0,6.838334181793316e-05
-16.37099083959389,0.005193175547475603,1.0,6.838334181793316e-05
-16.343700925410683,0.005193254061245625,1.0,8.357963999969607e-05
-16.316411011227476,0.005193254061245625,1.0,8.357963999969607e-05
-16.28912109704427,0.005193254061245625,1.0,8.357963999969607e-05
-16.261831182861062,0.005193293319020909,1.0,9.117778909057753e-05
-16.234541268677855,0.005193411095908015,1.0,0.00011397223636322192
-16.207251354494648,0.005193411095908015,1.0,0.00011397223636322192
-16.179961440311445,0.005193411095908015,1.0,0.00011397223636322192
-16.152671526128238,0.005193489616800598,1.0,0.00012916853454498484
-16.12538161194503,0.005193568140067584,1.0,0.00014436483272674776
-16.098091697761824,0.005193607402591512,1.0,0.00015196298181762924
-16.070801783578617,0.005193607402591512,1.0,0.00015196298181762924
-16.04351186939541,0.005193607402591512,1.0,0.00015196298181762924
-16.016221955212202,0.005193685929420303,1.0,0.00016715927999939214
-15.988932041028997,0.005193725193725194,1.0,0.00017475742909027361
-15.96164212684579,0.005193725193725194,1.0,0.00017475742909027361
-15.934352212662583,0.005193725193725194,1.0,0.00017475742909027361
-15.907062298479376,0.005193725193725194,1.0,0.00017475742909027361
-15.87977238429617,0.005193725193725194,1.0,0.00017475742909027361
-15.852482470112964,0.005193725193725194,1.0,0.00017475742909027361
-15.825192555929757,0.005193725193725194,1.0,0.00017475742909027361
-15.79790264174655,0.005193764458623766,1.0,0.00018235557818115506
-15.770612727563343,0.005193764458623766,1.0,0.00018235557818115506
-15.743322813380138,0.005193764458623766,1.0,0.00018235557818115506
-15.71603289919693,0.005193764458623766,1.0,0.00018235557818115506
-15.688742985013723,0.005193803724116033,1.0,0.00018995372727203654
-15.661453070830518,0.005193803724116033,1.0,0.00018995372727203654
-15.634163156647311,0.005193842990202008,1.0,0.000197551876362918
-15.606873242464104,0.005193842990202008,1.0,0.000197551876362918
-15.579583328280897,0.0051939607920223185,1.0,0.00022034632363556237
-15.55229341409769,0.0051940000604832615,1.0,0.00022794447272644384
-15.525003499914485,0.0051940000604832615,1.0,0.00022794447272644384
-15.497713585731278,0.005194117869428798,1.0,0.0002507389199990882
-15.47042367154807,0.005194157140264924,1.0,0.00025833706908996967
-15.443133757364865,0.00519419641169488,1.0,0.0002659352181808511
-15.415843843181658,0.00519431422954786,1.0,0.0002887296654534955
-15.388553928998451,0.005194353503353269,1.0,0.000296327814544377
-15.361264014815244,0.005194392777752574,1.0,0.0003039259636352585
-15.333974100632037,0.00519443205274579,1.0,0.0003115241127261399
-15.30668418644883,0.00519443205274579,1.0,0.0003115241127261399
-15.279394272265625,0.00519443205274579,1.0,0.0003115241127261399
-15.252104358082418,0.005194510604514007,1.0,0.0003267204109079028
-15.224814443899211,0.0051945498812890345,1.0,0.0003343185599987843
-15.197524529716006,0.0051945498812890345,1.0,0.0003343185599987843
-15.170234615532799,0.005194589158658026,1.0,0.0003419167090896658
-15.142944701349592,0.005194628436620996,1.0,0.00034951485818054723
-15.115654787166385,0.0051947069943289225,1.0,0.00036471115636231013
-15.088364872983178,0.005194785554412921,1.0,0.0003799074545440731
-15.061074958799972,0.005194824835345981,1.0,0.00038750560363495453
-15.033785044616765,0.0051948641168731,1.0,0.000395103752725836
-15.006495130433558,0.0051948641168731,1.0,0.000395103752725836
-14.979205216250353,0.005194981965018943,1.0,0.0004178981999984804
-14.951915302067146,0.005195099818511796,1.0,0.00044069264727112473
-14.924625387883939,0.005195099818511796,1.0,0.00044069264727112473
-14.897335473700732,0.005195178390477775,1.0,0.0004558889454528877
-14.870045559517525,0.0051952962528831245,1.0,0.00047868339272553204
-14.84275564533432,0.0051953355415399975,1.0,0.00048628154181641354
-14.815465731151113,0.0051953748307911034,1.0,0.0004938796909072949
-14.788175816967906,0.00519549270210996,1.0,0.0005166741381799393
-14.760885902784699,0.005195610578777405,1.0,0.0005394685854525837
-14.733595988601493,0.005195846348159521,1.0,0.0005850574799978726
-14.706306074418286,0.005195924942708688,1.0,0.0006002537781796354
-14.67901616023508,0.005196042838990742,1.0,0.0006230482254522799
-14.651726246051872,0.005196042838990742,1.0,0.0006230482254522799
-14.624436331868665,0.005196082138940362,1.0,0.0006306463745431612
-14.59714641768546,0.0051962000423562155,1.0,0.0006534408218158057
-14.569856503502253,0.005196278647606081,1.0,0.0006686371199975686
-14.542566589319048,0.005196396559940094,1.0,0.000691431567270213
-14.51527667513584,0.005196553784709878,1.0,0.0007218241636337389
-14.487986760952634,0.0051967110189940924,1.0,0.0007522167599972647
-14.460696846769427,0.005196789639704381,1.0,0.0007674130581790276
-14.43340693258622,0.005197064830925183,1.0,0.0008206001018151979
-14.406117018403013,0.005197300732312534,1.0,0.0008661889963604866
-14.378827104219805,0.005197458011802088,1.0,0.0008965815927240125
-14.3515371900366,0.00519761530081104,1.0,0.0009269741890875383
-14.324247275853393,0.005197811925460199,1.0,0.0009649649345419456
-14.296957361670188,0.0051980085649864565,1.0,0.0010029556799963529
-14.269667447486981,0.005198087224962925,1.0,0.0010181519781781159
-14.242377533303774,0.005198283885319955,1.0,0.0010561427236325232
-14.215087619120567,0.005198401888677018,1.0,0.0010789371709051675
-14.18779770493736,0.0051985985728447,1.0,0.0011169279163595748
-14.160507790754153,0.005198637911464245,1.0,0.0011245260654504563
-14.133217876570948,0.005198834613492754,1.0,0.0011625168109048636
-14.10592796238774,0.005198873955684707,1.0,0.001170114959995745
-14.078638048204535,0.005199070675576476,1.0,0.0012081057054501524
-14.051348134021328,0.005199110021341325,1.0,0.001215703854541034
-14.024058219838121,0.005199424808900325,1.0,0.0012764890472680855
-13.996768305654914,0.005199621570482498,1.0,0.0013144797927224928
-13.969478391471707,0.005199897061717556,1.0,0.0013676668363586631
-13.9421884772885,0.005200133220297929,1.0,0.0014132557309039517
-13.914898563105293,0.005200251307632334,1.0,0.0014360501781765962
-13.887608648922088,0.005200330035501525,1.0,0.001451246476358359
-13.86031873473888,0.005200408765754514,1.0,0.001466442774540122
-13.833028820555676,0.0052007630813953485,1.0,0.0015348261163580551
-13.805738906372468,0.005200841824761155,1.0,0.0015500224145398181
-13.778448992189261,0.005200999318646377,1.0,0.001580415010903344
-13.751159078006054,0.005201314335034297,1.0,0.0016412002036303957
-13.723869163822847,0.005201629389584627,1.0,0.0017019853963574473
-13.69657924963964,0.005201944482304302,1.0,0.001762770589084499
-13.669289335456435,0.005202062651916131,1.0,0.0017855650363571434
-13.641999421273228,0.00520229900724687,1.0,0.0018311539309024323
-13.614709507090023,0.0052025353840561605,1.0,0.0018767428254477208
-13.587419592906816,0.005202850586551351,1.0,0.0019375280181747727
-13.560129678723609,0.005203244643384609,1.0,0.002013509509083587
-13.532839764540402,0.005203481106137381,1.0,0.002059098403628876
-13.505549850357195,0.005203638759913046,1.0,0.0020894909999924017
-13.478259936173988,0.005204190623366588,1.0,0.0021958650872647423
-13.450970021990782,0.005204506026469496,1.0,0.002256650279991794
-13.423680107807575,0.005204939768164255,1.0,0.00234022991999149
-13.39639019362437,0.0052053341415365965,1.0,0.002416211410900305
-13.369100279441163,0.0052057285746760626,1.0,0.0024921929018091194
-13.341810365257956,0.005206123067596241,1.0,0.002568174392717934
-13.314520451074749,0.005206399248217169,1.0,0.0026213614363541043
-13.287230536891542,0.005206793842795753,1.0,0.002697342927262919
-13.259940622708335,0.005207306905176988,1.0,0.002796118865444378
-13.232650708525128,0.005207741113865326,1.0,0.0028796985054440737
-13.205360794341923,0.005208451793390498,1.0,0.00301646518907994
-13.178070880158716,0.005209004678247287,1.0,0.0031228392763522806
-13.15078096597551,0.005209360166214229,1.0,0.003191222618170214
-13.123491051792303,0.005209715702704957,1.0,0.0032596059599881468
-13.096201137609096,0.005210189826857884,1.0,0.0033507837490787244
-13.06891122342589,0.005210584996245648,1.0,0.003426765239987539
-13.041621309242682,0.005211217391963954,1.0,0.0035483356254416426
-13.014331395059475,0.005211770864152575,1.0,0.003654709712713983
-12.98704148087627,0.005212008102510412,1.0,0.003700298607259272
-12.959751566693063,0.0052126408437345876,1.0,0.003821868992713375
-12.932461652509858,0.005213075942451284,1.0,0.003905448632713071
-12.90517173832665,0.005213867217145806,1.0,0.0040574116145307
-12.877881824143444,0.005214302520625717,1.0,0.004140991254530396
-12.850591909960237,0.005215054579683302,1.0,0.004285356087257144
-12.82330199577703,0.005215529676136105,1.0,0.004376533876347722
-12.796012081593823,0.005216361303255101,1.0,0.0045360950072562325
-12.768722167410617,0.0052170347194799675,1.0,0.004665263541801217
-12.74143225322741,0.005217747937964243,1.0,0.004802030225437084
-12.714142339044203,0.005218223525301168,1.0,0.004893208014527661
-12.686852424860998,0.0052191353100713355,1.0,0.005067965443617935
-12.659562510677791,0.0052200077502298475,1.0,0.0052351247236173265
-12.632272596494584,0.005220880482114495,1.0,0.005402284003616719
-12.604982682311377,0.005221674128010823,1.0,0.005554246985434348
-12.57769276812817,0.005222309218478004,1.0,0.0056758173708884516
-12.550402853944963,0.0052234209986086085,1.0,0.005888565545433133
-12.523112939761758,0.005216611027885295,0.9985443959243085,0.00603293037815988
-12.49582302557855,0.005217642629509344,0.9985443959243085,0.0062304822545227985
-12.468533111395345,0.005218595239363118,0.9985443959243085,0.006412837832703953
-12.441243197212138,0.005219786490949073,0.9985443959243085,0.006640782305430398
-12.413953283028931,0.005220779616128099,0.9985443959243085,0.006830736032702434
-12.386663368845724,0.005222170626432101,0.9985443959243085,0.007096671250883285
-12.359373454662517,0.005223363511074901,0.9985443959243085,0.007324615723609729
-12.33208354047931,0.005224318211242185,0.9985443959243085,0.007506971301790883
-12.304793626296105,0.005225193659692125,0.9985443959243085,0.007674130581790276
-12.277503712112898,0.005226069401592199,0.9985443959243085,0.007841289861789669
-12.250213797929693,0.005227144577027995,0.9985443959243085,0.008046439887243467
-12.222923883746486,0.005228060816217658,0.9985443959243085,0.008221197316333742
-12.195633969563278,0.005229455709711847,0.9985443959243085,0.008487132534514592
-12.168344055380071,0.005230173373385584,0.9985443959243085,0.008623899218150459
-12.141054141196864,0.005231569394556422,0.9985443959243085,0.008889834436331309
-12.113764227013657,0.005233205681766169,0.9985443959243085,0.00920135854905745
-12.08647431283045,0.005234283795847672,0.9985443959243085,0.009406508574511249
-12.059184398647245,0.005235522178465671,0.9985443959243085,0.009642051196328574
-12.031894484464038,0.005237080976265182,0.9985443959243085,0.00993837901087295
-12.004604570280833,0.0052384006841992735,0.9985443959243085,0.01018911793087204
-11.977314656097626,0.005239641015848768,0.9985443959243085,0.010424660552689365
-11.950024741914419,0.0052407217833733135,0.9985443959243085,0.010629810578143164
-11.922734827731212,0.005241963214561348,0.9985443959243085,0.01086535319996049
-11.895444913548005,0.00524348577150326,0.9985443959243085,0.011154082865413984
-11.868154999364798,0.005244608221649682,0.9985443959243085,0.011366831039958666
-11.840865085181592,0.005245650927164978,0.9985443959243085,0.011564382916321584
-11.813575170998385,0.005247015090904919,0.9985443959243085,0.011822719985411553
-11.78628525681518,0.005248500428449015,0.9985443959243085,0.012103851501774168
-11.758995342631973,0.005250147325562707,0.9985443959243085,0.012415375614500308
-11.731705428448766,0.005251996294509903,0.9985443959243085,0.012764890472680855
-11.704415514265559,0.00525396728141658,0.9985443959243085,0.013137199778134047
-11.677125600082352,0.005255657876591637,0.9985443959243085,0.013456322039951068
-11.649835685899145,0.005257430143621343,0.9985443959243085,0.013790640599949852
-11.62254577171594,0.005259526182626696,0.9985443959243085,0.014185744352675687
-11.595255857532733,0.005261744966442953,0.9985443959243085,0.014603642552674169
-11.567965943349526,0.005264046409552019,0.9985443959243085,0.015036737050854412
-11.54067602916632,0.005265986029016657,0.9985443959243085,0.015401448207216723
-11.513386114983113,0.005268007986484411,0.9985443959243085,0.015781355661760796
-11.486096200799906,0.0052696671506156905,0.9985443959243085,0.016092879774486934
-11.4588062866167,0.0052717324480511495,0.9985443959243085,0.016480385378121888
-11.431516372433492,0.00527323181465282,0.9985443959243085,0.016761516894484504
-11.404226458250285,0.005275421610772319,0.9985443959243085,0.0171718169453921
-11.37693654406708,0.005277653828991706,0.9985443959243085,0.017589715145390584
-11.349646629883873,0.005279766027861156,0.9985443959243085,0.017984818898116418
-11.322356715700668,0.005282408655141878,0.9985443959243085,0.018478698589023713
-11.29506680151746,0.005285176082652141,0.9985443959243085,0.018995372727203655
-11.267776887334254,0.005286968316724854,0.9985443959243085,0.01932969128720244
-11.240486973151047,0.005289047200505775,0.9985443959243085,0.019717196890837393
-11.21319705896784,0.005291780769082424,0.9985443959243085,0.02022627287992645
-11.185907144784633,0.005294435440302539,0.9985443959243085,0.020720152570833743
-11.158617230601427,0.005297092776340682,0.9985443959243085,0.02121403226174104
-11.13132731641822,0.00529938431351343,0.9985443959243085,0.021639528610830402
-11.104037402235015,0.005301309098777453,0.9985443959243085,0.02199664161810183
-11.076747488051808,0.005303809310272844,0.9985443959243085,0.022460128712645598
-11.049457573868601,0.00530705079605762,0.9985443959243085,0.023060382490825235
-11.022167659685394,0.005309803010952436,0.9985443959243085,0.023569458479914294
-10.994877745502187,0.0053125580819032275,0.9985443959243085,0.024078534469003352
-10.96758783131898,0.005315192462654187,0.9985443959243085,0.024564816010819765
-10.940297917135773,0.00531766456854051,0.9985443959243085,0.025020704956272653
-10.913008002952568,0.005320551600043433,0.9985443959243085,0.025552575392634353
-10.88571808876936,0.0053236483287934875,0.9985443959243085,0.026122436574450465
-10.858428174586155,0.005326831389479896,0.9985443959243085,0.026707494054448336
-10.831138260402948,0.005330225330225331,0.9985443959243085,0.027330542279900616
-10.803848346219741,0.005333167481672096,0.9985443959243085,0.0278700108653532
-10.776558432036534,0.005336154390659396,0.9985443959243085,0.028417077599896666
-10.749268517853327,0.005339186202173034,0.9985443959243085,0.028971742483531012
-10.72197860367012,0.005342554301690771,0.9985443959243085,0.02958719255989241
-10.694688689486915,0.0053466766429729395,0.9985443959243085,0.030339409319889675
-10.667398775303708,0.005349511837549518,0.9985443959243085,0.030856083458069613
-10.640108861120503,0.005352558850838385,0.9985443959243085,0.03141074834170396
-10.612818946937296,0.005355985665321164,0.9985443959243085,0.03203379656715624
-10.585529032754089,0.0053594168704443005,0.9985443959243085,0.03265684479260852
-10.558239118570881,0.005363229821434156,0.9985443959243085,0.033348276359878734
-10.530949204387674,0.005367300154133838,0.9985443959243085,0.034085296821694235
-10.50365929020447,0.005370493600031315,0.9985443959243085,0.034662756152601226
-10.476369376021262,0.005373564568939857,0.9985443959243085,0.035217421036235576
-10.449079461838055,0.0053776084536632015,0.9985443959243085,0.03594684334896019
-10.421789547654848,0.005381785089474138,0.9985443959243085,0.03669906010895746
-10.394499633471641,0.005385756793040911,0.9985443959243085,0.03741328612350032
-10.367209719288436,0.005390666132314922,0.9985443959243085,0.03829467141804257
-10.339919805105229,0.005394269178750039,0.9985443959243085,0.038940514090767486
-10.312629890922022,0.005399109068299517,0.9985443959243085,0.03980670308712798
-10.285339976738815,0.005403702244978338,0.9985443959243085,0.04062730318894317
-10.25805006255561,0.005407791634477431,0.9985443959243085,0.041356725501667795
-10.230760148372402,0.0054128693731013535,0.9985443959243085,0.04226090524348269
-10.203470234189195,0.0054176571396981595,0.9985443959243085,0.04311189794166141
-10.176180320005988,0.005422924901185771,0.9985443959243085,0.04404647027983983
-10.148890405822783,0.00542760164885158,0.9985443959243085,0.04487466853074591
-10.121600491639576,0.005432286469964048,0.9985443959243085,0.04570286678165199
-10.094310577456369,0.005437281042436156,0.9985443959243085,0.04658425207619424
-10.067020663273162,0.005442025766326077,0.9985443959243085,0.0474200484761912
-10.039730749089957,0.005446822025487316,0.9985443959243085,0.04826344302527904
-10.01244083490675,0.005451670070649194,0.9985443959243085,0.049114435723457764
-9.985150920723543,0.005456396551175591,0.9985443959243085,0.04994263397436385
-9.957861006540336,0.005461739954299727,0.9985443959243085,0.050877206312542264
-9.93057109235713,0.005466875991170119,0.9985443959243085,0.05177378790526628
-9.903281178173923,0.005464044988633191,0.9970887918486172,0.052662771348899406
-9.875991263990716,0.005469192874879239,0.9970887918486172,0.05355935294162342
-9.84870134980751,0.005458934109146712,0.9941775836972343,0.05453951417434713
-9.821411435624302,0.005464524594361059,0.9941775836972343,0.05551207725797996
-9.794121521441097,0.005471134359204402,0.9941775836972343,0.05665939777070306
-9.76683160725789,0.005477496551502903,0.9941775836972343,0.057761129388880866
-9.739541693074683,0.005482640979329721,0.9941775836972343,0.058650112832514
-9.712251778891476,0.005489029976693724,0.9941775836972343,0.05975184445069181
-9.68496186470827,0.005495478098548486,0.9941775836972343,0.06086117421796051
-9.657671950525064,0.005502340307260995,0.9941775836972343,0.06203888732704713
-9.630382036341857,0.005508997491510659,0.9941775836972343,0.06317860969067934
-9.60309212215865,0.005515091810532776,0.9941775836972343,0.06421955611613012
-9.575802207975444,0.005521913832272878,0.9941775836972343,0.06538207292703498
-9.548512293792237,0.005528528990375665,0.9941775836972343,0.06650659899248543
-9.52122237960903,0.005526966246606427,0.992721979621543,0.06760833061066324
-9.493932465425823,0.005534725941796108,0.992721979621543,0.06892281040338573
-9.466642551242618,0.005542417371658906,0.992721979621543,0.07022209389792647
-9.439352637059411,0.005549227013832384,0.992721979621543,0.07136941441064956
-9.412062722876204,0.00555627973668774,0.992721979621543,0.07255472566882708
-9.384772808692997,0.005555782174179074,0.9912663755458515,0.07383121471609516
-9.357482894509792,0.005563225527117661,0.9912663755458515,0.07507731116699971
-9.330192980326585,0.005570461014952721,0.9912663755458515,0.07628541687244987
-9.302903066143378,0.005578126535827791,0.9912663755458515,0.07756190591971796
-9.27561315196017,0.005585217626651576,0.9912663755458515,0.07873961902880458
-9.248323237776964,0.005592740114154313,0.9912663755458515,0.07998571547970915
-9.221033323593758,0.00559973029199181,0.9912663755458515,0.08114063414152313
-9.193743409410551,0.005608538815041755,0.9912663755458515,0.08259188061788149
-9.166453495227344,0.00561681911533037,0.9912663755458515,0.08395194930514926
-9.139163581044137,0.00562503097484017,0.9912663755458515,0.08529682169423529
-9.111873666860932,0.005634711810554535,0.9912663755458515,0.08687723670513862
-9.084583752677725,0.005643256681168427,0.9912663755458515,0.08826769798876993
-9.057293838494518,0.005651874413856637,0.9912663755458515,0.08966575742149212
-9.03000392431131,0.0056610831705390914,0.9912663755458515,0.09115499464330488
-9.002714010128106,0.005668764359204875,0.9912663755458515,0.09239349294511857
-8.975424095944899,0.005669406879991996,0.9898107714701602,0.09382954312329517
-8.948134181761692,0.005676837667487582,0.9898107714701602,0.09502245253056356
-8.920844267578484,0.005676640498942422,0.9883551673944687,0.09632173602510428
-8.89355435339528,0.005685767159879753,0.9883551673944687,0.09778058065055352
-8.866264439212072,0.005687060678756564,0.9868995633187773,0.09931540676691158
-8.838974525028865,0.005696808778799133,0.9868995633187773,0.1008654291814514
-8.811684610845658,0.0056976460389998405,0.9854439592430859,0.10232427380690064
-8.784394696662453,0.005707156285037472,0.9854439592430859,0.10382870732689517
-8.757104782479246,0.005717325946694592,0.9854439592430859,0.10543191678507116
-8.729814868296039,0.0057279195891465655,0.9854439592430859,0.1070959114359742
-8.702524954112832,0.00573007611846678,0.9839883551673945,0.10875230793778635
-8.675235039929625,0.005740635376240903,0.9839883551673945,0.11040110629050763
-8.64794512574642,0.005750548684009051,0.9839883551673945,0.11194353055595657
-8.620655211563212,0.005760447201581567,0.9839883551673945,0.11347835667231462
-8.593365297380005,0.005761204475815744,0.982532751091703,0.11490680870140034
-8.566075383196798,0.005755531039672969,0.9796215429403202,0.11665438299230307
-8.538785469013593,0.005765787376952272,0.9796215429403202,0.11823479800320642
-8.511495554830386,0.005776774448287997,0.9796215429403202,0.11992158710138211
-8.484205640647179,0.005786957418999794,0.9796215429403202,0.1214792076650128
-8.456915726463972,0.005799824195522157,0.9796215429403202,0.12343953013046022
-8.429625812280767,0.0058107909755739555,0.9796215429403202,0.12510352478136327
-8.40233589809756,0.00582205112677884,0.9796215429403202,0.1268055101777207
-8.375045983914353,0.005825747724317295,0.9781659388646288,0.12865945855589578
-8.347756069731146,0.005837589909308871,0.9781659388646288,0.13043742544316206
-8.32046615554794,0.005848971207742924,0.9781659388646288,0.1321394108395195
-8.293176241364733,0.005860396972128231,0.9781659388646288,0.13384139623587693
-8.265886327181526,0.005872380586189419,0.9781659388646288,0.1356193631231432
-8.23859641299832,0.005875708193591888,0.9767103347889374,0.13739733001040946
-8.211306498815114,0.005887049368743365,0.9767103347889374,0.1390689228104034
-8.184016584631907,0.005891042098969507,0.975254730713246,0.14093806748676022
-8.1567266704487,0.005893909626719057,0.9737991266375546,0.14264005288311768
-8.129436756265493,0.005906554598107077,0.9737991266375546,0.14448640311220187
-8.102146842082288,0.005910615217179716,0.9723435225618632,0.14635554778855872
-8.07485692789908,0.005923456177065229,0.9723435225618632,0.14821709431582467
-8.047567013715874,0.005929205113161591,0.9708879184861717,0.15032178161399884
-8.020277099532667,0.005924592851288265,0.9679767103347889,0.15220612258853744
-7.99298718534946,0.005929736198181786,0.9665211062590975,0.15421963209762102
-7.965697271166254,0.005943217213848412,0.9665211062590975,0.1561495619667049
-7.938407356983047,0.005957668254780042,0.9665211062590975,0.1582086603703338
-7.91111744279984,0.005972565774679559,0.9665211062590975,0.16032094581759884
-7.883827528616633,0.005986242460850515,0.9665211062590975,0.16225087568668273
-7.856537614433428,0.006000578368999422,0.9665211062590975,0.1642643851957663
-7.829247700250221,0.006016073062670448,0.9665211062590975,0.16642985768666752
-7.801957786067014,0.006029292920120949,0.9665211062590975,0.16826860976666083
-7.774667871883807,0.006044276143314885,0.9665211062590975,0.17034290446847147
-7.747377957700602,0.006058615277929852,0.9665211062590975,0.17231842323210067
-7.720088043517395,0.006065152360652438,0.9650655021834061,0.17446110127572922
-7.692798129334188,0.006079668415068041,0.9650655021834061,0.1764442181884493
-7.665508215150981,0.006094422178916792,0.9650655021834061,0.178450129548442
-7.638218300967775,0.006110204871575106,0.9650655021834061,0.18058520944297968
-7.610928386784568,0.0061169426374926075,0.9636098981077147,0.18272788748660826
-7.583638472601361,0.006132525544470074,0.9636098981077147,0.18481737848660065
-7.556348558418154,0.006148873325778827,0.9636098981077147,0.18699804727568364
-7.529058644234949,0.006165251080315899,0.9636098981077147,0.18917111791567573
-7.501768730051742,0.0061816008665446535,0.9636098981077147,0.19132899225748606
-7.474478815868535,0.0061809327589436225,0.9606986899563319,0.19368441847565934
-7.447188901685328,0.0061880839476031735,0.9592430858806404,0.19584229281746968
-7.419898987502121,0.006187139789806758,0.9563318777292577,0.19815972829018852
-7.392609073318916,0.006195693237627503,0.9548762736535662,0.20049236006108911
-7.365319159135709,0.006213180276941145,0.9548762736535662,0.2027566084901718
-7.3380292449525015,0.006220913667014911,0.9534206695778749,0.2049676698756183
-7.3107393307692945,0.006238392304395448,0.9534206695778749,0.20720912385742832
-7.283449416586089,0.006247313368677461,0.9519650655021834,0.2095569519265107
-7.256159502402882,0.006265868263473054,0.9519650655021834,0.21191237814468394
-7.228869588219675,0.00628248109972238,0.9519650655021834,0.21400946729376724
-7.201579674036468,0.006291671484179288,0.950509461426492,0.2163648935119405
-7.174289759853263,0.006309788385351242,0.950509461426492,0.21862914194102318
-7.146999845670056,0.006308506308506308,0.9475982532751092,0.22086299777374233
-7.119709931486849,0.006316751051982002,0.9461426491994177,0.2230816573082797
-7.092420017303642,0.006336579611811385,0.9461426491994177,0.22552826131554354
-7.0651301031204365,0.0063576521679593895,0.9461426491994177,0.22811163200644324
-7.0378401889372295,0.006369301732175279,0.9446870451237264,0.23071779714461557
-7.0105502747540225,0.006360834588761213,0.9403202328966521,0.2332479807918791
-6.9832603605708155,0.006379616827967608,0.9403202328966521,0.23551982737005264
-6.95597044638761,0.0063912642812552645,0.9388646288209607,0.23810319806095234
-6.928680532204403,0.006411976976529182,0.9388646288209607,0.24058019466457972
-6.901390618021196,0.006422979105370767,0.9374090247452693,0.24306478941729795
-6.874100703837989,0.0064327660894184496,0.9359534206695779,0.24539742118819854
-6.846810789654782,0.006453296400004014,0.9359534206695779,0.24781363259909886
-6.819520875471577,0.0064549262869572225,0.9330422125181951,0.25034381624636237
-6.79223096128837,0.0064750090912764156,0.9330422125181951,0.25268404616635387
-6.764941047105163,0.0064870562954854145,0.9315866084425036,0.2552446224099809
-6.737651132921956,0.006510019326619876,0.9315866084425036,0.2578887782936077
-6.7103612187387505,0.006523203822046183,0.9301310043668122,0.26055572862450704
-6.683071304555543,0.006535612944201436,0.9286754002911208,0.263123903017225
-6.655781390372336,0.006559399578471187,0.9286754002911208,0.26581364779539707
-6.628491476189129,0.006580508081235238,0.9286754002911208,0.26818427031175207
-6.601201562005924,0.006603734525731793,0.9286754002911208,0.2707752391517426
-6.573911647822717,0.006626368376228163,0.9286754002911208,0.2732826283517335
-6.54662173363951,0.006638805223499494,0.9272197962154294,0.2757900175517244
-6.519331819456303,0.006639342548252859,0.9243085880640466,0.278122649322625
-6.492041905273098,0.006661631102998259,0.9243085880640466,0.28055405703170705
-6.464751991089891,0.006685758807302744,0.9243085880640466,0.2831678203189703
-6.437462076906684,0.006699353311636164,0.9228529839883551,0.28575878915896086
-6.410172162723477,0.006722867292296273,0.9228529839883551,0.28827377650804265
-6.382882248540271,0.006749276102878556,0.9228529839883551,0.2910774935225779
-6.355592334357064,0.006760292625620761,0.9213973799126638,0.2933569382498423
-6.328302420173857,0.006787548654821518,0.9213973799126638,0.2962138423080138
-6.30101250599065,0.0067912262952838105,0.9184861717612809,0.2988200074461861
-6.273722591807443,0.00680441098642358,0.9170305676855895,0.30129700404981347
-6.246432677624238,0.006827566026898443,0.9170305676855895,0.3036828228643502
-6.219142763441031,0.006851996867658575,0.9170305676855895,0.30618261391525026
-6.191852849257824,0.00687825488847401,0.9170305676855895,0.3088495642461496
-6.164562935074617,0.0068911116710671915,0.9155749636098981,0.3112429812097773
-6.137273020891412,0.006914975484268156,0.9155749636098981,0.31363639817340494
-6.109983106708205,0.006938698966365512,0.9155749636098981,0.3159994225406691
-6.082693192524998,0.006954826849175499,0.9141193595342066,0.31868156916975027
-6.055403278341791,0.0069820445828006,0.9141193595342066,0.32135611764974054
-6.028113364158585,0.006997221199236667,0.9126637554585153,0.3239166938933676
-6.000823449975378,0.007014791573285523,0.9112081513828238,0.32669761646063017
-5.973533535792171,0.0070428081228553745,0.9112081513828238,0.3293949593878931
-5.946243621608964,0.007068574203091654,0.9112081513828238,0.3318567596933387
-5.918953707425759,0.007096781507555918,0.9112081513828238,0.334531308173329
-5.891663793242552,0.007101480613185537,0.9082969432314411,0.33709948256604694
-5.864373879059345,0.0071213835830961445,0.9068413391557496,0.34002476996603626
-5.837083964876138,0.007149086569356467,0.9068413391557496,0.3426005425078451
-5.809794050692933,0.007177088613427952,0.9068413391557496,0.3451839131987448
-5.782504136509726,0.007194327816139815,0.9053857350800583,0.34781287278418976
-5.755214222326519,0.007221474016625645,0.9053857350800583,0.35028227123872624
-5.7279243081433115,0.007237424828679315,0.9039301310043668,0.35276686599144447
-5.7006343939601045,0.007258848184702563,0.9024745269286754,0.35573014413688825
-5.673344479776899,0.007290258098653654,0.9024745269286754,0.35852626300233265
-5.646054565593692,0.007284189648658859,0.8981077147016011,0.36109443739505054
-5.618764651410485,0.007316755013222337,0.8981077147016011,0.3639589396023129
-5.591474737227278,0.007348387404125577,0.8981077147016011,0.36671706772230284
-5.564184823044073,0.007365425544634957,0.8966521106259098,0.36921685877320287
-5.536894908860866,0.007395668251452721,0.8966521106259098,0.3718154257622843
-5.509604994677659,0.0074026741256043305,0.893740902474527,0.3744519834968202
-5.482315080494452,0.007422385818763017,0.8922852983988355,0.3771417282749922
-5.455025166311247,0.007453159385752672,0.8922852983988355,0.3797326971149828
-5.4277352521280395,0.0074748091603053434,0.8908296943231441,0.3825516104276998
-5.4004453379448325,0.007469917941295522,0.8864628820960698,0.3851729718640539
-5.3731554237616255,0.007501662930206203,0.8864628820960698,0.387794333300408
-5.34586550957842,0.007535077082972458,0.8864628820960698,0.39052966697312536
-5.318575595395213,0.007553827231050206,0.8850072780203785,0.393052252471298
-5.291285681212006,0.00754910034688428,0.8806404657933042,0.3956660157585612
-5.263995767028799,0.0075831641222330855,0.8806404657933042,0.39840134943127853
-5.236705852845594,0.0076171530733009345,0.8806404657933042,0.40110629050763236
-5.209415938662387,0.007625286106298764,0.8777292576419214,0.40372765194398647
-5.18212602447918,0.007659671764646105,0.8777292576419214,0.4064249948712494
-5.154836110295973,0.007681706819109841,0.87627365356623,0.40912233779851226
-5.127546196112766,0.007704338016613681,0.8748180494905385,0.41185007332213874
-5.1002562819295605,0.0077404564422234815,0.8748180494905385,0.4146157995912196
-5.0729663677463535,0.007747726772987725,0.8719068413391557,0.41711559064211956
-5.045676453563146,0.007755865616961571,0.868995633187773,0.41967616688574666
-5.018386539379939,0.007788649706457926,0.868995633187773,0.42213796719119223
-4.991096625196734,0.007812397593362084,0.8675400291120815,0.42487330086390956
-4.963806711013527,0.007824437536224247,0.8646288209606987,0.42769221417662656
-4.93651679683032,0.00784433038785121,0.8631732168850073,0.4301160237366178
-4.909226882647113,0.007842511730536614,0.858806404657933,0.43286655370751687
-4.881936968463908,0.007877274729969692,0.858806404657933,0.4353891392056895
-4.854647054280701,0.007901161698816838,0.8573508005822417,0.43806368768567977
-4.827357140097494,0.007925703271374462,0.8558951965065502,0.44076862876203354
-4.800067225914287,0.00796348714059347,0.8558951965065502,0.44344317724202387
-4.772777311731081,0.00800141521629676,0.8558951965065502,0.44610252942383233
-4.745487397547874,0.008038387401058115,0.8558951965065502,0.4486707038165503
-4.718197483364667,0.008062854552697004,0.8544395924308588,0.4512920652529044
-4.69090756918146,0.008102027577259113,0.8544395924308588,0.45396661373289465
-4.663617654998255,0.008129066267149416,0.8529839883551674,0.45672474185288464
-4.636327740815048,0.008152401126006856,0.851528384279476,0.4592169347546938
-4.609037826631841,0.008163779703975466,0.8486171761280932,0.4618230998928661
-4.581747912448634,0.008177915405728764,0.8457059679767104,0.4646040224601287
-4.554457998265427,0.008207624600232078,0.8442503639010189,0.46747612281648193
-4.527168084082222,0.00821933392110577,0.8413391557496361,0.4700746898055634
-4.499878169899015,0.008255255941499087,0.8413391557496361,0.4723997234273731
-4.472588255715808,0.008280592988045522,0.8398835516739447,0.4749375052237275
-4.445298341532601,0.008321675296017999,0.8398835516739447,0.4775512685109907
-4.418008427349395,0.008345890807928595,0.8384279475982532,0.4799826762200728
-4.390718513166188,0.008371551284851132,0.8369723435225619,0.4824900654200637
-4.363428598982981,0.008412705379742206,0.8369723435225619,0.48504304351459987
-4.336138684799774,0.008453520339905027,0.8369723435225619,0.4875504327145907
-4.308848770616569,0.008468314022227476,0.834061135371179,0.49023257934367187
-4.281558856433362,0.008491434339835515,0.8326055312954876,0.4925196222200272
-4.254268942250155,0.008473185649287686,0.826783114992722,0.49497382437638193
-4.226979028066948,0.008485248260973854,0.8238719068413392,0.4974736154272819
-4.199689113883743,0.008534121407677694,0.8238719068413392,0.5003761083799987
-4.172399199700536,0.008561254640503068,0.8224163027656477,0.502853104983626
-4.145109285517329,0.008607162987675762,0.8224163027656477,0.5055276534636163
-4.117819371334122,0.008623330474206593,0.8195050946142649,0.5082098000926975
-4.090529457150916,0.008652543416676931,0.8180494905385735,0.5107551800381427
-4.063239542967709,0.008704001982406145,0.8180494905385735,0.5136728692890412
-4.035949628784502,0.008732876712328768,0.8165938864628821,0.5161574640417594
-4.008659714601295,0.008778793189784678,0.8165938864628821,0.5187104421362956
-3.981369800418088,0.008828389330395783,0.8165938864628821,0.5214381776599221
-3.954079886234883,0.008844097079391197,0.8136826783114993,0.5239987539035491
-3.926789972051676,0.008875457292826468,0.8122270742358079,0.5265441338489943
-3.899500057868469,0.008891163207215275,0.8093158660844251,0.5290819156453488
-3.872210143685262,0.00890660921850131,0.8064046579330422,0.5315969029944305
-3.8449202295020566,0.008952811893988364,0.8064046579330422,0.5340359088526035
-3.8176303153188496,0.008980917580186765,0.8049490538573508,0.5363457461762314
-3.7903404011356425,0.008993569026866452,0.8020378457059679,0.538678377947132
-3.7630504869524355,0.00902719648103468,0.8005822416302766,0.54124655233985
-3.7357605727692302,0.009078903928689337,0.8005822416302766,0.5438831100743858
-3.708470658586023,0.009113545816733067,0.7991266375545851,0.5464588826161947
-3.681180744402816,0.009159923250187703,0.7991266375545851,0.5487763180889136
-3.653890830219609,0.009169073688453013,0.7947598253275109,0.551694007339812
-3.626600916036404,0.00922172679367653,0.7947598253275109,0.5542773780307118
-3.599311001853197,0.009272625375745122,0.7947598253275109,0.5567467764852482
-3.57202108766999,0.009292156326865263,0.7918486171761281,0.5593073527288752
-3.544731173486783,0.009342905231339951,0.7918486171761281,0.5617235641397755
-3.5174412593035775,0.009339663357790247,0.7874818049490538,0.5639878125688582
-3.4901513451203705,0.009376302264203362,0.7860262008733624,0.5665103980670309
-3.4628614309371635,0.009414189401613862,0.784570596797671,0.5690709743106579
-3.4355715167539564,0.009466270921512495,0.784570596797671,0.5714643912742856
-3.4082816025707494,0.009466285189502313,0.7802037845705968,0.5738502100888223
-3.380991688387544,0.009484733841317206,0.777292576419214,0.5762740196488135
-3.353701774204337,0.009517517231527446,0.7758369723435226,0.5785382680778962
-3.32641186002113,0.009496625017952032,0.7700145560407569,0.5807721239106154
-3.299121945837923,0.009531374106433678,0.7685589519650655,0.583104755681516
-3.271832031654718,0.009551653380304708,0.7656477438136827,0.5855741541360524
-3.244542117471511,0.009586064600945824,0.7641921397379913,0.5878611970124078
-3.2172522032883037,0.009623684548843872,0.7627365356622998,0.5902698102742172
-3.1899622891050967,0.009663174620771207,0.7612809315866085,0.5927392087287536
-3.1626723749218915,0.009713786891031,0.7612809315866085,0.5948818867723823
-3.1353824607386844,0.00975063042869151,0.759825327510917,0.5971993222451011
-3.1080925465554774,0.009808158433700982,0.759825327510917,0.5995851410596379
-3.0808026323722704,0.009868047941321033,0.759825327510917,0.6020393432159926
-3.053512718189065,0.009911160994540301,0.7583697234352256,0.6045467324159834
-3.026222804005858,0.009964235852123854,0.7583697234352256,0.6066742141614303
-2.998932889822651,0.01001634143996924,0.7583697234352256,0.60874091071415
-2.971642975639444,0.010071525227140924,0.7583697234352256,0.6109063832050512
-2.9443530614562388,0.010106507035683745,0.7569141193595342,0.6130110705032255
-2.9170631472730317,0.010170552339227038,0.7569141193595342,0.615472870808671
-2.8897732330898247,0.010189629396490676,0.7540029112081513,0.6176763340450266
-2.8624833189066177,0.01024707720915511,0.7540029112081513,0.6198418065359278
-2.8351934047234106,0.010306406685236769,0.7540029112081513,0.6220528679213744
-2.8079034905402054,0.01034890005404648,0.75254730713246,0.6243475089468206
-2.7806135763569984,0.010411003040737832,0.75254730713246,0.6266117573759032
-2.7533236621737913,0.010435663627152989,0.7496360989810772,0.6289443891468038
-2.7260337479905843,0.010500774814452328,0.7496360989810772,0.6312694227686135
-2.698743833807379,0.010536241390619875,0.7481804949053857,0.6332373433831519
-2.671453919624172,0.010497009692720148,0.7409024745269287,0.6354332084704166
-2.644164005440965,0.010540293800315379,0.7394468704512372,0.6376594661540449
-2.616874091257758,0.010580133555926545,0.7379912663755459,0.6397489571540372
-2.5895841770745527,0.010621549570729864,0.7365356622998545,0.6418764388994841
-2.5622942628913457,0.01062032853342342,0.7321688500727802,0.6439583317503856
-2.5350043487081386,0.010622477161674103,0.727802037845706,0.6461541968376503
-2.5077144345249316,0.010617162632714533,0.7234352256186317,0.648099323004916
-2.4804245203417246,0.010657956938415918,0.7219796215429404,0.6501660195576358
-2.4531346061585175,0.010720152156998357,0.7219796215429404,0.6522175198121738
-2.425844691975314,0.010781436800347788,0.7219796215429404,0.6542158330230756
-2.398554777792107,0.010842241021269154,0.7219796215429404,0.656176155488523
-2.3712648636089,0.01081960723946078,0.7161572052401747,0.658227655743061
-2.343974949425693,0.010863312535952917,0.7147016011644832,0.6603095485939625
-2.316685035242486,0.010885050307185468,0.7117903930131004,0.6623762451466823
-2.289395121059279,0.010908032074541952,0.7088791848617176,0.6644733342957656
-2.262105206876072,0.010971186555227646,0.7088791848617176,0.6664260586121221
-2.234815292692865,0.010970081595648232,0.7045123726346434,0.6684471662702965
-2.207525378509658,0.011015325670498084,0.7030567685589519,0.6705062646739254
-2.1802354643264543,0.011009426821716094,0.6986899563318777,0.6723754093502823
-2.1529455501432473,0.011076241462063874,0.6986899563318777,0.6743737225611841
-2.1256556359600403,0.01114076824881049,0.6986899563318777,0.6762808579829953
-2.0983657217768332,0.011213119349639077,0.6986899563318777,0.6783931434302604
-2.071075807593626,0.011286947115949866,0.6986899563318777,0.6805206251757072
-2.043785893410419,0.011353959693443088,0.6986899563318777,0.6824277605975184
-2.016495979227212,0.011426666984074083,0.6986899563318777,0.6844716627029656
-1.989206065044005,0.011447730810681355,0.6957787481804949,0.686371199975686
-1.9619161508608016,0.011448265888987973,0.6914119359534207,0.688354316888406
-1.9346262366775946,0.011499551177854873,0.6899563318777293,0.6904134152920348
-1.9073363224943876,0.011533010799980453,0.6870451237263464,0.6926244766774814
-1.8800464083111805,0.01155500921942225,0.6841339155749636,0.6945164158011109
-1.8527564941279735,0.011526949810770029,0.6783114992721979,0.6963703641792859
-1.8254665799447665,0.011504270524664458,0.6724890829694323,0.6983762755392786
-1.7981766657615594,0.011525933350037584,0.6695778748180495,0.7002530183647263
-1.7708867515783524,0.011599757918095623,0.6695778748180495,0.7021829482338102
-1.743596837395149,0.011600162453040918,0.6652110625909753,0.7041356725501667
-1.716306923211942,0.011630284750268392,0.6622998544395924,0.7062023691028866
-1.6890170090287349,0.011660531802620402,0.6593886462882096,0.7082614675065154
-1.6617270948455278,0.011744270455252516,0.6593886462882096,0.7103661548046896
-1.6344371806623208,0.011802182881612618,0.6579330422125182,0.7124404495065002
-1.6071472664791138,0.011750788643533122,0.6506550218340611,0.7143627812264932
-1.5798573522959067,0.011766572357809566,0.6477438136826783,0.7160267758773963
-1.5525674381126997,0.01176251430396253,0.6433770014556041,0.717842733510117
-1.5252775239294927,0.011816403633343159,0.6419213973799127,0.7197802615282917
-1.4979876097462892,0.011864955236759789,0.6404657933042213,0.7215734247137398
-1.4706976955630822,0.011879254698814786,0.6375545851528385,0.7231766341719157
-1.4434077813798751,0.011923601637107777,0.636098981077147,0.7248482269719096
-1.416117867196668,0.011891684060199935,0.6302765647743813,0.7266261938591759
-1.388827953013461,0.011977207346758133,0.6302765647743813,0.728601712622805
-1.361538038830254,0.01194420469415597,0.6244541484716157,0.7303568850627987
-1.334248124647047,0.011967824210319796,0.6215429403202329,0.7321500482482467
-1.30695821046384,0.01201252009136283,0.6200873362445415,0.7337836503027863
-1.2796682962806365,0.012062212635522507,0.61863173216885,0.7355160282955072
-1.2523783820974295,0.012110825478434733,0.6171761280931587,0.7372104155427738
-1.2250884679142224,0.012159015780850269,0.6157205240174672,0.7388820083427677
-1.1977985537310154,0.012207822263364962,0.6142649199417758,0.7405536011427616
-1.1705086395478084,0.012257613695918011,0.6128093158660844,0.7422327920918464
-1.1432187253646013,0.012304807664137345,0.611353711790393,0.7438435996991133
-1.1159288111813943,0.012323839849047703,0.6084425036390102,0.745462005455471
-1.0886388969981873,0.012406505995488544,0.6084425036390102,0.7471791871500103
-1.0613489828149802,0.012465249753385347,0.6069868995633187,0.7489875466336401
-1.0340590686317768,0.012517678211416363,0.6055312954876274,0.750651541284543
-1.0067691544485697,0.012567379322875659,0.604075691411936,0.7522471525936282
-0.9794792402653627,0.012597224340399574,0.6011644832605532,0.7540327176299854
-0.9521893260821557,0.012695582674986935,0.6011644832605532,0.7559626474990693
-0.9248994118989486,0.012755023064301416,0.5997088791848617,0.757702623640881
-0.8976094977157416,0.0127785569580801,0.5967976710334789,0.7593286275463297
-0.8703195835325346,0.0128,0.5938864628820961,0.760909042557233
-0.8430296693493275,0.012794591520818854,0.5895196506550219,0.7625654390590452
-0.8157397551661241,0.012853961183582565,0.5880640465793304,0.7642598263063117
-0.788449840982917,0.012878423834694858,0.5851528384279476,0.7658782320626696
-0.76115992679971,0.012899896800825593,0.5822416302765647,0.7674358526263002
-0.733870012616503,0.012989543417548873,0.5822416302765647,0.7690618565317489
-0.7065800984332959,0.013046890327643713,0.5807860262008734,0.7706650659899249
-0.6792901842500889,0.013098137300072402,0.5793304221251819,0.7721467050626467
-0.6520002700668819,0.01304419798046681,0.5735080058224163,0.7734915774517328
-0.6247103558836749,0.013095198427243344,0.5720524017467249,0.7749580202262729
-0.5974204417004714,0.01313893078598961,0.5705967976710334,0.7762876963171771
-0.5701305275172643,0.013222248456842176,0.5705967976710334,0.7777161483462629
-0.5428406133340573,0.013283506030236113,0.5691411935953421,0.7793193578044388
-0.5155506991508503,0.013339261894175189,0.5676855895196506,0.7808161931753425
-0.48826078496764325,0.01338978383588049,0.5662299854439592,0.7822142526080647
-0.4609708707844362,0.013471394930045713,0.5662299854439592,0.7835515268480598
-0.4336809566012292,0.013529534835065207,0.5647743813682679,0.7850483622189635
-0.40639104241802215,0.013516834603096583,0.5604075691411936,0.7865072068444127
-0.3791011282348151,0.01350634656861012,0.5560407569141194,0.7880040422153164
-0.35181121405161164,0.013562580093976933,0.5545851528384279,0.7894476905425838
-0.3245212998684046,0.013622512995160423,0.5531295487627366,0.7909369277643966
-0.2972313856851976,0.013666522428962932,0.5516739446870451,0.7921678279171194
-0.26994147150199055,0.013718516367859476,0.5502183406113537,0.7935127003062054
-0.24265155731878352,0.013741183349778899,0.5473071324599709,0.794948750484382
-0.21536164313557649,0.013800971588399824,0.5458515283842795,0.7963923988116495
-0.18807172895236945,0.013894549631331283,0.5458515283842795,0.7977828600952808
-0.16078181476916242,0.013883187161783914,0.5414847161572053,0.7992341065716392
-0.13349190058595894,0.013925903682294209,0.5400291120815138,0.800396623382544
-0.10620198640275191,0.013941889900630975,0.537117903930131,0.8017035050261756
-0.07891207221954488,0.013996652974288757,0.5356622998544396,0.803025582967989
-0.05162215803633785,0.014085585240756334,0.5356622998544396,0.8042868757170754
-0.02433224385313082,0.014136589499634067,0.5342066957787481,0.8055329721679799
0.002957670330076212,0.014125499631339982,0.529839883551674,0.8069690223461565
0.030247584513283243,0.014209868831980013,0.529839883551674,0.8081315391570614
0.057537498696490275,0.014198623402163225,0.5254730713245997,0.8095599911861471
0.0848274128796973,0.014212755849400214,0.5225618631732168,0.8108060876370516
0.11211732706290078,0.014310200502252162,0.5225618631732168,0.8121129692806832
0.13940724124610782,0.0143333199502148,0.519650655021834,0.8134654398188601
0.16669715542931485,0.014437659238888664,0.519650655021834,0.8148331066552188
0.19398706961252188,0.014464409403903353,0.5167394468704513,0.8162159697897592
0.2212769837957289,0.014527248850952069,0.5152838427947598,0.8175380477315726
0.24856689797893594,0.014555077737347006,0.512372634643377,0.818920910866113
0.275856812162143,0.014616473723661198,0.5109170305676856,0.8202049980624719
0.30314672634535,0.014712662950077546,0.5109170305676856,0.8213979074697404
0.3304366405285535,0.014762949215454698,0.5094614264919942,0.8225224335351908
0.3577265547117605,0.014817016218052136,0.5080058224163028,0.8236849503460957
0.38501646889496755,0.014866077149814173,0.5065502183406113,0.8247790838151826
0.4123063830781746,0.014978694098911031,0.5065502183406113,0.8261163580551778
0.4395962972613816,0.015001083893344895,0.5036390101892285,0.8273776508042641
0.46688621144458864,0.015066160094327263,0.5021834061135371,0.8286313454042595
0.49417612562779567,0.015086206896551725,0.4992721979621543,0.8298546474078914
0.5214660398110027,0.015158230653310876,0.4978165938864629,0.831169127200614
0.5487559539942062,0.015169767545620844,0.4949053857350801,0.8322860551169735
0.5760458681774132,0.015277465738036396,0.4949053857350801,0.8334865626733328
0.6033357823606202,0.0152530098669322,0.49053857350800584,0.834687070229692
0.6306256965438273,0.015350277853694088,0.49053857350800584,0.8357508111024154
0.6579156107270343,0.015413551080324786,0.4890829694323144,0.8369209260624112
0.6852055249102413,0.015442230338896851,0.4861717612809316,0.8381974151096793
0.7124954390934484,0.015520857608948963,0.4847161572052402,0.8395118949024017
0.7397853532766554,0.015535529897681404,0.48180494905385735,0.8406288228187614
0.7670752674598624,0.015599149137319782,0.48034934497816595,0.8417685451823935
0.7943651816430659,0.01569634703196347,0.48034934497816595,0.842763902713299
0.8216550958262729,0.015765010302362357,0.47889374090247455,0.8439340176732948
0.84894501000948,0.0157487922705314,0.4745269286754003,0.8451953104223812
0.876234924192687,0.01582663744825907,0.47307132459970885,0.8464414068732856
0.903524838375894,0.015939185875429134,0.47307132459970885,0.8475431384914635
0.9308147525591011,0.015978233984664855,0.47016011644832606,0.8488576182841859
0.9581046667423081,0.01600917659967084,0.4672489082969432,0.8500885184369088
0.9853945809255151,0.015959048479373683,0.462882096069869,0.8510154926259963
1.0126844951087186,0.01604575825065803,0.46142649199417757,0.8522995798223553
1.0399744092919256,0.016054227613271493,0.4585152838427948,0.8533101336514425
1.0672643234751327,0.016135662898252825,0.4570596797671033,0.8545258375059835
1.0945542376583397,0.016098975049176935,0.45269286754002913,0.8555819802296161
1.1218441518415467,0.016179540709812108,0.4512372634643377,0.8567748896368844
1.1491340660247538,0.016179019803540473,0.4483260553129549,0.8576942656768811
1.1764239802079608,0.016242526850431194,0.4468704512372635,0.8587200158041501
1.2037138943911678,0.016366350357180936,0.4468704512372635,0.8598065511241462
1.2310038085743749,0.0163784770701321,0.44395924308588064,0.8608247031023243
1.2582937227575783,0.016496295094380442,0.44395924308588064,0.8618352569314115
1.2855836369407854,0.01657307964891239,0.44250363901018924,0.8629369885495893
1.3128735511239924,0.01664377918154353,0.4410480349344978,0.86397793497504
1.3401634653071994,0.01675792268126763,0.4410480349344978,0.8649201054623094
1.3674533794904065,0.01683013820775747,0.4395924308588064,0.8659534537386693
1.3947432936736135,0.016797752808988764,0.43522561863173215,0.8670247927604835
1.4220332078568205,0.01687142614504897,0.43377001455604075,0.8680581410368434
1.4493231220400276,0.016835016835016835,0.4294032023289665,0.8690990874622941
1.476613036223231,0.016840048278636704,0.4264919941775837,0.8700260616513817
1.503902950406438,0.016910870446516478,0.42503639010189226,0.8710214191822871
1.531192864589645,0.016985757646509458,0.42358078602620086,0.8720395711604653
1.5584827787728521,0.01688731979994116,0.4177583697234352,0.8730501249895526
1.5857726929560592,0.016889889771245704,0.4148471615720524,0.8739543047313675
1.6130626071392662,0.01697143540098004,0.413391557496361,0.875010447455
1.6403525213224732,0.017086817880993924,0.413391557496361,0.8758690383022696
1.6676424355056803,0.01713801247501968,0.4119359534206696,0.8766820402549939
1.6949323496888837,0.017204563479958513,0.4104803493449782,0.8776014162949906
1.7222222638720908,0.01726044226044226,0.4090247452692867,0.8784372126949875
1.7495121780552978,0.01732244493937144,0.40756914119359533,0.8793109998404389
1.7768020922385048,0.01732626986600187,0.40465793304221254,0.880199983284072
1.8040920064217119,0.01739512685254961,0.4032023289665211,0.8811117611749778
1.831381920604919,0.01735275490816973,0.3988355167394469,0.8821071187058832
1.858671834788126,0.017455242966751917,0.39737991266375544,0.8832392429204245
1.885961748971333,0.017519000386448536,0.39592430858806404,0.8840978337676942
1.91325166315454,0.017631425422959746,0.39592430858806404,0.8848500505276915
1.9405415773377435,0.017628623661530427,0.3930131004366812,0.8856782487785976
1.9678314915209505,0.01764783353088371,0.3901018922852984,0.8866508118622304
1.9951214057041575,0.017702048664058875,0.388646288209607,0.8874258230695002
2.0224113198873646,0.017844015237586046,0.388646288209607,0.888337600960406
2.0497012340705716,0.017880035085351867,0.38573508005822416,0.8894013418331295
2.0769911482537786,0.018030890657957405,0.38573508005822416,0.8903435123203988
2.1042810624369856,0.018098306711455407,0.38427947598253276,0.8911717105713048
2.1315709766201927,0.018180561316189687,0.38282387190684136,0.8920834884622106
2.158860890803396,0.018118466898954706,0.3784570596797671,0.8929420793094802
2.186150804986603,0.018121795322048183,0.37554585152838427,0.8937854738585681
2.2134407191698102,0.018175388967468176,0.37409024745269287,0.8945148961712927
2.2407306333530173,0.018227305218012867,0.37117903930131,0.8956394222367431
2.2680205475362243,0.018147774737145326,0.36681222707423583,0.8964068352949222
2.2953104617194313,0.01808804300450385,0.3624454148471616,0.8972958187385552
2.3226003759026383,0.01824443141852286,0.3624454148471616,0.8981924003312793
2.3498902900858454,0.01838859759249686,0.3624454148471616,0.8990054022840036
2.377180204269049,0.018543342269883824,0.3624454148471616,0.8998639931312732
2.404470118452256,0.018549113848002403,0.35953420669577874,0.9006997895312702
2.431760032635463,0.01868663943107883,0.35953420669577874,0.9014444081421765
2.45904994681867,0.018535469107551487,0.3537117903930131,0.9022346156476282
2.486339861001877,0.018685121107266434,0.3537117903930131,0.9030324213021708
2.513629775185084,0.01868506745231819,0.3508005822416303,0.9038302269567133
2.540919689368291,0.018612653476186753,0.34643377001455605,0.9046508270585285
2.568209603551498,0.018667296786389415,0.34497816593886466,0.9053346604767079
2.595499517734705,0.018565534750872737,0.3406113537117904,0.9060108957457963
2.6227894319179086,0.01861319699632529,0.33915574963609896,0.9066567384185212
2.6500793461011156,0.018708168696072898,0.33770014556040756,0.9075381237130635
2.6773692602843226,0.018870993980803646,0.33770014556040756,0.9083511256657878
2.7046591744675297,0.018880315219175832,0.33478893740902477,0.9091869220657848
2.7319490886507367,0.018972659486329743,0.3333333333333333,0.9100303166148727
2.7592390028339437,0.019025367156208277,0.3318777292576419,0.9106761592875975
2.7865289170171508,0.019195150698770837,0.3318777292576419,0.911481563091231
2.813818831200358,0.01937622163678083,0.3318777292576419,0.9123249576403188
2.8411087453835613,0.019540623928693865,0.3318777292576419,0.9130771744003161
2.8683986595667683,0.019687419048441412,0.3318777292576419,0.9137382133712227
2.8956885737499753,0.019650465176941134,0.3289665211062591,0.9143308690003116
2.9229784879331824,0.019736842105263157,0.32751091703056767,0.9150906839093996
2.9502684021163894,0.01991150442477876,0.32751091703056767,0.9158504988184878
2.9775583162995964,0.02,0.3260553129548763,0.916602715578485
3.0048482304828035,0.020165646380986675,0.3260553129548763,0.9173017452948462
3.0321381446660105,0.02012145382035711,0.3231441048034934,0.9178564101784805
3.0594280588492175,0.020259171381638984,0.3231441048034934,0.9184262713602966
3.086717973032421,0.02041191614564178,0.3231441048034934,0.9190493195857489
3.114007887215628,0.020411950269066618,0.32023289665211063,0.9197787418984735
3.141297801398835,0.020469202729227032,0.31877729257641924,0.9203713975275623
3.168587715582042,0.020623410867313306,0.31877729257641924,0.9209792494548328
3.195877629765249,0.020760261636174046,0.31877729257641924,0.9215111198911945
3.223167543948456,0.020839307905553963,0.3173216885007278,0.9221721588621012
3.250457458131663,0.020913646877409407,0.3158660844250364,0.9228104033857353
3.2777473723148702,0.02099125364431487,0.314410480349345,0.9234562460584601
3.3050372864980737,0.02116609505144537,0.314410480349345,0.924102088731185
3.3323272006812807,0.021324908678053114,0.314410480349345,0.9246795480620921
3.3596171148644878,0.02141434262948207,0.3129548762736536,0.9253481851820896
3.386907029047695,0.021402733118971062,0.31004366812227074,0.9260016260039055
3.414196943230902,0.021487938374214473,0.30858806404657935,0.9266474686766304
3.441486857414109,0.02167245961970967,0.30858806404657935,0.9272857132002644
3.468776771597316,0.021768286392241824,0.3071324599708879,0.927954350320262
3.496066685780523,0.021730089415678937,0.3042212518195051,0.9285090152038963
3.5233565999637264,0.021786948779721378,0.3027656477438137,0.929040885640258
3.5506465141469334,0.02181013591823833,0.30131004366812225,0.9294587838402565
3.5779364283301405,0.02186836518046709,0.29985443959243085,0.9299906542766182
3.6052263425133475,0.021939212328767124,0.29839883551673946,0.9305605154584343
3.6325162566965545,0.02188679245283019,0.2954876273653566,0.9310695914475234
3.6598061708797616,0.021939828391441294,0.2940320232896652,0.9315786674366124
3.6870960850629686,0.022107912881689833,0.2940320232896652,0.9321105378729742
3.7143859992461756,0.0222663139329806,0.2940320232896652,0.9326044175638815
3.7416759134293827,0.022340780260086696,0.2925764192139738,0.9331666805966067
3.768965827612586,0.02239140170174653,0.29112081513828236,0.9336529621384231
3.796255741795793,0.022244805781391146,0.2867540029112082,0.9342076270220574
3.823545655979,0.0223183785014803,0.2852983988355167,0.9347622919056918
3.8508355701622072,0.022349570200573064,0.2838427947598253,0.9351877882547811
3.8781254843454143,0.022548566142460685,0.2838427947598253,0.935772845734779
3.9054153985286213,0.02267705547156646,0.2838427947598253,0.9361451550402322
3.9327053127118283,0.022759267949319567,0.2823871906841339,0.9367074180729574
3.9599952268950354,0.022832130604519104,0.28093158660844253,0.9372392885093191
3.987285141078239,0.02292537313432836,0.2794759825327511,0.937824345989317
4.014575055261446,0.023101913127180844,0.2794759825327511,0.9383106275311334
4.041864969444653,0.0232670867668444,0.2794759825327511,0.9387589183274955
4.06915488362786,0.02346901356802347,0.2794759825327511,0.939298386912948
4.096444797811067,0.023310310804144054,0.27510917030567683,0.9398302573493097
4.123734711994274,0.023241362167536663,0.27219796215429404,0.9402861462947626
4.151024626177481,0.02346004265462301,0.27219796215429404,0.9408560074765787
4.178314540360688,0.023670886075949367,0.27219796215429404,0.9413954760620313
4.205604454543895,0.023742660199131987,0.27074235807860264,0.9418893557529386
4.232894368727099,0.023956723338485315,0.27074235807860264,0.9424212261893002
4.260184282910306,0.024063475546305932,0.2692867540029112,0.9429910873711164
4.287474197093513,0.024281401758760993,0.2692867540029112,0.9435153596583872
4.31476411127672,0.024196747322491077,0.2663755458515284,0.9439256597092948
4.342054025459927,0.024429315178213857,0.2663755458515284,0.9444727264438383
4.369343939643134,0.0246133154001345,0.2663755458515284,0.9448982227929277
4.396633853826341,0.0248371335504886,0.2663755458515284,0.9454072987820167
4.423923768009548,0.025054764512595838,0.2663755458515284,0.9458935803238331
4.451213682192751,0.025,0.26346433770014555,0.9463646655674678
4.478503596375958,0.02508011704054619,0.26200873362445415,0.9468357508111024
4.505793510559165,0.025312895513992406,0.26200873362445415,0.9473372286511006
4.533083424742372,0.02553191489361702,0.26200873362445415,0.9478007157456444
4.560373338925579,0.02546130739522243,0.2590975254730713,0.9482338102438246
4.587663253108786,0.025574338968357174,0.2576419213973799,0.9487580825310954
4.6149531672919935,0.02565597667638484,0.2561863173216885,0.9492139714765483
4.6422430814752005,0.025561921551344204,0.25327510917030566,0.9496014770801833
4.669532995658404,0.025781597273670173,0.25327510917030566,0.9500421697274544
4.696822909841611,0.025970149253731343,0.25327510917030566,0.9504144790329075
4.724112824024818,0.02604637157482686,0.25181950509461426,0.9508475735310878
4.751402738208025,0.025916944528645045,0.24890829694323144,0.9511666957929048
4.778692652391232,0.02613080684596577,0.24890829694323144,0.9515769958438125
4.805982566574439,0.026234567901234566,0.24745269286754004,0.952055679236538
4.833272480757646,0.026291225886745487,0.24599708879184862,0.952443184840173
4.860562394940853,0.026191969887076536,0.2430858806404658,0.952823092294717
4.88785230912406,0.026440785307156427,0.2430858806404658,0.9532789812401699
4.915142223307264,0.026651771465049472,0.2430858806404658,0.9536588886947139
4.942432137490471,0.026705276705276705,0.24163027656477437,0.9540311980001671
4.969722051673678,0.026755310523755474,0.24017467248908297,0.9543959091565295
4.997011965856885,0.026951976478275075,0.24017467248908297,0.9547378258656192
5.024301880040092,0.027009222661396576,0.23871906841339155,0.9551101351710723
5.051591794223299,0.02702702702702703,0.23726346433770015,0.9554140611347076
5.078881708406506,0.027252967731148638,0.23726346433770015,0.9557939685892517
5.106171622589713,0.027286508337544216,0.23580786026200873,0.9561206890001596
5.133461536772916,0.027504244482173174,0.23580786026200873,0.956477802007431
5.160751450956123,0.02773972602739726,0.23580786026200873,0.956857709461975
5.1880413651393305,0.02799861735222952,0.23580786026200873,0.9572680095128827
5.2153312793225375,0.028203342618384402,0.23580786026200873,0.9575871317746997
5.2426211935057445,0.028401122019635343,0.23580786026200873,0.9578910577383349
5.2699111076889515,0.028591599011648428,0.23580786026200873,0.9581797874037884
5.297201021872159,0.02884101833719067,0.23580786026200873,0.9585520967092416
5.324490936055366,0.029027056083139224,0.23580786026200873,0.9588256300765133
5.351780850238573,0.02926829268292683,0.23580786026200873,0.9591751449346939
5.379070764421776,0.029508196721311476,0.23580786026200873,0.9595170616437836
5.406360678604983,0.029724770642201834,0.23580786026200873,0.9598209876074189
5.43365059278819,0.029983342587451417,0.23580786026200873,0.9601781006146902
5.460940506971397,0.030269058295964126,0.23580786026200873,0.9605656062183252
5.488230421154604,0.02993222891566265,0.2314410480349345,0.9608467377346879
5.515520335337811,0.03017650408047068,0.2314410480349345,0.9611734581455957
5.542810249521018,0.030239234449760767,0.22998544395924309,0.9615001785565036
5.570100163704225,0.030314732573855956,0.22852983988355166,0.9618420952655933
5.597390077887429,0.03051506316812439,0.22852983988355166,0.9621004323346832
5.624679992070636,0.03058223877671045,0.22707423580786026,0.9624271527455912
5.651969906253843,0.03082394783639597,0.22707423580786026,0.9627310787092265
5.67925982043705,0.03110667996011964,0.22707423580786026,0.9630805935674069
5.706549734620257,0.031143258991360258,0.22561863173216884,0.9633617250837696
5.733839648803464,0.03145292207792208,0.22561863173216884,0.9637340343892228
5.761129562986671,0.0316908607646698,0.22561863173216884,0.9640151659055854
5.788419477169878,0.03190613421160972,0.22561863173216884,0.9642659048255845
5.8157093913530815,0.0319634703196347,0.22416302765647744,0.9645622326401289
5.8429993055362885,0.032157026519106284,0.22416302765647744,0.9647825789637644
5.870289219719496,0.032271672642902344,0.22270742358078602,0.9651396919710359
5.897579133902703,0.03251168720781981,0.22270742358078602,0.9654056271892167
5.92486904808591,0.032520325203252036,0.22125181950509462,0.965641169811034
5.952158962269117,0.03255713669685209,0.2197962154294032,0.9659071050292148
5.979448876452324,0.03275488069414317,0.2197962154294032,0.9661198532037596
6.006738790635531,0.03304880717881375,0.2197962154294032,0.9664313773164857
6.034028704818738,0.033171163202122954,0.2183406113537118,0.9667808921746662
6.061318619001941,0.033251506360187456,0.21688500727802038,0.9670848181383015
6.088608533185148,0.033363390441839495,0.21542940320232898,0.9674191366983003
6.115898447368355,0.03365931316806914,0.21542940320232898,0.9677154645128446
6.143188361551562,0.033875028610666054,0.21542940320232898,0.9679282126873894
6.170478275734769,0.03418013856812933,0.21542940320232898,0.9682245405019337
6.197768189917976,0.03438661710037175,0.21542940320232898,0.9684220923782967
6.225058104101183,0.03443429374560787,0.21397379912663755,0.9686804294473866
6.2523480182843905,0.03464529813810983,0.21397379912663755,0.9688779813237496
6.279637932467594,0.03490857278556162,0.21397379912663755,0.9691211220946577
6.306927846650801,0.035184298707515556,0.21397379912663755,0.9693718610146568
6.334217760834008,0.03545586107091172,0.21397379912663755,0.969615001785565
6.361507675017215,0.03523693803159174,0.21106259097525473,0.9698353481092006
6.388797589200422,0.03548702887909937,0.21106259097525473,0.9700556944328361
6.416087503383629,0.03572308450357231,0.21106259097525473,0.97026084445829
6.443377417566836,0.03604275416355953,0.21106259097525473,0.9705343778255617
6.470667331750043,0.035562233909341344,0.2066957787481805,0.9707395278510155
6.49795724593325,0.03580433686333838,0.2066957787481805,0.9709446778764693
6.525247160116454,0.03609557702084393,0.2066957787481805,0.9711878186473775
6.552537074299661,0.03622816032887975,0.2052401746724891,0.9714993427601036
6.579826988482868,0.03602903058579575,0.20232896652110627,0.9717424835310119
6.607116902666075,0.03631138975966562,0.20232896652110627,0.9719704280037383
6.634406816849282,0.03656932386214154,0.20232896652110627,0.9721755780291921
6.661696731032489,0.0368114406779661,0.20232896652110627,0.9723655317564641
6.688986645215696,0.037037037037037035,0.20232896652110627,0.9725402891855544
6.716276559398903,0.03700724054706356,0.20087336244541484,0.9727150466146447
6.743566473582106,0.03732756288882878,0.20087336244541484,0.9729581873855528
6.770856387765313,0.03760217983651226,0.20087336244541484,0.9731633374110067
6.79814630194852,0.03788086741696404,0.20087336244541484,0.9733684874364604
6.8254362161317275,0.037866224433388614,0.19941775836972345,0.9735508430146417
6.8527261303149345,0.03806612948041123,0.19941775836972345,0.9736952078473684
6.8800160444981415,0.03832167832167832,0.19941775836972345,0.9738775634255495
6.907305958681349,0.03861330326944758,0.19941775836972345,0.9740827134510034
6.934595872864556,0.03826530612244898,0.1965065502183406,0.9742194801346392
6.961885787047759,0.038527397260273974,0.1965065502183406,0.9744018357128204
6.989175701230966,0.037920137891410514,0.19213973799126638,0.974553798694638
7.016465615414173,0.038117239387814035,0.19213973799126638,0.9746905653782738
7.04375552959738,0.03841676367869616,0.19213973799126638,0.9748957154037277
7.071045443780587,0.03874376284120928,0.19213973799126638,0.9751160617273632
7.098335357963794,0.03892657033323503,0.19213973799126638,0.9752376321128173
7.125625272147001,0.03889548693586698,0.19068413391557495,0.9754047913928167
7.152915186330208,0.039186359557283876,0.19068413391557495,0.9755947451200887
7.180205100513415,0.0393984962406015,0.19068413391557495,0.9757315118037246
7.207495014696619,0.039696969696969696,0.19068413391557495,0.9759214655309967
7.234784928879826,0.040024442407577146,0.19068413391557495,0.9761266155564504
7.262074843063033,0.04030769230769231,0.19068413391557495,0.9763013729855408
7.28936475724624,0.04033509152963078,0.18922852983988356,0.9764989248619036
7.316654671429447,0.0405616224648986,0.18922852983988356,0.9766356915455395
7.343944585612654,0.04081632653061224,0.18922852983988356,0.9767876545273572
7.371234499795861,0.0411522633744856,0.18922852983988356,0.9769852064037201
7.398524413979068,0.041401273885350316,0.18922852983988356,0.9771295712364468
7.4258143281622715,0.04178720668595307,0.18922852983988356,0.9773499175600824
7.4531042423454785,0.04215304798962387,0.18922852983988356,0.9775550675855361
7.480394156528686,0.042525351651946354,0.18922852983988356,0.97776021761099
7.507684070711893,0.042791310072416065,0.18922852983988356,0.9779045824437167
7.5349739848951,0.04301786896095301,0.18922852983988356,0.9780261528291708
7.562263899078307,0.043,0.18777292576419213,0.9781857139600794
7.589553813261514,0.04333221363789049,0.18777292576419213,0.9783604713891696
7.616843727444721,0.0436105476673428,0.18777292576419213,0.9785048362218963
7.644133641627928,0.0439074200136147,0.18777292576419213,0.978656799203714
7.671423555811131,0.04420836189170665,0.18777292576419213,0.9788087621855316
7.698713469994338,0.044605809128630707,0.18777292576419213,0.9790063140618945
7.726003384177545,0.044822793606671296,0.18777292576419213,0.9791126881491669
7.753293298360752,0.04518388791593695,0.18777292576419213,0.9792874455782571
7.780583212543959,0.044844632768361585,0.1848617176128093,0.9794470067091656
7.807873126727166,0.045051436679673644,0.1848617176128093,0.9795457826473472
7.835163040910373,0.04498393430917529,0.18340611353711792,0.9796749511818921
7.86245295509358,0.04507753335737468,0.1819505094614265,0.9798801012073459
7.889742869276784,0.04504177261169633,0.1804949053857351,0.9800244660400727
7.917032783459991,0.045271997079225995,0.1804949053857351,0.980130840127345
7.944322697643198,0.04552129221732746,0.1804949053857351,0.9802448123637082
7.971612611826405,0.04580716660509789,0.1804949053857351,0.9803739808982532
7.998902526009612,0.046096654275092935,0.1804949053857351,0.9805031494327981
8.026192440192819,0.04637247569184742,0.1804949053857351,0.9806247198182523
8.053482354376026,0.046686746987951805,0.1804949053857351,0.9807614865018881
8.080772268559233,0.046898638426626324,0.1804949053857351,0.9808526642909787
8.108062182742437,0.047058823529411764,0.1804949053857351,0.9809210476327966
8.135352096925644,0.04729214340198322,0.1804949053857351,0.9810198235709781
8.16264201110885,0.04752778842468379,0.1804949053857351,0.9811185995091596
8.189931925292058,0.047784200385356454,0.1804949053857351,0.9812249735964319
8.217221839475265,0.04809930178432894,0.1804949053857351,0.9813541421309769
8.244511753658472,0.048380803745610615,0.1804949053857351,0.9814681143673402
8.271801667841679,0.0487229862475442,0.1804949053857351,0.981604881050976
8.299091582024886,0.048278591214879304,0.17758369723435224,0.9817264514364301
8.326381496208093,0.04856687898089172,0.17758369723435224,0.9818404236727933
8.353671410391296,0.04889779559118237,0.17758369723435224,0.9819695922073383
8.380961324574503,0.04911433172302738,0.17758369723435224,0.982053171847338
8.40825123875771,0.04929292929292929,0.17758369723435224,0.9821215551891559
8.435541152940917,0.04965404965404965,0.17758369723435224,0.9822583218727918
8.462831067124124,0.04991816693944354,0.17758369723435224,0.9823570978109732
8.490120981307332,0.05024711696869852,0.17758369723435224,0.9824786681964274
8.517410895490539,0.05060141020323517,0.17758369723435224,0.9826078367309723
8.544700809673746,0.05085452271779908,0.17758369723435224,0.9826990145200629
8.571990723856949,0.051110180142438205,0.17758369723435224,0.9827901923091535
8.599280638040156,0.05143338954468803,0.17758369723435224,0.9829041645455168
8.626570552223363,0.051607445008460234,0.17758369723435224,0.9829649497382438
8.65386046640657,0.05155517682147422,0.17612809315866085,0.9830865201236979
8.681150380589777,0.051590713671539126,0.17467248908296942,0.9832384831055155
8.708440294772984,0.05108225108225108,0.1717612809315866,0.9833448571927879
8.735730208956191,0.051371353939921635,0.1717612809315866,0.9834436331309693
8.763020123139398,0.05164113785557987,0.1717612809315866,0.9835348109200599
8.790310037322605,0.051822573561704,0.1717612809315866,0.9835955961127869
8.817599951505809,0.051655629139072845,0.1703056768558952,0.9836791757527866
8.844889865689016,0.052,0.1703056768558952,0.9837931479891499
8.872179779872223,0.052372426141450316,0.1703056768558952,0.983914718374604
8.89946969405543,0.05256064690026954,0.1703056768558952,0.983975503567331
8.926759608238637,0.052917232021709636,0.1703056768558952,0.9840894758036942
8.954049522421844,0.05320600272851296,0.1703056768558952,0.9841806535927848
8.981339436605051,0.053620531622364805,0.1703056768558952,0.9843098221273298
9.008629350788258,0.05335786568537258,0.16885007278020378,0.984363009170966
9.035919264971461,0.05382830626450116,0.16885007278020378,0.9845073740036927
9.063209179154669,0.05415499533146592,0.16885007278020378,0.9846061499418741
9.090499093337876,0.053939962476547844,0.16739446870451238,0.9846745332836921
9.117789007521083,0.0543221539914974,0.16739446870451238,0.9847885055200554
9.14507892170429,0.05413105413105413,0.16593886462882096,0.9848644870109641
9.172368835887497,0.053989488772097464,0.16448326055312956,0.9849556648000547
9.199658750070704,0.05432692307692308,0.16448326055312956,0.9850544407382361
9.22694866425391,0.05469506292352372,0.16448326055312956,0.9851608148255085
9.254238578437114,0.0550682261208577,0.16448326055312956,0.9852671889127809
9.281528492620321,0.0547945205479452,0.16302765647743814,0.985320375956417
9.308818406803528,0.054982817869415807,0.16302765647743814,0.9853735630000532
9.336108320986735,0.055308641975308645,0.16302765647743814,0.9854647407891438
9.363398235169942,0.055583126550868486,0.16302765647743814,0.9855407222800526
9.39068814935315,0.055776892430278883,0.16302765647743814,0.9855939093236887
9.417978063536356,0.0559720139930035,0.16302765647743814,0.985647096367325
9.445267977719563,0.05622489959839357,0.16302765647743814,0.9857154797091429
9.47255789190277,0.05668016194331984,0.16302765647743814,0.985837050094597
9.499847806085974,0.056881665820213305,0.16302765647743814,0.9858902371382331
9.527137720269181,0.05677749360613811,0.1615720524017467,0.9859890130764146
9.554427634452388,0.05721649484536082,0.1615720524017467,0.9861029853127778
9.581717548635595,0.05739400206825233,0.1615720524017467,0.986148574207323
9.609007462818802,0.05677083333333333,0.1586608442503639,0.9862397519964137
9.636297377002009,0.056948798328108674,0.1586608442503639,0.986285340890959
9.663587291185216,0.057187827911857295,0.1586608442503639,0.986346126083686
9.690877205368423,0.05693199789140749,0.1572052401746725,0.9864069112764131
9.718167119551627,0.05682421667551779,0.15574963609898107,0.9865056872145945
9.745457033734834,0.05650319829424307,0.15429403202328967,0.9865512761091398
9.77274694791804,0.05620985010706638,0.15283842794759825,0.986604463152776
9.800036862101248,0.056481979558902634,0.15283842794759825,0.986672846494594
9.827326776284455,0.05669546436285097,0.15283842794759825,0.9867260335382301
9.854616690467662,0.057127312295973884,0.15283842794759825,0.9868324076255024
9.881906604650869,0.05756578947368421,0.15283842794759825,0.9869387817127747
9.909196518834076,0.057755775577557754,0.15283842794759825,0.98698437060732
9.93648643301728,0.05758582502768549,0.15138282387190685,0.9870679502473197
9.963776347200486,0.057971014492753624,0.15138282387190685,0.9871591280364104
9.991066261383693,0.058198097369893675,0.15138282387190685,0.9872123150800465
10.0183561755669,0.058361391694725026,0.15138282387190685,0.9872503058255009
10.045646089750107,0.05865764241398759,0.15138282387190685,0.9873186891673188
10.072936003933314,0.058923512747875356,0.15138282387190685,0.9873794743600459
10.100225918116521,0.05919180421172453,0.15138282387190685,0.9874402595527729
10.127515832299729,0.05942857142857143,0.15138282387190685,0.9874934465964091
10.154805746482936,0.05966724039013196,0.15138282387190685,0.9875466336400452
10.182095660666139,0.05980448533640023,0.15138282387190685,0.9875770262364089
10.209385574849346,0.06015037593984962,0.15138282387190685,0.9876530077273177
10.236675489032553,0.06035983749274521,0.15138282387190685,0.9876985966218629
10.26396540321576,0.05975395430579965,0.14847161572052403,0.9878049707091352
10.291255317398967,0.06007067137809187,0.14847161572052403,0.9878733540509532
10.318545231582174,0.05972797161442933,0.1470160116448326,0.9879189429454984
10.345835145765381,0.0599406528189911,0.1470160116448326,0.9879645318400437
10.373125059948588,0.05963029218843172,0.14556040756914118,0.98801771888368
10.400414974131792,0.05935251798561151,0.14410480349344978,0.988078504076407
10.427704888314999,0.05885885885885886,0.14264919941775836,0.9880937003745888
10.454994802498206,0.05907172995780591,0.14264919941775836,0.9881392892691341
10.482284716681413,0.059393939393939395,0.14264919941775836,0.988207672610952
10.50957463086462,0.05982905982905983,0.14264919941775836,0.9882988504000425
10.536864545047827,0.06004901960784314,0.14264919941775836,0.9883444392945878
10.564154459231034,0.06015960712093309,0.14264919941775836,0.9883672337418605
10.591444373414241,0.059876543209876544,0.14119359534206696,0.9884280189345875
10.618734287597448,0.060099132589838906,0.14119359534206696,0.9884736078291328
10.646024201780651,0.06032338308457712,0.14119359534206696,0.9885191967236782
10.673314115963858,0.060473815461346635,0.14119359534206696,0.9885495893200417
10.700604030147066,0.0600375234521576,0.13973799126637554,0.9885799819164052
10.727893944330273,0.05959849435382685,0.13828238719068414,0.9886103745127687
10.75518385851348,0.05993690851735016,0.13828238719068414,0.9886787578545866
10.782473772696687,0.05901015228426396,0.13537117903930132,0.9887319448982228
10.809763686879894,0.05931122448979592,0.13537117903930132,0.9887927300909498
10.8370536010631,0.05961538461538462,0.13537117903930132,0.9888535152836769
10.864343515246304,0.05976863753213368,0.13537117903930132,0.9888839078800404
10.891633429429511,0.059845559845559844,0.13537117903930132,0.9888991041782221
10.918923343612718,0.060077519379844964,0.13537117903930132,0.9889446930727674
10.946213257795925,0.06015523932729625,0.13537117903930132,0.9889598893709493
10.973503171979132,0.06035042180402336,0.13537117903930132,0.9889978801164037
11.00079308616234,0.0605074821080026,0.13537117903930132,0.9890282727127672
11.028083000345546,0.06074461136512083,0.13537117903930132,0.9890738616073125
11.055372914528753,0.06110381077529566,0.13537117903930132,0.9891422449491304
11.082662828711957,0.060304837640821736,0.1324599708879185,0.9892258245891301
11.109952742895164,0.06058588548601864,0.1324599708879185,0.9892790116327662
11.137242657078371,0.06074766355140187,0.1324599708879185,0.9893094042291298
11.164532571261578,0.06119704102219233,0.1324599708879185,0.9893929838691294
11.191822485444785,0.06148648648648649,0.1324599708879185,0.9894461709127657
11.219112399627992,0.06109979633401222,0.13100436681222707,0.989491759807311
11.246402313811199,0.06134969325153374,0.13100436681222707,0.9895373487018563
11.273692227994406,0.06100068540095956,0.12954876273653565,0.9895905357454924
11.300982142177613,0.061168384879725084,0.12954876273653565,0.9896209283418559
11.328272056360817,0.06125258086717137,0.12954876273653565,0.9896361246400377
11.355561970544024,0.061634349030470915,0.12954876273653565,0.9897045079818556
11.38285188472723,0.061891515994436715,0.12954876273653565,0.9897500968764009
11.410141798910438,0.06206415620641562,0.12954876273653565,0.9897804894727644
11.437431713093645,0.06188466947960619,0.12809315866084425,0.9898640691127641
11.464721627276852,0.062103034580098804,0.12809315866084425,0.9899020598582186
11.492011541460059,0.06236711552090716,0.12809315866084425,0.9899476487527639
11.519301455643266,0.06258890469416785,0.12809315866084425,0.9899856394982183
11.54659136982647,0.06290207290922087,0.12809315866084425,0.9900388265418544
11.573881284009676,0.06308243727598567,0.12809315866084425,0.9900692191382179
11.601171198192883,0.06335493160547156,0.12809315866084425,0.9901148080327632
11.62846111237609,0.06268011527377522,0.12663755458515283,0.9901148080327632
11.655751026559297,0.06290672451193059,0.12663755458515283,0.9901527987782176
11.683040940742504,0.06245461147421932,0.12518195050946143,0.990190789523672
11.710330854925711,0.06199854121079504,0.12372634643377002,0.9902287802691264
11.737620769108918,0.06140350877192982,0.1222707423580786,0.9902439765673082
11.764910683292126,0.06102941176470588,0.12081513828238719,0.9902971636109443
11.792200597475329,0.06078576723498888,0.11935953420669577,0.9903731451018531
11.819490511658536,0.05952380952380952,0.11644832605531295,0.9903959395491259
11.846780425841743,0.05983545250560957,0.11644832605531295,0.990449126592762
11.87407034002495,0.06006006006006006,0.11644832605531295,0.9904871173382164
11.901360254208157,0.060240963855421686,0.11644832605531295,0.99051750993458
11.928650168391364,0.05989385898407885,0.11499272197962154,0.990578295127307
11.955940082574571,0.06030534351145038,0.11499272197962154,0.9906466784691249
11.983229996757778,0.060629316960859554,0.11499272197962154,0.9906998655127611
12.010519910940982,0.06076923076923077,0.11499272197962154,0.9907226599600337
12.037809825124189,0.06090979182729375,0.11499272197962154,0.9907454544073063
12.065099739307396,0.06109822119102862,0.11499272197962154,0.9907758470036699
12.092389653490603,0.0612878200155159,0.11499272197962154,0.9908062396000334
12.11967956767381,0.06147859922178988,0.11499272197962154,0.990836632196397
12.146969481857017,0.06098514464425332,0.11353711790393013,0.9908746229418514
12.174259396040224,0.0611764705882353,0.11353711790393013,0.9909050155382149
12.201549310223431,0.06136900078678206,0.11353711790393013,0.9909354081345784
12.228839224406634,0.0616600790513834,0.11353711790393013,0.9909809970291237
12.256129138589841,0.061855670103092786,0.11353711790393013,0.9910113896254872
12.283419052773048,0.06230031948881789,0.11353711790393013,0.9910797729673052
12.310708966956255,0.06265060240963856,0.11353711790393013,0.9911329600109413
12.337998881139463,0.06285253827558421,0.11353711790393013,0.9911633526073048
12.36528879532267,0.062197092084006464,0.11208151382823872,0.9911785489054866
12.392578709505877,0.06239870340356564,0.11208151382823872,0.9912089415018501
12.419868623689084,0.061025223759153785,0.1091703056768559,0.9912317359491228
12.44715853787229,0.061274509803921566,0.1091703056768559,0.9912697266945772
12.474448452055494,0.06142506142506143,0.1091703056768559,0.9912925211418498
12.501738366238701,0.06157635467980296,0.1091703056768559,0.9913153155891224
12.529028280421908,0.061677631578947366,0.1091703056768559,0.9913305118873043
12.556318194605115,0.061309030654515324,0.10771470160116449,0.9913912970800313
12.583608108788322,0.06176961602671119,0.10771470160116449,0.9914596804218493
12.61089802297153,0.061241610738255035,0.10625909752547306,0.9914976711673037
12.638187937154736,0.061499578770008424,0.10625909752547306,0.9915356619127581
12.665477851337943,0.061016949152542375,0.10480349344978165,0.9915812508073033
12.692767765521147,0.06112054329371817,0.10480349344978165,0.9915964471054851
12.720057679704354,0.06132879045996593,0.10480349344978165,0.9916268397018486
12.747347593887561,0.06153846153846154,0.10480349344978165,0.9916572322982121
12.774637508070768,0.061696658097686374,0.10480349344978165,0.9916800267454848
12.801927422253975,0.061802575107296136,0.10480349344978165,0.9916952230436665
12.829217336437182,0.06196213425129088,0.10480349344978165,0.9917180174909392
12.856507250620389,0.062122519413287315,0.10480349344978165,0.9917408119382118
12.883797164803596,0.06233766233766234,0.10480349344978165,0.9917712045345753
12.911087078986803,0.06239168110918544,0.10480349344978165,0.9917788026836662
12.938376993170007,0.06255430060816682,0.10480349344978165,0.9918015971309389
12.965666907353214,0.0627177700348432,0.10480349344978165,0.9918243915782116
12.99295682153642,0.062280701754385964,0.10334788937409024,0.9918775786218477
13.020246735719628,0.06288751107174491,0.10334788937409024,0.9919611582618474
13.047536649902835,0.06322350845948353,0.10334788937409024,0.9920067471563927
13.074826564086042,0.06356311548791406,0.10334788937409024,0.992052336050938
13.102116478269249,0.063006300630063,0.10189228529839883,0.9920903267963924
13.129406392452456,0.0631768953068592,0.10189228529839883,0.992113121243665
13.15669630663566,0.06346328195829556,0.10189228529839883,0.9921511119891194
13.183986220818866,0.06369426751592357,0.10189228529839883,0.9921815045854829
13.211276135002073,0.06307129798903108,0.10043668122270742,0.9922118971818465
13.23856604918528,0.06318681318681318,0.10043668122270742,0.9922270934800282
13.265855963368487,0.06359447004608294,0.10043668122270742,0.9922802805236645
13.293145877551694,0.06290471785383904,0.09898107714701601,0.9923030749709371
13.320435791734901,0.06325581395348837,0.09898107714701601,0.9923486638654824
13.347725705918108,0.06337371854613234,0.09898107714701601,0.9923638601636642
13.375015620101312,0.06361085126286249,0.09898107714701601,0.9923942527600277
13.402305534284519,0.06373008434864105,0.09898107714701601,0.9924094490582094
13.429595448467726,0.064030131826742,0.09898107714701601,0.9924474398036638
13.456885362650933,0.06433301797540208,0.09898107714701601,0.9924854305491182
13.48417527683414,0.06457739791073125,0.09898107714701601,0.9925158231454818
13.511465191017347,0.06494746895893028,0.09898107714701601,0.992561412040027
13.538755105200554,0.06507177033492823,0.09898107714701601,0.9925766083382088
13.566045019383761,0.06525911708253358,0.09898107714701601,0.9925994027854814
13.593334933566968,0.06551059730250482,0.09898107714701601,0.992629795381845
13.620624847750175,0.06595538312318137,0.09898107714701601,0.9926829824254811
13.647914761933382,0.06627680311890838,0.09898107714701601,0.9927209731709356
13.67520467611659,0.06562193927522038,0.0975254730713246,0.992751365767299
13.702494590299796,0.0650887573964497,0.09606986899563319,0.9927969546618444
13.729784504482996,0.06528189910979229,0.09606986899563319,0.992819749109117
13.757074418666203,0.06547619047619048,0.09606986899563319,0.9928425435563897
13.78436433284941,0.06567164179104477,0.09606986899563319,0.9928653380036623
13.811654247032617,0.06606606606606606,0.09606986899563319,0.9929109268982076
13.838944161215824,0.06646525679758308,0.09606986899563319,0.9929565157927529
13.866234075399031,0.06659939455095863,0.09606986899563319,0.9929717120909346
13.893523989582238,0.06598984771573604,0.09461426491994178,0.993009702836389
13.920813903765445,0.06619144602851323,0.09461426491994178,0.9930324972836617
13.948103817948653,0.06639427987742594,0.09461426491994178,0.9930552917309343
13.97539373213186,0.06653019447287616,0.09461426491994178,0.9930704880291161
14.002683646315067,0.06659836065573771,0.09461426491994178,0.993078086178207
14.029973560498274,0.06701030927835051,0.09461426491994178,0.9931236750727522
14.05726347468148,0.0672182006204757,0.09461426491994178,0.9931464695200249
14.084553388864688,0.06749740394600208,0.09461426491994178,0.9931768621163884
14.111843303047895,0.06777893639207508,0.09461426491994178,0.993207254712752
14.139133217231102,0.06813417190775681,0.09461426491994178,0.9932452454582064
14.166423131414309,0.0684931506849315,0.09461426491994178,0.9932832362036608
14.193713045597509,0.06863780359028511,0.09461426491994178,0.9932984325018426
14.221002959780716,0.06878306878306878,0.09461426491994178,0.9933136288000243
14.248292873963923,0.06922257720979766,0.09461426491994178,0.9933592176945696
14.27558278814713,0.06874328678839957,0.09315866084425037,0.9934124047382058
14.302872702330337,0.0688912809472551,0.09315866084425037,0.9934276010363875
14.330162616513544,0.06918918918918919,0.09315866084425037,0.9934579936327511
14.35745253069675,0.0697928026172301,0.09315866084425037,0.9935187788254781
14.384742444879958,0.07017543859649122,0.09315866084425037,0.9935567695709325
14.412032359063165,0.06915477497255763,0.09170305676855896,0.9935567695709325
14.439322273246372,0.06923076923076923,0.09170305676855896,0.9935643677200234
14.466612187429579,0.06930693069306931,0.09170305676855896,0.9935719658691143
14.493902101612786,0.06961325966850829,0.09170305676855896,0.9936023584654778
14.521192015795993,0.07007786429365963,0.09170305676855896,0.9936479473600232
14.5484819299792,0.0703125,0.09170305676855896,0.9936707418072958
14.575771844162407,0.06958473625140292,0.09024745269286755,0.9937011344036593
14.603061758345614,0.06989853438556934,0.09024745269286755,0.9937315270000228
14.630351672528821,0.07013574660633484,0.09024745269286755,0.9937543214472955
14.657641586712021,0.07013574660633484,0.09024745269286755,0.9937543214472955
14.684931500895228,0.07021517553793885,0.09024745269286755,0.9937619195963863
14.712221415078435,0.07053469852104664,0.09024745269286755,0.9937923121927499
14.739511329261642,0.07101947308132875,0.09024745269286755,0.9938379010872951
14.76680124344485,0.0711825487944891,0.09024745269286755,0.9938530973854769
14.794091157628056,0.07167630057803469,0.09024745269286755,0.9938986862800222
14.821381071811263,0.07175925925925926,0.09024745269286755,0.9939062844291131
14.84867098599447,0.07192575406032482,0.09024745269286755,0.9939214807272948
14.875960900177677,0.07200929152148665,0.09024745269286755,0.9939290788763857
14.903250814360884,0.07242990654205607,0.09024745269286755,0.9939670696218401
14.930540728544091,0.07259953161592506,0.09024745269286755,0.9939822659200219
14.957830642727298,0.07168037602820211,0.08879184861717612,0.9939974622182036
14.985120556910505,0.07236061684460261,0.08879184861717612,0.9940582474109307
15.012410471093713,0.07236061684460261,0.08879184861717612,0.9940582474109307
15.03970038527692,0.07279236276849642,0.08879184861717612,0.9940962381563851
15.066990299460127,0.0718562874251497,0.08733624454148471,0.9941114344545668
15.094280213643327,0.07202881152460984,0.08733624454148471,0.9941266307527487
15.121570127826534,0.06884057971014493,0.08296943231441048,0.9941418270509303
15.14886004200974,0.06900726392251816,0.08296943231441048,0.9941570233491122
15.176149956192948,0.0692588092345079,0.08296943231441048,0.9941798177963848
15.203439870376155,0.06951219512195123,0.08296943231441048,0.9942026122436575
15.230729784559362,0.06985294117647059,0.08296943231441048,0.994233004840021
15.258019698742569,0.07002457002457002,0.08296943231441048,0.9942482011382028
15.285309612925776,0.07037037037037037,0.08296943231441048,0.9942785937345663
15.312599527108983,0.06965174129353234,0.08151382823871907,0.9943165844800207
15.33988944129219,0.06991260923845194,0.08151382823871907,0.9943393789272933
15.367179355475397,0.06909547738693467,0.08005822416302766,0.9943697715236568
15.394469269658604,0.06918238993710692,0.08005822416302766,0.9943773696727477
15.42175918384181,0.06809583858764187,0.07860262008733625,0.9943849678218386
15.449049098025018,0.06751592356687898,0.07714701601164484,0.9944381548654748
15.476339012208225,0.06760204081632654,0.07714701601164484,0.9944457530145656
15.503628926391432,0.06768837803320563,0.07714701601164484,0.9944533511636565
15.530918840574639,0.0678617157490397,0.07714701601164484,0.9944685474618383
15.558208754757839,0.0678617157490397,0.07714701601164484,0.9944685474618383
15.585498668941046,0.06803594351732992,0.07714701601164484,0.99448374376002
15.612788583124253,0.06709677419354838,0.07569141193595343,0.9945065382072927
15.64007849730746,0.06727037516170763,0.07569141193595343,0.9945217345054744
15.667368411490667,0.06631989596879063,0.07423580786026202,0.9945445289527471
15.694658325673874,0.06649282920469361,0.07423580786026202,0.9945597252509288
15.721948239857081,0.06666666666666667,0.07423580786026202,0.9945749215491106
15.749238154040288,0.0657030223390276,0.07278020378457059,0.9945977159963832
15.776528068223495,0.06578947368421052,0.07278020378457059,0.9946053141454742
15.803817982406702,0.06613756613756613,0.07278020378457059,0.9946357067418377
15.83110789658991,0.06648936170212766,0.07278020378457059,0.9946660993382012
15.858397810773116,0.06568364611260054,0.07132459970887918,0.9947040900836556
15.885687724956323,0.06612685560053981,0.07132459970887918,0.99474208082911
15.91297763913953,0.06630581867388363,0.07132459970887918,0.9947572771272918
15.940267553322737,0.06648575305291723,0.07132459970887918,0.9947724734254736
15.967557467505944,0.0667574931880109,0.07132459970887918,0.9947952678727462
15.994847381689151,0.06712328767123288,0.07132459970887918,0.9948256604691097
16.02213729587235,0.06740027510316368,0.07132459970887918,0.9948484549163824
16.04942721005556,0.06620689655172414,0.06986899563318777,0.9948560530654732
16.076717124238765,0.06657420249653259,0.06986899563318777,0.9948864456618368
16.104007038421972,0.06713286713286713,0.06986899563318777,0.994932034556382
16.13129695260518,0.06741573033707865,0.06986899563318777,0.9949548290036547
16.158586866788387,0.06779661016949153,0.06986899563318777,0.9949852216000182
16.185876780971594,0.06818181818181818,0.06986899563318777,0.9950156141963817
16.2131666951548,0.06695156695156695,0.06841339155749636,0.9950232123454726
16.240456609338008,0.06743185078909612,0.06841339155749636,0.995061203090927
16.267746523521215,0.06772334293948126,0.06841339155749636,0.9950839975381996
16.29503643770442,0.06782106782106782,0.06841339155749636,0.9950915956872906
16.32232635188763,0.06821480406386067,0.06841339155749636,0.9951219882836541
16.349616266070836,0.06831395348837209,0.06841339155749636,0.995129586432745
16.376906180254043,0.06901615271659324,0.06841339155749636,0.9951827734763812
16.40419609443725,0.06921944035346098,0.06841339155749636,0.9951979697745629
16.431486008620457,0.06814814814814815,0.06695778748180495,0.9952207642218356
16.458775922803664,0.06845238095238096,0.06695778748180495,0.9952435586691082
16.486065836986864,0.06756756756756757,0.06550218340611354,0.9952815494145626
16.51335575117007,0.06818181818181818,0.06550218340611354,0.9953271383091079
16.540645665353278,0.06707317073170732,0.06404657933042213,0.9953499327563805
16.567935579536485,0.06605222734254992,0.06259097525473072,0.9953803253527441
16.595225493719692,0.06615384615384616,0.06259097525473072,0.9953879235018349
16.6225154079029,0.06666666666666667,0.06259097525473072,0.9954259142472893
16.649805322086106,0.06697819314641744,0.06259097525473072,0.995448708694562
16.677095236269313,0.0671875,0.06259097525473072,0.9954639049927437
16.70438515045252,0.06729264475743349,0.06259097525473072,0.9954715031418346
16.731675064635727,0.06750392464678179,0.06259097525473072,0.9954866994400164
16.758964978818934,0.0660377358490566,0.0611353711790393,0.9954866994400164
16.78625489300214,0.06635071090047394,0.0611353711790393,0.995509493887289
16.813544807185348,0.06666666666666667,0.0611353711790393,0.9955322883345618
16.840834721368555,0.06518282988871224,0.05967976710334789,0.9955322883345618
16.868124635551762,0.06528662420382166,0.05967976710334789,0.9955398864836525
16.89541454973497,0.06549520766773163,0.05967976710334789,0.9955550827818344
16.92270446391817,0.06591639871382636,0.05967976710334789,0.9955854753781979
16.949994378101376,0.06462035541195477,0.05822416302765648,0.9956006716763797
16.977284292284583,0.06351791530944625,0.056768558951965066,0.9956310642727432
17.00457420646779,0.0625,0.055312954876273655,0.9956690550181976
17.031864120650997,0.06301824212271974,0.055312954876273655,0.995707045763652
17.059154034834204,0.06301824212271974,0.055312954876273655,0.995707045763652
17.08644394901741,0.06312292358803986,0.055312954876273655,0.9957146439127429
17.11373386320062,0.06365159128978225,0.055312954876273655,0.9957526346581973
17.141023777383825,0.06375838926174497,0.055312954876273655,0.9957602328072881
17.168313691567032,0.06397306397306397,0.055312954876273655,0.9957754291054699
17.19560360575024,0.06429780033840947,0.055312954876273655,0.9957982235527425
17.222893519933447,0.06440677966101695,0.055312954876273655,0.9958058217018334
17.250183434116654,0.06440677966101695,0.055312954876273655,0.9958058217018334
17.27747334829986,0.06292517006802721,0.053857350800582245,0.9958134198509243
17.304763262483068,0.06313993174061433,0.053857350800582245,0.9958286161491061
17.332053176666275,0.0634648370497427,0.053857350800582245,0.9958514105963787
17.35934309084948,0.06206896551724138,0.05240174672489083,0.9958666068945605
17.38663300503268,0.0625,0.05240174672489083,0.995896999490924
17.41392291921589,0.06282722513089005,0.05240174672489083,0.9959197939381966
17.441212833399096,0.06140350877192982,0.050946142649199416,0.9959349902363784
17.468502747582303,0.061619718309859156,0.050946142649199416,0.9959501865345601
17.49579266176551,0.061837455830388695,0.050946142649199416,0.9959653828327419
17.523082575948717,0.06205673758865248,0.050946142649199416,0.9959805791309237
17.550372490131924,0.062388591800356503,0.050946142649199416,0.9960033735781963
17.57766240431513,0.0625,0.050946142649199416,0.9960109717272873
17.604952318498338,0.06104129263913824,0.049490538573508006,0.996026168025469
17.632242232681545,0.061371841155234655,0.049490538573508006,0.9960489624727417
17.659532146864752,0.061930783242258654,0.049490538573508006,0.9960869532181961
17.68682206104796,0.06273062730627306,0.049490538573508006,0.9961401402618322
17.714111975231166,0.06284658040665435,0.049490538573508006,0.9961477384109231
17.741401889414373,0.06319702602230483,0.049490538573508006,0.9961705328581958
17.76869180359758,0.0633147113594041,0.049490538573508006,0.9961781310072866
17.795981717780787,0.06355140186915888,0.049490538573508006,0.9961933273054684
17.823271631963994,0.06390977443609022,0.049490538573508006,0.996216121752741
17.850561546147194,0.06427221172022685,0.049490538573508006,0.9962389162000137
17.8778514603304,0.06463878326996197,0.049490538573508006,0.9962617106472863
17.905141374513608,0.06500956022944551,0.049490538573508006,0.996284505094559
17.932431288696815,0.06500956022944551,0.049490538573508006,0.996284505094559
17.959721202880022,0.06525911708253358,0.049490538573508006,0.9962997013927407
17.98701111706323,0.06589147286821706,0.049490538573508006,0.9963376921381951
18.014301031246436,0.06601941747572816,0.049490538573508006,0.996345290287286
18.041590945429643,0.06640625,0.049490538573508006,0.9963680847345586
18.06888085961285,0.06653620352250489,0.049490538573508006,0.9963756828836495
18.096170773796057,0.06666666666666667,0.049490538573508006,0.9963832810327404
18.123460687979264,0.06521739130434782,0.048034934497816595,0.996406075480013
18.15075060216247,0.06547619047619048,0.048034934497816595,0.9964212717781948
18.17804051634568,0.06560636182902585,0.048034934497816595,0.9964288699272857
18.205330430528885,0.06438631790744467,0.046579330422125184,0.9964668606727402
18.232620344712092,0.06262626262626263,0.04512372634643377,0.996474458821831
18.2599102588953,0.06288032454361055,0.04512372634643377,0.9964896551200128
18.287200173078507,0.06109979633401222,0.043668122270742356,0.9964972532691037
18.314490087261706,0.0577319587628866,0.040756914119359534,0.9965276458654672
18.341780001444913,0.05578512396694215,0.039301310043668124,0.9965276458654672
18.36906991562812,0.056016597510373446,0.039301310043668124,0.996542842163649
18.396359829811328,0.056133056133056136,0.039301310043668124,0.9965504403127399
18.423649743994535,0.05636743215031315,0.039301310043668124,0.9965656366109216
18.45093965817774,0.056842105263157895,0.039301310043668124,0.9965960292072851
18.47822957236095,0.0574468085106383,0.039301310043668124,0.9966340199527395
18.505519486544156,0.057692307692307696,0.039301310043668124,0.9966492162509213
18.532809400727363,0.057815845824411134,0.039301310043668124,0.9966568144000122
18.56009931491057,0.058315334773218146,0.039301310043668124,0.9966872069963757
18.587389229093777,0.058695652173913045,0.039301310043668124,0.9967100014436483
18.614679143276984,0.05895196506550218,0.039301310043668124,0.9967251977418301
18.64196905746019,0.05934065934065934,0.039301310043668124,0.9967479921891027
18.669258971643398,0.059602649006622516,0.039301310043668124,0.9967631884872845
18.696548885826605,0.060267857142857144,0.039301310043668124,0.9968011792327389
18.723838800009812,0.06040268456375839,0.039301310043668124,0.9968087773818298
18.75112871419302,0.06053811659192825,0.039301310043668124,0.9968163755309206
18.77841862837622,0.060674157303370786,0.039301310043668124,0.9968239736800115
18.805708542559426,0.060948081264108354,0.039301310043668124,0.9968391699781933
18.832998456742633,0.06136363636363636,0.039301310043668124,0.9968619644254659
18.86028837092584,0.05963302752293578,0.03784570596797671,0.9968847588727386
18.887578285109047,0.059907834101382486,0.03784570596797671,0.9968999551709203
18.914868199292254,0.060324825986078884,0.03784570596797671,0.996922749618193
18.94215811347546,0.06046511627906977,0.03784570596797671,0.9969303477672838
18.969448027658668,0.0611764705882353,0.03784570596797671,0.9969683385127383
18.996737941841875,0.06175771971496437,0.03784570596797671,0.9969987311091019
19.024027856025082,0.06220095693779904,0.03784570596797671,0.9970215255563745
19.05131777020829,0.06235011990407674,0.03784570596797671,0.9970291237054654
19.078607684391496,0.06265060240963856,0.03784570596797671,0.9970443200036471
19.105897598574703,0.06295399515738499,0.03784570596797671,0.9970595163018289
19.13318751275791,0.06356968215158924,0.03784570596797671,0.9970899088981924
19.160477426941117,0.06435643564356436,0.03784570596797671,0.9971278996436468
19.187767341124324,0.06451612903225806,0.03784570596797671,0.9971354977927377
19.215057255307524,0.06234413965087282,0.036390101892285295,0.9971430959418286
19.24234716949073,0.060453400503778336,0.034934497816593885,0.9971658903891012
19.26963708367394,0.06091370558375635,0.034934497816593885,0.9971886848363739
19.296926997857145,0.061068702290076333,0.034934497816593885,0.9971962829854647
19.324216912040352,0.06153846153846154,0.034934497816593885,0.9972190774327374
19.35150682622356,0.059278350515463915,0.033478893740902474,0.9972266755818283
19.378796740406766,0.05958549222797927,0.033478893740902474,0.99724187188001
19.406086654589974,0.05974025974025974,0.033478893740902474,0.9972494700291009
19.43337656877318,0.06005221932114883,0.033478893740902474,0.9972646663272827
19.460666482956388,0.060526315789473685,0.033478893740902474,0.9972874607745553
19.487956397139595,0.060526315789473685,0.033478893740902474,0.9972874607745553
19.5152463113228,0.06084656084656084,0.033478893740902474,0.9973026570727371
19.54253622550601,0.0610079575596817,0.033478893740902474,0.9973102552218279
19.569826139689216,0.061170212765957445,0.033478893740902474,0.9973178533709188
19.597116053872423,0.06166219839142091,0.033478893740902474,0.9973406478181915
19.62440596805563,0.06182795698924731,0.033478893740902474,0.9973482459672823
19.651695882238837,0.05945945945945946,0.03202328966521106,0.9973558441163732
19.678985796422037,0.05945945945945946,0.03202328966521106,0.9973558441163732
19.706275710605244,0.057065217391304345,0.03056768558951965,0.9973634422654641
19.73356562478845,0.05722070844686648,0.03056768558951965,0.997371040414555
19.760855538971658,0.057692307692307696,0.03056768558951965,0.9973938348618276
19.788145453154865,0.05817174515235457,0.03056768558951965,0.9974166293091004
19.815435367338072,0.059154929577464786,0.03056768558951965,0.9974622182036456
19.84272528152128,0.059490084985835696,0.03056768558951965,0.9974774145018274
19.870015195704486,0.05982905982905983,0.03056768558951965,0.9974926108000092
19.897305109887693,0.06,0.03056768558951965,0.9975002089491
19.9245950240709,0.0603448275862069,0.03056768558951965,0.9975154052472818
19.951884938254107,0.061046511627906974,0.03056768558951965,0.9975457978436453
19.979174852437314,0.061046511627906974,0.03056768558951965,0.9975457978436453
20.00646476662052,0.05604719764011799,0.027656477438136828,0.9975685922909179
20.033754680803728,0.05688622754491018,0.027656477438136828,0.9976065830363723
20.061044594986935,0.05405405405405406,0.026200873362445413,0.9976065830363723
20.088334509170142,0.05421686746987952,0.026200873362445413,0.9976141811854632
20.11562442335335,0.054380664652567974,0.026200873362445413,0.9976217793345541
20.14291433753655,0.05454545454545454,0.026200873362445413,0.997629377483645
20.170204251719756,0.054878048780487805,0.026200873362445413,0.9976445737818267
20.197494165902963,0.055384615384615386,0.026200873362445413,0.9976673682290994
20.22478408008617,0.05555555555555555,0.026200873362445413,0.9976749663781903
20.252073994269377,0.05625,0.026200873362445413,0.9977053589745538
20.279363908452584,0.056782334384858045,0.026200873362445413,0.9977281534218264
20.30665382263579,0.05732484076433121,0.026200873362445413,0.9977509478690991
20.333943736819,0.05787781350482315,0.026200873362445413,0.9977737423163717
20.361233651002205,0.05787781350482315,0.026200873362445413,0.9977737423163717
20.388523565185412,0.05921052631578947,0.026200873362445413,0.9978269293600079
20.41581347936862,0.0594059405940594,0.026200873362445413,0.9978345275090987
20.443103393551826,0.059800664451827246,0.026200873362445413,0.9978497238072805
20.470393307735034,0.059800664451827246,0.026200873362445413,0.9978497238072805
20.49768322191824,0.06,0.026200873362445413,0.9978573219563714
20.524973136101448,0.06,0.026200873362445413,0.9978573219563714
20.552263050284655,0.06,0.026200873362445413,0.9978573219563714
20.57955296446786,0.06040268456375839,0.026200873362445413,0.9978725182545531
20.60684287865106,0.057432432432432436,0.024745269286754003,0.997880116403644
20.63413279283427,0.05802047781569966,0.024745269286754003,0.9979029108509168
20.661422707017476,0.05802047781569966,0.024745269286754003,0.9979029108509168
20.688712621200683,0.058419243986254296,0.024745269286754003,0.9979181071490985
20.71600253538389,0.058419243986254296,0.024745269286754003,0.9979181071490985
20.743292449567097,0.058823529411764705,0.024745269286754003,0.9979333034472803
20.770582363750304,0.059233449477351915,0.024745269286754003,0.997948499745462
20.79787227793351,0.05964912280701754,0.024745269286754003,0.9979636960436438
20.825162192116718,0.05985915492957746,0.024745269286754003,0.9979712941927347
20.852452106299925,0.06007067137809187,0.024745269286754003,0.9979788923418256
20.879742020483132,0.060498220640569395,0.024745269286754003,0.9979940886400073
20.90703193466634,0.06093189964157706,0.024745269286754003,0.9980092849381891
20.934321848849546,0.06115107913669065,0.024745269286754003,0.99801688308728
20.961611763032753,0.057971014492753624,0.023289665211062592,0.9980244812363708
20.98890167721596,0.057971014492753624,0.023289665211062592,0.9980244812363708
21.016191591399167,0.05818181818181818,0.023289665211062592,0.9980320793854617
21.043481505582374,0.05818181818181818,0.023289665211062592,0.9980320793854617
21.070771419765574,0.058394160583941604,0.023289665211062592,0.9980396775345526
21.09806133394878,0.05860805860805861,0.023289665211062592,0.9980472756836435
21.125351248131988,0.058823529411764705,0.023289665211062592,0.9980548738327344
21.152641162315195,0.05555555555555555,0.021834061135371178,0.9980624719818252
21.179931076498402,0.05223880597014925,0.020378457059679767,0.9980700701309161
21.20722099068161,0.05223880597014925,0.020378457059679767,0.9980700701309161
21.234510904864816,0.05263157894736842,0.020378457059679767,0.9980852664290979
21.261800819048023,0.052830188679245285,0.020378457059679767,0.9980928645781888
21.28909073323123,0.05303030303030303,0.020378457059679767,0.9981004627272796
21.316380647414437,0.05343511450381679,0.020378457059679767,0.9981156590254614
21.343670561597644,0.05363984674329502,0.020378457059679767,0.9981232571745523
21.37096047578085,0.05384615384615385,0.020378457059679767,0.9981308553236432
21.39825038996406,0.05405405405405406,0.020378457059679767,0.998138453472734
21.425540304147265,0.05405405405405406,0.020378457059679767,0.998138453472734
21.452830218330472,0.05405405405405406,0.020378457059679767,0.998138453472734
21.48012013251368,0.05426356589147287,0.020378457059679767,0.9981460516218249
21.50741004669688,0.05078125,0.018922852983988356,0.9981536497709158
21.534699960880086,0.050980392156862744,0.018922852983988356,0.9981612479200067
21.561989875063293,0.050980392156862744,0.018922852983988356,0.9981612479200067
21.5892797892465,0.050980392156862744,0.018922852983988356,0.9981612479200067
21.616569703429708,0.051181102362204724,0.018922852983988356,0.9981688460690976
21.643859617612915,0.047619047619047616,0.017467248908296942,0.9981764442181884
21.67114953179612,0.04780876494023904,0.017467248908296942,0.9981840423672793
21.69843944597933,0.04838709677419355,0.017467248908296942,0.998206836814552
21.725729360162536,0.0411522633744856,0.01455604075691412,0.9982296312618246
21.753019274345743,0.0411522633744856,0.01455604075691412,0.9982296312618246
21.78030918852895,0.04132231404958678,0.01455604075691412,0.9982372294109155
21.807599102712157,0.04149377593360996,0.01455604075691412,0.9982448275600064
21.834889016895364,0.041666666666666664,0.01455604075691412,0.9982524257090972
21.86217893107857,0.04219409282700422,0.01455604075691412,0.9982752201563699
21.889468845261778,0.0423728813559322,0.01455604075691412,0.9982828183054608
21.916758759444985,0.0425531914893617,0.01455604075691412,0.9982904164545516
21.944048673628192,0.04310344827586207,0.01455604075691412,0.9983132109018243
21.971338587811392,0.04310344827586207,0.01455604075691412,0.9983132109018243
21.9986285019946,0.04329004329004329,0.01455604075691412,0.9983208090509152
22.025918416177806,0.043668122270742356,0.01455604075691412,0.9983360053490969
22.053208330361013,0.043859649122807015,0.01455604075691412,0.9983436034981878
22.08049824454422,0.04405286343612335,0.01455604075691412,0.9983512016472788
22.107788158727427,0.04484304932735426,0.01455604075691412,0.9983815942436423
22.135078072910634,0.04484304932735426,0.01455604075691412,0.9983815942436423
22.16236798709384,0.04524886877828054,0.01455604075691412,0.9983967905418241
22.189657901277048,0.04524886877828054,0.01455604075691412,0.9983967905418241
22.216947815460255,0.045662100456621,0.01455604075691412,0.9984119868400058
22.244237729643462,0.045871559633027525,0.01455604075691412,0.9984195849890967
22.27152764382667,0.046296296296296294,0.01455604075691412,0.9984347812872785
22.298817558009876,0.04672897196261682,0.01455604075691412,0.9984499775854602
22.326107472193083,0.04739336492890995,0.01455604075691412,0.9984727720327329
22.35339738637629,0.04807692307692308,0.01455604075691412,0.9984955664800055
22.380687300559497,0.04854368932038835,0.01455604075691412,0.9985107627781873
22.407977214742704,0.049019607843137254,0.01455604075691412,0.998525959076369
22.435267128925904,0.04950495049504951,0.01455604075691412,0.9985411553745508
22.46255704310911,0.04975124378109453,0.01455604075691412,0.9985487535236416
22.48984695729232,0.05,0.01455604075691412,0.9985563516727325
22.517136871475525,0.05025125628140704,0.01455604075691412,0.9985639498218234
22.544426785658732,0.050761421319796954,0.01455604075691412,0.9985791461200052
22.57171669984194,0.050761421319796954,0.01455604075691412,0.9985791461200052
22.599006614025146,0.05102040816326531,0.01455604075691412,0.998586744269096
22.626296528208353,0.046632124352331605,0.013100436681222707,0.9986019405672778
22.65358644239156,0.046875,0.013100436681222707,0.9986095387163687
22.680876356574768,0.047619047619047616,0.013100436681222707,0.9986323331636413
22.708166270757975,0.043478260869565216,0.011644832605531296,0.9986627257600048
22.73545618494118,0.04371584699453552,0.011644832605531296,0.9986703239090957
22.76274609912439,0.04395604395604396,0.011644832605531296,0.9986779220581866
22.790036013307596,0.04419889502762431,0.011644832605531296,0.9986855202072775
22.817325927490803,0.04419889502762431,0.011644832605531296,0.9986855202072775
22.84461584167401,0.04519774011299435,0.011644832605531296,0.998715912803641
22.871905755857217,0.04519774011299435,0.011644832605531296,0.998715912803641
22.899195670040417,0.04519774011299435,0.011644832605531296,0.998715912803641
22.926485584223624,0.04519774011299435,0.011644832605531296,0.998715912803641
22.95377549840683,0.04519774011299435,0.011644832605531296,0.998715912803641
22.981065412590038,0.04519774011299435,0.011644832605531296,0.998715912803641
23.008355326773245,0.046511627906976744,0.011644832605531296,0.9987539035490954
23.035645240956452,0.047058823529411764,0.011644832605531296,0.9987690998472772
23.06293515513966,0.047619047619047616,0.011644832605531296,0.9987842961454589
23.090225069322866,0.047619047619047616,0.011644832605531296,0.9987842961454589
23.117514983506073,0.04819277108433735,0.011644832605531296,0.9987994924436407
23.14480489768928,0.04878048780487805,0.011644832605531296,0.9988146887418224
23.172094811872487,0.04878048780487805,0.011644832605531296,0.9988146887418224
23.199384726055694,0.049079754601226995,0.011644832605531296,0.9988222868909133
23.2266746402389,0.04938271604938271,0.011644832605531296,0.9988298850400043
23.253964554422108,0.04938271604938271,0.011644832605531296,0.9988298850400043
23.281254468605315,0.04938271604938271,0.011644832605531296,0.9988298850400043
23.308544382788522,0.049689440993788817,0.011644832605531296,0.9988374831890952
23.335834296971722,0.049689440993788817,0.011644832605531296,0.9988374831890952
23.36312421115493,0.050314465408805034,0.011644832605531296,0.9988526794872769
23.390414125338136,0.05063291139240506,0.011644832605531296,0.9988602776363678
23.417704039521343,0.050955414012738856,0.011644832605531296,0.9988678757854587
23.44499395370455,0.05128205128205128,0.011644832605531296,0.9988754739345496
23.472283867887757,0.05128205128205128,0.011644832605531296,0.9988754739345496
23.499573782070964,0.05161290322580645,0.011644832605531296,0.9988830720836405
23.52686369625417,0.05194805194805195,0.011644832605531296,0.9988906702327313
23.55415361043738,0.046052631578947366,0.010189228529839884,0.9988982683818222
23.581443524620585,0.04697986577181208,0.010189228529839884,0.9989210628290949
23.608733438803792,0.04697986577181208,0.010189228529839884,0.9989210628290949
23.636023352987,0.0472972972972973,0.010189228529839884,0.9989286609781857
23.663313267170206,0.04794520547945205,0.010189228529839884,0.9989438572763675
23.690603181353413,0.04794520547945205,0.010189228529839884,0.9989438572763675
23.71789309553662,0.04827586206896552,0.010189228529839884,0.9989514554254584
23.745183009719828,0.04827586206896552,0.010189228529839884,0.9989514554254584
23.772472923903035,0.04929577464788732,0.010189228529839884,0.998974249872731
23.799762838086234,0.04964539007092199,0.010189228529839884,0.9989818480218219
23.82705275226944,0.050359712230215826,0.010189228529839884,0.9989970443200037
23.85434266645265,0.050359712230215826,0.010189228529839884,0.9989970443200037
23.881632580635856,0.051094890510948905,0.010189228529839884,0.9990122406181854
23.908922494819063,0.05185185185185185,0.010189228529839884,0.9990274369163672
23.93621240900227,0.05185185185185185,0.010189228529839884,0.9990274369163672
23.963502323185477,0.05263157894736842,0.010189228529839884,0.9990426332145489
23.990792237368684,0.05384615384615385,0.010189228529839884,0.9990654276618216
24.01808215155189,0.05555555555555555,0.010189228529839884,0.9990958202581851
24.045372065735098,0.056,0.010189228529839884,0.999103418407276
24.072661979918305,0.056451612903225805,0.010189228529839884,0.9991110165563669
24.099951894101512,0.056451612903225805,0.010189228529839884,0.9991110165563669
24.12724180828472,0.056910569105691054,0.010189228529839884,0.9991186147054577
24.154531722467926,0.05785123966942149,0.010189228529839884,0.9991338110036395
24.181821636651133,0.058333333333333334,0.010189228529839884,0.9991414091527304
24.20911155083434,0.058333333333333334,0.010189228529839884,0.9991414091527304
24.236401465017547,0.058823529411764705,0.010189228529839884,0.9991490073018213
24.263691379200747,0.059322033898305086,0.010189228529839884,0.9991566054509121
24.290981293383954,0.059322033898305086,0.010189228529839884,0.9991566054509121
24.31827120756716,0.05982905982905983,0.010189228529839884,0.999164203600003
24.345561121750368,0.0603448275862069,0.010189228529839884,0.9991718017490939
24.372851035933575,0.06086956521739131,0.010189228529839884,0.9991793998981848
24.400140950116782,0.06086956521739131,0.010189228529839884,0.9991793998981848
24.42743086429999,0.06140350877192982,0.010189228529839884,0.9991869980472757
24.454720778483196,0.06140350877192982,0.010189228529839884,0.9991869980472757
24.482010692666403,0.061946902654867256,0.010189228529839884,0.9991945961963665
24.50930060684961,0.061946902654867256,0.010189228529839884,0.9991945961963665
24.536590521032817,0.061946902654867256,0.010189228529839884,0.9991945961963665
24.563880435216024,0.061946902654867256,0.010189228529839884,0.9991945961963665
24.59117034939923,0.0625,0.010189228529839884,0.9992021943454574
24.61846026358244,0.06422018348623854,0.010189228529839884,0.9992249887927301
24.645750177765645,0.06422018348623854,0.010189228529839884,0.9992249887927301
24.673040091948852,0.06422018348623854,0.010189228529839884,0.9992249887927301
24.70033000613206,0.06422018348623854,0.010189228529839884,0.9992249887927301
24.72761992031526,0.06542056074766354,0.010189228529839884,0.9992401850909118
24.754909834498466,0.06542056074766354,0.010189228529839884,0.9992401850909118
24.782199748681673,0.0660377358490566,0.010189228529839884,0.9992477832400027
24.80948966286488,0.06666666666666667,0.010189228529839884,0.9992553813890936
24.836779577048087,0.06666666666666667,0.010189228529839884,0.9992553813890936
24.864069491231295,0.0673076923076923,0.010189228529839884,0.9992629795381845
24.8913594054145,0.06930693069306931,0.010189228529839884,0.9992857739854571
24.91864931959771,0.0707070707070707,0.010189228529839884,0.999300970283639
24.945939233780916,0.07216494845360824,0.010189228529839884,0.9993161665818207
24.973229147964123,0.07216494845360824,0.010189228529839884,0.9993161665818207
25.00051906214733,0.07216494845360824,0.010189228529839884,0.9993161665818207
25.027808976330537,0.07368421052631578,0.010189228529839884,0.9993313628800025
25.055098890513744,0.07526881720430108,0.010189228529839884,0.9993465591781842
25.08238880469695,0.07526881720430108,0.010189228529839884,0.9993465591781842
25.109678718880158,0.07526881720430108,0.010189228529839884,0.9993465591781842
25.136968633063365,0.07692307692307693,0.010189228529839884,0.999361755476366
25.164258547246572,0.07865168539325842,0.010189228529839884,0.9993769517745478
25.191548461429772,0.07865168539325842,0.010189228529839884,0.9993769517745478
25.21883837561298,0.07865168539325842,0.010189228529839884,0.9993769517745478
25.246128289796186,0.07954545454545454,0.010189228529839884,0.9993845499236386
25.273418203979393,0.08045977011494253,0.010189228529839884,0.9993921480727295
25.3007081181626,0.08536585365853659,0.010189228529839884,0.9994301388181839
25.327998032345807,0.0875,0.010189228529839884,0.9994453351163657
25.355287946529014,0.08860759493670886,0.010189228529839884,0.9994529332654566
25.38257786071222,0.07692307692307693,0.008733624454148471,0.9994529332654566
25.409867774895428,0.07792207792207792,0.008733624454148471,0.9994605314145474
25.437157689078635,0.07894736842105263,0.008733624454148471,0.9994681295636383
25.464447603261842,0.07894736842105263,0.008733624454148471,0.9994681295636383
25.49173751744505,0.07894736842105263,0.008733624454148471,0.9994681295636383
25.519027431628256,0.07894736842105263,0.008733624454148471,0.9994681295636383
25.546317345811463,0.07894736842105263,0.008733624454148471,0.9994681295636383
25.57360725999467,0.08,0.008733624454148471,0.9994757277127292
25.600897174177877,0.0684931506849315,0.00727802037845706,0.9994833258618201
25.628187088361077,0.06944444444444445,0.00727802037845706,0.999490924010911
25.655477002544284,0.07142857142857142,0.00727802037845706,0.9995061203090927
25.68276691672749,0.058823529411764705,0.005822416302765648,0.9995137184581836
25.7100568309107,0.058823529411764705,0.005822416302765648,0.9995137184581836
25.737346745093905,0.05970149253731343,0.005822416302765648,0.9995213166072745
25.764636659277112,0.05970149253731343,0.005822416302765648,0.9995213166072745
25.79192657346032,0.05970149253731343,0.005822416302765648,0.9995213166072745
25.819216487643526,0.06060606060606061,0.005822416302765648,0.9995289147563653
25.846506401826733,0.06060606060606061,0.005822416302765648,0.9995289147563653
25.87379631600994,0.06060606060606061,0.005822416302765648,0.9995289147563653
25.901086230193147,0.06060606060606061,0.005822416302765648,0.9995289147563653
25.928376144376355,0.06060606060606061,0.005822416302765648,0.9995289147563653
25.95566605855956,0.06060606060606061,0.005822416302765648,0.9995289147563653
25.98295597274277,0.06060606060606061,0.005822416302765648,0.9995289147563653
26.010245886925976,0.06060606060606061,0.005822416302765648,0.9995289147563653
26.037535801109183,0.06060606060606061,0.005822416302765648,0.9995289147563653
26.06482571529239,0.06153846153846154,0.005822416302765648,0.9995365129054562
26.09211562947559,0.06153846153846154,0.005822416302765648,0.9995365129054562
26.119405543658797,0.0625,0.005822416302765648,0.9995441110545471
26.146695457842004,0.0625,0.005822416302765648,0.9995441110545471
26.17398537202521,0.0625,0.005822416302765648,0.9995441110545471
26.201275286208418,0.0625,0.005822416302765648,0.9995441110545471
26.228565200391625,0.0625,0.005822416302765648,0.9995441110545471
26.255855114574832,0.0625,0.005822416302765648,0.9995441110545471
26.28314502875804,0.0625,0.005822416302765648,0.9995441110545471
26.310434942941246,0.04838709677419355,0.004366812227074236,0.999551709203638
26.337724857124453,0.04918032786885246,0.004366812227074236,0.9995593073527289
26.36501477130766,0.04918032786885246,0.004366812227074236,0.9995593073527289
26.392304685490867,0.04918032786885246,0.004366812227074236,0.9995593073527289
26.419594599674074,0.04918032786885246,0.004366812227074236,0.9995593073527289
26.44688451385728,0.04918032786885246,0.004366812227074236,0.9995593073527289
26.474174428040488,0.05,0.004366812227074236,0.9995669055018197
26.501464342223695,0.05,0.004366812227074236,0.9995669055018197
26.528754256406902,0.05,0.004366812227074236,0.9995669055018197
26.556044170590102,0.05084745762711865,0.004366812227074236,0.9995745036509106
26.58333408477331,0.05172413793103448,0.004366812227074236,0.9995821018000015
26.610623998956516,0.05172413793103448,0.004366812227074236,0.9995821018000015
26.637913913139723,0.05263157894736842,0.004366812227074236,0.9995896999490924
26.66520382732293,0.05357142857142857,0.004366812227074236,0.9995972980981833
26.692493741506137,0.05454545454545454,0.004366812227074236,0.9996048962472741
26.719783655689344,0.05454545454545454,0.004366812227074236,0.9996048962472741
26.74707356987255,0.05555555555555555,0.004366812227074236,0.999612494396365
26.77436348405576,0.058823529411764705,0.004366812227074236,0.9996352888436377
26.801653398238965,0.06,0.004366812227074236,0.9996428869927285
26.828943312422172,0.06,0.004366812227074236,0.9996428869927285
26.85623322660538,0.06,0.004366812227074236,0.9996428869927285
26.883523140788586,0.06,0.004366812227074236,0.9996428869927285
26.910813054971793,0.06,0.004366812227074236,0.9996428869927285
26.938102969155,0.06,0.004366812227074236,0.9996428869927285
26.965392883338207,0.06382978723404255,0.004366812227074236,0.9996656814400012
26.992682797521415,0.06382978723404255,0.004366812227074236,0.9996656814400012
27.019972711704614,0.06382978723404255,0.004366812227074236,0.9996656814400012
27.04726262588782,0.06521739130434782,0.004366812227074236,0.9996732795890921
27.07455254007103,0.06666666666666667,0.004366812227074236,0.9996808777381829
27.101842454254236,0.06818181818181818,0.004366812227074236,0.9996884758872738
27.129132368437443,0.06976744186046512,0.004366812227074236,0.9996960740363647
27.15642228262065,0.06976744186046512,0.004366812227074236,0.9996960740363647
27.183712196803857,0.06976744186046512,0.004366812227074236,0.9996960740363647
27.211002110987064,0.07142857142857142,0.004366812227074236,0.9997036721854556
27.23829202517027,0.07142857142857142,0.004366812227074236,0.9997036721854556
27.265581939353478,0.07142857142857142,0.004366812227074236,0.9997036721854556
27.292871853536685,0.07317073170731707,0.004366812227074236,0.9997112703345465
27.320161767719892,0.07692307692307693,0.004366812227074236,0.9997264666327282
27.3474516819031,0.07692307692307693,0.004366812227074236,0.9997264666327282
27.374741596086306,0.07692307692307693,0.004366812227074236,0.9997264666327282
27.402031510269513,0.07692307692307693,0.004366812227074236,0.9997264666327282
27.42932142445272,0.07692307692307693,0.004366812227074236,0.9997264666327282
27.456611338635927,0.07692307692307693,0.004366812227074236,0.9997264666327282
27.483901252819127,0.07894736842105263,0.004366812227074236,0.9997340647818191
27.511191167002334,0.07894736842105263,0.004366812227074236,0.9997340647818191
27.53848108118554,0.07894736842105263,0.004366812227074236,0.9997340647818191
27.565770995368748,0.08108108108108109,0.004366812227074236,0.99974166293091
27.593060909551955,0.08571428571428572,0.004366812227074236,0.9997568592290917
27.620350823735162,0.08571428571428572,0.004366812227074236,0.9997568592290917
27.64764073791837,0.06060606060606061,0.002911208151382824,0.9997644573781826
27.674930652101576,0.06060606060606061,0.002911208151382824,0.9997644573781826
27.702220566284783,0.0625,0.002911208151382824,0.9997720555272736
27.72951048046799,0.06451612903225806,0.002911208151382824,0.9997796536763645
27.756800394651197,0.03333333333333333,0.001455604075691412,0.9997796536763645
27.784090308834404,0.03333333333333333,0.001455604075691412,0.9997796536763645
27.81138022301761,0.03571428571428571,0.001455604075691412,0.9997948499745462
27.83867013720082,0.03571428571428571,0.001455604075691412,0.9997948499745462
27.865960051384025,0.03571428571428571,0.001455604075691412,0.9997948499745462
27.893249965567232,0.03571428571428571,0.001455604075691412,0.9997948499745462
27.920539879750432,0.03571428571428571,0.001455604075691412,0.9997948499745462
27.94782979393364,0.03571428571428571,0.001455604075691412,0.9997948499745462
27.975119708116846,0.03571428571428571,0.001455604075691412,0.9997948499745462
28.002409622300053,0.037037037037037035,0.001455604075691412,0.999802448123637
28.02969953648326,0.037037037037037035,0.001455604075691412,0.999802448123637
28.056989450666467,0.037037037037037035,0.001455604075691412,0.999802448123637
28.084279364849674,0.037037037037037035,0.001455604075691412,0.999802448123637
28.11156927903288,0.037037037037037035,0.001455604075691412,0.999802448123637
28.13885919321609,0.037037037037037035,0.001455604075691412,0.999802448123637
28.166149107399296,0.037037037037037035,0.001455604075691412,0.999802448123637
28.193439021582503,0.037037037037037035,0.001455604075691412,0.999802448123637
28.22072893576571,0.037037037037037035,0.001455604075691412,0.999802448123637
28.248018849948917,0.037037037037037035,0.001455604075691412,0.999802448123637
28.275308764132124,0.037037037037037035,0.001455604075691412,0.999802448123637
28.30259867831533,0.038461538461538464,0.001455604075691412,0.999810046272728
28.329888592498538,0.038461538461538464,0.001455604075691412,0.999810046272728
28.357178506681745,0.04,0.001455604075691412,0.9998176444218189
28.384468420864945,0.04,0.001455604075691412,0.9998176444218189
28.41175833504815,0.04,0.001455604075691412,0.9998176444218189
28.43904824923136,0.043478260869565216,0.001455604075691412,0.9998328407200006
28.466338163414566,0.043478260869565216,0.001455604075691412,0.9998328407200006
28.493628077597773,0.043478260869565216,0.001455604075691412,0.9998328407200006
28.52091799178098,0.043478260869565216,0.001455604075691412,0.9998328407200006
28.548207905964187,0.043478260869565216,0.001455604075691412,0.9998328407200006
28.575497820147394,0.045454545454545456,0.001455604075691412,0.9998404388690915
28.6027877343306,0.045454545454545456,0.001455604075691412,0.9998404388690915
28.630077648513808,0.045454545454545456,0.001455604075691412,0.9998404388690915
28.657367562697015,0.045454545454545456,0.001455604075691412,0.9998404388690915
28.684657476880222,0.045454545454545456,0.001455604075691412,0.9998404388690915
28.71194739106343,0.045454545454545456,0.001455604075691412,0.9998404388690915
28.739237305246636,0.045454545454545456,0.001455604075691412,0.9998404388690915
28.766527219429843,0.045454545454545456,0.001455604075691412,0.9998404388690915
28.79381713361305,0.047619047619047616,0.001455604075691412,0.9998480370181824
28.821107047796257,0.047619047619047616,0.001455604075691412,0.9998480370181824
28.848396961979457,0.05,0.001455604075691412,0.9998556351672733
28.875686876162664,0.05,0.001455604075691412,0.9998556351672733
28.90297679034587,0.05263157894736842,0.001455604075691412,0.9998632333163642
28.93026670452908,0.05263157894736842,0.001455604075691412,0.9998632333163642
28.957556618712285,0.05263157894736842,0.001455604075691412,0.9998632333163642
28.984846532895492,0.05263157894736842,0.001455604075691412,0.9998632333163642
29.0121364470787,0.05263157894736842,0.001455604075691412,0.9998632333163642
29.039426361261906,0.05263157894736842,0.001455604075691412,0.9998632333163642
29.066716275445113,0.05263157894736842,0.001455604075691412,0.9998632333163642
29.09400618962832,0.05263157894736842,0.001455604075691412,0.9998632333163642
29.121296103811527,0.05263157894736842,0.001455604075691412,0.9998632333163642
29.148586017994734,0.05263157894736842,0.001455604075691412,0.9998632333163642
29.17587593217794,0.05263157894736842,0.001455604075691412,0.9998632333163642
29.20316584636115,0.05263157894736842,0.001455604075691412,0.9998632333163642
29.230455760544356,0.05555555555555555,0.001455604075691412,0.999870831465455
29.257745674727563,0.058823529411764705,0.001455604075691412,0.9998784296145459
29.28503558891077,0.058823529411764705,0.001455604075691412,0.9998784296145459
29.31232550309397,0.058823529411764705,0.001455604075691412,0.9998784296145459
29.339615417277177,0.058823529411764705,0.001455604075691412,0.9998784296145459
29.366905331460384,0.058823529411764705,0.001455604075691412,0.9998784296145459
29.39419524564359,0.058823529411764705,0.001455604075691412,0.9998784296145459
29.421485159826798,0.058823529411764705,0.001455604075691412,0.9998784296145459
29.448775074010005,0.058823529411764705,0.001455604075691412,0.9998784296145459
29.47606498819321,0.058823529411764705,0.001455604075691412,0.9998784296145459
29.50335490237642,0.058823529411764705,0.001455604075691412,0.9998784296145459
29.530644816559626,0.0,0.0,0.9998784296145459
29.557934730742833,0.0,0.0,0.9998784296145459
29.58522464492604,0.0,0.0,0.9998784296145459
29.612514559109247,0.0,0.0,0.9998784296145459
29.639804473292454,0.0,0.0,0.9998860277636368
29.66709438747566,0.0,0.0,0.9998860277636368
29.694384301658868,0.0,0.0,0.9998860277636368
29.721674215842075,0.0,0.0,0.9998860277636368
29.748964130025282,0.0,0.0,0.9998860277636368
29.776254044208482,0.0,0.0,0.9998860277636368
29.80354395839169,0.0,0.0,0.9998860277636368
29.830833872574896,0.0,0.0,0.9998860277636368
29.858123786758103,0.0,0.0,0.9998860277636368
29.88541370094131,0.0,0.0,0.9998860277636368
29.912703615124517,0.0,0.0,0.9998860277636368
29.939993529307724,0.0,0.0,0.9998860277636368
29.96728344349093,0.0,0.0,0.9998936259127277
29.99457335767414,0.0,0.0,0.9998936259127277
30.021863271857345,0.0,0.0,0.9998936259127277
30.049153186040552,0.0,0.0,0.9998936259127277
30.07644310022376,0.0,0.0,0.9998936259127277
30.103733014406966,0.0,0.0,0.9998936259127277
30.131022928590173,0.0,0.0,0.9998936259127277
30.15831284277338,0.0,0.0,0.9998936259127277
30.185602756956587,0.0,0.0,0.9998936259127277
30.212892671139787,0.0,0.0,0.9998936259127277
30.240182585322994,0.0,0.0,0.9998936259127277
30.2674724995062,0.0,0.0,0.9998936259127277
30.29476241368941,0.0,0.0,0.9998936259127277
30.322052327872616,0.0,0.0,0.9998936259127277
30.349342242055823,0.0,0.0,0.9998936259127277
30.37663215623903,0.0,0.0,0.9998936259127277
30.403922070422237,0.0,0.0,0.9998936259127277
30.431211984605444,0.0,0.0,0.9999012240618186
30.45850189878865,0.0,0.0,0.9999012240618186
30.485791812971858,0.0,0.0,0.9999012240618186
30.513081727155065,0.0,0.0,0.9999012240618186
30.54037164133827,0.0,0.0,0.9999012240618186
30.56766155552148,0.0,0.0,0.9999012240618186
30.594951469704686,0.0,0.0,0.9999012240618186
30.622241383887893,0.0,0.0,0.9999012240618186
30.6495312980711,0.0,0.0,0.9999012240618186
30.6768212122543,0.0,0.0,0.9999012240618186
30.704111126437507,0.0,0.0,0.9999088222109094
30.731401040620714,0.0,0.0,0.9999088222109094
30.75869095480392,0.0,0.0,0.9999088222109094
30.785980868987128,0.0,0.0,0.9999088222109094
30.813270783170335,0.0,0.0,0.9999088222109094
30.840560697353542,0.0,0.0,0.9999164203600003
30.86785061153675,0.0,0.0,0.9999164203600003
30.895140525719956,0.0,0.0,0.9999240185090912
30.922430439903163,0.0,0.0,0.9999240185090912
30.94972035408637,0.0,0.0,0.9999240185090912
30.977010268269577,0.0,0.0,0.9999240185090912
31.004300182452784,0.0,0.0,0.9999240185090912
31.03159009663599,0.0,0.0,0.9999240185090912
31.0588800108192,0.0,0.0,0.9999240185090912
31.086169925002405,0.0,0.0,0.9999240185090912
31.113459839185612,0.0,0.0,0.9999240185090912
31.140749753368812,0.0,0.0,0.9999240185090912
31.16803966755202,0.0,0.0,0.9999240185090912
31.195329581735226,0.0,0.0,0.9999240185090912
31.222619495918433,0.0,0.0,0.9999240185090912
31.24990941010164,0.0,0.0,0.9999240185090912
31.277199324284847,0.0,0.0,0.9999240185090912
31.304489238468054,0.0,0.0,0.9999240185090912
31.33177915265126,0.0,0.0,0.9999240185090912
31.35906906683447,0.0,0.0,0.9999240185090912
31.386358981017676,0.0,0.0,0.9999316166581821
31.413648895200883,0.0,0.0,0.9999316166581821
31.44093880938409,0.0,0.0,0.9999316166581821
31.468228723567297,0.0,0.0,0.9999316166581821
31.495518637750504,0.0,0.0,0.9999316166581821
31.52280855193371,0.0,0.0,0.9999316166581821
31.550098466116918,0.0,0.0,0.9999316166581821
31.577388380300125,0.0,0.0,0.9999316166581821
31.604678294483325,0.0,0.0,0.9999316166581821
31.63196820866653,0.0,0.0,0.9999316166581821
31.65925812284974,0.0,0.0,0.9999316166581821
31.686548037032946,0.0,0.0,0.9999316166581821
31.713837951216153,0.0,0.0,0.999939214807273
31.74112786539936,0.0,0.0,0.999939214807273
31.768417779582567,0.0,0.0,0.999939214807273
31.795707693765774,0.0,0.0,0.999939214807273
31.82299760794898,0.0,0.0,0.9999468129563638
31.850287522132188,0.0,0.0,0.9999468129563638
31.877577436315395,0.0,0.0,0.9999468129563638
31.904867350498602,0.0,0.0,0.9999468129563638
31.93215726468181,0.0,0.0,0.9999468129563638
31.959447178865016,0.0,0.0,0.9999468129563638
31.986737093048223,0.0,0.0,0.9999468129563638
32.014027007231434,0.0,0.0,0.9999544111054547
32.041316921414634,0.0,0.0,0.9999620092545456
32.06860683559783,0.0,0.0,0.9999620092545456
32.09589674978105,0.0,0.0,0.9999620092545456
32.12318666396425,0.0,0.0,0.9999620092545456
32.15047657814746,0.0,0.0,0.9999620092545456
32.17776649233066,0.0,0.0,0.9999620092545456
32.205056406513876,0.0,0.0,0.9999620092545456
32.232346320697076,0.0,0.0,0.9999620092545456
32.25963623488029,0.0,0.0,0.9999696074036365
32.28692614906349,0.0,0.0,0.9999696074036365
32.314216063246704,0.0,0.0,0.9999696074036365
32.341505977429904,0.0,0.0,0.9999696074036365
32.36879589161312,0.0,0.0,0.9999696074036365
32.39608580579632,0.0,0.0,0.9999696074036365
32.42337571997953,0.0,0.0,0.9999696074036365
32.45066563416273,0.0,0.0,0.9999696074036365
32.477955548345946,0.0,0.0,0.9999696074036365
32.505245462529146,0.0,0.0,0.9999696074036365
32.532535376712346,0.0,0.0,0.9999696074036365
32.55982529089556,0.0,0.0,0.9999696074036365
32.58711520507876,0.0,0.0,0.9999696074036365
32.614405119261974,0.0,0.0,0.9999696074036365
32.641695033445174,0.0,0.0,0.9999696074036365
32.66898494762839,0.0,0.0,0.9999696074036365
32.69627486181159,0.0,0.0,0.9999696074036365
32.7235647759948,0.0,0.0,0.9999696074036365
32.750854690178,0.0,0.0,0.9999696074036365
32.778144604361216,0.0,0.0,0.9999696074036365
32.805434518544416,0.0,0.0,0.9999696074036365
32.83272443272763,0.0,0.0,0.9999696074036365
32.86001434691083,0.0,0.0,0.9999696074036365
32.887304261094044,0.0,0.0,0.9999696074036365
32.914594175277244,0.0,0.0,0.9999696074036365
32.94188408946046,0.0,0.0,0.9999696074036365
32.96917400364366,0.0,0.0,0.9999696074036365
32.99646391782686,0.0,0.0,0.9999696074036365
33.02375383201007,0.0,0.0,0.9999696074036365
33.05104374619327,0.0,0.0,0.9999696074036365
33.07833366037649,0.0,0.0,0.9999696074036365
33.10562357455969,0.0,0.0,0.9999696074036365
33.1329134887429,0.0,0.0,0.9999696074036365
33.1602034029261,0.0,0.0,0.9999696074036365
33.187493317109315,0.0,0.0,0.9999696074036365
33.214783231292515,0.0,0.0,0.9999772055527274
33.24207314547573,0.0,0.0,0.9999772055527274
33.26936305965893,0.0,0.0,0.9999772055527274
33.29665297384214,0.0,0.0,0.9999772055527274
33.32394288802534,0.0,0.0,0.9999772055527274
33.35123280220856,0.0,0.0,0.9999772055527274
33.37852271639176,0.0,0.0,0.9999772055527274
33.40581263057497,0.0,0.0,0.9999772055527274
33.43310254475817,0.0,0.0,0.9999772055527274
33.46039245894137,0.0,0.0,0.9999772055527274
33.487682373124585,0.0,0.0,0.9999772055527274
33.514972287307785,0.0,0.0,0.9999772055527274
33.542262201491,0.0,0.0,0.9999772055527274
33.5695521156742,0.0,0.0,0.9999772055527274
33.59684202985741,0.0,0.0,0.9999772055527274
33.62413194404061,0.0,0.0,0.9999772055527274
33.65142185822383,0.0,0.0,0.9999772055527274
33.67871177240703,0.0,0.0,0.9999772055527274
33.70600168659024,0.0,0.0,0.9999772055527274
33.73329160077344,0.0,0.0,0.9999848037018182
33.760581514956655,0.0,0.0,0.9999848037018182
33.787871429139855,0.0,0.0,0.9999848037018182
33.81516134332307,0.0,0.0,0.9999848037018182
33.84245125750627,0.0,0.0,0.9999848037018182
33.86974117168948,0.0,0.0,0.9999848037018182
33.89703108587268,0.0,0.0,0.9999848037018182
33.92432100005588,0.0,0.0,0.9999848037018182
33.9516109142391,0.0,0.0,0.9999848037018182
33.9789008284223,0.0,0.0,0.9999848037018182
34.00619074260551,0.0,0.0,0.9999848037018182
34.03348065678871,0.0,0.0,0.9999848037018182
34.060770570971926,0.0,0.0,0.9999848037018182
34.088060485155125,0.0,0.0,0.9999848037018182
34.11535039933834,0.0,0.0,0.9999848037018182
34.14264031352154,0.0,0.0,0.9999848037018182
34.169930227704754,0.0,0.0,0.9999848037018182
34.197220141887954,0.0,0.0,0.9999848037018182
34.22451005607117,0.0,0.0,0.9999848037018182
34.25179997025437,0.0,0.0,0.9999848037018182
34.27908988443758,0.0,0.0,0.9999848037018182
34.30637979862078,0.0,0.0,0.9999848037018182
34.33366971280398,0.0,0.0,0.9999848037018182
34.360959626987196,0.0,0.0,0.9999848037018182
34.388249541170396,0.0,0.0,0.9999848037018182
34.41553945535361,0.0,0.0,0.9999848037018182
34.44282936953681,0.0,0.0,0.9999848037018182
34.470119283720024,0.0,0.0,0.9999848037018182
34.497409197903224,0.0,0.0,0.9999848037018182
34.52469911208644,0.0,0.0,0.9999848037018182
34.55198902626964,0.0,0.0,0.9999848037018182
34.57927894045285,0.0,0.0,0.9999848037018182
34.60656885463605,0.0,0.0,0.9999848037018182
34.633858768819266,0.0,0.0,0.9999924018509091
34.661148683002466,0.0,0.0,0.9999924018509091
34.68843859718568,0.0,0.0,0.9999924018509091
34.71572851136888,0.0,0.0,0.9999924018509091
34.743018425552094,0.0,0.0,0.9999924018509091
34.770308339735294,0.0,0.0,0.9999924018509091
34.797598253918494,0.0,0.0,0.9999924018509091
34.82488816810171,0.0,0.0,0.9999924018509091
34.85217808228491,0.0,0.0,0.9999924018509091
34.87946799646812,0.0,0.0,0.9999924018509091
34.90675791065132,0.0,0.0,0.9999924018509091
34.934047824834536,0.0,0.0,0.9999924018509091
34.961337739017736,0.0,0.0,0.9999924018509091
34.98862765320095,0.0,0.0,0.9999924018509091
35.01591756738415,0.0,0.0,0.9999924018509091
35.043207481567364,0.0,0.0,0.9999924018509091
35.070497395750564,0.0,0.0,0.9999924018509091
35.09778730993378,0.0,0.0,0.9999924018509091
35.12507722411698,0.0,0.0,0.9999924018509091
35.15236713830019,0.0,0.0,0.9999924018509091
35.17965705248339,0.0,0.0,0.9999924018509091
35.20694696666661,0.0,0.0,0.9999924018509091
35.23423688084981,0.0,0.0,0.9999924018509091
35.26152679503301,0.0,0.0,0.9999924018509091
35.28881670921622,0.0,0.0,0.9999924018509091
35.31610662339942,0.0,0.0,0.9999924018509091
35.343396537582635,0.0,0.0,0.9999924018509091
35.370686451765835,0.0,0.0,0.9999924018509091
35.39797636594905,0.0,0.0,0.9999924018509091
35.42526628013225,0.0,0.0,0.9999924018509091
35.45255619431546,0.0,0.0,0.9999924018509091
35.47984610849866,0.0,0.0,0.9999924018509091
35.50713602268188,0.0,0.0,0.9999924018509091
35.53442593686508,0.0,0.0,0.9999924018509091
35.56171585104829,0.0,0.0,0.9999924018509091
35.58900576523149,0.0,0.0,0.9999924018509091
35.616295679414705,0.0,0.0,0.9999924018509091
35.643585593597905,0.0,0.0,0.9999924018509091
35.67087550778112,0.0,0.0,0.9999924018509091
35.69816542196432,0.0,0.0,0.9999924018509091
35.72545533614752,0.0,0.0,0.9999924018509091
35.75274525033073,0.0,0.0,0.9999924018509091
35.78003516451393,0.0,0.0,0.9999924018509091
35.80732507869715,0.0,0.0,0.9999924018509091
35.83461499288035,0.0,0.0,0.9999924018509091
35.86190490706356,0.0,0.0,0.9999924018509091
35.88919482124676,0.0,0.0,0.9999924018509091
35.916484735429975,0.0,0.0,0.9999924018509091
35.943774649613175,0.0,0.0,0.9999924018509091
35.97106456379638,0.0,0.0,0.9999924018509091
