Threshold,Precision,Recall,Specificity
-16.584781074749387,0.005381748917225376,1.0,0.0
-16.558796065065728,0.005381789596214606,1.0,7.599534908463602e-06
-16.53281105538207,0.005381789596214606,1.0,7.599534908463602e-06
-16.50682604569841,0.005381830275818802,1.0,1.5199069816927204e-05
-16.480841036014752,0.005381830275818802,1.0,1.5199069816927204e-05
-16.454856026331093,0.005381830275818802,1.0,1.5199069816927204e-05
-16.428871016647435,0.005381870956037976,1.0,2.2798604725390806e-05
-16.402886006963772,0.005381870956037976,1.0,2.2798604725390806e-05
-16.376900997280114,0.005381870956037976,1.0,2.2798604725390806e-05
-16.350915987596455,0.0053819116368721415,1.0,3.039813963385441e-05
-16.324930977912796,0.005381952318321314,1.0,3.799767454231801e-05
-16.298945968229138,0.005381952318321314,1.0,3.799767454231801e-05
-16.27296095854548,0.005381952318321314,1.0,3.799767454231801e-05
-16.24697594886182,0.005381952318321314,1.0,3.799767454231801e-05
-16.22099093917816,0.005381952318321314,1.0,3.799767454231801e-05
-16.195005929494503,0.005381952318321314,1.0,3.799767454231801e-05
-16.169020919810844,0.005381952318321314,1.0,3.799767454231801e-05
-16.143035910127185,0.005381952318321314,1.0,3.799767454231801e-05
-16.117050900443527,0.005381993000385508,1.0,4.559720945078161e-05
-16.091065890759868,0.005381993000385508,1.0,4.559720945078161e-05
-16.065080881076206,0.005381993000385508,1.0,4.559720945078161e-05
-16.039095871392547,0.005381993000385508,1.0,4.559720945078161e-05
-16.01311086170889,0.005381993000385508,1.0,4.559720945078161e-05
-15.98712585202523,0.0053820336830647355,1.0,5.319674435924521e-05
-15.961140842341571,0.0053820336830647355,1.0,5.319674435924521e-05
-15.935155832657912,0.005382074366359011,1.0,6.079627926770882e-05
-15.909170822974254,0.005382074366359011,1.0,6.079627926770882e-05
-15.883185813290595,0.005382074366359011,1.0,6.079627926770882e-05
-15.857200803606936,0.005382074366359011,1.0,6.079627926770882e-05
-15.831215793923278,0.005382074366359011,1.0,6.079627926770882e-05
-15.805230784239617,0.00538211505026835,1.0,6.839581417617242e-05
-15.779245774555958,0.00538211505026835,1.0,6.839581417617242e-05
-15.7532607648723,0.00538211505026835,1.0,6.839581417617242e-05
-15.727275755188641,0.00538211505026835,1.0,6.839581417617242e-05
-15.701290745504982,0.00538211505026835,1.0,6.839581417617242e-05
-15.675305735821322,0.00538211505026835,1.0,6.839581417617242e-05
-15.649320726137663,0.00538211505026835,1.0,6.839581417617242e-05
-15.623335716454005,0.005382155734792764,1.0,7.599534908463601e-05
-15.597350706770346,0.005382155734792764,1.0,7.599534908463601e-05
-15.571365697086687,0.005382155734792764,1.0,7.599534908463601e-05
-15.545380687403028,0.005382155734792764,1.0,7.599534908463601e-05
-15.51939567771937,0.005382155734792764,1.0,7.599534908463601e-05
-15.493410668035711,0.005382155734792764,1.0,7.599534908463601e-05
-15.46742565835205,0.005382155734792764,1.0,7.599534908463601e-05
-15.441440648668392,0.005382155734792764,1.0,7.599534908463601e-05
-15.415455638984733,0.005382277792056605,1.0,9.879395381002682e-05
-15.389470629301075,0.005382277792056605,1.0,9.879395381002682e-05
-15.363485619617416,0.005382277792056605,1.0,9.879395381002682e-05
-15.337500609933755,0.005382440543686972,1.0,0.00012919209344388125
-15.311515600250097,0.005382440543686972,1.0,0.00012919209344388125
-15.285530590566438,0.005382521923193226,1.0,0.00014439116326080844
-15.25954558088278,0.00538256261386917,1.0,0.00015199069816927203
-15.23356057119912,0.005382643997066761,1.0,0.00016718976798619925
-15.207575561515462,0.005382643997066761,1.0,0.00016718976798619925
-15.181590551831803,0.005382725382725382,1.0,0.00018238883780312645
-15.155605542148143,0.005382725382725382,1.0,0.00018238883780312645
-15.129620532464484,0.005382766076477615,1.0,0.00018998837271159006
-15.103635522780825,0.005382806770845146,1.0,0.00019758790762005365
-15.077650513097167,0.005382806770845146,1.0,0.00019758790762005365
-15.051665503413508,0.00538284746582799,1.0,0.00020518744252851726
-15.02568049372985,0.00538284746582799,1.0,0.00020518744252851726
-14.999695484046189,0.005382888161426163,1.0,0.00021278697743698085
-14.97371047436253,0.005382928857639677,1.0,0.00022038651234544446
-14.947725464678872,0.005382928857639677,1.0,0.00022038651234544446
-14.921740454995213,0.005382969554468545,1.0,0.00022798604725390807
-14.895755445311554,0.005383010251912783,1.0,0.00023558558216237166
-14.869770435627895,0.005383091648647423,1.0,0.0002507846519792989
-14.843785425944237,0.005383213748365,1.0,0.00027358325670468966
-14.817800416260576,0.005383335853621655,1.0,0.0002963818614300805
-14.791815406576918,0.005383376556604843,1.0,0.00030398139633854406
-14.765830396893259,0.005383457964417762,1.0,0.0003191804661554713
-14.7398453872096,0.005383580080753701,1.0,0.00034197907088086207
-14.713860377525942,0.0053837022026298476,1.0,0.0003647776756062529
-14.687875367842283,0.0053837429111531195,1.0,0.0003723772105147165
-14.661890358158622,0.005383783620292025,1.0,0.0003799767454231801
-14.635905348474964,0.005383905751402689,1.0,0.0004027753501485709
-14.609920338791305,0.005384027888054566,1.0,0.0004255739548739617
-14.583935329107646,0.005384109315567789,1.0,0.0004407730246908889
-14.557950319423988,0.005384190745544053,1.0,0.00045597209450781614
-14.531965309740329,0.005384272177983469,1.0,0.0004711711643247433
-14.50598030005667,0.005384312895126894,1.0,0.0004787706992332069
-14.47999529037301,0.005384394331261249,1.0,0.0004939697690501341
-14.454010280689351,0.005384435050252206,1.0,0.0005015693039585978
-14.428025271005692,0.005384516490081751,1.0,0.000516768373775525
-14.402040261322034,0.005384679377131751,1.0,0.0005471665134093793
-14.376055251638375,0.005384882999803361,1.0,0.0005851641879516974
-14.350070241954715,0.005384882999803361,1.0,0.0005851641879516974
-14.324085232271056,0.005385005180798524,1.0,0.0006079627926770881
-14.298100222587397,0.005385168097417086,1.0,0.0006383609323109426
-14.272115212903739,0.005385208828112,1.0,0.0006459604672194062
-14.24613020322008,0.005385208828112,1.0,0.0006459604672194062
-14.220145193536421,0.005385453225220864,1.0,0.0006915576766701877
-14.194160183852762,0.005385616168951015,1.0,0.0007219558163040422
-14.168175174169104,0.005385779122541604,1.0,0.0007523539559378966
-14.142190164485443,0.005385819862480049,1.0,0.0007599534908463603
-14.116205154801785,0.005386023571417765,1.0,0.0007979511653886782
-14.090220145118126,0.005386145804177289,1.0,0.000820749770114069
-14.064235135434467,0.005386268042484946,1.0,0.0008435483748394598
-14.038250125750809,0.005386349537772533,1.0,0.000858747444656387
-14.012265116067148,0.005386512535746168,1.0,0.0008891455842902414
-13.98628010638349,0.005386594038432441,1.0,0.0009043446541071687
-13.96029509669983,0.005386920073843174,1.0,0.0009651409333748775
-13.934310087016172,0.005386920073843174,1.0,0.0009651409333748775
-13.908325077332513,0.005387083106349494,1.0,0.0009955390730087318
-13.882340067648855,0.0053872053872053875,1.0,0.0010183376777341227
-13.856355057965196,0.005387246148724312,1.0,0.0010259372126425863
-13.830370048281537,0.005387327673612687,1.0,0.0010411362824595135
-13.804385038597877,0.0053874499655717735,1.0,0.0010639348871849042
-13.778400028914218,0.005387776104607608,1.0,0.001124731166452613
-13.75241501923056,0.005387898416926476,1.0,0.0011475297711780038
-13.7264300095469,0.005388020734798895,1.0,0.0011703283759033948
-13.700444999863242,0.005388183833934963,1.0,0.0012007265155372492
-13.674459990179582,0.005388387721741236,1.0,0.0012387241900795672
-13.648474980495923,0.00538875475867915,1.0,0.0013071200042557396
-13.622489970812264,0.00538883632923368,1.0,0.0013223190740726668
-13.596504961128606,0.005388958689695887,1.0,0.0013451176787980575
-13.570519951444947,0.005389162636148263,1.0,0.0013831153533403755
-13.544534941761288,0.005389611372685571,1.0,0.0014667102373334751
-13.51854993207763,0.005389856169568509,1.0,0.0015123074467842568
-13.49256492239397,0.005390223406590911,1.0,0.0015807032609604292
-13.46657991271031,0.005390345830052692,1.0,0.0016035018656858201
-13.440594903026652,0.005390427448783369,1.0,0.0016187009355027471
-13.414609893342993,0.005390713133806283,1.0,0.0016718976798619925
-13.388624883659334,0.005390998849112605,1.0,0.0017250944242212377
-13.362639873975674,0.005391243772053367,1.0,0.0017706916336720192
-13.336654864292015,0.005391488717249735,1.0,0.0018162888431228008
-13.310669854608356,0.005391692855249706,1.0,0.0018542865176651188
-13.284684844924698,0.005391856176780184,1.0,0.0018846846572989732
-13.258699835241039,0.005392142013268305,1.0,0.0019378814016582184
-13.23271482555738,0.005392427880063922,1.0,0.0019910781460174636
-13.206729815873722,0.005392877160559284,1.0,0.0020746730300105634
-13.180744806190063,0.005393367370127411,1.0,0.0021658674489121264
-13.154759796506404,0.005393775946183449,1.0,0.0022418627979967627
-13.128774786822744,0.005394102851601564,1.0,0.0023026590772644716
-13.102789777139085,0.00539434805667096,1.0,0.002348256286715253
-13.076804767455426,0.00539471590607739,1.0,0.0024166521008914255
-13.050819757771768,0.005395410869631112,1.0,0.0025458441943353068
-13.024834748088107,0.0053956153047537495,1.0,0.0025838418688776247
-12.998849738404449,0.005396024221479511,1.0,0.0026598372179622606
-12.97286472872079,0.00539639229953009,1.0,0.002728233032138433
-12.946879719037131,0.005396924056485784,1.0,0.00282702698594846
-12.920894709353473,0.0053974559182497685,1.0,0.0029258209397584867
-12.894909699669814,0.00539794696062228,1.0,0.00301701535866005
-12.868924689986155,0.005398438092349685,1.0,0.0031082097775616134
-12.842939680302496,0.005398888374949765,1.0,0.003191804661554713
-12.816954670618836,0.005399502517745556,1.0,0.0033057976851816667
-12.790969660935177,0.0054002806325609614,1.0,0.0034501888484424754
-12.764984651251519,0.005400772189057368,1.0,0.0035413832673440383
-12.73899964156786,0.005401345784750301,1.0,0.003647776756062529
-12.713014631884201,0.005402042457625832,1.0,0.00377696884950641
-12.68702962220054,0.005402698313933195,1.0,0.003898561408041828
-12.661044612516882,0.0054033953357770035,1.0,0.004027753501485709
-12.635059602833223,0.005403887459489818,1.0,0.004118947920387272
-12.609074593149565,0.005404379672852859,1.0,0.004210142339288836
-12.583089583465906,0.005404954035117019,1.0,0.004316535828007326
-12.557104573782247,0.0054055285194773645,1.0,0.0044229293167258165
-12.531119564098589,0.005406267321695685,1.0,0.004559720945078161
-12.50513455441493,0.005406677854642377,1.0,0.004635716294162797
-12.479149544731271,0.005407252705524967,1.0,0.004742109782881288
-12.45316453504761,0.0054077044598371616,1.0,0.004825704666874387
-12.427179525363952,0.0054084438570104676,1.0,0.004962496295226732
-12.401194515680293,0.005409019083505531,1.0,0.005068889783945222
-12.375209505996633,0.0054098821527076004,1.0,0.005228480017022958
-12.349224496312974,0.0054107043794788395,1.0,0.00538047071519223
-12.323239486629316,0.005411609117649294,1.0,0.00554766048317843
-12.297254476945657,0.005412473013652811,1.0,0.005707250716256165
-12.271269467261998,0.00541325487154924,1.0,0.0058516418795169734
-12.24528445757834,0.005414036955364611,1.0,0.005996033042777782
-12.21929944789468,0.005414860445661267,1.0,0.0061480237409470544
-12.193314438211022,0.005416219752466586,1.0,0.006398808392926353
-12.167329428527363,0.005416837844828898,1.0,0.006512801416553307
-12.141344418843705,0.005417703411174774,1.0,0.006672391649631042
-12.115359409160044,0.005418857930026714,1.0,0.006885178627068024
-12.089374399476386,0.005419847909324118,1.0,0.00706756746487115
-12.063389389792727,0.005420755708162348,1.0,0.007234757232857349
-12.037404380109066,0.005422200560497137,1.0,0.0075007409546535755
-12.011419370425408,0.005423770129652483,1.0,0.007789523281175192
-11.985434360741749,0.0054252579283439245,1.0,0.008063106537879882
-11.95944935105809,0.005426581101474018,1.0,0.008306291654950717
-11.933464341374432,0.00542753253089196,1.0,0.00848108095784538
-11.907479331690773,0.005428815420275711,1.0,0.008716666540007752
-11.881494322007114,0.005430016091761171,1.0,0.008937053052353197
-11.855509312323456,0.005431341587141756,1.0,0.00918023816942403
-11.829524302639797,0.005432709182194143,1.0,0.00943102282140333
-11.803539292956136,0.005433911576826504,1.0,0.009651409333748775
-11.777554283272478,0.0054351974839310525,1.0,0.009886994915911147
-11.751569273588819,0.005436317963518641,1.0,0.010092182358439663
-11.72558426390516,0.005437605009928212,1.0,0.010327767940602035
-11.6995992542215,0.005439017310130934,1.0,0.010586152127489798
-11.673614244537841,0.005432789290298918,0.9985955056179775,0.010836936779469097
-11.647629234854183,0.005434284141979271,0.9985955056179775,0.011110520036173787
-11.621644225170524,0.005435987614205436,0.9985955056179775,0.011422100967420794
-11.595659215486865,0.005437733742246832,0.9985955056179775,0.011741281433576264
-11.569674205803206,0.005439439378174919,0.9985955056179775,0.012052862364823273
-11.543689196119548,0.005441562516741797,0.9985955056179775,0.012440438645154917
-11.51770418643589,0.0054360725524274746,0.9971910112359551,0.012828014925486561
-11.49171917675223,0.005437404749687924,0.9971910112359551,0.013071200042557395
-11.46573416706857,0.005439237587429998,0.9971910112359551,0.013405579578529794
-11.439749157384911,0.005440654717660672,0.9971910112359551,0.013663963765417557
-11.413764147701253,0.005442531467030524,0.9971910112359551,0.014005942836298418
-11.387779138017594,0.005444534760670521,0.9971910112359551,0.014370720511904671
-11.361794128333933,0.005446790229532344,0.9971910112359551,0.014781095396961706
-11.335809118650275,0.005448838476474064,0.9971910112359551,0.015153472607476423
-11.309824108966616,0.005451013811794151,0.9971910112359551,0.01554864842271653
-11.283839099282957,0.005452897715927069,0.9971910112359551,0.015890627493597393
-11.257854089599299,0.0054546991080414555,0.9971910112359551,0.016217407494661325
-11.23186907991564,0.005457634154028272,0.9971910112359551,0.016749374938253778
-11.205884070231981,0.005460194413682786,0.9971910112359551,0.01721294656767006
-11.179899060548323,0.005462799107486343,0.9971910112359551,0.0176841177319948
-11.153914050864664,0.005457120426101815,0.9957865168539326,0.01804129587269259
-11.127929041181003,0.0054514795223025575,0.9943820224719101,0.018406073548298846
-11.101944031497345,0.005453663120758583,0.9943820224719101,0.01880124936353895
-11.075959021813686,0.005456226880394575,0.9943820224719101,0.01926482099295523
-11.049974012130026,0.005458750963762529,0.9943820224719101,0.019720793087463048
-11.023989002446367,0.005461235257364568,0.9943820224719101,0.0201691656470624
-10.998003992762708,0.005463173733554536,0.9943820224719101,0.020518744252851724
-10.97201898307905,0.00546583083716765,0.9943820224719101,0.020997514952084934
-10.94603397339539,0.005467941489936825,0.9943820224719101,0.021377491697508112
-10.920048963711732,0.0054714064914992274,0.9943820224719101,0.022000653560002126
-10.894063954028073,0.0054743255677293145,0.9943820224719101,0.022525021468686117
-10.868078944344415,0.005477798667687951,0.9943820224719101,0.02314818333118013
-10.842093934660756,0.005480215493219394,0.9943820224719101,0.023581356820962556
-10.816108924977097,0.005475145010028731,0.9929775280898876,0.0240525279852873
-10.790123915293437,0.005478454254519531,0.9929775280898876,0.02464529170814746
-10.764138905609778,0.005480662640795665,0.9929775280898876,0.02504046752338757
-10.73815389592612,0.005483383100011634,0.9929775280898876,0.02552683775752924
-10.712168886242459,0.005485680589070538,0.9929775280898876,0.025937212642586274
-10.6861838765588,0.005488320822238955,0.9929775280898876,0.026408383806911018
-10.660198866875142,0.005491219485673898,0.9929775280898876,0.026925152180686543
-10.634213857191483,0.005494761712313862,0.9929775280898876,0.027555913578089022
-10.608228847507824,0.005498137476767064,0.9929775280898876,0.028156276835857644
-10.582243837824166,0.005501217737731195,0.9929775280898876,0.028703443349267024
-10.556258828140507,0.005504858602217516,0.9929775280898876,0.02934940381648643
-10.530273818456848,0.0055080322223780365,0.9929775280898876,0.029911769399712736
-10.50428880877319,0.005512455654750302,0.9929775280898876,0.03069452149528449
-10.478303799089531,0.005515293823963054,0.9929775280898876,0.031196090799243088
-10.45231878940587,0.005519685838531623,0.9929775280898876,0.03197124335990637
-10.426333779722212,0.005523049160605895,0.9929775280898876,0.032564007082766536
-10.400348770038553,0.005526157405598068,0.9929775280898876,0.033111173596175915
-10.374363760354893,0.0055304802209063105,0.9929775280898876,0.03387112708702227
-10.348378750671234,0.005534333218523969,0.9929775280898876,0.034547485693875536
-10.322393740987575,0.005529665165459174,0.9915730337078652,0.035094652207284915
-10.296408731303917,0.0055338694759284515,0.9915730337078652,0.03583180709340588
-10.270423721620258,0.005538384297974489,0.9915730337078652,0.0366221587238861
-10.2444387119366,0.0055420797714088345,0.9915730337078652,0.0372681191911055
-10.21845370225294,0.005546128707893414,0.9915730337078652,0.03797487593759262
-10.192468692569282,0.005550358100299531,0.9915730337078652,0.03871203082371359
-10.166483682885623,0.005554550246650355,0.9915730337078652,0.039441586174926095
-10.140498673201963,0.005558923804949489,0.9915730337078652,0.04020153966577245
-10.114513663518304,0.0055625590923416325,0.9915730337078652,0.04083230106317493
-10.088528653834645,0.005566681910649236,0.9915730337078652,0.04154665734457051
-10.062543644150987,0.005571778075921395,0.9915730337078652,0.04242820339395229
-10.036558634467326,0.005576266902565399,0.9915730337078652,0.04320335595461558
-10.010573624783667,0.005581071787128752,0.9915730337078652,0.04403170525963811
-9.984588615100009,0.005585840763978448,0.9915730337078652,0.04485245502975218
-9.95860360541635,0.0055909720847356955,0.9915730337078652,0.04573400107913396
-9.932618595732691,0.005595669300699855,0.9915730337078652,0.0465395517794311
-9.906633586049033,0.005600196720791325,0.9915730337078652,0.04731470434009439
-9.880648576365374,0.0056042420778561,0.9915730337078652,0.04800626201676458
-9.854663566681715,0.005601239423191515,0.9901685393258427,0.04884221085669557
-9.828678556998057,0.005606807698425322,0.9901685393258427,0.04979215272025352
-9.802693547314396,0.0056047831729123376,0.9887640449438202,0.05079529132817072
-9.776708537630737,0.005610724134083555,0.9887640449438202,0.05180602947099638
-9.750723527947079,0.005616229627206803,0.9887640449438202,0.0527407722647374
-9.72473851826342,0.005621341935689932,0.9887640449438202,0.05360711924430225
-9.69875350857976,0.005628172842467122,0.9887640449438202,0.05476224855038871
-9.672768498896101,0.005633847902111893,0.9887640449438202,0.05571978994885513
-9.646783489212442,0.005639895854195874,0.9887640449438202,0.05673812762658925
-9.620798479528784,0.005646500212545817,0.9887640449438202,0.05784765972322494
-9.594813469845125,0.005652484604205641,0.9887640449438202,0.05885079833114214
-9.568828460161466,0.005658572657198203,0.9887640449438202,0.05986913600887626
-9.542843450477807,0.0056561723080884065,0.9873595505617978,0.06080387880261728
-9.516858440794149,0.005662231386320436,0.9873595505617978,0.06181461694544294
-9.49087343111049,0.005667435223553312,0.9873595505617978,0.06268096392500778
-9.46488842142683,0.0056743885705060945,0.9873595505617978,0.06383609323109425
-9.438903411743171,0.005681588581865792,0.9873595505617978,0.06502922021172304
-9.412918402059512,0.005688898959328014,0.9873595505617978,0.06623754626216875
-9.386933392375852,0.005695259081629347,0.9873595505617978,0.06728628207953673
-9.360948382692193,0.005702234659528734,0.9873595505617978,0.06843381185071473
-9.334963373008534,0.005708995525381885,0.9873595505617978,0.06954334394735043
-9.308978363324876,0.0057164696124510075,0.9873595505617978,0.07076686906761306
-9.282993353641217,0.005723870085247397,0.9873595505617978,0.07197519511805878
-9.257008343957558,0.005723557084736366,0.9859550561797753,0.0732443174477722
-9.2310233342739,0.005721748357343999,0.9845505617977528,0.07427025466041479
-9.205038324590241,0.005729277342792226,0.9845505617977528,0.07549377978067742
-9.179053314906582,0.005737060922512849,0.9845505617977528,0.07675530257548238
-9.153068305222924,0.005745101092470721,0.9845505617977528,0.07805482304482966
-9.127083295539263,0.005736702586030021,0.9817415730337079,0.07933154490945155
-9.101098285855604,0.005728516010257085,0.9789325842696629,0.08064626444861575
-9.075113276171946,0.005728536507074249,0.9775280898876404,0.08196858352268842
-9.049128266488285,0.005737319781388333,0.9775280898876404,0.08338209701566264
-9.023143256804627,0.005745276243778015,0.9775280898876404,0.08465881888028452
-8.997158247120968,0.005745748559429228,0.976123595505618,0.08604953376853336
-8.97117323743731,0.00575364466483985,0.976123595505618,0.08731105656333832
-8.94518822775365,0.005762231268602887,0.976123595505618,0.08867897284686177
-8.919203218069992,0.005770220679806718,0.976123595505618,0.08994809517657519
-8.893218208386333,0.0057781842367808445,0.976123595505618,0.09120961797138015
-8.867233198702674,0.0057862661515918476,0.976123595505618,0.09248633983600203
-8.841248189019016,0.005795675342111627,0.976123595505618,0.09396824914315244
-8.815263179335357,0.005804533382330833,0.976123595505618,0.09535896403140127
-8.789278169651697,0.005813175415704775,0.976123595505618,0.0967116812451078
-8.763293159968038,0.005822916317570964,0.976123595505618,0.09823158822680052
-8.73730815028438,0.005832885725795623,0.976123595505618,0.0997818933481271
-8.711323140600719,0.005841710654607807,0.976123595505618,0.10114980963165054
-8.68533813091706,0.005851251915337857,0.976123595505618,0.10262411940389249
-8.659353121233401,0.005860527869128932,0.976123595505618,0.10405283196668363
-8.633368111549743,0.005870924142591654,0.976123595505618,0.105648734297461
-8.607383101866084,0.005872795586094845,0.9747191011235955,0.10722183802351296
-8.581398092182425,0.005884148409414637,0.9747191011235955,0.10895453198264267
-8.555413082498767,0.005894944278336504,0.9747191011235955,0.1105960315228708
-8.529428072815108,0.005905227061936812,0.9747191011235955,0.11215393617910584
-8.503443063131447,0.005915646629615739,0.9747191011235955,0.1137270399051578
-8.477458053447789,0.005917867176758922,0.973314606741573,0.11533814130575208
-8.45147304376413,0.005928600148856627,0.973314606741573,0.11694924270634637
-8.425488034080471,0.005939779379623042,0.973314606741573,0.11862114038620837
-8.399503024396813,0.005950489863559475,0.973314606741573,0.12021704271698572
-8.373518014713154,0.005952585761965386,0.9719101123595506,0.12179774597794615
-8.347533005029494,0.00596371784375404,0.9719101123595506,0.12344684505308275
-8.321547995345835,0.005967442462973358,0.9705056179775281,0.12526313389620555
-8.295562985662176,0.00597885337532663,0.9705056179775281,0.126942631110976
-8.269577975978518,0.005990931238674886,0.9705056179775281,0.12871332274464803
-8.243592966294859,0.005994578815679733,0.9691011235955056,0.13050681298304545
-8.2176079566112,0.0060052219321148825,0.9691011235955056,0.132057118104372
-8.191622946927541,0.006017686766321885,0.9691011235955056,0.13386580741258636
-8.165637937243881,0.006010885994111428,0.9662921348314607,0.13539331392918755
-8.139652927560222,0.00602309436472988,0.9662921348314607,0.1371564060279511
-8.113667917876564,0.00603657038570877,0.9662921348314607,0.1390942874296093
-8.087682908192905,0.006049521665728756,0.9662921348314607,0.14094857394727442
-8.061697898509246,0.00606204787960491,0.9662921348314607,0.14273446465076337
-8.035712888825588,0.006075055187637969,0.9662921348314607,0.14458115163352003
-8.009727879141927,0.006087741341780664,0.9662921348314607,0.14637464187191743
-7.983742869458268,0.0061008051644025115,0.9662921348314607,0.14821372931976562
-7.95775785977461,0.006104984404297483,0.9648876404494382,0.1500376176977969
-7.931772850090951,0.006118795479038449,0.9648876404494382,0.15196789956454665
-7.905787840407292,0.006132176520994002,0.9648876404494382,0.15382978561712024
-7.879802830723634,0.006135792420596943,0.9634831460674157,0.15556247957624994
-7.853817821039975,0.006148496038432582,0.9634831460674157,0.15731797214010504
-7.8278328113563145,0.0061625253777466355,0.9634831460674157,0.15924825400685477
-7.801847801672656,0.006177230691651734,0.9634831460674157,0.16126213075759763
-7.775862791988997,0.006182143082768517,0.9620786516853933,0.16315441494980507
-7.749877782305338,0.006196515477719682,0.9620786516853933,0.16510749542128023
-7.72389277262168,0.006201550387596899,0.9606741573033708,0.1670073791483961
-7.697907762938021,0.006215752024208718,0.9606741573033708,0.16892246194532895
-7.671922753254361,0.006221307294323399,0.9592696629213483,0.17088314195171256
-7.645937743570702,0.006227514290410359,0.9578651685393258,0.17292741684208926
-7.619952733887043,0.006243420149219573,0.9578651685393258,0.1750476870815506
-7.5939677242033845,0.006259867092557918,0.9578651685393258,0.17722875360027968
-7.567982714519726,0.0062745530990956176,0.9578651685393258,0.17916663500193789
-7.541997704836067,0.006290584415584416,0.9578651685393258,0.1812717061715823
-7.516012695152407,0.006307222787385555,0.9578651685393258,0.1834451731554029
-7.490027685468748,0.006323304436511984,0.9578651685393258,0.18553504525523037
-7.464042675785089,0.006321758936457026,0.9550561797752809,0.1877237113088679
-7.438057666101431,0.0063381988330257445,0.9550561797752809,0.18984398154832924
-7.412072656417772,0.0063449642102902425,0.9536516853932584,0.1919034555085229
-7.386087646734113,0.006361847652956058,0.9536516853932584,0.19406172342252653
-7.3601026370504545,0.006369486589318427,0.952247191011236,0.1962199913365302
-7.334117627366794,0.0063847819945380925,0.952247191011236,0.1981578727381884
-7.308132617683135,0.006393427141373123,0.9508426966292135,0.20043013367581905
-7.282147607999477,0.006399939408857668,0.949438202247191,0.20242881135674498
-7.256162598315818,0.006398329219669641,0.9466292134831461,0.20458707927074862
-7.230177588632159,0.006414587953137343,0.9466292134831461,0.2066161550913084
-7.204192578948501,0.006430868167202572,0.9466292134831461,0.20863763137695973
-7.17820756926484,0.006440376278744844,0.9452247191011236,0.210985887663675
-7.1522225595811815,0.00645972510174307,0.9452247191011236,0.2133645420900241
-7.126237549897523,0.006459624937425391,0.9424157303370787,0.21568999977201395
-7.100252540213864,0.006459898418338773,0.9396067415730337,0.2180610546634546
-7.074267530530205,0.006477850399419027,0.9396067415730337,0.22024212118218364
-7.048282520846547,0.006495208691346518,0.9396067415730337,0.22233959281691962
-7.022297511162886,0.006511899547379179,0.9396067415730337,0.224345870032754
-6.996312501479228,0.006533011728172026,0.9396067415730337,0.22686891562236391
-6.970327491795569,0.006551437105224502,0.9396067415730337,0.22905758167600143
-6.94434248211191,0.006550647207872562,0.9367977528089888,0.23126904633436435
-6.9183574724282515,0.006571040135558489,0.9367977528089888,0.23367049936543882
-6.892372462744593,0.006591039348603727,0.9367977528089888,0.23601115611724563
-6.866387453060934,0.006600332989772457,0.9353932584269663,0.23823781984542547
-6.840402443377274,0.006620409948507922,0.9353932584269663,0.24056327752741533
-6.814417433693615,0.0066413378406677236,0.9353932584269663,0.24297233009339828
-6.788432424009956,0.0066418597207218025,0.9325842696629213,0.2453053873102966
-6.762447414326298,0.006662251921417534,0.9325842696629213,0.24763084499228646
-6.736462404642639,0.006682836985074326,0.9325842696629213,0.2499639022091848
-6.71047739495898,0.006696293303706696,0.9311797752808989,0.25260854035733016
-6.68449238527532,0.0067166447168473305,0.9311797752808989,0.2548884008298692
-6.658507375591661,0.0067369832947201565,0.9311797752808989,0.2571530622325914
-6.632522365908002,0.006758065338158096,0.9311797752808989,0.2594861194494897
-6.606537356224344,0.0067805277152791985,0.9311797752808989,0.2619559682947404
-6.580552346540685,0.0067835225056956956,0.9283707865168539,0.26450941202398415
-6.554567336857026,0.006795926562805688,0.9269662921348315,0.2669716613343263
-6.528582327173368,0.006806796467489542,0.925561797752809,0.2692591213417739
-6.502597317489707,0.0068200663349917085,0.9241573033707865,0.27179736600120075
-6.4766123078060485,0.0068446839274754765,0.9241573033707865,0.2744344046144376
-6.45062729812239,0.006859039943206731,0.922752808988764,0.277063843692766
-6.424642288438731,0.006882608057994091,0.922752808988764,0.27955649114274206
-6.398657278755072,0.006907790978866576,0.922752808988764,0.2822011292908874
-6.372672269071414,0.00693067218026077,0.922752808988764,0.28458738325214494
-6.346687259387753,0.006954073478201044,0.922752808988764,0.28701163488794484
-6.3207022497040946,0.0069764478518487055,0.922752808988764,0.2893142939652093
-6.294717240020436,0.007000756550555692,0.922752808988764,0.29179934188027695
-6.268732230336777,0.007006621524769209,0.9199438202247191,0.29455037351714075
-6.2427472206531185,0.007031442895022168,0.9199438202247191,0.2970582200369337
-6.21676221096946,0.007054008938667815,0.9199438202247191,0.2993228814396559
-6.190777201285801,0.007077867346718247,0.9199438202247191,0.301701535866005
-6.164792191602141,0.007082583136293629,0.9171348314606742,0.3043005768046996
-6.138807181918482,0.007109262726995602,0.9171348314606742,0.306930015883028
-6.112822172234823,0.007136066093304337,0.9171348314606742,0.3095518554264479
-6.086837162551165,0.007140663390663391,0.9143258426966292,0.31211289869060016
-6.060852152867506,0.007166052066707029,0.9143258426966292,0.31456754846603385
-6.034867143183847,0.007191860272428993,0.9143258426966292,0.31704499684619303
-6.008882133500187,0.007206448108030201,0.9129213483146067,0.3194844475518098
-5.982897123816528,0.0072263667743013025,0.9115168539325843,0.32241786802647676
-5.956912114132869,0.007242327380021012,0.9101123595505618,0.3249637122208121
-5.930927104449211,0.007260689036022893,0.9087078651685393,0.3277223433925844
-5.904942094765552,0.007292277174158064,0.9087078651685393,0.3306557638672513
-5.878957085081893,0.007319584129965043,0.9087078651685393,0.33317120992195276
-5.852972075398233,0.007349182729988527,0.9087078651685393,0.3358766443493658
-5.826987065714574,0.007377675405087974,0.9087078651685393,0.33846048621824343
-5.8010020560309155,0.007397483023578046,0.9073033707865169,0.3412647145994665
-5.775017046347257,0.007404937391484322,0.9044943820224719,0.34397014902687956
-5.749032036663598,0.007435459289705814,0.9044943820224719,0.3466831829892011
-5.723047026979939,0.007465195265860642,0.9044943820224719,0.349305022532621
-5.697062017296281,0.00748274778601436,0.9030898876404494,0.3518508667269563
-5.67107700761262,0.007501314482678039,0.901685393258427,0.35447270627037625
-5.6450919979289615,0.007518003330909432,0.9002808988764045,0.3569197565109015
-5.619106988245303,0.007539168335492991,0.898876404494382,0.35973918396194154
-5.593121978561644,0.0075699331716837185,0.898876404494382,0.3623610235053615
-5.5671369688779855,0.007604020625905948,0.898876404494382,0.3652412472356692
-5.541151959194327,0.007635318118371291,0.898876404494382,0.36786308677908913
-5.515166949510666,0.0076645788673189545,0.898876404494382,0.37029493794979745
-5.489181939827008,0.007694434759609027,0.898876404494382,0.3727571872601397
-5.463196930143349,0.007712826950234764,0.8974719101123596,0.3752422351752073
-5.43721192045969,0.007721586501163693,0.8946629213483146,0.377909671928078
-5.411226910776032,0.007753542041968937,0.8946629213483146,0.3804935137969556
-5.385241901092373,0.007783384856001271,0.8946629213483146,0.38288736729312167
-5.359256891408712,0.007804542832950878,0.8932584269662921,0.38553960497617545
-5.333271881725054,0.007836565711328519,0.8932584269662921,0.38807025010069385
-5.307286872041395,0.007843428345209819,0.8904494382022472,0.39053249941103607
-5.281301862357736,0.007851224269227425,0.8876404494382022,0.3930631445355544
-5.255316852674078,0.007874605333765957,0.8862359550561798,0.39583697477714364
-5.229331842990419,0.007887444041782135,0.8834269662921348,0.3987399971121767
-5.20334683330676,0.007922912205567453,0.8834269662921348,0.40145303107449826
-5.1773618236231,0.007918738061806636,0.8792134831460674,0.40399127573392507
-5.151376813939441,0.007926728573061826,0.8764044943820225,0.4064991222537181
-5.1253918042557824,0.007947239514236147,0.875,0.4089917697036941
-5.099406794572124,0.007980631276901004,0.875,0.4114844171536702
-5.073421784888465,0.008005457096155579,0.8735955056179775,0.4142658469301679
-5.047436775204806,0.00802460361559435,0.8721910112359551,0.41661410321688314
-5.021451765521146,0.008059596890371312,0.8721910112359551,0.4191675469461269
-4.995466755837487,0.00806567203075119,0.8693820224719101,0.42147780555829983
-4.9694817461538285,0.00810220029057972,0.8693820224719101,0.42410724463662824
-4.94349673647017,0.008137242013934533,0.8693820224719101,0.4266074916215128
-4.917511726786511,0.008134268245982384,0.8651685393258427,0.42917613442057345
-4.8915267171028525,0.008145612778264215,0.8623595505617978,0.43182837210362723
-4.865541707419194,0.008168541122541442,0.8609550561797753,0.4343590172281456
-4.839556697735533,0.008193319499297141,0.8595505617977528,0.437003655376291
-4.813571688051875,0.008232999260106276,0.8595505617977528,0.4397394879433379
-4.787586678368216,0.008267700579549599,0.8595505617977528,0.4421105428347785
-4.761601668684557,0.008290366350067843,0.8581460674157303,0.4445575930753038
-4.735616659000899,0.008301074096287006,0.8553370786516854,0.44709583773473066
-4.70963164931724,0.008311652745447077,0.8525280898876404,0.4496188833243405
-4.683646639633579,0.00833688728693475,0.851123595505618,0.4522027251932182
-4.657661629949921,0.008377802969557884,0.851123595505618,0.45490056008572277
-4.631676620266262,0.008417485033267124,0.851123595505618,0.45749200148950886
-4.605691610582603,0.008456128600133958,0.851123595505618,0.45999224847439335
-4.579706600898945,0.008483012941852802,0.8497191011235955,0.46260648848290487
-4.553721591215286,0.008508600166227618,0.848314606741573,0.4651219345376063
-4.527736581531627,0.008550154299142153,0.848314606741573,0.46774377408102624
-4.501751571847967,0.008548710581340768,0.8441011235955056,0.47029721781027
-4.475766562164308,0.008561913065850975,0.8412921348314607,0.4728810596791476
-4.449781552480649,0.008602366727941176,0.8412921348314607,0.47538130666403217
-4.423796542796991,0.008643578643578644,0.8412921348314607,0.4779043522536421
-4.397811533113332,0.008685313265764785,0.8412921348314607,0.4804349973781605
-4.371826523429673,0.008728851842676653,0.8412921348314607,0.48304923738667194
-4.345841513746013,0.00875690081857986,0.8398876404494382,0.48557988251119033
-4.319856504062354,0.008799811642827712,0.8398876404494382,0.48811052763570867
-4.2938714943786955,0.008840922531046718,0.8398876404494382,0.4905119806667832
-4.267886484695037,0.008869805517999613,0.8384831460674157,0.4930350262563931
-4.241901475011378,0.008868848542761586,0.8342696629213483,0.4955276737063692
-4.2159164653277195,0.008911292137359916,0.8342696629213483,0.49795192534216903
-4.189931455644059,0.008947431951234232,0.8328651685393258,0.5008397486073852
-4.1639464459604,0.008979084194081692,0.8314606741573034,0.5034539886158967
-4.137961436276742,0.008964097873313514,0.8258426966292135,0.5059770342055067
-4.111976426593083,0.008992309813413401,0.824438202247191,0.5083784872365811
-4.085991416909424,0.009035912750334807,0.824438202247191,0.5107723407327471
-4.060006407225766,0.009065874562950587,0.8230337078651685,0.5132345900430894
-4.034021397542107,0.009095290660613504,0.8216292134831461,0.5156512421439808
-4.008036387858446,0.009140053746640835,0.8216292134831461,0.5180450956401468
-3.9820513781747877,0.009150983377544775,0.8188202247191011,0.5202717593683267
-3.956066368491129,0.00919732441471572,0.8188202247191011,0.5227112100739435
-3.9300813588074703,0.009193944677815646,0.8146067415730337,0.5249910705464825
-3.9040963491238116,0.009221947917496217,0.8132022471910112,0.5272633314841132
-3.878111339440153,0.009267855427857989,0.8132022471910112,0.5296267868406453
-3.8521263297564925,0.009301128043383807,0.8117977528089888,0.5321346333604383
-3.826141320072834,0.009313305414975666,0.8089887640449438,0.5343688966235266
-3.800156310389175,0.009365853658536585,0.8089887640449438,0.5370059352367635
-3.7741713007055164,0.009369787748961638,0.8047752808988764,0.5396125757103665
-3.7481862910218577,0.009383576276478612,0.8019662921348315,0.5419000357178141
-3.722201281338199,0.009411842409431657,0.800561797752809,0.5440887017714516
-3.6962162716545386,0.009460580912863071,0.800561797752809,0.5464597566628923
-3.67023126197088,0.009496153140072431,0.7991573033707865,0.5489676031826852
-3.644246252287221,0.009529881547599074,0.797752808988764,0.5513690562137598
-3.6182612426035625,0.009511121604074267,0.7921348314606742,0.5536413171513903
-3.592276232919904,0.009510892599813511,0.7879213483146067,0.5560047725079225
-3.566291223236245,0.009561304836895388,0.7879213483146067,0.5583682278644547
-3.5403062135525865,0.009597586892438472,0.7865168539325843,0.5608380767097053
-3.514321203868926,0.009613396733512507,0.7837078651685393,0.5631331362520614
-3.4883361941852673,0.009647694599369523,0.7823033707865169,0.5654813925387766
-3.4623511845016086,0.009662592708659773,0.7794943820224719,0.5677156558018649
-3.43636617481795,0.00971434572568788,0.7794943820224719,0.5700411134838548
-3.4103811651342912,0.009730604775562634,0.776685393258427,0.5723133744214854
-3.3843961554506325,0.00978674453588178,0.776685393258427,0.5747908228016445
-3.358411145766972,0.009778646990843631,0.7724719101123596,0.5767439032731196
-3.3324261360833134,0.00981549023814632,0.7710674157303371,0.5791149581645604
-3.3064411263996547,0.009830350082668391,0.7682584269662921,0.581288425148381
-3.280456116715996,0.00984696550851898,0.7654494382022472,0.5835302879463777
-3.2544711070323373,0.00981889591970325,0.7584269662921348,0.5861597270247061
-3.2284860973486786,0.009820057055080097,0.7542134831460674,0.5885079833114213
-3.20250108766502,0.009876588622611319,0.7542134831460674,0.5908866377377705
-3.1765160779813595,0.009910143105424695,0.7528089887640449,0.5930449056517741
-3.150531068297701,0.009947751064502333,0.7514044943820225,0.5953551642639471
-3.124546058614042,0.010002243493867783,0.7514044943820225,0.5975818279921269
-3.0985610489303834,0.010033067788967382,0.75,0.5995805056730528
-3.0725760392467247,0.010010577213659716,0.7443820224719101,0.6016779773077887
-3.046591029563066,0.010051683514478984,0.7429775280898876,0.6040718308039548
-3.0206060198794056,0.010104097029892083,0.7429775280898876,0.6061465038339654
-2.994621010195747,0.010120990973689264,0.7401685393258427,0.6082971722130606
-2.968636000512088,0.010156793079477871,0.7387640449438202,0.6104326415223388
-2.9426509908284295,0.010219743923526783,0.7387640449438202,0.6128568931581387
-2.916665981144771,0.010215043262563723,0.7345505617977528,0.6148859689786985
-2.890680971461112,0.010267383878440457,0.7345505617977528,0.6168694475898076
-2.8646959617774534,0.010304394172687434,0.7331460674157303,0.6189897178292688
-2.838710952093793,0.010364546104360257,0.7331460674157303,0.6212239810923571
-2.8127259424101343,0.01036445332001997,0.7289325842696629,0.6233974480761777
-2.7867409327264756,0.010382777041410612,0.726123595505618,0.6255177183156391
-2.760755923042817,0.010418559573565933,0.7247191011235955,0.6275391946012904
-2.7347709133591582,0.010460463510247191,0.723314606741573,0.6297658583294702
-2.7087859036754995,0.01052115467118838,0.723314606741573,0.6319241262434739
-2.682800893991839,0.010516802234820474,0.7191011235955056,0.6339152043894913
-2.6568158843081804,0.010538714276858223,0.7162921348314607,0.6361114699780374
-2.6308308746245217,0.010576403607197773,0.7148876404494382,0.6381329462636887
-2.604845864940863,0.010572944962179781,0.7106741573033708,0.6401468230144315
-2.5788608552572043,0.010629135595000526,0.7106741573033708,0.6420695053462728
-2.5528758455735456,0.010696091487517703,0.7106741573033708,0.6443341667489949
-2.526890835889885,0.010736228926164508,0.7092696629213483,0.6463784416393716
-2.5009058262062265,0.010783747352204892,0.7078651685393258,0.6486507025770023
-2.474920816522568,0.01082442058146291,0.7064606741573034,0.6506797783975621
-2.448935806838909,0.010886974589844596,0.7064606741573034,0.6527088542181219
-2.4229507971552504,0.010908615846887453,0.7036516853932584,0.6547835272481324
-2.3969657874715917,0.0109743275212477,0.7036516853932584,0.6568733993479599
-2.370980777787933,0.011018555247036009,0.702247191011236,0.6589480723779705
-2.3449957681042726,0.011060132544273777,0.7008426966292135,0.660923951454171
-2.319010758420614,0.011103183804512619,0.699438202247191,0.6629302286700054
-2.293025748736955,0.011127313516545148,0.6966292134831461,0.6650201007698329
-2.2670407390532965,0.011146209386281589,0.6938202247191011,0.6669427831016742
-2.241055729369638,0.011189795269871534,0.6924157303370787,0.6689262617127831
-2.215070719685979,0.011231594566830271,0.6910112359550562,0.670841344509716
-2.1890857100023187,0.011306705887760261,0.6910112359550562,0.6730528091680789
-2.16310070031866,0.01138203858788692,0.6910112359550562,0.6752414752217164
-2.1371156906350013,0.011419932550296547,0.6896067415730337,0.676989368250663
-2.1111306809513426,0.011421884142773552,0.6853932584269663,0.6790184440712228
-2.085145671267684,0.011466647830284194,0.6839887640449438,0.6809411264030641
-2.059160661584025,0.011501869645477352,0.6825842696629213,0.6825826259432922
-2.0331756519003648,0.011527102981804324,0.6797752808988764,0.6845889031591267
-2.007190642216706,0.011594480643924876,0.6797752808988764,0.6864431896767917
-1.9812056325330474,0.011631547260686334,0.6783707865168539,0.6880998882868369
-1.9552206228493887,0.011558312534832442,0.6699438202247191,0.6899997720139528
-1.92923561316573,0.011609472939684397,0.6685393258426966,0.6920288478345126
-1.9032506034820713,0.011610211094747178,0.6643258426966292,0.6939895278408962
-1.8772655937984126,0.01165201935420164,0.6629213483146067,0.6957450204047513
-1.8512805841147522,0.011691986893059279,0.6615168539325843,0.6974397166893386
-1.8252955744310935,0.011740607513988808,0.6601123595505618,0.699347199951363
-1.7993105647474348,0.011751707513057453,0.6573033707865169,0.7009127041425065
-1.773325555063776,0.011826544021024968,0.6573033707865169,0.7028277869394393
-1.7473405453801174,0.011848762999313483,0.6544943820224719,0.704659274852379
-1.7213555356964587,0.011892278969847318,0.6530898876404494,0.7063843692766003
-1.6953705260127983,0.01194122037213372,0.651685393258427,0.7082310562593569
-1.6693855163291396,0.011991711991711992,0.6502808988764045,0.710100541846839
-1.6434005066454809,0.012033130176590093,0.648876404494382,0.7117344418521586
-1.6174154969618222,0.012077231406041236,0.6474719101123596,0.7134215386018375
-1.5914304872781635,0.012156852403681338,0.6474719101123596,0.7153214223289535
-1.5654454775945048,0.012179589237382582,0.6446629213483146,0.7170921139626255
-1.5394604679108461,0.01222931296894609,0.6432584269662921,0.7188704051312059
-1.5134754582271857,0.012252136063195229,0.6404494382022472,0.720625897695061
-1.487490448543527,0.012299291777044927,0.6390449438202247,0.7223205939796484
-1.4615054388598683,0.012371526456033498,0.6390449438202247,0.7239620935198766
-1.4355204291762096,0.01235580340057952,0.6348314606741573,0.7254288037572101
-1.409535419492551,0.012403740374037403,0.6334269662921348,0.7271083009719805
-1.3835504098088922,0.012367197875166002,0.6278089887640449,0.7287194023725748
-1.3575654001252317,0.012414061847635483,0.6264044943820225,0.7303609019128029
-1.331580390441573,0.012497197937682135,0.6264044943820225,0.7321771907559257
-1.3055953807579144,0.012495416466871632,0.6221910112359551,0.7339402828546893
-1.2796103710742557,0.01254007433256731,0.6207865168539326,0.7354981875109243
-1.253625361390597,0.012607319090675717,0.6207865168539326,0.7369269000737155
-1.2276403517069383,0.012653143201446074,0.6193820224719101,0.7384848047299505
-1.2016553420232796,0.012643246831971827,0.6151685393258427,0.7400579084560025
-1.1756703323396192,0.012660433242348569,0.6123595505617978,0.7416006140424206
-1.1496853226559605,0.012737737006631803,0.6123595505617978,0.7431889168382895
-1.1237003129723018,0.012792236435818262,0.6109550561797753,0.7448836131228769
-1.097715303288643,0.01286639652163625,0.6109550561797753,0.7463731219649358
-1.0717302936049844,0.012891892696579034,0.6081460674157303,0.7480450196447977
-1.0457452839213257,0.01292005156029857,0.6053370786516854,0.7497625145341105
-1.0197602742376652,0.012967039594704624,0.6039325842696629,0.7512596229110778
-0.9937752645540066,0.013011828935395814,0.6025280898876404,0.7527035345436859
-0.9677902548703479,0.013004853924352047,0.598314606741573,0.7542994368744633
-0.9418052451866892,0.013056835637480798,0.5969101123595506,0.7558649410656068
-0.9158202355030305,0.01308139534883721,0.5941011235955056,0.757476042466201
-0.8898352258193718,0.0130771865367251,0.5898876404494382,0.7591175420064292
-0.8638502161357113,0.013150067315820784,0.5898876404494382,0.7604702592201358
-0.8378652064520526,0.013193110614314052,0.5884831460674157,0.7618305759687507
-0.811880196768394,0.013244193783466937,0.5870786516853933,0.7633276843457181
-0.7858951870847353,0.013289989482742137,0.5856741573033708,0.7647183992339669
-0.7599101774010766,0.013342741676823401,0.5842696629213483,0.7662231071458426
-0.7339251677174179,0.013382348199026152,0.5828651685393258,0.7674846299406476
-0.7079401580337592,0.013470527135808881,0.5828651685393258,0.7690273355270657
-0.6819551483500987,0.013552790568564057,0.5828651685393258,0.7704484485549484
-0.65597013866644,0.013571686766783872,0.5800561797752809,0.7718771611177396
-0.6299851289827814,0.013655601110964158,0.5800561797752809,0.7732982741456222
-0.6040001192991227,0.013675384308245159,0.577247191011236,0.7747269867084134
-0.578015109615464,0.013696795150865677,0.574438202247191,0.77617849787593
-0.5520300999318053,0.01375682783734574,0.5730337078651685,0.7777136039274396
-0.5260450902481466,0.013855871765265232,0.5730337078651685,0.7793247053280339
-0.5000600805644879,0.013905022207037923,0.5716292134831461,0.780654623937015
-0.47407507088082923,0.01398433205057724,0.5716292134831461,0.78191614673182
-0.448090061197167,0.013998824790017628,0.5688202247191011,0.7832156672011673
-0.4221050515135083,0.014012517385257302,0.5660112359550562,0.7844999886006976
-0.3961200418298496,0.014060860440713537,0.5646067415730337,0.785784310000228
-0.3701350321461909,0.014044350580781415,0.5603932584269663,0.787129427679026
-0.34415002246253223,0.014135903068093248,0.5603932584269663,0.7885277421021833
-0.31816501277887355,0.014163396361041742,0.5575842696629213,0.7900020518744253
-0.29218000309521486,0.014251355135154539,0.5575842696629213,0.7913167714135895
-0.26619499341155617,0.01423307564482335,0.5533707865168539,0.7926238914178453
-0.24020998372789748,0.014289350252699706,0.5519662921348315,0.7939766086315517
-0.2142249740442388,0.014347937483986677,0.550561797752809,0.7953521244499837
-0.1882399643605801,0.014415277982598437,0.5491573033707865,0.7968416332920425
-0.16225495467692141,0.014479839607930497,0.547752808988764,0.7982779453897422
-0.13626994499326273,0.014492753623188406,0.5449438202247191,0.7994938709750963
-0.11028493530960048,0.014594147295569097,0.5449438202247191,0.8009073844680705
-0.0842999256259418,0.014572845300730535,0.5407303370786517,0.8021537081930585
-0.05831491594228311,0.014620773682607372,0.5393258426966292,0.803324036568962
-0.03232990625862442,0.014699689928415572,0.5393258426966292,0.8043955709910553
-0.0063448965749657305,0.014789708827607457,0.5393258426966292,0.805603897041501
0.019640113108692958,0.01485129318701772,0.5379213483146067,0.8069262161155737
0.04562512279235165,0.014946341463414635,0.5379213483146067,0.8081725398405618
0.07161013247601034,0.015025173064820641,0.5365168539325843,0.8096924468222545
0.09759514215966902,0.015088511346085303,0.5351123595505618,0.8109995668265102
0.12358015184332771,0.015072972326341813,0.5308988764044944,0.8122914877609491
0.1495651615269864,0.015129625170559435,0.5294943820224719,0.8134998138113947
0.1755501712106451,0.015183330641253432,0.5280898876404494,0.8146625426523897
0.20153518089430378,0.015212527964205816,0.5252808988764045,0.8160076603311878
0.22752019057796602,0.015269363026035697,0.523876404494382,0.8171931877769081
0.2535052002616247,0.01530591196006436,0.5210674157303371,0.8186143008047907
0.2794902099452834,0.015405697201229133,0.5210674157303371,0.8198074277854195
0.3054752196289421,0.015375616278098104,0.5168539325842697,0.8209093603471468
0.3314602293126008,0.01547128563020264,0.5168539325842697,0.8220340915135994
0.35744523899625946,0.015572764588887478,0.5168539325842697,0.8232120194244112
0.38343024867991815,0.015506517849535656,0.5112359550561798,0.8243747482654061
0.40941525836357684,0.015517832647462277,0.5084269662921348,0.825469081292225
0.43540026804723553,0.015581837016574585,0.5070224719101124,0.8266774073426706
0.4613852777308942,0.015697699699960866,0.5070224719101124,0.8279769278120179
0.4873702874145529,0.01577079773951899,0.5056179775280899,0.8292612492115482
0.5133552970982116,0.015821250716142963,0.5042134831460674,0.8302871864241909
0.5393403067818703,0.01592865382908865,0.5042134831460674,0.8314499152651857
0.5653253164655325,0.015986424935250515,0.5028089887640449,0.8325366487570961
0.5913103261491912,0.0160913340524991,0.5028089887640449,0.8336461808537318
0.6172953358328499,0.016205694626771083,0.5028089887640449,0.8348393078343606
0.6432803455165086,0.016321692349776602,0.5028089887640449,0.8360324348149893
0.6692653552001673,0.01628440366972477,0.49859550561797755,0.8370279738879981
0.695250364883826,0.016259411520162595,0.4943820224719101,0.8381527050544507
0.7212353745674847,0.01637513956084853,0.4943820224719101,0.8393154338954456
0.7472203842511433,0.016449526666041804,0.49297752808988765,0.8405085608760744
0.773205393934802,0.01654255820529739,0.49297752808988765,0.84142050506509
0.7991904036184607,0.016603415559772294,0.49157303370786515,0.8424616413475495
0.8251754133021194,0.01671202788521224,0.49157303370786515,0.843502777630009
0.8511604229857781,0.01676836592514294,0.4901685393258427,0.8444831176332008
0.8771454326694368,0.016799806342290002,0.48735955056179775,0.8456686450789211
0.903130442353099,0.016897979060141222,0.48735955056179775,0.8465805892679368
0.9291154520367577,0.016964942387840156,0.4859550561797753,0.8476369246202132
0.9551004617204164,0.016994368145440173,0.48314606741573035,0.8487844543913913
0.9810854714040751,0.016895249453388987,0.47752808988764045,0.849650801370956
1.0070704810877338,0.01701275956967726,0.47752808988764045,0.8507071367232325
1.0330554907713925,0.016920985043057862,0.47191011235955055,0.851649479051882
1.0590405004550512,0.01693196796106661,0.4691011235955056,0.8526298190550738
1.0850255101387098,0.017006281599509728,0.46769662921348315,0.8537241520818926
1.1110105198223685,0.017125224993571612,0.46769662921348315,0.8547576888294436
1.1369955295060272,0.017166494312306102,0.46629213483146065,0.8555480404599238
1.162980539189686,0.017136309182769937,0.46207865168539325,0.8565967762772918
1.1889655488733446,0.017216943992441343,0.4606741573033708,0.857713907908836
1.2149505585570068,0.017271430835049912,0.4592696629213483,0.8586030534931263
1.2409355682406655,0.017250559045895005,0.4550561797752809,0.8597277846595789
1.2669205779243242,0.01731068117262447,0.45365168539325845,0.8606549279184114
1.292905587607983,0.017369727047146403,0.45224719101123595,0.861566872107427
1.3188905972916416,0.017434281990006517,0.4508426966292135,0.862516813970985
1.3448756069753003,0.01750642814158324,0.449438202247191,0.8635199525789021
1.370860616658959,0.01762794028535228,0.449438202247191,0.8644774939773686
1.3968456263426177,0.017758046614872364,0.449438202247191,0.8654882321201942
1.4228306360262764,0.017761394101876677,0.44662921348314605,0.8663545790997591
1.448815645709935,0.01782501124606388,0.4452247191011236,0.8672589237538663
1.4748006553935937,0.01788848004528729,0.4438202247191011,0.868155668873065
1.5007856650772524,0.01791010723248916,0.4410112359550562,0.8691512079460737
1.526770674760911,0.01798333812122953,0.4396067415730337,0.8701087493445401
1.5527556844445733,0.0180576455608288,0.43820224719101125,0.8710662907430066
1.578740694128232,0.018182877790081008,0.43820224719101125,0.8719706353971137
1.6047257038118907,0.018188218727998123,0.4353932584269663,0.87282938284177
1.6307107134955494,0.018317182699125502,0.4353932584269663,0.8737413270307857
1.656695723179208,0.018372079196147216,0.4339887640449438,0.8745316786612659
1.6826807328628668,0.018504102042038447,0.4339887640449438,0.8754436228502815
1.7086657425465255,0.018372387205590025,0.42837078651685395,0.8761579791316771
1.7346507522301842,0.018246847720659553,0.42275280898876405,0.876925532157432
1.7606357619138429,0.01836149576038553,0.42275280898876405,0.8777082842530037
1.7866207715975015,0.018418467583497054,0.42134831460674155,0.878498635883484
1.8126057812811602,0.018501330363220096,0.4199438202247191,0.8794561772819504
1.838590790964819,0.01856350837849623,0.41853932584269665,0.8802693275171559
1.8645758006484776,0.018499937288348176,0.4143258426966292,0.8810596791476362
1.8905608103321399,0.01851734816406497,0.41151685393258425,0.8819792228715603
1.9165458200157985,0.01859043738460559,0.4101123595505618,0.8828531693860335
1.9425308296994572,0.018651454941674143,0.40870786516853935,0.8836435210165138
1.968515839383116,0.018764508640701574,0.40870786516853935,0.8843578772979094
1.9945008490667746,0.018891197091664504,0.40870786516853935,0.8851482289283896
2.0204858587504333,0.018971608007326966,0.40730337078651685,0.8860373745126798
2.046470868434092,0.018908947160363683,0.40308988764044945,0.8868353256780686
2.0724558781177507,0.019052044609665426,0.40308988764044945,0.8877016726576333
2.0984408878014094,0.019154778648449534,0.40168539325842695,0.8887048112655506
2.124425897485068,0.019182708544410672,0.398876404494382,0.8896471535942
2.1504109071687267,0.019123451749013202,0.3946629213483146,0.8904679033643141
2.1763959168523854,0.019123997532387416,0.39185393258426965,0.8912506554598859
2.202380926536044,0.019189618278456548,0.3904494382022472,0.8920182084856407
2.2283659362197064,0.019234775362822025,0.3890449438202247,0.89266416895286
2.254350945903365,0.01931690929451288,0.38764044943820225,0.893515316862608
2.2803359555870237,0.019299852081425654,0.3848314606741573,0.8941916754694613
2.3063209652706824,0.019371319094585965,0.38342696629213485,0.894974427565033
2.332305974954341,0.019373748927652274,0.3806179775280899,0.8957571796606048
2.358290984638,0.019434247462751027,0.3792134831460674,0.8964715359420004
2.3842759943216585,0.019513964454116794,0.37780898876404495,0.8972846861772059
2.410261004005317,0.01952753601989322,0.375,0.8981206350171369
2.436246013688976,0.01969171767829486,0.375,0.8989869819967018
2.4622310233726346,0.019772541440570876,0.37359550561797755,0.8997849331620905
2.4882160330562932,0.019848700471874765,0.37219101123595505,0.9005524861878453
2.514201042739952,0.020003019323671496,0.37219101123595505,0.9013352382834171
2.540186052423614,0.02008520998174072,0.3707865168539326,0.9021179903789888
2.566171062107273,0.02023763894212342,0.3707865168539326,0.9028703443349267
2.5921560717909315,0.020308880308880308,0.3693820224719101,0.9035847006163222
2.6181410814745902,0.02027972027972028,0.36657303370786515,0.9041774643391824
2.644126091158249,0.020435327278421546,0.36657303370786515,0.9049222187602118
2.6701111008419076,0.0204113799353771,0.3637640449438202,0.9055377810877975
2.6960961105255663,0.020492454328832406,0.36235955056179775,0.9062825355088269
2.722081120209225,0.020476723724204126,0.3595505617977528,0.9069360955109548
2.7480661298928837,0.020640167701362573,0.3595505617977528,0.9076884494668926
2.7740511395765424,0.020721599219892736,0.35814606741573035,0.9084180048181051
2.800036149260201,0.02083673802908972,0.35814606741573035,0.9089347731918807
2.8260211589438597,0.021001482457585242,0.35814606741573035,0.9096643285430932
2.8520061686275184,0.021045654155273843,0.35674157303370785,0.9102114950565026
2.8779911783111807,0.021111481975967957,0.3553370786516854,0.9108498559888135
2.9039761879948394,0.021262290948819228,0.3553370786516854,0.9114958164560328
2.929961197678498,0.021336042672085345,0.3539325842696629,0.9121569759930692
2.9559462073621567,0.02126387702818104,0.3497191011235955,0.9129017304140986
2.9819312170458154,0.021430415698424993,0.3497191011235955,0.9135932880907689
3.007916226729474,0.02139083744695592,0.34691011235955055,0.9141252555343613
3.033901236413133,0.021380574221136223,0.3441011235955056,0.9147788155364892
3.0598862460967915,0.021465646168734056,0.34269662921348315,0.9154703732131594
3.08587125578045,0.021540643559968087,0.34129213483146065,0.9161163336803788
3.111856265464109,0.02165935737939676,0.3398876404494382,0.9169294839155844
3.1378412751477676,0.021739130434782608,0.33848314606741575,0.9175830439177123
3.1638262848314262,0.021923041935777314,0.33848314606741575,0.9182898006641993
3.189811294515085,0.022067576229283032,0.33848314606741575,0.9188369671776088
3.215796304198747,0.022134095729964033,0.33707865168539325,0.9194221313655604
3.241781313882406,0.02212924221292422,0.3342696629213483,0.9200756913676883
3.2677663235660646,0.022209727298285072,0.33286516853932585,0.9207064527650908
3.2937513332497232,0.0223817168760034,0.33286516853932585,0.9213296146275848
3.319736342933382,0.022469770541749975,0.33146067415730335,0.9219755750948042
3.3457213526170406,0.022629207018889635,0.33146067415730335,0.9225379406780305
3.3717063623006993,0.022628372497824196,0.32865168539325845,0.9231915006801584
3.397691371984358,0.02280924066673165,0.32865168539325845,0.9238146625426524
3.4236763816680167,0.022999803420483585,0.32865168539325845,0.9244606230098718
3.4496613913516754,0.023110493949613172,0.32724719101123595,0.925152180686542
3.475646401035334,0.023320988890001,0.32724719101123595,0.9258437383632122
3.5016314107189928,0.023417785404259615,0.3258426966292135,0.9264744997606147
3.5276164204026514,0.023521026372059873,0.324438202247191,0.927120460227834
3.5536014300863137,0.023575235752357523,0.32303370786516855,0.9276068304619757
3.5795864397699724,0.02323900020656889,0.3160112359550562,0.9281311983706597
3.605571449453631,0.02320499479708637,0.31320224719101125,0.9286631658142521
3.6315564591372897,0.02307046979865772,0.3089887640449438,0.9292027327927531
3.6575414688209484,0.023022494455591933,0.3061797752808989,0.9296967025618033
3.683526478504607,0.023072833599149387,0.3047752808988764,0.9301754732610364
3.709511488188266,0.023126338329764455,0.30337078651685395,0.9306618434951781
3.7354964978719245,0.02320811744386874,0.30196629213483145,0.9312318086133129
3.761481507555583,0.023273518216421967,0.300561797752809,0.9317485769870884
3.787466517239242,0.0233322379231022,0.2991573033707865,0.9322425467561385
3.8134515269229006,0.023389232127096204,0.29775280898876405,0.9327289169902802
3.8394365366065593,0.023581757508342602,0.29775280898876405,0.9332912825735065
3.865421546290218,0.023804176959353246,0.29775280898876405,0.9339296435058174
3.89140655597388,0.023879583521955634,0.29634831460674155,0.9344540114145015
3.917391565657539,0.023961661341853034,0.2949438202247191,0.9349935783930023
3.9433765753411976,0.02400091869545246,0.29353932584269665,0.9354115528129678
3.9693615850248563,0.02392786961044966,0.2907303370786517,0.9358295272329333
3.995346594708515,0.024148390107326178,0.2907303370786517,0.936429890490702
4.021331604392174,0.024378753974796843,0.2907303370786517,0.9370454528182875
4.047316614075832,0.024326569360389225,0.28792134831460675,0.9375166239826123
4.073301623759491,0.024483458736414665,0.28792134831460675,0.9379269988676693
4.09928663344315,0.024542829643888354,0.28651685393258425,0.9383829709621772
4.125271643126808,0.024697336561743343,0.28651685393258425,0.9387781467774172
4.151256652810467,0.024920596139750794,0.28651685393258425,0.9393405123606435
4.177241662494126,0.025052449709983958,0.2851123595505618,0.9399636742231375
4.2032266721777845,0.025108763206960844,0.28370786516853935,0.94039684771292
4.229211681861447,0.02531328320802005,0.28370786516853935,0.9408908174819701
4.255196691545105,0.02557609521397822,0.28370786516853935,0.9415139793444641
4.281181701228764,0.025798212005108557,0.28370786516853935,0.9420307477182397
4.307166710912423,0.02573671342169605,0.2808988764044944,0.942463921208022
4.3331517205960814,0.025571131879543095,0.27668539325842695,0.9429502914421637
4.35913673027974,0.025768476128188358,0.27668539325842695,0.9433986640017631
4.385121739963399,0.025944949295403662,0.27668539325842695,0.9437938398170032
4.4111067496470575,0.026036131774707757,0.2752808988764045,0.9442802100511448
4.437091759330716,0.02626641651031895,0.2752808988764045,0.9447817793551034
4.463076769014375,0.02643290627107215,0.2752808988764045,0.9451389574958012
4.489061778698034,0.02666666666666667,0.2752808988764045,0.9456329272648514
4.515046788381692,0.026830937713894592,0.2752808988764045,0.9459749063357322
4.5410317980653545,0.02702702702702703,0.2752808988764045,0.9463776816858809
4.567016807749013,0.02700069589422408,0.27247191011235955,0.9468716514549309
4.593001817432672,0.027220429353164023,0.27247191011235955,0.9473124244796218
4.618986827116331,0.02731003254563464,0.2710674157303371,0.9477607970392212
4.644971836799989,0.02750071245369051,0.2710674157303371,0.9481331742497359
4.670956846483648,0.02756244616709733,0.2696629213483146,0.9485207505300676
4.696941856167307,0.02770123277737491,0.26825842696629215,0.94905271797366
4.722926865850965,0.027956674473067916,0.26825842696629215,0.9495314886728932
4.748911875534624,0.02804014167650531,0.26685393258426965,0.9499494630928588
4.774896885218283,0.02798868542504094,0.2640449438202247,0.9503826365826411
4.800881894901941,0.02807386278336586,0.26264044943820225,0.9508006110026066
4.8268669045856,0.028203184230477636,0.2612359550561798,0.9512945807716567
4.852851914269259,0.028396946564885495,0.2612359550561798,0.9516365598425376
4.878836923952921,0.028381921949714638,0.25842696629213485,0.9521305296115877
4.90482193363658,0.02857142857142857,0.25842696629213485,0.9524573096126517
4.930806943320238,0.02877247849882721,0.25842696629213485,0.9527992886835326
4.956791953003897,0.028985507246376812,0.25842696629213485,0.9531564668242304
4.982776962687556,0.029033793431699192,0.25702247191011235,0.9534908463602028
5.0087619723712145,0.029161993270309244,0.2556179775280899,0.953954417989619
5.034746982054873,0.02936904954010005,0.2556179775280899,0.9542887975255915
5.060731991738532,0.029435680598471296,0.2542134831460674,0.9546459756662892
5.0867170014221905,0.029691601049868767,0.2542134831460674,0.9550487510164378
5.112702011105849,0.029917355371900826,0.2542134831460674,0.9553983296222271
5.138687020789508,0.030141548709408827,0.2542134831460674,0.955740308693108
5.164672030473167,0.030165912518853696,0.25280898876404495,0.9560214914847212
5.190657040156825,0.030441400304414,0.25280898876404495,0.9564318663697782
5.2166420498404875,0.030695770804911322,0.25280898876404495,0.9568042435802929
5.242627059524146,0.030766586455826743,0.25140449438202245,0.9571462226511738
5.268612069207805,0.03077987203873422,0.25,0.9574046068380615
5.294597078891464,0.030820128852516105,0.24859550561797752,0.9577009886994916
5.320582088575122,0.031063531063531064,0.24859550561797752,0.9580429677703725
5.346567098258781,0.03127208480565371,0.24859550561797752,0.9583317500968941
5.37255210794244,0.03148345784418356,0.24859550561797752,0.9586205324234157
5.398537117626098,0.03166935050993022,0.24859550561797752,0.958871317075395
5.424522127309757,0.03150882247029168,0.24578651685393257,0.9591221017273743
5.450507136993416,0.031538879825992384,0.2443820224719101,0.959395684984079
5.476492146677074,0.03155782561109084,0.24297752808988765,0.9596540691709667
5.502477156360733,0.03176643408005876,0.24297752808988765,0.9599276524276714
5.528462166044392,0.031971909074108296,0.24297752808988765,0.9601936361494676
5.554447175728054,0.0320596458527493,0.24157303370786518,0.9605356152203485
5.580432185411713,0.032330827067669175,0.24157303370786518,0.9608775942912294
5.606417195095371,0.03242935710221885,0.2401685393258427,0.9612271728970188
5.63240220477903,0.03263358778625954,0.2401685393258427,0.961477957548998
5.658387214462689,0.032462543219362275,0.23735955056179775,0.9617211426660688
5.6843722241463475,0.03248259860788863,0.23595505617977527,0.9619719273180481
5.710357233830006,0.03247763516141579,0.2345505617977528,0.9621923138303936
5.736342243513665,0.03277723258096173,0.2345505617977528,0.9625494919710914
5.7623272531973235,0.03288431061806656,0.23314606741573032,0.9628990705768807
5.788312262880982,0.0331800919448331,0.23314606741573032,0.9632410496477616
5.814297272564641,0.033152501506931886,0.23174157303370788,0.9634310380204731
5.8402822822483,0.03313131313131313,0.2303370786516854,0.9636286259280932
5.866267291931962,0.033340109778410246,0.2303370786516854,0.9638642115102556
5.8922523016156205,0.03337428337428337,0.22893258426966293,0.9641225956971433
5.918237311299279,0.033381413558623535,0.22752808988764045,0.9643505817443973
5.944222320982938,0.033451070018699354,0.22612359550561797,0.9646469636058274
5.970207330666597,0.033766778523489936,0.22612359550561797,0.9649889426767082
5.996192340350255,0.03408850307008258,0.22612359550561797,0.965330921747589
6.022177350033914,0.03437233134073441,0.22612359550561797,0.9656273036090192
6.048162359717573,0.03469079939668175,0.22612359550561797,0.9659540836100831
6.074147369401231,0.03496199782844734,0.22612359550561797,0.9662276668667877
6.10013237908489,0.03519895059029296,0.22612359550561797,0.9664632524489501
6.126117388768549,0.035138121546961325,0.22331460674157302,0.966820430589648
6.152102398452207,0.03539626001780944,0.22331460674157302,0.9670712152416272
6.178087408135866,0.035186015239802776,0.2205056179775281,0.9672840022190642
6.204072417819528,0.035456187895212286,0.2205056179775281,0.9675423864059519
6.230057427503187,0.03552721475745844,0.21910112359550563,0.9678159696626566
6.256042437186846,0.035747021081576534,0.21910112359550563,0.9680211571051852
6.282027446870504,0.036052692396579614,0.21910112359550563,0.9683023398967984
6.308012456554163,0.03635516196690748,0.21910112359550563,0.968575923153503
6.333997466237822,0.03641061780596664,0.21769662921348315,0.9688267078054823
6.3599824759214805,0.036799620132953466,0.21769662921348315,0.9691686868763632
6.385967485605139,0.03642463455547568,0.21348314606741572,0.9694422701330678
6.411952495288798,0.036284470246734396,0.21067415730337077,0.969723452924681
6.4379375049724565,0.036062378167641324,0.20786516853932585,0.969936239902118
6.463922514656115,0.03607361963190184,0.20646067415730338,0.970149026879555
6.489907524339774,0.03644929333002728,0.20646067415730338,0.9704682073457105
6.515892534023433,0.03640897755610972,0.2050561797752809,0.9706353971136966
6.541877543707095,0.036729559748427676,0.2050561797752809,0.9709013808354928
6.5678625533907535,0.03708407416814834,0.2050561797752809,0.9711901631620145
6.593847563074412,0.03734970580711179,0.2050561797752809,0.9714029501394514
6.619832572758071,0.037371134020618556,0.20365168539325842,0.9716157371168884
6.64581758244173,0.037750585784951836,0.20365168539325842,0.9719121189783185
6.671802592125388,0.0379979035639413,0.20365168539325842,0.9721021073510301
6.697787601809047,0.03817798841495524,0.20365168539325842,0.9722388989793824
6.723772611492706,0.038226705601274225,0.20224719101123595,0.9724668850266364
6.749757621176364,0.03847181405289874,0.20224719101123595,0.9726492738644394
6.775742630860023,0.0387409200968523,0.20224719101123595,0.9728468617720596
6.801727640543682,0.03896103896103896,0.20224719101123595,0.9730064520051372
6.82771265022734,0.039205009528995374,0.20224719101123595,0.973181241308032
6.853697659910999,0.039495337356006584,0.20224719101123595,0.9733864287505605
6.879682669594661,0.03980099502487562,0.20224719101123595,0.9735992157279975
6.90566767927832,0.0400890868596882,0.20224719101123595,0.9737968036356175
6.931652688961979,0.04032483898067768,0.20224719101123595,0.9739563938686953
6.957637698645637,0.04059768818720045,0.20224719101123595,0.9741387827064983
6.983622708329296,0.04092071611253197,0.20224719101123595,0.9743515696839353
7.009607718012955,0.04115461560445842,0.20224719101123595,0.9745035603821046
7.0355927276966135,0.04151052176419717,0.20224719101123595,0.9747315464293586
7.061577737380272,0.04179970972423803,0.20224719101123595,0.9749139352671616
7.087562747063931,0.042068361086765996,0.20224719101123595,0.9750811250351479
7.1135477567475895,0.042352941176470586,0.20224719101123595,0.9752559143380425
7.139532766431248,0.04265402843601896,0.20224719101123595,0.9754383031758457
7.165517776114907,0.04286990175647514,0.20224719101123595,0.9755674952692895
7.191502785798566,0.04313960455362492,0.20224719101123595,0.9757270855023673
7.217487795482228,0.04284852142426071,0.199438202247191,0.9758942752703534
7.2434728051658865,0.0425402613187481,0.19662921348314608,0.9760538655034312
7.269457814849545,0.04293161606869059,0.19662921348314608,0.9762818515506851
7.295442824533204,0.04319654427645788,0.19662921348314608,0.9764338422488543
7.321427834216863,0.04349176762969866,0.19662921348314608,0.9766010320168406
7.347412843900521,0.043859649122807015,0.19662921348314608,0.9768062194593691
7.37339785358418,0.044177974124329444,0.19662921348314608,0.9769810087622638
7.399382863267839,0.044374009508716325,0.19662921348314608,0.9770874022509822
7.425367872951497,0.044657097288676235,0.19662921348314608,0.9772393929491515
7.451352882635156,0.04498714652956298,0.19662921348314608,0.9774141822520461
7.477337892318815,0.045278137128072445,0.19662921348314608,0.9775661729502154
7.503322902002473,0.04563233376792699,0.19662921348314608,0.9777485617880186
7.529307911686132,0.04588659455916093,0.19662921348314608,0.9778777538814625
7.555292921369794,0.0461133069828722,0.19662921348314608,0.9779917469050894
7.581277931053453,0.046102819237147596,0.1952247191011236,0.9781437376032587
7.607262940737112,0.04642618570474282,0.1952247191011236,0.9783033278363364
7.63324795042077,0.04667562122229684,0.1952247191011236,0.9784249203948718
7.659232960104429,0.04702300405953992,0.1952247191011236,0.9785921101628581
7.685217969788088,0.04727891156462585,0.1952247191011236,0.9787137027213935
7.7112029794717465,0.04753761969904241,0.1952247191011236,0.9788352952799289
7.737187989155405,0.04776632302405498,0.1952247191011236,0.9789416887686474
7.763172998839064,0.047997237569060776,0.1952247191011236,0.9790480822573658
7.7891580085227226,0.04814686525805334,0.1952247191011236,0.979116478071542
7.815143018206381,0.04815073272854152,0.19382022471910113,0.9792684687697113
7.84112802789004,0.04848910751932537,0.19382022471910113,0.9794204594678806
7.867113037573702,0.048141592920353984,0.19101123595505617,0.9795648506311414
7.893098047257361,0.048346960540348385,0.19101123595505617,0.9796560450500429
7.9190830569410195,0.04878048780487805,0.19101123595505617,0.9798460334227546
7.945068066624678,0.048736462093862815,0.1896067415730337,0.9799752255161984
7.971053076308337,0.049108766824299745,0.1896067415730337,0.9801348157492762
7.997038085991996,0.04912023460410557,0.18820224719101122,0.9802868064474454
8.023023095675654,0.04895104895104895,0.18679775280898878,0.98036280179653
8.049008105359313,0.04924102184376157,0.18679775280898878,0.9804843943550655
8.074993115042972,0.04949758094529215,0.18679775280898878,0.980590787843784
8.10097812472663,0.04988747186796699,0.18679775280898878,0.9807503780768617
8.126963134410289,0.050188679245283016,0.18679775280898878,0.9808719706353971
8.152948144093948,0.050397877984084884,0.18679775280898878,0.9809555655193902
8.178933153777606,0.05036245707745136,0.1853932584269663,0.9810847576128341
8.204918163461269,0.050671785028790786,0.1853932584269663,0.9812063501713695
8.230903173144927,0.05090628615503278,0.1853932584269663,0.9812975445902711
8.256888182828586,0.05124223602484472,0.1853932584269663,0.9814267366837149
8.282873192512245,0.05144193296960249,0.1853932584269663,0.9815027320327996
8.308858202195903,0.05180533751962323,0.1853932584269663,0.9816395236611519
8.334843211879562,0.05217391304347826,0.1853932584269663,0.9817763152895043
8.36082822156322,0.05198412698412699,0.18398876404494383,0.9818447111036804
8.38681323124688,0.052191235059760956,0.18398876404494383,0.9819207064527651
8.412798240930538,0.052146008824709184,0.18258426966292135,0.9820422990113005
8.438783250614197,0.05244050020169423,0.18258426966292135,0.982148692500019
8.464768260297856,0.05271695052716951,0.18258426966292135,0.982247486453829
8.490753269981514,0.053039575683394534,0.18258426966292135,0.982361479477456
8.516738279665173,0.053344275748871565,0.18258426966292135,0.9824678729661744
8.542723289348835,0.05351996706463565,0.18258426966292135,0.9825286692454421
8.568708299032494,0.053696819496076,0.18258426966292135,0.9825894655247099
8.594693308716153,0.05394190871369295,0.18258426966292135,0.982673060408703
8.620678318399811,0.05368289637952559,0.18117977528089887,0.9827186576181538
8.64666332808347,0.05382674516400336,0.1797752808988764,0.9829010464559569
8.672648337767129,0.05379076662431173,0.17837078651685392,0.9830226390144923
8.698633347450787,0.0540195661420672,0.17837078651685392,0.9830986343635769
8.724618357134446,0.054273504273504275,0.17837078651685392,0.98318222924757
8.750603366818105,0.05464716006884682,0.17837078651685392,0.9833038218061054
8.776588376501763,0.054616384915474644,0.17696629213483145,0.9834254143646409
8.802573386185422,0.05499781754692274,0.17696629213483145,0.9835470069231763
8.82855839586908,0.05523893029373082,0.17696629213483145,0.983623002272261
8.85454340555274,0.055433347998240214,0.17696629213483145,0.9836837985515287
8.880528415236402,0.05572755417956656,0.17696629213483145,0.9837749929704303
8.90651342492006,0.05614973262032086,0.17696629213483145,0.9839041850638741
8.932498434603719,0.05647691618108472,0.17696629213483145,0.9840029790176841
8.958483444287378,0.056782334384858045,0.17696629213483145,0.9840941734365857
8.984468453971036,0.05701357466063348,0.17696629213483145,0.9841625692507618
9.010453463654695,0.05737704918032787,0.17696629213483145,0.9842689627394804
9.036438473338354,0.05763952424519671,0.17696629213483145,0.9843449580885649
9.062423483022013,0.057984353428439946,0.17696629213483145,0.984443752042375
9.088408492705671,0.05817174515235457,0.17696629213483145,0.9844969487867342
9.11439350238933,0.058522991175104504,0.17696629213483145,0.9845957427405443
9.140378512072989,0.05841121495327103,0.175561797752809,0.9846869371594459
9.166363521756647,0.05876821814762576,0.175561797752809,0.9847857311132558
9.19234853144031,0.0585181689476168,0.17415730337078653,0.9848389278576151
9.218333541123968,0.058712121212121215,0.17415730337078653,0.9848921246019744
9.244318550807627,0.05910390848427073,0.17415730337078653,0.9849985180906928
9.270303560491286,0.05924510272336359,0.17415730337078653,0.9850365157652352
9.296288570174944,0.05961538461538462,0.17415730337078653,0.9851353097190452
9.322273579858603,0.05896568390526825,0.17134831460674158,0.9852037055332213
9.348258589542262,0.05928085519922255,0.17134831460674158,0.9852873004172145
9.37424359922592,0.05977462028417443,0.17134831460674158,0.9854164925106583
9.400228608909579,0.05957656326932546,0.1699438202247191,0.9854848883248345
9.426213618593238,0.05841584158415842,0.16573033707865167,0.9855456846041022
9.452198628276896,0.05876494023904383,0.16573033707865167,0.9856368790230038
9.478183637960555,0.0585,0.16432584269662923,0.985690075767363
9.504168647644214,0.058734939759036146,0.16432584269662923,0.9857508720466307
9.530153657327876,0.05894206549118388,0.16432584269662923,0.98580406879099
9.556138667011535,0.058823529411764705,0.16292134831460675,0.9858952632098915
9.582123676695193,0.059033078880407125,0.16292134831460675,0.9859484599542508
9.608108686378852,0.05918367346938776,0.16292134831460675,0.9859864576287931
9.63409369606251,0.059395801331285206,0.16292134831460675,0.9860396543731523
9.66007870574617,0.05918682449819866,0.16151685393258428,0.9861080501873285
9.686063715429828,0.05958549222797927,0.16151685393258428,0.9862068441411386
9.712048725113487,0.05983350676378772,0.16151685393258428,0.9862676404204063
9.738033734797146,0.060083594566353184,0.16151685393258428,0.986328436699674
9.764018744480804,0.06033578174186779,0.16151685393258428,0.9863892329789417
9.790003754164463,0.06068601583113457,0.16151685393258428,0.9864728278629348
9.815988763848122,0.06094329623741388,0.16151685393258428,0.9865336241422025
9.84197377353178,0.06133333333333333,0.16151685393258428,0.9866248185611041
9.867958783215443,0.06162915326902465,0.16151685393258428,0.9866932143752802
9.893943792899101,0.06202804746494067,0.16151685393258428,0.9867844087941818
9.91992880258276,0.062195781503515415,0.16151685393258428,0.9868224064687241
9.945913812266419,0.0611353711790393,0.15730337078651685,0.9869287999574426
9.971898821950077,0.060955518945634266,0.15589887640449437,0.9870047953065273
9.997883831633736,0.061224489795918366,0.15589887640449437,0.987065591585795
10.023868841317395,0.06149584487534626,0.15589887640449437,0.9871263878650627
10.049853851001053,0.06117908787541713,0.1544943820224719,0.9871719850745134
10.075838860684712,0.060859854829704074,0.15308988764044945,0.9872175822839642
10.10182387036837,0.06106442577030812,0.15308988764044945,0.987263179493415
10.12780888005203,0.06130483689538808,0.15308988764044945,0.9873163762377742
10.153793889735688,0.06161673261729791,0.15308988764044945,0.9873847720519504
10.179778899419347,0.06182643221781055,0.15308988764044945,0.9874303692614012
10.205763909103009,0.06153846153846154,0.15168539325842698,0.9874835660057605
10.231748918786668,0.06164383561643835,0.15168539325842698,0.9875063646104858
10.257733928470326,0.061714285714285715,0.15168539325842698,0.9875215636803027
10.283718938153985,0.06199770378874857,0.15168539325842698,0.9875823599595704
10.309703947837644,0.061600460564191134,0.1502808988764045,0.9876127580992043
10.335688957521302,0.06206496519721578,0.1502808988764045,0.9877115520530143
10.361673967204961,0.06246351430239346,0.1502808988764045,0.9877951469370074
10.38765897688862,0.0626830697129467,0.1502808988764045,0.9878407441464583
10.413643986572279,0.06283029947152084,0.1502808988764045,0.9878711422860921
10.439628996255937,0.06275902901124926,0.14887640449438203,0.9879699362399021
10.465614005939596,0.062462819750148724,0.14747191011235955,0.9880231329842614
10.491599015623255,0.06283662477558348,0.14747191011235955,0.988099128333346
10.517584025306913,0.06306306306306306,0.14747191011235955,0.9881447255427968
10.543569034990576,0.06340579710144928,0.14747191011235955,0.9882131213569729
10.569554044674234,0.06367495451788963,0.14747191011235955,0.9882663181013323
10.595539054357893,0.06329884357881924,0.14606741573033707,0.9883043157758745
10.621524064041552,0.06303549571603427,0.1446629213483146,0.9883651120551422
10.64750907372521,0.06326781326781326,0.1446629213483146,0.988410709264593
10.673494083408869,0.06350184956843404,0.1446629213483146,0.9884563064740438
10.699479093092528,0.06373762376237624,0.1446629213483146,0.9885019036834946
10.725464102776186,0.06381660470879802,0.1446629213483146,0.9885171027533115
10.751449112459845,0.06417445482866044,0.1446629213483146,0.9885854985674877
10.777434122143504,0.06386975579211021,0.14325842696629212,0.9886386953118469
10.803419131827162,0.06435331230283911,0.14325842696629212,0.9887298897307485
10.829404141510821,0.06472081218274112,0.14325842696629212,0.9887982855449247
10.85538915119448,0.06496815286624204,0.14325842696629212,0.9888438827543754
10.881374160878142,0.06521739130434782,0.14325842696629212,0.9888894799638263
10.9073591705618,0.06495176848874598,0.14185393258426968,0.988950276243094
10.93334418024546,0.06411917098445596,0.13904494382022473,0.9890186720572701
10.959329189929118,0.064453125,0.13904494382022473,0.9890794683365378
10.985314199612777,0.06470588235294118,0.13904494382022473,0.9891250655459886
11.011299209296435,0.06513157894736842,0.13904494382022473,0.9892010608950732
11.037284218980094,0.06477197620621282,0.13764044943820225,0.9892466581045241
11.063269228663753,0.0650298606502986,0.13764044943820225,0.9892922553139748
11.089254238347412,0.06555183946488294,0.13764044943820225,0.9893834497328764
11.11523924803107,0.06594885598923284,0.13764044943820225,0.9894518455470526
11.141224257714729,0.06635071090047394,0.13764044943820225,0.9895202413612287
11.167209267398388,0.06671204901293397,0.13764044943820225,0.9895810376404964
11.19319427708205,0.0662568306010929,0.13623595505617977,0.9896114357801302
11.219179286765709,0.06648389307745031,0.13623595505617977,0.9896494334546726
11.245164296449367,0.06708160442600276,0.13623595505617977,0.9897482274084826
11.271149306133026,0.06754874651810584,0.13623595505617977,0.9898242227575672
11.297134315816685,0.06787963610916725,0.13623595505617977,0.9898774195019265
11.323119325500343,0.06811797752808989,0.13623595505617977,0.9899154171764688
11.349104335184002,0.06755805770584096,0.1348314606741573,0.9899306162462858
11.37508934486766,0.06704304869442484,0.13342696629213482,0.9899534148510111
11.40107435455132,0.06723283793347487,0.13342696629213482,0.989983812990645
11.427059364234978,0.06742370475514549,0.13342696629213482,0.9900142111302789
11.453044373918637,0.06766381766381767,0.13342696629213482,0.9900522088048211
11.479029383602295,0.06719085060757685,0.13202247191011235,0.990082606944455
11.505014393285954,0.0667144906743185,0.1306179775280899,0.9901130050840888
11.530999402969616,0.06623470122390208,0.12921348314606743,0.9901434032237227
11.556984412653275,0.06676342525399129,0.12921348314606743,0.9902269981077159
11.582969422336934,0.06725146198830409,0.12921348314606743,0.9903029934568004
11.608954432020592,0.06744868035190615,0.12921348314606743,0.9903333915964343
11.634939441704251,0.06784660766961652,0.12921348314606743,0.990394187875702
11.66092445138791,0.0673076923076923,0.12780898876404495,0.9904169864804274
11.686909461071568,0.06765799256505577,0.12780898876404495,0.9904701832247866
11.712894470755227,0.06785980611483967,0.12780898876404495,0.9905005813644205
11.738879480438886,0.06806282722513089,0.12780898876404495,0.9905309795040543
11.764864490122545,0.06811377245508982,0.12780898876404495,0.9905385790389628
11.790849499806203,0.06772009029345373,0.12640449438202248,0.9905841762484136
11.816834509489862,0.0680786686838124,0.12640449438202248,0.9906373729927729
11.84281951917352,0.06773211567732115,0.125,0.9906905697371321
11.868804528857183,0.06783536585365854,0.125,0.990705768806949
11.894789538540842,0.0681992337164751,0.125,0.9907589655513083
11.9207745482245,0.06830391404451266,0.125,0.9907741646211252
11.946759557908159,0.06840891621829362,0.125,0.9907893636909421
11.972744567591818,0.06883217324052592,0.125,0.9908501599702099
11.998729577275476,0.06936866718628215,0.125,0.9909261553192945
12.024714586959135,0.06891151135473766,0.12359550561797752,0.9909641529938368
12.050699596642794,0.06901960784313725,0.12359550561797752,0.9909793520636537
12.076684606326452,0.06962025316455696,0.12359550561797752,0.9910629469476469
12.102669616010111,0.06984126984126984,0.12359550561797752,0.9910933450872806
12.12865462569377,0.06932270916334661,0.12219101123595505,0.9911237432269145
12.154639635377428,0.06896551724137931,0.12078651685393259,0.9911769399712738
12.180624645061087,0.06924315619967794,0.12078651685393259,0.991214937645816
12.20660965474475,0.06785137318255251,0.11797752808988764,0.991230136715633
12.232594664428408,0.06758957654723127,0.11657303370786516,0.9912985325298092
12.258579674112067,0.06699346405228758,0.1151685393258427,0.9913213311345346
12.284564683795725,0.06726825266611977,0.1151685393258427,0.9913593288090768
12.310549693479384,0.06743421052631579,0.1151685393258427,0.9913821274138023
12.336534703163043,0.06699751861042183,0.11376404494382023,0.991427724623253
12.362519712846701,0.06721991701244813,0.11376404494382023,0.9914581227628869
12.38850472253036,0.06661115736885928,0.11235955056179775,0.9914809213676123
12.414489732214019,0.06683375104427736,0.11235955056179775,0.9915113195072461
12.440474741897678,0.06711409395973154,0.11235955056179775,0.9915493171817885
12.466459751581336,0.06745362563237774,0.11235955056179775,0.9915949143912393
12.492444761264995,0.06700593723494487,0.11095505617977527,0.99164051160069
12.518429770948657,0.06700593723494487,0.11095505617977527,0.99164051160069
12.544414780632316,0.06729131175468483,0.11095505617977527,0.9916785092752324
12.570399790315975,0.06781115879828326,0.11095505617977527,0.9917469050894085
12.596384799999633,0.06804478897502153,0.11095505617977527,0.9917773032290423
12.622369809683292,0.06822107081174439,0.11095505617977527,0.9918001018337678
12.64835481936695,0.0685763888888889,0.11095505617977527,0.9918456990432185
12.67433982905061,0.06887532693984307,0.11095505617977527,0.9918836967177609
12.700324838734268,0.06911636045494313,0.11095505617977527,0.9919140948573947
12.726309848417927,0.06935908691834942,0.11095505617977527,0.9919444929970286
12.752294858101585,0.06954225352112677,0.11095505617977527,0.991967291601754
12.778279867785244,0.06966490299823633,0.11095505617977527,0.9919824906715708
12.804264877468903,0.06997342781222321,0.11095505617977527,0.9920204883461132
12.830249887152561,0.07028469750889679,0.11095505617977527,0.9920584860206555
12.856234896836224,0.0706618962432916,0.11095505617977527,0.9921040832301063
12.882219906519882,0.07091561938958707,0.11095505617977527,0.9921344813697401
12.908204916203541,0.0705244122965642,0.10955056179775281,0.9921876781140995
12.9341899258872,0.07,0.10814606741573034,0.9922256757886417
12.960174935570858,0.07019143117593436,0.10814606741573034,0.9922484743933672
12.986159945254517,0.07044830741079597,0.10814606741573034,0.992278872533001
13.012144954938176,0.07057745187901009,0.10814606741573034,0.9922940716028179
13.038129964621834,0.07103321033210332,0.10814606741573034,0.9923472683471771
13.064114974305493,0.07043558850787766,0.10674157303370786,0.992377666486811
13.090099983989152,0.07076350093109869,0.10674157303370786,0.9924156641613533
13.11608499367281,0.07096171802054155,0.10674157303370786,0.9924384627660787
13.14207000335647,0.0702247191011236,0.10533707865168539,0.9924536618358957
13.168055013040128,0.07029053420805999,0.10533707865168539,0.9924612613708041
13.19404002272379,0.07048872180451128,0.10533707865168539,0.9924840599755295
13.220025032407449,0.07095553453169347,0.10533707865168539,0.9925372567198888
13.246010042091108,0.07040913415794481,0.10393258426966293,0.9925752543944311
13.271995051774766,0.07054337464251668,0.10393258426966293,0.992590453464248
13.297980061458425,0.07094918504314478,0.10393258426966293,0.9926360506736988
13.323965071142084,0.07135969141755062,0.10393258426966293,0.9926816478831495
13.349950080825742,0.07184466019417475,0.10393258426966293,0.9927348446275088
13.375935090509401,0.07212475633528265,0.10393258426966293,0.9927652427671426
13.40192010019306,0.072265625,0.10393258426966293,0.9927804418369596
13.427905109876718,0.07247796278158668,0.10393258426966293,0.992803240441685
13.453890119560377,0.07177974434611603,0.10252808988764045,0.9928260390464103
13.479875129244036,0.07135777998017839,0.10112359550561797,0.9928792357907696
13.505860138927694,0.0705765407554672,0.0997191011235955,0.9928944348605865
13.531845148611357,0.07092907092907093,0.0997191011235955,0.9929324325351289
13.557830158295015,0.071285140562249,0.0997191011235955,0.9929704302096711
13.583815167978674,0.07142857142857142,0.0997191011235955,0.9929856292794881
13.609800177662333,0.07164480322906155,0.0997191011235955,0.9930084278842135
13.635785187345991,0.07193515704154002,0.0997191011235955,0.9930388260238473
13.66177019702965,0.07230142566191446,0.0997191011235955,0.9930768236983897
13.687755206713309,0.07252298263534218,0.0997191011235955,0.9930996223031151
13.713740216396967,0.07267144319344933,0.0997191011235955,0.9931148213729319
13.739725226080626,0.07267144319344933,0.0997191011235955,0.9931148213729319
13.765710235764285,0.07106076210092688,0.09691011235955056,0.9931452195125658
13.791695245447944,0.0695742471443406,0.09410112359550561,0.9931908167220166
13.817680255131602,0.06875,0.09269662921348315,0.9932060157918335
13.843665264815261,0.06918238993710692,0.09269662921348315,0.9932516130012843
13.869650274498923,0.06947368421052631,0.09269662921348315,0.9932820111409182
13.895635284182582,0.06969376979936642,0.09269662921348315,0.9933048097456436
13.92162029386624,0.06998939554612937,0.09269662921348315,0.9933352078852774
13.9476053035499,0.07036247334754797,0.09269662921348315,0.9933732055598198
13.973590313233558,0.0707395498392283,0.09269662921348315,0.993411203234362
13.999575322917217,0.07081545064377683,0.09269662921348315,0.9934188027692705
14.025560332600875,0.07089151450053706,0.09269662921348315,0.993426402304179
14.051545342284534,0.07119741100323625,0.09269662921348315,0.9934568004438128
14.077530351968193,0.07135135135135136,0.09269662921348315,0.9934719995136297
14.103515361651851,0.07150595882990249,0.09269662921348315,0.9934871985834467
14.12950037133551,0.07173913043478261,0.09269662921348315,0.9935099971881721
14.155485381019169,0.07205240174672489,0.09269662921348315,0.9935403953278059
14.181470390702827,0.07236842105263158,0.09269662921348315,0.9935707934674398
14.20745540038649,0.07252747252747253,0.09269662921348315,0.9935859925372568
14.233440410070148,0.07276736493936053,0.09269662921348315,0.9936087911419821
14.259425419753807,0.07317073170731707,0.09269662921348315,0.9936467888165245
14.285410429437466,0.0732519422863485,0.09269662921348315,0.9936543883514329
14.311395439121124,0.07341490545050056,0.09269662921348315,0.9936695874212498
14.337380448804783,0.07349665924276169,0.09269662921348315,0.9936771869561583
14.363365458488442,0.07366071428571429,0.09269662921348315,0.9936923860259752
14.3893504681721,0.07390817469204927,0.09269662921348315,0.9937151846307006
14.41533547785576,0.07390817469204927,0.09269662921348315,0.9937151846307006
14.441320487539418,0.07415730337078652,0.09269662921348315,0.993737983235426
14.467305497223077,0.07328072153325817,0.09129213483146068,0.9937531823052429
14.493290506906735,0.07352941176470588,0.09129213483146068,0.9937759809099683
14.519275516590398,0.07361268403171008,0.09129213483146068,0.9937835804448768
14.545260526274056,0.07377979568671963,0.09129213483146068,0.9937987795146938
14.571245535957715,0.07411630558722919,0.09129213483146068,0.9938291776543275
14.597230545641374,0.07428571428571429,0.09129213483146068,0.9938443767241445
14.623215555325032,0.07428571428571429,0.09129213483146068,0.9938443767241445
14.649200565008691,0.07454128440366972,0.09129213483146068,0.9938671753288699
14.67518557469235,0.07462686567164178,0.09129213483146068,0.9938747748637783
14.701170584376008,0.07398843930635839,0.0898876404494382,0.9939127725383207
14.727155594059667,0.073512252042007,0.08848314606741572,0.9939659692826799
14.753140603743326,0.07394366197183098,0.08848314606741572,0.9940039669572223
14.779125613426984,0.07429245283018868,0.08848314606741572,0.994034365096856
14.805110623110643,0.0743801652892562,0.08848314606741572,0.9940419646317645
14.831095632794302,0.07455621301775148,0.08848314606741572,0.9940571637015815
14.857080642477964,0.07491082045184304,0.08848314606741572,0.9940875618412153
14.883065652161623,0.07508939213349225,0.08848314606741572,0.9941027609110322
14.909050661845281,0.07535885167464115,0.08848314606741572,0.9941255595157577
14.93503567152894,0.07563025210084033,0.08848314606741572,0.9941483581204831
14.961020681212599,0.07590361445783132,0.08848314606741572,0.9941711567252084
14.987005690896257,0.07636363636363637,0.08848314606741572,0.9942091543997508
15.012990700579916,0.07645631067961164,0.08848314606741572,0.9942167539346592
15.038975710263575,0.07692307692307693,0.08848314606741572,0.9942547516092015
15.064960719947234,0.07711138310893513,0.08848314606741572,0.9942699506790185
15.090945729630892,0.07730061349693251,0.08848314606741572,0.9942851497488354
15.116930739314551,0.07758620689655173,0.08848314606741572,0.9943079483535607
15.14291574899821,0.07797029702970297,0.08848314606741572,0.9943383464931946
15.168900758681868,0.07816377171215881,0.08848314606741572,0.9943535455630116
15.19488576836553,0.0784557907845579,0.08848314606741572,0.9943763441677369
15.22087077804919,0.07634543178973717,0.08567415730337079,0.9943915432375539
15.246855787732848,0.07682619647355164,0.08567415730337079,0.9944295409120962
15.272840797416507,0.07566204287515763,0.08426966292134831,0.9944295409120962
15.298825807100165,0.07614213197969544,0.08426966292134831,0.9944675385866385
15.324810816783824,0.07623888182973317,0.08426966292134831,0.994475138121547
15.350795826467483,0.07653061224489796,0.08426966292134831,0.9944979367262724
15.376780836151141,0.07682458386683738,0.08426966292134831,0.9945207353309977
15.4027658458348,0.07564102564102564,0.08286516853932584,0.9945207353309977
15.428750855518459,0.07603092783505154,0.08286516853932584,0.9945511334706316
15.454735865202117,0.07522697795071336,0.08146067415730338,0.9945815316102654
15.480720874885776,0.0754226267880364,0.08146067415730338,0.9945967306800824
15.506705884569435,0.07431551499348109,0.0800561797752809,0.9946043302149908
15.532690894253093,0.07470511140235911,0.0800561797752809,0.9946347283546247
15.558675903936752,0.07387862796833773,0.07865168539325842,0.9946651264942585
15.58466091362041,0.07436918990703852,0.07865168539325842,0.9947031241688009
15.61064592330407,0.07333333333333333,0.07724719101123595,0.9947183232386178
15.636630932987728,0.07343124165554073,0.07724719101123595,0.9947259227735262
15.662615942671387,0.07362784471218206,0.07724719101123595,0.9947411218433432
15.688600952355053,0.0739247311827957,0.07724719101123595,0.9947639204480686
15.714585962038711,0.07412398921832884,0.07724719101123595,0.9947791195178856
15.74057097172237,0.07432432432432433,0.07724719101123595,0.9947943185877024
15.766555981406029,0.07452574525745258,0.07724719101123595,0.9948095176575193
15.792540991089687,0.07472826086956522,0.07724719101123595,0.9948247167273363
15.818526000773346,0.07513661202185792,0.07724719101123595,0.9948551148669701
15.844511010457005,0.07544581618655692,0.07724719101123595,0.9948779134716955
15.870496020140664,0.07468879668049792,0.07584269662921349,0.9949159111462379
15.896481029824322,0.07489597780859916,0.07584269662921349,0.9949311102160547
15.922466039507981,0.07381615598885793,0.07443820224719101,0.9949463092858717
15.94845104919164,0.07433380084151472,0.07443820224719101,0.9949843069604141
15.974436058875298,0.07475317348377997,0.07443820224719101,0.9950147051000479
16.000421068558957,0.07507082152974505,0.07443820224719101,0.9950375037047733
16.026406078242616,0.07571428571428572,0.07443820224719101,0.995083100914224
16.052391087926274,0.07482014388489208,0.07303370786516854,0.9951134990538579
16.078376097609933,0.07525325615050651,0.07303370786516854,0.9951438971934917
16.10436110729359,0.0755813953488372,0.07303370786516854,0.9951666957982171
16.13034611697725,0.07580174927113703,0.07303370786516854,0.9951818948680341
16.15633112666091,0.07624633431085044,0.07303370786516854,0.9952122930076679
16.182316136344568,0.0752212389380531,0.07162921348314606,0.9952350916123933
16.208301146028226,0.07544378698224852,0.07162921348314606,0.9952502906822103
16.234286155711885,0.07555555555555556,0.07162921348314606,0.9952578902171187
16.260271165395544,0.07623318385650224,0.07162921348314606,0.9953034874265695
16.286256175079203,0.07646176911544228,0.07162921348314606,0.9953186864963864
16.31224118476286,0.07646176911544228,0.07162921348314606,0.9953186864963864
16.33822619444652,0.07669172932330827,0.07162921348314606,0.9953338855662034
16.364211204130186,0.07680722891566265,0.07162921348314606,0.9953414851011119
16.390196213813844,0.0770392749244713,0.07162921348314606,0.9953566841709287
16.416181223497503,0.0770392749244713,0.07162921348314606,0.9953566841709287
16.44216623318116,0.07727272727272727,0.07162921348314606,0.9953718832407457
16.46815124286482,0.07750759878419453,0.07162921348314606,0.9953870823105626
16.49413625254848,0.07633587786259542,0.0702247191011236,0.9954022813803796
16.520121262232138,0.07668711656441718,0.0702247191011236,0.9954250799851049
16.546106271915797,0.07692307692307693,0.0702247191011236,0.9954402790549218
16.572091281599455,0.07704160246533127,0.0702247191011236,0.9954478785898303
16.598076291283114,0.07727975270479134,0.0702247191011236,0.9954630776596473
16.624061300966773,0.07763975155279502,0.0702247191011236,0.9954858762643726
16.65004631065043,0.07644305772230889,0.06882022471910113,0.9955010753341895
16.67603132033409,0.0765625,0.06882022471910113,0.995508674869098
16.70201633001775,0.0770440251572327,0.06882022471910113,0.9955390730087319
16.728001339701407,0.07753164556962025,0.06882022471910113,0.9955694711483657
16.753986349385066,0.07643312101910828,0.06741573033707865,0.9955922697530911
16.779971359068725,0.07667731629392971,0.06741573033707865,0.9956074688229081
16.805956368752383,0.07692307692307693,0.06741573033707865,0.9956226678927249
16.831941378436042,0.07729468599033816,0.06741573033707865,0.9956454664974503
16.8579263881197,0.07792207792207792,0.06741573033707865,0.9956834641719927
16.88391139780336,0.0781758957654723,0.06741573033707865,0.9956986632418096
16.909896407487018,0.0784313725490196,0.06741573033707865,0.9957138623116265
16.935881417170677,0.07894736842105263,0.06741573033707865,0.9957442604512604
16.961866426854336,0.07920792079207921,0.06741573033707865,0.9957594595210774
16.987851436537994,0.07807308970099668,0.06601123595505617,0.9957822581258027
17.01383644622166,0.07833333333333334,0.06601123595505617,0.9957974571956196
17.03982145590532,0.07846410684474124,0.06601123595505617,0.9958050567305281
17.065806465588977,0.07718120805369127,0.06460674157303371,0.9958202558003451
17.091791475272636,0.077834179357022,0.06460674157303371,0.9958582534748873
17.117776484956295,0.0782312925170068,0.06460674157303371,0.9958810520796127
17.143761494639953,0.07863247863247863,0.06460674157303371,0.9959038506843381
17.169746504323612,0.07758620689655173,0.06320224719101124,0.995934248823972
17.19573151400727,0.0763888888888889,0.06179775280898876,0.9959570474286974
17.22171652369093,0.07652173913043478,0.06179775280898876,0.9959646469636059
17.247701533374588,0.07678883071553229,0.06179775280898876,0.9959798460334227
17.273686543058247,0.0773286467486819,0.06179775280898876,0.9960102441730566
17.299671552741906,0.07787610619469026,0.06179775280898876,0.9960406423126905
17.325656562425564,0.07815275310834814,0.06179775280898876,0.9960558413825074
17.351641572109223,0.07871198568872988,0.06179775280898876,0.9960862395221413
17.37762658179288,0.07913669064748201,0.06179775280898876,0.9961090381268667
17.40361159147654,0.07942238267148015,0.06179775280898876,0.9961242371966835
17.4295966011602,0.07956600361663653,0.06179775280898876,0.996131836731592
17.455581610843858,0.07971014492753623,0.06179775280898876,0.9961394362665005
17.481566620527516,0.07678244972577697,0.05898876404494382,0.9961622348712259
17.507551630211175,0.07734806629834254,0.05898876404494382,0.9961926330108597
17.533536639894834,0.07777777777777778,0.05898876404494382,0.9962154316155851
17.559521649578492,0.07606679035250463,0.05758426966292135,0.9962154316155851
17.58550665926215,0.07303370786516854,0.054775280898876406,0.9962382302203105
17.61149166894581,0.07358490566037736,0.054775280898876406,0.9962686283599443
17.63747667862947,0.07386363636363637,0.054775280898876406,0.9962838274297613
17.663461688313127,0.07428571428571429,0.054775280898876406,0.9963066260344867
17.689446697996793,0.0745697896749522,0.054775280898876406,0.9963218251043037
17.71543170768045,0.07514450867052024,0.054775280898876406,0.9963522232439375
17.74141671736411,0.07514450867052024,0.054775280898876406,0.9963522232439375
17.76740172704777,0.07543520309477757,0.054775280898876406,0.9963674223137544
17.793386736731428,0.07572815533980583,0.054775280898876406,0.9963826213835714
17.819371746415086,0.07587548638132295,0.054775280898876406,0.9963902209184798
17.845356756098745,0.076171875,0.054775280898876406,0.9964054199882967
17.871341765782404,0.07465618860510806,0.05337078651685393,0.9964206190581136
17.897326775466063,0.07341269841269842,0.05196629213483146,0.9964510171977475
17.92331178514972,0.07385229540918163,0.05196629213483146,0.9964738158024729
17.94929679483338,0.07414829659318638,0.05196629213483146,0.9964890148722898
17.97528180451704,0.07429718875502007,0.05196629213483146,0.9964966144071983
18.001266814200697,0.0728744939271255,0.05056179775280899,0.9965194130119237
18.027251823884356,0.07302231237322515,0.05056179775280899,0.9965270125468322
18.053236833568015,0.0736196319018405,0.05056179775280899,0.996557410686466
18.079221843251673,0.0736196319018405,0.05056179775280899,0.996557410686466
18.105206852935332,0.07407407407407407,0.05056179775280899,0.9965802092911914
18.13119186261899,0.07246376811594203,0.04915730337078652,0.9965954083610084
18.15717687230265,0.07112970711297072,0.047752808988764044,0.9966258065006421
18.183161881986308,0.07142857142857142,0.047752808988764044,0.9966410055704591
18.209146891669967,0.07157894736842105,0.047752808988764044,0.9966486051053676
18.235131901353625,0.07218683651804671,0.047752808988764044,0.9966790032450014
18.261116911037284,0.07218683651804671,0.047752808988764044,0.9966790032450014
18.287101920720943,0.07218683651804671,0.047752808988764044,0.9966790032450014
18.3130869304046,0.07218683651804671,0.047752808988764044,0.9966790032450014
18.33907194008826,0.07234042553191489,0.047752808988764044,0.9966866027799098
18.365056949771926,0.0728051391862955,0.047752808988764044,0.9967094013846353
18.391041959455585,0.07296137339055794,0.047752808988764044,0.9967170009195437
18.417026969139243,0.07112068965517242,0.046348314606741575,0.9967246004544522
18.443011978822902,0.07142857142857142,0.046348314606741575,0.9967397995242692
18.46899698850656,0.07158351409978309,0.046348314606741575,0.9967473990591775
18.49498199819022,0.0700218818380744,0.0449438202247191,0.996770197663903
18.520967007873878,0.07032967032967033,0.0449438202247191,0.9967853967337199
18.546952017557537,0.07048458149779736,0.0449438202247191,0.9967929962686284
18.572937027241196,0.07126948775055679,0.0449438202247191,0.9968309939431707
18.598922036924854,0.07158836689038031,0.0449438202247191,0.9968461930129876
18.624907046608513,0.07174887892376682,0.0449438202247191,0.9968537925478961
18.65089205629217,0.07013574660633484,0.04353932584269663,0.9968765911526215
18.67687706597583,0.07077625570776255,0.04353932584269663,0.9969069892922553
18.70286207565949,0.07110091743119266,0.04353932584269663,0.9969221883620722
18.728847085343148,0.07126436781609195,0.04353932584269663,0.9969297878969807
18.754832095026806,0.07192575406032482,0.04353932584269663,0.9969601860366145
18.780817104710465,0.07226107226107226,0.04353932584269663,0.9969753851064315
18.806802114394124,0.07226107226107226,0.04353932584269663,0.9969753851064315
18.832787124077782,0.07259953161592506,0.04353932584269663,0.9969905841762484
18.85877213376144,0.07311320754716981,0.04353932584269663,0.9970133827809738
18.8847571434451,0.07345971563981042,0.04353932584269663,0.9970285818507907
18.91074215312876,0.07363420427553444,0.04353932584269663,0.9970361813856992
18.936727162812417,0.07380952380952381,0.04353932584269663,0.9970437809206076
18.962712172496076,0.07398568019093078,0.04353932584269663,0.9970513804555161
18.988697182179735,0.07194244604316546,0.042134831460674156,0.9970589799904246
19.0146821918634,0.07194244604316546,0.042134831460674156,0.9970589799904246
19.04066720154706,0.07281553398058252,0.042134831460674156,0.9970969776649669
19.066652211230718,0.072992700729927,0.042134831460674156,0.9971045771998753
19.092637220914376,0.07334963325183375,0.042134831460674156,0.9971197762696923
19.118622230598035,0.07352941176470588,0.042134831460674156,0.9971273758046008
19.144607240281694,0.07352941176470588,0.042134831460674156,0.9971273758046008
19.170592249965352,0.07371007371007371,0.042134831460674156,0.9971349753395092
19.19657725964901,0.07425742574257425,0.042134831460674156,0.9971577739442347
19.22256226933267,0.07444168734491315,0.042134831460674156,0.997165373479143
19.24854727901633,0.07231920199501247,0.04073033707865169,0.9971729730140515
19.274532288699987,0.0725,0.04073033707865169,0.99718057254896
19.300517298383646,0.07341772151898734,0.04073033707865169,0.9972185702235024
19.326502308067305,0.07360406091370558,0.04073033707865169,0.9972261697584108
19.352487317750963,0.07397959183673469,0.04073033707865169,0.9972413688282277
19.378472327434622,0.0741687979539642,0.04073033707865169,0.9972489683631361
19.40445733711828,0.07493540051679587,0.04073033707865169,0.99727936650277
19.43044234680194,0.0731070496083551,0.03932584269662921,0.9973021651074955
19.456427356485598,0.0731070496083551,0.03932584269662921,0.9973021651074955
19.482412366169257,0.07329842931937172,0.03932584269662921,0.9973097646424038
19.508397375852915,0.07427055702917772,0.03932584269662921,0.9973477623169462
19.534382385536574,0.07427055702917772,0.03932584269662921,0.9973477623169462
19.560367395220233,0.07466666666666667,0.03932584269662921,0.9973629613867632
19.58635240490389,0.06970509383378017,0.03651685393258427,0.9973629613867632
19.61233741458755,0.07046070460704607,0.03651685393258427,0.997393359526397
19.63832242427121,0.07084468664850137,0.03651685393258427,0.9974085585962139
19.664307433954868,0.07084468664850137,0.03651685393258427,0.9974085585962139
19.690292443638533,0.07084468664850137,0.03651685393258427,0.9974085585962139
19.716277453322192,0.07162534435261708,0.03651685393258427,0.9974389567358478
19.74226246300585,0.0718232044198895,0.03651685393258427,0.9974465562707562
19.76824747268951,0.07222222222222222,0.03651685393258427,0.9974617553405731
19.794232482373168,0.07222222222222222,0.03651685393258427,0.9974617553405731
19.820217492056827,0.06983240223463687,0.0351123595505618,0.9974693548754816
19.846202501740486,0.0702247191011236,0.0351123595505618,0.9974845539452986
19.872187511424144,0.07062146892655367,0.0351123595505618,0.9974997530151155
19.898172521107803,0.07102272727272728,0.0351123595505618,0.9975149520849323
19.92415753079146,0.07142857142857142,0.0351123595505618,0.9975301511547493
19.95014254047512,0.07163323782234957,0.0351123595505618,0.9975377506896578
19.97612755015878,0.07163323782234957,0.0351123595505618,0.9975377506896578
20.002112559842438,0.07183908045977011,0.0351123595505618,0.9975453502245663
20.028097569526096,0.07225433526011561,0.0351123595505618,0.9975605492943832
20.054082579209755,0.0728862973760933,0.0351123595505618,0.9975833478991086
20.080067588893414,0.07331378299120235,0.0351123595505618,0.9975985469689255
20.106052598577072,0.07352941176470588,0.0351123595505618,0.997606146503834
20.13203760826073,0.07396449704142012,0.0351123595505618,0.9976213455736509
20.15802261794439,0.07418397626112759,0.0351123595505618,0.9976289451085594
20.18400762762805,0.0744047619047619,0.0351123595505618,0.9976365446434678
20.209992637311707,0.07598784194528875,0.0351123595505618,0.9976897413878271
20.235977646995366,0.0764525993883792,0.0351123595505618,0.997704940457644
20.261962656679025,0.07692307692307693,0.0351123595505618,0.997720139527461
20.287947666362683,0.07692307692307693,0.0351123595505618,0.997720139527461
20.313932676046342,0.07716049382716049,0.0351123595505618,0.9977277390623693
20.339917685730008,0.07739938080495357,0.0351123595505618,0.9977353385972778
20.365902695413666,0.07763975155279502,0.0351123595505618,0.9977429381321863
20.391887705097325,0.07763975155279502,0.0351123595505618,0.9977429381321863
20.417872714780984,0.078125,0.0351123595505618,0.9977581372020032
20.443857724464642,0.07232704402515723,0.032303370786516857,0.9977581372020032
20.4698427341483,0.07028753993610223,0.03089887640449438,0.9977885353416371
20.49582774383196,0.07028753993610223,0.03089887640449438,0.9977885353416371
20.52181275351562,0.07028753993610223,0.03089887640449438,0.9977885353416371
20.547797763199277,0.0707395498392283,0.03089887640449438,0.997803734411454
20.573782772882936,0.06796116504854369,0.02949438202247191,0.9978113339463625
20.599767782566595,0.06840390879478828,0.02949438202247191,0.9978265330161794
20.625752792250253,0.06907894736842106,0.02949438202247191,0.9978493316209048
20.651737801933912,0.06976744186046512,0.02949438202247191,0.9978721302256301
20.67772281161757,0.07046979865771812,0.02949438202247191,0.9978949288303556
20.70370782130123,0.0707070707070707,0.02949438202247191,0.997902528365264
20.729692830984888,0.07094594594594594,0.02949438202247191,0.9979101279001725
20.755677840668547,0.07142857142857142,0.02949438202247191,0.9979253269699895
20.781662850352205,0.07191780821917808,0.02949438202247191,0.9979405260398063
20.807647860035864,0.07216494845360824,0.02949438202247191,0.9979481255747148
20.833632869719523,0.06968641114982578,0.028089887640449437,0.9979709241794402
20.85961787940318,0.06993006993006994,0.028089887640449437,0.9979785237143487
20.88560288908684,0.07017543859649122,0.028089887640449437,0.9979861232492572
20.9115878987705,0.07092198581560284,0.028089887640449437,0.9980089218539825
20.937572908454158,0.0711743772241993,0.028089887640449437,0.998016521388891
20.963557918137816,0.07168458781362007,0.028089887640449437,0.9980317204587079
20.989542927821475,0.06884057971014493,0.026685393258426966,0.9980469195285249
21.01552793750514,0.06934306569343066,0.026685393258426966,0.9980621185983418
21.0415129471888,0.0695970695970696,0.026685393258426966,0.9980697181332503
21.067497956872458,0.06666666666666667,0.025280898876404494,0.9980849172030671
21.093482966556117,0.06691449814126393,0.025280898876404494,0.9980925167379756
21.119467976239775,0.06691449814126393,0.025280898876404494,0.9980925167379756
21.145452985923434,0.06367041198501873,0.023876404494382022,0.9981001162728841
21.171437995607093,0.06390977443609022,0.023876404494382022,0.9981077158077926
21.19742300529075,0.06463878326996197,0.023876404494382022,0.998130514412518
21.22340801497441,0.0648854961832061,0.023876404494382022,0.9981381139474265
21.24939302465807,0.06563706563706563,0.023876404494382022,0.9981609125521518
21.275378034341728,0.06589147286821706,0.023876404494382022,0.9981685120870603
21.301363044025386,0.06719367588932806,0.023876404494382022,0.9982065097616026
21.327348053709045,0.06746031746031746,0.023876404494382022,0.998214109296511
21.353333063392704,0.06827309236947791,0.023876404494382022,0.9982369079012364
21.379318073076362,0.0653061224489796,0.02247191011235955,0.9982597065059619
21.40530308276002,0.0653061224489796,0.02247191011235955,0.9982597065059619
21.43128809244368,0.06584362139917696,0.02247191011235955,0.9982749055757788
21.45727310212734,0.06584362139917696,0.02247191011235955,0.9982749055757788
21.483258111810997,0.06639004149377593,0.02247191011235955,0.9982901046455956
21.509243121494656,0.06694560669456066,0.02247191011235955,0.9983053037154126
21.535228131178314,0.06722689075630252,0.02247191011235955,0.9983129032503211
21.561213140861973,0.06722689075630252,0.02247191011235955,0.9983129032503211
21.587198150545632,0.0635593220338983,0.021067415730337078,0.9983205027852295
21.61318316022929,0.05982905982905983,0.019662921348314606,0.998328102320138
21.63916816991295,0.060085836909871244,0.019662921348314606,0.9983357018550465
21.665153179596615,0.06060606060606061,0.019662921348314606,0.9983509009248634
21.691138189280274,0.06086956521739131,0.019662921348314606,0.9983585004597718
21.717123198963932,0.06086956521739131,0.019662921348314606,0.9983585004597718
21.74310820864759,0.06086956521739131,0.019662921348314606,0.9983585004597718
21.76909321833125,0.06086956521739131,0.019662921348314606,0.9983585004597718
21.79507822801491,0.06140350877192982,0.019662921348314606,0.9983736995295888
21.821063237698567,0.06167400881057269,0.019662921348314606,0.9983812990644972
21.847048247382226,0.061946902654867256,0.019662921348314606,0.9983888985994057
21.873033257065885,0.06222222222222222,0.019662921348314606,0.9983964981343142
21.899018266749543,0.06334841628959276,0.019662921348314606,0.998426896273948
21.925003276433202,0.06334841628959276,0.019662921348314606,0.998426896273948
21.95098828611686,0.059907834101382486,0.018258426966292134,0.9984496948786734
21.97697329580052,0.06018518518518518,0.018258426966292134,0.9984572944135819
22.002958305484178,0.06046511627906977,0.018258426966292134,0.9984648939484904
22.028943315167837,0.06074766355140187,0.018258426966292134,0.9984724934833988
22.054928324851495,0.06074766355140187,0.018258426966292134,0.9984724934833988
22.080913334535154,0.06103286384976526,0.018258426966292134,0.9984800930183073
22.106898344218813,0.06132075471698113,0.018258426966292134,0.9984876925532158
22.13288335390247,0.061611374407582936,0.018258426966292134,0.9984952920881242
22.15886836358613,0.06220095693779904,0.018258426966292134,0.9985104911579411
22.18485337326979,0.0625,0.018258426966292134,0.9985180906928496
22.210838382953447,0.06280193236714976,0.018258426966292134,0.9985256902277581
22.236823392637106,0.06280193236714976,0.018258426966292134,0.9985256902277581
22.262808402320765,0.06310679611650485,0.018258426966292134,0.9985332897626665
22.288793412004424,0.06372549019607843,0.018258426966292134,0.9985484888324835
22.314778421688082,0.06467661691542288,0.018258426966292134,0.9985712874372088
22.340763431371748,0.06467661691542288,0.018258426966292134,0.9985712874372088
22.366748441055407,0.06532663316582915,0.018258426966292134,0.9985864865070258
22.392733450739065,0.06666666666666667,0.018258426966292134,0.9986168846466597
22.418718460422724,0.06735751295336788,0.018258426966292134,0.9986320837164766
22.444703470106383,0.06735751295336788,0.018258426966292134,0.9986320837164766
22.47068847979004,0.06770833333333333,0.018258426966292134,0.998639683251385
22.4966734894737,0.06806282722513089,0.018258426966292134,0.9986472827862934
22.52265849915736,0.07027027027027027,0.018258426966292134,0.9986928799957443
22.548643508841018,0.07065217391304347,0.018258426966292134,0.9987004795306528
22.574628518524676,0.07103825136612021,0.018258426966292134,0.9987080790655611
22.600613528208335,0.07142857142857142,0.018258426966292134,0.9987156786004696
22.626598537891994,0.06741573033707865,0.016853932584269662,0.998738477205195
22.652583547575652,0.06818181818181818,0.016853932584269662,0.998753676275012
22.67856855725931,0.06936416184971098,0.016853932584269662,0.9987764748797373
22.70455356694297,0.07017543859649122,0.016853932584269662,0.9987916739495543
22.73053857662663,0.07017543859649122,0.016853932584269662,0.9987916739495543
22.756523586310287,0.07017543859649122,0.016853932584269662,0.9987916739495543
22.782508595993946,0.07142857142857142,0.016853932584269662,0.9988144725542797
22.808493605677604,0.07228915662650602,0.016853932584269662,0.9988296716240966
22.834478615361263,0.07317073170731707,0.016853932584269662,0.9988448706939135
22.860463625044922,0.07317073170731707,0.016853932584269662,0.9988448706939135
22.88644863472858,0.0736196319018405,0.016853932584269662,0.998852470228822
22.91243364441224,0.07453416149068323,0.016853932584269662,0.9988676692986389
22.938418654095898,0.075,0.016853932584269662,0.9988752688335474
22.964403663779557,0.07643312101910828,0.016853932584269662,0.9988980674382728
22.990388673463215,0.07692307692307693,0.016853932584269662,0.9989056669731813
23.01637368314688,0.07692307692307693,0.016853932584269662,0.9989056669731813
23.04235869283054,0.07692307692307693,0.016853932584269662,0.9989056669731813
23.0683437025142,0.07692307692307693,0.016853932584269662,0.9989056669731813
23.094328712197857,0.07692307692307693,0.016853932584269662,0.9989056669731813
23.120313721881516,0.07741935483870968,0.016853932584269662,0.9989132665080898
23.146298731565174,0.07741935483870968,0.016853932584269662,0.9989132665080898
23.172283741248833,0.07792207792207792,0.016853932584269662,0.9989208660429981
23.198268750932492,0.0784313725490196,0.016853932584269662,0.9989284655779066
23.22425376061615,0.07894736842105263,0.016853932584269662,0.9989360651128151
23.25023877029981,0.07894736842105263,0.016853932584269662,0.9989360651128151
23.276223779983468,0.07333333333333333,0.01544943820224719,0.9989436646477236
23.302208789667127,0.0738255033557047,0.01544943820224719,0.998951264182632
23.328193799350785,0.07432432432432433,0.01544943820224719,0.9989588637175405
23.354178809034444,0.07432432432432433,0.01544943820224719,0.9989588637175405
23.380163818718103,0.07432432432432433,0.01544943820224719,0.9989588637175405
23.40614882840176,0.07432432432432433,0.01544943820224719,0.9989588637175405
23.43213383808542,0.06802721088435375,0.014044943820224719,0.9989588637175405
23.45811884776908,0.06802721088435375,0.014044943820224719,0.9989588637175405
23.484103857452737,0.06802721088435375,0.014044943820224719,0.9989588637175405
23.510088867136396,0.06896551724137931,0.014044943820224719,0.9989740627873575
23.536073876820055,0.0625,0.012640449438202247,0.9989740627873575
23.562058886503713,0.06338028169014084,0.012640449438202247,0.9989892618571743
23.588043896187372,0.06382978723404255,0.012640449438202247,0.9989968613920828
23.61402890587103,0.06382978723404255,0.012640449438202247,0.9989968613920828
23.64001391555469,0.06474820143884892,0.012640449438202247,0.9990120604618997
23.665998925238355,0.06474820143884892,0.012640449438202247,0.9990120604618997
23.691983934922014,0.058394160583941604,0.011235955056179775,0.9990196599968082
23.717968944605673,0.058823529411764705,0.011235955056179775,0.9990272595317167
23.74395395428933,0.05925925925925926,0.011235955056179775,0.9990348590666251
23.76993896397299,0.05925925925925926,0.011235955056179775,0.9990348590666251
23.79592397365665,0.06060606060606061,0.011235955056179775,0.9990576576713505
23.821908983340307,0.06060606060606061,0.011235955056179775,0.9990576576713505
23.847893993023966,0.061068702290076333,0.011235955056179775,0.9990652572062589
23.873879002707625,0.06153846153846154,0.011235955056179775,0.9990728567411674
23.899864012391284,0.06201550387596899,0.011235955056179775,0.9990804562760759
23.925849022074942,0.06201550387596899,0.011235955056179775,0.9990804562760759
23.9518340317586,0.056451612903225805,0.009831460674157303,0.9991108544157098
23.97781904144226,0.056910569105691054,0.009831460674157303,0.9991184539506183
24.00380405112592,0.05785123966942149,0.009831460674157303,0.9991336530204351
24.029789060809577,0.05785123966942149,0.009831460674157303,0.9991336530204351
24.055774070493236,0.058333333333333334,0.009831460674157303,0.9991412525553436
24.081759080176894,0.058333333333333334,0.009831460674157303,0.9991412525553436
24.107744089860553,0.05982905982905983,0.009831460674157303,0.999164051160069
24.13372909954421,0.05357142857142857,0.008426966292134831,0.9991944492997029
24.15971410922787,0.05405405405405406,0.008426966292134831,0.9992020488346113
24.18569911891153,0.05454545454545454,0.008426966292134831,0.9992096483695198
24.211684128595188,0.04672897196261682,0.007022471910112359,0.9992248474393367
24.237669138278847,0.03773584905660377,0.0056179775280898875,0.9992248474393367
24.263654147962505,0.03773584905660377,0.0056179775280898875,0.9992248474393367
24.289639157646164,0.0380952380952381,0.0056179775280898875,0.9992324469742452
24.315624167329823,0.0380952380952381,0.0056179775280898875,0.9992324469742452
24.34160917701349,0.038461538461538464,0.0056179775280898875,0.9992400465091537
24.367594186697147,0.038461538461538464,0.0056179775280898875,0.9992400465091537
24.393579196380806,0.038834951456310676,0.0056179775280898875,0.9992476460440621
24.419564206064464,0.038834951456310676,0.0056179775280898875,0.9992476460440621
24.445549215748123,0.038834951456310676,0.0056179775280898875,0.9992476460440621
24.471534225431782,0.039603960396039604,0.0056179775280898875,0.9992628451138791
24.49751923511544,0.04,0.0056179775280898875,0.9992704446487874
24.5235042447991,0.04,0.0056179775280898875,0.9992704446487874
24.549489254482758,0.04,0.0056179775280898875,0.9992704446487874
24.575474264166417,0.04,0.0056179775280898875,0.9992704446487874
24.601459273850075,0.04,0.0056179775280898875,0.9992704446487874
24.627444283533734,0.04,0.0056179775280898875,0.9992704446487874
24.653429293217393,0.04040404040404041,0.0056179775280898875,0.9992780441836959
24.67941430290105,0.031578947368421054,0.004213483146067416,0.9993008427884214
24.70539931258471,0.031578947368421054,0.004213483146067416,0.9993008427884214
24.73138432226837,0.03260869565217391,0.004213483146067416,0.9993236413931468
24.757369331952027,0.03260869565217391,0.004213483146067416,0.9993236413931468
24.783354341635686,0.03260869565217391,0.004213483146067416,0.9993236413931468
24.809339351319345,0.03260869565217391,0.004213483146067416,0.9993236413931468
24.835324361003003,0.03296703296703297,0.004213483146067416,0.9993312409280553
24.861309370686662,0.03296703296703297,0.004213483146067416,0.9993312409280553
24.88729438037032,0.03296703296703297,0.004213483146067416,0.9993312409280553
24.91327939005398,0.03296703296703297,0.004213483146067416,0.9993312409280553
24.939264399737638,0.03296703296703297,0.004213483146067416,0.9993312409280553
24.965249409421297,0.03333333333333333,0.004213483146067416,0.9993388404629636
24.991234419104956,0.03409090909090909,0.004213483146067416,0.9993540395327806
25.01721942878862,0.034482758620689655,0.004213483146067416,0.999361639067689
25.04320443847228,0.034482758620689655,0.004213483146067416,0.999361639067689
25.06918944815594,0.03488372093023256,0.004213483146067416,0.9993692386025975
25.095174457839597,0.03529411764705882,0.004213483146067416,0.999376838137506
25.121159467523256,0.03571428571428571,0.004213483146067416,0.9993844376724145
25.147144477206915,0.03571428571428571,0.004213483146067416,0.9993844376724145
25.173129486890574,0.03614457831325301,0.004213483146067416,0.999392037207323
25.199114496574232,0.036585365853658534,0.004213483146067416,0.9993996367422314
25.22509950625789,0.036585365853658534,0.004213483146067416,0.9993996367422314
25.25108451594155,0.037037037037037035,0.004213483146067416,0.9994072362771398
25.27706952562521,0.037037037037037035,0.004213483146067416,0.9994072362771398
25.303054535308867,0.037037037037037035,0.004213483146067416,0.9994072362771398
25.329039544992526,0.0375,0.004213483146067416,0.9994148358120483
25.355024554676184,0.0379746835443038,0.004213483146067416,0.9994224353469567
25.381009564359843,0.038461538461538464,0.004213483146067416,0.9994300348818652
25.4069945740435,0.039473684210526314,0.004213483146067416,0.9994452339516822
25.43297958372716,0.039473684210526314,0.004213483146067416,0.9994452339516822
25.45896459341082,0.04,0.004213483146067416,0.9994528334865906
25.484949603094478,0.04,0.004213483146067416,0.9994528334865906
25.510934612778136,0.04,0.004213483146067416,0.9994528334865906
25.536919622461795,0.04054054054054054,0.004213483146067416,0.9994604330214991
25.562904632145454,0.0410958904109589,0.004213483146067416,0.9994680325564076
25.588889641829113,0.041666666666666664,0.004213483146067416,0.999475632091316
25.61487465151277,0.041666666666666664,0.004213483146067416,0.999475632091316
25.64085966119643,0.041666666666666664,0.004213483146067416,0.999475632091316
25.666844670880096,0.041666666666666664,0.004213483146067416,0.999475632091316
25.692829680563754,0.041666666666666664,0.004213483146067416,0.999475632091316
25.718814690247413,0.04225352112676056,0.004213483146067416,0.9994832316262244
25.74479969993107,0.04225352112676056,0.004213483146067416,0.9994832316262244
25.77078470961473,0.04285714285714286,0.004213483146067416,0.9994908311611329
25.79676971929839,0.043478260869565216,0.004213483146067416,0.9994984306960414
25.822754728982048,0.043478260869565216,0.004213483146067416,0.9994984306960414
25.848739738665707,0.043478260869565216,0.004213483146067416,0.9994984306960414
25.874724748349365,0.043478260869565216,0.004213483146067416,0.9994984306960414
25.900709758033024,0.04411764705882353,0.004213483146067416,0.9995060302309499
25.926694767716683,0.04411764705882353,0.004213483146067416,0.9995060302309499
25.95267977740034,0.04411764705882353,0.004213483146067416,0.9995060302309499
25.978664787084,0.04411764705882353,0.004213483146067416,0.9995060302309499
26.00464979676766,0.04411764705882353,0.004213483146067416,0.9995060302309499
26.030634806451317,0.04477611940298507,0.004213483146067416,0.9995136297658583
26.056619816134976,0.046153846153846156,0.004213483146067416,0.9995288288356753
26.082604825818635,0.046875,0.004213483146067416,0.9995364283705838
26.108589835502293,0.047619047619047616,0.004213483146067416,0.9995440279054922
26.134574845185952,0.047619047619047616,0.004213483146067416,0.9995440279054922
26.16055985486961,0.047619047619047616,0.004213483146067416,0.9995440279054922
26.18654486455327,0.04838709677419355,0.004213483146067416,0.9995516274404006
26.212529874236928,0.04838709677419355,0.004213483146067416,0.9995516274404006
26.238514883920587,0.04918032786885246,0.004213483146067416,0.9995592269753091
26.264499893604246,0.05,0.004213483146067416,0.9995668265102176
26.290484903287904,0.05,0.004213483146067416,0.9995668265102176
26.316469912971563,0.05,0.004213483146067416,0.9995668265102176
26.34245492265523,0.05084745762711865,0.004213483146067416,0.999574426045126
26.368439932338887,0.05084745762711865,0.004213483146067416,0.999574426045126
26.394424942022546,0.05263157894736842,0.004213483146067416,0.999589625114943
26.420409951706205,0.05263157894736842,0.004213483146067416,0.999589625114943
26.446394961389863,0.03571428571428571,0.0028089887640449437,0.999589625114943
26.472379971073522,0.03571428571428571,0.0028089887640449437,0.999589625114943
26.49836498075718,0.03636363636363636,0.0028089887640449437,0.9995972246498515
26.52434999044084,0.03636363636363636,0.0028089887640449437,0.9995972246498515
26.550335000124498,0.037037037037037035,0.0028089887640449437,0.9996048241847599
26.576320009808157,0.03773584905660377,0.0028089887640449437,0.9996124237196684
26.602305019491816,0.038461538461538464,0.0028089887640449437,0.9996200232545768
26.628290029175474,0.038461538461538464,0.0028089887640449437,0.9996200232545768
26.654275038859133,0.038461538461538464,0.0028089887640449437,0.9996200232545768
26.68026004854279,0.038461538461538464,0.0028089887640449437,0.9996200232545768
26.70624505822645,0.038461538461538464,0.0028089887640449437,0.9996200232545768
26.73223006791011,0.038461538461538464,0.0028089887640449437,0.9996200232545768
26.758215077593768,0.038461538461538464,0.0028089887640449437,0.9996200232545768
26.784200087277426,0.038461538461538464,0.0028089887640449437,0.9996200232545768
26.810185096961085,0.038461538461538464,0.0028089887640449437,0.9996200232545768
26.836170106644744,0.038461538461538464,0.0028089887640449437,0.9996200232545768
26.862155116328402,0.038461538461538464,0.0028089887640449437,0.9996200232545768
26.88814012601206,0.038461538461538464,0.0028089887640449437,0.9996200232545768
26.91412513569572,0.0392156862745098,0.0028089887640449437,0.9996276227894852
26.94011014537938,0.0392156862745098,0.0028089887640449437,0.9996276227894852
26.966095155063037,0.0392156862745098,0.0028089887640449437,0.9996276227894852
26.992080164746703,0.0392156862745098,0.0028089887640449437,0.9996276227894852
27.01806517443036,0.04,0.0028089887640449437,0.9996352223243937
27.04405018411402,0.04,0.0028089887640449437,0.9996352223243937
27.07003519379768,0.04,0.0028089887640449437,0.9996352223243937
27.096020203481338,0.04,0.0028089887640449437,0.9996352223243937
27.122005213164996,0.04,0.0028089887640449437,0.9996352223243937
27.147990222848655,0.04081632653061224,0.0028089887640449437,0.9996428218593022
27.173975232532314,0.04081632653061224,0.0028089887640449437,0.9996428218593022
27.199960242215973,0.04081632653061224,0.0028089887640449437,0.9996428218593022
27.22594525189963,0.04081632653061224,0.0028089887640449437,0.9996428218593022
27.25193026158329,0.04081632653061224,0.0028089887640449437,0.9996428218593022
27.27791527126695,0.041666666666666664,0.0028089887640449437,0.9996504213942107
27.303900280950607,0.0425531914893617,0.0028089887640449437,0.9996580209291192
27.329885290634266,0.0425531914893617,0.0028089887640449437,0.9996580209291192
27.355870300317925,0.0425531914893617,0.0028089887640449437,0.9996580209291192
27.381855310001583,0.043478260869565216,0.0028089887640449437,0.9996656204640276
27.407840319685242,0.045454545454545456,0.0028089887640449437,0.9996808195338446
27.4338253293689,0.045454545454545456,0.0028089887640449437,0.9996808195338446
27.45981033905256,0.046511627906976744,0.0028089887640449437,0.9996884190687529
27.485795348736218,0.047619047619047616,0.0028089887640449437,0.9996960186036614
27.511780358419877,0.047619047619047616,0.0028089887640449437,0.9996960186036614
27.537765368103535,0.047619047619047616,0.0028089887640449437,0.9996960186036614
27.563750377787194,0.047619047619047616,0.0028089887640449437,0.9996960186036614
27.589735387470853,0.047619047619047616,0.0028089887640449437,0.9996960186036614
27.61572039715451,0.04878048780487805,0.0028089887640449437,0.9997036181385699
27.64170540683817,0.04878048780487805,0.0028089887640449437,0.9997036181385699
27.667690416521836,0.05,0.0028089887640449437,0.9997112176734784
27.693675426205495,0.05,0.0028089887640449437,0.9997112176734784
27.719660435889153,0.05263157894736842,0.0028089887640449437,0.9997264167432953
27.745645445572812,0.05555555555555555,0.0028089887640449437,0.9997416158131123
27.77163045525647,0.05555555555555555,0.0028089887640449437,0.9997416158131123
27.79761546494013,0.05555555555555555,0.0028089887640449437,0.9997416158131123
27.823600474623788,0.058823529411764705,0.0028089887640449437,0.9997568148829291
27.849585484307447,0.058823529411764705,0.0028089887640449437,0.9997568148829291
27.875570493991106,0.058823529411764705,0.0028089887640449437,0.9997568148829291
27.901555503674764,0.0625,0.0028089887640449437,0.9997720139527461
27.927540513358423,0.03225806451612903,0.0014044943820224719,0.9997720139527461
27.95352552304208,0.03225806451612903,0.0014044943820224719,0.9997720139527461
27.97951053272574,0.03225806451612903,0.0014044943820224719,0.9997720139527461
28.0054955424094,0.03225806451612903,0.0014044943820224719,0.9997720139527461
28.031480552093058,0.03225806451612903,0.0014044943820224719,0.9997720139527461
28.057465561776716,0.03333333333333333,0.0014044943820224719,0.9997796134876545
28.083450571460375,0.03333333333333333,0.0014044943820224719,0.9997796134876545
28.109435581144034,0.03333333333333333,0.0014044943820224719,0.9997796134876545
28.135420590827692,0.034482758620689655,0.0014044943820224719,0.999787213022563
28.16140560051135,0.03571428571428571,0.0014044943820224719,0.9997948125574715
28.18739061019501,0.03571428571428571,0.0014044943820224719,0.9997948125574715
28.21337561987867,0.03571428571428571,0.0014044943820224719,0.9997948125574715
28.239360629562327,0.03571428571428571,0.0014044943820224719,0.9997948125574715
28.265345639245986,0.03571428571428571,0.0014044943820224719,0.9997948125574715
28.291330648929645,0.03571428571428571,0.0014044943820224719,0.9997948125574715
28.31731565861331,0.03571428571428571,0.0014044943820224719,0.9997948125574715
28.34330066829697,0.03571428571428571,0.0014044943820224719,0.9997948125574715
28.369285677980628,0.03571428571428571,0.0014044943820224719,0.9997948125574715
28.395270687664286,0.038461538461538464,0.0014044943820224719,0.9998100116272884
28.421255697347945,0.038461538461538464,0.0014044943820224719,0.9998100116272884
28.447240707031604,0.038461538461538464,0.0014044943820224719,0.9998100116272884
28.473225716715262,0.038461538461538464,0.0014044943820224719,0.9998100116272884
28.49921072639892,0.038461538461538464,0.0014044943820224719,0.9998100116272884
28.52519573608258,0.038461538461538464,0.0014044943820224719,0.9998100116272884
28.55118074576624,0.038461538461538464,0.0014044943820224719,0.9998100116272884
28.577165755449897,0.038461538461538464,0.0014044943820224719,0.9998100116272884
28.603150765133556,0.038461538461538464,0.0014044943820224719,0.9998100116272884
28.629135774817215,0.038461538461538464,0.0014044943820224719,0.9998100116272884
28.655120784500873,0.04,0.0014044943820224719,0.9998176111621969
28.681105794184532,0.041666666666666664,0.0014044943820224719,0.9998252106971053
28.70709080386819,0.041666666666666664,0.0014044943820224719,0.9998252106971053
28.73307581355185,0.041666666666666664,0.0014044943820224719,0.9998252106971053
28.759060823235508,0.043478260869565216,0.0014044943820224719,0.9998328102320138
28.785045832919167,0.045454545454545456,0.0014044943820224719,0.9998404097669222
28.811030842602825,0.045454545454545456,0.0014044943820224719,0.9998404097669222
28.837015852286484,0.047619047619047616,0.0014044943820224719,0.9998480093018307
28.863000861970143,0.047619047619047616,0.0014044943820224719,0.9998480093018307
28.8889858716538,0.047619047619047616,0.0014044943820224719,0.9998480093018307
28.91497088133746,0.05,0.0014044943820224719,0.9998556088367392
28.94095589102112,0.05,0.0014044943820224719,0.9998556088367392
28.966940900704778,0.05263157894736842,0.0014044943820224719,0.9998632083716477
28.992925910388443,0.05263157894736842,0.0014044943820224719,0.9998632083716477
29.018910920072102,0.05263157894736842,0.0014044943820224719,0.9998632083716477
29.04489592975576,0.05263157894736842,0.0014044943820224719,0.9998632083716477
29.07088093943942,0.05263157894736842,0.0014044943820224719,0.9998632083716477
29.096865949123078,0.05263157894736842,0.0014044943820224719,0.9998632083716477
29.122850958806737,0.05555555555555555,0.0014044943820224719,0.9998708079065561
29.148835968490395,0.05555555555555555,0.0014044943820224719,0.9998708079065561
29.174820978174054,0.05555555555555555,0.0014044943820224719,0.9998708079065561
29.200805987857713,0.05555555555555555,0.0014044943820224719,0.9998708079065561
29.22679099754137,0.05555555555555555,0.0014044943820224719,0.9998708079065561
29.25277600722503,0.05555555555555555,0.0014044943820224719,0.9998708079065561
29.27876101690869,0.05555555555555555,0.0014044943820224719,0.9998708079065561
29.304746026592348,0.05555555555555555,0.0014044943820224719,0.9998708079065561
29.330731036276006,0.05555555555555555,0.0014044943820224719,0.9998708079065561
29.356716045959665,0.05555555555555555,0.0014044943820224719,0.9998708079065561
29.382701055643324,0.05555555555555555,0.0014044943820224719,0.9998708079065561
29.408686065326982,0.05555555555555555,0.0014044943820224719,0.9998708079065561
29.43467107501064,0.05555555555555555,0.0014044943820224719,0.9998708079065561
29.4606560846943,0.058823529411764705,0.0014044943820224719,0.9998784074414646
29.48664109437796,0.058823529411764705,0.0014044943820224719,0.9998784074414646
29.512626104061617,0.058823529411764705,0.0014044943820224719,0.9998784074414646
29.538611113745276,0.058823529411764705,0.0014044943820224719,0.9998784074414646
29.564596123428935,0.058823529411764705,0.0014044943820224719,0.9998784074414646
29.590581133112593,0.0625,0.0014044943820224719,0.9998860069763731
29.616566142796252,0.0625,0.0014044943820224719,0.9998860069763731
29.64255115247991,0.0625,0.0014044943820224719,0.9998860069763731
29.668536162163576,0.0625,0.0014044943820224719,0.9998860069763731
29.694521171847235,0.0625,0.0014044943820224719,0.9998860069763731
29.720506181530894,0.0625,0.0014044943820224719,0.9998860069763731
29.746491191214552,0.0625,0.0014044943820224719,0.9998860069763731
29.77247620089821,0.06666666666666667,0.0014044943820224719,0.9998936065112816
29.79846121058187,0.06666666666666667,0.0014044943820224719,0.9998936065112816
29.82444622026553,0.06666666666666667,0.0014044943820224719,0.9998936065112816
29.850431229949187,0.06666666666666667,0.0014044943820224719,0.9998936065112816
29.876416239632846,0.06666666666666667,0.0014044943820224719,0.9998936065112816
29.902401249316505,0.06666666666666667,0.0014044943820224719,0.9998936065112816
29.928386259000163,0.06666666666666667,0.0014044943820224719,0.9998936065112816
29.954371268683822,0.06666666666666667,0.0014044943820224719,0.9998936065112816
29.98035627836748,0.06666666666666667,0.0014044943820224719,0.9998936065112816
30.00634128805114,0.06666666666666667,0.0014044943820224719,0.9998936065112816
30.032326297734798,0.07142857142857142,0.0014044943820224719,0.9999012060461899
30.058311307418457,0.07142857142857142,0.0014044943820224719,0.9999012060461899
30.084296317102115,0.07142857142857142,0.0014044943820224719,0.9999012060461899
30.110281326785774,0.07142857142857142,0.0014044943820224719,0.9999012060461899
30.136266336469433,0.07142857142857142,0.0014044943820224719,0.9999012060461899
30.16225134615309,0.07142857142857142,0.0014044943820224719,0.9999012060461899
30.18823635583675,0.07142857142857142,0.0014044943820224719,0.9999012060461899
30.21422136552041,0.07142857142857142,0.0014044943820224719,0.9999012060461899
30.240206375204068,0.07142857142857142,0.0014044943820224719,0.9999012060461899
30.266191384887726,0.07142857142857142,0.0014044943820224719,0.9999012060461899
30.292176394571385,0.07692307692307693,0.0014044943820224719,0.9999088055810984
30.31816140425505,0.07692307692307693,0.0014044943820224719,0.9999088055810984
30.34414641393871,0.08333333333333333,0.0014044943820224719,0.9999164051160069
30.370131423622368,0.08333333333333333,0.0014044943820224719,0.9999164051160069
30.396116433306027,0.09090909090909091,0.0014044943820224719,0.9999240046509154
30.422101442989685,0.09090909090909091,0.0014044943820224719,0.9999240046509154
30.448086452673344,0.0,0.0,0.9999240046509154
30.474071462357003,0.0,0.0,0.9999240046509154
30.50005647204066,0.0,0.0,0.9999240046509154
30.52604148172432,0.0,0.0,0.9999240046509154
30.55202649140798,0.0,0.0,0.9999240046509154
30.578011501091638,0.0,0.0,0.9999240046509154
30.603996510775296,0.0,0.0,0.9999240046509154
30.629981520458955,0.0,0.0,0.9999240046509154
30.655966530142614,0.0,0.0,0.9999240046509154
30.681951539826272,0.0,0.0,0.9999316041858238
30.70793654950993,0.0,0.0,0.9999316041858238
30.73392155919359,0.0,0.0,0.9999316041858238
30.75990656887725,0.0,0.0,0.9999316041858238
30.785891578560907,0.0,0.0,0.9999316041858238
30.811876588244566,0.0,0.0,0.9999316041858238
30.837861597928224,0.0,0.0,0.9999316041858238
30.863846607611883,0.0,0.0,0.9999316041858238
30.889831617295542,0.0,0.0,0.9999316041858238
30.9158166269792,0.0,0.0,0.9999316041858238
30.94180163666286,0.0,0.0,0.9999316041858238
30.967786646346518,0.0,0.0,0.9999392037207323
30.993771656030184,0.0,0.0,0.9999392037207323
31.019756665713842,0.0,0.0,0.9999392037207323
31.0457416753975,0.0,0.0,0.9999392037207323
31.07172668508116,0.0,0.0,0.9999392037207323
31.09771169476482,0.0,0.0,0.9999392037207323
31.123696704448477,0.0,0.0,0.9999468032556408
31.149681714132136,0.0,0.0,0.9999468032556408
31.175666723815795,0.0,0.0,0.9999468032556408
31.201651733499453,0.0,0.0,0.9999468032556408
31.227636743183112,0.0,0.0,0.9999468032556408
31.25362175286677,0.0,0.0,0.9999544027905493
31.27960676255043,0.0,0.0,0.9999544027905493
31.305591772234088,0.0,0.0,0.9999544027905493
31.331576781917747,0.0,0.0,0.9999544027905493
31.357561791601405,0.0,0.0,0.9999544027905493
31.383546801285064,0.0,0.0,0.9999544027905493
31.409531810968723,0.0,0.0,0.9999544027905493
31.43551682065238,0.0,0.0,0.9999544027905493
31.46150183033604,0.0,0.0,0.9999544027905493
31.4874868400197,0.0,0.0,0.9999620023254577
31.513471849703357,0.0,0.0,0.9999620023254577
31.539456859387016,0.0,0.0,0.9999620023254577
31.565441869070675,0.0,0.0,0.9999696018603661
31.591426878754334,0.0,0.0,0.9999696018603661
31.617411888437992,0.0,0.0,0.9999696018603661
31.64339689812165,0.0,0.0,0.9999696018603661
31.669381907805317,0.0,0.0,0.9999696018603661
31.695366917488975,0.0,0.0,0.9999696018603661
31.721351927172634,0.0,0.0,0.9999696018603661
31.747336936856293,0.0,0.0,0.9999696018603661
31.77332194653995,0.0,0.0,0.9999696018603661
31.79930695622361,0.0,0.0,0.9999696018603661
31.82529196590727,0.0,0.0,0.9999696018603661
31.851276975590928,0.0,0.0,0.9999696018603661
31.877261985274586,0.0,0.0,0.9999696018603661
31.903246994958245,0.0,0.0,0.9999696018603661
31.929232004641904,0.0,0.0,0.9999696018603661
31.955217014325562,0.0,0.0,0.9999696018603661
31.98120202400922,0.0,0.0,0.9999696018603661
32.00718703369288,0.0,0.0,0.9999696018603661
32.03317204337654,0.0,0.0,0.9999696018603661
32.0591570530602,0.0,0.0,0.9999696018603661
32.085142062743856,0.0,0.0,0.9999696018603661
32.111127072427514,0.0,0.0,0.9999696018603661
32.13711208211117,0.0,0.0,0.9999696018603661
32.16309709179483,0.0,0.0,0.9999696018603661
32.18908210147849,0.0,0.0,0.9999696018603661
32.21506711116215,0.0,0.0,0.9999696018603661
32.24105212084581,0.0,0.0,0.9999696018603661
32.26703713052947,0.0,0.0,0.9999696018603661
32.293022140213125,0.0,0.0,0.9999696018603661
32.31900714989679,0.0,0.0,0.9999696018603661
32.34499215958045,0.0,0.0,0.9999696018603661
32.37097716926411,0.0,0.0,0.9999696018603661
32.39696217894777,0.0,0.0,0.9999696018603661
32.422947188631426,0.0,0.0,0.9999772013952746
32.448932198315084,0.0,0.0,0.999984800930183
32.47491720799874,0.0,0.0,0.999984800930183
32.5009022176824,0.0,0.0,0.999984800930183
32.52688722736606,0.0,0.0,0.999984800930183
32.55287223704972,0.0,0.0,0.999984800930183
32.57885724673338,0.0,0.0,0.999984800930183
32.60484225641704,0.0,0.0,0.999984800930183
32.630827266100695,0.0,0.0,0.999984800930183
32.656812275784354,0.0,0.0,0.999984800930183
32.68279728546801,0.0,0.0,0.999984800930183
32.70878229515167,0.0,0.0,0.999984800930183
32.73476730483533,0.0,0.0,0.999984800930183
32.76075231451899,0.0,0.0,0.999984800930183
32.78673732420265,0.0,0.0,0.999984800930183
32.812722333886306,0.0,0.0,0.999984800930183
32.838707343569965,0.0,0.0,0.999984800930183
32.86469235325362,0.0,0.0,0.999984800930183
32.89067736293728,0.0,0.0,0.999984800930183
32.91666237262094,0.0,0.0,0.999984800930183
32.9426473823046,0.0,0.0,0.999984800930183
32.96863239198826,0.0,0.0,0.999984800930183
32.994617401671924,0.0,0.0,0.999984800930183
33.02060241135558,0.0,0.0,0.999984800930183
33.04658742103924,0.0,0.0,0.999984800930183
33.0725724307229,0.0,0.0,0.999984800930183
33.09855744040656,0.0,0.0,0.999984800930183
33.12454245009022,0.0,0.0,0.999984800930183
33.150527459773876,0.0,0.0,0.999984800930183
33.176512469457535,0.0,0.0,0.999984800930183
33.20249747914119,0.0,0.0,0.999984800930183
33.22848248882485,0.0,0.0,0.999984800930183
33.25446749850851,0.0,0.0,0.999984800930183
33.28045250819217,0.0,0.0,0.999984800930183
33.30643751787583,0.0,0.0,0.999984800930183
33.33242252755949,0.0,0.0,0.999984800930183
33.358407537243146,0.0,0.0,0.999984800930183
33.384392546926804,0.0,0.0,0.999984800930183
33.41037755661046,0.0,0.0,0.999984800930183
33.43636256629412,0.0,0.0,0.999984800930183
33.46234757597778,0.0,0.0,0.999984800930183
33.48833258566144,0.0,0.0,0.999984800930183
33.5143175953451,0.0,0.0,0.999984800930183
33.54030260502876,0.0,0.0,0.9999924004650915
33.566287614712415,0.0,0.0,0.9999924004650915
33.592272624396074,0.0,0.0,0.9999924004650915
33.61825763407973,0.0,0.0,0.9999924004650915
33.6442426437634,0.0,0.0,0.9999924004650915
33.67022765344706,0.0,0.0,0.9999924004650915
33.696212663130716,0.0,0.0,0.9999924004650915
33.722197672814374,0.0,0.0,0.9999924004650915
33.74818268249803,0.0,0.0,0.9999924004650915
33.77416769218169,0.0,0.0,0.9999924004650915
33.80015270186535,0.0,0.0,0.9999924004650915
33.82613771154901,0.0,0.0,0.9999924004650915
33.85212272123267,0.0,0.0,0.9999924004650915
33.87810773091633,0.0,0.0,0.9999924004650915
33.904092740599985,0.0,0.0,0.9999924004650915
33.930077750283644,0.0,0.0,0.9999924004650915
33.9560627599673,0.0,0.0,0.9999924004650915
33.98204776965096,0.0,0.0,0.9999924004650915
34.00803277933462,0.0,0.0,0.9999924004650915
34.03401778901828,0.0,0.0,0.9999924004650915
34.06000279870194,0.0,0.0,0.9999924004650915
34.085987808385596,0.0,0.0,0.9999924004650915
34.111972818069255,0.0,0.0,0.9999924004650915
34.13795782775291,0.0,0.0,0.9999924004650915
34.16394283743657,0.0,0.0,0.9999924004650915
34.18992784712023,0.0,0.0,0.9999924004650915
34.21591285680389,0.0,0.0,0.9999924004650915
34.24189786648755,0.0,0.0,0.9999924004650915
34.26788287617121,0.0,0.0,0.9999924004650915
34.293867885854866,0.0,0.0,0.9999924004650915
34.31985289553853,0.0,0.0,0.9999924004650915
34.34583790522219,0.0,0.0,0.9999924004650915
34.37182291490585,0.0,0.0,0.9999924004650915
34.39780792458951,0.0,0.0,0.9999924004650915
34.423792934273166,0.0,0.0,0.9999924004650915
34.449777943956825,0.0,0.0,0.9999924004650915
34.47576295364048,0.0,0.0,0.9999924004650915
34.50174796332414,0.0,0.0,0.9999924004650915
34.5277329730078,0.0,0.0,0.9999924004650915
34.55371798269146,0.0,0.0,0.9999924004650915
34.57970299237512,0.0,0.0,0.9999924004650915
34.60568800205878,0.0,0.0,0.9999924004650915
34.631673011742436,0.0,0.0,0.9999924004650915
34.657658021426094,0.0,0.0,0.9999924004650915
34.68364303110975,0.0,0.0,0.9999924004650915
34.70962804079341,0.0,0.0,0.9999924004650915
34.73561305047707,0.0,0.0,0.9999924004650915
34.76159806016073,0.0,0.0,0.9999924004650915
34.78758306984439,0.0,0.0,0.9999924004650915
34.813568079528046,0.0,0.0,0.9999924004650915
34.839553089211705,0.0,0.0,0.9999924004650915
34.865538098895364,0.0,0.0,0.9999924004650915
34.89152310857902,0.0,0.0,0.9999924004650915
34.91750811826268,0.0,0.0,0.9999924004650915
34.94349312794634,0.0,0.0,0.9999924004650915
34.969478137630006,0.0,0.0,0.9999924004650915
34.995463147313664,0.0,0.0,0.9999924004650915
35.02144815699732,0.0,0.0,0.9999924004650915
35.04743316668098,0.0,0.0,0.9999924004650915
35.07341817636464,0.0,0.0,0.9999924004650915
35.0994031860483,0.0,0.0,0.9999924004650915
35.12538819573196,0.0,0.0,0.9999924004650915
35.15137320541562,0.0,0.0,0.9999924004650915
35.177358215099275,0.0,0.0,0.9999924004650915
35.203343224782934,0.0,0.0,0.9999924004650915
35.22932823446659,0.0,0.0,0.9999924004650915
35.25531324415025,0.0,0.0,0.9999924004650915
35.28129825383391,0.0,0.0,0.9999924004650915
35.30728326351757,0.0,0.0,0.9999924004650915
35.33326827320123,0.0,0.0,0.9999924004650915
35.359253282884886,0.0,0.0,0.9999924004650915
