Threshold,Precision,Recall,Specificity
-13.187904772191438,0.00821170972875961,1.0,0.0
-13.162414740844504,0.008211848766529521,1.0,1.7071546852860337e-05
-13.136924709497572,0.008211848766529521,1.0,1.7071546852860337e-05
-13.111434678150639,0.008211848766529521,1.0,1.7071546852860337e-05
-13.085944646803707,0.008211848766529521,1.0,1.7071546852860337e-05
-13.060454615456774,0.008211848766529521,1.0,1.7071546852860337e-05
-13.034964584109842,0.008211848766529521,1.0,1.7071546852860337e-05
-13.009474552762908,0.008211848766529521,1.0,1.7071546852860337e-05
-12.983984521415977,0.008211848766529521,1.0,1.7071546852860337e-05
-12.958494490069043,0.008211848766529521,1.0,1.7071546852860337e-05
-12.933004458722111,0.008211848766529521,1.0,1.7071546852860337e-05
-12.907514427375178,0.008211848766529521,1.0,1.7071546852860337e-05
-12.882024396028246,0.008211848766529521,1.0,1.7071546852860337e-05
-12.856534364681313,0.008211848766529521,1.0,1.7071546852860337e-05
-12.83104433333438,0.008211848766529521,1.0,1.7071546852860337e-05
-12.805554301987447,0.008211848766529521,1.0,1.7071546852860337e-05
-12.780064270640516,0.008211848766529521,1.0,1.7071546852860337e-05
-12.754574239293582,0.008211848766529521,1.0,1.7071546852860337e-05
-12.729084207946649,0.008211987809007788,1.0,3.4143093705720675e-05
-12.703594176599717,0.008211987809007788,1.0,3.4143093705720675e-05
-12.678104145252783,0.008211987809007788,1.0,3.4143093705720675e-05
-12.652614113905852,0.008211987809007788,1.0,3.4143093705720675e-05
-12.627124082558918,0.008211987809007788,1.0,3.4143093705720675e-05
-12.601634051211986,0.008211987809007788,1.0,3.4143093705720675e-05
-12.576144019865053,0.008211987809007788,1.0,3.4143093705720675e-05
-12.550653988518121,0.008211987809007788,1.0,3.4143093705720675e-05
-12.525163957171188,0.008211987809007788,1.0,3.4143093705720675e-05
-12.499673925824256,0.008211987809007788,1.0,3.4143093705720675e-05
-12.474183894477322,0.008211987809007788,1.0,3.4143093705720675e-05
-12.44869386313039,0.008212126856194654,1.0,5.121464055858101e-05
-12.423203831783457,0.008212126856194654,1.0,5.121464055858101e-05
-12.397713800436525,0.008212265908090351,1.0,6.828618741144135e-05
-12.372223769089592,0.008212265908090351,1.0,6.828618741144135e-05
-12.34673373774266,0.008212265908090351,1.0,6.828618741144135e-05
-12.321243706395727,0.008212265908090351,1.0,6.828618741144135e-05
-12.295753675048795,0.008212265908090351,1.0,6.828618741144135e-05
-12.270263643701862,0.008212265908090351,1.0,6.828618741144135e-05
-12.24477361235493,0.008212265908090351,1.0,6.828618741144135e-05
-12.219283581007996,0.008212265908090351,1.0,6.828618741144135e-05
-12.193793549661063,0.008212265908090351,1.0,6.828618741144135e-05
-12.168303518314131,0.008212265908090351,1.0,6.828618741144135e-05
-12.142813486967198,0.008212265908090351,1.0,6.828618741144135e-05
-12.117323455620266,0.008212265908090351,1.0,6.828618741144135e-05
-12.091833424273332,0.008212404964695125,1.0,8.53577342643017e-05
-12.0663433929264,0.008212404964695125,1.0,8.53577342643017e-05
-12.040853361579467,0.008212404964695125,1.0,8.53577342643017e-05
-12.015363330232535,0.008212404964695125,1.0,8.53577342643017e-05
-11.989873298885602,0.008212404964695125,1.0,8.53577342643017e-05
-11.96438326753867,0.00821268309203285,1.0,0.00011950082797002237
-11.938893236191737,0.008212822162766281,1.0,0.0001365723748228827
-11.913403204844805,0.008212822162766281,1.0,0.0001365723748228827
-11.887913173497871,0.008212961238209743,1.0,0.00015364392167574304
-11.86242314215094,0.008212961238209743,1.0,0.00015364392167574304
-11.836933110804006,0.008213100318363475,1.0,0.0001707154685286034
-11.811443079457074,0.008213100318363475,1.0,0.0001707154685286034
-11.78595304811014,0.008213100318363475,1.0,0.0001707154685286034
-11.760463016763207,0.008213100318363475,1.0,0.0001707154685286034
-11.734972985416276,0.00821323940322772,1.0,0.0001877870153814637
-11.709482954069342,0.00821323940322772,1.0,0.0001877870153814637
-11.68399292272241,0.008213656686085896,1.0,0.00023900165594004474
-11.658502891375477,0.008213656686085896,1.0,0.00023900165594004474
-11.633012860028545,0.008213656686085896,1.0,0.00023900165594004474
-11.607522828681612,0.008213795789794571,1.0,0.0002560732027929051
-11.58203279733468,0.008213934898214951,1.0,0.0002731447496457654
-11.556542765987746,0.008213934898214951,1.0,0.0002731447496457654
-11.531052734640815,0.008214213129191789,1.0,0.0003072878433514861
-11.505562703293881,0.008214213129191789,1.0,0.0003072878433514861
-11.48007267194695,0.008214352251748725,1.0,0.0003243593902043464
-11.454582640600016,0.008214491379018326,1.0,0.0003414309370572068
-11.429092609253084,0.008214491379018326,1.0,0.0003414309370572068
-11.40360257790615,0.008214491379018326,1.0,0.0003414309370572068
-11.378112546559219,0.00821463051100083,1.0,0.0003585024839100671
-11.352622515212285,0.008214908789105507,1.0,0.0003926455776157878
-11.327132483865352,0.008214908789105507,1.0,0.0003926455776157878
-11.30164245251842,0.008215326241615285,1.0,0.0004438602181743688
-11.276152421171489,0.00821546540188024,1.0,0.0004609317650272291
-11.250662389824555,0.008215743736554131,1.0,0.0004950748587329498
-11.225172358477622,0.008216022090088258,1.0,0.0005292179524386705
-11.19968232713069,0.008216022090088258,1.0,0.0005292179524386705
-11.174192295783756,0.00821643965575659,1.0,0.0005804325929972514
-11.148702264436825,0.0082167180564497,1.0,0.0006145756867029722
-11.123212233089891,0.008216857263871242,1.0,0.0006316472335558325
-11.09772220174296,0.008216996476009758,1.0,0.0006487187804086928
-11.072232170396026,0.008217135692865493,1.0,0.0006657903272615531
-11.046742139049094,0.008217414140729571,1.0,0.0006999334209672739
-11.02125210770216,0.008217831847910808,1.0,0.0007511480615258548
-10.995762076355229,0.008218249597559943,1.0,0.0008023627020844359
-10.970272045008295,0.008218249597559943,1.0,0.0008023627020844359
-10.944782013661364,0.008218528120922509,1.0,0.0008365057957901565
-10.91929198231443,0.008218528120922509,1.0,0.0008365057957901565
-10.893801950967497,0.008218806663164494,1.0,0.0008706488894958773
-10.868311919620565,0.00821894594136587,1.0,0.0008877204363487376
-10.842821888273633,0.00821908522428782,1.0,0.0009047919832015979
-10.8173318569267,0.00821908522428782,1.0,0.0009047919832015979
-10.791841825579766,0.008220199657632921,1.0,0.0010413643580244806
-10.766351794232834,0.008220896331954709,1.0,0.0011267220922887822
-10.740861762885903,0.008221732497033396,1.0,0.0012291513734059443
-10.71537173153897,0.008222429431211325,1.0,0.001314509107670246
-10.689881700192036,0.008222847648435117,1.0,0.001365723748228827
-10.664391668845104,0.008223544771690659,1.0,0.0014510814824931287
-10.63890163749817,0.008223684210526315,1.0,0.001468153029345989
-10.613411606151239,0.008224520942852297,1.0,0.0015705823104631511
-10.587921574804305,0.008224660414794215,1.0,0.0015876538573160114
-10.562431543457373,0.008224799891466558,1.0,0.0016047254041688718
-10.53694151211044,0.008225357845465029,1.0,0.001673011591580313
-10.511451480763508,0.0082261949184165,1.0,0.0017754408726974751
-10.485961449416575,0.008227311280746396,1.0,0.001912013247520358
-10.460471418069641,0.008228288346368526,1.0,0.0020315140754903803
-10.43498138672271,0.008228707159823549,1.0,0.0020827287160489613
-10.409491355375778,0.008229544914650286,1.0,0.002185157997166123
-10.384001324028844,0.008230103512642117,1.0,0.0022534441845775645
-10.35851129268191,0.00823108124162042,1.0,0.002372945012547587
-10.333021261334979,0.00823205920293299,1.0,0.0024924458405176093
-10.307531229988047,0.008232478400353063,1.0,0.0025436604810761903
-10.282041198641114,0.008233456693715412,1.0,0.0026631613090462125
-10.25655116729418,0.008234295415959252,1.0,0.002765590590163375
-10.231061135947249,0.008235553819768725,1.0,0.0029192345118391177
-10.205571104600315,0.008236392969347032,1.0,0.0030216637929562796
-10.180081073253383,0.008237931854468866,1.0,0.0032094508083377435
-10.15459104190645,0.008238911444442557,1.0,0.0033289516363077657
-10.129101010559518,0.008239891267414203,1.0,0.0034484524642777884
-10.103610979212585,0.008241571506253398,1.0,0.003653311026512112
-10.078120947865653,0.008242692046227056,1.0,0.003789883401334995
-10.05263091651872,0.008244233286304374,1.0,0.003977670416716459
-10.027140885171786,0.008245915296597923,1.0,0.004182528978950783
-10.001650853824854,0.008247597993367911,1.0,0.004387387541185107
-9.976160822477922,0.008249141068816546,1.0,0.00457517455656657
-9.950670791130989,0.00825124619336838,1.0,0.004831247759359476
-9.925180759784055,0.008252509783903352,1.0,0.004984891681035219
-9.899690728437124,0.008255459667398594,1.0,0.005343394164945285
-9.874200697090192,0.00825672454885938,1.0,0.005497038086621029
-9.848710665743258,0.008258692912849504,1.0,0.0057360397425610735
-9.823220634396325,0.008259818113695971,1.0,0.005872612117383956
-9.797730603049393,0.008262350936967632,1.0,0.006179899960735443
-9.77224057170246,0.008265871325095868,1.0,0.0066066886320569505
-9.746750540355528,0.008268407862659187,1.0,0.006913976475408437
-9.721260509008594,0.008269817722986683,1.0,0.00708469194393704
-9.695770477661663,0.008273062227074236,1.0,0.0074773375215528275
-9.67028044631473,0.008275179579927997,1.0,0.007733410724345733
-9.644790414967797,0.008277439284556177,1.0,0.008006555473991499
-9.619300383620864,0.008279700223637264,1.0,0.008279700223637264
-9.593810352273932,0.008282952488301397,1.0,0.008672345801253051
-9.568320320926999,0.008286065741816442,1.0,0.009047919832015978
-9.542830289580067,0.008288756344743903,1.0,0.009372279222220326
-9.517340258233133,0.008292157499700798,1.0,0.009781996346688974
-9.4918502268862,0.008295135800779913,1.0,0.01014049883059904
-9.466360195539268,0.00829868418801225,1.0,0.010567287501920548
-9.440870164192336,0.008302377732509372,1.0,0.011011147720094918
-9.415380132845403,0.00830550560835688,1.0,0.011386721750857845
-9.38989010149847,0.008309917072167775,1.0,0.011915939703296515
-9.364400070151538,0.00831447575944593,1.0,0.012462229202588047
-9.338910038804604,0.008319467554076539,1.0,0.013059733342438158
-9.313420007457673,0.00832332246438991,1.0,0.013520665107465387
-9.287929976110739,0.00832818188062367,1.0,0.01410109770046264
-9.262439944763807,0.008332474315362678,1.0,0.014613244106048449
-9.236949913416874,0.00833691448216588,1.0,0.01514246205848712
-9.211459882069942,0.00832401754235102,0.9979381443298969,0.015637536917220068
-9.185969850723009,0.008329031147823095,0.9979381443298969,0.01623504105707018
-9.160479819376075,0.00833304638270032,0.9979381443298969,0.01671304436895027
-9.134989788029143,0.008337639965546942,0.9979381443298969,0.017259333868241803
-9.109499756682212,0.008343820573379075,0.9979381443298969,0.017993410382914795
-9.084009725335278,0.008348570048642494,0.9979381443298969,0.018556771429059187
-9.058519693988345,0.008354622661050887,0.9979381443298969,0.01927377639687932
-9.033029662641413,0.008360828482095043,0.9979381443298969,0.020007852911552316
-9.007539631294481,0.008366754252523855,0.9979381443298969,0.02070778633251959
-8.982049599947548,0.008373412684682191,0.9979381443298969,0.021493077487751165
-8.956559568600614,0.008380371922291097,0.9979381443298969,0.02231251173668846
-8.931069537253682,0.008387342737323675,0.9979381443298969,0.02313194598562576
-8.90557950590675,0.00839432515869437,0.9979381443298969,0.023951380234563054
-8.880089474559817,0.008401756730952836,0.9979381443298969,0.024822029124058932
-8.854599443212884,0.008408178864895853,0.9979381443298969,0.025573177185584786
-8.829109411865952,0.00841563499791348,0.9979381443298969,0.026443826075080664
-8.80361938051902,0.008423983987468454,0.9979381443298969,0.027416904245693704
-8.778129349172087,0.008431761959513605,0.9979381443298969,0.0283216962288953
-8.752639317825153,0.008439407149084569,0.9979381443298969,0.02920941666524404
-8.72714928647822,0.008447213641202855,0.9979381443298969,0.030114208648445634
-8.701659255131288,0.00845414847161572,0.9979381443298969,0.03091657135053007
-8.676169223784356,0.008462278171168808,0.9979381443298969,0.03185550642743739
-8.650679192437423,0.008469089572870916,0.9979381443298969,0.03264079758266897
-8.62518916109049,0.008476802634113876,0.9979381443298969,0.033528518019017704
-8.599699129743557,0.008485719795921946,0.9979381443298969,0.03455281083018932
-8.574209098396626,0.008495550367730951,0.9979381443298969,0.03567953292247811
-8.548719067049692,0.008506599644972494,0.9979381443298969,0.03694282738958977
-8.523229035702759,0.008515579640023224,0.9979381443298969,0.037967120200761394
-8.497739004355827,0.008524278342344881,0.9979381443298969,0.03895726991822729
-8.472248973008895,0.008534198508278525,0.9979381443298969,0.04008399201051607
-8.446758941661962,0.008544745158271983,0.9979381443298969,0.0412790002902163
-8.421268910315028,0.008554713045937395,0.9979381443298969,0.042405722382505076
-8.395778878968096,0.008565613662507743,0.9979381443298969,0.043634873755911026
-8.370288847621165,0.00857715004696167,0.9979381443298969,0.04493231131672841
-8.344798816274231,0.008589327228522245,0.9979381443298969,0.046298035064957235
-8.319308784927298,0.00860016347418174,0.9979381443298969,0.04751011489151032
-8.293818753580366,0.008592318502837423,0.9958762886597938,0.04860269389009338
-8.268328722233433,0.008586443395386122,0.9938144329896907,0.04991720299776363
-8.2428386908865,0.008600538871937619,0.9938144329896907,0.05148778530822678
-8.217348659539567,0.008611910164555378,0.9938144329896907,0.052751079775338446
-8.191858628192634,0.008627015804263392,0.9938144329896907,0.05442409136691875
-8.166368596845702,0.008640935085423351,0.9938144329896907,0.055960530583676185
-8.14087856549877,0.008654277762815334,0.9938144329896907,0.057428683613022176
-8.115388534151837,0.008665791697380486,0.9938144329896907,0.05869197808013384
-8.089898502804903,0.008677804983436555,0.9938144329896907,0.06000648718780409
-8.064408471457972,0.00867369939590659,0.9917525773195877,0.0615087833108558
-8.03891844011104,0.008687799151088233,0.9917525773195877,0.06304522252761323
-8.013428408764106,0.008701629972683032,0.9917525773195877,0.06454751865066494
-7.987938377417174,0.008716926422616891,0.9917525773195877,0.06620345869539239
-7.962448346070241,0.008731801183603819,0.9917525773195877,0.06780818409956126
-7.9369583147233085,0.008747999418012513,0.9917525773195877,0.06954948187855302
-7.911468283376376,0.008763299810523248,0.9917525773195877,0.07118835037642761
-7.885978252029443,0.008781699012287076,0.9917525773195877,0.07315157826450655
-7.860488220682511,0.008797600321908038,0.9917525773195877,0.07484166140293973
-7.834998189335578,0.008814366868242624,0.9917525773195877,0.0766171022756372
-7.8095081579886445,0.00881316098707403,0.9896907216494846,0.07840961469518754
-7.784018126641712,0.008830022075055188,0.9896907216494846,0.08018505556788501
-7.758528095294779,0.008847110865358032,0.9896907216494846,0.08197756798743534
-7.733038063947847,0.008846778959810874,0.9876288659793815,0.08385543814124997
-7.707548032600914,0.008866593858171519,0.9876288659793815,0.08592109531044607
-7.682058001253981,0.00888484938418163,0.9876288659793815,0.08781603701111358
-7.656567969907049,0.008904835381383503,0.9876288659793815,0.08988169418030968
-7.631077938560116,0.008906113170986194,0.9855670103092784,0.09191320825580006
-7.605587907213184,0.00891072462685173,0.9835051546391752,0.09428615326834765
-7.580097875866251,0.008932918835911458,0.9835051546391752,0.09655666899977806
-7.554607844519318,0.008954383330204619,0.9835051546391752,0.0987418269969442
-7.529117813172386,0.008978147527715561,0.9835051546391752,0.1011489151031975
-7.503627781825453,0.008998641714458196,0.9835051546391752,0.1032145722723936
-7.4781377504785205,0.008984471051088539,0.979381443298969,0.10555337419123546
-7.452647719131588,0.008986974574825096,0.977319587628866,0.10768731754784301
-7.427157687784655,0.009009865232184607,0.977319587628866,0.10997490482612629
-7.401667656437723,0.009032528536311146,0.977319587628866,0.11222834901070386
-7.37617762509079,0.009057036400114645,0.977319587628866,0.11465250866381002
-7.3506875937438565,0.009083069847657372,0.977319587628866,0.11721324069173908
-7.325197562396924,0.009104004609622587,0.977319587628866,0.11926182631408232
-7.299707531049991,0.009128726600415993,0.977319587628866,0.12166891442033563
-7.274217499703059,0.009155704931332213,0.977319587628866,0.12428086108882326
-7.248727468356126,0.009178042404879466,0.977319587628866,0.12643187599228367
-7.223237437009193,0.009200846322573132,0.977319587628866,0.1286170339894498
-7.197747405662261,0.009190389033840882,0.9731958762886598,0.13129726684534887
-7.172257374315328,0.009216769834605846,0.9731958762886598,0.13380678423271933
-7.1467673429683956,0.009221732745961822,0.9711340206185567,0.13611144305785547
-7.121277311621463,0.009248895434462445,0.9711340206185567,0.13867217508578453
-7.09578728027453,0.00924028686263693,0.9670103092783505,0.1415231234102122
-7.070297248927598,0.009251388696700733,0.9649484536082474,0.14439114328149275
-7.044807217580665,0.009220701963117191,0.9587628865979382,0.14702016149683322
-7.0193171862337325,0.009253363050226856,0.9587628865979382,0.15005889683664236
-6.9938271548868,0.009279399732593643,0.9587628865979382,0.15246598494289568
-6.968337123539867,0.009272053669770701,0.954639175257732,0.15543643409529337
-6.942847092192935,0.00930391447632827,0.954639175257732,0.1583556686071325
-6.917357060846002,0.009336183255363768,0.954639175257732,0.16129197466582448
-6.8918670294990685,0.009325942709176242,0.9505154639175257,0.1639892790685764
-6.866376998152136,0.009356606454231784,0.9505154639175257,0.16675486965873978
-6.840886966805203,0.009369398729020694,0.9484536082474226,0.16970824726428463
-6.815396935458271,0.009398112205287459,0.9484536082474226,0.17226897929221366
-6.789906904111338,0.009412295451749169,0.9463917525773196,0.17532478617887567
-6.764416872764405,0.009449694274596998,0.9463917525773196,0.1786195947214777
-6.738926841417473,0.009463592032399371,0.9443298969072165,0.18162418696758112
-6.71343681007054,0.009477002198166811,0.9422680412371134,0.18457756457312596
-6.6879467787236075,0.009510332341373067,0.9422680412371134,0.18746265599125936
-6.662456747376675,0.009547885676082233,0.9422680412371134,0.19068917834644997
-6.636966716029742,0.009581315386711952,0.9422680412371134,0.19354012667087764
-6.61147668468281,0.009596767404663692,0.9402061855670103,0.1966130051043925
-6.585986653335877,0.009633260098022647,0.9402061855670103,0.19968588353790737
-6.5604966219889445,0.009653124005516071,0.9381443298969072,0.20310019290847944
-6.535006590642012,0.009693225394120153,0.9381443298969072,0.2064291445447872
-6.509516559295079,0.009730747021963686,0.9381443298969072,0.20951909452515494
-6.484026527948147,0.009750440273184141,0.9360824742268041,0.21286511770831554
-6.458536496601214,0.009790813025663144,0.9360824742268041,0.21614285470406475
-6.433046465254281,0.009803497229916898,0.934020618556701,0.21889137374737525
-6.407556433907348,0.009844401947148819,0.934020618556701,0.22216911074312443
-6.382066402560415,0.00988715978785167,0.934020618556701,0.22556634856684366
-6.356576371213483,0.00990424436312641,0.931958762886598,0.22862215545350564
-6.33108633986655,0.009946307543350057,0.931958762886598,0.2319169639961077
-6.305596308519617,0.009997566963791997,0.931958762886598,0.23589463441282416
-6.280106277172685,0.010015322777642069,0.9298969072164949,0.23895044129948614
-6.254616245825752,0.010058881256133464,0.9298969072164949,0.24227939293579392
-6.2291262144788195,0.010103725608799874,0.9298969072164949,0.24567663075951313
-6.203636183131887,0.010148058143197875,0.9298969072164949,0.24900558239582088
-6.178146151784954,0.010145975505039092,0.9257731958762887,0.2521808901104529
-6.152656120438022,0.010189955291287476,0.9257731958762887,0.2554415555593492
-6.127166089091089,0.010233151765161702,0.9257731958762887,0.25861686327398126
-6.1016760577441564,0.010276010436215498,0.9257731958762887,0.2617409563480547
-6.076186026397224,0.01030311393220183,0.9237113402061856,0.2653430527340082
-6.050695995050291,0.010350723164363938,0.9237113402061856,0.2687573621045803
-6.025205963703359,0.0103973264017824,0.9237113402061856,0.2720692421940352
-5.999715932356426,0.010445812348442454,0.9237113402061856,0.27548355156460724
-5.974225901009493,0.010446677441266719,0.9195876288659793,0.2787783601072093
-5.94873586966256,0.010504251159942532,0.9195876288659793,0.28277310207077866
-5.923245838315627,0.010522084554998581,0.9175257731958762,0.28560697884835345
-5.897755806968695,0.010577608747325886,0.9175257731958762,0.28939686224968847
-5.872265775621762,0.010627880872202717,0.9175257731958762,0.29279410007340767
-5.846775744274829,0.010674534638265207,0.9175257731958762,0.2959181931474811
-5.821285712927897,0.010683966814586146,0.9134020618556701,0.2997080765488161
-5.795795681580964,0.010718009651058465,0.911340206185567,0.3035321030438568
-5.7703056502340315,0.010754523728234893,0.9092783505154639,0.3074927019137204
-5.744815618887099,0.010807234230260256,0.9092783505154639,0.3109070112842925
-5.719325587540166,0.01083770536220104,0.9072164948453608,0.3144237499359817
-5.693835556193234,0.010892167541340727,0.9072164948453608,0.31788927394711236
-5.668345524846301,0.010926649575627848,0.9051546391752577,0.3216108711610359
-5.642855493499368,0.010985436164356138,0.9051546391752577,0.32528125373440087
-5.617365462152436,0.011040414455649725,0.9051546391752577,0.32867849155812007
-5.591875430805503,0.010996511451539511,0.8969072164948454,0.332109872475545
-5.566385399458571,0.011058572300183039,0.8969072164948454,0.33589975587688
-5.540895368111638,0.011113098127379097,0.8969072164948454,0.33919456441948204
-5.515405336764705,0.01114477941554106,0.8948453608247423,0.3426088737900541
-5.489915305417772,0.01117650095503588,0.8927835051546392,0.3460061116137733
-5.464425274070839,0.011175067413399709,0.8886597938144329,0.3489424176724653
-5.438935242723907,0.011233612218833894,0.8886597938144329,0.3523737985898902
-5.413445211376974,0.011296917592786749,0.8886597938144329,0.3560441811632552
-5.387955180030041,0.011301965330101691,0.8845360824742268,0.3593219181590044
-5.362465148683109,0.01131395564505445,0.8804123711340206,0.3629923007323694
-5.336975117336176,0.011349104859335038,0.8783505154639175,0.36647489629035285
-5.3114850859892435,0.011414790996784566,0.8783505154639175,0.3701623504105707
-5.285995054642311,0.011477839148592213,0.8783505154639175,0.37366201751540706
-5.260505023295378,0.011536274270858722,0.8783505154639175,0.3768714683237448
-5.235014991948446,0.011541497672646107,0.8742268041237113,0.3800809191320826
-5.209524960601513,0.011588088650247925,0.8721649484536083,0.384058589548799
-5.1840349292545795,0.011653534630007163,0.8721649484536083,0.3875582566536354
-5.158544897907648,0.011693313752112832,0.8701030927835052,0.39110913839903033
-5.133054866560714,0.011760443664130647,0.8701030927835052,0.39462587705071955
-5.107564835213783,0.011827685753524482,0.8701030927835052,0.3981084726087031
-5.082074803866849,0.011858486845811504,0.8680412371134021,0.40111306485480647
-5.056584772519917,0.011892626571525655,0.865979381443299,0.4042713010225857
-5.031094741172984,0.011903405854880965,0.8618556701030928,0.407651467299452
-5.005604709826052,0.011973646519621885,0.8618556701030928,0.41116820595114123
-4.980114678479119,0.012016944756635256,0.8597938144329897,0.4147190876965362
-4.954624647132187,0.012063565711634382,0.8577319587628865,0.418406541816754
-4.929134615785253,0.012107950401167031,0.8556701030927835,0.421957423562149
-4.903644584438322,0.012182949741662752,0.8556701030927835,0.4255595199481025
-4.878154553091388,0.012201967678080775,0.8515463917525773,0.4292299025214675
-4.852664521744456,0.012215782434239857,0.8474226804123711,0.43264421189203955
-4.827174490397523,0.012257466590929475,0.845360824742268,0.4359731635283473
-4.801684459050591,0.012323044092452887,0.845360824742268,0.43901189886815645
-4.776194427703658,0.012397194000967586,0.845360824742268,0.44240913669187565
-4.750704396356724,0.01241366720418657,0.8412371134020619,0.4458746607030063
-4.725214365009792,0.012453338228994554,0.8391752577319588,0.4490158253239326
-4.699724333662859,0.01250539025442001,0.8371134020618557,0.4526862078972976
-4.674234302315927,0.012493024986049973,0.8309278350515464,0.4561858750021339
-4.648744270968994,0.012567045029312711,0.8309278350515464,0.4594294689041774
-4.623254239622062,0.012638379276821276,0.8309278350515464,0.4625194188845451
-4.597764208275128,0.012651438667339728,0.8268041237113402,0.46574594123973573
-4.572274176928197,0.012721274030835606,0.8268041237113402,0.4687163903921334
-4.546784145581263,0.01279882544444799,0.8268041237113402,0.4719770558410298
-4.5212941142343315,0.012879809854178711,0.8268041237113402,0.47534015057104323
-4.495804082887398,0.012894677309892383,0.822680412371134,0.47856667292623384
-4.470314051540466,0.01297687579276027,0.822680412371134,0.48191269610939447
-4.444824020193533,0.012943605203656979,0.8144329896907216,0.48577086569814093
-4.419333988846601,0.01302255044177766,0.8144329896907216,0.4889291018659201
-4.3938439574996675,0.013058464801802996,0.8123711340206186,0.49164347781552487
-4.368353926152736,0.013142533106507889,0.8123711340206186,0.4949382863581269
-4.342863894805802,0.013158336410325266,0.8082474226804124,0.49811359407275896
-4.317373863458869,0.013180573861908141,0.8041237113402062,0.501527903443331
-4.291883832111937,0.013245258606013144,0.8020618556701031,0.5052665722041074
-4.2663938007650035,0.013299513265236169,0.8,0.5085784522935624
-4.240903769418072,0.013362798245916923,0.797938144329897,0.5121976202263687
-4.215413738071138,0.013447772604072556,0.797938144329897,0.5153217133004422
-4.1899237067242066,0.013540937718684394,0.797938144329897,0.5187018795773085
-4.164433675377273,0.013641170250264364,0.797938144329897,0.5222869044164091
-4.138943644030341,0.01374192173851289,0.797938144329897,0.5258377861618041
-4.113453612683408,0.013828342742799971,0.797938144329897,0.5288423784079075
-4.087963581336476,0.013849917260234549,0.7938144329896907,0.5320176861225395
-4.062473549989543,0.01385973800390823,0.7896907216494845,0.534783276712703
-4.036983518642611,0.013921790152702358,0.7876288659793814,0.5380951568021578
-4.011493487295677,0.01400447263262089,0.7876288659793814,0.5408607473923213
-3.9860034559487456,0.014058521825762888,0.7855670103092783,0.5438482680915718
-3.960513424601812,0.014162515798081927,0.7855670103092783,0.547245505915291
-3.9350233932548804,0.014102420229678675,0.777319587628866,0.5500623111460129
-3.909533361907947,0.014207114862827856,0.777319587628866,0.5534254058760264
-3.884043330561015,0.014266201244498407,0.7752577319587629,0.5564812127626885
-3.8585532992140816,0.014344575003815047,0.7752577319587629,0.5589395155095003
-3.833063267867148,0.014397604238654688,0.7731958762886598,0.5617563207402223
-3.8075732365202164,0.014448522310218273,0.7711340206185567,0.5644877682366799
-3.782083205173283,0.01447301871376882,0.7670103092783506,0.5675606466701948
-3.756593173826351,0.014526233359436178,0.7649484536082474,0.5703262372603581
-3.7311031424794177,0.01462184211563473,0.7649484536082474,0.5731771855847858
-3.705613111132486,0.014688951526459963,0.7628865979381443,0.5763012786588593
-3.6801230797855524,0.014790534058202751,0.7628865979381443,0.5792546562644041
-3.6546330484386207,0.014877960513088585,0.7628865979381443,0.5817641736517746
-3.629143017091687,0.014970665587699777,0.7628865979381443,0.584393191867115
-3.6036529857447555,0.015082341431599543,0.7628865979381443,0.5875172849411885
-3.578162954397822,0.015190704930820708,0.7628865979381443,0.5905048056404391
-3.55267292305089,0.015256129325670815,0.7608247422680412,0.5933898970585725
-3.5271828917039567,0.015305273664947596,0.7587628865979381,0.5958140567116786
-3.501692860357025,0.015380746825363565,0.756701030927835,0.5989210782388992
-3.4762028290100915,0.015439129334345734,0.7546391752577319,0.6015500964542397
-3.4507127976631597,0.015500913067482058,0.7525773195876289,0.6042474008569917
-3.4252227663162262,0.015604292249155658,0.7525773195876289,0.6069105621660379
-3.3997327349692945,0.015726657762075057,0.7525773195876289,0.6100175836932584
-3.374242703622361,0.01585577758470895,0.7525773195876289,0.613244106048449
-3.3487526722754275,0.015959074810895896,0.7525773195876289,0.6157877665295253
-3.3232626409284958,0.016029593094944512,0.7505154639175258,0.6185533571196886
-3.2977726095815623,0.01614477069103167,0.7505154639175258,0.621318947709852
-3.2722825782346305,0.01618021722612077,0.7463917525773196,0.6242381822216911
-3.246792546887697,0.016224255261616118,0.7422680412371134,0.6273452037489117
-3.2213025155407653,0.016295960054471176,0.7402061855670103,0.6300425081516636
-3.195812484193832,0.016418934369997713,0.7402061855670103,0.6328593133823855
-3.1703224528469,0.0165369201713575,0.7402061855670103,0.6355224746914317
-3.1448324214999666,0.0166396292004635,0.7402061855670103,0.6378100619697151
-3.119342390153035,0.016756908140403287,0.7402061855670103,0.640387865544497
-3.0938523588061013,0.016785781455708106,0.7360824742268042,0.6430168837598375
-3.0683623274591696,0.01681906476524376,0.7319587628865979,0.6457312597094422
-3.042872296112236,0.016872408369477145,0.7298969072164948,0.6478652030660498
-3.0173822647653044,0.01700043221437833,0.7298969072164948,0.6505625074688017
-2.991892233418371,0.017009761283463806,0.7257731958762886,0.652730593919115
-2.966402202071439,0.017075306479859893,0.7237113402061855,0.6550693958379569
-2.9409121707245056,0.017177253596946267,0.7237113402061855,0.6571521245540058
-2.915422139377572,0.01715468796214138,0.7175257731958763,0.6596274988476706
-2.8899321080306404,0.017273900526159038,0.7175257731958763,0.662017515407071
-2.864442076683707,0.01736215350745522,0.7154639175257732,0.6647318913566759
-2.838952045336775,0.017472306143001007,0.7154639175257732,0.6668829062601362
-2.8134620139898416,0.017601704372527137,0.7154639175257732,0.6693753521006538
-2.78797198264291,0.01766928812174446,0.7134020618556701,0.6716117247383785
-2.7624819512959764,0.01777549447726689,0.7134020618556701,0.6736090957201633
-2.7369919199490447,0.017890382626680454,0.7134020618556701,0.6757430390767707
-2.711501888602111,0.01796875,0.711340206185567,0.6781159840893183
-2.6860118572551794,0.018050162661349563,0.709278350515464,0.6805230721955716
-2.660521825908246,0.01819047115435461,0.709278350515464,0.6830325895829421
-2.635031794561314,0.018266056023005645,0.7072164948453609,0.6852860337675196
-2.6095417632143807,0.018390434829231677,0.7072164948453609,0.6874541202178329
-2.584051731867449,0.01839861875472105,0.7030927835051546,0.6894173481059119
-2.5585617005205155,0.01851650738488271,0.7030927835051546,0.6914317906345494
-2.5330716691735837,0.01862878994810161,0.7030927835051546,0.6933267323352169
-2.5075816378266502,0.018756875687568758,0.7030927835051546,0.6954606756918245
-2.4820916064797185,0.01879053267557231,0.6989690721649484,0.6977994776106663
-2.456601575132785,0.01893325886623848,0.6989690721649484,0.7001212079826553
-2.4311115437858515,0.019005847953216373,0.6969072164948453,0.7021697936049985
-2.4056215124389198,0.019127383849244523,0.6969072164948453,0.7040988783993718
-2.3801314810919862,0.0192779330405521,0.6969072164948453,0.7064547518650665
-2.3546414497450545,0.01935002296738631,0.6948453608247422,0.7084350512999983
-2.329151418398121,0.019419720263553347,0.6927835051546392,0.7103641360943715
-2.3036613870511893,0.01949941792782305,0.6907216494845361,0.7124297932635676
-2.2781713557042558,0.01959174096668231,0.688659793814433,0.7146661659012923
-2.252681324357324,0.01953378577751549,0.6824742268041237,0.7163733205865783
-2.2271912930103905,0.019595035924232528,0.6804123711340206,0.7181316899124229
-2.201701261663459,0.019715617158561356,0.6804123711340206,0.7198900592382675
-2.1762112303165253,0.019848430169613858,0.6804123711340206,0.721802072485788
-2.1507211989695936,0.019979415148029304,0.6804123711340206,0.7236628710927497
-2.12523116762266,0.019990248659190638,0.6762886597938145,0.7254895266060057
-2.0997411362757283,0.0201251687323598,0.6762886597938145,0.7273673967598204
-2.074251104928795,0.020205140879881366,0.6742268041237114,0.7292964815541936
-2.048761073581863,0.02034341172079134,0.6742268041237114,0.7311743517080083
-2.0232710422349296,0.020390237781542128,0.6701030927835051,0.7334448674394387
-1.997781010887996,0.02053452960131421,0.6701030927835051,0.735356880686959
-1.9722909795410644,0.020666412310822842,0.6701030927835051,0.7370811069190979
-1.9468009481941309,0.020664064999040367,0.6659793814432989,0.738668760776414
-1.9213109168471991,0.0208105147864184,0.6659793814432989,0.7405466309302285
-1.8958208855002656,0.020872496272768524,0.6639175257731958,0.7421342847875446
-1.8703308541533339,0.02093660318288547,0.6618556701030928,0.7437390101917135
-1.8448408228064004,0.021018062397372743,0.6597938144329897,0.7455485941581167
-1.8193507914594687,0.021116038922353874,0.6577319587628866,0.7475459651399013
-1.7938607601125351,0.02115589962626802,0.6536082474226804,0.7496116223090974
-1.7683707287656034,0.021252269823121932,0.6515463917525773,0.7515577786503235
-1.74288069741867,0.02126938969044232,0.6474226804123712,0.753333219523021
-1.7173906660717382,0.021225771225771226,0.6412371134020619,0.75517694658313
-1.6919006347248047,0.021378978483536124,0.6412371134020619,0.7569694590026802
-1.666410603377873,0.02151504669664476,0.6412371134020619,0.7585400413131433
-1.6409205720309394,0.021610317183687697,0.6391752577319587,0.7604008399201052
-1.6154305406840077,0.021463140913235604,0.6309278350515464,0.7618348498557455
-1.5899405093370742,0.02160559203558568,0.6309278350515464,0.7634395752599143
-1.5644504779901425,0.02168195066467619,0.6288659793814433,0.7650613722109361
-1.538960446643209,0.021832498210450968,0.6288659793814433,0.7667173122556635
-1.5134704152962755,0.021985151012758594,0.6288659793814433,0.7683732523003909
-1.4879803839493437,0.02214316828807899,0.6288659793814433,0.7700633354388241
-1.4624903526024102,0.022150742013305066,0.6247422680412371,0.7716509892961402
-1.4370003212554785,0.022313867000515502,0.6247422680412371,0.7733581439814261
-1.411510289908545,0.0223753426687412,0.622680412371134,0.7747409392765079
-1.3860202585616133,0.022469393848910123,0.6206185567010309,0.7764480939617939
-1.3605302272146798,0.022643496577145865,0.6206185567010309,0.7782064632876385
-1.335040195867748,0.02267384545385607,0.6164948453608248,0.779981904160336
-1.3095501645208145,0.022826169936636383,0.6164948453608248,0.7814842002833877
-1.2840601331738828,0.022978788810328925,0.6164948453608248,0.7829694248595865
-1.2585701018269493,0.022998296422487224,0.6123711340206186,0.7846082933574611
-1.2330800704800176,0.022936495553128412,0.6061855670103092,0.7861959472147771
-1.207590039133084,0.02301468855549446,0.6041237113402061,0.7876641002441231
-1.1821000077861523,0.023097611137478248,0.6020618556701031,0.7891663963671748
-1.1566099764392188,0.023250258778565173,0.6020618556701031,0.7905833347559622
-1.131119945092287,0.02333226427196921,0.6,0.7920514877853082
-1.1056299137453536,0.023421095138103698,0.5979381443298969,0.7935708554552128
-1.0801398823984218,0.02335802067225523,0.5917525773195876,0.7951414377656759
-1.0546498510514883,0.02348416659847803,0.5917525773195876,0.7962681598579647
-1.0291598197045548,0.023336356889585224,0.5835051546391753,0.7978045990747221
-1.003669788357623,0.02325388256789303,0.5773195876288659,0.7992215374635095
-0.9781797570106896,0.023415286837263755,0.5773195876288659,0.800638475852297
-0.9526897256637579,0.023541281318311753,0.5773195876288659,0.80173105485088
-0.9271996943168244,0.02353339541183442,0.5731958762886598,0.803079707052256
-0.9017096629698926,0.023714066365264862,0.5731958762886598,0.8046161462690135
-0.8762196316229591,0.023860612822933655,0.5731958762886598,0.8058452976424194
-0.8507296002760274,0.024031811894882436,0.5731958762886598,0.8072622360312068
-0.8252395689290939,0.02418863656138519,0.5731958762886598,0.8085426020451714
-0.7997495375821622,0.02434325744308231,0.5731958762886598,0.8097888249654301
-0.7742595062352287,0.024388096495861947,0.5711340206185567,0.8108301893234546
-0.7487694748882969,0.02445941155618575,0.5690721649484536,0.8120764122437134
-0.7232794435413634,0.024614286988317132,0.5690721649484536,0.8132884920702664
-0.6977894121944317,0.0246681019016864,0.5670103092783505,0.8143810710688495
-0.6722993808474982,0.02485538684020246,0.5670103092783505,0.8158150810044899
-0.6468093495005665,0.024981831395348836,0.5670103092783505,0.81677108762825
-0.621319318153633,0.024979412572056,0.5628865979381443,0.8180855967359203
-0.5958292868066994,0.025046040515653775,0.5608247422680412,0.8192464619219147
-0.5703392554597677,0.025132152462209033,0.5587628865979382,0.8205438994827321
-0.5448492241128342,0.025177172696754943,0.5567010309278351,0.821534049200198
-0.5193591927659025,0.0252511029756876,0.554639175257732,0.8227290574798982
-0.49386916141896897,0.025212464589235126,0.5505154639175258,0.8237704218379227
-0.46837913007203724,0.025223681705691985,0.5463917525773195,0.8251702886798573
-0.44288909872510374,0.02527525131641934,0.5443298969072164,0.8261945814910289
-0.417399067378172,0.025270061728395063,0.5402061855670103,0.8274749475049934
-0.3919090360312385,0.025225574852042302,0.5360824742268041,0.8284821687693121
-0.36641900468430677,0.02522487289792726,0.5319587628865979,0.8297966778769824
-0.34092897333737326,0.02509101643215586,0.5257731958762887,0.8308551137818597
-0.31543894199044153,0.02528256989886972,0.5257731958762887,0.83216962288953
-0.28994891064350803,0.02543640897755611,0.5257731958762887,0.8332109872475545
-0.2644588792965763,0.02541181197267979,0.5216494845360825,0.8343547808866961
-0.2389688479496428,0.025578809018299464,0.5216494845360825,0.8354644314321321
-0.21347881660271106,0.02565930149679259,0.5195876288659794,0.8366423681649794
-0.18798878525577756,0.02581702694396066,0.5195876288659794,0.8376666609761511
-0.16249875390884583,0.02584963954685891,0.5175257731958763,0.8385202383187941
-0.13700872256191232,0.02592016588906169,0.5154639175257731,0.8396128173173771
-0.11151869121497882,0.02598893643669763,0.51340206185567,0.8406883247691074
-0.08602865986804709,0.026050420168067228,0.511340206185567,0.8417126175802789
-0.06053862852111358,0.026096143687268886,0.5092783505154639,0.8426344811103335
-0.03504859717418185,0.026178567627966373,0.5072164948453608,0.8437782747494751
-0.009558565827248344,0.02634961439588689,0.5072164948453608,0.8448196391074996
0.015931465519683385,0.026505764465036094,0.5072164948453608,0.8457585741844068
0.04142149686661689,0.026472821959422806,0.5030927835051546,0.8468170100892842
0.06691152821354862,0.02665210267613326,0.5030927835051546,0.8478754459941615
0.09240155956048213,0.02669449631989454,0.5010309278350515,0.8487460948836574
0.11789159090741386,0.026758071649712518,0.49896907216494846,0.8497362446011233
0.14338162225434736,0.026936776491540516,0.49896907216494846,0.850760537412295
0.1688716536012791,0.02711484593837535,0.49896907216494846,0.8517677586766137
0.1943616849482126,0.02725839152962379,0.49896907216494846,0.8525701213786981
0.21985171629514433,0.02718622564567286,0.4948453608247423,0.8533895556276354
0.24534174764207783,0.027242676393479996,0.4927835051546392,0.8543114191576899
0.27083177898900956,0.027430276598186618,0.4927835051546392,0.8553357119688615
0.29632181033594307,0.02758859517488168,0.4927835051546392,0.8561892893115045
0.3218118416828748,0.027764869888475836,0.4927835051546392,0.8571282243884119
0.3473018730298083,0.027712815715622077,0.488659793814433,0.8580500879184663
0.3727919043767418,0.027888915038832666,0.488659793814433,0.8589719514485208
0.39828193572367354,0.028057298449153546,0.488659793814433,0.8598426003380166
0.42377196707060705,0.028197501487209994,0.488659793814433,0.8605596053058368
0.4492619984175388,0.028396836808051763,0.488659793814433,0.8615668265701555
0.4747520297644723,0.028374788698382034,0.4845360824742268,0.8626252624750329
0.500242061111404,0.028515956801359058,0.4845360824742268,0.8633251958960001
0.5257320924583375,0.02860635696821516,0.4824742268041237,0.8643494887071718
0.5512221238052692,0.028824833702882482,0.4824742268041237,0.8654079246120491
0.5767121551522028,0.028922542204568025,0.48041237113402063,0.8664492889700736
0.6022021864991345,0.029121359830021246,0.48041237113402063,0.8673882240469809
0.627692217846068,0.029282392861631267,0.48041237113402063,0.8681393721085068
0.6531822491929997,0.029292929292929294,0.47835051546391755,0.8687539477952098
0.6786722805399332,0.02934451219512195,0.4762886597938144,0.8695563104972942
0.704162311886865,0.02955097863630549,0.4762886597938144,0.8704952455742014
0.7296523432337985,0.029745042492917848,0.4762886597938144,0.8713658944636974
0.7551423745807302,0.029957203994293864,0.4762886597938144,0.8723048295406046
0.7806324059276637,0.029749478079331943,0.47010309278350515,0.8730559776021305
0.8061224372745972,0.029901639344262296,0.47010309278350515,0.873721767929392
0.8316124686215289,0.02973292987764768,0.465979381443299,0.874097341960155
0.8571024999684624,0.029773719730051607,0.4639175257731959,0.874831418474828
0.8825925313153942,0.02997601918465228,0.4639175257731959,0.8757020673643239
0.9080825626623277,0.030100334448160536,0.4639175257731959,0.8762312853167625
0.9335725940092594,0.030013458950201886,0.45979381443298967,0.8769653618314356
0.9590626253561929,0.03017591339648173,0.45979381443298967,0.87764822370555
0.9845526567031246,0.03018765297797117,0.4577319587628866,0.8782457278454001
1.0100426880500581,0.03020363536968703,0.4556701030927835,0.8788603035321031
1.0355327193969899,0.03036965782602721,0.4556701030927835,0.8795431654062175
1.0610227507439234,0.030152143845089904,0.44948453608247424,0.8802943134677433
1.0865127820908551,0.03029460811561979,0.44948453608247424,0.8808747460607406
1.1120028134377886,0.030294569314533018,0.44742268041237115,0.881421035560032
1.1374928447847203,0.030320044918585063,0.44536082474226807,0.8820697543404408
1.1629828761316539,0.030183356840620592,0.44123711340206184,0.8826160438397324
1.1884729074785856,0.03035030492128776,0.44123711340206184,0.8832818341669939
1.213962938825519,0.03051040775591674,0.44123711340206184,0.8839134814005497
1.2394529701724508,0.030650243483242624,0.44123711340206184,0.8844597708998412
1.2649430015193843,0.03084017870010088,0.44123711340206184,0.8851938474145142
1.2904330328663178,0.030842745438748913,0.43917525773195876,0.8857401369138057
1.3159230642132496,0.031031468531468532,0.43917525773195876,0.8864571418816259
1.341413095560183,0.0311996484546653,0.43917525773195876,0.8870887891151817
1.3669031269071148,0.031383527331663476,0.43917525773195876,0.8877716509892961
1.3923931582540483,0.03151353750554816,0.43917525773195876,0.8882496543011762
1.41788318960098,0.031575811736669644,0.43711340206185567,0.8890008023627021
1.4433732209479135,0.03158682634730539,0.4350515463917526,0.8895641634088465
1.4688632522948453,0.03164080156697303,0.4329896907216495,0.8902811683766666
1.4943532836417788,0.03166666666666667,0.4309278350515464,0.8908957440633696
1.5198433149887105,0.03183549124143183,0.4309278350515464,0.8914932482032197
1.545333346335644,0.031852986217457885,0.4288659793814433,0.892073680796217
1.5708233776825757,0.03198031980319803,0.4288659793814433,0.8925175410143913
1.5963134090295092,0.03218319665789881,0.4288659793814433,0.8932174744353586
1.621803440376441,0.032012432012432014,0.4247422680412371,0.8936613346535329
1.6472934717233745,0.03171379471957507,0.41855670103092785,0.8941905526059716
1.6727835030703062,0.03170616857636164,0.41649484536082476,0.8946856274647046
1.6982735344172397,0.031555695803092455,0.41237113402061853,0.8952148454171432
1.7237635657641714,0.03156725888324873,0.41030927835051545,0.8957782064632877
1.749253597111105,0.031728316326530615,0.41030927835051545,0.8963244959625791
1.7747436284580385,0.0318808074335149,0.41030927835051545,0.896836642368165
1.8002336598049702,0.032070910556003224,0.41030927835051545,0.8974682896017208
1.8257236911519037,0.032127210773973715,0.40824742268041236,0.8981682230226881
1.8512137224988354,0.03224755700325733,0.40824742268041236,0.8985608686003038
1.876703753845769,0.032448377581120944,0.40824742268041236,0.8992095873807125
1.9021937851927007,0.03246004284066568,0.4061855670103093,0.8997558768800041
1.9276838165396342,0.03247721623860812,0.4041237113402062,0.9003192379261485
1.953173847886566,0.032612312811980036,0.4041237113402062,0.90074602659747
1.9786638792334994,0.03273759812928011,0.4041237113402062,0.9011386721750858
2.004153910580431,0.03289694528365223,0.4041237113402062,0.9016337470338187
2.0296439419273646,0.03305785123966942,0.4041237113402062,0.9021288218925517
2.0551339732742964,0.0332541567695962,0.4041237113402062,0.9027263260324018
2.08062400462123,0.03343568747867622,0.4041237113402062,0.9032726155316934
2.1061140359681616,0.03343621399176955,0.4020618556701031,0.9037676903904263
2.131604067315095,0.03362068965517241,0.4020618556701031,0.9043139798897178
2.157094098662027,0.033501128276340914,0.3979381443298969,0.9049456271232736
2.1825841300089603,0.033513702216791764,0.3958762886597938,0.9054748450757123
2.208074161355894,0.033690121073872606,0.3958762886597938,0.9059869914812981
2.2335641927028256,0.03386840712647733,0.3958762886597938,0.906499137886884
2.259054224049759,0.03407275953859805,0.3958762886597938,0.9070795704798812
2.284544255396691,0.03407063860149839,0.3938144329896907,0.9075575737917613
2.3100342867436243,0.03419262441818833,0.3938144329896907,0.9078990047288185
2.335524318090556,0.03378864126527678,0.38762886597938145,0.9082233641190228
2.3610143494374896,0.033904418394950404,0.38762886597938145,0.9085477235092272
2.3865043807844213,0.03373843642300018,0.3835051546391753,0.909059869914813
2.411994412131355,0.03376528563606498,0.38144329896907214,0.9096232309609573
2.4374844434782865,0.033571821684094665,0.37731958762886597,0.9100670911791318
2.46297447482522,0.033732718894009216,0.37731958762886597,0.9105109513973061
2.4884645061721518,0.03387634209552018,0.37731958762886597,0.9109035969749218
2.5139545375190853,0.033879374534623974,0.3752577319587629,0.9113986718336549
2.539444568866017,0.03367633302151544,0.3711340206185567,0.9118254605049764
2.5649346002129505,0.03386641580432737,0.3711340206185567,0.9123376069105622
2.5904246315598822,0.03409090909090909,0.3711340206185567,0.9129351110504123
2.6159146629068157,0.03427265803503427,0.3711340206185567,0.9134131143622923
2.6414046942537475,0.03453568687643899,0.3711340206185567,0.9140959762364068
2.666894725600681,0.034549314804091874,0.36907216494845363,0.9146081226419925
2.6923847569476145,0.03450949980612641,0.3670103092783505,0.9149836966727555
2.717874788294546,0.034684333593141076,0.3670103092783505,0.9154275568909299
2.7433648196414797,0.03480641376613219,0.3670103092783505,0.9157348447342814
2.7688548509884114,0.034956794972505895,0.3670103092783505,0.9161104187650443
2.794344882335345,0.035101557878130546,0.3670103092783505,0.9164689212489544
2.8198349136822785,0.03525450584274114,0.3670103092783505,0.9168444952797173
2.8453249450292084,0.03545816733067729,0.3670103092783505,0.9173395701384502
2.870814976376142,0.03540708141628326,0.3649484536082474,0.9176810010755074
2.8963050077230754,0.03559219786848985,0.3649484536082474,0.9181248612936819
2.921795039070009,0.03559150657229525,0.3628865979381443,0.918585793058709
2.947285070416939,0.03558357055713705,0.36082474226804123,0.9190296532768835
2.9727751017638724,0.035313329250867526,0.35670103092783506,0.9193198695733821
2.998265133110806,0.03551632108396633,0.35670103092783506,0.9197978728852622
3.0237551644577394,0.03566274994846423,0.35670103092783506,0.9201393038223193
3.0492451958046694,0.035817805383022774,0.35670103092783506,0.9204978063062295
3.074735227151603,0.03560274828232355,0.3525773195876289,0.920924594977551
3.1002252584985364,0.035804020100502515,0.3525773195876289,0.9213855267425781
3.12571528984547,0.03576688407321692,0.35051546391752575,0.9217611007733411
3.1512053211924034,0.03589527027027027,0.35051546391752575,0.9220513170698397
3.1766953525393333,0.035881104033970275,0.34845360824742266,0.9224781057411612
3.202185383886267,0.036057179432472795,0.34845360824742266,0.922870751318777
3.2276754152332003,0.036036036036036036,0.3463917525773196,0.9232804684432456
3.253165446580134,0.036014664653871035,0.3443298969072165,0.9236901855677143
3.278655477927064,0.03593073593073593,0.3422680412371134,0.9239633303173601
3.3041455092739973,0.036047774158523345,0.3422680412371134,0.924219403520153
3.329635540620931,0.036260375709917,0.3422680412371134,0.9246803352851802
3.3551255719678643,0.036443468715697036,0.3422680412371134,0.925072980862796
3.3806156033147943,0.03639170710189678,0.3402061855670103,0.9254144117998532
3.4061056346617278,0.03652866947088776,0.3402061855670103,0.9257046280963518
3.4315956660086613,0.036550033429908625,0.33814432989690724,0.9261997029550848
3.457085697355595,0.03677954698362862,0.33814432989690724,0.9266777062669649
3.4825757287025247,0.03691199639882962,0.33814432989690724,0.9269508510166106
3.5080657600494582,0.03707890572009948,0.33814432989690724,0.9272922819536679
3.5335557913963918,0.0373066424021838,0.33814432989690724,0.927753213718695
3.5590458227433253,0.037545787545787544,0.33814432989690724,0.9282312170305751
3.584535854090255,0.03719862227324914,0.334020618556701,0.9284190040459566
3.6100258854371887,0.03736162361623616,0.334020618556701,0.9287433634361609
3.6355159167841222,0.03724265556326625,0.3319587628865979,0.9289482219983953
3.6610059481310557,0.03738100766194567,0.3319587628865979,0.929221366748041
3.6864959794779892,0.03754664179104478,0.3319587628865979,0.9295457261382454
3.711986010824919,0.03748828491096532,0.32989690721649484,0.9298700855284497
3.7374760421718527,0.037211493170042395,0.32577319587628867,0.9302115164655069
3.762966073518786,0.03687071614275585,0.3216494845360825,0.9304334465745941
3.7884561048657197,0.037089871611982884,0.3216494845360825,0.9308602352459157
3.8139461362126497,0.03733843944471039,0.3216494845360825,0.9313382385577957
3.839436167559583,0.03753609239653513,0.3216494845360825,0.9317138125885587
3.8649261989065167,0.036974383760270665,0.3154639175257732,0.9319698857913515
3.89041623025345,0.037099903006789524,0.3154639175257732,0.9322088874472916
3.91590626160038,0.03702801461632156,0.3134020618556701,0.9325161752906431
3.9413962929473136,0.037245773094829696,0.3134020618556701,0.9329258924151117
3.966886324294247,0.03741078021166626,0.3134020618556701,0.9332331802584632
3.9923763556411807,0.03732081067721206,0.311340206185567,0.933506325008109
4.017866386988111,0.03743182944967774,0.311340206185567,0.9337111835703433
4.043356418335044,0.03757153520776312,0.311340206185567,0.9339672567731362
4.068846449681978,0.037759439859964994,0.311340206185567,0.9343086877101934
4.094336481028911,0.037641154328732745,0.30927835051546393,0.9345306178192806
4.119826512375845,0.03783102143757881,0.30927835051546393,0.9348720487563378
4.145316543722775,0.03795546558704453,0.30927835051546393,0.935093978865425
4.170806575069708,0.03761118170266836,0.30515463917525776,0.9353500520682179
4.196296606416642,0.0370843989769821,0.29896907216494845,0.9357256260989808
4.221786637763575,0.037227214377406934,0.29896907216494845,0.9359816993017738
4.247276669110505,0.037122969837587005,0.29690721649484536,0.9362377725045666
4.272766700457439,0.037267080745341616,0.29690721649484536,0.9364938457073595
4.298256731804372,0.037142857142857144,0.2948453608247423,0.9367157758164467
4.323746763151306,0.03734656568294594,0.2948453608247423,0.9370742783003568
4.3492367944982355,0.03744435716156062,0.2948453608247423,0.9372449937688854
4.374726825845169,0.03760189324217723,0.2948453608247423,0.9375181385185312
4.4002168571921025,0.037526427061310784,0.2927835051546392,0.9378254263618826
4.425706888539036,0.037645811240721104,0.2927835051546392,0.938030284924117
4.451196919885966,0.037846481876332626,0.2927835051546392,0.9383717158611742
4.4766869512328995,0.037700534759358285,0.2907216494845361,0.9385595028765557
4.502176982579833,0.03785234899328859,0.2907216494845361,0.9388155760793485
4.5276670139267665,0.03802588996763754,0.2907216494845361,0.9391057923758471
4.5531570452737,0.038118410381184104,0.2907216494845361,0.939259436297523
4.57864707662063,0.038232104121475055,0.2907216494845361,0.9394472233129044
4.6041371079675635,0.03814713896457766,0.28865979381443296,0.939737439609403
4.629627139314497,0.03822003822003822,0.28865979381443296,0.939856940437373
4.6551171706614305,0.03842986549547077,0.28865979381443296,0.9401983713744302
4.6806072020083604,0.038620689655172416,0.28865979381443296,0.9405056592177817
4.706097233355294,0.03874896208137282,0.28865979381443296,0.940710517780016
4.7315872647022275,0.038899694359544316,0.28865979381443296,0.9409495194359561
4.757077296049161,0.0390625,0.28865979381443296,0.941205592638749
4.782567327396091,0.03927068723702665,0.28865979381443296,0.9415299520289534
4.808057358743024,0.03945885005636979,0.28865979381443296,0.941820168325452
4.833547390089958,0.0395703787450537,0.28865979381443296,0.9419908837939805
4.859037421436891,0.039750141964792735,0.28865979381443296,0.9422640285436263
4.884527452783821,0.039714285714285716,0.2865979381443299,0.9426225310275365
4.910017484130755,0.03989667049368542,0.2865979381443299,0.9428956757771821
4.935507515477688,0.040023034840195794,0.2865979381443299,0.9430834627925636
4.960997546824622,0.04016180294712511,0.2865979381443299,0.943288321354798
4.986487578171552,0.04005805515239477,0.2845360824742268,0.9435443945575909
5.011977609518485,0.0402332361516035,0.2845360824742268,0.9438004677603837
5.037467640865419,0.040362679145949105,0.2845360824742268,0.9439882547757652
5.062957672212352,0.04054054054054054,0.2845360824742268,0.9442443279785582
5.088447703559286,0.04070796460176991,0.2845360824742268,0.9444833296344982
5.113937734906216,0.04091313370886451,0.2845360824742268,0.9447735459309968
5.139427766253149,0.04053651266766021,0.2804123711340206,0.9450466906806426
5.164917797600083,0.04079184163167367,0.2804123711340206,0.9454051931645526
5.190407828947016,0.04091456077015644,0.2804123711340206,0.9455759086330813
5.215897860293946,0.04108761329305136,0.2804123711340206,0.9458149102890213
5.24138789164088,0.041224613519248256,0.2804123711340206,0.9460026973044028
5.266877922987813,0.041400304414003046,0.2804123711340206,0.9462416989603428
5.292367954334747,0.04148871262965223,0.2804123711340206,0.9463611997883128
5.317857985681677,0.041704998466728,0.2804123711340206,0.9466514160848114
5.34334801702861,0.04176904176904177,0.2804123711340206,0.9467367738190757
5.368838048375544,0.04160246533127889,0.27835051546391754,0.9469074892876044
5.394328079722477,0.04173106646058733,0.27835051546391754,0.9470782047561329
5.419818111069407,0.041886441203847345,0.27835051546391754,0.9472830633183673
5.445308142416341,0.04206918043004051,0.27835051546391754,0.9475220649743074
5.470798173763274,0.04226675015654352,0.27835051546391754,0.9477781381771002
5.496288205110208,0.04245283018867924,0.27835051546391754,0.9480171398330403
5.521778236457141,0.04253308128544423,0.27835051546391754,0.9481195691141574
5.547268267804071,0.04272151898734177,0.27835051546391754,0.9483585707700974
5.572758299151005,0.0429662635264163,0.27835051546391754,0.948665858613449
5.598248330497938,0.04281150159744409,0.27628865979381445,0.9488536456288305
5.623738361844872,0.042907460774895934,0.27628865979381445,0.9489731464568004
5.649228393191802,0.043059125964010285,0.27628865979381445,0.9491609334721819
5.674718424538735,0.043211867139632376,0.27628865979381445,0.9493487204875634
5.700208455885669,0.04339378238341969,0.27628865979381445,0.9495706505966506
5.725698487232602,0.043563068920676205,0.27628865979381445,0.9497755091588849
5.751188518579532,0.043733681462140996,0.27628865979381445,0.9499803677211192
5.776678549926466,0.04387688277668631,0.27628865979381445,0.9501510831896478
5.802168581273399,0.04366382140512147,0.27422680412371137,0.9502705840176179
5.827658612620333,0.043521266073194856,0.2721649484536082,0.9504754425798522
5.853148643967263,0.04327717211760819,0.27010309278350514,0.9505608003141165
5.878638675314196,0.043175024908668216,0.26804123711340205,0.9508168735169094
5.90412870666113,0.04323245759893582,0.26804123711340205,0.9508851597043209
5.929618738008063,0.04308617234468938,0.26597938144329897,0.9510900182665551
5.955108769354997,0.042953020134228186,0.2639175257731959,0.9513119483756424
5.980598800701927,0.042789757412398925,0.2618556701030928,0.9514997353910237
6.00608883204886,0.04293441514536849,0.2618556701030928,0.9516704508595524
6.031578863395794,0.04305084745762712,0.2618556701030928,0.9518070232343753
6.057068894742727,0.04282800815771584,0.2597938144329897,0.9519265240623452
6.082558926089657,0.04294478527607362,0.2597938144329897,0.9520630964371681
6.108048957436591,0.04318026045236463,0.2597938144329897,0.9523362411868139
6.133538988783524,0.042999656002751976,0.25773195876288657,0.9525069566553426
6.159029020130458,0.043162983425414365,0.25773195876288657,0.952694743670724
6.184519051477388,0.04343293954134816,0.25773195876288657,0.9530020315140755
6.210009082824321,0.04358437935843794,0.25773195876288657,0.9531727469826041
6.235499114171255,0.043782837127845885,0.25773195876288657,0.9533946770916912
6.260989145518188,0.04398311048557354,0.25773195876288657,0.9536166072007785
6.286479176865118,0.04418522446094026,0.25773195876288657,0.9538385373098657
6.3119692082120515,0.0440028388928318,0.2556701030927835,0.9540092527783942
6.337459239558985,0.04411241551049449,0.2556701030927835,0.9541287536063643
6.3629492709059186,0.044333214158026456,0.2556701030927835,0.9543677552623043
6.3884393022528485,0.04447632711621234,0.2556701030927835,0.95452139918398
6.413929333599782,0.04424460431654676,0.2536082474226804,0.9546409000119501
6.4394193649467155,0.04434030281182408,0.2536082474226804,0.9547433292930673
6.464909396293649,0.044170890658942794,0.2515463917525773,0.9549311163084487
6.4903994276405825,0.04431529240828187,0.2515463917525773,0.9550847602301245
6.5158894589875125,0.044096209912536447,0.24948453608247423,0.9552213326049473
6.541379490334446,0.044322344322344324,0.24948453608247423,0.9554603342608874
6.5668695216813795,0.044534412955465584,0.24948453608247423,0.9556822643699746
6.592359553028313,0.04434589800443459,0.24742268041237114,0.9558529798385031
6.617849584375243,0.04425436965414652,0.24536082474226803,0.9561261245881489
6.6433396157221765,0.044452745610758314,0.24536082474226803,0.9563309831503832
6.66882964706911,0.04466966966966967,0.24536082474226803,0.9565529132594704
6.6943196784160435,0.044821092278719395,0.24536082474226803,0.9567065571811462
6.719809709762973,0.04492261230653077,0.24536082474226803,0.9568089864622633
6.745299741109907,0.045109931766489766,0.24536082474226803,0.9569967734776448
6.77078977245684,0.044918157594213935,0.24329896907216494,0.9571674889461734
6.796279803803774,0.045055364642993506,0.24329896907216494,0.9573040613209963
6.821769835150704,0.0451761102603369,0.24329896907216494,0.9574235621489663
6.847259866497637,0.044930875576036866,0.24123711340206186,0.9575430629769364
6.872749897844571,0.04471858134155744,0.23917525773195877,0.9576967068986121
6.898239929191504,0.04489164086687306,0.23917525773195877,0.9578674223671407
6.923729960538438,0.04504854368932039,0.23917525773195877,0.9580210662888164
6.949219991885368,0.045171339563862926,0.23917525773195877,0.9581405671167864
6.974710023232301,0.04533020711215319,0.23917525773195877,0.9582942110384622
7.000200054579235,0.04479371316306483,0.23505154639175257,0.9584990696006965
7.025690085926168,0.044558359621451105,0.2329896907216495,0.9586356419755194
7.051180117273098,0.0443213296398892,0.2309278350515464,0.9587722143503423
7.076670148620032,0.04440919904837431,0.2309278350515464,0.9588575720846065
7.102160179966965,0.04456824512534819,0.2309278350515464,0.9590112160062824
7.127650211313899,0.04467491025129637,0.2309278350515464,0.9591136452873995
7.153140242660829,0.044782087165133946,0.2309278350515464,0.9592160745685167
7.178630274007762,0.0449438202247191,0.2309278350515464,0.9593697184901924
7.204120305354696,0.045106725734997986,0.2309278350515464,0.9595233624118681
7.229610336701629,0.04481227291077917,0.2288659793814433,0.9596087201461324
7.255100368048559,0.0449939197405756,0.2288659793814433,0.9597794356146611
7.280590399395493,0.04514030093533957,0.2288659793814433,0.959916007989484
7.306080430742426,0.044971381847914965,0.2268041237113402,0.9601208665517182
7.33157046208936,0.0451559934318555,0.2268041237113402,0.9602915820202469
7.357060493436293,0.04536082474226804,0.2268041237113402,0.9604793690356284
7.382550524783223,0.045510964004964835,0.2268041237113402,0.9606159414104511
7.408040556130157,0.04568106312292359,0.2268041237113402,0.960769585332127
7.43353058747709,0.045871559633027525,0.2268041237113402,0.9609403008006555
7.459020618824024,0.04617968094038623,0.2268041237113402,0.9612134455503013
7.484510650170954,0.04631578947368421,0.2268041237113402,0.9613329463782714
7.510000681517887,0.046511627906976744,0.2268041237113402,0.9615036618467999
7.535490712864821,0.04674883127921802,0.2268041237113402,0.9617085204090343
7.560980744211754,0.046908315565031986,0.2268041237113402,0.9618450927838571
7.586470775558684,0.047109207708779445,0.2268041237113402,0.9620158082523858
7.611960806905618,0.04688172043010753,0.22474226804123712,0.9621694521740615
7.637450838252551,0.04620034542314335,0.22061855670103092,0.9622889530020315
7.662940869599485,0.04636048526863085,0.22061855670103092,0.9624255253768544
7.688430900946415,0.04563233376792699,0.21649484536082475,0.9625108831111187
7.713920932293348,0.04573170731707317,0.21649484536082475,0.962596240845383
7.739410963640282,0.045911674682990816,0.21649484536082475,0.9627498847670587
7.764900994987215,0.0461133069828722,0.21649484536082475,0.9629206002355873
7.790391026334149,0.046296296296296294,0.21649484536082475,0.9630742441572631
7.815881057681079,0.04639858594785683,0.21649484536082475,0.9631596018915274
7.841371089028012,0.04652193176783341,0.21649484536082475,0.9632620311726445
7.866861120374946,0.046283934134401426,0.21443298969072164,0.9634156750943202
7.892351151721879,0.04612628750559785,0.21237113402061855,0.9636376052034075
7.917841183068809,0.0462090623598026,0.21237113402061855,0.963705891390819
7.943331214415743,0.04588394062078273,0.21030927835051547,0.9637912491250832
7.968821245762676,0.046008119079837616,0.21030927835051547,0.9638936784062004
7.99431127710961,0.04613297150610583,0.21030927835051547,0.9639961076873176
8.01980130845654,0.04627949183303085,0.21030927835051547,0.9641156085152875
8.045291339803473,0.046511627906976744,0.21030927835051547,0.964303395530669
8.070781371150407,0.0467246907924874,0.21030927835051547,0.9644741109991977
8.09627140249734,0.046918123275068994,0.21030927835051547,0.9646277549208734
8.12176143384427,0.0470479704797048,0.21030927835051547,0.9647301842019905
8.147251465191204,0.04678091709124595,0.20824742268041238,0.9648667565768134
8.172741496538137,0.04688950789229341,0.20824742268041238,0.9649521143110777
8.19823152788507,0.04702048417132216,0.20824742268041238,0.9650545435921949
8.223721559232,0.047306791569086654,0.20824742268041238,0.9652764737012821
8.249211590578934,0.047462406015037595,0.20824742268041238,0.9653959745292521
8.274701621925868,0.04766399244926852,0.20824742268041238,0.9655496184509278
8.300191653272801,0.047980997624703085,0.20824742268041238,0.9657886201068678
8.325681684619735,0.04764173415912339,0.20618556701030927,0.9658739778411322
8.351171715966665,0.04784688995215311,0.20618556701030927,0.9660276217628079
8.376661747313598,0.04791566842357451,0.20618556701030927,0.9660788364033666
8.402151778660532,0.04814636494944632,0.20618556701030927,0.9662495518718951
8.427641810007465,0.0482392667631452,0.20618556701030927,0.9663178380593066
8.453131841354395,0.04837929366231253,0.20618556701030927,0.9664202673404237
8.478621872701328,0.04856726566294318,0.20618556701030927,0.9665568397152466
8.504111904048262,0.048851978505129456,0.20618556701030927,0.9667616982774809
8.529601935395196,0.04855321235899951,0.20412371134020618,0.9668811991054509
8.555091966742125,0.04886475814412636,0.20412371134020618,0.9671031292145381
8.580581998089059,0.04922923918448533,0.20412371134020618,0.9673592024173311
8.606072029435992,0.049475262368815595,0.20412371134020618,0.9675299178858596
8.631562060782926,0.04964894684052156,0.20412371134020618,0.9676494187138297
8.657052092129856,0.04994954591321897,0.20412371134020618,0.967854277276064
8.68254212347679,0.04969574036511156,0.2020618556701031,0.9680079211977397
8.708032154823723,0.04936386768447837,0.2,0.9681103504788569
8.733522186170656,0.04954034729315628,0.2,0.9682298513068269
8.75901221751759,0.04974358974358974,0.2,0.9683664236816498
8.78450224886452,0.04989711934156379,0.2,0.968468852962767
8.809992280211453,0.04953560371517028,0.1979381443298969,0.9685542106970313
8.835482311558387,0.04963805584281282,0.1979381443298969,0.9686224968844427
8.86097234290532,0.04987012987012987,0.1979381443298969,0.9687761408061184
8.88646237425225,0.05002605523710266,0.1979381443298969,0.9688785700872357
8.911952405599184,0.050156739811912224,0.1979381443298969,0.9689639278214999
8.937442436946117,0.05042016806722689,0.1979381443298969,0.9691346432900285
8.962932468293051,0.05052631578947368,0.1979381443298969,0.9692029294774399
8.98842249963998,0.05063291139240506,0.1979381443298969,0.9692712156648514
9.013912530986914,0.05076679005817028,0.1979381443298969,0.9693565733991157
9.039402562333848,0.050955414012738856,0.1979381443298969,0.9694760742270857
9.064892593680781,0.0512,0.1979381443298969,0.9696297181487614
9.090382625027711,0.05144694533762058,0.1979381443298969,0.9697833620704372
9.115872656374645,0.051696284329563816,0.1979381443298969,0.969937005992113
9.141362687721578,0.05197617758527342,0.1979381443298969,0.9701077214606415
9.166852719068512,0.052202283849918436,0.1979381443298969,0.9702442938354644
9.192342750415445,0.05237315875613748,0.1979381443298969,0.9703467231165815
9.217832781762375,0.052660449808008776,0.1979381443298969,0.9705174385851102
9.243322813109309,0.052950910093767234,0.1979381443298969,0.9706881540536388
9.268812844456242,0.05266075388026607,0.1958762886597938,0.9708247264284617
9.294302875803176,0.0528071150639244,0.1958762886597938,0.970910084162726
9.319792907150106,0.052455357142857144,0.19381443298969073,0.9710125134438431
9.34528293849704,0.05263157894736842,0.19381443298969073,0.9711149427249604
9.370772969843973,0.0523943661971831,0.19175257731958764,0.9712856581934889
9.396263001190906,0.05263157894736842,0.19175257731958764,0.9714222305683118
9.421753032537836,0.05299145299145299,0.19175257731958764,0.9716270891305461
9.44724306388477,0.05326460481099656,0.19175257731958764,0.9717807330522219
9.472733095231703,0.053509781357882626,0.19175257731958764,0.9719173054270448
9.498223126578637,0.05378831694621168,0.19175257731958764,0.9720709493487205
9.523713157925567,0.05406976744186046,0.19175257731958764,0.9722245932703962
9.5492031892725,0.054322429906542055,0.19175257731958764,0.9723611656452191
9.574693220619434,0.05444964871194379,0.19175257731958764,0.9724294518326305
9.600183251966367,0.0546095126247798,0.19175257731958764,0.9725148095668948
9.625673283313297,0.05473808122424956,0.19175257731958764,0.9725830957543063
9.65116331466023,0.05493207324276432,0.19175257731958764,0.9726855250354235
9.676653346007164,0.05499704316972206,0.19175257731958764,0.9727196681291291
9.702143377354098,0.05519287833827893,0.19175257731958764,0.9728220974102464
9.727633408701031,0.0547945205479452,0.18969072164948453,0.9729074551445106
9.753123440047961,0.055188962207558485,0.18969072164948453,0.973112313706745
9.778613471394895,0.055455093429776975,0.18969072164948453,0.9732488860815679
9.804103502741828,0.05579138872043663,0.18969072164948453,0.9734196015500964
9.829593534088762,0.05596107055961071,0.18969072164948453,0.9735049592843608
9.855083565435692,0.056200366524129505,0.18969072164948453,0.9736244601123307
9.880573596782625,0.056069008009858284,0.18762886597938144,0.973846390221418
9.906063628129559,0.05624227441285538,0.18762886597938144,0.9739317479556823
9.931553659476492,0.056346749226006194,0.18762886597938144,0.9739829625962408
9.957043690823422,0.055970149253731345,0.18556701030927836,0.974085391877358
9.982533722170356,0.05610972568578554,0.18556701030927836,0.9741536780647695
10.00802375351729,0.055834378920953574,0.18350515463917524,0.9743073219864452
10.033513784864223,0.05548549810844893,0.18144329896907216,0.9744268228144152
10.059003816211153,0.05587301587301587,0.18144329896907216,0.9746146098297966
10.084493847558086,0.05612244897959184,0.18144329896907216,0.9747341106577667
10.10998387890502,0.056338028169014086,0.18144329896907216,0.9748365399388839
10.135473910251953,0.05662805662805663,0.18144329896907216,0.9749731123137068
10.160963941598887,0.056884292178409825,0.18144329896907216,0.9750926131416767
10.186453972945817,0.05649350649350649,0.17938144329896907,0.975195042422794
10.21194400429275,0.05675146771037182,0.17938144329896907,0.9753145432507639
10.237434035639684,0.056282722513089,0.177319587628866,0.9753828294381754
10.262924066986617,0.05654174884944116,0.177319587628866,0.9755023302661454
10.288414098333547,0.056840713813615336,0.177319587628866,0.9756389026409683
10.31390412968048,0.057180851063829786,0.177319587628866,0.975792546562644
10.339394161027414,0.05729513657561625,0.177319587628866,0.9758437612032026
10.364884192374348,0.05748663101604278,0.177319587628866,0.9759291189374669
10.390374223721278,0.05771812080536913,0.177319587628866,0.9760315482185841
10.415864255068211,0.05806887238352464,0.177319587628866,0.9761851921402598
10.441354286415145,0.05834464043419267,0.177319587628866,0.9763046929682299
10.466844317762078,0.05854322668481961,0.177319587628866,0.9763900507024942
10.492334349109008,0.058663028649386086,0.177319587628866,0.9764412653430528
10.517824380455941,0.05894448252227553,0.177319587628866,0.9765607661710227
10.543314411802875,0.05922865013774105,0.177319587628866,0.9766802669989928
10.568804443149808,0.059269469331495524,0.177319587628866,0.9766973385458456
10.594294474496742,0.05968077723802915,0.177319587628866,0.9768680540143743
10.619784505843672,0.05988857938718663,0.177319587628866,0.9769534117486386
10.645274537190605,0.059930313588850176,0.177319587628866,0.9769704832954914
10.670764568537539,0.060266292922214436,0.177319587628866,0.9771070556703143
10.696254599884472,0.060350877192982454,0.177319587628866,0.9771411987640201
10.721744631231402,0.06060606060606061,0.177319587628866,0.9772436280451372
10.747234662578336,0.06019830028328612,0.17525773195876287,0.9773460573262543
10.77272469392527,0.06041222459132907,0.17525773195876287,0.9774314150605187
10.798214725272203,0.06062767475035663,0.17525773195876287,0.9775167727947829
10.823704756619133,0.06004288777698356,0.1731958762886598,0.9775509158884886
10.849194787966066,0.05954088952654232,0.1711340206185567,0.9776192020759001
10.874684819313,0.05988455988455989,0.1711340206185567,0.9777557744507229
10.900174850659933,0.060057887120115776,0.1711340206185567,0.9778240606381344
10.925664882006863,0.060144927536231886,0.1711340206185567,0.9778582037318402
10.951154913353797,0.06031976744186047,0.1711340206185567,0.9779264899192516
10.97664494470073,0.06040756914119359,0.1711340206185567,0.9779606330129573
11.002134976047664,0.06076134699853587,0.1711340206185567,0.9780972053877802
11.027625007394594,0.061074319352465045,0.1711340206185567,0.9782167062157502
11.053115038741527,0.061755952380952384,0.1711340206185567,0.9784727794185432
11.07860507008846,0.0619865571321882,0.1711340206185567,0.9785581371528074
11.104095101435394,0.06231231231231231,0.1711340206185567,0.9786776379807774
11.129585132782328,0.06268882175226587,0.1711340206185567,0.9788142103556003
11.155075164129258,0.0623574144486692,0.16907216494845362,0.9789507827304232
11.180565195476191,0.06259541984732825,0.16907216494845362,0.9790361404646875
11.206055226823125,0.06288343558282208,0.16907216494845362,0.9791385697458047
11.231545258170058,0.06322282189668466,0.16907216494845362,0.9792580705737747
11.257035289516988,0.06351665375677769,0.16907216494845362,0.9793604998548918
11.282525320863922,0.06391270459859703,0.16907216494845362,0.9794970722297147
11.308015352210855,0.06411258795934324,0.16907216494845362,0.9795653584171262
11.333505383557789,0.06352941176470588,0.1670103092783505,0.9796165730576848
11.358995414904719,0.0638801261829653,0.1670103092783505,0.9797360738856548
11.384485446251652,0.06403162055335969,0.1670103092783505,0.9797872885262133
11.409975477598586,0.06354249404289118,0.16494845360824742,0.9798726462604777
11.43546550894552,0.06314948041566747,0.16288659793814433,0.9799921470884477
11.46095554029245,0.06340288924558588,0.16288659793814433,0.9800775048227119
11.486445571639383,0.06345381526104418,0.16288659793814433,0.9800945763695649
11.511935602986316,0.06386418755052546,0.16288659793814433,0.9802311487443878
11.53742563433325,0.06448979591836734,0.16288659793814433,0.9804360073066221
11.562915665680183,0.06311475409836066,0.15876288659793814,0.9804872219471806
11.588405697027113,0.06358381502890173,0.15876288659793814,0.9806408658688563
11.613895728374047,0.06374172185430464,0.15876288659793814,0.9806920805094149
11.63938575972098,0.06379453189726594,0.15876288659793814,0.9807091520562679
11.664875791067914,0.06400665004156277,0.15876288659793814,0.9807774382436792
11.690365822414844,0.06422018348623854,0.15876288659793814,0.9808457244310907
11.715855853761777,0.06432748538011696,0.15876288659793814,0.9808798675247964
11.74134588510871,0.06459731543624161,0.15876288659793814,0.9809652252590607
11.766835916455644,0.06486941870261162,0.15876288659793814,0.981050582993325
11.792325947802574,0.06503378378378379,0.15876288659793814,0.9811017976338836
11.817815979149508,0.06553191489361702,0.15876288659793814,0.9812554415555593
11.843306010496441,0.06592465753424658,0.15876288659793814,0.9813749423835294
11.868796041843375,0.06620808254514188,0.15876288659793814,0.9814603001177937
11.894286073190305,0.0665514261019879,0.15876288659793814,0.9815627293989109
11.919776104537238,0.06707317073170732,0.15876288659793814,0.9817163733205866
11.945266135884172,0.0673076923076923,0.15876288659793814,0.981784659507998
11.970756167231105,0.06778169014084508,0.15876288659793814,0.9819212318828209
11.996246198578039,0.0671971706454465,0.15670103092783505,0.9819895180702324
12.021736229924969,0.0674955595026643,0.15670103092783505,0.9820748758044966
12.047226261271902,0.06690454950936664,0.15463917525773196,0.9821431619919081
12.072716292618836,0.06726457399103139,0.15463917525773196,0.9822455912730252
12.09820632396577,0.06756756756756757,0.15463917525773196,0.9823309490072896
12.123696355312699,0.06702898550724638,0.15257731958762888,0.9824163067415539
12.149186386659633,0.06764168190127971,0.15257731958762888,0.9825870222100824
12.174676418006566,0.06801470588235294,0.15257731958762888,0.9826894514911996
12.2001664493535,0.06870937790157845,0.15257731958762888,0.982877238506581
12.22565648070043,0.06883720930232558,0.15257731958762888,0.9829113816002868
12.251146512047363,0.06909430438842204,0.15257731958762888,0.9829796677876983
12.276636543394297,0.06941838649155722,0.15257731958762888,0.9830650255219625
12.30212657474123,0.0687382297551789,0.15051546391752577,0.9831162401625211
12.32761660608816,0.06906338694418164,0.15051546391752577,0.9832015978967854
12.353106637435094,0.06939163498098859,0.15051546391752577,0.9832869556310497
12.378596668782027,0.06965648854961833,0.15051546391752577,0.9833552418184611
12.40408670012896,0.06999041227229147,0.15051546391752577,0.9834405995527254
12.42957673147589,0.06923076923076923,0.14845360824742268,0.9834747426464312
12.455066762822824,0.06956521739130435,0.14845360824742268,0.9835601003806955
12.480556794169757,0.06990291262135923,0.14845360824742268,0.9836454581149598
12.506046825516691,0.07003891050583658,0.14845360824742268,0.9836796012086655
12.531536856863625,0.0702439024390244,0.14845360824742268,0.9837308158492241
12.557026888210554,0.07058823529411765,0.14845360824742268,0.9838161735834884
12.582516919557488,0.07072691552062868,0.14845360824742268,0.9838503166771941
12.608006950904421,0.07093596059113301,0.14845360824742268,0.9839015313177527
12.633496982251355,0.07100591715976332,0.14845360824742268,0.9839186028646055
12.658987013598285,0.07135777998017839,0.14845360824742268,0.9840039605988699
12.684477044945218,0.071,0.1463917525773196,0.9841405329736927
12.709967076292152,0.07142857142857142,0.1463917525773196,0.9842429622548099
12.735457107639085,0.0720081135902637,0.1463917525773196,0.9843795346296328
12.760947138986015,0.07252298263534218,0.1463917525773196,0.9844990354576029
12.786437170332949,0.07297019527235354,0.1463917525773196,0.98460146473872
12.811927201679882,0.0731958762886598,0.1463917525773196,0.9846526793792786
12.837417233026816,0.07365145228215768,0.1463917525773196,0.9847551086603957
12.862907264373746,0.07395833333333333,0.1463917525773196,0.9848233948478071
12.88839729572068,0.07411273486430063,0.1463917525773196,0.9848575379415129
12.913887327067613,0.07263157894736842,0.1422680412371134,0.98495996722263
12.939377358414546,0.07286166842661035,0.1422680412371134,0.9850111818631886
12.96486738976148,0.07309322033898305,0.1422680412371134,0.9850623965037472
12.99035742110841,0.07317073170731707,0.1422680412371134,0.9850794680506001
13.015847452455343,0.07272727272727272,0.1402061855670103,0.9851989688785701
13.041337483802277,0.07311827956989247,0.1402061855670103,0.9852843266128344
13.06682751514921,0.07319698600645856,0.1402061855670103,0.9853013981596872
13.09231754649614,0.07258938244853738,0.13814432989690723,0.9853867558939515
13.117807577843074,0.07266811279826464,0.13814432989690723,0.9854038274408045
13.143297609190007,0.07298474945533769,0.13814432989690723,0.9854721136282159
13.16878764053694,0.07330415754923414,0.13814432989690723,0.9855403998156272
13.19427767188387,0.07354555433589462,0.13814432989690723,0.9855916144561859
13.219767703230804,0.07403314917127071,0.13814432989690723,0.9856940437373031
13.245257734577738,0.07477678571428571,0.13814432989690723,0.9858476876589788
13.270747765924671,0.07494407158836688,0.13814432989690723,0.9858818307526845
13.296237797271601,0.07415730337078652,0.1360824742268041,0.9859330453932431
13.321727828618535,0.07440811724915446,0.1360824742268041,0.9859842600338017
13.347217859965468,0.07482993197278912,0.1360824742268041,0.986069617768066
13.372707891312402,0.07517084282460136,0.1360824742268041,0.9861379039554774
13.398197922659335,0.07568807339449542,0.1360824742268041,0.9862403332365945
13.423687954006265,0.0759493670886076,0.1360824742268041,0.9862915478771531
13.449177985353199,0.07612456747404844,0.1360824742268041,0.9863256909708589
13.474668016700132,0.07621247113163972,0.1360824742268041,0.9863427625177117
13.500158048047066,0.07630057803468208,0.1360824742268041,0.9863598340645646
13.525648079393996,0.07566938300349244,0.13402061855670103,0.986445191798829
13.55113811074093,0.07494145199063232,0.13195876288659794,0.9865134779862403
13.576628142087863,0.07520564042303172,0.13195876288659794,0.9865646926267989
13.602118173434796,0.07565011820330969,0.13195876288659794,0.9866500503610632
13.627608204781726,0.0757396449704142,0.13195876288659794,0.9866671219079161
13.65309823612866,0.0761904761904762,0.13195876288659794,0.9867524796421804
13.678588267475593,0.07637231503579953,0.13195876288659794,0.9867866227358861
13.704078298822527,0.07646356033452807,0.13195876288659794,0.986803694282739
13.729568330169457,0.07692307692307693,0.13195876288659794,0.9868890520170033
13.75505836151639,0.07729468599033816,0.13195876288659794,0.9869573382044147
13.780548392863324,0.0773881499395405,0.13195876288659794,0.9869744097512676
13.806038424210257,0.07766990291262135,0.13195876288659794,0.9870256243918262
13.831528455557187,0.07766990291262135,0.13195876288659794,0.9870256243918262
13.85701848690412,0.07814407814407814,0.13195876288659794,0.9871109821260905
13.882508518251054,0.0784313725490196,0.13195876288659794,0.9871621967666491
13.907998549597988,0.07787391841779975,0.12989690721649486,0.9872646260477662
13.933488580944921,0.0784557907845579,0.12989690721649486,0.9873670553288834
13.958978612291851,0.07875,0.12989690721649486,0.9874182699694419
13.984468643638785,0.07769423558897243,0.12783505154639174,0.9874353415162948
14.009958674985718,0.07769423558897243,0.12783505154639174,0.9874353415162948
14.035448706332652,0.07779171894604768,0.12783505154639174,0.9874524130631477
14.060938737679582,0.07779171894604768,0.12783505154639174,0.9874524130631477
14.086428769026515,0.07838179519595449,0.12783505154639174,0.9875548423442648
14.111918800373449,0.07898089171974522,0.12783505154639174,0.987657271625382
14.137408831720382,0.07810499359795134,0.12577319587628866,0.9877084862659405
14.162898863067312,0.07840616966580977,0.12577319587628866,0.9877597009064991
14.188388894414246,0.07881136950904392,0.12577319587628866,0.9878279870939106
14.213878925761179,0.07911802853437094,0.12577319587628866,0.9878792017344692
14.239368957108113,0.07911802853437094,0.12577319587628866,0.9878792017344692
14.264858988455043,0.07942708333333333,0.12577319587628866,0.9879304163750278
14.290349019801976,0.07984293193717278,0.12577319587628866,0.9879987025624392
14.31583905114891,0.0799475753604194,0.12577319587628866,0.9880157741092921
14.341329082495843,0.08015768725361366,0.12577319587628866,0.9880499172029977
14.366819113842777,0.08026315789473684,0.12577319587628866,0.9880669887498507
14.392309145189706,0.08036890645586298,0.12577319587628866,0.9880840602967035
14.41779917653664,0.08100929614873838,0.12577319587628866,0.9881864895778206
14.443289207883574,0.08155080213903744,0.12577319587628866,0.988271847312085
14.468779239230507,0.08198924731182795,0.12577319587628866,0.9883401334994963
14.494269270577437,0.08232118758434548,0.12577319587628866,0.9883913481400549
14.51975930192437,0.08254397834912043,0.12577319587628866,0.9884254912337607
14.545249333271304,0.08265582655826559,0.12577319587628866,0.9884425627806136
14.570739364618237,0.08310626702997276,0.12577319587628866,0.988510848968025
14.596229395965167,0.08321964529331514,0.12577319587628866,0.9885279205148778
14.621719427312101,0.08333333333333333,0.12577319587628866,0.9885449920617307
14.647209458659034,0.08390646492434663,0.12577319587628866,0.9886303497959951
14.672699490005968,0.08402203856749312,0.12577319587628866,0.9886474213428479
14.698189521352898,0.08472222222222223,0.12577319587628866,0.988749850623965
14.723679552699831,0.08507670850767085,0.12577319587628866,0.9888010652645236
14.749169584046765,0.08555399719495091,0.12577319587628866,0.9888693514519351
14.774659615393698,0.08579465541490858,0.12577319587628866,0.9889034945456407
14.800149646740632,0.08628005657708628,0.12577319587628866,0.9889717807330523
14.825639678087562,0.08714285714285715,0.12577319587628866,0.9890912815610222
14.851129709434495,0.08776978417266187,0.12577319587628866,0.9891766392952865
14.876619740781429,0.08789625360230548,0.12577319587628866,0.9891937108421394
14.902109772128362,0.08815028901734104,0.12577319587628866,0.9892278539358451
14.927599803475292,0.08853410740203194,0.12577319587628866,0.9892790685764037
14.953089834822226,0.08931185944363104,0.12577319587628866,0.9893814978575208
14.97857986616916,0.08902077151335312,0.12371134020618557,0.9895180702323437
15.004069897516093,0.08928571428571429,0.12371134020618557,0.9895522133260495
15.029559928863023,0.08968609865470852,0.12371134020618557,0.989603427966608
15.055049960209956,0.08995502248875563,0.12371134020618557,0.9896375710603138
15.08053999155689,0.09049773755656108,0.12371134020618557,0.9897058572477252
15.106030022903823,0.08814589665653495,0.11958762886597939,0.9897570718882838
15.131520054250753,0.08841463414634146,0.11958762886597939,0.9897912149819895
15.157010085597687,0.0888208269525268,0.11958762886597939,0.9898424296225481
15.18250011694462,0.0890937019969278,0.11958762886597939,0.9898765727162538
15.207990148291554,0.08923076923076922,0.11958762886597939,0.9898936442631067
15.233480179638484,0.08950617283950617,0.11958762886597939,0.9899277873568124
15.258970210985417,0.08837209302325581,0.11752577319587629,0.9899619304505182
15.28446024233235,0.08722741433021806,0.1154639175257732,0.9899960735442238
15.309950273679284,0.0877742946708464,0.1154639175257732,0.9900643597316353
15.335440305026218,0.08832807570977919,0.1154639175257732,0.9901326459190467
15.360930336373148,0.08860759493670886,0.1154639175257732,0.9901667890127525
15.386420367720081,0.08917197452229299,0.1154639175257732,0.9902350752001639
15.411910399067015,0.08814102564102565,0.1134020618556701,0.9902862898407224
15.437400430413948,0.08870967741935484,0.1134020618556701,0.9903545760281339
15.462890461760878,0.08737864077669903,0.11134020618556702,0.9903716475749867
15.488380493107812,0.08780487804878048,0.11134020618556702,0.9904228622155453
15.513870524454745,0.08809135399673736,0.11134020618556702,0.9904570053092511
15.539360555801679,0.08823529411764706,0.11134020618556702,0.9904740768561039
15.564850587148609,0.08896210873146623,0.11134020618556702,0.9905594345903682
15.590340618495542,0.08970099667774087,0.11134020618556702,0.9906447923246325
15.615830649842476,0.08818635607321132,0.10927835051546392,0.9906447923246325
15.64132068118941,0.08833333333333333,0.10927835051546392,0.9906618638714854
15.66681071253634,0.08833333333333333,0.10927835051546392,0.9906618638714854
15.692300743883273,0.08848080133555926,0.10927835051546392,0.9906789354183383
15.717790775230206,0.08862876254180602,0.10927835051546392,0.9906960069651911
15.74328080657714,0.08907563025210084,0.10927835051546392,0.9907472216057497
15.768770837924073,0.0893760539629005,0.10927835051546392,0.9907813646994554
15.794260869271003,0.0865874363327674,0.10515463917525773,0.9908155077931612
15.819750900617937,0.08703071672354949,0.10515463917525773,0.9908667224337198
15.84524093196487,0.08576329331046312,0.10309278350515463,0.9909008655274254
15.870730963311804,0.08620689655172414,0.10309278350515463,0.990952080167984
15.896220994658734,0.08635578583765112,0.10309278350515463,0.9909691517148369
15.921711026005667,0.08695652173913043,0.10309278350515463,0.9910374379022483
15.9472010573526,0.08596491228070176,0.10103092783505155,0.9911057240896598
15.972691088699534,0.08596491228070176,0.10103092783505155,0.9911057240896598
15.998181120046464,0.08480565371024736,0.09896907216494845,0.9911569387302184
16.023671151393398,0.08495575221238938,0.09896907216494845,0.9911740102770712
16.04916118274033,0.08586762075134168,0.09896907216494845,0.9912764395581883
16.074651214087265,0.08617594254937164,0.09896907216494845,0.9913105826518941
16.100141245434195,0.0867992766726944,0.09896907216494845,0.9913788688393055
16.125631276781128,0.08727272727272728,0.09896907216494845,0.9914300834798642
16.15112130812806,0.08743169398907104,0.09896907216494845,0.991447155026717
16.176611339474995,0.08839779005524862,0.09896907216494845,0.9915495843078341
16.20210137082193,0.08888888888888889,0.09896907216494845,0.9916007989483927
16.22759140216886,0.08921933085501858,0.09896907216494845,0.9916349420420985
16.253081433515792,0.0893854748603352,0.09896907216494845,0.9916520135889513
16.278571464862726,0.0898876404494382,0.09896907216494845,0.9917032282295098
16.30406149620966,0.09056603773584905,0.09896907216494845,0.9917715144169214
16.32955152755659,0.09090909090909091,0.09896907216494845,0.991805657510627
16.355041558903523,0.09230769230769231,0.09896907216494845,0.9919422298854499
16.380531590250456,0.09284332688588008,0.09896907216494845,0.9919934445260085
16.40602162159739,0.09302325581395349,0.09896907216494845,0.9920105160728614
16.43151165294432,0.09161793372319688,0.09690721649484536,0.992044659166567
16.457001684291253,0.091796875,0.09690721649484536,0.99206173071342
16.482491715638186,0.09197651663405088,0.09690721649484536,0.9920788022602728
16.50798174698512,0.09215686274509804,0.09690721649484536,0.9920958738071257
16.53347177833205,0.09270216962524655,0.09690721649484536,0.9921470884476843
16.558961809678983,0.09126984126984126,0.09484536082474226,0.9921812315413899
16.584451841025917,0.09145129224652088,0.09484536082474226,0.9921983030882429
16.60994187237285,0.08982035928143713,0.09278350515463918,0.9922153746350957
16.63543190371978,0.09,0.09278350515463918,0.9922324461819485
16.660921935066714,0.09036144578313253,0.09278350515463918,0.9922665892756543
16.686411966413647,0.08906882591093117,0.09072164948453608,0.9923178039162128
16.71190199776058,0.08924949290060852,0.09072164948453608,0.9923348754630658
16.737392029107514,0.08943089430894309,0.09072164948453608,0.9923519470099186
16.762882060454444,0.08961303462321792,0.09072164948453608,0.9923690185567714
16.788372091801378,0.08961303462321792,0.09072164948453608,0.9923690185567714
16.81386212314831,0.08961303462321792,0.09072164948453608,0.9923690185567714
16.839352154495245,0.08979591836734693,0.09072164948453608,0.9923860901036243
16.864842185842175,0.09016393442622951,0.09072164948453608,0.99242023319733
16.89033221718911,0.09090909090909091,0.09072164948453608,0.9924885193847415
16.915822248536042,0.0912863070539419,0.09072164948453608,0.9925226624784472
16.941312279882975,0.0918580375782881,0.09072164948453608,0.9925738771190058
16.966802311229905,0.0918580375782881,0.09072164948453608,0.9925738771190058
16.99229234257684,0.09263157894736843,0.09072164948453608,0.9926421633064172
17.017782373923772,0.09341825902335456,0.09072164948453608,0.9927104494938286
17.043272405270706,0.09341825902335456,0.09072164948453608,0.9927104494938286
17.068762436617636,0.09188034188034189,0.088659793814433,0.9927445925875343
17.09425246796457,0.09207708779443255,0.088659793814433,0.9927616641343873
17.119742499311503,0.09207708779443255,0.088659793814433,0.9927616641343873
17.145232530658436,0.09051724137931035,0.0865979381443299,0.9927958072280929
17.17072256200537,0.09071274298056156,0.0865979381443299,0.9928128787749458
17.1962125933523,0.09130434782608696,0.0865979381443299,0.9928640934155044
17.221702624699233,0.09130434782608696,0.0865979381443299,0.9928640934155044
17.247192656046167,0.0915032679738562,0.0865979381443299,0.9928811649623572
17.2726826873931,0.08791208791208792,0.08247422680412371,0.992915308056063
17.29817271874003,0.08869179600886919,0.08247422680412371,0.9929835942434744
17.323662750086964,0.0894854586129754,0.08247422680412371,0.9930518804308859
17.349152781433897,0.08968609865470852,0.08247422680412371,0.9930689519777387
17.37464281278083,0.0898876404494382,0.08247422680412371,0.9930860235245915
17.40013284412776,0.09029345372460497,0.08247422680412371,0.9931201666182973
17.425622875474694,0.09070294784580499,0.08247422680412371,0.993154309712003
17.451112906821628,0.09090909090909091,0.08247422680412371,0.9931713812588558
17.47660293816856,0.091324200913242,0.08247422680412371,0.9932055243525616
17.50209296951549,0.09153318077803203,0.08247422680412371,0.9932225958994144
17.527583000862425,0.09174311926605505,0.08247422680412371,0.9932396674462673
17.553073032209358,0.09174311926605505,0.08247422680412371,0.9932396674462673
17.57856306355629,0.09216589861751152,0.08247422680412371,0.993273810539973
17.604053094903225,0.09237875288683603,0.08247422680412371,0.9932908820868259
17.629543126250155,0.09048723897911833,0.08041237113402062,0.9933079536336787
17.65503315759709,0.09048723897911833,0.08041237113402062,0.9933079536336787
17.680523188944022,0.09069767441860466,0.08041237113402062,0.9933250251805316
17.706013220290956,0.08899297423887588,0.07835051546391752,0.9933591682742373
17.731503251637886,0.08962264150943396,0.07835051546391752,0.9934103829147959
17.75699328298482,0.08962264150943396,0.07835051546391752,0.9934103829147959
17.782483314331753,0.09004739336492891,0.07835051546391752,0.9934445260085016
17.807973345678686,0.09026128266033254,0.07835051546391752,0.9934615975553545
17.833463377025616,0.09069212410501193,0.07835051546391752,0.9934957406490602
17.85895340837255,0.09156626506024096,0.07835051546391752,0.9935640268364716
17.884443439719483,0.09223300970873786,0.07835051546391752,0.9936152414770303
17.909933471066417,0.09336609336609336,0.07835051546391752,0.9937005992112945
17.935423502413347,0.09382716049382717,0.07835051546391752,0.9937347423050003
17.96091353376028,0.09382716049382717,0.07835051546391752,0.9937347423050003
17.986403565107214,0.09405940594059406,0.07835051546391752,0.9937518138518531
18.011893596454147,0.0945273631840796,0.07835051546391752,0.9937859569455588
18.037383627801077,0.095,0.07835051546391752,0.9938201000392646
18.06287365914801,0.09523809523809523,0.07835051546391752,0.9938371715861174
18.088363690494944,0.09547738693467336,0.07835051546391752,0.9938542431329703
18.113853721841878,0.09571788413098237,0.07835051546391752,0.9938713146798231
18.13934375318881,0.09644670050761421,0.07835051546391752,0.9939225293203817
18.16483378453574,0.09414758269720101,0.07628865979381444,0.9939225293203817
18.190323815882675,0.09414758269720101,0.07628865979381444,0.9939225293203817
18.215813847229608,0.09438775510204081,0.07628865979381444,0.9939396008672345
18.24130387857654,0.09487179487179487,0.07628865979381444,0.9939737439609403
18.26679390992347,0.09536082474226804,0.07628865979381444,0.994007887054646
18.292283941270405,0.09610389610389611,0.07628865979381444,0.9940591016952046
18.31777397261734,0.09635416666666667,0.07628865979381444,0.9940761732420574
18.343264003964272,0.09660574412532637,0.07628865979381444,0.9940932447889104
18.368754035311202,0.09762532981530343,0.07628865979381444,0.9941615309763218
18.394244066658135,0.09788359788359788,0.07628865979381444,0.9941786025231746
18.41973409800507,0.096,0.07422680412371134,0.9942127456168803
18.445224129352003,0.096,0.07422680412371134,0.9942127456168803
18.470714160698932,0.09358288770053476,0.07216494845360824,0.9942127456168803
18.496204192045866,0.09358288770053476,0.07216494845360824,0.9942127456168803
18.5216942233928,0.0938337801608579,0.07216494845360824,0.9942298171637332
18.547184254739733,0.0938337801608579,0.07216494845360824,0.9942298171637332
18.572674286086666,0.09408602150537634,0.07216494845360824,0.9942468887105861
18.598164317433596,0.09433962264150944,0.07216494845360824,0.9942639602574389
18.62365434878053,0.0948509485094851,0.07216494845360824,0.9942981033511447
18.649144380127463,0.09536784741144415,0.07216494845360824,0.9943322464448504
18.674634411474397,0.09615384615384616,0.07216494845360824,0.994383461085409
18.700124442821327,0.09668508287292818,0.07216494845360824,0.9944176041791146
18.72561447416826,0.09668508287292818,0.07216494845360824,0.9944176041791146
18.751104505515194,0.09668508287292818,0.07216494845360824,0.9944176041791146
18.776594536862127,0.09668508287292818,0.07216494845360824,0.9944176041791146
18.802084568209057,0.09695290858725762,0.07216494845360824,0.9944346757259676
18.827574599555994,0.09497206703910614,0.07010309278350516,0.9944688188196733
18.85306463090292,0.09497206703910614,0.07010309278350516,0.9944688188196733
18.878554662249854,0.09577464788732394,0.07010309278350516,0.9945200334602319
18.904044693596788,0.096045197740113,0.07010309278350516,0.9945371050070847
18.92953472494372,0.09631728045325778,0.07010309278350516,0.9945541765539375
18.955024756290655,0.09714285714285714,0.07010309278350516,0.9946053911944961
18.98051478763759,0.09742120343839542,0.07010309278350516,0.994622462741349
19.006004818984522,0.09742120343839542,0.07010309278350516,0.994622462741349
19.031494850331455,0.09798270893371758,0.07010309278350516,0.9946566058350547
19.05698488167839,0.09826589595375723,0.07010309278350516,0.9946736773819076
19.082474913025315,0.09826589595375723,0.07010309278350516,0.9946736773819076
19.10796494437225,0.09855072463768116,0.07010309278350516,0.9946907489287604
19.133454975719182,0.09620991253644315,0.06804123711340206,0.9947078204756133
19.158945007066116,0.09620991253644315,0.06804123711340206,0.9947078204756133
19.18443503841305,0.09734513274336283,0.06804123711340206,0.9947761066630247
19.209925069759983,0.09792284866468842,0.06804123711340206,0.9948102497567305
19.235415101106916,0.0990990990990991,0.06804123711340206,0.9948785359441419
19.26090513245385,0.09939759036144578,0.06804123711340206,0.9948956074909947
19.286395163800776,0.09969788519637462,0.06804123711340206,0.9949126790378476
19.31188519514771,0.09969788519637462,0.06804123711340206,0.9949126790378476
19.337375226494643,0.1,0.06804123711340206,0.9949297505847005
19.362865257841577,0.10030395136778116,0.06804123711340206,0.9949468221315534
19.38835528918851,0.10091743119266056,0.06804123711340206,0.994980965225259
19.413845320535444,0.10122699386503067,0.06804123711340206,0.994998036772112
19.439335351882377,0.102803738317757,0.06804123711340206,0.9950833945063762
19.46482538322931,0.102803738317757,0.06804123711340206,0.9950833945063762
19.490315414576244,0.10031347962382445,0.06597938144329897,0.9951004660532291
19.51580544592317,0.10031347962382445,0.06597938144329897,0.9951004660532291
19.541295477270104,0.10094637223974763,0.06597938144329897,0.9951346091469349
19.566785508617038,0.10158730158730159,0.06597938144329897,0.9951687522406405
19.59227553996397,0.10191082802547771,0.06597938144329897,0.9951858237874934
19.617765571310905,0.10256410256410256,0.06597938144329897,0.9952199668811991
19.643255602657838,0.10256410256410256,0.06597938144329897,0.9952199668811991
19.66874563400477,0.10289389067524116,0.06597938144329897,0.995237038428052
19.694235665351705,0.10355987055016182,0.06597938144329897,0.9952711815217576
19.71972569669863,0.10130718954248366,0.06391752577319587,0.9953053246154634
19.745215728045565,0.10197368421052631,0.06391752577319587,0.9953394677091691
19.7707057593925,0.10197368421052631,0.06391752577319587,0.9953394677091691
19.796195790739432,0.10264900662251655,0.06391752577319587,0.9953736108028749
19.821685822086366,0.10333333333333333,0.06391752577319587,0.9954077538965805
19.8471758534333,0.10333333333333333,0.06391752577319587,0.9954077538965805
19.872665884780233,0.1040268456375839,0.06391752577319587,0.9954418969902863
19.898155916127166,0.1040268456375839,0.06391752577319587,0.9954418969902863
19.9236459474741,0.10437710437710437,0.06391752577319587,0.9954589685371391
19.949135978821026,0.10273972602739725,0.061855670103092786,0.9955272547245506
19.97462601016796,0.10309278350515463,0.061855670103092786,0.9955443262714034
20.000116041514893,0.10034602076124567,0.05979381443298969,0.9955613978182564
20.025606072861827,0.10034602076124567,0.05979381443298969,0.9955613978182564
20.05109610420876,0.10034602076124567,0.05979381443298969,0.9955613978182564
20.076586135555694,0.10069444444444445,0.05979381443298969,0.9955784693651092
20.102076166902627,0.0975609756097561,0.0577319587628866,0.9955784693651092
20.12756619824956,0.0979020979020979,0.0577319587628866,0.995595540911962
20.153056229596487,0.09824561403508772,0.0577319587628866,0.9956126124588149
20.17854626094342,0.09824561403508772,0.0577319587628866,0.9956126124588149
20.204036292290354,0.09824561403508772,0.0577319587628866,0.9956126124588149
20.229526323637288,0.09824561403508772,0.0577319587628866,0.9956126124588149
20.25501635498422,0.09824561403508772,0.0577319587628866,0.9956126124588149
20.280506386331155,0.09824561403508772,0.0577319587628866,0.9956126124588149
20.305996417678088,0.09824561403508772,0.0577319587628866,0.9956126124588149
20.33148644902502,0.09574468085106383,0.05567010309278351,0.9956467555525206
20.356976480371948,0.09642857142857143,0.05567010309278351,0.9956808986462263
20.38246651171888,0.09782608695652174,0.05567010309278351,0.9957491848336377
20.407956543065815,0.09818181818181818,0.05567010309278351,0.9957662563804907
20.43344657441275,0.0989010989010989,0.05567010309278351,0.9958003994741964
20.458936605759682,0.09926470588235294,0.05567010309278351,0.9958174710210492
20.484426637106615,0.0959409594095941,0.05360824742268041,0.9958174710210492
20.50991666845355,0.0959409594095941,0.05360824742268041,0.9958174710210492
20.535406699800482,0.0962962962962963,0.05360824742268041,0.995834542567902
20.560896731147416,0.09774436090225563,0.05360824742268041,0.9959028287553136
20.586386762494342,0.09811320754716982,0.05360824742268041,0.9959199003021664
20.611876793841276,0.09811320754716982,0.05360824742268041,0.9959199003021664
20.63736682518821,0.09811320754716982,0.05360824742268041,0.9959199003021664
20.662856856535143,0.09885931558935361,0.05360824742268041,0.9959540433958721
20.688346887882076,0.1,0.05360824742268041,0.9960052580364307
20.71383691922901,0.09689922480620156,0.05154639175257732,0.9960223295832835
20.739326950575943,0.09765625,0.05154639175257732,0.9960564726769893
20.764816981922877,0.09803921568627451,0.05154639175257732,0.9960735442238421
20.790307013269803,0.09881422924901186,0.05154639175257732,0.9961076873175478
20.815797044616737,0.099601593625498,0.05154639175257732,0.9961418304112536
20.84128707596367,0.099601593625498,0.05154639175257732,0.9961418304112536
20.866777107310604,0.10080645161290322,0.05154639175257732,0.9961930450518122
20.892267138657537,0.10204081632653061,0.05154639175257732,0.9962442596923707
20.91775717000447,0.10204081632653061,0.05154639175257732,0.9962442596923707
20.943247201351404,0.10204081632653061,0.05154639175257732,0.9962442596923707
20.968737232698338,0.10245901639344263,0.05154639175257732,0.9962613312392236
20.99422726404527,0.10245901639344263,0.05154639175257732,0.9962613312392236
21.019717295392198,0.10245901639344263,0.05154639175257732,0.9962613312392236
21.04520732673913,0.102880658436214,0.05154639175257732,0.9962784027860765
21.070697358086065,0.102880658436214,0.05154639175257732,0.9962784027860765
21.096187389433,0.102880658436214,0.05154639175257732,0.9962784027860765
21.121677420779932,0.10330578512396695,0.05154639175257732,0.9962954743329293
21.147167452126865,0.1037344398340249,0.05154639175257732,0.9963125458797821
21.1726574834738,0.1037344398340249,0.05154639175257732,0.9963125458797821
21.198147514820732,0.10504201680672269,0.05154639175257732,0.9963637605203407
21.22363754616766,0.10504201680672269,0.05154639175257732,0.9963637605203407
21.249127577514592,0.10504201680672269,0.05154639175257732,0.9963637605203407
21.274617608861526,0.10548523206751055,0.05154639175257732,0.9963808320671936
21.30010764020846,0.10638297872340426,0.05154639175257732,0.9964149751608993
21.325597671555393,0.10638297872340426,0.05154639175257732,0.9964149751608993
21.351087702902326,0.10300429184549356,0.049484536082474224,0.9964320467077522
21.37657773424926,0.10300429184549356,0.049484536082474224,0.9964320467077522
21.402067765596193,0.10300429184549356,0.049484536082474224,0.9964320467077522
21.427557796943127,0.10300429184549356,0.049484536082474224,0.9964320467077522
21.453047828290053,0.10344827586206896,0.049484536082474224,0.996449118254605
21.478537859636987,0.10344827586206896,0.049484536082474224,0.996449118254605
21.50402789098392,0.10344827586206896,0.049484536082474224,0.996449118254605
21.529517922330854,0.10480349344978165,0.049484536082474224,0.9965003328951636
21.555007953677787,0.10572687224669604,0.049484536082474224,0.9965344759888694
21.58049798502472,0.10666666666666667,0.049484536082474224,0.9965686190825751
21.605988016371654,0.10666666666666667,0.049484536082474224,0.9965686190825751
21.631478047718588,0.10762331838565023,0.049484536082474224,0.9966027621762807
21.656968079065514,0.10762331838565023,0.049484536082474224,0.9966027621762807
21.682458110412448,0.10810810810810811,0.049484536082474224,0.9966198337231337
21.70794814175938,0.10810810810810811,0.049484536082474224,0.9966198337231337
21.733438173106315,0.1085972850678733,0.049484536082474224,0.9966369052699865
21.758928204453248,0.1085972850678733,0.049484536082474224,0.9966369052699865
21.78441823580018,0.1095890410958904,0.049484536082474224,0.9966710483636922
21.809908267147115,0.10697674418604651,0.04742268041237113,0.9967222630042508
21.83539829849405,0.10697674418604651,0.04742268041237113,0.9967222630042508
21.860888329840982,0.107981220657277,0.04742268041237113,0.9967564060979566
21.88637836118791,0.107981220657277,0.04742268041237113,0.9967564060979566
21.911868392534842,0.107981220657277,0.04742268041237113,0.9967564060979566
21.937358423881776,0.10849056603773585,0.04742268041237113,0.9967734776448094
21.96284845522871,0.10849056603773585,0.04742268041237113,0.9967734776448094
21.988338486575643,0.10849056603773585,0.04742268041237113,0.9967734776448094
22.013828517922576,0.10849056603773585,0.04742268041237113,0.9967734776448094
22.03931854926951,0.10900473933649289,0.04742268041237113,0.9967905491916622
22.064808580616443,0.10900473933649289,0.04742268041237113,0.9967905491916622
22.09029861196337,0.10900473933649289,0.04742268041237113,0.9967905491916622
22.115788643310303,0.10952380952380952,0.04742268041237113,0.9968076207385151
22.141278674657237,0.10952380952380952,0.04742268041237113,0.9968076207385151
22.16676870600417,0.10952380952380952,0.04742268041237113,0.9968076207385151
22.192258737351104,0.11004784688995216,0.04742268041237113,0.996824692285368
22.217748768698037,0.11004784688995216,0.04742268041237113,0.996824692285368
22.24323880004497,0.11004784688995216,0.04742268041237113,0.996824692285368
22.268728831391904,0.1111111111111111,0.04742268041237113,0.9968588353790737
22.294218862738838,0.1111111111111111,0.04742268041237113,0.9968588353790737
22.319708894085764,0.11165048543689321,0.04742268041237113,0.9968759069259265
22.345198925432697,0.11274509803921569,0.04742268041237113,0.9969100500196323
22.37068895677963,0.11274509803921569,0.04742268041237113,0.9969100500196323
22.396178988126564,0.11330049261083744,0.04742268041237113,0.9969271215664851
22.421669019473498,0.11386138613861387,0.04742268041237113,0.996944193113338
22.44715905082043,0.11386138613861387,0.04742268041237113,0.996944193113338
22.472649082167365,0.11386138613861387,0.04742268041237113,0.996944193113338
22.4981391135143,0.11386138613861387,0.04742268041237113,0.996944193113338
22.523629144861225,0.116751269035533,0.04742268041237113,0.9970295508476023
22.54911917620816,0.116751269035533,0.04742268041237113,0.9970295508476023
22.574609207555092,0.116751269035533,0.04742268041237113,0.9970295508476023
22.600099238902025,0.11855670103092783,0.04742268041237113,0.9970807654881609
22.62558927024896,0.11855670103092783,0.04742268041237113,0.9970807654881609
22.651079301595892,0.11917098445595854,0.04742268041237113,0.9970978370350138
22.676569332942826,0.11979166666666667,0.04742268041237113,0.9971149085818666
22.70205936428976,0.11979166666666667,0.04742268041237113,0.9971149085818666
22.727549395636693,0.11578947368421053,0.04536082474226804,0.9971319801287195
22.75303942698362,0.11578947368421053,0.04536082474226804,0.9971319801287195
22.778529458330553,0.11702127659574468,0.04536082474226804,0.9971661232224251
22.804019489677486,0.11702127659574468,0.04536082474226804,0.9971661232224251
22.82950952102442,0.11702127659574468,0.04536082474226804,0.9971661232224251
22.854999552371353,0.11702127659574468,0.04536082474226804,0.9971661232224251
22.880489583718287,0.11764705882352941,0.04536082474226804,0.9971831947692781
22.90597961506522,0.11827956989247312,0.04536082474226804,0.9972002663161309
22.931469646412154,0.11827956989247312,0.04536082474226804,0.9972002663161309
22.95695967775908,0.11827956989247312,0.04536082474226804,0.9972002663161309
22.982449709106014,0.11827956989247312,0.04536082474226804,0.9972002663161309
23.007939740452947,0.11891891891891893,0.04536082474226804,0.9972173378629837
23.03342977179988,0.12087912087912088,0.04536082474226804,0.9972685525035423
23.058919803146814,0.12087912087912088,0.04536082474226804,0.9972685525035423
23.084409834493748,0.12087912087912088,0.04536082474226804,0.9972685525035423
23.10989986584068,0.12154696132596685,0.04536082474226804,0.9972856240503952
23.135389897187615,0.12222222222222222,0.04536082474226804,0.997302695597248
23.16087992853454,0.12222222222222222,0.04536082474226804,0.997302695597248
23.186369959881475,0.12359550561797752,0.04536082474226804,0.9973368386909538
23.21185999122841,0.12359550561797752,0.04536082474226804,0.9973368386909538
23.23735002257534,0.12359550561797752,0.04536082474226804,0.9973368386909538
23.262840053922275,0.12429378531073447,0.04536082474226804,0.9973539102378066
23.28833008526921,0.125,0.04536082474226804,0.9973709817846595
23.313820116616142,0.12571428571428572,0.04536082474226804,0.9973880533315124
23.339310147963076,0.12571428571428572,0.04536082474226804,0.9973880533315124
23.36480017931001,0.12571428571428572,0.04536082474226804,0.9973880533315124
23.390290210656936,0.12571428571428572,0.04536082474226804,0.9973880533315124
23.41578024200387,0.1206896551724138,0.04329896907216495,0.9973880533315124
23.441270273350803,0.1206896551724138,0.04329896907216495,0.9973880533315124
23.466760304697736,0.1206896551724138,0.04329896907216495,0.9973880533315124
23.49225033604467,0.1206896551724138,0.04329896907216495,0.9973880533315124
23.517740367391603,0.1206896551724138,0.04329896907216495,0.9973880533315124
23.543230398738537,0.1206896551724138,0.04329896907216495,0.9973880533315124
23.56872043008547,0.1206896551724138,0.04329896907216495,0.9973880533315124
23.594210461432397,0.1206896551724138,0.04329896907216495,0.9973880533315124
23.61970049277933,0.12209302325581395,0.04329896907216495,0.9974221964252181
23.645190524126264,0.12280701754385964,0.04329896907216495,0.9974392679720709
23.670680555473197,0.12352941176470589,0.04329896907216495,0.9974563395189238
23.69617058682013,0.125,0.04329896907216495,0.9974904826126295
23.721660618167064,0.12574850299401197,0.04329896907216495,0.9975075541594824
23.747150649513998,0.12574850299401197,0.04329896907216495,0.9975075541594824
23.77264068086093,0.12121212121212122,0.041237113402061855,0.9975246257063353
23.798130712207865,0.12121212121212122,0.041237113402061855,0.9975246257063353
23.82362074355479,0.12121212121212122,0.041237113402061855,0.9975246257063353
23.849110774901725,0.12422360248447205,0.041237113402061855,0.9975929118937467
23.874600806248658,0.125,0.041237113402061855,0.9976099834405996
23.90009083759559,0.12658227848101267,0.041237113402061855,0.9976441265343052
23.925580868942525,0.12658227848101267,0.041237113402061855,0.9976441265343052
23.95107090028946,0.12738853503184713,0.041237113402061855,0.9976611980811582
23.976560931636392,0.1282051282051282,0.041237113402061855,0.997678269628011
24.002050962983326,0.1282051282051282,0.041237113402061855,0.997678269628011
24.027540994330252,0.1282051282051282,0.041237113402061855,0.997678269628011
24.053031025677186,0.1282051282051282,0.041237113402061855,0.997678269628011
24.07852105702412,0.1282051282051282,0.041237113402061855,0.997678269628011
24.104011088371053,0.1282051282051282,0.041237113402061855,0.997678269628011
24.129501119717986,0.1282051282051282,0.041237113402061855,0.997678269628011
24.15499115106492,0.12258064516129032,0.03917525773195876,0.997678269628011
24.180481182411853,0.12418300653594772,0.03917525773195876,0.9977124127217167
24.205971213758787,0.12418300653594772,0.03917525773195876,0.9977124127217167
24.23146124510572,0.12418300653594772,0.03917525773195876,0.9977124127217167
24.256951276452646,0.12418300653594772,0.03917525773195876,0.9977124127217167
24.28244130779958,0.12418300653594772,0.03917525773195876,0.9977124127217167
24.307931339146513,0.12418300653594772,0.03917525773195876,0.9977124127217167
24.333421370493447,0.12582781456953643,0.03917525773195876,0.9977465558154225
24.35891140184038,0.12666666666666668,0.03917525773195876,0.9977636273622753
24.384401433187314,0.12666666666666668,0.03917525773195876,0.9977636273622753
24.409891464534248,0.12751677852348994,0.03917525773195876,0.9977806989091281
24.43538149588118,0.12837837837837837,0.03917525773195876,0.9977977704559811
24.460871527228107,0.1232876712328767,0.03711340206185567,0.9978148420028339
24.48636155857504,0.125,0.03711340206185567,0.9978489850965396
24.511851589921974,0.125,0.03711340206185567,0.9978489850965396
24.537341621268908,0.125,0.03711340206185567,0.9978489850965396
24.56283165261584,0.1258741258741259,0.03711340206185567,0.9978660566433925
24.588321683962775,0.11971830985915492,0.03505154639175258,0.9978660566433925
24.61381171530971,0.12056737588652482,0.03505154639175258,0.9978831281902453
24.639301746656642,0.12142857142857143,0.03505154639175258,0.9979001997370982
24.664791778003575,0.1223021582733813,0.03505154639175258,0.997917271283951
24.690281809350502,0.1223021582733813,0.03505154639175258,0.997917271283951
24.715771840697435,0.1223021582733813,0.03505154639175258,0.997917271283951
24.74126187204437,0.12318840579710146,0.03505154639175258,0.9979343428308038
24.766751903391302,0.12318840579710146,0.03505154639175258,0.9979343428308038
24.792241934738236,0.12408759124087591,0.03505154639175258,0.9979514143776568
24.81773196608517,0.125,0.03505154639175258,0.9979684859245096
24.843221997432103,0.1259259259259259,0.03505154639175258,0.9979855574713625
24.868712028779036,0.1259259259259259,0.03505154639175258,0.9979855574713625
24.894202060125963,0.1259259259259259,0.03505154639175258,0.9979855574713625
24.919692091472896,0.12686567164179105,0.03505154639175258,0.9980026290182153
24.94518212281983,0.12030075187969924,0.032989690721649485,0.9980026290182153
24.970672154166763,0.12121212121212122,0.032989690721649485,0.9980197005650682
24.996162185513697,0.12121212121212122,0.032989690721649485,0.9980197005650682
25.02165221686063,0.12213740458015267,0.032989690721649485,0.9980367721119211
25.047142248207564,0.12213740458015267,0.032989690721649485,0.9980367721119211
25.072632279554497,0.12307692307692308,0.032989690721649485,0.9980538436587739
25.09812231090143,0.12403100775193798,0.032989690721649485,0.9980709152056267
25.123612342248357,0.125,0.032989690721649485,0.9980879867524797
25.14910237359529,0.125,0.032989690721649485,0.9980879867524797
25.174592404942224,0.11811023622047244,0.030927835051546393,0.9980879867524797
25.200082436289158,0.12,0.030927835051546393,0.9981221298461853
25.22557246763609,0.12,0.030927835051546393,0.9981221298461853
25.251062498983025,0.12096774193548387,0.030927835051546393,0.9981392013930382
25.27655253032996,0.11475409836065574,0.0288659793814433,0.9981562729398911
25.302042561676892,0.11570247933884298,0.0288659793814433,0.998173344486744
25.327532593023818,0.11570247933884298,0.0288659793814433,0.998173344486744
25.35302262437075,0.11570247933884298,0.0288659793814433,0.998173344486744
25.378512655717685,0.11570247933884298,0.0288659793814433,0.998173344486744
25.40400268706462,0.11570247933884298,0.0288659793814433,0.998173344486744
25.429492718411552,0.11570247933884298,0.0288659793814433,0.998173344486744
25.454982749758486,0.11570247933884298,0.0288659793814433,0.998173344486744
25.48047278110542,0.11570247933884298,0.0288659793814433,0.998173344486744
25.505962812452353,0.11570247933884298,0.0288659793814433,0.998173344486744
25.531452843799286,0.11570247933884298,0.0288659793814433,0.998173344486744
25.556942875146213,0.11570247933884298,0.0288659793814433,0.998173344486744
25.582432906493146,0.11570247933884298,0.0288659793814433,0.998173344486744
25.60792293784008,0.11570247933884298,0.0288659793814433,0.998173344486744
25.633412969187013,0.11666666666666667,0.0288659793814433,0.9981904160335968
25.658903000533947,0.11864406779661017,0.0288659793814433,0.9982245591273026
25.68439303188088,0.11864406779661017,0.0288659793814433,0.9982245591273026
25.709883063227814,0.11864406779661017,0.0288659793814433,0.9982245591273026
25.735373094574747,0.11864406779661017,0.0288659793814433,0.9982245591273026
25.760863125921674,0.11864406779661017,0.0288659793814433,0.9982245591273026
25.786353157268607,0.11206896551724138,0.026804123711340205,0.9982416306741554
25.81184318861554,0.11206896551724138,0.026804123711340205,0.9982416306741554
25.837333219962474,0.10434782608695652,0.024742268041237112,0.9982416306741554
25.862823251309408,0.10714285714285714,0.024742268041237112,0.998292845314714
25.88831328265634,0.10714285714285714,0.024742268041237112,0.998292845314714
25.913803314003275,0.10714285714285714,0.024742268041237112,0.998292845314714
25.939293345350208,0.10714285714285714,0.024742268041237112,0.998292845314714
25.964783376697135,0.10714285714285714,0.024742268041237112,0.998292845314714
25.990273408044068,0.10810810810810811,0.024742268041237112,0.9983099168615668
26.015763439391,0.10810810810810811,0.024742268041237112,0.9983099168615668
26.041253470737935,0.10909090909090909,0.024742268041237112,0.9983269884084197
26.06674350208487,0.1111111111111111,0.024742268041237112,0.9983611315021254
26.092233533431802,0.1111111111111111,0.024742268041237112,0.9983611315021254
26.117723564778736,0.11214953271028037,0.024742268041237112,0.9983782030489783
26.14321359612567,0.11214953271028037,0.024742268041237112,0.9983782030489783
26.168703627472603,0.11214953271028037,0.024742268041237112,0.9983782030489783
26.19419365881953,0.11320754716981132,0.024742268041237112,0.9983952745958311
26.219683690166462,0.11428571428571428,0.024742268041237112,0.998412346142684
26.245173721513396,0.11538461538461539,0.024742268041237112,0.9984294176895369
26.27066375286033,0.11538461538461539,0.024742268041237112,0.9984294176895369
26.296153784207263,0.11650485436893204,0.024742268041237112,0.9984464892363897
26.321643815554197,0.1188118811881188,0.024742268041237112,0.9984806323300954
26.34713384690113,0.1188118811881188,0.024742268041237112,0.9984806323300954
26.372623878248064,0.12,0.024742268041237112,0.9984977038769483
26.39811390959499,0.12,0.024742268041237112,0.9984977038769483
26.423603940941923,0.12,0.024742268041237112,0.9984977038769483
26.449093972288857,0.12,0.024742268041237112,0.9984977038769483
26.47458400363579,0.12,0.024742268041237112,0.9984977038769483
26.500074034982724,0.12,0.024742268041237112,0.9984977038769483
26.525564066329657,0.12,0.024742268041237112,0.9984977038769483
26.55105409767659,0.12121212121212122,0.024742268041237112,0.9985147754238012
26.576544129023524,0.12121212121212122,0.024742268041237112,0.9985147754238012
26.602034160370458,0.12121212121212122,0.024742268041237112,0.9985147754238012
26.627524191717384,0.12244897959183673,0.024742268041237112,0.998531846970654
26.653014223064318,0.12244897959183673,0.024742268041237112,0.998531846970654
26.67850425441125,0.12371134020618557,0.024742268041237112,0.9985489185175068
26.703994285758185,0.11702127659574468,0.02268041237113402,0.9985830616112126
26.72948431710512,0.11702127659574468,0.02268041237113402,0.9985830616112126
26.754974348452052,0.11702127659574468,0.02268041237113402,0.9985830616112126
26.780464379798985,0.11702127659574468,0.02268041237113402,0.9985830616112126
26.80595441114592,0.11827956989247312,0.02268041237113402,0.9986001331580655
26.831444442492845,0.11827956989247312,0.02268041237113402,0.9986001331580655
26.85693447383978,0.11827956989247312,0.02268041237113402,0.9986001331580655
26.882424505186712,0.11827956989247312,0.02268041237113402,0.9986001331580655
26.907914536533646,0.12087912087912088,0.02268041237113402,0.9986342762517711
26.93340456788058,0.12087912087912088,0.02268041237113402,0.9986342762517711
26.958894599227513,0.12087912087912088,0.02268041237113402,0.9986342762517711
26.984384630574446,0.1111111111111111,0.020618556701030927,0.9986342762517711
27.00987466192138,0.1111111111111111,0.020618556701030927,0.9986342762517711
27.035364693268313,0.1111111111111111,0.020618556701030927,0.9986342762517711
27.06085472461524,0.11235955056179775,0.020618556701030927,0.9986513477986241
27.086344755962173,0.11363636363636363,0.020618556701030927,0.9986684193454769
27.111834787309107,0.11363636363636363,0.020618556701030927,0.9986684193454769
27.13732481865604,0.11363636363636363,0.020618556701030927,0.9986684193454769
27.162814850002974,0.11363636363636363,0.020618556701030927,0.9986684193454769
27.188304881349907,0.11494252873563218,0.020618556701030927,0.9986854908923297
27.21379491269684,0.11494252873563218,0.020618556701030927,0.9986854908923297
27.239284944043774,0.10588235294117647,0.018556701030927835,0.9987025624391827
27.2647749753907,0.10588235294117647,0.018556701030927835,0.9987025624391827
27.290265006737634,0.10588235294117647,0.018556701030927835,0.9987025624391827
27.315755038084568,0.10588235294117647,0.018556701030927835,0.9987025624391827
27.3412450694315,0.10843373493975904,0.018556701030927835,0.9987367055328883
27.366735100778435,0.0975609756097561,0.016494845360824743,0.9987367055328883
27.39222513212537,0.0875,0.01443298969072165,0.9987537770797412
27.4177151634723,0.08860759493670886,0.01443298969072165,0.998770848626594
27.443205194819235,0.08860759493670886,0.01443298969072165,0.998770848626594
27.46869522616617,0.08974358974358974,0.01443298969072165,0.9987879201734469
27.494185257513095,0.08974358974358974,0.01443298969072165,0.9987879201734469
27.51967528886003,0.07792207792207792,0.012371134020618556,0.9987879201734469
27.545165320206962,0.07792207792207792,0.012371134020618556,0.9987879201734469
27.570655351553896,0.07792207792207792,0.012371134020618556,0.9987879201734469
27.59614538290083,0.07894736842105263,0.012371134020618556,0.9988049917202998
27.621635414247763,0.08108108108108109,0.012371134020618556,0.9988391348140055
27.647125445594696,0.08108108108108109,0.012371134020618556,0.9988391348140055
27.67261547694163,0.08108108108108109,0.012371134020618556,0.9988391348140055
27.698105508288556,0.08108108108108109,0.012371134020618556,0.9988391348140055
27.72359553963549,0.0821917808219178,0.012371134020618556,0.9988562063608584
27.749085570982423,0.0821917808219178,0.012371134020618556,0.9988562063608584
27.774575602329357,0.0821917808219178,0.012371134020618556,0.9988562063608584
27.80006563367629,0.0821917808219178,0.012371134020618556,0.9988562063608584
27.825555665023224,0.0821917808219178,0.012371134020618556,0.9988562063608584
27.851045696370157,0.06944444444444445,0.010309278350515464,0.9988562063608584
27.87653572771709,0.06944444444444445,0.010309278350515464,0.9988562063608584
27.902025759064024,0.06944444444444445,0.010309278350515464,0.9988562063608584
27.92751579041095,0.06944444444444445,0.010309278350515464,0.9988562063608584
27.953005821757884,0.07142857142857142,0.010309278350515464,0.9988903494545641
27.978495853104818,0.07246376811594203,0.010309278350515464,0.9989074210014169
28.00398588445175,0.07246376811594203,0.010309278350515464,0.9989074210014169
28.029475915798685,0.07246376811594203,0.010309278350515464,0.9989074210014169
28.054965947145618,0.07462686567164178,0.010309278350515464,0.9989415640951227
28.08045597849255,0.07575757575757576,0.010309278350515464,0.9989586356419755
28.105946009839485,0.078125,0.010309278350515464,0.9989927787356813
28.13143604118641,0.07936507936507936,0.010309278350515464,0.9990098502825341
28.156926072533345,0.08064516129032258,0.010309278350515464,0.999026921829387
28.18241610388028,0.08196721311475409,0.010309278350515464,0.9990439933762398
28.207906135227212,0.0847457627118644,0.010309278350515464,0.9990781364699456
28.233396166574146,0.0847457627118644,0.010309278350515464,0.9990781364699456
28.25888619792108,0.0847457627118644,0.010309278350515464,0.9990781364699456
28.284376229268013,0.0847457627118644,0.010309278350515464,0.9990781364699456
28.309866260614946,0.0847457627118644,0.010309278350515464,0.9990781364699456
28.33535629196188,0.0847457627118644,0.010309278350515464,0.9990781364699456
28.360846323308806,0.0847457627118644,0.010309278350515464,0.9990781364699456
28.38633635465574,0.08771929824561403,0.010309278350515464,0.9991122795636512
28.411826386002673,0.08771929824561403,0.010309278350515464,0.9991122795636512
28.437316417349606,0.08771929824561403,0.010309278350515464,0.9991122795636512
28.46280644869654,0.08771929824561403,0.010309278350515464,0.9991122795636512
28.488296480043473,0.08771929824561403,0.010309278350515464,0.9991122795636512
28.513786511390407,0.08928571428571429,0.010309278350515464,0.9991293511105042
28.53927654273734,0.09090909090909091,0.010309278350515464,0.999146422657357
28.564766574084267,0.09090909090909091,0.010309278350515464,0.999146422657357
28.5902566054312,0.09090909090909091,0.010309278350515464,0.999146422657357
28.615746636778134,0.09090909090909091,0.010309278350515464,0.999146422657357
28.641236668125067,0.09090909090909091,0.010309278350515464,0.999146422657357
28.666726699472,0.09090909090909091,0.010309278350515464,0.999146422657357
28.692216730818934,0.09259259259259259,0.010309278350515464,0.9991634942042098
28.717706762165868,0.09259259259259259,0.010309278350515464,0.9991634942042098
28.7431967935128,0.09259259259259259,0.010309278350515464,0.9991634942042098
28.768686824859735,0.09259259259259259,0.010309278350515464,0.9991634942042098
28.79417685620666,0.09433962264150944,0.010309278350515464,0.9991805657510627
28.819666887553595,0.09433962264150944,0.010309278350515464,0.9991805657510627
28.84515691890053,0.09433962264150944,0.010309278350515464,0.9991805657510627
28.870646950247462,0.09433962264150944,0.010309278350515464,0.9991805657510627
28.896136981594395,0.09433962264150944,0.010309278350515464,0.9991805657510627
28.92162701294133,0.09433962264150944,0.010309278350515464,0.9991805657510627
28.947117044288262,0.09433962264150944,0.010309278350515464,0.9991805657510627
28.972607075635196,0.09433962264150944,0.010309278350515464,0.9991805657510627
28.998097106982122,0.09615384615384616,0.010309278350515464,0.9991976372979156
29.023587138329056,0.09615384615384616,0.010309278350515464,0.9991976372979156
29.04907716967599,0.09615384615384616,0.010309278350515464,0.9991976372979156
29.074567201022923,0.09615384615384616,0.010309278350515464,0.9991976372979156
29.100057232369856,0.09615384615384616,0.010309278350515464,0.9991976372979156
29.12554726371679,0.09615384615384616,0.010309278350515464,0.9991976372979156
29.151037295063723,0.09615384615384616,0.010309278350515464,0.9991976372979156
29.176527326410657,0.09615384615384616,0.010309278350515464,0.9991976372979156
29.202017357757583,0.09615384615384616,0.010309278350515464,0.9991976372979156
29.227507389104517,0.09615384615384616,0.010309278350515464,0.9991976372979156
29.25299742045145,0.09615384615384616,0.010309278350515464,0.9991976372979156
29.278487451798384,0.09615384615384616,0.010309278350515464,0.9991976372979156
29.303977483145317,0.09615384615384616,0.010309278350515464,0.9991976372979156
29.32946751449225,0.09615384615384616,0.010309278350515464,0.9991976372979156
29.354957545839184,0.09803921568627451,0.010309278350515464,0.9992147088447684
29.380447577186118,0.09803921568627451,0.010309278350515464,0.9992147088447684
29.40593760853305,0.09803921568627451,0.010309278350515464,0.9992147088447684
29.431427639879978,0.1,0.010309278350515464,0.9992317803916213
29.45691767122691,0.1,0.010309278350515464,0.9992317803916213
29.482407702573845,0.1,0.010309278350515464,0.9992317803916213
29.507897733920778,0.10204081632653061,0.010309278350515464,0.9992488519384741
29.53338776526771,0.10204081632653061,0.010309278350515464,0.9992488519384741
29.558877796614645,0.10204081632653061,0.010309278350515464,0.9992488519384741
29.58436782796158,0.10204081632653061,0.010309278350515464,0.9992488519384741
29.609857859308512,0.10204081632653061,0.010309278350515464,0.9992488519384741
29.63534789065544,0.10204081632653061,0.010309278350515464,0.9992488519384741
29.660837922002372,0.10204081632653061,0.010309278350515464,0.9992488519384741
29.686327953349306,0.10416666666666667,0.010309278350515464,0.9992659234853271
29.71181798469624,0.10416666666666667,0.010309278350515464,0.9992659234853271
29.737308016043173,0.10416666666666667,0.010309278350515464,0.9992659234853271
29.762798047390106,0.10638297872340426,0.010309278350515464,0.9992829950321799
29.78828807873704,0.10638297872340426,0.010309278350515464,0.9992829950321799
29.813778110083973,0.10638297872340426,0.010309278350515464,0.9992829950321799
29.839268141430907,0.10638297872340426,0.010309278350515464,0.9992829950321799
29.864758172777833,0.10638297872340426,0.010309278350515464,0.9992829950321799
29.890248204124767,0.10638297872340426,0.010309278350515464,0.9992829950321799
29.9157382354717,0.10638297872340426,0.010309278350515464,0.9992829950321799
29.941228266818634,0.1111111111111111,0.010309278350515464,0.9993171381258856
29.966718298165567,0.1111111111111111,0.010309278350515464,0.9993171381258856
29.9922083295125,0.1111111111111111,0.010309278350515464,0.9993171381258856
30.017698360859434,0.1111111111111111,0.010309278350515464,0.9993171381258856
30.043188392206368,0.1111111111111111,0.010309278350515464,0.9993171381258856
30.068678423553294,0.1111111111111111,0.010309278350515464,0.9993171381258856
30.094168454900228,0.1111111111111111,0.010309278350515464,0.9993171381258856
30.11965848624716,0.11363636363636363,0.010309278350515464,0.9993342096727384
30.145148517594095,0.11363636363636363,0.010309278350515464,0.9993342096727384
30.170638548941028,0.11363636363636363,0.010309278350515464,0.9993342096727384
30.19612858028796,0.11363636363636363,0.010309278350515464,0.9993342096727384
30.221618611634895,0.11363636363636363,0.010309278350515464,0.9993342096727384
30.24710864298183,0.11627906976744186,0.010309278350515464,0.9993512812195913
30.272598674328762,0.11904761904761904,0.010309278350515464,0.9993683527664442
30.29808870567569,0.12195121951219512,0.010309278350515464,0.999385424313297
30.323578737022622,0.12195121951219512,0.010309278350515464,0.999385424313297
30.349068768369555,0.125,0.010309278350515464,0.9994024958601498
30.37455879971649,0.125,0.010309278350515464,0.9994024958601498
30.400048831063422,0.125,0.010309278350515464,0.9994024958601498
30.425538862410356,0.13157894736842105,0.010309278350515464,0.9994366389538556
30.45102889375729,0.13157894736842105,0.010309278350515464,0.9994366389538556
30.476518925104223,0.13157894736842105,0.010309278350515464,0.9994366389538556
30.50200895645115,0.13157894736842105,0.010309278350515464,0.9994366389538556
30.527498987798083,0.13157894736842105,0.010309278350515464,0.9994366389538556
30.552989019145016,0.1388888888888889,0.010309278350515464,0.9994707820475613
30.57847905049195,0.1388888888888889,0.010309278350515464,0.9994707820475613
30.603969081838883,0.1388888888888889,0.010309278350515464,0.9994707820475613
30.629459113185817,0.1388888888888889,0.010309278350515464,0.9994707820475613
30.65494914453275,0.1388888888888889,0.010309278350515464,0.9994707820475613
30.680439175879684,0.1388888888888889,0.010309278350515464,0.9994707820475613
30.705929207226617,0.1388888888888889,0.010309278350515464,0.9994707820475613
30.731419238573544,0.1388888888888889,0.010309278350515464,0.9994707820475613
30.756909269920477,0.14285714285714285,0.010309278350515464,0.9994878535944142
30.78239930126741,0.14705882352941177,0.010309278350515464,0.9995049251412671
30.807889332614344,0.14705882352941177,0.010309278350515464,0.9995049251412671
30.833379363961278,0.14705882352941177,0.010309278350515464,0.9995049251412671
30.85886939530821,0.14705882352941177,0.010309278350515464,0.9995049251412671
30.884359426655145,0.14705882352941177,0.010309278350515464,0.9995049251412671
30.90984945800208,0.15151515151515152,0.010309278350515464,0.9995219966881199
30.935339489349005,0.15151515151515152,0.010309278350515464,0.9995219966881199
30.96082952069594,0.15625,0.010309278350515464,0.9995390682349727
30.986319552042872,0.15625,0.010309278350515464,0.9995390682349727
31.011809583389805,0.15625,0.010309278350515464,0.9995390682349727
31.03729961473674,0.15625,0.010309278350515464,0.9995390682349727
31.062789646083672,0.15625,0.010309278350515464,0.9995390682349727
31.088279677430606,0.15625,0.010309278350515464,0.9995390682349727
31.11376970877754,0.12903225806451613,0.008247422680412371,0.9995390682349727
31.139259740124473,0.12903225806451613,0.008247422680412371,0.9995390682349727
31.1647497714714,0.12903225806451613,0.008247422680412371,0.9995390682349727
31.190239802818333,0.13333333333333333,0.008247422680412371,0.9995561397818257
31.215729834165266,0.13333333333333333,0.008247422680412371,0.9995561397818257
31.2412198655122,0.13333333333333333,0.008247422680412371,0.9995561397818257
31.266709896859133,0.13333333333333333,0.008247422680412371,0.9995561397818257
31.292199928206067,0.13793103448275862,0.008247422680412371,0.9995732113286785
31.317689959553,0.13793103448275862,0.008247422680412371,0.9995732113286785
31.343179990899934,0.13793103448275862,0.008247422680412371,0.9995732113286785
31.36867002224686,0.13793103448275862,0.008247422680412371,0.9995732113286785
31.394160053593794,0.13793103448275862,0.008247422680412371,0.9995732113286785
31.419650084940727,0.14814814814814814,0.008247422680412371,0.9996073544223842
31.44514011628766,0.15384615384615385,0.008247422680412371,0.9996244259692371
31.470630147634594,0.15384615384615385,0.008247422680412371,0.9996244259692371
31.496120178981528,0.15384615384615385,0.008247422680412371,0.9996244259692371
31.52161021032846,0.16,0.008247422680412371,0.9996414975160899
31.547100241675395,0.16,0.008247422680412371,0.9996414975160899
31.57259027302233,0.16,0.008247422680412371,0.9996414975160899
31.598080304369255,0.16,0.008247422680412371,0.9996414975160899
31.623570335716188,0.16,0.008247422680412371,0.9996414975160899
31.64906036706312,0.16,0.008247422680412371,0.9996414975160899
31.674550398410055,0.16,0.008247422680412371,0.9996414975160899
31.70004042975699,0.16,0.008247422680412371,0.9996414975160899
31.725530461103922,0.16,0.008247422680412371,0.9996414975160899
31.751020492450856,0.16,0.008247422680412371,0.9996414975160899
31.77651052379779,0.16666666666666666,0.008247422680412371,0.9996585690629428
31.802000555144716,0.16666666666666666,0.008247422680412371,0.9996585690629428
31.82749058649165,0.16666666666666666,0.008247422680412371,0.9996585690629428
31.852980617838583,0.16666666666666666,0.008247422680412371,0.9996585690629428
31.878470649185516,0.17391304347826086,0.008247422680412371,0.9996756406097956
31.90396068053245,0.17391304347826086,0.008247422680412371,0.9996756406097956
31.929450711879383,0.17391304347826086,0.008247422680412371,0.9996756406097956
31.954940743226317,0.18181818181818182,0.008247422680412371,0.9996927121566486
31.98043077457325,0.18181818181818182,0.008247422680412371,0.9996927121566486
32.00592080592018,0.18181818181818182,0.008247422680412371,0.9996927121566486
32.03141083726711,0.18181818181818182,0.008247422680412371,0.9996927121566486
32.05690086861404,0.18181818181818182,0.008247422680412371,0.9996927121566486
32.08239089996098,0.18181818181818182,0.008247422680412371,0.9996927121566486
32.10788093130791,0.18181818181818182,0.008247422680412371,0.9996927121566486
32.133370962654844,0.14285714285714285,0.006185567010309278,0.9996927121566486
32.15886099400178,0.14285714285714285,0.006185567010309278,0.9996927121566486
32.18435102534871,0.14285714285714285,0.006185567010309278,0.9996927121566486
32.209841056695645,0.14285714285714285,0.006185567010309278,0.9996927121566486
32.23533108804257,0.14285714285714285,0.006185567010309278,0.9996927121566486
32.260821119389504,0.14285714285714285,0.006185567010309278,0.9996927121566486
32.28631115073644,0.15,0.006185567010309278,0.9997097837035014
32.31180118208337,0.15,0.006185567010309278,0.9997097837035014
32.337291213430305,0.15,0.006185567010309278,0.9997097837035014
32.36278124477724,0.15789473684210525,0.006185567010309278,0.9997268552503542
32.38827127612417,0.15789473684210525,0.006185567010309278,0.9997268552503542
32.413761307471106,0.15789473684210525,0.006185567010309278,0.9997268552503542
32.43925133881803,0.15789473684210525,0.006185567010309278,0.9997268552503542
32.464741370164965,0.15789473684210525,0.006185567010309278,0.9997268552503542
32.4902314015119,0.15789473684210525,0.006185567010309278,0.9997268552503542
32.51572143285883,0.15789473684210525,0.006185567010309278,0.9997268552503542
32.541211464205766,0.15789473684210525,0.006185567010309278,0.9997268552503542
32.5667014955527,0.16666666666666666,0.006185567010309278,0.9997439267972071
32.59219152689963,0.16666666666666666,0.006185567010309278,0.9997439267972071
32.61768155824657,0.16666666666666666,0.006185567010309278,0.9997439267972071
32.6431715895935,0.16666666666666666,0.006185567010309278,0.9997439267972071
32.668661620940426,0.17647058823529413,0.006185567010309278,0.99976099834406
32.69415165228736,0.17647058823529413,0.006185567010309278,0.99976099834406
32.71964168363429,0.17647058823529413,0.006185567010309278,0.99976099834406
32.74513171498123,0.17647058823529413,0.006185567010309278,0.99976099834406
32.77062174632816,0.125,0.004123711340206186,0.99976099834406
32.796111777675094,0.125,0.004123711340206186,0.99976099834406
32.82160180902203,0.125,0.004123711340206186,0.99976099834406
32.84709184036896,0.125,0.004123711340206186,0.99976099834406
32.87258187171589,0.13333333333333333,0.004123711340206186,0.9997780698909128
32.89807190306282,0.13333333333333333,0.004123711340206186,0.9997780698909128
32.923561934409754,0.13333333333333333,0.004123711340206186,0.9997780698909128
32.94905196575669,0.13333333333333333,0.004123711340206186,0.9997780698909128
32.97454199710362,0.13333333333333333,0.004123711340206186,0.9997780698909128
33.000032028450555,0.13333333333333333,0.004123711340206186,0.9997780698909128
33.02552205979749,0.13333333333333333,0.004123711340206186,0.9997780698909128
33.05101209114442,0.13333333333333333,0.004123711340206186,0.9997780698909128
33.076502122491355,0.14285714285714285,0.004123711340206186,0.9997951414377657
33.10199215383828,0.15384615384615385,0.004123711340206186,0.9998122129846185
33.127482185185215,0.15384615384615385,0.004123711340206186,0.9998122129846185
33.15297221653215,0.15384615384615385,0.004123711340206186,0.9998122129846185
33.17846224787908,0.15384615384615385,0.004123711340206186,0.9998122129846185
33.203952279226016,0.15384615384615385,0.004123711340206186,0.9998122129846185
33.22944231057295,0.15384615384615385,0.004123711340206186,0.9998122129846185
33.25493234191988,0.15384615384615385,0.004123711340206186,0.9998122129846185
33.280422373266816,0.15384615384615385,0.004123711340206186,0.9998122129846185
33.30591240461374,0.15384615384615385,0.004123711340206186,0.9998122129846185
33.331402435960676,0.15384615384615385,0.004123711340206186,0.9998122129846185
33.35689246730761,0.15384615384615385,0.004123711340206186,0.9998122129846185
33.38238249865454,0.15384615384615385,0.004123711340206186,0.9998122129846185
33.40787253000148,0.15384615384615385,0.004123711340206186,0.9998122129846185
33.43336256134841,0.16666666666666666,0.004123711340206186,0.9998292845314714
33.458852592695344,0.16666666666666666,0.004123711340206186,0.9998292845314714
33.48434262404228,0.16666666666666666,0.004123711340206186,0.9998292845314714
33.50983265538921,0.16666666666666666,0.004123711340206186,0.9998292845314714
33.53532268673614,0.16666666666666666,0.004123711340206186,0.9998292845314714
33.56081271808307,0.16666666666666666,0.004123711340206186,0.9998292845314714
33.586302749430004,0.16666666666666666,0.004123711340206186,0.9998292845314714
33.61179278077694,0.16666666666666666,0.004123711340206186,0.9998292845314714
33.63728281212387,0.16666666666666666,0.004123711340206186,0.9998292845314714
33.662772843470805,0.16666666666666666,0.004123711340206186,0.9998292845314714
33.68826287481774,0.16666666666666666,0.004123711340206186,0.9998292845314714
33.71375290616467,0.16666666666666666,0.004123711340206186,0.9998292845314714
33.7392429375116,0.16666666666666666,0.004123711340206186,0.9998292845314714
33.76473296885853,0.16666666666666666,0.004123711340206186,0.9998292845314714
33.790223000205465,0.16666666666666666,0.004123711340206186,0.9998292845314714
33.8157130315524,0.16666666666666666,0.004123711340206186,0.9998292845314714
33.84120306289933,0.16666666666666666,0.004123711340206186,0.9998292845314714
33.866693094246266,0.16666666666666666,0.004123711340206186,0.9998292845314714
33.8921831255932,0.16666666666666666,0.004123711340206186,0.9998292845314714
33.91767315694013,0.16666666666666666,0.004123711340206186,0.9998292845314714
33.943163188287066,0.16666666666666666,0.004123711340206186,0.9998292845314714
33.96865321963399,0.16666666666666666,0.004123711340206186,0.9998292845314714
33.994143250980926,0.16666666666666666,0.004123711340206186,0.9998292845314714
34.01963328232786,0.16666666666666666,0.004123711340206186,0.9998292845314714
34.04512331367479,0.16666666666666666,0.004123711340206186,0.9998292845314714
34.07061334502173,0.16666666666666666,0.004123711340206186,0.9998292845314714
34.09610337636866,0.16666666666666666,0.004123711340206186,0.9998292845314714
34.121593407715594,0.16666666666666666,0.004123711340206186,0.9998292845314714
34.14708343906253,0.16666666666666666,0.004123711340206186,0.9998292845314714
34.17257347040945,0.16666666666666666,0.004123711340206186,0.9998292845314714
34.19806350175639,0.16666666666666666,0.004123711340206186,0.9998292845314714
34.22355353310332,0.16666666666666666,0.004123711340206186,0.9998292845314714
34.249043564450254,0.16666666666666666,0.004123711340206186,0.9998292845314714
34.27453359579719,0.16666666666666666,0.004123711340206186,0.9998292845314714
34.30002362714412,0.16666666666666666,0.004123711340206186,0.9998292845314714
34.325513658491055,0.16666666666666666,0.004123711340206186,0.9998292845314714
34.35100368983799,0.16666666666666666,0.004123711340206186,0.9998292845314714
34.37649372118492,0.16666666666666666,0.004123711340206186,0.9998292845314714
34.40198375253185,0.16666666666666666,0.004123711340206186,0.9998292845314714
34.42747378387878,0.16666666666666666,0.004123711340206186,0.9998292845314714
34.452963815225715,0.16666666666666666,0.004123711340206186,0.9998292845314714
34.47845384657265,0.18181818181818182,0.004123711340206186,0.9998463560783243
34.50394387791958,0.2,0.004123711340206186,0.9998634276251771
34.529433909266515,0.2,0.004123711340206186,0.9998634276251771
34.55492394061345,0.2,0.004123711340206186,0.9998634276251771
34.58041397196038,0.2,0.004123711340206186,0.9998634276251771
34.60590400330731,0.2,0.004123711340206186,0.9998634276251771
34.63139403465424,0.2,0.004123711340206186,0.9998634276251771
34.656884066001176,0.2,0.004123711340206186,0.9998634276251771
34.68237409734811,0.2,0.004123711340206186,0.9998634276251771
34.70786412869504,0.2,0.004123711340206186,0.9998634276251771
34.733354160041976,0.2222222222222222,0.004123711340206186,0.9998804991720299
34.75884419138891,0.25,0.004123711340206186,0.9998975707188829
34.78433422273584,0.25,0.004123711340206186,0.9998975707188829
34.80982425408277,0.25,0.004123711340206186,0.9998975707188829
34.8353142854297,0.25,0.004123711340206186,0.9998975707188829
34.86080431677664,0.25,0.004123711340206186,0.9998975707188829
34.88629434812357,0.25,0.004123711340206186,0.9998975707188829
34.911784379470504,0.25,0.004123711340206186,0.9998975707188829
34.93727441081744,0.25,0.004123711340206186,0.9998975707188829
34.96276444216437,0.25,0.004123711340206186,0.9998975707188829
34.988254473511304,0.25,0.004123711340206186,0.9998975707188829
35.01374450485824,0.25,0.004123711340206186,0.9998975707188829
35.039234536205164,0.25,0.004123711340206186,0.9998975707188829
35.0647245675521,0.25,0.004123711340206186,0.9998975707188829
35.09021459889903,0.25,0.004123711340206186,0.9998975707188829
35.115704630245965,0.25,0.004123711340206186,0.9998975707188829
35.1411946615929,0.25,0.004123711340206186,0.9998975707188829
35.16668469293983,0.25,0.004123711340206186,0.9998975707188829
35.192174724286765,0.25,0.004123711340206186,0.9998975707188829
35.2176647556337,0.25,0.004123711340206186,0.9998975707188829
35.243154786980625,0.25,0.004123711340206186,0.9998975707188829
35.26864481832756,0.25,0.004123711340206186,0.9998975707188829
35.29413484967449,0.25,0.004123711340206186,0.9998975707188829
35.319624881021426,0.25,0.004123711340206186,0.9998975707188829
35.34511491236836,0.25,0.004123711340206186,0.9998975707188829
35.37060494371529,0.25,0.004123711340206186,0.9998975707188829
35.396094975062226,0.25,0.004123711340206186,0.9998975707188829
35.42158500640916,0.2857142857142857,0.004123711340206186,0.9999146422657357
35.44707503775609,0.2857142857142857,0.004123711340206186,0.9999146422657357
35.47256506910302,0.2857142857142857,0.004123711340206186,0.9999146422657357
35.49805510044995,0.2857142857142857,0.004123711340206186,0.9999146422657357
35.52354513179689,0.2857142857142857,0.004123711340206186,0.9999146422657357
35.54903516314382,0.2857142857142857,0.004123711340206186,0.9999146422657357
35.574525194490754,0.2857142857142857,0.004123711340206186,0.9999146422657357
35.60001522583769,0.2857142857142857,0.004123711340206186,0.9999146422657357
35.62550525718462,0.16666666666666666,0.002061855670103093,0.9999146422657357
35.650995288531554,0.16666666666666666,0.002061855670103093,0.9999146422657357
35.67648531987848,0.16666666666666666,0.002061855670103093,0.9999146422657357
35.701975351225414,0.16666666666666666,0.002061855670103093,0.9999146422657357
35.72746538257235,0.16666666666666666,0.002061855670103093,0.9999146422657357
35.75295541391928,0.16666666666666666,0.002061855670103093,0.9999146422657357
35.778445445266215,0.2,0.002061855670103093,0.9999317138125886
35.80393547661315,0.2,0.002061855670103093,0.9999317138125886
35.82942550796008,0.2,0.002061855670103093,0.9999317138125886
35.854915539307015,0.25,0.002061855670103093,0.9999487853594414
35.88040557065395,0.25,0.002061855670103093,0.9999487853594414
35.905895602000875,0.25,0.002061855670103093,0.9999487853594414
35.93138563334781,0.25,0.002061855670103093,0.9999487853594414
35.95687566469474,0.25,0.002061855670103093,0.9999487853594414
35.982365696041676,0.3333333333333333,0.002061855670103093,0.9999658569062942
36.00785572738861,0.3333333333333333,0.002061855670103093,0.9999658569062942
36.03334575873554,0.3333333333333333,0.002061855670103093,0.9999658569062942
36.058835790082476,0.5,0.002061855670103093,0.9999829284531472
36.08432582142941,0.5,0.002061855670103093,0.9999829284531472
36.109815852776336,0.5,0.002061855670103093,0.9999829284531472
36.13530588412327,0.5,0.002061855670103093,0.9999829284531472
36.1607959154702,0.5,0.002061855670103093,0.9999829284531472
36.18628594681714,0.5,0.002061855670103093,0.9999829284531472
36.21177597816407,0.5,0.002061855670103093,0.9999829284531472
36.237266009511,0.5,0.002061855670103093,0.9999829284531472
36.26275604085794,0.5,0.002061855670103093,0.9999829284531472
36.28824607220487,0.5,0.002061855670103093,0.9999829284531472
36.313736103551804,0.5,0.002061855670103093,0.9999829284531472
36.33922613489873,0.5,0.002061855670103093,0.9999829284531472
36.364716166245664,0.5,0.002061855670103093,0.9999829284531472
36.3902061975926,0.5,0.002061855670103093,0.9999829284531472
36.41569622893953,0.5,0.002061855670103093,0.9999829284531472
36.441186260286464,0.5,0.002061855670103093,0.9999829284531472
36.4666762916334,0.5,0.002061855670103093,0.9999829284531472
36.49216632298033,0.5,0.002061855670103093,0.9999829284531472
36.517656354327265,0.5,0.002061855670103093,0.9999829284531472
36.54314638567419,0.5,0.002061855670103093,0.9999829284531472
36.568636417021125,0.5,0.002061855670103093,0.9999829284531472
36.59412644836806,0.5,0.002061855670103093,0.9999829284531472
36.61961647971499,0.5,0.002061855670103093,0.9999829284531472
36.645106511061925,0.5,0.002061855670103093,0.9999829284531472
36.67059654240886,0.5,0.002061855670103093,0.9999829284531472
36.69608657375579,0.5,0.002061855670103093,0.9999829284531472
36.721576605102726,0.5,0.002061855670103093,0.9999829284531472
36.74706663644966,0.5,0.002061855670103093,0.9999829284531472
36.772556667796586,0.5,0.002061855670103093,0.9999829284531472
36.79804669914352,0.5,0.002061855670103093,0.9999829284531472
36.82353673049045,0.5,0.002061855670103093,0.9999829284531472
36.849026761837386,0.5,0.002061855670103093,0.9999829284531472
36.87451679318432,0.5,0.002061855670103093,0.9999829284531472
36.90000682453125,0.5,0.002061855670103093,0.9999829284531472
36.92549685587819,0.5,0.002061855670103093,0.9999829284531472
36.95098688722512,0.5,0.002061855670103093,0.9999829284531472
36.97647691857205,0.5,0.002061855670103093,0.9999829284531472
37.00196694991898,0.5,0.002061855670103093,0.9999829284531472
37.027456981265914,0.5,0.002061855670103093,0.9999829284531472
37.05294701261285,0.5,0.002061855670103093,0.9999829284531472
37.07843704395978,0.5,0.002061855670103093,0.9999829284531472
37.103927075306714,0.5,0.002061855670103093,0.9999829284531472
37.12941710665365,0.5,0.002061855670103093,0.9999829284531472
37.15490713800058,0.5,0.002061855670103093,0.9999829284531472
37.180397169347515,0.5,0.002061855670103093,0.9999829284531472
37.20588720069444,1.0,0.002061855670103093,1.0
37.231377232041375,1.0,0.002061855670103093,1.0
37.25686726338831,1.0,0.002061855670103093,1.0
37.28235729473524,1.0,0.002061855670103093,1.0
37.307847326082175,1.0,0.002061855670103093,1.0
37.33333735742911,1.0,0.002061855670103093,1.0
37.35882738877604,1.0,0.002061855670103093,1.0
37.384317420122976,1.0,0.002061855670103093,1.0
37.4098074514699,1.0,0.002061855670103093,1.0
37.435297482816836,1.0,0.002061855670103093,1.0
37.46078751416377,1.0,0.002061855670103093,1.0
37.4862775455107,1.0,0.002061855670103093,1.0
37.511767576857636,1.0,0.002061855670103093,1.0
37.53725760820457,1.0,0.002061855670103093,1.0
37.5627476395515,1.0,0.002061855670103093,1.0
37.58823767089844,1.0,0.002061855670103093,1.0
37.61372770224536,1.0,0.002061855670103093,1.0
37.6392177335923,1.0,0.002061855670103093,1.0
37.66470776493923,1.0,0.002061855670103093,1.0
37.690197796286164,1.0,0.002061855670103093,1.0
37.7156878276331,1.0,0.002061855670103093,1.0
37.74117785898003,1.0,0.002061855670103093,1.0
37.766667890326964,1.0,0.002061855670103093,1.0
