Threshold,Precision,Recall,Specificity
-13.499009057963837,0.007839219802918967,1.0,0.0
-13.472498381580081,0.007839352533820964,1.0,1.706513763033499e-05
-13.445987705196323,0.007839352533820964,1.0,1.706513763033499e-05
-13.419477028812567,0.007839352533820964,1.0,1.706513763033499e-05
-13.39296635242881,0.007839352533820964,1.0,1.706513763033499e-05
-13.366455676045053,0.007839352533820964,1.0,1.706513763033499e-05
-13.339944999661295,0.007839352533820964,1.0,1.706513763033499e-05
-13.313434323277539,0.007839352533820964,1.0,1.706513763033499e-05
-13.286923646893783,0.007839352533820964,1.0,1.706513763033499e-05
-13.260412970510025,0.007839352533820964,1.0,1.706513763033499e-05
-13.233902294126269,0.007839352533820964,1.0,1.706513763033499e-05
-13.20739161774251,0.007839352533820964,1.0,1.706513763033499e-05
-13.180880941358755,0.007839352533820964,1.0,1.706513763033499e-05
-13.154370264974999,0.007839352533820964,1.0,1.706513763033499e-05
-13.12785958859124,0.007839352533820964,1.0,1.706513763033499e-05
-13.101348912207484,0.007839352533820964,1.0,1.706513763033499e-05
-13.074838235823727,0.007839352533820964,1.0,1.706513763033499e-05
-13.04832755943997,0.007839352533820964,1.0,1.706513763033499e-05
-13.021816883056212,0.007839352533820964,1.0,1.706513763033499e-05
-12.995306206672456,0.007839352533820964,1.0,1.706513763033499e-05
-12.9687955302887,0.007839352533820964,1.0,1.706513763033499e-05
-12.942284853904942,0.007839352533820964,1.0,1.706513763033499e-05
-12.915774177521186,0.007839352533820964,1.0,1.706513763033499e-05
-12.889263501137428,0.007839352533820964,1.0,1.706513763033499e-05
-12.862752824753672,0.007839352533820964,1.0,1.706513763033499e-05
-12.836242148369916,0.007839352533820964,1.0,1.706513763033499e-05
-12.809731471986158,0.007839352533820964,1.0,1.706513763033499e-05
-12.783220795602402,0.007839352533820964,1.0,1.706513763033499e-05
-12.756710119218644,0.007839352533820964,1.0,1.706513763033499e-05
-12.730199442834888,0.007839352533820964,1.0,1.706513763033499e-05
-12.70368876645113,0.007839352533820964,1.0,1.706513763033499e-05
-12.677178090067374,0.007839352533820964,1.0,1.706513763033499e-05
-12.650667413683617,0.007839352533820964,1.0,1.706513763033499e-05
-12.62415673729986,0.007839352533820964,1.0,1.706513763033499e-05
-12.597646060916103,0.007839352533820964,1.0,1.706513763033499e-05
-12.571135384532345,0.007839352533820964,1.0,1.706513763033499e-05
-12.54462470814859,0.007839352533820964,1.0,1.706513763033499e-05
-12.518114031764831,0.007839352533820964,1.0,1.706513763033499e-05
-12.491603355381075,0.007839352533820964,1.0,1.706513763033499e-05
-12.465092678997319,0.007839352533820964,1.0,1.706513763033499e-05
-12.438582002613561,0.007839352533820964,1.0,1.706513763033499e-05
-12.412071326229805,0.007839352533820964,1.0,1.706513763033499e-05
-12.385560649846047,0.007839352533820964,1.0,1.706513763033499e-05
-12.359049973462291,0.007839352533820964,1.0,1.706513763033499e-05
-12.332539297078533,0.007839485269217746,1.0,3.413027526066998e-05
-12.306028620694777,0.007839618009109534,1.0,5.119541289100497e-05
-12.27951794431102,0.007839618009109534,1.0,5.119541289100497e-05
-12.253007267927263,0.007839750753496563,1.0,6.826055052133995e-05
-12.226496591543507,0.007839750753496563,1.0,6.826055052133995e-05
-12.199985915159749,0.007839750753496563,1.0,6.826055052133995e-05
-12.173475238775993,0.007839883502379057,1.0,8.532568815167494e-05
-12.146964562392236,0.007839883502379057,1.0,8.532568815167494e-05
-12.120453886008479,0.007839883502379057,1.0,8.532568815167494e-05
-12.093943209624722,0.007840016255757247,1.0,0.00010239082578200994
-12.067432533240964,0.007840016255757247,1.0,0.00010239082578200994
-12.040921856857208,0.007840149013631361,1.0,0.00011945596341234492
-12.014411180473452,0.007840281776001625,1.0,0.0001365211010426799
-11.987900504089694,0.007840281776001625,1.0,0.0001365211010426799
-11.961389827705938,0.007840547314231524,1.0,0.00017065137630334988
-11.93487915132218,0.007840680090091616,1.0,0.00018771651393368488
-11.908368474938424,0.007840680090091616,1.0,0.00018771651393368488
-11.881857798554666,0.007840680090091616,1.0,0.00018771651393368488
-11.85534712217091,0.007840680090091616,1.0,0.00018771651393368488
-11.828836445787154,0.007840680090091616,1.0,0.00018771651393368488
-11.802325769403396,0.007840680090091616,1.0,0.00018771651393368488
-11.77581509301964,0.007840680090091616,1.0,0.00018771651393368488
-11.749304416635882,0.007840812870448773,1.0,0.00020478165156401988
-11.722793740252126,0.007840945655303223,1.0,0.00022184678919435485
-11.696283063868368,0.007841078444655196,1.0,0.00023891192682468985
-11.669772387484612,0.007841078444655196,1.0,0.00023891192682468985
-11.643261711100855,0.007841476839698535,1.0,0.0002901073397156948
-11.616751034717097,0.007841609647042884,1.0,0.0003071724773460298
-11.590240358333341,0.007841609647042884,1.0,0.0003071724773460298
-11.563729681949583,0.007841742458885897,1.0,0.00032423761497636476
-11.537219005565827,0.007841875275227804,1.0,0.00034130275260669976
-11.51070832918207,0.007841875275227804,1.0,0.00034130275260669976
-11.484197652798313,0.007841875275227804,1.0,0.00034130275260669976
-11.457686976414557,0.007842140921409214,1.0,0.00037543302786736976
-11.431176300030799,0.00784267226776882,1.0,0.0004436935783887097
-11.404665623647043,0.007842805115609384,1.0,0.0004607587160190447
-11.378154947263287,0.007842805115609384,1.0,0.0004607587160190447
-11.351644270879529,0.007842937967950672,1.0,0.0004778238536493797
-11.325133594495771,0.007842937967950672,1.0,0.0004778238536493797
-11.298622918112015,0.007843203686136333,1.0,0.0005119541289100496
-11.272112241728259,0.00784346942232763,1.0,0.0005460844041707196
-11.2456015653445,0.00784346942232763,1.0,0.0005460844041707196
-11.219090888960745,0.007843602297175964,1.0,0.0005631495418010546
-11.192580212576988,0.007843868060379148,1.0,0.0005972798170617246
-11.16606953619323,0.007844133841592545,1.0,0.0006314100923223946
-11.139558859809474,0.007844266738953646,1.0,0.0006484752299527295
-11.113048183425716,0.007844532547185794,1.0,0.0006826055052133995
-11.08653750704196,0.007844931293312324,1.0,0.0007338009181044045
-11.060026830658202,0.007845197146584883,1.0,0.0007679311933650745
-11.033516154274446,0.007845197146584883,1.0,0.0007679311933650745
-11.00700547789069,0.00784559596028061,1.0,0.0008191266062560795
-10.980494801506932,0.007846127774953398,1.0,0.0008873871567774194
-10.953984125123176,0.007846393709327548,1.0,0.0009215174320380894
-10.927473448739418,0.007846659661729316,1.0,0.0009556477072987594
-10.900962772355662,0.00784719162062303,1.0,0.0010239082578200993
-10.874452095971904,0.007847324621616582,1.0,0.0010409733954504343
-10.847941419588148,0.00784785667067817,1.0,0.0011092339459717743
-10.821430743204392,0.007848787930157653,1.0,0.0012286899093841193
-10.794920066820634,0.007849320177669277,1.0,0.001296950459905459
-10.768409390436878,0.007850251784533477,1.0,0.001416406423317804
-10.74189871405312,0.00785105048072847,1.0,0.001518797249099814
-10.715388037669364,0.007851849339461054,1.0,0.001621188074881824
-10.688877361285606,0.007852515179268002,1.0,0.0017065137630334988
-10.66236668490185,0.007852781546811398,1.0,0.0017406440382941688
-10.635856008518093,0.007853314336115068,1.0,0.0018089045888155088
-10.609345332134335,0.007853713975539836,1.0,0.0018601000017065138
-10.58283465575058,0.007854779879548732,1.0,0.0019966211027491938
-10.556323979366823,0.007855846072925327,1.0,0.0021331422037918738
-10.529813302983065,0.007856912555787472,1.0,0.0022696633048345533
-10.503302626599307,0.007857312561517836,1.0,0.0023208587177255585
-10.476791950215551,0.00785837944261516,1.0,0.0024573798187682385
-10.450281273831795,0.007859713451483669,1.0,0.002628031195071588
-10.423770597448037,0.007860780984719864,1.0,0.002764552296114268
-10.39725992106428,0.007861314860092367,1.0,0.002832812846635608
-10.370749244680525,0.007862249316510724,1.0,0.002952268810047953
-10.344238568296767,0.007863851758751294,1.0,0.003157050461611973
-10.317727891913009,0.007864653224847548,1.0,0.003259441287393983
-10.291217215529253,0.007865722100470584,1.0,0.003395962388436663
-10.264706539145497,0.007866256647241714,1.0,0.003464222938958003
-10.238195862761739,0.007867994426129218,1.0,0.0036860697281523576
-10.211685186377983,0.007869331701679244,1.0,0.0038567211044557076
-10.185174509994226,0.007870000509935238,1.0,0.003942046792607383
-10.158663833610468,0.00787093703250374,1.0,0.0040615027560197275
-10.132153157226712,0.007872676880175478,1.0,0.004283349545214082
-10.105642480842954,0.007875087170241355,1.0,0.004590522022560112
-10.079131804459198,0.007876560851961485,1.0,0.004778238536493797
-10.05262112807544,0.00787763296695818,1.0,0.004914759637536477
-10.026110451691684,0.007879107601722172,1.0,0.005102476151470162
-9.999599775307928,0.007880448657940872,1.0,0.005273127527773511
-9.97308909892417,0.007882192713653388,1.0,0.005494974316967867
-9.946578422540414,0.007883400589126696,1.0,0.005648560555640881
-9.920067746156656,0.007885011665730001,1.0,0.005853342207204901
-9.8935570697729,0.007886623400957296,1.0,0.006058123858768921
-9.867046393389142,0.007888773406484811,1.0,0.006331166060854281
-9.840535717005386,0.007891462562424366,1.0,0.006672468813460981
-9.81402504062163,0.007892942379815889,1.0,0.006860185327394666
-9.787514364237872,0.007896038337568429,1.0,0.00725268349289237
-9.761003687854116,0.007898058749275016,1.0,0.007508660557347395
-9.734493011470358,0.007900080195198526,1.0,0.00776463762180242
-9.707982335086601,0.007902237545015445,1.0,0.00803767982388778
-9.681471658702844,0.007904261130838568,1.0,0.008293656888342804
-9.654960982319087,0.007907095892750406,1.0,0.008652024778579839
-9.628450305935331,0.007909932688693751,1.0,0.009010392668816874
-9.601939629551573,0.007912095423630337,1.0,0.009283434870902234
-9.575428953167817,0.007914800506000205,1.0,0.009624737623508933
-9.548918276784061,0.007917913638306968,1.0,0.010017235789006639
-9.522407600400303,0.007920351711514447,1.0,0.010324408266352668
-9.495896924016545,0.007923469213129343,1.0,0.010716906431850373
-9.469386247632789,0.007926724875877419,1.0,0.011126469734978413
-9.442875571249033,0.007930798218568003,1.0,0.011638423863888463
-9.416364894865275,0.007935419737428444,1.0,0.012218638543319851
-9.389854218481519,0.007939638171996914,1.0,0.012747657809860237
-9.363343542097763,0.007943179673694865,1.0,0.013191351388248946
-9.336832865714005,0.00794686073255295,1.0,0.01365211010426799
-9.310322189330247,0.007951774121526466,1.0,0.014266455058960051
-9.28381151294649,0.007955189773371592,1.0,0.014693083499718426
-9.257300836562735,0.00795888197476536,1.0,0.01515384221573747
-9.230790160178977,0.007963810244590457,1.0,0.01576818717042953
-9.20427948379522,0.007968744621527659,1.0,0.01638253212512159
-9.177768807411464,0.007972312142709553,1.0,0.0168262257035103
-9.151258131027706,0.00797753196181812,1.0,0.01747470093346303
-9.124747454643948,0.007983171543355691,1.0,0.018174371576306764
-9.098236778260194,0.007987716513698158,1.0,0.01873752111810782
-9.071726101876436,0.007994888796795137,1.0,0.019624908274885236
-9.045215425492678,0.008,1.0,0.02025631836720763
-9.018704749108922,0.008006778957562343,1.0,0.021092510111094045
-8.992194072725166,0.008013569413434412,1.0,0.02192870185498046
-8.965683396341408,0.008003742009251079,0.9978401727861771,0.022833154149388215
-8.939172719957652,0.00800929216580275,0.9978401727861771,0.023515759654601613
-8.912662043573896,0.008015406235361474,0.9978401727861771,0.024266625710336352
-8.886151367190138,0.008023061961656015,0.9978401727861771,0.02520520828000478
-8.85964069080638,0.008027941406453631,0.9978401727861771,0.025802488097066503
-8.833130014422624,0.008035621108289561,0.9978401727861771,0.026741070666734926
-8.806619338038868,0.00804289544235925,0.9978401727861771,0.027628457823512347
-8.78010866165511,0.00804976216611782,0.9978401727861771,0.02846464956739876
-8.753597985271353,0.008058326937835763,0.9978401727861771,0.029505622962849195
-8.727087308887597,0.008065783271355995,0.9978401727861771,0.03041007525725695
-8.70057663250384,0.008075228972942739,0.9978401727861771,0.031553439478489397
-8.674065956120081,0.008084272415482607,0.9978401727861771,0.032645608286830836
-8.647555279736325,0.008094045095394103,0.9978401727861771,0.03382310278332395
-8.62104460335257,0.008103841431327837,0.9978401727861771,0.03500059727981706
-8.594533926968811,0.008111809530498297,0.9978401727861771,0.03595624498711582
-8.568023250585055,0.008119222522934167,0.9978401727861771,0.03684363214389324
-8.541512574201299,0.008129652114237449,0.9978401727861771,0.038089387190907695
-8.515001897817541,0.008140682266704257,0.9978401727861771,0.03940340278844349
-8.488491221433783,0.008149729224364514,0.9978401727861771,0.040478506459154594
-8.461980545050027,0.008160237388724036,0.9978401727861771,0.04172426150616905
-8.43546986866627,0.00817062818336163,0.9978401727861771,0.042952951415553164
-8.408959192282513,0.008181624991145428,0.9978401727861771,0.04424990187545862
-8.382448515898757,0.008194540520406534,0.9978401727861771,0.04576869912455844
-8.355937839515,0.008205893323386795,0.9978401727861771,0.04709977985972457
-8.329427163131243,0.008217131474103585,0.9978401727861771,0.048413795457260364
-8.302916486747485,0.008229133269210216,0.9978401727861771,0.04981313674294783
-8.27640581036373,0.008240876172808677,0.9978401727861771,0.05117834775337463
-8.249895133979972,0.008252800057162252,0.9978401727861771,0.05256062390143176
-8.223384457596215,0.008267272694737218,0.9978401727861771,0.05423300738920459
-8.196873781212458,0.008280311855901066,0.9978401727861771,0.05573473950067407
-8.170363104828702,0.008257193631190651,0.9935205183585313,0.05716821106162221
-8.143852428444944,0.00827204229531191,0.9935205183585313,0.05887472482465571
-8.117341752061188,0.008286048815635414,0.9935205183585313,0.0604788477619072
-8.090831075677432,0.008303249097472924,0.9935205183585313,0.062441338589395726
-8.064320399293674,0.008317361588254439,0.9935205183585313,0.06404546152664721
-8.037809722909916,0.008278085715320798,0.9870410367170627,0.06570077987678971
-8.01129904652616,0.008293107828548616,0.9870410367170627,0.0674072936398232
-7.984788370142403,0.008310601927623205,0.9870410367170627,0.06938684960494207
-7.958277693758646,0.008310249307479225,0.9848812095032398,0.07138347070769126
-7.93176701737489,0.008328462887200468,0.9848812095032398,0.07343128722333146
-7.905256340991133,0.008348131739377186,0.9848812095032398,0.07563268997764468
-7.878745664607376,0.008365437534397358,0.9848812095032398,0.07756105052987253
-7.852234988223619,0.008362740773415674,0.9827213822894169,0.07928462943053635
-7.825724311839862,0.008380608561113976,0.9827213822894169,0.08126418539565522
-7.799213635456105,0.008380558580842854,0.980561555075594,0.08327787163603474
-7.772702959072348,0.008399319174128617,0.980561555075594,0.08534275328930528
-7.746192282688591,0.008417851779059203,0.980561555075594,0.08737350466731514
-7.719681606304834,0.008435996060724307,0.980561555075594,0.089353060632434
-7.693170929921077,0.008455950828832185,0.980561555075594,0.09152033311148654
-7.66666025353732,0.008472045980443384,0.980561555075594,0.09326097714978071
-7.640149577153563,0.008492648434284858,0.980561555075594,0.09547944504172426
-7.613638900769807,0.00851287243816917,0.980561555075594,0.0976467175207768
-7.58712822438605,0.008512637414262897,0.978401727861771,0.09960920834826532
-7.560617548002293,0.008512882326352268,0.9762419006479481,0.10162289458864486
-7.534106871618536,0.008529589371980676,0.9762419006479481,0.1033976689021997
-7.507596195234779,0.008552345272558702,0.9762419006479481,0.10580385330807693
-7.481085518851022,0.0085747348851327,0.9762419006479481,0.10815884230106315
-7.454574842467266,0.008595770576601247,0.9762419006479481,0.11036024505537637
-7.428064166083509,0.008619045802982343,0.9762419006479481,0.11278349459888394
-7.401553489699752,0.008638813501012959,0.9762419006479481,0.11483131111452415
-7.375042813315995,0.008644483631066473,0.9740820734341252,0.11737401662144405
-7.348532136932238,0.008670242420747064,0.9740820734341252,0.12001911295414598
-7.322021460548481,0.008675702249898783,0.9719222462203023,0.12252768818580521
-7.2955107841647235,0.008698341516217574,0.9719222462203023,0.12483148176590045
-7.269000107780967,0.008726172700653493,0.9719222462203023,0.12764722947490573
-7.24248943139721,0.008750267369280728,0.9719222462203023,0.1300704790184133
-7.215978755013453,0.008776720237166484,0.9719222462203023,0.1327155753511152
-7.189468078629696,0.008802816901408451,0.9719222462203023,0.13530947627092613
-7.162957402245939,0.008833055255667877,0.9719222462203023,0.13829587535623475
-7.136446725862182,0.008862280166216988,0.9719222462203023,0.14116281847813103
-7.109936049478426,0.008889064475347661,0.9719222462203023,0.14377378453557227
-7.083425373094669,0.008897431832593531,0.9697624190064795,0.14648714141879554
-7.056914696710912,0.008927328760314147,0.9697624190064795,0.14937114967832216
-7.030404020327155,0.008936051382295447,0.9676025917926566,0.15210157169917576
-7.003893343943398,0.008942682804841453,0.9654427645788337,0.15462721206846533
-6.977382667559641,0.008975182716247691,0.9654427645788337,0.15771600197955596
-6.950871991175885,0.008985051774849913,0.9632829373650108,0.16053174968856124
-6.924361314792128,0.009014836075514412,0.9632829373650108,0.16333043225993618
-6.897850638408371,0.009030948756976154,0.9611231101511879,0.1667093295107425
-6.871339962024614,0.009060552999144846,0.9611231101511879,0.16945681666922643
-6.844829285640857,0.009072333469554557,0.958963282937365,0.1724090854792744
-6.8183186092570995,0.009064621316215828,0.9546436285097192,0.17542961483984368
-6.791807932873343,0.009099143610013176,0.9546436285097192,0.17858666530145564
-6.765297256489586,0.009133174914763922,0.9546436285097192,0.1816754552125463
-6.738786580105829,0.009149377593360996,0.9524838012958964,0.18498609191283127
-6.712275903722072,0.009181570235889322,0.9524838012958964,0.1878701001723579
-6.685765227338315,0.00919098447976939,0.9503239740820735,0.1905493267803205
-6.659254550954558,0.00923322281445419,0.9503239740820735,0.19428659192136385
-6.632743874570801,0.009248530558071923,0.9481641468682506,0.19746070752060615
-6.606233198187045,0.009267095463777929,0.9460043196544277,0.20090786532193383
-6.579722521803288,0.009279904865048523,0.9438444924406048,0.20384306899435145
-6.553211845419531,0.009321473518056355,0.9438444924406048,0.20742674789672177
-6.526701169035774,0.009361811521240816,0.9438444924406048,0.21087390569804945
-6.500190492652017,0.009399870939987095,0.9438444924406048,0.21409921671018275
-6.47367981626826,0.009395654239923971,0.9395248380129589,0.21734159285994642
-6.447169139884504,0.00943723695057925,0.9395248380129589,0.22082288093653477
-6.420658463500747,0.009476504803607608,0.9395248380129589,0.22408232222392874
-6.39414778711699,0.009498172586610641,0.937365010799136,0.22764893598866875
-6.367637110733233,0.009539719523453642,0.937365010799136,0.2310448983771054
-6.3411264343494755,0.009557233037566767,0.9352051835853131,0.23423607911397806
-6.3146157579657185,0.00959897138043406,0.9352051835853131,0.23759791122715404
-6.288105081581962,0.009622023743234514,0.9330453563714903,0.24119865526715473
-6.261594405198205,0.009669404839178997,0.9330453563714903,0.24495298554582842
-6.235083728814448,0.00971157520850662,0.9330453563714903,0.24826362224611342
-6.208573052430691,0.009757199322416714,0.9330453563714903,0.2518131708732231
-6.182062376046934,0.009798140167838513,0.9330453563714903,0.25497022133483505
-6.155551699663177,0.009844134536505332,0.9330453563714903,0.2584856396866841
-6.129041023279421,0.009892601158716709,0.9330453563714903,0.2621546442772061
-6.102530346895664,0.009941547383439959,0.9330453563714903,0.26582364886772814
-6.076019670511907,0.0099639356389865,0.9308855291576674,0.2691854809809041
-6.04950899412815,0.01000952181889965,0.9308855291576674,0.2725473130940801
-6.022998317744393,0.010031260206224047,0.9287257019438445,0.2758238195191044
-5.996487641360636,0.0100285861568021,0.9244060475161987,0.27899793511834675
-5.969976964976879,0.010033208507030312,0.9200863930885529,0.2827010699841294
-5.943466288593123,0.010079977284558232,0.9200863930885529,0.2860629020973054
-5.916955612209366,0.010078680263376834,0.9157667386609071,0.2893223433846994
-5.890444935825609,0.010115261370701612,0.9136069114470843,0.2935886277922831
-5.8639342594418515,0.010116301422529797,0.9092872570194385,0.29700165531835016
-5.8374235830580945,0.010120772946859903,0.9049676025917927,0.3006535947712418
-5.8109129066743375,0.010151544589081019,0.9028077753779697,0.30445912046280654
-5.784402230290581,0.010210312904565328,0.9028077753779697,0.30850355808119595
-5.757891553906824,0.010147669475908498,0.8920086393088553,0.31251386542432463
-5.731380877523067,0.01020887405759486,0.8920086393088553,0.3166777590061264
-5.70487020113931,0.010243405186345441,0.8898488120950324,0.32065393607399445
-5.678359524755553,0.010297683021320203,0.8898488120950324,0.32427174525162544
-5.651848848371796,0.01033650218801871,0.8876889848812095,0.32846976910868786
-5.62533817198804,0.010343170725539287,0.8833693304535637,0.3321729039744706
-5.598827495604283,0.010401831129196338,0.8833693304535637,0.33597842966603525
-5.572316819220526,0.010457683456916389,0.8833693304535637,0.33956210856840563
-5.545806142836769,0.010519547325102881,0.8833693304535637,0.34348709022338264
-5.519295466453012,0.010575033612576275,0.8833693304535637,0.346968378299971
-5.492784790069255,0.010614496071595817,0.8812095032397408,0.35101281591836037
-5.466274113685499,0.010666108961622922,0.8812095032397408,0.35418693151760267
-5.439763437301741,0.010700107789783631,0.8790496760259179,0.3578388709704944
-5.413252760917985,0.010658274047234932,0.8704103671706264,0.3616273315244287
-5.386742084534228,0.01071808510638298,0.8704103671706264,0.36522807556442943
-5.3602314081504705,0.010729958257518999,0.8660907127429806,0.36908479666888516
-5.333720731766714,0.010798438131143126,0.8660907127429806,0.3731292342872745
-5.307210055382956,0.010868681393142702,0.8660907127429806,0.3772248673185549
-5.2806993789992,0.010936860766398472,0.8660907127429806,0.381149848973532
-5.254188702615442,0.010995640132715458,0.8660907127429806,0.38449461594907763
-5.227678026231686,0.010979916133303907,0.8596112311015118,0.38821481595249063
-5.20116734984793,0.010959436213306698,0.8531317494600432,0.39167903889144867
-5.174656673464172,0.01097213691440058,0.8488120950323974,0.395467499445383
-5.148145997080416,0.011004126547455296,0.8466522678185745,0.39877813614566804
-5.121635320696658,0.011014148945183428,0.8423326133909287,0.40239594532329903
-5.095124644312902,0.011081119477198465,0.8423326133909287,0.4060478847761907
-5.068613967929144,0.011122866211077116,0.8401727861771058,0.40981928019249475
-5.042103291545388,0.011139896373056995,0.8358531317494601,0.41376132698510215
-5.015592615161632,0.011208294717330862,0.8358531317494601,0.41737913616273314
-4.989081938777874,0.011281483208955223,0.8358531317494601,0.4212017269919282
-4.962571262394118,0.011298606016140866,0.8315334773218143,0.4250755132340142
-4.93606058601036,0.011343495214462956,0.8293736501079914,0.4288639737879486
-4.9095499096266035,0.011384240406622477,0.8272138228941684,0.43241352241505826
-4.883039233242847,0.011431991620529703,0.8250539956803455,0.4362873086571443
-4.8565285568590895,0.011436138196701577,0.8207343412526998,0.4394443591187563
-4.830017880475333,0.011478935094042462,0.8185745140388769,0.4430280380211266
-4.803507204091575,0.011553116902911142,0.8185745140388769,0.44664584719875766
-4.776996527707819,0.011618638871857757,0.8185745140388769,0.4498028976603696
-4.750485851324061,0.011695365055853854,0.8185745140388769,0.45345483711326134
-4.723975174940305,0.01176982081301823,0.8185745140388769,0.45695319032748
-4.697464498556549,0.011816561943167964,0.816414686825054,0.46055393436748066
-4.670953822172791,0.011859448236811475,0.8142548596112311,0.46394989675591736
-4.644443145789035,0.011934156378600824,0.8142548596112311,0.467345859144354
-4.617932469405277,0.011976810855577499,0.8120950323974082,0.4706735609822693
-4.591421793021521,0.012030026947260361,0.8099352051835853,0.47444495639857337
-4.564911116637763,0.012113185606305317,0.8099352051835853,0.47809689585146503
-4.538400440254007,0.012162997170639695,0.8077753779697624,0.48164644447857474
-4.511889763870251,0.012210691720954594,0.8056155507559395,0.48507653714227206
-4.485379087486493,0.012300893711044422,0.8056155507559395,0.48889912797146706
-4.458868411102737,0.012357161838958278,0.8034557235421166,0.4926193279748801
-4.432357734718979,0.012327531486987606,0.796976241900648,0.4954862710967764
-4.4058470583352225,0.012385984988724714,0.7948164146868251,0.4992576665130804
-4.379336381951466,0.012470771628994544,0.7948164146868251,0.5027048243144081
-4.352825705567708,0.012521750997986967,0.7926565874730022,0.5061007867028448
-4.326315029183952,0.012574726860441147,0.7904967602591793,0.5095479445041724
-4.299804352800194,0.012592541340898083,0.7861771058315334,0.5129268417549787
-4.273293676416438,0.012679392503831684,0.7861771058315334,0.5163057390057851
-4.24678300003268,0.01276476364146444,0.7861771058315334,0.5195822454308094
-4.220272323648924,0.012848570420049417,0.7861771058315334,0.5227563610300517
-4.193761647265168,0.012944983818770227,0.7861771058315334,0.5263571050700524
-4.16725097088141,0.012998639260903817,0.7840172786177105,0.5296336114950767
-4.140740294497654,0.013089571614019906,0.7840172786177105,0.5329442481953617
-4.114229618113896,0.013155025801293699,0.7818574514038877,0.536579122510623
-4.08771894173014,0.013166075412354167,0.7775377969762419,0.539531391320671
-4.061208265346384,0.013255762574563665,0.7775377969762419,0.5426884417822829
-4.034697588962626,0.0133105928589967,0.775377969762419,0.5458625573815253
-4.00818691257887,0.013369183658226903,0.7732181425485961,0.5491390638065496
-3.9816762361951117,0.01338345864661654,0.7688984881209503,0.5521425280294886
-3.9551655598113555,0.013444423404658208,0.7667386609071274,0.5554531647297736
-3.9286548834275976,0.0135351532713131,0.7667386609071274,0.5584736940903429
-3.9021442070438415,0.013594470046082949,0.7645788336933045,0.5616648748272155
-3.8756335306600853,0.013620709669929962,0.7602591792656588,0.5649925766651308
-3.8491228542763274,0.013630875881138762,0.755939524838013,0.5677912592365058
-3.8226121778925712,0.013694867367760164,0.7537796976241901,0.5710677656615301
-3.7961015015088133,0.013637441694995651,0.7451403887688985,0.574173620710251
-3.769590825125057,0.013649025069637883,0.7408207343412527,0.5770064335568866
-3.7430801487412992,0.013665691500020038,0.7365010799136069,0.5799928326421953
-3.716569472357543,0.013685910375454179,0.7321814254859611,0.5830816225532859
-3.690058795973787,0.013711449263569046,0.7278617710583153,0.5863239987030495
-3.663548119590029,0.013764850471118395,0.7257019438444925,0.5891738766873155
-3.637037443206273,0.013772060036285666,0.7213822894168467,0.5918360381576477
-3.610526766822515,0.013817427385892115,0.7192224622030238,0.5944128739398283
-3.584016090438759,0.013922568776653566,0.7192224622030238,0.5975187289885493
-3.5575054140550026,0.013990139480005057,0.7170626349892009,0.6006928445877916
-3.5309947376712447,0.01405699239818236,0.714902807775378,0.6038157647741429
-3.5044840612874886,0.014112817003806184,0.712742980561555,0.6065973822078875
-3.4779733849037306,0.014169430208019295,0.7105831533477321,0.6093789996416321
-3.4514627085199745,0.014262799670524993,0.7105831533477321,0.611972900561443
-3.4249520321362166,0.014311894580678943,0.7084233261339092,0.6144985409307326
-3.3984413557524604,0.014403653609696119,0.7084233261339092,0.6169900510247616
-3.3719306793687043,0.014469666799415904,0.7062634989200864,0.6199252546971792
-3.3454200029849464,0.014452027298273785,0.6997840172786177,0.6229457840577485
-3.31890932660119,0.014513592451134576,0.6976241900647948,0.625727401491493
-3.2923986502174323,0.014576071703408628,0.6954643628509719,0.6285090189252376
-3.265887973833676,0.014693803048279639,0.6954643628509719,0.6315295482858069
-3.239377297449918,0.014801195127556883,0.6954643628509719,0.6342429051690301
-3.212866621066162,0.014792487827498261,0.6889848812095032,0.6374340859059028
-3.186355944682406,0.014809623919644943,0.6846652267818575,0.6401303776514957
-3.159845268298648,0.014835397729948664,0.6803455723542117,0.6430314510486527
-3.133334591914892,0.01490341259670606,0.6781857451403888,0.6458130684823973
-3.106823915531134,0.014957469177100257,0.6760259179265659,0.6482363180259049
-3.0803132391473778,0.015024559375902918,0.673866090712743,0.6509496749091281
-3.0538025627636216,0.015143425714701743,0.673866090712743,0.6537312923428727
-3.0272918863798637,0.015177478580171358,0.6695464362850972,0.6567347565658117
-3.0007812099961075,0.015227675931401537,0.6673866090712743,0.658987354733016
-2.9742705336123496,0.015282326089113823,0.6652267818574514,0.6613252785883719
-2.9477598572285935,0.015307653826913457,0.6609071274298056,0.664089830884486
-2.9212491808448355,0.015406303494109354,0.6609071274298056,0.6662741685011689
-2.8947385044610794,0.015479876160990712,0.6587473002159827,0.6689704602467619
-2.8682278280773232,0.015549076773566569,0.6565874730021598,0.6715472960289425
-2.8417171516935653,0.015601668297204057,0.6544276457883369,0.6737486987832557
-2.815206475309809,0.015669589581279512,0.652267818574514,0.676257274014915
-2.7886957989260512,0.015746795710175256,0.6501079913606912,0.6789365006228775
-2.762185122542295,0.015867158671586716,0.6501079913606912,0.6814109455792761
-2.735674446158539,0.015932023366967606,0.6479481641468683,0.6837829997098926
-2.709163769774781,0.015984176200149684,0.6457883369330454,0.6858820116384239
-2.682653093391025,0.016107310240801594,0.6457883369330454,0.6883223263195618
-2.656142417007267,0.016154388247411503,0.6436285097192225,0.6902848171470503
-2.629631740623511,0.016203829996180915,0.6414686825053996,0.6922814382497995
-2.603121064239753,0.016218593655506076,0.6371490280777538,0.6946364272427857
-2.5766103878559967,0.016282676118741693,0.6349892008639308,0.69688902540999
-2.5500997114722406,0.01633586083853702,0.6328293736501079,0.6989197767879998
-2.5235890350884826,0.016453279424977537,0.6328293736501079,0.7011041144046827
-2.4970783587047265,0.016527054561919854,0.6306695464362851,0.7034761685352993
-2.4705676823209686,0.016600114090131204,0.6285097192224622,0.7058140923906552
-2.4440570059372124,0.01671933352484918,0.6285097192224622,0.707947234594447
-2.4175463295534545,0.016805748725081133,0.6263498920086393,0.7104728749637366
-2.3910356531696983,0.01694915254237288,0.6263498920086393,0.7129643850577655
-2.364524976785942,0.01706384230656075,0.6263498920086393,0.714926875885254
-2.3380143004021843,0.017126940855754415,0.6241900647948164,0.7169746924008942
-2.311503624018428,0.01707972529113168,0.6177105831533477,0.7191248997423164
-2.28499294763467,0.01721543369650274,0.6177105831533477,0.7213774979095207
-2.258482271250914,0.017304189435336976,0.6155507559395248,0.7238007474530282
-2.231971594867158,0.017327945138378643,0.6112311015118791,0.7261216061707537
-2.2054609184834,0.01746697938526108,0.6112311015118791,0.7283400740626973
-2.178950242099644,0.017532952001989555,0.6090712742980562,0.7303366951654465
-2.152439565715886,0.017551557700745943,0.6047516198704104,0.7325380979197598
-2.1259288893321298,0.01763590391908976,0.6025917926565875,0.7347906960869639
-2.099418212948372,0.017624228542342687,0.5982721382289417,0.7365142749876278
-2.0729075365646157,0.017745035233824473,0.5982721382289417,0.7383402447140737
-2.0463968601808595,0.01786520477265398,0.5982721382289417,0.7401320841652588
-2.0198861837971016,0.017929063271404443,0.5961123110151187,0.7420092493045957
-1.9933755074133455,0.017916693912247435,0.591792656587473,0.7436986979299988
-1.9668648310295875,0.018056013179571662,0.591792656587473,0.7457123841703783
-1.9403541546458314,0.018105849582172703,0.5896328293736501,0.7473506373828905
-1.9138434782620735,0.018173314625509453,0.5874730021598272,0.7492278025222273
-1.8873328018783173,0.01831773183379352,0.5874730021598272,0.7512414887626069
-1.8608221254945612,0.0184569451041596,0.5874730021598272,0.7531527841772044
-1.8343114491108032,0.018593205277189145,0.5874730021598272,0.7549958190412805
-1.807800772727047,0.018593760760278216,0.5831533477321814,0.7568047236300961
-1.7812900963432892,0.018725293016159234,0.5831533477321814,0.7585453676683902
-1.754779419959533,0.018856065367693273,0.5831533477321814,0.7602518814314237
-1.7282687435757769,0.018931663030473642,0.5809935205183585,0.7621119814331303
-1.701758067192019,0.018855887148224285,0.5745140388768899,0.7638014300585334
-1.6752473908082628,0.018847718997644036,0.5701943844492441,0.7654738135463063
-1.6487367144245049,0.018916780550960223,0.5680345572354212,0.7672315227222307
-1.6222260380407487,0.01906211495252591,0.5680345572354212,0.7690404273110463
-1.5957153616569908,0.019111532569844627,0.5658747300215983,0.7705250942848854
-1.5692046852732346,0.019170033051781124,0.5637149028077754,0.7721121520845066
-1.5426940088894785,0.019290465631929047,0.5637149028077754,0.773562688783085
-1.5161833325057206,0.019335167695396744,0.5615550755939525,0.7749620300687725
-1.4896726561219644,0.019510730901996096,0.5615550755939525,0.7770269117220431
-1.4631619797382065,0.01964785007179022,0.5615550755939525,0.7786139695216642
-1.4366513033544503,0.019722814498933903,0.5593952483801296,0.7803204832846977
-1.4101406269706942,0.01971010046782729,0.5550755939524838,0.7818734108090581
-1.3836299505869363,0.019819541914089613,0.5550755939524838,0.7831021007184423
-1.3571192742031801,0.019954965447627922,0.5550755939524838,0.7846038328299118
-1.3306085978194222,0.020018767594619957,0.5529157667386609,0.786139695216642
-1.304097921435666,0.02017177527381609,0.5529157667386609,0.7877950135667844
-1.2775872450519081,0.020150733835779453,0.5485961123110151,0.7892284851277326
-1.251076568668152,0.020196375828211065,0.5464362850971922,0.7905425007252683
-1.2245658922843958,0.020171984248171664,0.5421166306695464,0.7919418420109559
-1.198055215900638,0.020231447762401877,0.5399568034557235,0.7933923787095343
-1.1715445395168818,0.020197084453131363,0.5356371490280778,0.7946893291694398
-1.1450338631331238,0.0202508813642699,0.5334773218142549,0.7960716053174969
-1.1185231867493677,0.020141984480766057,0.5269978401727862,0.7974368163279237
-1.0920125103656098,0.020331639030080825,0.5269978401727862,0.7993651768801515
-1.0655018339818536,0.0204818265760094,0.5269978401727862,0.800866908991621
-1.0389911575980975,0.020618556701030927,0.5269978401727862,0.8022150548644175
-1.0124804812143395,0.020790729379686436,0.5269978401727862,0.8038874383521903
-0.9859698048305834,0.02084942084942085,0.5248380129589633,0.8052526493626171
-0.9594591284468255,0.020896295656679043,0.5226781857451404,0.8064984044096316
-0.9329484520630693,0.02098754680832535,0.5205183585313174,0.808153722759774
-0.9064377756793132,0.021138496623103235,0.5205183585313174,0.8095530640454616
-0.8799270992955552,0.020906845448129853,0.5118790496760259,0.810594037440912
-0.8534164229117991,0.02095728620904005,0.509719222462203,0.8118568576255567
-0.8269057465280412,0.02111667859699356,0.509719222462203,0.8133073943241352
-0.800395070144285,0.0211864406779661,0.5075593952483801,0.814723800747453
-0.7738843937605271,0.021322928953815445,0.5075593952483801,0.8159354255192068
-0.7473737173767709,0.021389396709323584,0.5053995680345572,0.8173006365296336
-0.7208630409930148,0.02143711472996596,0.5032397408207343,0.8184951961637571
-0.6943523646092569,0.021406727828746176,0.49892008639308855,0.8197921466236625
-0.6678416882255007,0.021401869158878505,0.4946004319654428,0.8213109438727624
-0.6413310118417428,0.02143260011280316,0.4924406047516199,0.8223519172682128
-0.6148203354579866,0.02148400530001893,0.490280777537797,0.8235635420399665
-0.5883096590742287,0.02156077084525854,0.48812095032397407,0.8249799484632844
-0.5617989826904726,0.02169947191550648,0.48812095032397407,0.8261233126845168
-0.5352883063067164,0.02185052692642367,0.48812095032397407,0.827352002593901
-0.5087776299229585,0.021821724305893814,0.4838012958963283,0.8286489530538064
-0.48226695353920235,0.021971554683668466,0.4838012958963283,0.8298435126879298
-0.4557562771554444,0.021992110453648916,0.4816414686825054,0.8307650301199679
-0.4292456007716883,0.022030366180410838,0.4794816414686825,0.8318230686530487
-0.4027349243879321,0.021982414068745005,0.47516198704103674,0.8329664328742812
-0.3762242480041742,0.02214170692431562,0.47516198704103674,0.8341951227836653
-0.34971357162041805,0.022285251215559156,0.47516198704103674,0.8352872915920067
-0.3232028952366601,0.02241238793806031,0.47516198704103674,0.8362429392993055
-0.296692218852904,0.02254329337022236,0.47516198704103674,0.8372156521442345
-0.27018154246914605,0.022483498349834985,0.4708423326133909,0.8382566255396849
-0.2436708660853899,0.022600041467965997,0.4708423326133909,0.8391098824212018
-0.21716018970163375,0.022746243739565943,0.4708423326133909,0.8401679209542825
-0.19064951331787583,0.02279172355844974,0.468682505399568,0.8412259594873632
-0.16413883693411968,0.02297511911064055,0.468682505399568,0.8425229099472687
-0.13762816055036176,0.023119539740038355,0.468682505399568,0.8435297530674585
-0.1111174841666056,0.023141204199700022,0.46652267818574517,0.8444000750866055
-0.08460680778284946,0.023293432546101587,0.46652267818574517,0.845441048482056
-0.05809613139909153,0.02344004340748779,0.46652267818574517,0.8464308264646154
-0.031585455015335384,0.023580786026200874,0.46652267818574517,0.8473694090342838
-0.005074778631577459,0.02372322899505766,0.46652267818574517,0.8483079916039523
0.02143589775217869,0.02379108111098816,0.46436285097192226,0.8494513558251847
0.047946574135936615,0.02372730310794252,0.46004319654427644,0.8504411338077441
0.07445725051969276,0.02376681614349776,0.45788336933045354,0.8513967815150429
0.10096792690344891,0.023852588740673752,0.4557235421166307,0.8526425365620574
0.12747860328720684,0.023771610555050046,0.4514038876889849,0.8535299237188347
0.153989279670963,0.02394866506244987,0.4514038876889849,0.8546391576648066
0.1804999560547209,0.024128376818286768,0.4514038876889849,0.8557483916107783
0.20701063243847706,0.02431363424848767,0.4514038876889849,0.8568746906943805
0.23352130882223499,0.02435026925778506,0.44924406047516197,0.8577791429887882
0.26003198520599113,0.024461954604257322,0.44924406047516197,0.8584446833563713
0.2865426615897473,0.02449994082139898,0.4470842332613391,0.859349135650779
0.3130533379735052,0.024613555291319856,0.4470842332613391,0.8600146760183621
0.33956401435726136,0.024641148325358853,0.4449244060475162,0.8608508677622485
0.3660746907410193,0.024675012036591237,0.4427645788336933,0.8617211897813956
0.39258536712477543,0.02480939126225342,0.4427645788336933,0.8624891209747607
0.4190960435085316,0.024920982251398008,0.4427645788336933,0.8631205310670831
0.4456067198922895,0.02507645259938838,0.4427645788336933,0.8639908530862301
0.47211739627604565,0.025243196650658786,0.4427645788336933,0.8649123705182682
0.4986280726598036,0.02536500866122247,0.4427645788336933,0.8655779108858513
0.5251387490435597,0.02540156892043332,0.4406047516198704,0.8664311677673681
0.5516494254273177,0.02551913935451589,0.4406047516198704,0.8670625778596904
0.5781601018110738,0.025544230527242986,0.43844492440604754,0.8678475741906858
0.60467077819483,0.025728770595690748,0.43844492440604754,0.868820287035615
0.6311814545785879,0.025680337293982367,0.43412526997840173,0.8698612604310654
0.657692130962344,0.02583547557840617,0.43412526997840173,0.8706633218996911
0.684202807346102,0.02586652871184687,0.4319654427645788,0.8714653833683169
0.7107134837298581,0.02588112888542073,0.4298056155507559,0.872182119148791
0.7372241601136142,0.026033490319204607,0.4298056155507559,0.872950050342156
0.7637348364973722,0.026090393991303203,0.42764578833693306,0.8738715677741941
0.7902455128811283,0.026120392468841156,0.42548596112311016,0.8746565641051895
0.8167561892648862,0.02615425673872431,0.42332613390928725,0.8754586255738153
0.8432668656486424,0.02628755364806867,0.42332613390928725,0.876107100803768
0.8697775420324003,0.026312238564296316,0.42116630669546434,0.8768579668595027
0.8962882184161565,0.0264514378730331,0.42116630669546434,0.8775235072270858
0.9227988947999126,0.026473799126637554,0.4190064794816415,0.8782573081451902
0.9493095711836705,0.026663001649257834,0.4190064794816415,0.8791446953019676
0.9758202475674267,0.026806687854083185,0.4190064794816415,0.8798102356695506
1.0023309239511846,0.02697066592520506,0.4190064794816415,0.8805611017252855
1.0288416003349408,0.027117696393625945,0.4190064794816415,0.8812266420928685
1.0553522767186987,0.02715250422059651,0.4168466522678186,0.8819945732862335
1.0818629531024548,0.0271839161829251,0.4146868250539957,0.8827454393419683
1.108373629486211,0.027338744126441692,0.4146868250539957,0.8834280448471817
1.134884305869969,0.027359977080647472,0.41252699784017277,0.8841277154900254
1.161394982253725,0.027393310265282585,0.4103671706263499,0.8848785815457602
1.187905658637483,0.027572195617472064,0.4103671706263499,0.8856465127391252
1.2144163350212391,0.027737226277372264,0.4103671706263499,0.886346183381969
1.2409270114049953,0.02790834312573443,0.4103671706263499,0.8870629191624431
1.2674376877887532,0.02794617773177584,0.408207343412527,0.8878137852181778
1.2939483641725094,0.028125,0.408207343412527,0.8885475861362822
1.3204590405562673,0.02827648114901257,0.408207343412527,0.8891619310909743
1.3469697169400234,0.028481012658227847,0.408207343412527,0.8899810576972303
1.3734803933237814,0.028666767784013347,0.408207343412527,0.8907148586153347
1.3999910697075375,0.02885936784241869,0.408207343412527,0.8914657246710694
1.4265017460912937,0.02904118008604794,0.408207343412527,0.8921653953139133
1.4530124224750516,0.02922981750695948,0.408207343412527,0.8928821310943873
1.4795230988588077,0.029233400715285338,0.4060475161987041,0.8934623457738187
1.5060337752425657,0.029259896729776247,0.4038876889848812,0.8941278861414017
1.5325444516263218,0.029388653151029388,0.4038876889848812,0.8946057099950511
1.5590551280100797,0.02957924707371085,0.4038876889848812,0.8953053806378949
1.5855658043938359,0.029285373229349036,0.39740820734341253,0.8959197255925869
1.612076480777592,0.02946357085668535,0.39740820734341253,0.8965682008225396
1.63858715716135,0.029691786348233017,0.39740820734341253,0.8973873274287957
1.665097833545106,0.02984590429845904,0.39740820734341253,0.8979334118329665
1.691608509928864,0.029709435194253998,0.3930885529157667,0.8985648219252889
1.7181191863126202,0.02993421052631579,0.3930885529157667,0.8993498182562842
1.7446298626963763,0.029966887417218542,0.39092872570194387,0.9000153586238673
1.7711405390801342,0.029793608521970705,0.38660907127429806,0.9005273127527773
1.7976512154638904,0.029998324115971173,0.38660907127429806,0.9012269833956211
1.8241618918476483,0.030134680134680136,0.38660907127429806,0.9016877421116402
1.8506725682314045,0.030133739630946337,0.38444924406047515,0.9022338265158109
1.8771832446151624,0.030272108843537416,0.38444924406047515,0.9026945852318299
1.9036939209989185,0.030437756497948016,0.38444924406047515,0.9032406696360006
1.9302045973826747,0.030605226960110043,0.38444924406047515,0.9037867540401713
1.9567152737664326,0.03076391289319046,0.38444924406047515,0.9042987081690814
1.9832259501501888,0.03095113893235959,0.38444924406047515,0.9048959879861431
2.0097366265339467,0.030944055944055943,0.38228941684665224,0.9054079421150532
2.036247302917703,0.031096275474349965,0.38228941684665224,0.9058857659687025
2.062757979301459,0.0313607370659107,0.38228941684665224,0.9067048925749586
2.089268655685217,0.03148905888631916,0.38228941684665224,0.9070973907404564
2.115779332068973,0.03169203222918532,0.38228941684665224,0.9077117356951484
2.142290008452731,0.031886146640245,0.38228941684665224,0.9082919503745798
2.168800684836487,0.031849439015562794,0.3801295896328294,0.9087015136777078
2.195311361220245,0.03202328966521106,0.3801295896328294,0.9092134678066178
2.221822037604001,0.032027818448023423,0.3779697624190065,0.9097424870731582
2.2483327139877574,0.032186867757954755,0.3779697624190065,0.9102032457891773
2.2748433903715153,0.03182827535159141,0.3714902807775378,0.9107151999180874
2.3013540667552714,0.031586770717205497,0.367170626349892,0.911056502670694
2.3278647431390294,0.03179947624392069,0.367170626349892,0.9116708476253861
2.3543754195227855,0.03190690690690691,0.367170626349892,0.9119780201027321
2.3808860959065434,0.03208758021895055,0.367170626349892,0.9124899742316421
2.4073967722902996,0.03203184230477635,0.3650107991360691,0.9128483421218793
2.4339074486740557,0.03221502096835684,0.3650107991360691,0.9133602962507893
2.4604181250578137,0.03240030674846626,0.3650107991360691,0.9138722503796993
2.48692880144157,0.03238242097147263,0.36285097192224625,0.9143330090957184
2.5134394778253277,0.03251403135281595,0.36285097192224625,0.9146913769859554
2.5399501542090857,0.03272302298402805,0.36285097192224625,0.9152545265277564
2.56646083059284,0.03294117647058824,0.36285097192224625,0.9158347412071879
2.592971506976598,0.03288048828509549,0.36069114470842334,0.9161760439597946
2.619482183360356,0.03305621536025336,0.36069114470842334,0.9166368026758136
2.6459928597441102,0.03324044585987261,0.36069114470842334,0.917114626529463
2.672503536127868,0.033140347374725494,0.35853131749460043,0.9173535384562876
2.699014212511626,0.03331326510134457,0.35853131749460043,0.9177972320346763
2.7255248888953805,0.03350151362260343,0.35853131749460043,0.9182750558883257
2.7520355652791384,0.03324548956010541,0.3542116630669546,0.9186163586409324
2.7785462416628963,0.03342845495311863,0.3542116630669546,0.9190771173569515
2.8050569180466542,0.03339479614833026,0.35205183585313177,0.9194866806600795
2.8315675944304086,0.033497739416358405,0.35205183585313177,0.9197426577245346
2.8580782708141665,0.03344343517753923,0.34989200863930886,0.9201010256147716
2.8845889471979245,0.03342329250570895,0.34773218142548595,0.9205447191931603
2.911099623581679,0.033194154488517744,0.3434125269978402,0.9209713476339186
2.9376102999654368,0.03331238214959145,0.3434125269978402,0.9212614549736343
2.9641209763491947,0.033256156598610816,0.3412526997840173,0.9216198228638715
2.9906316527329526,0.033255666172421094,0.3390928725701944,0.9221147118551511
3.017142329116707,0.03345408054549329,0.3390928725701944,0.9225925357088005
3.043653005500465,0.03364045425326762,0.3390928725701944,0.9230362292871892
3.070163681884223,0.03332616641582455,0.3347732181425486,0.9232751412140139
3.096674358267977,0.03349178910976664,0.3347732181425486,0.9236676393795116
3.123185034651735,0.03369565217391304,0.3347732181425486,0.9241454632331609
3.149695711035493,0.03383540711635014,0.3347732181425486,0.9244697008481373
3.176206387419251,0.03382385240500769,0.3326133909287257,0.9249304595641564
3.2027170638030054,0.03398058252427184,0.3326133909287257,0.9252888274543934
3.2292277401867633,0.03366555924695459,0.3282937365010799,0.9255448045188485
3.255738416570521,0.03379279679857715,0.3282937365010799,0.9258349118585641
3.2822490929542756,0.03373547810545129,0.326133909287257,0.9261932797488012
3.3087597693380335,0.03340807174887892,0.32181425485961124,0.9264321916756258
3.3352704457217914,0.033558558558558556,0.32181425485961124,0.9267734944282325
3.3617811221055494,0.033740942028985504,0.32181425485961124,0.9271830577313606
3.3882917984893037,0.03391759617573412,0.32181425485961124,0.9275755558968584
3.4148024748730617,0.03402603334094542,0.32181425485961124,0.927814467823683
3.4413131512568196,0.034189995410738874,0.32181425485961124,0.9281728357139201
3.467823827640574,0.03432388850495278,0.32181425485961124,0.9284629430536357
3.494334504024332,0.0345787885820376,0.32181425485961124,0.9290090274578064
3.52084518040809,0.03452297644040121,0.31965442764578833,0.9293673953480435
3.5473558567918477,0.03465230625146336,0.31965442764578833,0.9296404375501288
3.573866533175602,0.03477443609022556,0.31965442764578833,0.9298964146145838
3.60037720955936,0.03488920320603489,0.31965442764578833,0.9301353265414085
3.626887885943118,0.035062781331438045,0.31965442764578833,0.9304936944316456
3.6533985623268723,0.03477018337699452,0.31533477321814257,0.9308349971842523
3.6799092387106302,0.034944949736716135,0.31533477321814257,0.9311933650744894
3.706419915094388,0.035096153846153846,0.31533477321814257,0.9315005375518354
3.7329305914781425,0.03529127386995407,0.31533477321814257,0.9318930357173331
3.7594412678619005,0.0354368932038835,0.31533477321814257,0.9321831430570487
3.7859519442456584,0.035592393954168695,0.31533477321814257,0.9324903155343948
3.8124626206294163,0.03581064508216826,0.31533477321814257,0.9329169439751531
3.8389732970131707,0.03607610575735112,0.31533477321814257,0.9334288981040632
3.8654839733969286,0.03605171556439582,0.31317494600431967,0.9338384614071913
3.8919946497806865,0.03625,0.31317494600431967,0.9342138944350586
3.918505326164441,0.0364230092941472,0.31317494600431967,0.934538132050035
3.945016002548199,0.03662541045718616,0.31317494600431967,0.9349135650779024
3.9715266789319568,0.03680203045685279,0.31317494600431967,0.9352378026928787
3.9980373553157147,0.036961509049197046,0.31317494600431967,0.9355279100325944
4.024548031699469,0.036923076923076927,0.31101511879049676,0.9359033430604617
4.051058708083227,0.03684617366658078,0.30885529157667385,0.9362105155378078
4.077569384466985,0.036231884057971016,0.3023758099352052,0.9364494274646326
4.104080060850739,0.036486838676048995,0.3023758099352052,0.9369101861806516
4.130590737234497,0.03662045513994246,0.3023758099352052,0.9371490981074763
4.157101413618255,0.03679369250985545,0.3023758099352052,0.9374562705848223
4.183612090002013,0.036929570034291745,0.3023758099352052,0.937695182511647
4.210122766385767,0.03680169446650781,0.3002159827213823,0.9379170293008413
4.236633442769525,0.03702717101758125,0.3002159827213823,0.938309527466339
4.263144119153283,0.037066881547139406,0.2980561555075594,0.938821481595249
4.289654795537038,0.03724696356275304,0.2980561555075594,0.939128654072595
4.316165471920796,0.03742880390561432,0.2980561555075594,0.9394358265499412
4.3426761483045535,0.037016875340228635,0.2937365010799136,0.9396235430638749
4.369186824688311,0.036955926635641935,0.2915766738660907,0.9399648458164815
4.395697501072066,0.03684355237833379,0.2894168466522678,0.9402208228809366
4.422208177455824,0.03696551724137931,0.2894168466522678,0.9404256045325006
4.448718853839582,0.03684210526315789,0.28725701943844495,0.9406645164593253
4.475229530223336,0.036944444444444446,0.28725701943844495,0.9408351678356286
4.501740206607094,0.037130094919039645,0.28725701943844495,0.9411423403129746
4.528250882990852,0.03699551569506727,0.28509719222462204,0.941364187102169
4.554761559374606,0.03707865168539326,0.28509719222462204,0.9415007082032116
4.581272235758364,0.036911806142575374,0.28293736501079914,0.941671359579515
4.607782912142122,0.037057991513437055,0.28293736501079914,0.9419102715063397
4.63429358852588,0.03711048158640227,0.28293736501079914,0.9419955971944913
4.660804264909634,0.037321937321937323,0.28293736501079914,0.9423368999470981
4.687314941293392,0.03748211731044349,0.28293736501079914,0.9425928770115531
4.71382561767715,0.03764367816091954,0.28293736501079914,0.9428488540760082
4.740336294060905,0.037752161383285306,0.28293736501079914,0.9430195054523115
4.7668469704446625,0.037839399191218946,0.28293736501079914,0.9431560265533542
4.7933576468284205,0.03799303944315545,0.28293736501079914,0.9433949384801789
4.819868323212178,0.03784570596797671,0.28077753779697623,0.9435997201317429
4.846378999595933,0.038100820633059786,0.28077753779697623,0.9439922182972406
4.872889675979691,0.03823529411764706,0.28077753779697623,0.9441969999488046
4.899400352363449,0.038154392191659274,0.2786177105831533,0.9445041724261506
4.925911028747203,0.03799346987236569,0.27645788336933047,0.9446918889400843
4.952421705130961,0.037876528481956453,0.27429805615550756,0.9449478660045393
4.978932381514719,0.03803533992213237,0.27429805615550756,0.945186777931364
5.005443057898477,0.038218477279566655,0.27429805615550756,0.9454598201334494
5.031953734282231,0.038066465256797584,0.27213822894168466,0.9456646017850134
5.058464410665989,0.03821656050955414,0.27213822894168466,0.9458864485742078
5.084975087049747,0.038391224862888484,0.27213822894168466,0.9461424256386628
5.111485763433501,0.03856749311294766,0.27213822894168466,0.9463984027031178
5.137996439817259,0.03867403314917127,0.27213822894168466,0.9465519889417908
5.164507116201017,0.03827160493827161,0.2678185745140389,0.9468250311438762
5.191017792584775,0.038449612403100776,0.2678185745140389,0.9470810082083312
5.2175284689685295,0.03861725319215198,0.2678185745140389,0.9473199201351559
5.244039145352287,0.03877423389618512,0.2678185745140389,0.9475417669243502
5.270549821736045,0.038956958843858,0.2678185745140389,0.9477977439888052
5.2970604981198,0.03877679697351828,0.265658747300216,0.9479683953651086
5.323571174503558,0.038632045598480054,0.2634989200863931,0.9481902421543029
5.350081850887316,0.03886588085377509,0.2634989200863931,0.9485144797692794
5.37659252727107,0.03904,0.2634989200863931,0.9487533916961041
5.403103203654828,0.0392156862745098,0.2634989200863931,0.9489923036229287
5.429613880038586,0.039342147694292166,0.2634989200863931,0.9491629549992321
5.456124556422344,0.03953337653920933,0.2634989200863931,0.9494189320636871
5.482635232806098,0.039687703318152245,0.2634989200863931,0.9496237137152511
5.509145909189856,0.03949086161879896,0.2613390928725702,0.9497772999539241
5.535656585573614,0.03963314772355061,0.2613390928725702,0.9499650164678578
5.562167261957368,0.03982883475971034,0.2613390928725702,0.9502209935323128
5.588677938341126,0.03992081821181128,0.2613390928725702,0.9503404494957252
5.615188614724884,0.040066225165562915,0.2613390928725702,0.9505281660096588
5.641699291108642,0.040279627163781626,0.2613390928725702,0.9508012082117442
5.6682099674923965,0.04041416165664663,0.2613390928725702,0.9509718595880475
5.694720643876154,0.04060402684563758,0.2613390928725702,0.9512107715148723
5.721231320259912,0.04048582995951417,0.2591792656587473,0.9514667485793273
5.747741996643667,0.04073319755600815,0.2591792656587473,0.9517739210566734
5.774252673027425,0.0408997955010225,0.2591792656587473,0.9519787027082374
5.8007633494111825,0.04106776180698152,0.2591792656587473,0.9521834843598014
5.8272740257949405,0.041237113402061855,0.2591792656587473,0.9523882660113654
5.853784702178695,0.041020337814546705,0.2570194384449244,0.9525247871124081
5.880295378562453,0.04121925874610322,0.2570194384449244,0.9527636990392327
5.906806054946211,0.04142011834319527,0.2570194384449244,0.9530026109660574
5.933316731329965,0.04121550820817325,0.2548596112311015,0.9531561972047304
5.959827407713723,0.041067041067041066,0.2526997840172786,0.9533780439939248
5.986338084097481,0.04119718309859155,0.2526997840172786,0.9535316302325978
6.012848760481239,0.04128440366972477,0.2526997840172786,0.9536340210583798
6.039359436864993,0.04138662893526707,0.2526997840172786,0.9537534770217921
6.065870113248751,0.041637010676156584,0.2526997840172786,0.9540435843615078
6.092380789632509,0.04184549356223176,0.2526997840172786,0.9542824962883326
6.118891466016263,0.042071197411003236,0.2526997840172786,0.9545384733527876
6.145402142400021,0.04223826714801444,0.2526997840172786,0.9547261898667213
6.171912818783779,0.04232995658465991,0.2526997840172786,0.9548285806925033
6.198423495167537,0.042468239564428314,0.2526997840172786,0.9549821669311763
6.224934171551292,0.04262295081967213,0.2526997840172786,0.9551528183074797
6.2514448479350495,0.04276315789473684,0.2526997840172786,0.9553064045461527
6.277955524318807,0.04303052592865024,0.2526997840172786,0.9555965118858684
6.304466200702562,0.04314159292035398,0.2526997840172786,0.9557159678492807
6.33097687708632,0.04293116210214656,0.2505399568034557,0.9558695540879537
6.357487553470078,0.04271916790490342,0.24838012958963282,0.9560231403266267
6.383998229853832,0.042505592841163314,0.24622030237580994,0.9561767265652997
6.41050890623759,0.04193186072631973,0.24190064794816415,0.9563303128039727
6.437019582621348,0.04220045214770158,0.24190064794816415,0.9566204201436884
6.463530259005106,0.04195011337868481,0.23974082073434125,0.9567398761071008
6.49004093538886,0.04144486692015209,0.23542116630669546,0.9569787880339254
6.516551611772618,0.04158718046547119,0.23542116630669546,0.9571323742725986
6.543062288156376,0.04168260038240918,0.23542116630669546,0.9572347650983806
6.56957296454013,0.041923076923076924,0.23542116630669546,0.9574907421628356
6.596083640923888,0.04176334106728538,0.23326133909287258,0.9577125889520299
6.622594317307646,0.041634241245136185,0.23110151187904968,0.957968566016485
6.649104993691404,0.041341653666146644,0.22894168466522677,0.9580538917046366
6.6756156700751585,0.04150352388410337,0.22894168466522677,0.95822454308094
6.7021263464589165,0.041633935585231735,0.22894168466522677,0.9583610641819826
6.728637022842674,0.041748719968491534,0.22894168466522677,0.958480520145395
6.755147699226429,0.04213036565977742,0.22894168466522677,0.9588730183108927
6.781658375610187,0.041932907348242815,0.2267818574514039,0.9590607348248263
6.808169051993945,0.04175030108390205,0.22462203023758098,0.9592655164763904
6.8346797283777025,0.04181745074386811,0.22462203023758098,0.9593337770269117
6.861190404761457,0.042071197411003236,0.22462203023758098,0.9595897540913667
6.887701081145215,0.042190669371196754,0.22462203023758098,0.959709210054779
6.914211757528973,0.04241435562805873,0.22462203023758098,0.9599310568439734
6.940722433912727,0.0425357873210634,0.22462203023758098,0.9600505128073857
6.967233110296485,0.04223042230422304,0.2224622030237581,0.9601358384955375
6.993743786680243,0.04238683127572016,0.2224622030237581,0.9602894247342105
7.020254463064001,0.04252683732452518,0.2224622030237581,0.9604259458352532
7.046765139447755,0.04273858921161826,0.2224622030237581,0.9606307274868172
7.073275815831513,0.043006263048016705,0.2224622030237581,0.9608867045512722
7.099786492215271,0.04307820995399415,0.2224622030237581,0.9609549651017936
7.1262971685990255,0.04318658280922432,0.2224622030237581,0.9610573559275756
7.152807844982783,0.04335016835016835,0.2224622030237581,0.9612109421662486
7.179318521366541,0.04342327150084317,0.2224622030237581,0.9612792027167699
7.205829197750296,0.04371816638370119,0.2224622030237581,0.9615522449188553
7.232339874134054,0.0439419795221843,0.2224622030237581,0.9617570265704193
7.258850550517812,0.04416809605488851,0.2224622030237581,0.9619618082219833
7.2853612269015695,0.044358311800172266,0.2224622030237581,0.9621324595982866
7.311871903285324,0.04458874458874459,0.2224622030237581,0.9623372412498507
7.338382579669082,0.04472427268779852,0.2224622030237581,0.962456697213263
7.36489325605284,0.044978165938864625,0.2224622030237581,0.9626785440024573
7.391403932436594,0.04515563349408154,0.2224622030237581,0.9628321302411303
7.417914608820352,0.0451952610794208,0.2224622030237581,0.962866260516391
7.44442528520411,0.045314562252529694,0.2224622030237581,0.962968651342173
7.470935961587868,0.045575221238938056,0.2224622030237581,0.9631904981313675
7.497446637971622,0.04579813250333482,0.2224622030237581,0.9633782146453012
7.52395731435538,0.04592064199732501,0.2224622030237581,0.9634806054710832
7.550467990739138,0.04519015659955257,0.21814254859611232,0.9635829962968652
7.5769786671228925,0.044434470377019746,0.21382289416846653,0.9636683219850168
7.60348934350665,0.044534412955465584,0.21382289416846653,0.9637536476731685
7.630000019890408,0.044675090252707585,0.21382289416846653,0.9638731036365809
7.656510696274166,0.04495912806539509,0.21382289416846653,0.9641120155634055
7.683021372657921,0.04472843450479233,0.21166306695464362,0.9642826669397089
7.7095320490416785,0.04493351673544246,0.21166306695464362,0.9644533183160122
7.7360427254254365,0.04511970534069982,0.21166306695464362,0.9646069045546852
7.762553401809191,0.04516129032258064,0.21166306695464362,0.9646410348299459
7.789064078192949,0.044382801664355064,0.20734341252699784,0.9647263605180976
7.815574754576707,0.044206607724523034,0.20518358531317496,0.9649482073072919
7.842085430960465,0.04435107376283847,0.20518358531317496,0.9650676632707043
7.868596107344219,0.04451733833177132,0.20518358531317496,0.9652041843717469
7.895106783727977,0.04479019330504479,0.20518358531317496,0.9654260311609413
7.921617460111735,0.04450757575757576,0.20302375809935205,0.965562552261984
7.948128136495489,0.0446980504041845,0.20302375809935205,0.965716138500657
7.974638812879247,0.044804575786463297,0.20302375809935205,0.9658014641888086
8.001149489263005,0.04495456719273075,0.20302375809935205,0.965920920152221
8.02766016564676,0.04521404521404521,0.20302375809935205,0.9661257018037851
8.054170842030517,0.04532304725168756,0.20302375809935205,0.9662110274919368
8.080681518414275,0.04549854791868345,0.20302375809935205,0.9663475485929794
8.107192194798033,0.04571984435797665,0.20302375809935205,0.9665181999692828
8.133702871181788,0.0458984375,0.20302375809935205,0.9666547210703255
8.160213547565546,0.046146293568973984,0.20302375809935205,0.9668424375842591
8.186724223949303,0.046351084812623275,0.20302375809935205,0.9669960238229321
8.213234900333058,0.046419753086419754,0.20302375809935205,0.9670472192358232
8.239745576716816,0.04665012406947891,0.20302375809935205,0.9672178706121265
8.266256253100574,0.04685942173479561,0.20302375809935205,0.9673714568507995
8.292766929484332,0.0465,0.20086393088552915,0.9674567825389512
8.319277605868086,0.04618473895582329,0.19870410367170627,0.9675762385023635
8.345788282251844,0.04627766599597585,0.19870410367170627,0.9676444990528849
8.372298958635602,0.04644119131751641,0.19870410367170627,0.9677639550162972
8.398809635019356,0.0465587044534413,0.19870410367170627,0.9678492807044489
8.425320311403114,0.046747967479674794,0.19870410367170627,0.9679858018054915
8.451830987786872,0.04698672114402452,0.19870410367170627,0.9681564531817949
8.47834166417063,0.047276464542651594,0.19870410367170627,0.9683612348333589
8.504852340554384,0.047496128033040784,0.19870410367170627,0.9685148210720319
8.531363016938142,0.04766839378238342,0.19870410367170627,0.9686342770354442
8.5578736933219,0.04776739356178609,0.19870410367170627,0.9687025375859656
8.584384369705655,0.047991653625456446,0.19870410367170627,0.9688561238246386
8.610895046089412,0.04819277108433735,0.19870410367170627,0.9689926449256814
8.63740572247317,0.04842105263157895,0.19870410367170627,0.9691462311643544
8.663916398856928,0.048574445617740235,0.19870410367170627,0.9692486219901364
8.690427075240683,0.048352816153028694,0.19654427645788336,0.9694363385040701
8.71693775162444,0.04848161960575386,0.19654427645788336,0.9695216641922217
8.743448428008199,0.04825737265415549,0.19438444924406048,0.9697093807061554
8.769959104391953,0.04836109618484686,0.19438444924406048,0.9697776412566768
8.79646978077571,0.048465266558966075,0.19438444924406048,0.9698459018071981
8.822980457159469,0.048674959437533805,0.19438444924406048,0.9699824229082408
8.849491133543223,0.048395867319195214,0.19222462203023757,0.9701360091469138
8.876001809926981,0.048580786026200876,0.19222462203023757,0.9702554651103261
8.902512486310739,0.04892798240791644,0.19222462203023757,0.9704773118995205
8.929023162694497,0.04798676227247656,0.1879049676025918,0.9705455724500418
8.955533839078251,0.04814609850581074,0.1879049676025918,0.9706479632758238
8.98204451546201,0.04827968923418424,0.1879049676025918,0.9707332889639755
9.008555191845767,0.048549107142857144,0.1879049676025918,0.9709039403402788
9.035065868229522,0.048712206047032476,0.1879049676025918,0.9710063311660608
9.06157654461328,0.04895891952729319,0.1879049676025918,0.9711599174047338
9.088087220997037,0.04909706546275395,0.1879049676025918,0.9712452430928855
9.114597897380795,0.04929178470254957,0.1879049676025918,0.9713646990562979
9.14110857376455,0.04903078677309008,0.1857451403887689,0.9715353504326012
9.167619250148308,0.049170954831332186,0.1857451403887689,0.9716206761207529
9.194129926532066,0.049255441008018326,0.1857451403887689,0.9716718715336439
9.22064060291582,0.04931192660550459,0.1857451403887689,0.9717060018089045
9.247151279299578,0.04953917050691244,0.1857451403887689,0.9718425229099472
9.273661955683336,0.04976851851851852,0.1857451403887689,0.97197904401099
9.300172632067094,0.04988399071925754,0.1857451403887689,0.9720473045615113
9.326683308450848,0.04997094712376525,0.1857451403887689,0.9720984999744023
9.353193984834606,0.05014577259475218,0.1857451403887689,0.9722008908001843
9.379704661218364,0.05026300409117475,0.1857451403887689,0.9722691513507057
9.406215337602118,0.050029429075927015,0.183585313174946,0.9724568678646394
9.432726013985876,0.050266114725014785,0.183585313174946,0.972593388965682
9.459236690369634,0.050505050505050504,0.183585313174946,0.9727299100667247
9.485747366753392,0.050119331742243436,0.18142548596112312,0.9728323008925067
9.512258043137146,0.049641148325358854,0.17926565874730022,0.9728834963053977
9.538768719520904,0.04984984984984985,0.17926565874730022,0.9730029522688101
9.565279395904662,0.04945717732207479,0.1771058315334773,0.9731053430945921
9.591790072288417,0.04966686856450636,0.1771058315334773,0.9732247990580044
9.618300748672175,0.04990870359099209,0.1771058315334773,0.9733613201590471
9.644811425055932,0.0500916310323763,0.1771058315334773,0.9734637109848291
9.67132210143969,0.05024509803921569,0.1771058315334773,0.9735490366729808
9.697832777823445,0.05039950829748002,0.1771058315334773,0.9736343623611324
9.724343454207203,0.05055487053020962,0.1771058315334773,0.9737196880492841
9.75085413059096,0.05067985166872682,0.1771058315334773,0.9737879485998054
9.777364806974715,0.05099502487562189,0.1771058315334773,0.9739585999761088
9.803875483358473,0.05118601747815231,0.1771058315334773,0.9740609908018908
9.83038615974223,0.05137844611528822,0.1771058315334773,0.9741633816276728
9.856896836125985,0.0514752040175769,0.1771058315334773,0.9742145770405638
9.883407512509743,0.05170239596469105,0.1771058315334773,0.9743340330039761
9.909918188893501,0.051833122629582805,0.1771058315334773,0.9744022935544975
9.936428865277259,0.050697084917617236,0.17278617710583152,0.9744364238297581
9.962939541661013,0.05072923272035511,0.17278617710583152,0.9744534889673885
9.989450218044771,0.050955414012738856,0.17278617710583152,0.9745729449308008
10.01596089442853,0.05121638924455826,0.17278617710583152,0.9747094660318435
10.042471570812284,0.05073859987154785,0.17062634989200864,0.9747777265823648
10.068982247196042,0.05029013539651837,0.16846652267818574,0.9748630522705166
10.0954929235798,0.05035506778566817,0.16846652267818574,0.9748971825457773
10.122003599963557,0.050518134715025906,0.16846652267818574,0.974982508233929
10.148514276347312,0.050814332247557006,0.16846652267818574,0.975136094472602
10.17502495273107,0.050980392156862744,0.16846652267818574,0.9752214201607536
10.201535629114828,0.051147540983606556,0.16846652267818574,0.9753067458489053
10.228046305498582,0.05131578947368421,0.16846652267818574,0.975392071537057
10.25455698188234,0.051553205551883675,0.16846652267818574,0.9755115275004693
10.281067658266098,0.05186170212765957,0.16846652267818574,0.9756651137391423
10.307578334649856,0.05213903743315508,0.16846652267818574,0.975801634840185
10.33408901103361,0.05241935483870968,0.16846652267818574,0.9759381559412277
10.360599687417368,0.051351351351351354,0.16414686825053995,0.9760405467670097
10.387110363801126,0.05142083897158322,0.16414686825053995,0.9760746770422704
10.41362104018488,0.050951086956521736,0.16198704103671707,0.976160002730422
10.440131716568638,0.050580997949419004,0.15982721382289417,0.9762965238314647
10.466642392952396,0.05085910652920962,0.15982721382289417,0.9764330449325074
10.493153069336154,0.05121107266435986,0.15982721382289417,0.9766036963088107
10.519663745719908,0.05124653739612189,0.15982721382289417,0.976620761446441
10.546174422103666,0.05131761442441054,0.15982721382289417,0.9766548917217017
10.572685098487424,0.05101327742837177,0.15766738660907129,0.9768255430980051
10.599195774871179,0.05042016806722689,0.15550755939524838,0.9768596733732657
10.625706451254937,0.05063291139240506,0.15550755939524838,0.9769620641990477
10.652217127638695,0.049575070821529746,0.1511879049676026,0.9770985853000904
10.678727804022449,0.04975124378109453,0.1511879049676026,0.9771839109882421
10.705238480406207,0.04985754985754986,0.1511879049676026,0.9772351064011331
10.731749156789965,0.05025125628140704,0.1511879049676026,0.9774228229150668
10.758259833173723,0.049891540130151846,0.1490280777537797,0.9775764091537398
10.784770509557477,0.05029154518950437,0.1490280777537797,0.9777641256676735
10.811281185941235,0.05047549378200439,0.1490280777537797,0.9778494513558252
10.837791862324993,0.05066079295154185,0.1490280777537797,0.9779347770439769
10.864302538708747,0.05096011816838995,0.1490280777537797,0.9780712981450196
10.890813215092505,0.051224944320712694,0.1490280777537797,0.9781907541084319
10.917323891476263,0.050746268656716415,0.1468682505399568,0.9782931449342139
10.943834567860021,0.05093632958801498,0.1468682505399568,0.9783784706223656
10.970345244243775,0.05124340617935192,0.1468682505399568,0.9785149917234083
10.996855920627533,0.05128205128205128,0.1468682505399568,0.9785320568610386
11.023366597011291,0.05155420773313116,0.1468682505399568,0.978651512824451
11.049877273395046,0.051829268292682924,0.1468682505399568,0.9787709687878633
11.076387949778804,0.05134099616858238,0.1447084233261339,0.9788733596136453
11.102898626162562,0.05145929339477726,0.1447084233261339,0.9789245550265363
11.12940930254632,0.051737451737451735,0.1447084233261339,0.9790440109899486
11.155919978930074,0.051897753679318356,0.1447084233261339,0.97911227154047
11.182430655313832,0.05201863354037267,0.1447084233261339,0.979163466953361
11.20894133169759,0.05218068535825545,0.1447084233261339,0.9792317275038823
11.235452008081344,0.050940438871473356,0.14038876889848811,0.9793341183296643
11.261962684465102,0.05110062893081761,0.14038876889848811,0.9794023788801857
11.28847336084886,0.05130228887134965,0.14038876889848811,0.9794877045683373
11.314984037232618,0.051669316375198726,0.14038876889848811,0.9796412908070103
11.341494713616372,0.05179282868525897,0.14038876889848811,0.9796924862199013
11.36800539000013,0.052083333333333336,0.14038876889848811,0.9798119421833137
11.394516066383888,0.05233494363929147,0.14038876889848811,0.9799143330090957
11.421026742767642,0.05254648342764753,0.14038876889848811,0.9799996586972474
11.4475374191514,0.052759740259740256,0.14038876889848811,0.980084984385399
11.474048095535158,0.05203252032520325,0.13822894168466524,0.9801020495230294
11.500558771918913,0.052202283849918436,0.13822894168466524,0.9801703100735507
11.52706944830267,0.05245901639344262,0.13822894168466524,0.9802727008993327
11.553580124686428,0.05263157894736842,0.13822894168466524,0.980340961449854
11.580090801070186,0.05198019801980198,0.13606911447084233,0.9803921568627451
11.60660147745394,0.05223880597014925,0.13606911447084233,0.9804945476885271
11.633112153837699,0.05232558139534884,0.13606911447084233,0.9805286779637877
11.659622830221457,0.05254378648874062,0.13606911447084233,0.9806140036519394
11.686133506605211,0.052763819095477386,0.13606911447084233,0.9806993293400911
11.712644182988969,0.052941176470588235,0.13606911447084233,0.9807675898906124
11.739154859372727,0.05245346869712352,0.13390928725701945,0.9808870458540249
11.765665535756485,0.05299145299145299,0.13390928725701945,0.9810918275055889
11.79217621214024,0.05312767780634105,0.13390928725701945,0.9811430229184799
11.818686888523997,0.05344827586206897,0.13390928725701945,0.9812624788818922
11.845197564907755,0.053726169844020795,0.13390928725701945,0.9813648697076742
11.87170824129151,0.05391304347826087,0.13390928725701945,0.9814331302581956
11.898218917675267,0.05249343832020997,0.12958963282937366,0.9815184559463472
11.924729594059025,0.05263157894736842,0.12958963282937366,0.9815696513592382
11.951240270442783,0.0528169014084507,0.12958963282937366,0.9816379119097596
11.977750946826538,0.05309734513274336,0.12958963282937366,0.9817403027355416
12.004261623210295,0.052444444444444446,0.12742980561555076,0.9818085632860629
12.030772299594053,0.0518783542039356,0.12526997840172785,0.9819109541118449
12.057282975977808,0.052158273381294966,0.12526997840172785,0.9820133449376269
12.083793652361566,0.052346570397111915,0.12526997840172785,0.9820816054881483
12.110304328745324,0.051677243880326386,0.12311015118790497,0.9821498660386696
12.136815005129082,0.05191256830601093,0.12311015118790497,0.9822351917268213
12.163325681512836,0.05215004574565416,0.12311015118790497,0.982320517414973
12.189836357896594,0.052486187845303865,0.12311015118790497,0.9824399733783853
12.216347034280352,0.051899907321594066,0.12095032397408208,0.9825423642041673
12.242857710664106,0.052093023255813956,0.12095032397408208,0.9826106247546886
12.269368387047864,0.05228758169934641,0.12095032397408208,0.98267888530521
12.295879063431622,0.05248359887535145,0.12095032397408208,0.9827471458557313
12.32238973981538,0.05273069679849341,0.12095032397408208,0.982832471543883
12.348900416199134,0.052930056710775046,0.12095032397408208,0.9829007320944043
12.375411092582892,0.05303030303030303,0.12095032397408208,0.982934862369665
12.40192176896665,0.0532825880114177,0.12095032397408208,0.9830201880578167
12.428432445350404,0.05353728489483748,0.12095032397408208,0.9831055137459683
12.454943121734162,0.053691275167785234,0.12095032397408208,0.9831567091588593
12.48145379811792,0.053691275167785234,0.12095032397408208,0.9831567091588593
12.507964474501675,0.053794428434197884,0.12095032397408208,0.98319083943412
12.534475150885433,0.05400192864030858,0.12095032397408208,0.9832590999846413
12.56098582726919,0.05339805825242718,0.11879049676025918,0.9833614908104233
12.587496503652948,0.053554040895813046,0.11879049676025918,0.9834126862233143
12.614007180036703,0.05386875612144956,0.11879049676025918,0.9835150770490964
12.64051785642046,0.054294175715695954,0.11879049676025918,0.983651598150139
12.667028532804219,0.05461767626613704,0.11879049676025918,0.9837539889759211
12.693539209187973,0.054835493519441676,0.11879049676025918,0.9838222495264425
12.720049885571731,0.053946053946053944,0.11663066954643629,0.9838393146640728
12.746560561955489,0.053,0.11447084233261338,0.9838393146640728
12.773071238339247,0.05331991951710262,0.11447084233261338,0.9839417054898548
12.799581914723001,0.05337361530715005,0.11447084233261338,0.9839587706274852
12.82609259110676,0.05353535353535353,0.11447084233261338,0.9840099660403762
12.852603267490517,0.05380710659898477,0.11447084233261338,0.9840952917285278
12.879113943874271,0.05408163265306123,0.11447084233261338,0.9841806174166795
12.90562462025803,0.05424769703172978,0.11447084233261338,0.9842318128295705
12.932135296641787,0.053663570691434466,0.11231101511879049,0.9843512687929828
12.958645973025545,0.0538860103626943,0.11231101511879049,0.9844195293435042
12.9851566494093,0.05416666666666667,0.11231101511879049,0.9845048550316559
13.011667325793058,0.054336468129571575,0.11231101511879049,0.9845560504445469
13.038178002176815,0.05445026178010471,0.11231101511879049,0.9845901807198075
13.06468867856057,0.05456453305351522,0.11231101511879049,0.9846243109950682
13.091199354944328,0.05473684210526316,0.11231101511879049,0.9846755064079592
13.117710031328086,0.05514316012725345,0.11231101511879049,0.9847949623713715
13.144220707711844,0.055201698513800426,0.11231101511879049,0.9848120275090019
13.170731384095598,0.05543710021321962,0.11231101511879049,0.9848802880595232
13.197242060479356,0.055734190782422297,0.11231101511879049,0.9849656137476749
13.223752736863114,0.05603448275862069,0.11231101511879049,0.9850509394358266
13.250263413246868,0.05639913232104121,0.11231101511879049,0.9851533302616086
13.276774089630626,0.05689277899343545,0.11231101511879049,0.9852898513626512
13.303284766014384,0.0570801317233809,0.11231101511879049,0.9853410467755422
13.329795442398138,0.05622932745314223,0.1101511879049676,0.9853922421884332
13.356306118781896,0.0565410199556541,0.1101511879049676,0.9854775678765849
13.382816795165654,0.05679287305122494,0.1101511879049676,0.9855458284271063
13.409327471549412,0.05698324022346369,0.1101511879049676,0.9855970238399973
13.435838147933167,0.05605381165919283,0.1079913606911447,0.9856311541152579
13.462348824316924,0.0562429696287964,0.1079913606911447,0.9856823495281489
13.488859500700682,0.056433408577878104,0.1079913606911447,0.9857335449410399
13.515370177084437,0.05549263873159683,0.10583153347732181,0.9857676752163006
13.541880853468195,0.055872291904218926,0.10583153347732181,0.9858700660420826
13.568391529851953,0.056,0.10583153347732181,0.9859041963173433
13.59490220623571,0.05638665132336018,0.10583153347732181,0.9860065871431253
13.621412882619465,0.056910569105691054,0.10583153347732181,0.986143108244168
13.647923559003223,0.05710955710955711,0.10583153347732181,0.986194303657059
13.67443423538698,0.05730994152046784,0.10583153347732181,0.98624549906995
13.700944911770735,0.05744431418522861,0.10583153347732181,0.9862796293452106
13.727455588154493,0.05778301886792453,0.10583153347732181,0.9863649550333623
13.753966264538251,0.05680473372781065,0.10367170626349892,0.986399085308623
13.780476940922009,0.05693950177935943,0.10367170626349892,0.9864332155838836
13.806987617305763,0.057007125890736345,0.10367170626349892,0.986450280721514
13.833498293689521,0.05608591885441527,0.10151187904967603,0.986501476134405
13.86000897007328,0.055222088835534214,0.09935205183585313,0.9865697366849263
13.886519646457034,0.05548854041013269,0.09935205183585313,0.9866379972354477
13.913030322840791,0.05569007263922518,0.09935205183585313,0.9866891926483388
13.93954099922455,0.05596107055961071,0.09935205183585313,0.9867574531988601
13.966051675608307,0.0550122249388753,0.09719222462203024,0.9868086486117511
13.992562351992062,0.05507955936352509,0.09719222462203024,0.9868257137493814
14.01907302837582,0.055487053020961775,0.09719222462203024,0.9869281045751634
14.045583704759578,0.055900621118012424,0.09719222462203024,0.9870304954009455
14.072094381143332,0.05610972568578554,0.09719222462203024,0.9870816908138365
14.09860505752709,0.05625,0.09719222462203024,0.9871158210890971
14.125115733910848,0.056461731493099125,0.09719222462203024,0.9871670165019881
14.151626410294602,0.056890012642225034,0.09719222462203024,0.9872694073277701
14.17813708667836,0.057034220532319393,0.09719222462203024,0.9873035376030308
14.204647763062118,0.05717916137229987,0.09719222462203024,0.9873376678782915
14.231158439445876,0.05784061696658098,0.09719222462203024,0.9874912541169645
14.25766911582963,0.05806451612903226,0.09719222462203024,0.9875424495298555
14.284179792213388,0.05813953488372093,0.09719222462203024,0.9875595146674858
14.310690468597146,0.05859375,0.09719222462203024,0.9876619054932678
14.3372011449809,0.05759162303664921,0.09503239740820735,0.9877131009061588
14.363711821364658,0.05804749340369393,0.09503239740820735,0.9878154917319408
14.390222497748416,0.0582010582010582,0.09503239740820735,0.9878496220072015
14.416733174132174,0.058355437665782495,0.09503239740820735,0.9878837522824622
14.443243850515929,0.05843293492695883,0.09503239740820735,0.9879008174200925
14.469754526899687,0.058666666666666666,0.09503239740820735,0.9879520128329835
14.496265203283444,0.058981233243967826,0.09503239740820735,0.9880202733835048
14.522775879667199,0.05913978494623656,0.09503239740820735,0.9880544036587655
14.549286556050957,0.05929919137466307,0.09503239740820735,0.9880885339340262
14.575797232434715,0.05953991880920163,0.09503239740820735,0.9881397293469172
14.602307908818473,0.05858310626702997,0.09287257019438445,0.9882079898974385
14.628818585202227,0.058823529411764705,0.09287257019438445,0.9882591853103295
14.655329261585985,0.0589041095890411,0.09287257019438445,0.9882762504479599
14.681839937969743,0.059065934065934064,0.09287257019438445,0.9883103807232205
14.708350614353497,0.059474412171507604,0.09287257019438445,0.9883957064113722
14.734861290737255,0.0599721059972106,0.09287257019438445,0.9884980972371542
14.761371967121013,0.06022408963585434,0.09287257019438445,0.9885492926500452
14.787882643504771,0.06056338028169014,0.09287257019438445,0.9886175532005665
14.814393319888525,0.0594059405940594,0.09071274298056156,0.9886516834758272
14.840903996272283,0.05982905982905983,0.09071274298056156,0.9887370091639789
14.867414672656041,0.058823529411764705,0.08855291576673865,0.9888052697145002
14.893925349039796,0.058992805755395686,0.08855291576673865,0.9888393999897609
14.920436025423554,0.059506531204644414,0.08855291576673865,0.9889417908155429
14.946946701807311,0.0597667638483965,0.08855291576673865,0.9889929862284339
14.973457378191066,0.060117302052785926,0.08855291576673865,0.9890612467789552
14.999968054574824,0.060294117647058824,0.08855291576673865,0.9890953770542159
15.026478730958582,0.060561299852289516,0.08855291576673865,0.9891465724671069
15.05298940734234,0.05925925925925926,0.08639308855291576,0.9891636376047372
15.079500083726094,0.05934718100890208,0.08639308855291576,0.9891807027423676
15.106010760109852,0.05952380952380952,0.08639308855291576,0.9892148330176282
15.13252143649361,0.059880239520958084,0.08639308855291576,0.9892830935681496
15.159032112877364,0.060514372163388806,0.08639308855291576,0.9894025495315619
15.185542789261122,0.060790273556231005,0.08639308855291576,0.9894537449444529
15.21205346564488,0.061068702290076333,0.08639308855291576,0.9895049403573439
15.238564142028638,0.0571870170015456,0.07991360691144708,0.9895902660454956
15.265074818412392,0.0571870170015456,0.07991360691144708,0.9895902660454956
15.29158549479615,0.05736434108527132,0.07991360691144708,0.9896243963207563
15.318096171179908,0.05754276827371695,0.07991360691144708,0.989658526596017
15.344606847563663,0.05763239875389408,0.07991360691144708,0.9896755917336474
15.37111752394742,0.05763239875389408,0.07991360691144708,0.9896755917336474
15.397628200331178,0.057902973395931145,0.07991360691144708,0.9897267871465384
15.424138876714936,0.05660377358490566,0.07775377969762419,0.9897609174217991
15.45064955309869,0.05687203791469194,0.07775377969762419,0.9898121128346901
15.477160229482449,0.057233704292527825,0.07775377969762419,0.9898803733852114
15.503670905866207,0.05741626794258373,0.07775377969762419,0.9899145036604721
15.530181582249961,0.0576,0.07775377969762419,0.9899486339357327
15.556692258633719,0.057692307692307696,0.07775377969762419,0.9899656990733631
15.583202935017477,0.05778491171749599,0.07775377969762419,0.9899827642109934
15.609713611401235,0.05825242718446602,0.07775377969762419,0.9900680898991451
15.636224287784989,0.05863192182410423,0.07775377969762419,0.9901363504496664
15.662734964168747,0.058919803600654665,0.07775377969762419,0.9901875458625574
15.689245640552505,0.05930807248764415,0.07775377969762419,0.9902558064130788
15.71575631693626,0.0594059405940594,0.07775377969762419,0.9902728715507091
15.742266993320017,0.059900166389351084,0.07775377969762419,0.9903581972388608
15.768777669703775,0.05862646566164154,0.0755939524838013,0.9904093926517518
15.795288346087533,0.058922558922558925,0.0755939524838013,0.9904605880646428
15.821799022471287,0.05922165820642978,0.0755939524838013,0.9905117834775338
15.848309698855045,0.059625212947189095,0.0755939524838013,0.9905800440280551
15.874820375238803,0.05821917808219178,0.0734341252699784,0.9906141743033158
15.901331051622558,0.058519793459552494,0.0734341252699784,0.9906653697162068
15.927841728006316,0.058823529411764705,0.0734341252699784,0.9907165651290978
15.954352404390074,0.058925476603119586,0.0734341252699784,0.9907336302667281
15.980863080773828,0.058925476603119586,0.0734341252699784,0.9907336302667281
16.007373757157588,0.059130434782608696,0.0734341252699784,0.9907677605419888
16.033884433541346,0.05944055944055944,0.0734341252699784,0.9908189559548798
16.060395109925103,0.05975395430579965,0.0734341252699784,0.9908701513677708
16.086905786308854,0.059964726631393295,0.0734341252699784,0.9909042816430315
16.113416462692612,0.06017699115044248,0.0734341252699784,0.9909384119182921
16.13992713907637,0.060498220640569395,0.0734341252699784,0.9909896073311831
16.166437815460128,0.06082289803220036,0.0734341252699784,0.9910408027440741
16.192948491843886,0.06104129263913824,0.0734341252699784,0.9910749330193348
16.219459168227644,0.06126126126126126,0.0734341252699784,0.9911090632945955
16.245969844611402,0.06148282097649186,0.0734341252699784,0.9911431935698561
16.272480520995153,0.06159420289855073,0.0734341252699784,0.9911602587074865
16.29899119737891,0.06204379562043796,0.0734341252699784,0.9912285192580078
16.32550187376267,0.06227106227106227,0.0734341252699784,0.9912626495332685
16.352012550146426,0.06273062730627306,0.0734341252699784,0.9913309100837898
16.378523226530184,0.06307977736549165,0.0734341252699784,0.9913821054966808
16.405033902913942,0.06343283582089553,0.0734341252699784,0.9914333009095718
16.4315445792977,0.06355140186915888,0.0734341252699784,0.9914503660472022
16.45805525568145,0.06378986866791744,0.0734341252699784,0.9914844963224628
16.48456593206521,0.06390977443609022,0.0734341252699784,0.9915015614600932
16.511076608448967,0.06463878326996197,0.0734341252699784,0.9916039522858752
16.537587284832725,0.06476190476190476,0.0734341252699784,0.9916210174235055
16.564097961216483,0.06476190476190476,0.0734341252699784,0.9916210174235055
16.59060863760024,0.06525911708253358,0.0734341252699784,0.9916892779740268
16.617119313984,0.06563706563706563,0.0734341252699784,0.9917404733869178
16.64362999036775,0.06614785992217899,0.0734341252699784,0.9918087339374392
16.670140666751507,0.06653620352250489,0.0734341252699784,0.9918599293503302
16.696651343135265,0.06679764243614932,0.0734341252699784,0.9918940596255909
16.723162019519023,0.0670611439842209,0.0734341252699784,0.9919281899008515
16.74967269590278,0.06746031746031746,0.0734341252699784,0.9919793853137425
16.77618337228654,0.06746031746031746,0.0734341252699784,0.9919793853137425
16.80269404867029,0.068,0.0734341252699784,0.9920476458642639
16.829204725054048,0.06827309236947791,0.0734341252699784,0.9920817761395245
16.855715401437806,0.06841046277665996,0.0734341252699784,0.9920988412771549
16.882226077821564,0.06841046277665996,0.0734341252699784,0.9920988412771549
16.90873675420532,0.06910569105691057,0.0734341252699784,0.9921841669653065
16.93524743058908,0.06938775510204082,0.0734341252699784,0.9922182972405672
16.961758106972837,0.06967213114754098,0.0734341252699784,0.9922524275158279
16.988268783356588,0.06981519507186858,0.0734341252699784,0.9922694926534582
17.014779459740346,0.06995884773662552,0.0734341252699784,0.9922865577910885
17.041290136124104,0.07039337474120083,0.0734341252699784,0.9923377532039795
17.067800812507862,0.06875,0.07127429805615551,0.9923718834792402
17.09431148889162,0.06947368421052631,0.07127429805615551,0.9924572091673919
17.120822165275378,0.07021276595744681,0.07127429805615551,0.9925425348555436
17.147332841659136,0.07036247334754797,0.07127429805615551,0.9925595999931739
17.173843518042887,0.07051282051282051,0.07127429805615551,0.9925766651308042
17.200354194426644,0.07096774193548387,0.07127429805615551,0.9926278605436953
17.226864870810402,0.07096774193548387,0.07127429805615551,0.9926278605436953
17.25337554719416,0.06739130434782609,0.06695464362850972,0.9926790559565863
17.27988622357792,0.06798245614035088,0.06695464362850972,0.9927473165071077
17.306396899961676,0.06828193832599119,0.06695464362850972,0.9927814467823683
17.332907576345434,0.06873614190687362,0.06695464362850972,0.9928326421952594
17.359418252729185,0.06873614190687362,0.06695464362850972,0.9928326421952594
17.385928929112943,0.06888888888888889,0.06695464362850972,0.9928497073328897
17.4124396054967,0.06919642857142858,0.06695464362850972,0.9928838376081504
17.43895028188046,0.06919642857142858,0.06695464362850972,0.9928838376081504
17.465460958264217,0.06919642857142858,0.06695464362850972,0.9928838376081504
17.491971634647975,0.06726457399103139,0.06479481641468683,0.9929009027457807
17.518482311031732,0.06575963718820861,0.06263498920086392,0.992969163296302
17.544992987415483,0.06636155606407322,0.06263498920086392,0.9930374238468234
17.57150366379924,0.06636155606407322,0.06263498920086392,0.9930374238468234
17.598014340183,0.06651376146788991,0.06263498920086392,0.9930544889844537
17.624525016566757,0.06666666666666667,0.06263498920086392,0.993071554122084
17.651035692950515,0.06496519721577726,0.06047516198704104,0.993122749534975
17.677546369334273,0.06526806526806526,0.06047516198704104,0.9931568798102357
17.70405704571803,0.06572769953051644,0.06047516198704104,0.9932080752231267
17.73056772210178,0.06572769953051644,0.06047516198704104,0.9932080752231267
17.75707839848554,0.06572769953051644,0.06047516198704104,0.9932080752231267
17.783589074869298,0.06572769953051644,0.06047516198704104,0.9932080752231267
17.810099751253055,0.06398104265402843,0.058315334773218146,0.9932592706360177
17.836610427636813,0.06428571428571428,0.058315334773218146,0.9932934009112784
17.86312110402057,0.06443914081145585,0.058315334773218146,0.9933104660489087
17.88963178040433,0.06490384615384616,0.058315334773218146,0.9933616614617997
17.91614245678808,0.06521739130434782,0.058315334773218146,0.9933957917370604
17.942653133171838,0.06537530266343826,0.058315334773218146,0.9934128568746907
17.969163809555596,0.06553398058252427,0.058315334773218146,0.993429922012321
17.995674485939354,0.06585365853658537,0.058315334773218146,0.9934640522875817
18.02218516232311,0.06633906633906633,0.058315334773218146,0.9935152477004727
18.04869583870687,0.06666666666666667,0.058315334773218146,0.9935493779757334
18.075206515090628,0.06683168316831684,0.058315334773218146,0.9935664431133637
18.10171719147438,0.06699751861042183,0.058315334773218146,0.9935835082509941
18.128227867858136,0.06699751861042183,0.058315334773218146,0.9935835082509941
18.154738544241894,0.06699751861042183,0.058315334773218146,0.9935835082509941
18.181249220625652,0.0675,0.058315334773218146,0.9936347036638851
18.20775989700941,0.0675,0.058315334773218146,0.9936347036638851
18.234270573393168,0.0678391959798995,0.058315334773218146,0.9936688339391457
18.260781249776926,0.06818181818181818,0.058315334773218146,0.9937029642144064
18.287291926160677,0.06835443037974684,0.058315334773218146,0.9937200293520367
18.313802602544435,0.06887755102040816,0.058315334773218146,0.9937712247649277
18.340313278928193,0.06666666666666667,0.056155507559395246,0.9937882899025581
18.36682395531195,0.06718346253229975,0.056155507559395246,0.9938394853154491
18.39333463169571,0.06735751295336788,0.056155507559395246,0.9938565504530794
18.419845308079466,0.06753246753246753,0.056155507559395246,0.9938736155907097
18.446355984463224,0.06753246753246753,0.056155507559395246,0.9938736155907097
18.472866660846975,0.06753246753246753,0.056155507559395246,0.9938736155907097
18.499377337230733,0.06753246753246753,0.056155507559395246,0.9938736155907097
18.52588801361449,0.06770833333333333,0.056155507559395246,0.9938906807283401
18.55239868999825,0.06806282722513089,0.056155507559395246,0.9939248110036007
18.578909366382007,0.06824146981627296,0.056155507559395246,0.9939418761412311
18.605420042765758,0.06842105263157895,0.056155507559395246,0.9939589412788614
18.631930719149516,0.06878306878306878,0.056155507559395246,0.9939930715541221
18.658441395533274,0.06914893617021277,0.056155507559395246,0.9940272018293828
18.68495207191703,0.06914893617021277,0.056155507559395246,0.9940272018293828
18.71146274830079,0.06914893617021277,0.056155507559395246,0.9940272018293828
18.737973424684547,0.06951871657754011,0.056155507559395246,0.9940613321046434
18.764484101068305,0.06951871657754011,0.056155507559395246,0.9940613321046434
18.790994777452056,0.06720430107526881,0.05399568034557235,0.9940783972422738
18.817505453835814,0.06756756756756757,0.05399568034557235,0.9941125275175344
18.844016130219572,0.06775067750677506,0.05399568034557235,0.9941295926551648
18.87052680660333,0.06830601092896176,0.05399568034557235,0.9941807880680558
18.897037482987088,0.06868131868131869,0.05399568034557235,0.9942149183433164
18.923548159370846,0.06887052341597796,0.05399568034557235,0.9942319834809468
18.950058835754596,0.06906077348066299,0.05399568034557235,0.9942490486185771
18.976569512138354,0.06685236768802229,0.05183585313174946,0.9942831788938378
19.003080188522112,0.0670391061452514,0.05183585313174946,0.9943002440314681
19.02959086490587,0.06722689075630252,0.05183585313174946,0.9943173091690984
19.056101541289628,0.06741573033707865,0.05183585313174946,0.9943343743067288
19.082612217673386,0.06741573033707865,0.05183585313174946,0.9943343743067288
19.109122894057144,0.06741573033707865,0.05183585313174946,0.9943343743067288
19.135633570440895,0.06741573033707865,0.05183585313174946,0.9943343743067288
19.162144246824653,0.0676056338028169,0.05183585313174946,0.9943514394443591
19.18865492320841,0.06779661016949153,0.05183585313174946,0.9943685045819894
19.21516559959217,0.06534090909090909,0.04967602591792657,0.9943855697196198
19.241676275975927,0.0659025787965616,0.04967602591792657,0.9944367651325108
19.268186952359684,0.06609195402298851,0.04967602591792657,0.9944538302701411
19.294697628743442,0.06647398843930635,0.04967602591792657,0.9944879605454018
19.321208305127193,0.06647398843930635,0.04967602591792657,0.9944879605454018
19.34771898151095,0.06686046511627906,0.04967602591792657,0.9945220908206625
19.37422965789471,0.06725146198830409,0.04967602591792657,0.9945562210959231
19.400740334278467,0.06725146198830409,0.04967602591792657,0.9945562210959231
19.427251010662225,0.06764705882352941,0.04967602591792657,0.9945903513711838
19.453761687045983,0.06764705882352941,0.04967602591792657,0.9945903513711838
19.48027236342974,0.06784660766961652,0.04967602591792657,0.9946074165088141
19.50678303981349,0.06784660766961652,0.04967602591792657,0.9946074165088141
19.53329371619725,0.06784660766961652,0.04967602591792657,0.9946074165088141
19.559804392581007,0.06784660766961652,0.04967602591792657,0.9946074165088141
19.586315068964765,0.06865671641791045,0.04967602591792657,0.9946756770593355
19.612825745348523,0.0688622754491018,0.04967602591792657,0.9946927421969658
19.63933642173228,0.06906906906906907,0.04967602591792657,0.9947098073345961
19.66584709811604,0.06927710843373494,0.04967602591792657,0.9947268724722265
19.69235777449979,0.06948640483383686,0.04967602591792657,0.9947439376098568
19.718868450883548,0.06948640483383686,0.04967602591792657,0.9947439376098568
19.745379127267306,0.0696969696969697,0.04967602591792657,0.9947610027474871
19.771889803651064,0.06990881458966565,0.04967602591792657,0.9947780678851175
19.79840048003482,0.0701219512195122,0.04967602591792657,0.9947951330227478
19.82491115641858,0.07033639143730887,0.04967602591792657,0.9948121981603781
19.851421832802338,0.07033639143730887,0.04967602591792657,0.9948121981603781
19.87793250918609,0.07120743034055728,0.04967602591792657,0.9948804587108995
19.904443185569846,0.07165109034267912,0.04967602591792657,0.9949145889861601
19.930953861953604,0.07210031347962383,0.04967602591792657,0.9949487192614208
19.957464538337362,0.07232704402515723,0.04967602591792657,0.9949657843990511
19.98397521472112,0.07232704402515723,0.04967602591792657,0.9949657843990511
20.010485891104878,0.07051282051282051,0.047516198704103674,0.9950511100872028
20.036996567488636,0.0707395498392283,0.047516198704103674,0.9950681752248332
20.063507243872387,0.07142857142857142,0.047516198704103674,0.9951193706377242
20.090017920256145,0.07213114754098361,0.047516198704103674,0.9951705660506152
20.116528596639903,0.0728476821192053,0.047516198704103674,0.9952217614635062
20.14303927302366,0.07333333333333333,0.047516198704103674,0.9952558917387668
20.16954994940742,0.07333333333333333,0.047516198704103674,0.9952558917387668
20.196060625791176,0.07333333333333333,0.047516198704103674,0.9952558917387668
20.222571302174934,0.07357859531772576,0.047516198704103674,0.9952729568763972
20.249081978558685,0.0738255033557047,0.047516198704103674,0.9952900220140275
20.275592654942443,0.07432432432432433,0.047516198704103674,0.9953241522892882
20.3021033313262,0.07482993197278912,0.047516198704103674,0.9953582825645488
20.32861400770996,0.07534246575342465,0.047516198704103674,0.9953924128398095
20.355124684093717,0.07586206896551724,0.047516198704103674,0.9954265431150702
20.381635360477475,0.07665505226480836,0.047516198704103674,0.9954777385279612
20.408146036861233,0.07665505226480836,0.047516198704103674,0.9954777385279612
20.434656713244983,0.07692307692307693,0.047516198704103674,0.9954948036655915
20.46116738962874,0.07773851590106007,0.047516198704103674,0.9955459990784825
20.4876780660125,0.07773851590106007,0.047516198704103674,0.9955459990784825
20.514188742396257,0.07829181494661921,0.047516198704103674,0.9955801293537433
20.540699418780015,0.07857142857142857,0.047516198704103674,0.9955971944913736
20.567210095163773,0.07885304659498207,0.047516198704103674,0.995614259629004
20.59372077154753,0.07553956834532374,0.04535637149028078,0.995614259629004
20.620231447931282,0.07220216606498195,0.04319654427645788,0.995614259629004
20.64674212431504,0.07272727272727272,0.04319654427645788,0.9956483899042646
20.673252800698798,0.07272727272727272,0.04319654427645788,0.9956483899042646
20.699763477082556,0.07272727272727272,0.04319654427645788,0.9956483899042646
20.726274153466314,0.06934306569343066,0.04103671706263499,0.9956483899042646
20.75278482985007,0.0695970695970696,0.04103671706263499,0.995665455041895
20.779295506233822,0.06985294117647059,0.04103671706263499,0.9956825201795253
20.80580618261758,0.07011070110701106,0.04103671706263499,0.9956995853171556
20.832316859001338,0.07116104868913857,0.04103671706263499,0.995767845867677
20.858827535385096,0.07116104868913857,0.04103671706263499,0.995767845867677
20.885338211768854,0.07116104868913857,0.04103671706263499,0.995767845867677
20.911848888152612,0.07142857142857142,0.04103671706263499,0.9957849110053073
20.93835956453637,0.07196969696969698,0.04103671706263499,0.995819041280568
20.96487024092012,0.07196969696969698,0.04103671706263499,0.995819041280568
20.99138091730388,0.07196969696969698,0.04103671706263499,0.995819041280568
21.017891593687636,0.07224334600760456,0.04103671706263499,0.9958361064181983
21.044402270071394,0.07224334600760456,0.04103671706263499,0.9958361064181983
21.070912946455152,0.07279693486590039,0.04103671706263499,0.995870236693459
21.09742362283891,0.07307692307692308,0.04103671706263499,0.9958873018310893
21.123934299222668,0.07003891050583658,0.038876889848812095,0.99592143210635
21.15044497560642,0.07003891050583658,0.038876889848812095,0.99592143210635
21.176955651990177,0.0703125,0.038876889848812095,0.9959384972439803
21.203466328373935,0.0703125,0.038876889848812095,0.9959384972439803
21.229977004757693,0.0703125,0.038876889848812095,0.9959384972439803
21.25648768114145,0.07058823529411765,0.038876889848812095,0.9959555623816106
21.28299835752521,0.07058823529411765,0.038876889848812095,0.9959555623816106
21.309509033908967,0.07114624505928854,0.038876889848812095,0.9959896926568713
21.336019710292717,0.07114624505928854,0.038876889848812095,0.9959896926568713
21.362530386676475,0.07114624505928854,0.038876889848812095,0.9959896926568713
21.389041063060233,0.07171314741035857,0.038876889848812095,0.996023822932132
21.41555173944399,0.07228915662650602,0.038876889848812095,0.9960579532073927
21.44206241582775,0.07228915662650602,0.038876889848812095,0.9960579532073927
21.468573092211507,0.07228915662650602,0.038876889848812095,0.9960579532073927
21.495083768595265,0.07258064516129033,0.038876889848812095,0.996075018345023
21.521594444979016,0.06938775510204082,0.0367170626349892,0.9961091486202837
21.548105121362774,0.06967213114754098,0.0367170626349892,0.996126213757914
21.57461579774653,0.06967213114754098,0.0367170626349892,0.996126213757914
21.60112647413029,0.06967213114754098,0.0367170626349892,0.996126213757914
21.627637150514047,0.06611570247933884,0.03455723542116631,0.9961432788955443
21.654147826897805,0.06611570247933884,0.03455723542116631,0.9961432788955443
21.680658503281563,0.06611570247933884,0.03455723542116631,0.9961432788955443
21.707169179665314,0.06611570247933884,0.03455723542116631,0.9961432788955443
21.733679856049072,0.06611570247933884,0.03455723542116631,0.9961432788955443
21.76019053243283,0.06639004149377593,0.03455723542116631,0.9961603440331747
21.786701208816588,0.06666666666666667,0.03455723542116631,0.996177409170805
21.813211885200346,0.06694560669456066,0.03455723542116631,0.9961944743084353
21.839722561584104,0.06694560669456066,0.03455723542116631,0.9961944743084353
21.86623323796786,0.06694560669456066,0.03455723542116631,0.9961944743084353
21.892743914351612,0.06722689075630252,0.03455723542116631,0.9962115394460657
21.91925459073537,0.06751054852320675,0.03455723542116631,0.996228604583696
21.94576526711913,0.0635593220338983,0.032397408207343416,0.996228604583696
21.972275943502886,0.0641025641025641,0.032397408207343416,0.9962627348589567
21.998786619886644,0.06437768240343347,0.032397408207343416,0.996279799996587
22.025297296270402,0.06465517241379311,0.032397408207343416,0.9962968651342173
22.05180797265416,0.06521739130434782,0.032397408207343416,0.996330995409478
22.07831864903791,0.06550218340611354,0.032397408207343416,0.9963480605471083
22.10482932542167,0.06550218340611354,0.032397408207343416,0.9963480605471083
22.131340001805427,0.06607929515418502,0.032397408207343416,0.996382190822369
22.157850678189185,0.06637168141592921,0.032397408207343416,0.9963992559599993
22.184361354572943,0.06637168141592921,0.032397408207343416,0.9963992559599993
22.2108720309567,0.06666666666666667,0.032397408207343416,0.9964163210976297
22.23738270734046,0.06696428571428571,0.032397408207343416,0.99643338623526
22.26389338372421,0.06696428571428571,0.032397408207343416,0.99643338623526
22.290404060107967,0.06696428571428571,0.032397408207343416,0.99643338623526
22.316914736491725,0.06696428571428571,0.032397408207343416,0.99643338623526
22.343425412875483,0.06726457399103139,0.032397408207343416,0.9964504513728903
22.36993608925924,0.06756756756756757,0.032397408207343416,0.9964675165105207
22.396446765643,0.06787330316742081,0.032397408207343416,0.996484581648151
22.42295744202675,0.06422018348623854,0.03023758099352052,0.9965187119234117
22.449468118410508,0.06451612903225806,0.03023758099352052,0.996535777061042
22.475978794794266,0.06451612903225806,0.03023758099352052,0.996535777061042
22.502489471178023,0.06451612903225806,0.03023758099352052,0.996535777061042
22.52900014756178,0.06481481481481481,0.03023758099352052,0.9965528421986724
22.55551082394554,0.06481481481481481,0.03023758099352052,0.9965528421986724
22.582021500329297,0.06074766355140187,0.028077753779697623,0.9965699073363027
22.608532176713048,0.06103286384976526,0.028077753779697623,0.996586972473933
22.635042853096806,0.06132075471698113,0.028077753779697623,0.9966040376115634
22.661553529480564,0.061611374407582936,0.028077753779697623,0.9966211027491937
22.688064205864322,0.061611374407582936,0.028077753779697623,0.9966211027491937
22.71457488224808,0.061611374407582936,0.028077753779697623,0.9966211027491937
22.741085558631838,0.06190476190476191,0.028077753779697623,0.996638167886824
22.767596235015596,0.06190476190476191,0.028077753779697623,0.996638167886824
22.794106911399346,0.06220095693779904,0.028077753779697623,0.9966552330244544
22.820617587783104,0.06220095693779904,0.028077753779697623,0.9966552330244544
22.847128264166862,0.06220095693779904,0.028077753779697623,0.9966552330244544
22.87363894055062,0.06220095693779904,0.028077753779697623,0.9966552330244544
22.900149616934378,0.06220095693779904,0.028077753779697623,0.9966552330244544
22.926660293318136,0.057971014492753624,0.02591792656587473,0.9966722981620847
22.953170969701894,0.05825242718446602,0.02591792656587473,0.996689363299715
22.979681646085645,0.058823529411764705,0.02591792656587473,0.9967234935749757
23.006192322469403,0.0594059405940594,0.02591792656587473,0.9967576238502364
23.03270299885316,0.05970149253731343,0.02591792656587473,0.9967746889878667
23.05921367523692,0.05970149253731343,0.02591792656587473,0.9967746889878667
23.085724351620676,0.06,0.02591792656587473,0.996791754125497
23.112235028004434,0.06,0.02591792656587473,0.996791754125497
23.138745704388192,0.06030150753768844,0.02591792656587473,0.9968088192631274
23.165256380771943,0.06030150753768844,0.02591792656587473,0.9968088192631274
23.1917670571557,0.06030150753768844,0.02591792656587473,0.9968088192631274
23.21827773353946,0.06030150753768844,0.02591792656587473,0.9968088192631274
23.244788409923217,0.06030150753768844,0.02591792656587473,0.9968088192631274
23.271299086306975,0.06030150753768844,0.02591792656587473,0.9968088192631274
23.297809762690733,0.06030150753768844,0.02591792656587473,0.9968088192631274
23.32432043907449,0.06060606060606061,0.02591792656587473,0.9968258844007577
23.35083111545824,0.06060606060606061,0.02591792656587473,0.9968258844007577
23.377341791842,0.06060606060606061,0.02591792656587473,0.9968258844007577
23.403852468225757,0.06060606060606061,0.02591792656587473,0.9968258844007577
23.430363144609515,0.06060606060606061,0.02591792656587473,0.9968258844007577
23.456873820993273,0.06060606060606061,0.02591792656587473,0.9968258844007577
23.48338449737703,0.06091370558375635,0.02591792656587473,0.996842949538388
23.50989517376079,0.06091370558375635,0.02591792656587473,0.996842949538388
23.53640585014454,0.06091370558375635,0.02591792656587473,0.996842949538388
23.562916526528298,0.06153846153846154,0.02591792656587473,0.9968770798136487
23.589427202912056,0.061855670103092786,0.02591792656587473,0.996894144951279
23.615937879295814,0.06217616580310881,0.02591792656587473,0.9969112100889094
23.64244855567957,0.06217616580310881,0.02591792656587473,0.9969112100889094
23.66895923206333,0.06217616580310881,0.02591792656587473,0.9969112100889094
23.695469908447087,0.06315789473684211,0.02591792656587473,0.9969624055018004
23.72198058483084,0.06349206349206349,0.02591792656587473,0.9969794706394307
23.748491261214596,0.06382978723404255,0.02591792656587473,0.996996535777061
23.775001937598354,0.06486486486486487,0.02591792656587473,0.997047731189952
23.801512613982112,0.06593406593406594,0.02591792656587473,0.997098926602843
23.82802329036587,0.06629834254143646,0.02591792656587473,0.9971159917404734
23.854533966749628,0.06666666666666667,0.02591792656587473,0.9971330568781037
23.881044643133386,0.06666666666666667,0.02591792656587473,0.9971330568781037
23.907555319517137,0.06666666666666667,0.02591792656587473,0.9971330568781037
23.934065995900895,0.06741573033707865,0.02591792656587473,0.9971671871533644
23.960576672284652,0.06741573033707865,0.02591792656587473,0.9971671871533644
23.98708734866841,0.06779661016949153,0.02591792656587473,0.9971842522909947
24.01359802505217,0.06285714285714286,0.023758099352051837,0.9972013174286251
24.040108701435926,0.06321839080459771,0.023758099352051837,0.9972183825662554
24.066619377819684,0.057803468208092484,0.02159827213822894,0.9972183825662554
24.093130054203435,0.057803468208092484,0.02159827213822894,0.9972183825662554
24.119640730587193,0.057803468208092484,0.02159827213822894,0.9972183825662554
24.14615140697095,0.057803468208092484,0.02159827213822894,0.9972183825662554
24.17266208335471,0.05847953216374269,0.02159827213822894,0.9972525128415161
24.199172759738467,0.058823529411764705,0.02159827213822894,0.9972695779791464
24.225683436122225,0.05917159763313609,0.02159827213822894,0.9972866431167767
24.252194112505975,0.059880239520958084,0.02159827213822894,0.9973207733920374
24.278704788889733,0.059880239520958084,0.02159827213822894,0.9973207733920374
24.30521546527349,0.059880239520958084,0.02159827213822894,0.9973207733920374
24.33172614165725,0.059880239520958084,0.02159827213822894,0.9973207733920374
24.358236818041007,0.060240963855421686,0.02159827213822894,0.9973378385296677
24.384747494424765,0.06134969325153374,0.02159827213822894,0.9973890339425587
24.411258170808523,0.062111801242236024,0.02159827213822894,0.9974231642178194
24.437768847192274,0.062111801242236024,0.02159827213822894,0.9974231642178194
24.46427952357603,0.062111801242236024,0.02159827213822894,0.9974231642178194
24.49079019995979,0.062111801242236024,0.02159827213822894,0.9974231642178194
24.517300876343548,0.062111801242236024,0.02159827213822894,0.9974231642178194
24.543811552727306,0.062111801242236024,0.02159827213822894,0.9974231642178194
24.570322229111063,0.062111801242236024,0.02159827213822894,0.9974231642178194
24.59683290549482,0.062111801242236024,0.02159827213822894,0.9974231642178194
24.623343581878572,0.062111801242236024,0.02159827213822894,0.9974231642178194
24.64985425826233,0.062111801242236024,0.02159827213822894,0.9974231642178194
24.676364934646088,0.0625,0.02159827213822894,0.9974402293554497
24.702875611029846,0.06289308176100629,0.02159827213822894,0.9974572944930801
24.729386287413604,0.06329113924050633,0.02159827213822894,0.9974743596307104
24.755896963797362,0.06329113924050633,0.02159827213822894,0.9974743596307104
24.78240764018112,0.06329113924050633,0.02159827213822894,0.9974743596307104
24.80891831656487,0.06329113924050633,0.02159827213822894,0.9974743596307104
24.83542899294863,0.06369426751592357,0.02159827213822894,0.9974914247683407
24.861939669332386,0.06369426751592357,0.02159827213822894,0.9974914247683407
24.888450345716144,0.0641025641025641,0.02159827213822894,0.9975084899059711
24.914961022099902,0.06451612903225806,0.02159827213822894,0.9975255550436014
24.94147169848366,0.06493506493506493,0.02159827213822894,0.9975426201812317
24.967982374867418,0.06535947712418301,0.02159827213822894,0.9975596853188621
24.99449305125117,0.06535947712418301,0.02159827213822894,0.9975596853188621
25.021003727634927,0.06535947712418301,0.02159827213822894,0.9975596853188621
25.047514404018685,0.06666666666666667,0.02159827213822894,0.9976108807317531
25.074025080402443,0.06666666666666667,0.02159827213822894,0.9976108807317531
25.1005357567862,0.06711409395973154,0.02159827213822894,0.9976279458693834
25.12704643316996,0.06756756756756757,0.02159827213822894,0.9976450110070137
25.153557109553716,0.06756756756756757,0.02159827213822894,0.9976450110070137
25.180067785937467,0.06756756756756757,0.02159827213822894,0.9976450110070137
25.206578462321225,0.06756756756756757,0.02159827213822894,0.9976450110070137
25.233089138704983,0.06164383561643835,0.019438444924406047,0.9976620761446441
25.25959981508874,0.06206896551724138,0.019438444924406047,0.9976791412822744
25.2861104914725,0.06206896551724138,0.019438444924406047,0.9976791412822744
25.312621167856257,0.06206896551724138,0.019438444924406047,0.9976791412822744
25.339131844240015,0.06206896551724138,0.019438444924406047,0.9976791412822744
25.365642520623766,0.06206896551724138,0.019438444924406047,0.9976791412822744
25.392153197007524,0.06206896551724138,0.019438444924406047,0.9976791412822744
25.41866387339128,0.0625,0.019438444924406047,0.9976962064199048
25.44517454977504,0.06338028169014084,0.019438444924406047,0.9977303366951654
25.471685226158797,0.06338028169014084,0.019438444924406047,0.9977303366951654
25.498195902542555,0.06338028169014084,0.019438444924406047,0.9977303366951654
25.524706578926313,0.06338028169014084,0.019438444924406047,0.9977303366951654
25.551217255310064,0.06338028169014084,0.019438444924406047,0.9977303366951654
25.577727931693822,0.06382978723404255,0.019438444924406047,0.9977474018327958
25.60423860807758,0.06382978723404255,0.019438444924406047,0.9977474018327958
25.630749284461338,0.06474820143884892,0.019438444924406047,0.9977815321080564
25.657259960845096,0.06521739130434782,0.019438444924406047,0.9977985972456868
25.683770637228854,0.06569343065693431,0.019438444924406047,0.9978156623833171
25.71028131361261,0.06666666666666667,0.019438444924406047,0.9978497926585778
25.736791989996362,0.06666666666666667,0.019438444924406047,0.9978497926585778
25.76330266638012,0.06666666666666667,0.019438444924406047,0.9978497926585778
25.78981334276388,0.06716417910447761,0.019438444924406047,0.9978668577962081
25.816324019147636,0.06716417910447761,0.019438444924406047,0.9978668577962081
25.842834695531394,0.06766917293233082,0.019438444924406047,0.9978839229338384
25.869345371915152,0.06766917293233082,0.019438444924406047,0.9978839229338384
25.89585604829891,0.06766917293233082,0.019438444924406047,0.9978839229338384
25.92236672468266,0.06766917293233082,0.019438444924406047,0.9978839229338384
25.94887740106642,0.06818181818181818,0.019438444924406047,0.9979009880714688
25.975388077450177,0.06818181818181818,0.019438444924406047,0.9979009880714688
26.001898753833935,0.06818181818181818,0.019438444924406047,0.9979009880714688
26.028409430217692,0.06818181818181818,0.019438444924406047,0.9979009880714688
26.05492010660145,0.06818181818181818,0.019438444924406047,0.9979009880714688
26.0814307829852,0.06818181818181818,0.019438444924406047,0.9979009880714688
26.10794145936896,0.06818181818181818,0.019438444924406047,0.9979009880714688
26.134452135752717,0.06818181818181818,0.019438444924406047,0.9979009880714688
26.160962812136475,0.06870229007633588,0.019438444924406047,0.9979180532090991
26.187473488520233,0.06870229007633588,0.019438444924406047,0.9979180532090991
26.21398416490399,0.06923076923076923,0.019438444924406047,0.9979351183467294
26.24049484128775,0.0703125,0.019438444924406047,0.9979692486219901
26.2670055176715,0.0703125,0.019438444924406047,0.9979692486219901
26.293516194055258,0.07086614173228346,0.019438444924406047,0.9979863137596204
26.320026870439015,0.07258064516129033,0.019438444924406047,0.9980375091725114
26.346537546822773,0.07258064516129033,0.019438444924406047,0.9980375091725114
26.37304822320653,0.07258064516129033,0.019438444924406047,0.9980375091725114
26.39955889959029,0.07258064516129033,0.019438444924406047,0.9980375091725114
26.426069575974047,0.07377049180327869,0.019438444924406047,0.9980716394477721
26.452580252357798,0.07377049180327869,0.019438444924406047,0.9980716394477721
26.479090928741556,0.07377049180327869,0.019438444924406047,0.9980716394477721
26.505601605125314,0.07377049180327869,0.019438444924406047,0.9980716394477721
26.53211228150907,0.075,0.019438444924406047,0.9981057697230328
26.55862295789283,0.075,0.019438444924406047,0.9981057697230328
26.585133634276588,0.075,0.019438444924406047,0.9981057697230328
26.611644310660346,0.07627118644067797,0.019438444924406047,0.9981398999982934
26.638154987044096,0.07692307692307693,0.019438444924406047,0.9981569651359238
26.664665663427854,0.07692307692307693,0.019438444924406047,0.9981569651359238
26.691176339811612,0.07692307692307693,0.019438444924406047,0.9981569651359238
26.71768701619537,0.07692307692307693,0.019438444924406047,0.9981569651359238
26.744197692579128,0.07692307692307693,0.019438444924406047,0.9981569651359238
26.770708368962886,0.07692307692307693,0.019438444924406047,0.9981569651359238
26.797219045346644,0.07692307692307693,0.019438444924406047,0.9981569651359238
26.823729721730395,0.07692307692307693,0.019438444924406047,0.9981569651359238
26.850240398114153,0.07692307692307693,0.019438444924406047,0.9981569651359238
26.87675107449791,0.07692307692307693,0.019438444924406047,0.9981569651359238
26.90326175088167,0.07692307692307693,0.019438444924406047,0.9981569651359238
26.929772427265426,0.07692307692307693,0.019438444924406047,0.9981569651359238
26.956283103649184,0.06956521739130435,0.017278617710583154,0.9981740302735541
26.982793780032942,0.07017543859649122,0.017278617710583154,0.9981910954111844
27.009304456416693,0.07017543859649122,0.017278617710583154,0.9981910954111844
27.03581513280045,0.07017543859649122,0.017278617710583154,0.9981910954111844
27.06232580918421,0.07017543859649122,0.017278617710583154,0.9981910954111844
27.088836485567967,0.07142857142857142,0.017278617710583154,0.9982252256864451
27.115347161951725,0.07207207207207207,0.017278617710583154,0.9982422908240755
27.141857838335483,0.07207207207207207,0.017278617710583154,0.9982422908240755
27.16836851471924,0.07272727272727272,0.017278617710583154,0.9982593559617058
27.19487919110299,0.07407407407407407,0.017278617710583154,0.9982934862369665
27.22138986748675,0.07407407407407407,0.017278617710583154,0.9982934862369665
27.247900543870507,0.07407407407407407,0.017278617710583154,0.9982934862369665
27.274411220254265,0.07476635514018691,0.017278617710583154,0.9983105513745968
27.300921896638023,0.07476635514018691,0.017278617710583154,0.9983105513745968
27.32743257302178,0.07547169811320754,0.017278617710583154,0.9983276165122271
27.35394324940554,0.07547169811320754,0.017278617710583154,0.9983276165122271
27.38045392578929,0.07547169811320754,0.017278617710583154,0.9983276165122271
27.406964602173048,0.07547169811320754,0.017278617710583154,0.9983276165122271
27.433475278556806,0.07547169811320754,0.017278617710583154,0.9983276165122271
27.459985954940564,0.07547169811320754,0.017278617710583154,0.9983276165122271
27.48649663132432,0.0761904761904762,0.017278617710583154,0.9983446816498575
27.51300730770808,0.07692307692307693,0.017278617710583154,0.9983617467874878
27.539517984091837,0.07692307692307693,0.017278617710583154,0.9983617467874878
27.566028660475588,0.07692307692307693,0.017278617710583154,0.9983617467874878
27.592539336859346,0.07920792079207921,0.017278617710583154,0.9984129422003788
27.619050013243104,0.07920792079207921,0.017278617710583154,0.9984129422003788
27.645560689626862,0.08,0.017278617710583154,0.9984300073380091
27.67207136601062,0.08,0.017278617710583154,0.9984300073380091
27.698582042394378,0.08080808080808081,0.017278617710583154,0.9984470724756395
27.72509271877813,0.08247422680412371,0.017278617710583154,0.9984812027509001
27.751603395161887,0.08247422680412371,0.017278617710583154,0.9984812027509001
27.778114071545644,0.08247422680412371,0.017278617710583154,0.9984812027509001
27.804624747929402,0.08333333333333333,0.017278617710583154,0.9984982678885305
27.83113542431316,0.07446808510638298,0.01511879049676026,0.9985153330261608
27.85764610069692,0.07608695652173914,0.01511879049676026,0.9985494633014216
27.884156777080676,0.07692307692307693,0.01511879049676026,0.9985665284390519
27.910667453464427,0.07692307692307693,0.01511879049676026,0.9985665284390519
27.937178129848185,0.07692307692307693,0.01511879049676026,0.9985665284390519
27.963688806231943,0.07692307692307693,0.01511879049676026,0.9985665284390519
27.9901994826157,0.07692307692307693,0.01511879049676026,0.9985665284390519
28.01671015899946,0.07692307692307693,0.01511879049676026,0.9985665284390519
28.043220835383217,0.07692307692307693,0.01511879049676026,0.9985665284390519
28.069731511766975,0.07692307692307693,0.01511879049676026,0.9985665284390519
28.096242188150725,0.07777777777777778,0.01511879049676026,0.9985835935766822
28.122752864534483,0.07865168539325842,0.01511879049676026,0.9986006587143126
28.14926354091824,0.07865168539325842,0.01511879049676026,0.9986006587143126
28.175774217302,0.06818181818181818,0.012958963282937365,0.9986006587143126
28.202284893685757,0.06896551724137931,0.012958963282937365,0.9986177238519429
28.228795570069515,0.05813953488372093,0.01079913606911447,0.9986177238519429
28.255306246453273,0.05813953488372093,0.01079913606911447,0.9986177238519429
28.281816922837024,0.058823529411764705,0.01079913606911447,0.9986347889895733
28.30832759922078,0.058823529411764705,0.01079913606911447,0.9986347889895733
28.33483827560454,0.058823529411764705,0.01079913606911447,0.9986347889895733
28.361348951988298,0.05952380952380952,0.01079913606911447,0.9986518541272036
28.387859628372055,0.060240963855421686,0.01079913606911447,0.9986689192648339
28.414370304755813,0.06097560975609756,0.01079913606911447,0.9986859844024643
28.44088098113957,0.06172839506172839,0.01079913606911447,0.9987030495400946
28.467391657523322,0.06329113924050633,0.01079913606911447,0.9987371798153553
28.49390233390708,0.05128205128205128,0.008639308855291577,0.9987371798153553
28.520413010290838,0.05194805194805195,0.008639308855291577,0.9987542449529856
28.546923686674596,0.05333333333333334,0.008639308855291577,0.9987883752282463
28.573434363058354,0.05333333333333334,0.008639308855291577,0.9987883752282463
28.59994503944211,0.05333333333333334,0.008639308855291577,0.9987883752282463
28.62645571582587,0.05333333333333334,0.008639308855291577,0.9987883752282463
28.65296639220962,0.05333333333333334,0.008639308855291577,0.9987883752282463
28.67947706859338,0.05333333333333334,0.008639308855291577,0.9987883752282463
28.705987744977136,0.05405405405405406,0.008639308855291577,0.9988054403658766
28.732498421360894,0.05555555555555555,0.008639308855291577,0.9988395706411373
28.759009097744652,0.05555555555555555,0.008639308855291577,0.9988395706411373
28.78551977412841,0.05555555555555555,0.008639308855291577,0.9988395706411373
28.812030450512168,0.056338028169014086,0.008639308855291577,0.9988566357787676
28.83854112689592,0.056338028169014086,0.008639308855291577,0.9988566357787676
28.865051803279677,0.056338028169014086,0.008639308855291577,0.9988566357787676
28.891562479663435,0.05714285714285714,0.008639308855291577,0.9988737009163979
28.918073156047193,0.05970149253731343,0.008639308855291577,0.9989248963292889
28.94458383243095,0.05970149253731343,0.008639308855291577,0.9989248963292889
28.97109450881471,0.05970149253731343,0.008639308855291577,0.9989248963292889
28.997605185198466,0.05970149253731343,0.008639308855291577,0.9989248963292889
29.024115861582217,0.05970149253731343,0.008639308855291577,0.9989248963292889
29.050626537965975,0.06153846153846154,0.008639308855291577,0.9989590266045496
29.077137214349733,0.0625,0.008639308855291577,0.9989760917421799
29.10364789073349,0.0625,0.008639308855291577,0.9989760917421799
29.13015856711725,0.0625,0.008639308855291577,0.9989760917421799
29.156669243501007,0.0625,0.008639308855291577,0.9989760917421799
29.183179919884765,0.0625,0.008639308855291577,0.9989760917421799
29.209690596268516,0.0625,0.008639308855291577,0.9989760917421799
29.236201272652274,0.0625,0.008639308855291577,0.9989760917421799
29.26271194903603,0.0625,0.008639308855291577,0.9989760917421799
29.28922262541979,0.0625,0.008639308855291577,0.9989760917421799
29.315733301803547,0.06451612903225806,0.008639308855291577,0.9990102220174406
29.342243978187305,0.06451612903225806,0.008639308855291577,0.9990102220174406
29.368754654571063,0.06557377049180328,0.008639308855291577,0.9990272871550709
29.395265330954814,0.06666666666666667,0.008639308855291577,0.9990443522927013
29.421776007338572,0.06666666666666667,0.008639308855291577,0.9990443522927013
29.44828668372233,0.06666666666666667,0.008639308855291577,0.9990443522927013
29.474797360106088,0.06666666666666667,0.008639308855291577,0.9990443522927013
29.501308036489846,0.06666666666666667,0.008639308855291577,0.9990443522927013
29.527818712873604,0.06779661016949153,0.008639308855291577,0.9990614174303316
29.554329389257354,0.06896551724137931,0.008639308855291577,0.999078482567962
29.580840065641112,0.06896551724137931,0.008639308855291577,0.999078482567962
29.60735074202487,0.07142857142857142,0.008639308855291577,0.9991126128432226
29.633861418408628,0.07142857142857142,0.008639308855291577,0.9991126128432226
29.660372094792386,0.07142857142857142,0.008639308855291577,0.9991126128432226
29.686882771176144,0.07272727272727272,0.008639308855291577,0.999129677980853
29.713393447559902,0.07272727272727272,0.008639308855291577,0.999129677980853
29.739904123943653,0.07407407407407407,0.008639308855291577,0.9991467431184833
29.76641480032741,0.07407407407407407,0.008639308855291577,0.9991467431184833
29.79292547671117,0.07547169811320754,0.008639308855291577,0.9991638082561136
29.819436153094927,0.07547169811320754,0.008639308855291577,0.9991638082561136
29.845946829478684,0.07692307692307693,0.008639308855291577,0.999180873393744
29.872457505862442,0.07692307692307693,0.008639308855291577,0.999180873393744
29.8989681822462,0.07692307692307693,0.008639308855291577,0.999180873393744
29.92547885862995,0.07692307692307693,0.008639308855291577,0.999180873393744
29.95198953501371,0.07692307692307693,0.008639308855291577,0.999180873393744
29.978500211397467,0.07692307692307693,0.008639308855291577,0.999180873393744
30.005010887781225,0.07692307692307693,0.008639308855291577,0.999180873393744
30.031521564164983,0.07692307692307693,0.008639308855291577,0.999180873393744
30.05803224054874,0.07692307692307693,0.008639308855291577,0.999180873393744
30.0845429169325,0.07692307692307693,0.008639308855291577,0.999180873393744
30.11105359331625,0.07692307692307693,0.008639308855291577,0.999180873393744
30.137564269700007,0.0784313725490196,0.008639308855291577,0.9991979385313743
30.164074946083765,0.0784313725490196,0.008639308855291577,0.9991979385313743
30.190585622467523,0.0784313725490196,0.008639308855291577,0.9991979385313743
30.21709629885128,0.0784313725490196,0.008639308855291577,0.9991979385313743
30.24360697523504,0.0784313725490196,0.008639308855291577,0.9991979385313743
30.270117651618797,0.08163265306122448,0.008639308855291577,0.999232068806635
30.296628328002548,0.08163265306122448,0.008639308855291577,0.999232068806635
30.323139004386306,0.0851063829787234,0.008639308855291577,0.9992661990818956
30.349649680770064,0.0851063829787234,0.008639308855291577,0.9992661990818956
30.37616035715382,0.0851063829787234,0.008639308855291577,0.9992661990818956
30.40267103353758,0.0851063829787234,0.008639308855291577,0.9992661990818956
30.429181709921338,0.0851063829787234,0.008639308855291577,0.9992661990818956
30.455692386305095,0.0851063829787234,0.008639308855291577,0.9992661990818956
30.482203062688846,0.08695652173913043,0.008639308855291577,0.999283264219526
30.508713739072604,0.08695652173913043,0.008639308855291577,0.999283264219526
30.535224415456362,0.08695652173913043,0.008639308855291577,0.999283264219526
30.56173509184012,0.08695652173913043,0.008639308855291577,0.999283264219526
30.588245768223878,0.08695652173913043,0.008639308855291577,0.999283264219526
30.614756444607636,0.08888888888888889,0.008639308855291577,0.9993003293571563
30.641267120991394,0.08888888888888889,0.008639308855291577,0.9993003293571563
30.667777797375145,0.08888888888888889,0.008639308855291577,0.9993003293571563
30.694288473758903,0.08888888888888889,0.008639308855291577,0.9993003293571563
30.72079915014266,0.09090909090909091,0.008639308855291577,0.9993173944947866
30.74730982652642,0.09090909090909091,0.008639308855291577,0.9993173944947866
30.773820502910176,0.09302325581395349,0.008639308855291577,0.999334459632417
30.800331179293934,0.09302325581395349,0.008639308855291577,0.999334459632417
30.826841855677692,0.09523809523809523,0.008639308855291577,0.9993515247700473
30.853352532061443,0.09523809523809523,0.008639308855291577,0.9993515247700473
30.8798632084452,0.09523809523809523,0.008639308855291577,0.9993515247700473
30.90637388482896,0.09523809523809523,0.008639308855291577,0.9993515247700473
30.932884561212717,0.0975609756097561,0.008639308855291577,0.9993685899076776
30.959395237596475,0.0975609756097561,0.008639308855291577,0.9993685899076776
30.985905913980233,0.0975609756097561,0.008639308855291577,0.9993685899076776
31.01241659036399,0.0975609756097561,0.008639308855291577,0.9993685899076776
31.03892726674774,0.0975609756097561,0.008639308855291577,0.9993685899076776
31.0654379431315,0.0975609756097561,0.008639308855291577,0.9993685899076776
31.091948619515257,0.0975609756097561,0.008639308855291577,0.9993685899076776
31.118459295899015,0.0975609756097561,0.008639308855291577,0.9993685899076776
31.144969972282773,0.0975609756097561,0.008639308855291577,0.9993685899076776
31.17148064866653,0.0975609756097561,0.008639308855291577,0.9993685899076776
31.197991325050282,0.0975609756097561,0.008639308855291577,0.9993685899076776
31.22450200143404,0.1,0.008639308855291577,0.999385655045308
31.251012677817798,0.1,0.008639308855291577,0.999385655045308
31.277523354201556,0.1,0.008639308855291577,0.999385655045308
31.304034030585314,0.1,0.008639308855291577,0.999385655045308
31.33054470696907,0.1,0.008639308855291577,0.999385655045308
31.35705538335283,0.1,0.008639308855291577,0.999385655045308
31.38356605973658,0.1,0.008639308855291577,0.999385655045308
31.410076736120338,0.1,0.008639308855291577,0.999385655045308
31.436587412504096,0.10256410256410256,0.008639308855291577,0.9994027201829383
31.463098088887854,0.10256410256410256,0.008639308855291577,0.9994027201829383
31.489608765271612,0.10256410256410256,0.008639308855291577,0.9994027201829383
31.51611944165537,0.10526315789473684,0.008639308855291577,0.9994197853205686
31.542630118039128,0.10526315789473684,0.008639308855291577,0.9994197853205686
31.56914079442288,0.10526315789473684,0.008639308855291577,0.9994197853205686
31.595651470806636,0.10526315789473684,0.008639308855291577,0.9994197853205686
31.622162147190394,0.10526315789473684,0.008639308855291577,0.9994197853205686
31.648672823574152,0.10526315789473684,0.008639308855291577,0.9994197853205686
31.67518349995791,0.10526315789473684,0.008639308855291577,0.9994197853205686
31.701694176341668,0.10810810810810811,0.008639308855291577,0.999436850458199
31.728204852725426,0.10810810810810811,0.008639308855291577,0.999436850458199
31.754715529109177,0.10810810810810811,0.008639308855291577,0.999436850458199
31.781226205492935,0.11428571428571428,0.008639308855291577,0.9994709807334596
31.807736881876693,0.11428571428571428,0.008639308855291577,0.9994709807334596
31.83424755826045,0.11428571428571428,0.008639308855291577,0.9994709807334596
31.86075823464421,0.11428571428571428,0.008639308855291577,0.9994709807334596
31.887268911027967,0.11428571428571428,0.008639308855291577,0.9994709807334596
31.913779587411724,0.11428571428571428,0.008639308855291577,0.9994709807334596
31.940290263795475,0.11764705882352941,0.008639308855291577,0.99948804587109
31.966800940179233,0.12121212121212122,0.008639308855291577,0.9995051110087203
31.99331161656299,0.12121212121212122,0.008639308855291577,0.9995051110087203
32.01982229294675,0.12121212121212122,0.008639308855291577,0.9995051110087203
32.04633296933051,0.125,0.008639308855291577,0.9995221761463506
32.072843645714265,0.125,0.008639308855291577,0.9995221761463506
32.09935432209802,0.125,0.008639308855291577,0.9995221761463506
32.125864998481774,0.125,0.008639308855291577,0.9995221761463506
32.15237567486553,0.12903225806451613,0.008639308855291577,0.999539241283981
32.17888635124929,0.12903225806451613,0.008639308855291577,0.999539241283981
32.20539702763305,0.12903225806451613,0.008639308855291577,0.999539241283981
32.231907704016805,0.12903225806451613,0.008639308855291577,0.999539241283981
32.25841838040056,0.13333333333333333,0.008639308855291577,0.9995563064216113
32.28492905678432,0.13333333333333333,0.008639308855291577,0.9995563064216113
32.31143973316807,0.13333333333333333,0.008639308855291577,0.9995563064216113
32.33795040955183,0.13793103448275862,0.008639308855291577,0.9995733715592416
32.36446108593559,0.13793103448275862,0.008639308855291577,0.9995733715592416
32.390971762319346,0.13793103448275862,0.008639308855291577,0.9995733715592416
32.417482438703104,0.13793103448275862,0.008639308855291577,0.9995733715592416
32.44399311508686,0.13793103448275862,0.008639308855291577,0.9995733715592416
32.47050379147062,0.13793103448275862,0.008639308855291577,0.9995733715592416
32.49701446785437,0.14285714285714285,0.008639308855291577,0.999590436696872
32.52352514423813,0.14285714285714285,0.008639308855291577,0.999590436696872
32.550035820621886,0.14285714285714285,0.008639308855291577,0.999590436696872
32.576546497005644,0.14285714285714285,0.008639308855291577,0.999590436696872
32.6030571733894,0.14285714285714285,0.008639308855291577,0.999590436696872
32.62956784977316,0.14285714285714285,0.008639308855291577,0.999590436696872
32.65607852615692,0.14814814814814814,0.008639308855291577,0.9996075018345023
32.68258920254067,0.14814814814814814,0.008639308855291577,0.9996075018345023
32.70909987892443,0.14814814814814814,0.008639308855291577,0.9996075018345023
32.735610555308185,0.15384615384615385,0.008639308855291577,0.9996245669721326
32.76212123169194,0.15384615384615385,0.008639308855291577,0.9996245669721326
32.7886319080757,0.12,0.0064794816414686825,0.9996245669721326
32.81514258445946,0.12,0.0064794816414686825,0.9996245669721326
32.841653260843216,0.12,0.0064794816414686825,0.9996245669721326
32.86816393722697,0.12,0.0064794816414686825,0.9996245669721326
32.894674613610725,0.12,0.0064794816414686825,0.9996245669721326
32.92118528999448,0.12,0.0064794816414686825,0.9996245669721326
32.94769596637824,0.12,0.0064794816414686825,0.9996245669721326
32.974206642762,0.12,0.0064794816414686825,0.9996245669721326
33.00071731914576,0.12,0.0064794816414686825,0.9996245669721326
33.02722799552951,0.125,0.0064794816414686825,0.999641632109763
33.053738671913266,0.13043478260869565,0.0064794816414686825,0.9996586972473933
33.08024934829702,0.13043478260869565,0.0064794816414686825,0.9996586972473933
33.10676002468078,0.13043478260869565,0.0064794816414686825,0.9996586972473933
33.13327070106454,0.13043478260869565,0.0064794816414686825,0.9996586972473933
33.1597813774483,0.13043478260869565,0.0064794816414686825,0.9996586972473933
33.186292053832055,0.13043478260869565,0.0064794816414686825,0.9996586972473933
33.212802730215806,0.13636363636363635,0.0064794816414686825,0.9996757623850236
33.239313406599564,0.13636363636363635,0.0064794816414686825,0.9996757623850236
33.26582408298332,0.13636363636363635,0.0064794816414686825,0.9996757623850236
33.29233475936708,0.13636363636363635,0.0064794816414686825,0.9996757623850236
33.31884543575084,0.14285714285714285,0.0064794816414686825,0.999692827522654
33.345356112134596,0.14285714285714285,0.0064794816414686825,0.999692827522654
33.37186678851835,0.14285714285714285,0.0064794816414686825,0.999692827522654
33.398377464902104,0.14285714285714285,0.0064794816414686825,0.999692827522654
33.42488814128586,0.14285714285714285,0.0064794816414686825,0.999692827522654
33.45139881766962,0.15,0.0064794816414686825,0.9997098926602843
33.47790949405338,0.15789473684210525,0.0064794816414686825,0.9997269577979147
33.504420170437136,0.15789473684210525,0.0064794816414686825,0.9997269577979147
33.530930846820894,0.15789473684210525,0.0064794816414686825,0.9997269577979147
33.55744152320465,0.15789473684210525,0.0064794816414686825,0.9997269577979147
33.5839521995884,0.15789473684210525,0.0064794816414686825,0.9997269577979147
33.61046287597216,0.15789473684210525,0.0064794816414686825,0.9997269577979147
33.63697355235592,0.16666666666666666,0.0064794816414686825,0.999744022935545
33.66348422873968,0.16666666666666666,0.0064794816414686825,0.999744022935545
33.689994905123434,0.16666666666666666,0.0064794816414686825,0.999744022935545
33.71650558150719,0.16666666666666666,0.0064794816414686825,0.999744022935545
33.74301625789095,0.16666666666666666,0.0064794816414686825,0.999744022935545
33.7695269342747,0.16666666666666666,0.0064794816414686825,0.999744022935545
33.79603761065846,0.16666666666666666,0.0064794816414686825,0.999744022935545
33.82254828704222,0.16666666666666666,0.0064794816414686825,0.999744022935545
33.849058963425975,0.16666666666666666,0.0064794816414686825,0.999744022935545
33.87556963980973,0.16666666666666666,0.0064794816414686825,0.999744022935545
33.90208031619349,0.17647058823529413,0.0064794816414686825,0.9997610880731753
33.92859099257725,0.1875,0.0064794816414686825,0.9997781532108057
33.955101668961,0.2,0.0064794816414686825,0.999795218348436
33.98161234534476,0.2,0.0064794816414686825,0.999795218348436
34.008123021728515,0.2,0.0064794816414686825,0.999795218348436
34.03463369811227,0.14285714285714285,0.004319654427645789,0.999795218348436
34.06114437449603,0.14285714285714285,0.004319654427645789,0.999795218348436
34.08765505087979,0.14285714285714285,0.004319654427645789,0.999795218348436
34.11416572726355,0.14285714285714285,0.004319654427645789,0.999795218348436
34.1406764036473,0.14285714285714285,0.004319654427645789,0.999795218348436
34.167187080031056,0.14285714285714285,0.004319654427645789,0.999795218348436
34.193697756414814,0.14285714285714285,0.004319654427645789,0.999795218348436
34.22020843279857,0.14285714285714285,0.004319654427645789,0.999795218348436
34.24671910918233,0.14285714285714285,0.004319654427645789,0.999795218348436
34.27322978556609,0.14285714285714285,0.004319654427645789,0.999795218348436
34.299740461949845,0.14285714285714285,0.004319654427645789,0.999795218348436
34.326251138333596,0.14285714285714285,0.004319654427645789,0.999795218348436
34.352761814717354,0.14285714285714285,0.004319654427645789,0.999795218348436
34.37927249110111,0.14285714285714285,0.004319654427645789,0.999795218348436
34.40578316748487,0.14285714285714285,0.004319654427645789,0.999795218348436
34.43229384386863,0.14285714285714285,0.004319654427645789,0.999795218348436
34.458804520252386,0.14285714285714285,0.004319654427645789,0.999795218348436
34.485315196636144,0.14285714285714285,0.004319654427645789,0.999795218348436
34.511825873019895,0.08333333333333333,0.0021598272138228943,0.9998122834860663
34.53833654940365,0.08333333333333333,0.0021598272138228943,0.9998122834860663
34.56484722578741,0.08333333333333333,0.0021598272138228943,0.9998122834860663
34.59135790217117,0.08333333333333333,0.0021598272138228943,0.9998122834860663
34.617868578554926,0.08333333333333333,0.0021598272138228943,0.9998122834860663
34.644379254938684,0.08333333333333333,0.0021598272138228943,0.9998122834860663
34.670889931322435,0.08333333333333333,0.0021598272138228943,0.9998122834860663
34.69740060770619,0.09090909090909091,0.0021598272138228943,0.9998293486236967
34.72391128408995,0.09090909090909091,0.0021598272138228943,0.9998293486236967
34.75042196047371,0.09090909090909091,0.0021598272138228943,0.9998293486236967
34.77693263685747,0.09090909090909091,0.0021598272138228943,0.9998293486236967
34.803443313241225,0.09090909090909091,0.0021598272138228943,0.9998293486236967
34.82995398962498,0.09090909090909091,0.0021598272138228943,0.9998293486236967
34.85646466600873,0.09090909090909091,0.0021598272138228943,0.9998293486236967
34.88297534239249,0.09090909090909091,0.0021598272138228943,0.9998293486236967
34.90948601877625,0.09090909090909091,0.0021598272138228943,0.9998293486236967
34.93599669516001,0.09090909090909091,0.0021598272138228943,0.9998293486236967
34.962507371543765,0.09090909090909091,0.0021598272138228943,0.9998293486236967
34.98901804792752,0.09090909090909091,0.0021598272138228943,0.9998293486236967
35.01552872431128,0.1,0.0021598272138228943,0.999846413761327
35.04203940069503,0.1,0.0021598272138228943,0.999846413761327
35.06855007707879,0.1,0.0021598272138228943,0.999846413761327
35.09506075346255,0.1,0.0021598272138228943,0.999846413761327
35.121571429846306,0.1,0.0021598272138228943,0.999846413761327
35.14808210623006,0.1,0.0021598272138228943,0.999846413761327
35.17459278261382,0.1,0.0021598272138228943,0.999846413761327
35.20110345899758,0.1,0.0021598272138228943,0.999846413761327
35.22761413538133,0.1,0.0021598272138228943,0.999846413761327
35.25412481176509,0.1,0.0021598272138228943,0.999846413761327
35.280635488148846,0.1,0.0021598272138228943,0.999846413761327
35.307146164532604,0.1,0.0021598272138228943,0.999846413761327
35.33365684091636,0.1,0.0021598272138228943,0.999846413761327
35.36016751730012,0.1,0.0021598272138228943,0.999846413761327
35.38667819368388,0.1,0.0021598272138228943,0.999846413761327
35.41318887006763,0.1,0.0021598272138228943,0.999846413761327
35.439699546451386,0.1,0.0021598272138228943,0.999846413761327
35.466210222835144,0.1,0.0021598272138228943,0.999846413761327
35.4927208992189,0.1,0.0021598272138228943,0.999846413761327
35.51923157560266,0.1,0.0021598272138228943,0.999846413761327
35.54574225198642,0.1,0.0021598272138228943,0.999846413761327
35.572252928370176,0.1,0.0021598272138228943,0.999846413761327
35.59876360475393,0.1,0.0021598272138228943,0.999846413761327
35.625274281137685,0.1,0.0021598272138228943,0.999846413761327
35.65178495752144,0.1111111111111111,0.0021598272138228943,0.9998634788989573
35.6782956339052,0.1111111111111111,0.0021598272138228943,0.9998634788989573
35.70480631028896,0.1111111111111111,0.0021598272138228943,0.9998634788989573
35.73131698667272,0.125,0.0021598272138228943,0.9998805440365877
35.757827663056474,0.125,0.0021598272138228943,0.9998805440365877
35.784338339440225,0.125,0.0021598272138228943,0.9998805440365877
35.81084901582398,0.125,0.0021598272138228943,0.9998805440365877
35.83735969220774,0.125,0.0021598272138228943,0.9998805440365877
35.8638703685915,0.125,0.0021598272138228943,0.9998805440365877
35.89038104497526,0.125,0.0021598272138228943,0.9998805440365877
35.916891721359015,0.125,0.0021598272138228943,0.9998805440365877
35.94340239774277,0.125,0.0021598272138228943,0.9998805440365877
35.969913074126524,0.125,0.0021598272138228943,0.9998805440365877
35.99642375051028,0.125,0.0021598272138228943,0.9998805440365877
36.02293442689404,0.125,0.0021598272138228943,0.9998805440365877
36.0494451032778,0.125,0.0021598272138228943,0.9998805440365877
36.075955779661555,0.125,0.0021598272138228943,0.9998805440365877
36.10246645604531,0.125,0.0021598272138228943,0.9998805440365877
36.12897713242907,0.125,0.0021598272138228943,0.9998805440365877
36.15548780881282,0.125,0.0021598272138228943,0.9998805440365877
36.18199848519658,0.125,0.0021598272138228943,0.9998805440365877
36.20850916158034,0.125,0.0021598272138228943,0.9998805440365877
36.235019837964096,0.125,0.0021598272138228943,0.9998805440365877
36.261530514347854,0.125,0.0021598272138228943,0.9998805440365877
36.28804119073161,0.125,0.0021598272138228943,0.9998805440365877
36.31455186711537,0.0,0.0,0.9998805440365877
36.34106254349912,0.0,0.0,0.9998805440365877
36.36757321988288,0.0,0.0,0.9998805440365877
36.394083896266636,0.0,0.0,0.9998805440365877
36.420594572650394,0.0,0.0,0.9998805440365877
36.44710524903415,0.0,0.0,0.9998805440365877
36.47361592541791,0.0,0.0,0.9998805440365877
36.50012660180166,0.0,0.0,0.9998805440365877
36.52663727818542,0.0,0.0,0.9998805440365877
36.55314795456918,0.0,0.0,0.9998805440365877
36.579658630952935,0.0,0.0,0.9998805440365877
36.60616930733669,0.0,0.0,0.9998805440365877
36.63267998372045,0.0,0.0,0.9998805440365877
36.65919066010421,0.0,0.0,0.9998805440365877
36.68570133648796,0.0,0.0,0.9998805440365877
36.71221201287172,0.0,0.0,0.9998805440365877
36.738722689255475,0.0,0.0,0.9998805440365877
36.76523336563923,0.0,0.0,0.9998805440365877
36.79174404202299,0.0,0.0,0.9998805440365877
36.81825471840675,0.0,0.0,0.9998805440365877
36.84476539479051,0.0,0.0,0.9998805440365877
36.87127607117426,0.0,0.0,0.999897609174218
36.897786747558015,0.0,0.0,0.999897609174218
36.92429742394177,0.0,0.0,0.999897609174218
36.95080810032553,0.0,0.0,0.999897609174218
36.97731877670929,0.0,0.0,0.999897609174218
37.00382945309305,0.0,0.0,0.999897609174218
37.030340129476805,0.0,0.0,0.999897609174218
37.056850805860556,0.0,0.0,0.999897609174218
37.083361482244314,0.0,0.0,0.999897609174218
37.10987215862807,0.0,0.0,0.999897609174218
37.13638283501183,0.0,0.0,0.9999146743118483
37.16289351139559,0.0,0.0,0.9999146743118483
37.189404187779346,0.0,0.0,0.9999146743118483
37.2159148641631,0.0,0.0,0.9999146743118483
37.242425540546854,0.0,0.0,0.9999146743118483
37.26893621693061,0.0,0.0,0.9999146743118483
37.29544689331437,0.0,0.0,0.9999146743118483
37.32195756969813,0.0,0.0,0.9999146743118483
37.348468246081886,0.0,0.0,0.9999146743118483
37.374978922465644,0.0,0.0,0.9999146743118483
37.4014895988494,0.0,0.0,0.9999146743118483
37.42800027523315,0.0,0.0,0.9999146743118483
37.45451095161691,0.0,0.0,0.9999317394494787
37.48102162800067,0.0,0.0,0.9999317394494787
37.507532304384426,0.0,0.0,0.9999317394494787
37.534042980768184,0.0,0.0,0.9999317394494787
37.56055365715194,0.0,0.0,0.9999317394494787
37.5870643335357,0.0,0.0,0.9999317394494787
37.61357500991945,0.0,0.0,0.9999317394494787
37.64008568630321,0.0,0.0,0.9999317394494787
37.66659636268697,0.0,0.0,0.9999317394494787
37.693107039070725,0.0,0.0,0.9999317394494787
37.71961771545448,0.0,0.0,0.9999317394494787
37.74612839183824,0.0,0.0,0.9999317394494787
37.772639068222,0.0,0.0,0.9999317394494787
37.79914974460575,0.0,0.0,0.9999317394494787
37.82566042098951,0.0,0.0,0.9999317394494787
37.852171097373265,0.0,0.0,0.9999317394494787
37.87868177375702,0.0,0.0,0.9999317394494787
37.90519245014078,0.0,0.0,0.9999317394494787
37.93170312652454,0.0,0.0,0.9999317394494787
37.9582138029083,0.0,0.0,0.9999317394494787
37.98472447929205,0.0,0.0,0.9999317394494787
38.011235155675806,0.0,0.0,0.9999317394494787
38.037745832059564,0.0,0.0,0.9999317394494787
38.06425650844332,0.0,0.0,0.9999317394494787
38.09076718482708,0.0,0.0,0.999948804587109
38.11727786121084,0.0,0.0,0.999948804587109
38.143788537594595,0.0,0.0,0.999948804587109
38.170299213978346,0.0,0.0,0.999948804587109
38.196809890362104,0.0,0.0,0.999948804587109
38.22332056674586,0.0,0.0,0.999948804587109
38.24983124312962,0.0,0.0,0.999948804587109
38.27634191951338,0.0,0.0,0.9999658697247393
38.302852595897136,0.0,0.0,0.9999658697247393
38.32936327228089,0.0,0.0,0.9999658697247393
38.355873948664645,0.0,0.0,0.9999658697247393
38.3823846250484,0.0,0.0,0.9999658697247393
38.40889530143216,0.0,0.0,0.9999658697247393
38.43540597781592,0.0,0.0,0.9999658697247393
38.461916654199676,0.0,0.0,0.9999658697247393
38.488427330583434,0.0,0.0,0.9999658697247393
38.514938006967185,0.0,0.0,0.9999658697247393
38.54144868335094,0.0,0.0,0.9999658697247393
38.5679593597347,0.0,0.0,0.9999658697247393
38.59447003611846,0.0,0.0,0.9999658697247393
38.62098071250222,0.0,0.0,0.9999658697247393
38.647491388885975,0.0,0.0,0.9999658697247393
38.67400206526973,0.0,0.0,0.9999658697247393
38.70051274165348,0.0,0.0,0.9999658697247393
38.72702341803724,0.0,0.0,0.9999658697247393
38.753534094421,0.0,0.0,0.9999658697247393
38.78004477080476,0.0,0.0,0.9999658697247393
38.806555447188515,0.0,0.0,0.9999658697247393
38.83306612357227,0.0,0.0,0.9999658697247393
38.85957679995603,0.0,0.0,0.9999658697247393
38.88608747633978,0.0,0.0,0.9999658697247393
38.91259815272354,0.0,0.0,0.9999658697247393
38.9391088291073,0.0,0.0,0.9999658697247393
38.965619505491055,0.0,0.0,0.9999658697247393
38.99213018187481,0.0,0.0,0.9999658697247393
39.01864085825857,0.0,0.0,0.9999658697247393
39.04515153464233,0.0,0.0,0.9999658697247393
39.07166221102608,0.0,0.0,0.9999658697247393
39.09817288740984,0.0,0.0,0.9999829348623697
39.124683563793596,0.0,0.0,0.9999829348623697
39.151194240177354,0.0,0.0,0.9999829348623697
39.17770491656111,0.0,0.0,0.9999829348623697
39.20421559294487,0.0,0.0,0.9999829348623697
39.23072626932863,0.0,0.0,0.9999829348623697
39.25723694571238,0.0,0.0,0.9999829348623697
39.283747622096136,0.0,0.0,0.9999829348623697
39.310258298479894,0.0,0.0,0.9999829348623697
39.33676897486365,0.0,0.0,0.9999829348623697
39.36327965124741,0.0,0.0,0.9999829348623697
39.38979032763117,0.0,0.0,0.9999829348623697
39.416301004014926,0.0,0.0,0.9999829348623697
39.44281168039868,0.0,0.0,0.9999829348623697
39.469322356782435,0.0,0.0,0.9999829348623697
39.49583303316619,0.0,0.0,0.9999829348623697
