Threshold,Precision,Recall,Specificity
-12.63474649110219,0.008431817412210897,1.0,0.0
-12.606983916941127,0.008431960176766394,1.0,1.7075336384126766e-05
-12.579221342780064,0.008431960176766394,1.0,1.7075336384126766e-05
-12.551458768619003,0.008431960176766394,1.0,1.7075336384126766e-05
-12.52369619445794,0.008431960176766394,1.0,1.7075336384126766e-05
-12.495933620296878,0.008431960176766394,1.0,1.7075336384126766e-05
-12.468171046135815,0.00843210294615645,1.0,3.415067276825353e-05
-12.440408471974752,0.00843210294615645,1.0,3.415067276825353e-05
-12.41264589781369,0.00843210294615645,1.0,3.415067276825353e-05
-12.384883323652629,0.00843210294615645,1.0,3.415067276825353e-05
-12.357120749491566,0.00843210294615645,1.0,3.415067276825353e-05
-12.329358175330503,0.00843210294615645,1.0,3.415067276825353e-05
-12.30159560116944,0.008432245720381313,1.0,5.1226009152380304e-05
-12.273833027008378,0.008432388499441227,1.0,6.830134553650706e-05
-12.246070452847317,0.008432388499441227,1.0,6.830134553650706e-05
-12.218307878686254,0.008432388499441227,1.0,6.830134553650706e-05
-12.190545304525191,0.008432388499441227,1.0,6.830134553650706e-05
-12.162782730364128,0.008432388499441227,1.0,6.830134553650706e-05
-12.135020156203066,0.008432388499441227,1.0,6.830134553650706e-05
-12.107257582042003,0.008432388499441227,1.0,6.830134553650706e-05
-12.079495007880942,0.008432388499441227,1.0,6.830134553650706e-05
-12.051732433719879,0.008432388499441227,1.0,6.830134553650706e-05
-12.023969859558816,0.008432388499441227,1.0,6.830134553650706e-05
-11.996207285397753,0.008432388499441227,1.0,6.830134553650706e-05
-11.96844471123669,0.008432388499441227,1.0,6.830134553650706e-05
-11.94068213707563,0.008432388499441227,1.0,6.830134553650706e-05
-11.912919562914567,0.008432388499441227,1.0,6.830134553650706e-05
-11.885156988753504,0.00843281686563373,1.0,0.00011952735468888737
-11.857394414592441,0.00843281686563373,1.0,0.00011952735468888737
-11.829631840431379,0.00843281686563373,1.0,0.00011952735468888737
-11.801869266270316,0.008432959664036305,1.0,0.00013660269107301413
-11.774106692109255,0.008432959664036305,1.0,0.00013660269107301413
-11.746344117948192,0.008433245275350538,1.0,0.00017075336384126768
-11.71858154378713,0.008433388088262689,1.0,0.00018782870022539445
-11.690818969626067,0.008433388088262689,1.0,0.00018782870022539445
-11.663056395465004,0.008433388088262689,1.0,0.00018782870022539445
-11.635293821303943,0.008433530906011854,1.0,0.00020490403660952122
-11.60753124714288,0.008433673728598283,1.0,0.00022197937299364798
-11.579768672981817,0.00843381655602222,1.0,0.00023905470937777475
-11.552006098820755,0.00843395938828391,1.0,0.0002561300457619015
-11.524243524659692,0.0084341022253836,1.0,0.00027320538214602825
-11.49648095049863,0.00843438791409796,1.0,0.00030735605491428184
-11.468718376337568,0.008434673622167271,1.0,0.00034150672768253537
-11.440955802176505,0.008434816483460646,1.0,0.0003585820640666621
-11.413193228015443,0.008434959349593495,1.0,0.0003756574004507889
-11.38543065385438,0.008435673752858475,1.0,0.0004610340823714227
-11.357668079693317,0.008435816648033338,1.0,0.0004781094187555495
-11.329905505532256,0.008436102452906899,1.0,0.000512260091523803
-11.302142931371193,0.008436102452906899,1.0,0.000512260091523803
-11.27438035721013,0.008436388277147213,1.0,0.0005464107642920565
-11.246617783049068,0.008436388277147213,1.0,0.0005464107642920565
-11.218855208888005,0.008436674120756252,1.0,0.0005805614370603101
-11.191092634726942,0.008436674120756252,1.0,0.0005805614370603101
-11.163330060565881,0.00843695998373598,1.0,0.0006147121098285637
-11.135567486404819,0.008437674725945003,1.0,0.0007000887917491974
-11.107804912243756,0.008438246606909873,1.0,0.0007683901372857045
-11.080042338082693,0.008438532576463612,1.0,0.0008025408100539581
-11.05227976392163,0.008439104573723544,1.0,0.0008708421555904651
-11.02451718976057,0.008439104573723544,1.0,0.0008708421555904651
-10.996754615599507,0.008439819679354641,1.0,0.000956218837511099
-10.968992041438444,0.008440248800908429,1.0,0.0010074448466634793
-10.941229467277381,0.00844082103086493,1.0,0.0010757461921999864
-10.913466893116318,0.008440964100477982,1.0,0.001092821528584113
-10.885704318955256,0.008441250254254526,1.0,0.0011269722013523666
-10.857941744794195,0.00844139333841851,1.0,0.0011440475377364934
-10.830179170633132,0.008442251945277934,1.0,0.001246499556041254
-10.802416596472069,0.008442681314210151,1.0,0.0012977255651936343
-10.774654022311006,0.008443110726819593,1.0,0.0013489515743460147
-10.746891448149944,0.008443253874063274,1.0,0.0013660269107301415
-10.719128873988883,0.008443397026160968,1.0,0.001383102247114268
-10.69136629982782,0.0084439696830968,1.0,0.0014514035926507752
-10.663603725666757,0.008444972019671019,1.0,0.0015709309473396626
-10.635841151505694,0.00844540166533824,1.0,0.001622156956492043
-10.608078577344632,0.008446547600875185,1.0,0.001758759647565057
-10.580316003183569,0.008447120685268424,1.0,0.001827060993101564
-10.552553429022506,0.008447693847432613,1.0,0.0018953623386380712
-10.524790854861445,0.008449413800709208,1.0,0.0021002663752475925
-10.497028280700382,0.008450274040011538,1.0,0.002202718393552353
-10.46926570653932,0.0084514212982605,1.0,0.002339321084625367
-10.441503132378257,0.00845199504421174,1.0,0.0024076224301618743
-10.413740558217196,0.008452855809216668,1.0,0.0025100744484666346
-10.385977984056133,0.008454003768652282,1.0,0.002646677139539649
-10.35821540989507,0.008455152039932766,1.0,0.002783279830612663
-10.330452835734008,0.008456587817758834,1.0,0.002954033194453931
-10.302690261572945,0.008457880434782608,1.0,0.0031077112219110715
-10.274927687411882,0.008459460836773174,1.0,0.0032955399221364663
-10.24716511325082,0.008461185585401907,1.0,0.0035004439587459873
-10.219402539089758,0.008462335808594878,1.0,0.0036370466498190012
-10.191639964928696,0.008463342510451718,1.0,0.003756574004507889
-10.163877390767633,0.008464924954530774,1.0,0.0039444027047332835
-10.13611481660657,0.008466651932198779,1.0,0.004149306741342804
-10.108352242445509,0.008467227748023463,1.0,0.004217608086879311
-10.080589668284446,0.008468955665527269,1.0,0.004422512123488833
-10.052827094123383,0.008469963943125382,1.0,0.00454203947817772
-10.02506451996232,0.008471548864506252,1.0,0.004729868178403114
-9.997301945801258,0.008473278546271248,1.0,0.004934772215012636
-9.969539371640195,0.00847558588763892,1.0,0.0052079775971586644
-9.941776797479132,0.00847731721848668,1.0,0.005412881633768185
-9.914014223318071,0.008478904893247523,1.0,0.005600710333993579
-9.886251649157009,0.008481359742493656,1.0,0.005890991052523734
-9.858489074995946,0.008484105080241234,1.0,0.006215422443822143
-9.830726500834883,0.008487720075673649,1.0,0.0066423058534253124
-9.802963926673822,0.008489890552013366,1.0,0.006898435899187214
-9.77520135251276,0.00849380020808105,1.0,0.007359469981558637
-9.747438778351697,0.008495828855110292,1.0,0.007598524690936411
-9.719676204190634,0.008499453850354997,1.0,0.008025408100539581
-9.691913630029571,0.008502501237813936,1.0,0.008383990164606243
-9.664151055868508,0.008489196344692118,0.9979919678714859,0.008810873574209411
-9.636388481707446,0.008491081801407776,0.9979919678714859,0.00903285294720306
-9.608625907546385,0.008478487547221416,0.9959839357429718,0.009545113038726863
-9.580863333385322,0.008483272901416159,0.9959839357429718,0.010108599139403046
-9.55310075922426,0.00848835418342375,0.9959839357429718,0.010706235912847483
-9.525338185063196,0.008491842010649044,0.9959839357429718,0.011116043986066526
-9.497575610902135,0.008496060294621445,0.9959839357429718,0.011611228741206202
-9.469813036741073,0.008500137098985467,0.9959839357429718,0.012089338159961752
-9.44205046258001,0.008489692312969506,0.9939759036144579,0.012857728297247456
-9.414287888418947,0.008494791577285441,0.9939759036144579,0.013455365070691892
-9.386525314257884,0.008498875401335784,0.9939759036144579,0.013933474489447442
-9.358762740096822,0.008503985706432106,0.9939759036144579,0.01453111126289188
-9.331000165935759,0.008510126190558059,0.9939759036144579,0.015248275391025204
-9.303237591774698,0.008517008207298818,0.9939759036144579,0.016050816201079163
-9.275475017613635,0.008523020765177865,0.9939759036144579,0.016750904992828358
-9.247712443452572,0.008527131782945736,0.9939759036144579,0.017229014411583907
-9.21994986929151,0.008531099736311464,0.9939759036144579,0.01769004849395533
-9.192187295130449,0.008518710122434903,0.9919678714859438,0.01823645925824739
-9.164424720969386,0.008524737268977895,0.9919678714859438,0.018936548049996584
-9.136662146808323,0.008532541108194003,0.9919678714859438,0.019841540878355303
-9.10889957264726,0.008538587848932676,0.9919678714859438,0.020541629670104502
-9.081136998486198,0.008544790963970041,0.9919678714859438,0.021258793798237825
-9.053374424325135,0.008551891283649268,0.9919678714859438,0.02207840994467591
-9.025611850164072,0.008558410283952114,0.9919678714859438,0.022829724745577488
-8.997849276003011,0.008565236237537927,0.9919678714859438,0.02361519021924732
-8.970086701841948,0.00857370960463744,0.9919678714859438,0.024588484393142544
-8.942324127680886,0.00857951683773598,0.9919678714859438,0.025254422512123488
-8.914561553519823,0.008586973526395383,0.9919678714859438,0.02610818933132983
-8.886798979358762,0.00859429366736256,0.9919678714859438,0.02694488081415204
-8.859036405197699,0.008603124292506226,0.9919678714859438,0.027952325660815517
-8.831273831036636,0.00861167282616275,0.9919678714859438,0.028925619834710745
-8.803511256875574,0.008620539219963355,0.9919678714859438,0.029933064681374223
-8.77574868271451,0.00861315909011496,0.9899598393574297,0.03106003688272659
-8.747986108553448,0.00860365480458162,0.9879518072289156,0.03194795437470118
-8.720223534392385,0.008612239182187368,0.9879518072289156,0.032921248548596405
-8.692460960231324,0.008622049313916198,0.9879518072289156,0.03403114541356465
-8.664698386070262,0.008635669527671003,0.9879518072289156,0.035567925688136055
-8.636935811909199,0.00864446982342089,0.9879518072289156,0.03655829519841541
-8.609173237748138,0.008638434877460898,0.9859437751004017,0.037838945427224914
-8.581410663587075,0.008631775503373438,0.9839357429718876,0.03905129431049792
-8.553648089426012,0.008642280150975344,0.9839357429718876,0.04022949252100266
-8.52588551526495,0.008653574456061033,0.9839357429718876,0.04149306741342804
-8.498122941103887,0.008664132260631244,0.9839357429718876,0.042671265623932794
-8.470360366942824,0.008657472159764885,0.9819277108433735,0.04388361450720579
-8.442597792781761,0.008668829442110301,0.9819277108433735,0.04514718939963117
-8.414835218620698,0.008683916108753175,0.9819277108433735,0.0468205723652756
-8.387072644459638,0.008695806807269623,0.9819277108433735,0.048135373266853354
-8.359310070298575,0.008707575056091741,0.9819277108433735,0.04943309883204699
-8.331547496137512,0.00871875334308027,0.9819277108433735,0.05066252305170412
-8.303784921976451,0.008714441329309451,0.9799196787148594,0.05213100198073902
-8.276022347815388,0.00870933705313232,0.9779116465863453,0.05351410422785329
-8.248259773654325,0.00872384637431929,0.9779116465863453,0.055102110511577075
-8.220497199493263,0.008740286078357473,0.9779116465863453,0.056895020831910385
-8.1927346253322,0.00875379720669387,0.9779116465863453,0.05836349976094529
-8.164972051171137,0.008768455167446886,0.9779116465863453,0.05995150604466908
-8.137209477010074,0.008765285142300617,0.9759036144578314,0.061539512328392866
-8.109446902849012,0.008780170544876427,0.9759036144578314,0.06314459394850079
-8.08168432868795,0.008798291031536261,0.9759036144578314,0.06509118229629124
-8.053921754526888,0.008794835527508794,0.9738955823293173,0.06664503790724677
-8.026159180365825,0.00881161316109809,0.9738955823293173,0.06843794822758008
-7.998396606204763,0.008828937068792893,0.9738955823293173,0.07028208455706578
-7.970634032043701,0.008828733514529103,0.9718875502008032,0.07217744689570385
-7.942871457882638,0.008847131080117717,0.9718875502008032,0.0741240352434943
-7.915108883721576,0.008864793582182498,0.9718875502008032,0.07598524690936412
-7.887346309560513,0.008867917599970625,0.9698795180722891,0.07822211597568472
-7.85958373539945,0.008890279592850964,0.9698795180722891,0.08056143706031009
-7.831821161238389,0.008911603535120573,0.9698795180722891,0.08278123079024657
-7.804058587077326,0.008931873659294327,0.9698795180722891,0.08488149716549416
-7.776296012916264,0.008951572548510851,0.9698795180722891,0.08691346219520525
-7.748533438755201,0.008954281149566218,0.9678714859437751,0.08908202991598935
-7.720770864594138,0.008976292902769242,0.9678714859437751,0.09133597431869407
-7.6930082904330765,0.008998413142910482,0.9678714859437751,0.09358991872139881
-7.665245716272014,0.009003275620028077,0.9658634538152611,0.09596339047879243
-7.637483142110951,0.009021851261371096,0.9658634538152611,0.09784167748104637
-7.609720567949889,0.00904441352337257,0.9658634538152611,0.10011269722013523
-7.581957993788826,0.009047215154085382,0.963855421686747,0.1022641896045352
-7.554195419627764,0.009069266523069946,0.963855421686747,0.10446690799808757
-7.526432845466702,0.009076095194785508,0.9618473895582329,0.10701113311932245
-7.498670271305639,0.00910248370484389,0.9618473895582329,0.10962365958609385
-7.470907697144577,0.009106322988702825,0.9598393574297188,0.11186052865241446
-7.443145122983514,0.009134688885491515,0.9598393574297188,0.11464380848302712
-7.415382548822452,0.00916077349125127,0.9598393574297188,0.117188033604262
-7.38761997466139,0.009187890437289764,0.9598393574297188,0.11981763540741752
-7.359857400500327,0.009213392185964033,0.9598393574297188,0.12227648384673179
-7.332094826339264,0.009219529166183463,0.9578313253012049,0.12470118161327778
-7.304332252178202,0.009208638672405102,0.9538152610441767,0.1273307834164333
-7.27656967801714,0.009196251506785396,0.9497991967871486,0.1298237825285158
-7.248807103856077,0.009228187919463088,0.9497991967871486,0.1328631924048904
-7.221044529695015,0.009237152139026967,0.9477911646586346,0.13554402021719827
-7.193281955533952,0.00926798617656299,0.9477911646586346,0.13844682740249983
-7.16551938137289,0.009297378218133827,0.9477911646586346,0.14119595656034423
-7.137756807211828,0.009331013759291476,0.9477911646586346,0.14432074311863943
-7.109994233050765,0.009340419624796733,0.9457831325301205,0.14700157093094735
-7.082231658889703,0.009348768747264988,0.9437751004016064,0.14957994672495048
-7.05446908472864,0.00935866225006984,0.9417670682730924,0.15229492521002663
-7.0267065105675774,0.009391269523428114,0.9417670682730924,0.1552660337408647
-6.998943936406516,0.009407791581232661,0.9397590361445783,0.15856157366300117
-6.971181362245453,0.009437576881969792,0.9397590361445783,0.16124240147530908
-6.94341878808439,0.009471000121423078,0.9397590361445783,0.16423058534253124
-6.915656213923328,0.00950524006824275,0.9397590361445783,0.16726999521890581
-6.887893639762265,0.009542062553521184,0.9397590361445783,0.1705143091318899
-6.860131065601204,0.00958152485463926,0.9397590361445783,0.1739635270814835
-6.832368491440141,0.009578819708524327,0.9357429718875502,0.17725906700361996
-6.804605917279078,0.009612806072983064,0.9357429718875502,0.18019602486168979
-6.776843343118016,0.009652629616587608,0.9357429718875502,0.18361109213851512
-6.749080768956953,0.009666957714855932,0.9337349397590361,0.1865822006693532
-6.721318194795891,0.0097061033647825,0.9337349397590361,0.18989481592787377
-6.693555620634829,0.009722978919575877,0.9317269076305221,0.19305375315893722
-6.665793046473766,0.009764309764309764,0.9317269076305221,0.19650297110853085
-6.638030472312703,0.009759601166082217,0.927710843373494,0.19957653165767367
-6.610267898151641,0.009796853132024259,0.927710843373494,0.20265009220681648
-6.582505323990579,0.00981373070782331,0.9257028112449799,0.20575780342872754
-6.554742749829517,0.009858221243290636,0.9257028112449799,0.20937777474216243
-6.526980175668454,0.009900564826149517,0.9257028112449799,0.21279284201898777
-6.499217601507391,0.009922560883539334,0.9236947791164659,0.21625913530496552
-6.471455027346329,0.009943889598994778,0.9216867469879518,0.21965712724540673
-6.443692453185267,0.009958470135461285,0.9196787148594378,0.2225087084215559
-6.415929879024204,0.010001528617911034,0.9196787148594378,0.225889625025613
-6.388167304863142,0.010049148674741092,0.9196787148594378,0.2295949730209685
-6.360404730702079,0.010094776283888031,0.9196787148594378,0.23311249231609862
-6.3326421565410165,0.010095419424826762,0.9156626506024096,0.23651048425653987
-6.304879582379955,0.010138289830583841,0.9156626506024096,0.23977187350590806
-6.277117008218892,0.010168961201501877,0.9136546184738956,0.24375042688340962
-6.24935443405783,0.010190339378703537,0.9116465863453815,0.2470118161327778
-6.221591859896767,0.010234214738170915,0.9116465863453815,0.25027320538214604
-6.1938292857357045,0.010262800181241503,0.9096385542168675,0.25402977938665394
-6.166066711574643,0.010309043739474763,0.9096385542168675,0.25741069599071104
-6.13830413741358,0.010317296913961521,0.9056224899598394,0.2612867973499078
-6.110541563252517,0.010348633980314598,0.9036144578313253,0.2651799740454887
-6.082778989091455,0.01040342156976072,0.9036144578313253,0.26909022607745375
-6.055016414930392,0.010456362115438237,0.9036144578313253,0.2728297247455775
-6.02725384076933,0.010483306093859444,0.9016064257028112,0.2763301687043235
-5.999491266608268,0.010541390806216838,0.9016064257028112,0.2803599480909774
-5.971728692447205,0.010600623288318066,0.9016064257028112,0.28442387815039955
-5.943966118286143,0.010659006741999811,0.9016064257028112,0.28838535619151695
-5.91620354412508,0.010715990453460621,0.9016064257028112,0.2922102315415614
-5.888440969964018,0.010747529027924384,0.8995983935742972,0.29588142886414864
-5.860678395802956,0.010802208665879005,0.8995983935742972,0.29948432484119936
-5.832915821641893,0.010854027861901878,0.8995983935742972,0.30286524144525645
-5.80515324748083,0.010911393638267815,0.8995983935742972,0.306570589440612
-5.777390673319768,0.0109717868338558,0.8995983935742972,0.3104296154634246
-5.749628099158706,0.011005786039640527,0.8975903614457831,0.314117888122396
-5.721865524997643,0.011063808722340479,0.8975903614457831,0.317754934772215
-5.694102950836581,0.011126045400238949,0.8975903614457831,0.3216139607950277
-5.666340376675518,0.011166470544052478,0.8955823293172691,0.32560958950891333
-5.638577802514456,0.011181062704608412,0.891566265060241,0.3295198415408784
-5.610815228353394,0.011221155551052459,0.8895582329317269,0.3334471689092275
-5.583052654192331,0.011278865493800442,0.8895582329317269,0.3368963868588211
-5.555290080031269,0.011338332778787336,0.8895582329317269,0.34041390615395123
-5.527527505870206,0.011399310380320106,0.8895582329317269,0.3439826514582337
-5.4997649317091435,0.01146183699870634,0.8895582329317269,0.3476026227716686
-5.472002357548082,0.011498140006763611,0.8875502008032129,0.35115429273956694
-5.444239783387019,0.011512297226582941,0.8835341365461847,0.35489379140769073
-5.416477209225956,0.011577424023154847,0.8835341365461847,0.358564988730278
-5.388714635064894,0.011638980002116179,0.8835341365461847,0.3619971313434875
-5.3609520609038315,0.011647077594000957,0.8795180722891566,0.3653438972747763
-5.33318948674277,0.011692307692307693,0.8775100401606426,0.36927122464312545
-5.305426912581707,0.011680167936055117,0.8714859437751004,0.3729424219657127
-5.277664338420644,0.011748463766546655,0.8714859437751004,0.3766306946246841
-5.249901764259582,0.011764705882352941,0.8674698795180723,0.38037019329280786
-5.2221391900985195,0.011785019321950283,0.8634538152610441,0.38431459599754114
-5.194376615937457,0.011859778801334915,0.8634538152610441,0.3882419233658903
-5.166614041776395,0.011937480913911329,0.8634538152610441,0.39227170275254425
-5.138851467615332,0.011983909715626571,0.8614457831325302,0.39606242742982034
-5.111088893454269,0.01202584995785333,0.8594377510040161,0.39959702206133463
-5.083326319293207,0.01207579185520362,0.857429718875502,0.4035072740932996
-5.055563745132145,0.012155891479488713,0.857429718875502,0.4074858274708012
-5.027801170971083,0.012201409176834507,0.8554216867469879,0.41110579878423603
-5.00003859681002,0.012245368369493186,0.8534136546184738,0.41462331807936614
-4.972276022648957,0.012261935820506132,0.8493975903614458,0.41817498804726455
-4.944513448487895,0.012308948780772372,0.8473895582329317,0.4217949593606994
-4.916750874326833,0.012391355414611229,0.8473895582329317,0.4256881360562803
-4.88898830016577,0.012439427963597684,0.8453815261044176,0.4292910320333311
-4.861225726004708,0.012517840152235966,0.8453815261044176,0.4329110033467659
-4.833463151843645,0.012548291455781497,0.8413654618473896,0.4369920087425722
-4.8057005776825825,0.012636086733616816,0.8413654618473896,0.4409534867836896
-4.777938003521521,0.012683578104138851,0.8393574297188755,0.44440270473328325
-4.750175429360458,0.012747615553925165,0.8373493975903614,0.44855201147462603
-4.722412855199396,0.012840251262470747,0.8373493975903614,0.45258179086128
-4.694650281038333,0.012895226286422815,0.8353413654618473,0.4562529881838672
-4.6668877068772705,0.012972838120185862,0.8353413654618473,0.45954852810600366
-4.639125132716209,0.013057534762547476,0.8353413654618473,0.46310019807390207
-4.611362558555145,0.013115479426079261,0.8333333333333334,0.46678847073287344
-4.583599984394084,0.013210670401731711,0.8333333333333334,0.47068164742845436
-4.555837410233021,0.013298298458679143,0.8333333333333334,0.4742162420599686
-4.5280748360719585,0.01335483870967742,0.8313253012048193,0.4777337613550987
-4.500312261910896,0.013377492044937983,0.8273092369477911,0.48114882863192404
-4.472549687749833,0.013441036038982276,0.8253012048192772,0.48488832730004783
-4.444787113588772,0.013543348601179688,0.8253012048192772,0.4888327300047811
-4.417024539427709,0.013607248348876572,0.8232931726907631,0.49250392732736836
-4.3892619652666465,0.013713750543532795,0.8232931726907631,0.496499556041254
-4.361499391105584,0.013806573275862068,0.8232931726907631,0.4999316986544635
-4.333736816944521,0.013803160822085058,0.8172690763052208,0.5034662932859777
-4.305974242783458,0.013865646665072914,0.8152610441767069,0.5069496619083396
-4.278211668622397,0.013933326452678295,0.8132530120481928,0.5105867085581586
-4.2504490944613345,0.01401287108158605,0.8132530120481928,0.5134041390615395
-4.222686520300272,0.014094826082405889,0.8112449799196787,0.5174680691209617
-4.194923946139209,0.014185891358544893,0.8112449799196787,0.520609931015641
-4.167161371978146,0.014185149810746754,0.8052208835341366,0.5241445256471553
-4.139398797817085,0.014212438555246848,0.8012048192771084,0.5274400655692917
-4.111636223656022,0.014315955652829105,0.8012048192771084,0.5309063588552695
-4.08387364949496,0.014387969055021328,0.7991967871485943,0.5344580288231678
-4.056111075333897,0.014500674026305243,0.7991967871485943,0.5381292261457551
-4.028348501172834,0.014530510402524493,0.7951807228915663,0.5414076907315074
-4.000585927011771,0.014558084540348803,0.7911646586345381,0.5446007786353391
-3.9728233528507104,0.014636326393802837,0.7891566265060241,0.548220749948774
-3.9450607786896477,0.014721898824501445,0.7871485943775101,0.5520285499624342
-3.917298204528585,0.01483836777954425,0.7871485943775101,0.5555972952667168
-3.889535630367522,0.01490091463414634,0.785140562248996,0.5586196298067072
-3.8617730562064594,0.014986166615431909,0.7831325301204819,0.5622908271292945
-3.8340104820453984,0.0149959313364591,0.7771084337349398,0.5659449491154975
-3.8062479078843356,0.015062826816514477,0.7751004016064257,0.5690185096646404
-3.778485333723273,0.015131863380890618,0.7730923694779116,0.5721262208865515
-3.75072275956221,0.015212740670311385,0.7710843373493976,0.5755412881633768
-3.7229601854011474,0.015251327504291931,0.7670682730923695,0.5788368280855133
-3.6951976112400846,0.015292365889975451,0.7630522088353414,0.5821835940168021
-3.6674350370790236,0.015400826781227202,0.7630522088353414,0.5851717778840243
-3.639672462917961,0.015486454460017162,0.7610441767068273,0.5885868451608497
-3.611909888756898,0.015523985999588224,0.7570281124497992,0.5917628577282973
-3.5841473145958354,0.015633423180592992,0.7570281124497992,0.5946656649135988
-3.5563847404347726,0.015703307718008687,0.7550200803212851,0.5975684720989003
-3.5286221662737116,0.01578216405033458,0.7530120481927711,0.6006761833208114
-3.500859592112649,0.015894544992158692,0.7530120481927711,0.6035448398333447
-3.473097017951586,0.015919760990183527,0.748995983935743,0.6062939689911891
-3.4453344437905233,0.01591124107680399,0.7429718875502008,0.609248002185643
-3.4175718696294606,0.016031195840554593,0.7429718875502008,0.6122191107164812
-3.389809295468398,0.016104394884999783,0.7409638554216867,0.6150536165562461
-3.362046721307337,0.016189344947428623,0.7389558232931727,0.6181442524417731
-3.334284147146274,0.0163258063085045,0.7389558232931727,0.6213885663547571
-3.3065215729852113,0.01645133890652242,0.7389558232931727,0.6243255242128269
-3.2787589988241486,0.016442182080273888,0.7329317269076305,0.6271771053889762
-3.250996424663086,0.016495501226938106,0.7289156626506024,0.6304384946383443
-3.223233850502025,0.01662468513853904,0.7289156626506024,0.6333583771600301
-3.195471276340962,0.016772166520353002,0.7289156626506024,0.6366368417457824
-3.1677087021798993,0.016820426800857328,0.7248995983935743,0.6396933269585411
-3.1399461280188365,0.016842599108608962,0.7208835341365462,0.6421692507342395
-3.112183553857774,0.016844894482823884,0.714859437751004,0.645208660610614
-3.084420979696711,0.016928138858423536,0.7128514056224899,0.6479748651048426
-3.05665840553565,0.016916570549788543,0.7068273092369478,0.6507069189263028
-3.0288958313745873,0.01698524074522139,0.7048192771084337,0.6531316166928488
-3.0011332572135245,0.017105263157894738,0.7048192771084337,0.6556075404685472
-2.9733706830524618,0.017229530728450813,0.7048192771084337,0.658134690253398
-2.945608108891399,0.017349611981612376,0.7048192771084337,0.6605423126835599
-2.917845534730338,0.0174800796812749,0.7048192771084337,0.663120688477563
-2.8900829605692753,0.01751304696908872,0.7008032128514057,0.665681988935182
-2.8623203864082125,0.017642301081791528,0.7008032128514057,0.6681749880472645
-2.8345578122471498,0.017680627738713952,0.6967871485943775,0.67080458985042
-2.806795238086087,0.01768910371779709,0.6907630522088354,0.6738098490540264
-2.7790326639250242,0.017774783645126184,0.6887550200803213,0.6763540741752613
-2.7512700897639633,0.017854346123727487,0.6867469879518072,0.6787616966054232
-2.7235075156029005,0.01794075866785921,0.6847389558232931,0.6812717710538898
-2.6957449414418377,0.01798790194205667,0.6807228915662651,0.6839867495389659
-2.667982367280775,0.018121558774790186,0.6807228915662651,0.6863602212963595
-2.640219793119712,0.018278874150760273,0.6807228915662651,0.689109350454204
-2.6124572189586512,0.01835260900255199,0.678714859437751,0.6912949935113721
-2.5846946447975885,0.018378733180177225,0.6746987951807228,0.6935660132504611
-2.5569320706365257,0.018518518518518517,0.6746987951807228,0.6959224096714706
-2.529169496475463,0.018667703761320074,0.6746987951807228,0.698398333447169
-2.5014069223144,0.01867591142921047,0.6706827309236948,0.7003278464585753
-2.4736443481533374,0.0187457779779329,0.6686746987951807,0.7023598114882863
-2.4458817739922765,0.018836879432624114,0.6666666666666666,0.7047162079092958
-2.4181191998312137,0.018916447594010743,0.6646586345381527,0.7068677002936958
-2.390356625670151,0.018992805755395685,0.6626506024096386,0.7089508913325593
-2.362594051509088,0.019152640742890307,0.6626506024096386,0.7114268151082577
-2.3348314773480254,0.019288093985621604,0.6626506024096386,0.713492930810737
-2.3070689031869644,0.01933506248526291,0.6586345381526104,0.7159347039136671
-2.2793063290259017,0.019489007724301843,0.6586345381526104,0.7182227989891401
-2.251543754864839,0.019606667466123037,0.6566265060240963,0.7208011747831432
-2.223781180703776,0.01965171121054541,0.6526104417670683,0.7231575712041527
-2.1960186065427134,0.019802583475505727,0.6526104417670683,0.7253090635885527
-2.1682560323816507,0.019938650306748466,0.6526104417670683,0.7272215012635749
-2.1404934582205897,0.020075359812218172,0.6526104417670683,0.729116863602213
-2.112730884059527,0.020193861066235864,0.6526104417670683,0.730739020558705
-2.084968309898464,0.02028042063094642,0.6506024096385542,0.7327368349156478
-2.0572057357374014,0.02045842015533245,0.6506024096385542,0.7351103066730414
-2.0294431615763386,0.020432845321451305,0.6445783132530121,0.7372276483846731
-2.0016805874152777,0.020392458637937667,0.6385542168674698,0.7391571613960795
-1.973918013254215,0.020412118080227377,0.6345381526104418,0.7410525237347175
-1.9461554390931521,0.020446701829784465,0.6305220883534136,0.7431357147735811
-1.9183928649320894,0.0206023226822387,0.6305220883534136,0.7451164537941397
-1.8906302907710266,0.02062537185165598,0.6265060240963856,0.747028891469162
-1.8628677166099639,0.020798613425771616,0.6265060240963856,0.7491803838535619
-1.8351051424489029,0.020806765554735217,0.6224899598393574,0.7508879174919746
-1.8073425682878401,0.02096152545811076,0.6224899598393574,0.7527662044942285
-1.7795799941267774,0.021066266703026998,0.6204819277108434,0.7548152448603237
-1.7518174199657146,0.021149488429581816,0.6184738955823293,0.756591079844273
-1.7240548458046518,0.021251557524574277,0.6164658634538153,0.7585718188648316
-1.6962922716435909,0.021338912133891212,0.6144578313253012,0.760364729185165
-1.668529697482528,0.021423052609398047,0.6124497991967871,0.7621064134963459
-1.6407671233214653,0.021244954323348206,0.6024096385542169,0.764001775834984
-1.6130045491604026,0.021329718932800685,0.6004016064257028,0.7657434601461649
-1.5852419749993398,0.021418816933802917,0.5983935742971888,0.7675192951301141
-1.557479400838277,0.021594202898550723,0.5983935742971888,0.7694488081415204
-1.529716826677216,0.021691498685363717,0.5963855421686747,0.771275869134622
-1.5019542525161533,0.021798365122615803,0.5943775100401606,0.7731883068096441
-1.4741916783550906,0.021942179392142328,0.5943775100401606,0.7747080117478314
-1.4464291041940278,0.02208745133273435,0.5923694779116466,0.7769790314869203
-1.418666530032965,0.022225570707451216,0.5923694779116466,0.7783962844068029
-1.390903955871904,0.02224922165692156,0.5883534136546185,0.7801379687179838
-1.3631413817108413,0.022342948963195348,0.5863453815261044,0.7818284270200123
-1.3353788075497786,0.022522175086772078,0.5863453815261044,0.7836042620039615
-1.3076162333887158,0.022683135244309795,0.5863453815261044,0.7851751929513011
-1.279853659227653,0.022697033732488065,0.5823293172690763,0.7867802745714091
-1.2520910850665903,0.02263585456266267,0.5763052208835341,0.7884024315279011
-1.2243285109055293,0.022711029937266737,0.5742971887550201,0.7898538351205519
-1.1965659367444665,0.022627328695930277,0.5682730923694779,0.7912710880404344
-1.1688033625834038,0.02280235275159133,0.5682730923694779,0.7929103203333105
-1.141040788422341,0.022972643883432096,0.5682730923694779,0.7944812512806503
-1.1132782142612783,0.02288329519450801,0.5622489959839357,0.7958472781913803
-1.0855156401002173,0.02298187808896211,0.5602409638554217,0.7974694351478724
-1.0577530659391545,0.02307436918990704,0.5582329317269076,0.7990232907588279
-1.0299904917780918,0.023141186299081035,0.5562248995983936,0.8003380916604057
-1.002227917617029,0.02329297006390851,0.5562248995983936,0.8016699678983676
-0.9744653434559662,0.023307059920332232,0.5522088353413654,0.8032238235093231
-0.9467027692949035,0.02328954103395325,0.5481927710843374,0.8045044737381326
-0.9189401951338425,0.023361676543846088,0.5461847389558233,0.8058363499760945
-0.8911776209727797,0.02350704347074583,0.5461847389558233,0.8070657741957517
-0.863415046811717,0.023670698807762597,0.5461847389558233,0.8084318011064818
-0.8356524726506542,0.023797025371828522,0.5461847389558233,0.8094733966259136
-0.8078898984895915,0.02394787814756119,0.5461847389558233,0.8107028208455707
-0.7801273243285305,0.02406535831631294,0.5441767068273092,0.8123420531384469
-0.7523647501674677,0.0242635867132241,0.5441767068273092,0.8139129840857865
-0.724602176006405,0.02424734090499369,0.5401606425702812,0.8151594836418278
-0.6968396018453422,0.024399092970521542,0.5401606425702812,0.8163376818523325
-0.6690770276842795,0.0245796783625731,0.5401606425702812,0.8177207840994467
-0.6413144535232167,0.02468226192669,0.5381526104417671,0.8191721876920975
-0.6135518793621557,0.024666172106824927,0.5341365461847389,0.8204016119117546
-0.585789305201093,0.024556489262371615,0.5281124497991968,0.8216139607950277
-0.5580267310400302,0.024736644093303235,0.5281124497991968,0.8229458370329895
-0.5302641568789674,0.024852969076076648,0.5261044176706827,0.8244655419711768
-0.5025015827179047,0.02496413199426112,0.5240963855421686,0.8259340209002117
-0.4747390085568437,0.025132402503610977,0.5240963855421686,0.8271292944471006
-0.44697643439578094,0.025288247262862124,0.5240963855421686,0.8282221159756847
-0.4192138602347182,0.025355958650282815,0.5220883534136547,0.8293490881770371
-0.3914512860736554,0.02542955326460481,0.5200803212851406,0.8305102110511577
-0.36368871191259267,0.02548148148148148,0.5180722891566265,0.8315176558978212
-0.3359261377515299,0.025459970164097463,0.5140562248995983,0.8326787787719419
-0.3081635635904689,0.025528080888977876,0.5120481927710844,0.8337886756369101
-0.28040098942940617,0.02573677836092047,0.5120481927710844,0.8351717778840243
-0.2526384152683434,0.025836639202522632,0.5100401606425703,0.836469503449218
-0.22487584110728065,0.02582496413199426,0.5060240963855421,0.8376818523324909
-0.1971132669462179,0.02597670343263581,0.5060240963855421,0.8386551465063862
-0.1693506927851569,0.02593092002904263,0.5020080321285141,0.8396455160166655
-0.14158811862409415,0.026021527850350088,0.5,0.8408578648999385
-0.11382554446303139,0.02619673855865334,0.5,0.8419506864285227
-0.08606297030196863,0.026391096979332274,0.5,0.8431459599754115
-0.058300396140905875,0.0265288727892606,0.5,0.8439826514582337
-0.030537821979843116,0.02661801008908447,0.4979919678714859,0.8451437743323543
-0.002775247818782134,0.026673866090712744,0.4959839357429719,0.8460999931698654
0.024987326342280625,0.026610187900510483,0.4919678714859438,0.8469708353254559
0.05274990050334338,0.026692921999781207,0.4899598393574297,0.8480807321904241
0.08051247466440614,0.026720914888937762,0.4879518072289157,0.848866197664094
0.1082750488254689,0.026892430278884463,0.4879518072289157,0.8498565671743733
0.13603762298652988,0.026975810946382787,0.4859437751004016,0.8509493887029574
0.16380019714759264,0.027117884356790675,0.4859437751004016,0.8517519295130114
0.1915627713086554,0.027313769751693,0.4859437751004016,0.8528447510415955
0.21932534546971816,0.02738325190319282,0.4839357429718876,0.8538351205518748
0.24708791963078092,0.027373725804604284,0.4799196787148594,0.8549962434259955
0.2748504937918437,0.027534562211981566,0.4799196787148594,0.855867085581586
0.30261306795290466,0.027774549680418363,0.4799196787148594,0.8571477358103955
0.3303756421139674,0.027982671818288257,0.4799196787148594,0.8582405573389795
0.3581382162750302,0.027964601769911505,0.4759036144578313,0.8593333788675637
0.38590079043609293,0.02790311090002375,0.4718875502008032,0.8602042210231542
0.4136633645971557,0.027977044476327116,0.46987951807228917,0.8611775151970494
0.4414259387582167,0.02815884476534296,0.46987951807228917,0.8620995833617923
0.46918851291927943,0.028373954165150966,0.46987951807228917,0.8631753295539922
0.4969510870803422,0.02857142857142857,0.46987951807228917,0.8641486237278875
0.524713661241405,0.028645193016965824,0.4678714859437751,0.8650877672290144
0.5524762354024677,0.028769841269841268,0.46586345381526106,0.8662659654395192
0.5802388095635305,0.028996375453068365,0.46586345381526106,0.8673417116317191
0.6080013837245914,0.02922650541698161,0.46586345381526106,0.8684174578239191
0.6357639578856542,0.029288702928870293,0.463855421686747,0.8692712246431255
0.663526532046717,0.029453015427769985,0.463855421686747,0.8700225394440271
0.6912891062077797,0.02952124245924785,0.46184738955823296,0.8708933815996175
0.7190516803688425,0.029688911836840068,0.46184738955823296,0.8716446964005191
0.7468142545299035,0.029901196047841912,0.46184738955823296,0.872583839901646
0.7745768286909662,0.029819513471095998,0.4578313253012048,0.8733351547025476
0.802339402852029,0.02989202001580195,0.45582329317269077,0.8742059968581382
0.8301019770130917,0.029917924278527932,0.4538152610441767,0.874871934977119
0.8578645511741545,0.029984008528784648,0.45180722891566266,0.8757086264599413
0.8856271253352173,0.03015277405521308,0.45180722891566266,0.8764257905880746
0.9133896994962782,0.03035617916891527,0.45180722891566266,0.8772795574072809
0.941152273657341,0.030134383059590063,0.4457831325301205,0.8779967215354142
0.9689148478184038,0.030232558139534883,0.44377510040160645,0.8789529403729254
0.9966774219794665,0.030449159548084873,0.44377510040160645,0.8798408578649
1.0244399961405293,0.030534351145038167,0.44176706827309237,0.8807287753568745
1.0522025703015903,0.030709101060859854,0.44176706827309237,0.8814288641486238
1.079965144462653,0.030885862698301278,0.44176706827309237,0.882128952940373
1.1077277186237158,0.030927835051546393,0.4397590361445783,0.8828290417321222
1.1354902927847785,0.03116107000569152,0.4397590361445783,0.8837340345604808
1.1632528669458413,0.031325990559290515,0.4397590361445783,0.8843658220066936
1.191015441106904,0.03153347732181425,0.4397590361445783,0.8851512874803633
1.218778015267965,0.03171614771904417,0.4397590361445783,0.8858343009357285
1.2465405894290278,0.03177379390759365,0.43775100401606426,0.8865685404002459
1.2743031635900905,0.03182284792491568,0.4357429718875502,0.8872686291919951
1.3020657377511533,0.03168754605747973,0.43172690763052207,0.8878150399562872
1.329828311912216,0.0319322738749443,0.43172690763052207,0.8887029574482618
1.357590886073277,0.03211831490887362,0.43172690763052207,0.8893688955672426
1.3853534602343398,0.032185291021206194,0.42971887550200805,0.8901202103681443
1.4131160343954026,0.032248296744890236,0.42771084337349397,0.8908544498326617
1.4408786085564653,0.032420091324200914,0.42771084337349397,0.8914520866061061
1.468641182717528,0.032613688562241616,0.42771084337349397,0.892118024725087
1.4964037568785908,0.0325115562403698,0.42369477911646586,0.892783962844068
1.5241663310396518,0.032423208191126277,0.41967871485943775,0.8935011269722013
1.5519289052007146,0.032651148258084677,0.41967871485943775,0.8942695171094871
1.5796914793617773,0.03283582089552239,0.41967871485943775,0.8948842292193157
1.60745405352284,0.03301216237561207,0.41967871485943775,0.895464790656376
1.6352166276839029,0.03287801778907243,0.41566265060240964,0.8960282767570521
1.6629792018449638,0.032944186790340634,0.41365461847389556,0.8967454408851855
1.6907417760060266,0.03312429651069304,0.41365461847389556,0.8973260023222458
1.7185043501670894,0.033344124312075105,0.41365461847389556,0.8980260911139949
1.7462669243281521,0.03356688935962197,0.41365461847389556,0.8987261799057441
1.7740294984892149,0.033770491803278686,0.41365461847389556,0.8993579673519568
1.8017920726502776,0.03398218409765754,0.41365461847389556,0.9000068301345536
1.8295546468113386,0.034151193633952255,0.41365461847389556,0.9005190902260775
1.8573172209724014,0.03432761206465589,0.41365461847389556,0.9010484256539854
1.8850797951334641,0.034592779177162046,0.41365461847389556,0.9018338911276552
1.912842369294527,0.03479142036818105,0.41365461847389556,0.9024144525647155
1.9406049434555896,0.034992356038729404,0.41365461847389556,0.9029950140017758
1.9683675176166506,0.03514758573622249,0.41365461847389556,0.9034389727477631
1.9961300917777134,0.035205220676627166,0.41164658634538154,0.9040707601939758
2.023892665938776,0.03546099290780142,0.41164658634538154,0.9047879243221092
2.051655240099839,0.03567078475726466,0.41164658634538154,0.9053684857591695
2.0794178142609017,0.03584542752229411,0.41164658634538154,0.905846595177925
2.1071803884219644,0.03609154929577465,0.41164658634538154,0.906512533296906
2.1349429625830254,0.03627034677990092,0.41164658634538154,0.9069906427156615
2.162705536744088,0.036476868327402136,0.41164658634538154,0.9075370534799535
2.190468110905151,0.03643507769244508,0.40963855421686746,0.9078785602076361
2.2182306850662137,0.03659192825112108,0.40963855421686746,0.9082883682808551
2.2459932592272764,0.03662276745444705,0.40763052208835343,0.908817703708763
2.2737558333883374,0.03680870353581142,0.40763052208835343,0.9092958131275186
2.3015184075494,0.03682771194165907,0.40562248995983935,0.9097909978826583
2.329280981710463,0.0369692532942899,0.40562248995983935,0.910149579946725
2.3570435558715257,0.03692138133725202,0.4036144578313253,0.9104740113380234
2.3848061300325885,0.037132828376131535,0.4036144578313253,0.9110033467659313
2.412568704193651,0.03711952487008166,0.40160642570281124,0.9114131548391503
2.440331278354712,0.037320395596193316,0.40160642570281124,0.91190833959429
2.468093852515775,0.03737089201877934,0.39959839357429716,0.9124718256949662
2.4958564266768377,0.037540086776079985,0.39959839357429716,0.9128816337681852
2.5236190008379005,0.03735305271141449,0.39558232931726905,0.9133085171777884
2.5513815749989632,0.037383177570093455,0.39357429718875503,0.9138207772693122
2.579144149160024,0.03723608445297505,0.3895582329317269,0.9143501126972201
2.606906723321087,0.037130148907368016,0.3855421686746988,0.9149819001434328
2.6346692974821497,0.03733229632510208,0.3855421686746988,0.9154600095621884
2.6624318716432125,0.03752931978107897,0.3855421686746988,0.9159210436445598
2.6901944458042752,0.037721021611001965,0.3855421686746988,0.9163650023905471
2.717957019965338,0.03732964645467114,0.3795180722891566,0.9167748104637662
2.745719594126399,0.03750744195276841,0.3795180722891566,0.9171846185369852
2.7734821682874617,0.03769445552453131,0.3795180722891566,0.9176115019465884
2.8012447424485245,0.03749749348305594,0.3755020080321285,0.9180383853561915
2.8290073166095873,0.037484885126964934,0.37349397590361444,0.9184481934294105
2.85676989077065,0.03735282176207876,0.36947791164658633,0.9190287548664708
2.884532464931711,0.03733170134638923,0.3674698795180723,0.9194214876033058
2.9122950390927738,0.03737166324435318,0.3654618473895582,0.9199508230312137
2.9400576132538365,0.03757225433526012,0.3654618473895582,0.920394781777201
2.9678201874148993,0.03734439834024896,0.3614457831325301,0.9207704391776518
2.995582761575962,0.03760969494358546,0.3614457831325301,0.9213510006147121
3.023345335737025,0.03775959723096287,0.3614457831325301,0.9216754320060105
3.051107909898086,0.037731871838111296,0.35943775100401604,0.9220510894064613
3.0788704840591485,0.03766398645789251,0.357429718875502,0.9223413701249915
3.1066330582202113,0.03766758884869121,0.35542168674698793,0.9227853288709787
3.134395632381274,0.03761487497328489,0.3534136546184739,0.9231097602622772
3.162158206542337,0.03756170852114188,0.3514056224899598,0.9234341916535755
3.189920780703398,0.03770739064856712,0.3514056224899598,0.9237415477084898
3.2176833548644606,0.03783783783783784,0.3514056224899598,0.9240147530906359
3.2454459290255233,0.03806830541657603,0.3514056224899598,0.9244928625093914
3.273208503186586,0.0380327868852459,0.3493975903614458,0.9248514445734581
3.300971077347649,0.038013623379477036,0.3473895582329317,0.925244177310293
3.3287336515087116,0.03800265134776845,0.3453815261044177,0.9256539853835121
3.3564962256697726,0.03802535023348899,0.3433734939759036,0.9261320948022677
3.384258799830837,0.03798882681564246,0.3413654618473896,0.9264906768663342
3.4120213739919,0.03799460431654676,0.3393574297188755,0.9269346356123216
3.439783948152959,0.0379489496272871,0.3373493975903614,0.9272761423400041
3.467546522314022,0.0381038784304831,0.3373493975903614,0.9275834983949184
3.4953090964750846,0.03783906997948484,0.3333333333333333,0.9279250051226009
3.5230716706361473,0.038021071919377,0.3333333333333333,0.9282835871866676
3.55083424479721,0.038187255578559925,0.3333333333333333,0.9286080185779659
3.578596818958273,0.03805350553505535,0.3313253012048193,0.9287787719418072
3.6063593931193356,0.0382919470874913,0.3313253012048193,0.9292398060241787
3.6341219672803984,0.03847050594544183,0.3313253012048193,0.9295813127518612
3.661884541441461,0.03859649122807018,0.3313253012048193,0.929820367461239
3.689647115602524,0.03872330438864116,0.3313253012048193,0.9300594221706168
3.7174096897635867,0.03891509433962264,0.3313253012048193,0.9304180042346835
3.745172263924646,0.03910879355297464,0.3313253012048193,0.93077658629875
3.7729348380857086,0.03935129978535655,0.3313253012048193,0.9312205450447374
3.8006974122467714,0.039281437125748504,0.3293172690763052,0.9315108257632675
3.828459986407834,0.039442039442039445,0.3293172690763052,0.9318011064817977
3.856222560568897,0.03959439884113954,0.3293172690763052,0.9320743118639437
3.8839851347299597,0.039757575757575755,0.3293172690763052,0.9323645925824738
3.9117477088910224,0.039775500244021475,0.3273092369477912,0.9328085513284612
3.939510283052085,0.039960774699681297,0.3273092369477912,0.9331329827197595
3.967272857213148,0.03971386285150469,0.3232931726907631,0.9335257154565945
3.9950354313742107,0.03945409429280397,0.3192771084337349,0.9339013728570453
4.0227980055352734,0.03966076328261412,0.3192771084337349,0.9342599549211119
4.050560579696333,0.03963873557451079,0.3172690763052209,0.9346356123215628
4.078323153857395,0.039818548387096774,0.3172690763052209,0.9349429683764771
4.106085728018458,0.03998987598076437,0.3172690763052209,0.9352332490950072
4.133848302179521,0.04012188928390046,0.3172690763052209,0.9354552284680008
4.161610876340584,0.03982639775338269,0.3132530120481928,0.9357796598592992
4.1893734505016464,0.03951757762381319,0.3092369477911647,0.9360870159142135
4.217136024662709,0.039690721649484534,0.3092369477911647,0.9363772966327437
4.244898598823772,0.039575788929125714,0.3072289156626506,0.9365992760057373
4.272661172984835,0.03967842323651452,0.3072289156626506,0.9367700293695785
4.3004237471458975,0.039634941329856586,0.30522088353413657,0.9371115360972612
4.32818632130696,0.039046121593291405,0.2991967871485944,0.9373847414794071
4.355948895468019,0.039262187088274045,0.2991967871485944,0.9377433235434738
4.383711469629082,0.03941798941798942,0.2991967871485944,0.9379994535892358
4.411474043790145,0.03933032155195323,0.2971887550200803,0.9382726589713818
4.439236617951208,0.03928380545163014,0.29518072289156627,0.9386141656990643
4.4669991921122705,0.0392156862745098,0.2931726907630522,0.9389215217539786
4.494761766273333,0.039094095443515775,0.29116465863453816,0.9391435011269722
4.522524340434396,0.03921038399134667,0.29116465863453816,0.9393313298271976
4.550286914595459,0.039391469709318123,0.29116465863453816,0.9396216105457278
4.5780494887565215,0.03927986906710311,0.2891566265060241,0.9398606652551055
4.605812062917584,0.03948450781464217,0.2891566265060241,0.9401850966464039
4.633574637078647,0.03962575674188222,0.2891566265060241,0.9404070760193975
4.661337211239706,0.039568345323741004,0.28714859437751006,0.940731507410696
4.689099785400769,0.03953229398663697,0.285140562248996,0.9410900894747627
4.716862359561832,0.03969807100922561,0.285140562248996,0.9413462195205246
4.7446249337228945,0.039617870188255126,0.28313253012048195,0.9416365002390548
4.772387507883957,0.03980801806888763,0.28313253012048195,0.9419267809575849
4.80015008204502,0.03887627695800227,0.2751004016064257,0.9421658356669627
4.827912656206083,0.039031339031339034,0.2751004016064257,0.9424048903763405
4.8556752303671455,0.03889047755218759,0.27309236947791166,0.9426097944129499
4.883437804528208,0.0389908256880734,0.27309236947791166,0.942763472440407
4.911200378689271,0.03920438166618622,0.27309236947791166,0.9430879038317055
4.938962952850334,0.0390851187029531,0.2710843373493976,0.9433269585410833
4.966725527011393,0.03922138291690878,0.2710843373493976,0.9435318625776927
4.994488101172456,0.03938156359393232,0.2710843373493976,0.9437709172870705
5.0222506753335185,0.039566236811254395,0.2710843373493976,0.9440441226692166
5.050013249494581,0.03951636685343556,0.26907630522088355,0.9443856293968991
5.077775823655644,0.03964497041420118,0.26907630522088355,0.9445734580971246
5.105538397816707,0.03933253873659118,0.26506024096385544,0.9449491154975753
5.13330097197777,0.03952095808383234,0.26506024096385544,0.9452223208797214
5.161063546138832,0.03963963963963964,0.26506024096385544,0.9453930742435626
5.188826120299895,0.039783001808318265,0.26506024096385544,0.9455979782801721
5.216588694460958,0.03990326481257558,0.26506024096385544,0.9457687316440134
5.244351268622021,0.04008502884907379,0.26506024096385544,0.9460248616897753
5.27211384278308,0.03990252817544929,0.26305220883534136,0.9461785397172324
5.299876416944143,0.04011022657685242,0.26305220883534136,0.9464688204357626
5.327638991105205,0.04028290282902829,0.26305220883534136,0.9467078751451403
5.355401565266268,0.040173053152039555,0.26104417670682734,0.9469640051909023
5.383164139427331,0.04001240694789082,0.25903614457831325,0.9471518338911277
5.410926713588394,0.04018691588785047,0.25903614457831325,0.9473908886005055
5.438689287749456,0.040075140889167186,0.2570281124497992,0.9476470186462673
5.466451861910519,0.0399120050282841,0.25502008032128515,0.9478348473464927
5.494214436071582,0.04007573366992742,0.25502008032128515,0.9480568267194863
5.521977010232645,0.039949270767279645,0.25301204819277107,0.9482958814288641
5.549739584393707,0.04010184595798854,0.25301204819277107,0.9485007854654737
5.577502158554767,0.04001280409731114,0.25100401606425704,0.9487910661840038
5.605264732715829,0.040154192097654993,0.25100401606425704,0.9489788948842293
5.633027306876892,0.0399871009351822,0.24899598393574296,0.9491667235844546
5.660789881037955,0.039272963323596234,0.2429718875502008,0.9494570043029847
5.688552455199018,0.039126181936746,0.24096385542168675,0.9496789836759785
5.71631502936008,0.03922850604772801,0.24096385542168675,0.9498155863670514
5.744077603521143,0.03935716628402755,0.24096385542168675,0.9499863397308927
5.771840177682206,0.03956478733926805,0.24096385542168675,0.9502595451130387
5.799602751843269,0.039430086149768055,0.2389558232931727,0.9504985998224165
5.827365326004331,0.03957432657133356,0.2389558232931727,0.9506864285226418
5.855127900165394,0.03973288814691152,0.2389558232931727,0.9508913325592514
5.882890474326453,0.03989272544418371,0.2389558232931727,0.951096236595861
5.910653048487516,0.04008083529808016,0.2389558232931727,0.9513352913052388
5.938415622648579,0.04028436018957346,0.2389558232931727,0.9515914213510006
5.966178196809642,0.04009514101257221,0.23694779116465864,0.9517621747148419
5.993940770970704,0.03993174061433447,0.23493975903614459,0.9519670787514514
6.021703345131767,0.04010970174837161,0.23493975903614459,0.9521890581244451
6.04946591929283,0.04026152787336545,0.23493975903614459,0.9523768868246705
6.077228493453893,0.040428472702142365,0.23493975903614459,0.9525817908612799
6.1049910676149555,0.04052649809490821,0.23493975903614459,0.9527013182159688
6.132753641776018,0.0407098121085595,0.23493975903614459,0.9529232975889625
6.160516215937081,0.04019573575672842,0.23092369477911648,0.9531111262891879
6.18827879009814,0.03997194950911641,0.2289156626506024,0.9532477289802609
6.216041364259203,0.04008438818565401,0.2289156626506024,0.953384331671334
6.243803938420266,0.04022582921665491,0.2289156626506024,0.9535550850351752
6.2715665125813285,0.04043987229514012,0.2289156626506024,0.9538112150809371
6.299329086742391,0.040627227369921595,0.2289156626506024,0.9540331944539308
6.327091660903454,0.0408017179670723,0.2289156626506024,0.9542380984905403
6.354854235064517,0.04058908045977012,0.22690763052208834,0.9543917765179974
6.3826168092255795,0.04069139359020526,0.22690763052208834,0.9545113038726863
6.410379383386642,0.04052098408104197,0.2248995983935743,0.9547162079092958
6.438141957547705,0.04066811909949165,0.2248995983935743,0.9548869612731371
6.465904531708768,0.0407717510010921,0.2248995983935743,0.955006488627826
6.493667105869827,0.040875912408759124,0.2248995983935743,0.9551260159825149
6.52142968003089,0.041085840058694055,0.2248995983935743,0.9553650706918926
6.5491922541919525,0.041221935958778065,0.2248995983935743,0.9555187487193497
6.576954828353015,0.04100480236424086,0.22289156626506024,0.9556724267468069
6.604717402514078,0.041156840934371525,0.22289156626506024,0.9558431801106482
6.632479976675141,0.041325390915860016,0.22289156626506024,0.9560310088108736
6.6602425508362035,0.04147982062780269,0.22289156626506024,0.9562017621747149
6.688005124997266,0.041635408852213056,0.22289156626506024,0.9563725155385561
6.715767699158329,0.04172932330827068,0.22289156626506024,0.9564749675568609
6.743530273319392,0.04195011337868481,0.22289156626506024,0.9567140222662387
6.771292847480455,0.04209328782707622,0.22289156626506024,0.9568677002936958
6.799055421641514,0.04226961157654227,0.22289156626506024,0.9570555289939212
6.8268179958025765,0.04249617151607963,0.22289156626506024,0.957294583703299
6.854580569963639,0.04232397075798384,0.22088353413654618,0.9574994877399085
6.882343144124702,0.04240555127216654,0.22088353413654618,0.9575848644218291
6.910105718285765,0.04256965944272446,0.22088353413654618,0.9577556177856704
6.937868292446828,0.042735042735042736,0.22088353413654618,0.9579263711495116
6.96563086660789,0.04291845493562232,0.22088353413654618,0.958114199849737
6.993393440768953,0.04267815191855912,0.21887550200803213,0.9582508025408101
7.021156014930016,0.04256996452502956,0.21686746987951808,0.9585240079229561
7.048918589091079,0.042687747035573126,0.21686746987951808,0.958643535277645
7.076681163252141,0.04294234592445328,0.21686746987951808,0.9588996653234069
7.104443737413201,0.043251902282739285,0.21686746987951808,0.9592070213783211
7.132206311574263,0.04342581423401689,0.21686746987951808,0.9593777747421625
7.159968885735326,0.04323232323232323,0.21485943775100402,0.9595656034423878
7.187731459896389,0.04339010543390105,0.21485943775100402,0.959719281469845
7.215494034057452,0.0435313262815297,0.21485943775100402,0.9598558841609179
7.243256608218514,0.04370915032679738,0.21485943775100402,0.9600266375247593
7.271019182379577,0.04378068739770868,0.21485943775100402,0.9600949388702957
7.29878175654064,0.04396055875102712,0.21485943775100402,0.960265692234137
7.326544330701703,0.04365733113673806,0.21285140562248997,0.9603510689160576
7.354306904862765,0.043819760231500623,0.21285140562248997,0.9605047469435148
7.382069479023828,0.0439651596847781,0.21285140562248997,0.9606413496345878
7.409832053184887,0.04407484407484408,0.21285140562248997,0.9607438016528925
7.43759462734595,0.043877977434183035,0.21084337349397592,0.9609316303531179
7.465357201507013,0.044043624161073824,0.21084337349397592,0.961085308380575
7.493119775668076,0.044173327724021876,0.21084337349397592,0.9612048357352639
7.520882349829138,0.04439746300211417,0.21084337349397592,0.9614097397718735
7.548644923990201,0.044585987261146494,0.21084337349397592,0.9615804931357148
7.576407498151264,0.04469987228607918,0.21084337349397592,0.9616829451540195
7.604170072312327,0.044596912521440824,0.20883534136546184,0.9619561505361656
7.631932646473389,0.04475043029259897,0.20883534136546184,0.9620927532272385
7.659695220634452,0.04496325118893212,0.20883534136546184,0.962280581927464
7.687457794795515,0.04511930585683297,0.20883534136546184,0.962417184618537
7.715220368956574,0.045454545454545456,0.20883534136546184,0.9627074653370672
7.742982943117637,0.045634050021939446,0.20883534136546184,0.9628611433645243
7.7707455172787,0.045774647887323945,0.20883534136546184,0.9629806707192131
7.798508091439762,0.04601769911504425,0.20883534136546184,0.9631855747558227
7.826270665600825,0.046242774566473986,0.20883534136546184,0.963373403456048
7.854033239761888,0.04644930772666369,0.20883534136546184,0.9635441568198894
7.881795813922951,0.04659498207885305,0.20883534136546184,0.9636636841745783
7.9095583880840135,0.046741573033707864,0.20883534136546184,0.9637832115292672
7.937320962245076,0.046889089269612265,0.20883534136546184,0.9639027388839561
7.965083536406139,0.047058823529411764,0.20883534136546184,0.964039341575029
7.992846110567202,0.047229791099000905,0.20883534136546184,0.9641759442661021
8.020608684728261,0.04740200546946217,0.20883534136546184,0.964312546957175
8.048371258889324,0.04751027866605756,0.20883534136546184,0.9643979236390957
8.076133833050386,0.04790419161676647,0.20883534136546184,0.96470527969401
8.10389640721145,0.048081368469717986,0.20883534136546184,0.964841882385083
8.131658981372512,0.04823747680890538,0.20883534136546184,0.9649614097397718
8.159421555533575,0.04843968327899394,0.20883534136546184,0.965115087767229
8.187184129694637,0.048198408984557795,0.20682730923694778,0.9652687657946861
8.2149467038557,0.04844778927563499,0.20682730923694778,0.9654565944949115
8.242709278016763,0.04815864022662889,0.20481927710843373,0.9655761218496004
8.270471852177826,0.04831833254381809,0.20481927710843373,0.9656956492042893
8.298234426338889,0.04850213980028531,0.20481927710843373,0.9658322518953624
8.325997000499948,0.04859456884230586,0.20481927710843373,0.9659005532408989
8.35375957466101,0.048302247728359636,0.20281124497991967,0.9660200805955877
8.381522148822073,0.04807692307692308,0.20080321285140562,0.966190833959429
8.409284722983136,0.04775687409551375,0.19879518072289157,0.9662932859777338
8.437047297144199,0.04745762711864407,0.19678714859437751,0.9664128133324227
8.464809871305262,0.047619047619047616,0.19678714859437751,0.9665323406871116
8.492572445466324,0.04775828460038986,0.19678714859437751,0.9666347927054163
8.520335019627387,0.047968673519334315,0.19678714859437751,0.9667884707328734
8.54809759378845,0.04808635917566242,0.19678714859437751,0.9668738474147941
8.575860167949513,0.0482520925652388,0.19678714859437751,0.966993374769483
8.603622742110575,0.048323471400394474,0.19678714859437751,0.9670446007786353
8.631385316271635,0.047996041563582385,0.19477911646586346,0.9671470527969401
8.659147890432697,0.04806739345887017,0.19477911646586346,0.9671982788060924
8.68691046459376,0.04821073558648111,0.19477911646586346,0.9673007308243973
8.714673038754823,0.04795204795204795,0.1927710843373494,0.9674544088518544
8.742435612915886,0.0481203007518797,0.1927710843373494,0.9675739362065433
8.770198187076948,0.04783484390735146,0.19076305220883535,0.9677105388976163
8.797960761238011,0.04802831142568251,0.19076305220883535,0.9678471415886893
8.825723335399074,0.04829689883070666,0.19076305220883535,0.9680349702889147
8.853485909560137,0.04841997961264016,0.19076305220883535,0.9681203469708354
8.8812484837212,0.048106448311156604,0.18875502008032127,0.9682398743255242
8.909011057882262,0.04842864502833591,0.18875502008032127,0.9684618536985179
8.936773632043321,0.04862907397827212,0.18875502008032127,0.9685984563895909
8.964536206204384,0.04784191367654706,0.18473895582329317,0.9687350590806639
8.992298780365447,0.047991653625456446,0.18473895582329317,0.9688375110989687
9.02006135452651,0.048243314105925535,0.18473895582329317,0.96900826446281
9.047823928687572,0.04842105263157895,0.18473895582329317,0.9691277918174988
9.075586502848635,0.048728813559322036,0.18473895582329317,0.9693326958541083
9.103349077009698,0.04896221394358701,0.18473895582329317,0.9694863738815654
9.13111165117076,0.04911906033101975,0.18473895582329317,0.9695888258998703
9.158874225331823,0.049276914836636314,0.18473895582329317,0.969691277918175
9.186636799492886,0.04897739504843918,0.1827309236947791,0.969827880609248
9.214399373653949,0.04921579232017307,0.1827309236947791,0.9699815586367051
9.242161947815008,0.0494028230184582,0.1827309236947791,0.970101085991394
9.26992452197607,0.04907306434023991,0.18072289156626506,0.9702206133460829
9.297687096137134,0.04884742041712404,0.178714859437751,0.9704084420463083
9.325449670298196,0.049008810572687224,0.178714859437751,0.9705108940646131
9.35321224445926,0.048591938155715074,0.17670682730923695,0.9705791954101496
9.380974818620322,0.04878048780487805,0.17670682730923695,0.9706987227648385
9.408737392781385,0.049162011173184354,0.17670682730923695,0.9709377774742163
9.436499966942447,0.049355019629837356,0.17670682730923695,0.9710573048289052
9.46426254110351,0.049069373942470386,0.1746987951807229,0.9712109828563623
9.492025115264573,0.04929178470254957,0.1746987951807229,0.9713475855474353
9.519787689425636,0.04937570942111237,0.1746987951807229,0.9713988115565877
9.547550263586695,0.04962920707358814,0.1746987951807229,0.9715524895840448
9.575312837747758,0.04988532110091743,0.1746987951807229,0.971706167611502
9.60307541190882,0.050173010380622836,0.1746987951807229,0.9718769209753432
9.630837986069883,0.04971098265895954,0.17269076305220885,0.9719281469844956
9.658600560230946,0.04988399071925754,0.17269076305220885,0.9720305990028003
9.686363134392009,0.050204319906596614,0.17269076305220885,0.9722184277030258
9.714125708553071,0.05035128805620609,0.17269076305220885,0.9723038043849463
9.741888282714134,0.05052878965922444,0.17269076305220885,0.9724062564032512
9.769650856875197,0.05070754716981132,0.17269076305220885,0.9725087084215559
9.79741343103626,0.05091770278271166,0.17269076305220885,0.9726282357762448
9.825176005197322,0.0510688836104513,0.17269076305220885,0.9727136124581655
9.852938579358382,0.05065554231227652,0.1706827309236948,0.9727989891400861
9.880701153519444,0.05083732057416268,0.1706827309236948,0.9729014411583908
9.908463727680507,0.05102040816326531,0.1706827309236948,0.9730038931766956
9.93622630184157,0.05114320096269555,0.1706827309236948,0.973072194522232
9.963988876002633,0.05123568414707655,0.1706827309236948,0.9731234205313845
9.991751450163695,0.051515151515151514,0.1706827309236948,0.9732770985588416
10.019514024324758,0.05164034021871203,0.1706827309236948,0.9733453999043781
10.047276598485821,0.05186089078706528,0.1706827309236948,0.973464927259067
10.075039172646884,0.05214723926380368,0.1706827309236948,0.9736186052865241
10.102801746807947,0.05224339274738783,0.1706827309236948,0.9736698312956765
10.13056432096901,0.05256648113790971,0.1706827309236948,0.9738405846595178
10.158326895130068,0.052795031055900624,0.1706827309236948,0.9739601120142066
10.186089469291131,0.0529925187032419,0.1706827309236948,0.9740625640325115
10.213852043452194,0.052664576802507836,0.1686746987951807,0.9741991667235844
10.241614617613257,0.05289672544080604,0.1686746987951807,0.9743186940782733
10.26937719177432,0.053231939163498096,0.1686746987951807,0.9744894474421146
10.297139765935382,0.05283259070655633,0.16666666666666666,0.9745918994604194
10.324902340096445,0.053069053708439895,0.16666666666666666,0.9747114268151083
10.352664914257508,0.05323925593329057,0.16666666666666666,0.9747968034970289
10.38042748841857,0.053617571059431525,0.16666666666666666,0.9749846321972543
10.408190062579633,0.05328135152696556,0.1646586345381526,0.9751212348883272
10.435952636740696,0.05345501955671447,0.1646586345381526,0.9752066115702479
10.463715210901755,0.053700065487884745,0.1646586345381526,0.9753261389249368
10.491477785062818,0.05405405405405406,0.1646586345381526,0.9754968922887781
10.51924035922388,0.054376657824933686,0.1646586345381526,0.9756505703162353
10.547002933384944,0.0538563829787234,0.16265060240963855,0.9757017963253876
10.574765507546006,0.05333333333333334,0.1606425702811245,0.97575302233454
10.602528081707069,0.05287817938420348,0.15863453815261044,0.9758383990164606
10.630290655868132,0.05287817938420348,0.15863453815261044,0.9758383990164606
10.658053230029195,0.05227882037533512,0.1566265060240964,0.9758554743528447
10.685815804190257,0.05256064690026954,0.1566265060240964,0.9759920770439178
10.71357837835132,0.05298913043478261,0.1566265060240964,0.9761969810805273
10.741340952512383,0.053169734151329244,0.1566265060240964,0.9762823577624479
10.769103526673442,0.05342465753424658,0.1566265060240964,0.9764018851171368
10.796866100834505,0.05357142857142857,0.1566265060240964,0.9764701864626734
10.824628674995568,0.053682037164487266,0.1566265060240964,0.9765214124718257
10.85239124915663,0.05332409972299169,0.15461847389558234,0.9766580151628987
10.880153823317693,0.05358385525400139,0.15461847389558234,0.9767775425175876
10.907916397478756,0.05384615384615385,0.15461847389558234,0.9768970698722765
10.935678971639819,0.05340829234012649,0.15261044176706828,0.9769995218905813
10.963441545800881,0.05367231638418079,0.15261044176706828,0.9771190492452702
10.991204119961944,0.0539389638041164,0.15261044176706828,0.977238576599959
11.018966694123007,0.05338078291814947,0.15060240963855423,0.9772898026091114
11.04672926828407,0.0536480686695279,0.15060240963855423,0.9774093299638003
11.074491842445129,0.05304659498207885,0.14859437751004015,0.9774434806365685
11.102254416606192,0.05335255948089401,0.14859437751004015,0.9775800833276416
11.130016990767254,0.05350686912509038,0.14859437751004015,0.977648384673178
11.157779564928317,0.05370101596516691,0.14859437751004015,0.9777337613550987
11.18554213908938,0.053857350800582245,0.14859437751004015,0.9778020627006352
11.213304713250443,0.05417276720351391,0.14859437751004015,0.9779386653917083
11.241067287411505,0.05433186490455213,0.14859437751004015,0.9780069667372447
11.268829861572568,0.054532056005895356,0.14859437751004015,0.9780923434191654
11.296592435733631,0.05477424130273871,0.14859437751004015,0.9781947954374701
11.324355009894694,0.055100521221146684,0.14859437751004015,0.9783313981285431
11.352117584055756,0.0555138784696174,0.14859437751004015,0.9785021514923844
11.379880158216816,0.05584905660377359,0.14859437751004015,0.9786387541834574
11.407642732377878,0.05618830675778284,0.14859437751004015,0.9787753568745304
11.435405306538941,0.05657492354740061,0.14859437751004015,0.9789290349019876
11.463167880700004,0.05696689761354888,0.14859437751004015,0.9790827129294447
11.490930454861067,0.05727554179566564,0.14859437751004015,0.9792022402841336
11.51869302902213,0.057902973395931145,0.14859437751004015,0.9794412949935114
11.546455603183192,0.058084772370486655,0.14859437751004015,0.9795095963390479
11.574218177344255,0.05826771653543307,0.14859437751004015,0.9795778976845844
11.601980751505318,0.05775316455696203,0.1465863453815261,0.979663274366505
11.62974332566638,0.05793650793650794,0.1465863453815261,0.9797315757120415
11.657505899827443,0.05816733067729084,0.1465863453815261,0.9798169523939622
11.685268473988502,0.058493589743589744,0.1465863453815261,0.9799364797486511
11.713031048149565,0.058823529411764705,0.1465863453815261,0.98005600710334
11.740793622310628,0.05901374292643492,0.1465863453815261,0.9801243084488764
11.76855619647169,0.05858421480878763,0.14457831325301204,0.9802438358035653
11.796318770632753,0.05906480721903199,0.14457831325301204,0.9804145891674066
11.824081344793816,0.05930807248764415,0.14457831325301204,0.9804999658493272
11.851843918954879,0.05950413223140496,0.14457831325301204,0.9805682671948638
11.879606493115942,0.05975103734439834,0.14457831325301204,0.9806536438767843
11.907369067277005,0.059850374064837904,0.14457831325301204,0.9806877945495526
11.935131641438067,0.06020066889632107,0.14457831325301204,0.9808073219042415
11.96289421559913,0.060555088309503784,0.14457831325301204,0.9809268492589304
11.99065678976019,0.05986509274873524,0.142570281124498,0.9809609999316986
12.018419363921252,0.06032285471537808,0.142570281124498,0.9811146779591557
12.046181938082315,0.05998286203941731,0.14056224899598393,0.9812683559866129
12.073944512243378,0.059534081104400345,0.13855421686746988,0.9813878833413018
12.10170708640444,0.059027777777777776,0.13654618473895583,0.9814903353596066
12.129469660565503,0.05851528384279476,0.13453815261044177,0.9815927873779113
12.157232234726566,0.058771929824561406,0.13453815261044177,0.981678164059832
12.184994808887629,0.059030837004405284,0.13453815261044177,0.9817635407417526
12.212757383048691,0.05929203539823009,0.13453815261044177,0.9818489174236732
12.240519957209754,0.05939716312056738,0.13453815261044177,0.9818830680964415
12.268282531370817,0.05950266429840142,0.13453815261044177,0.9819172187692098
12.296045105531876,0.059608540925266906,0.13453815261044177,0.981951369441978
12.323807679692939,0.05992844364937388,0.13453815261044177,0.9820538214602827
12.351570253854002,0.06030603060306031,0.13453815261044177,0.9821733488149716
12.379332828015064,0.059674502712477394,0.13253012048192772,0.9822416501605081
12.407095402176127,0.05994550408719346,0.13253012048192772,0.9823270268424288
12.43485797633719,0.06027397260273973,0.13253012048192772,0.9824294788607335
12.462620550498253,0.06049495875343722,0.13253012048192772,0.9824977802062701
12.490383124659315,0.05996309963099631,0.13052208835341367,0.9826002322245748
12.518145698820378,0.060352831940575676,0.13052208835341367,0.9827197595792637
12.54590827298144,0.05986903648269411,0.1285140562248996,0.9828392869339526
12.573670847142504,0.0600375234521576,0.1285140562248996,0.982890512943105
12.601433421303563,0.060320452403393024,0.1285140562248996,0.9829758896250256
12.629195995464626,0.06066350710900474,0.1285140562248996,0.9830783416433304
12.656958569625688,0.058935361216730035,0.12449799196787148,0.9830954169797145
12.684721143786751,0.058317399617590825,0.12248995983935743,0.9831807936616351
12.712483717947814,0.05752636625119847,0.12048192771084337,0.9832149443344034
12.740246292108877,0.05763688760806916,0.12048192771084337,0.9832490950071716
12.76800886626994,0.05689488910318226,0.11847389558232932,0.983300321016324
12.795771440431002,0.05705996131528046,0.11847389558232932,0.9833515470254764
12.823534014592065,0.05722599418040737,0.11847389558232932,0.9834027730346288
12.851296588753128,0.057392996108949414,0.11847389558232932,0.9834539990437812
12.87905916291419,0.0575609756097561,0.11847389558232932,0.9835052250529336
12.90682173707525,0.05818540433925049,0.11847389558232932,0.983693053753159
12.934584311236312,0.05847373637264618,0.11847389558232932,0.9837784304350796
12.962346885397375,0.058823529411764705,0.11847389558232932,0.9838808824533843
12.990109459558438,0.05911823647294589,0.11847389558232932,0.983966259135305
13.0178720337195,0.059356136820925554,0.11847389558232932,0.9840345604808415
13.045634607880563,0.05965621840242669,0.11847389558232932,0.9841199371627621
13.073397182041626,0.059959349593495935,0.11847389558232932,0.9842053138446828
13.101159756202689,0.06038894575230297,0.11847389558232932,0.9843248411993716
13.128922330363752,0.060699588477366256,0.11847389558232932,0.9844102178812922
13.156684904524814,0.05997931747673216,0.11646586345381527,0.9844785192268287
13.184447478685877,0.060041407867494824,0.11646586345381527,0.9844955945632129
13.212210052846936,0.060291060291060294,0.11646586345381527,0.9845638959087494
13.239972627008,0.060732984293193716,0.11646586345381527,0.9846834232634383
13.267735201169062,0.060988433228180865,0.11646586345381527,0.9847517246089748
13.295497775330125,0.0613107822410148,0.11646586345381527,0.9848371012908954
13.323260349491187,0.061505832449628844,0.11646586345381527,0.9848883273000478
13.35102292365225,0.06196581196581197,0.11646586345381527,0.9850078546547367
13.378785497813313,0.06229860365198711,0.11646586345381527,0.9850932313366574
13.406548071974376,0.0625,0.11646586345381527,0.9851444573458097
13.434310646135438,0.0627027027027027,0.11646586345381527,0.9851956833549621
13.462073220296501,0.06297502714440825,0.11646586345381527,0.9852639847004986
13.489835794457564,0.06229508196721312,0.1144578313253012,0.9853493613824192
13.517598368618623,0.06256860592755215,0.1144578313253012,0.9854176627279557
13.545360942779686,0.06298342541436464,0.1144578313253012,0.9855201147462606
13.573123516940749,0.06215316315205328,0.11244979919678715,0.9855713407554129
13.600886091101811,0.06243032329988852,0.11244979919678715,0.9856396421009493
13.628648665262874,0.06320541760722348,0.11244979919678715,0.9858274708011748
13.656411239423937,0.06370875995449374,0.11244979919678715,0.9859469981558636
13.684173813585,0.06285714285714286,0.11044176706827309,0.985998224165016
13.711936387746062,0.06307339449541284,0.11044176706827309,0.9860494501741685
13.739698961907125,0.06336405529953917,0.11044176706827309,0.9861177515197049
13.767461536068188,0.06365740740740741,0.11044176706827309,0.9861860528652414
13.79522411022925,0.06387921022067364,0.11044176706827309,0.9862372788743938
13.82298668439031,0.06096131301289566,0.10441767068273092,0.9863226555563145
13.850749258551373,0.061248527679623084,0.10441767068273092,0.986390956901851
13.878511832712435,0.06153846153846154,0.10441767068273092,0.9864592582473874
13.906274406873498,0.06175771971496437,0.10441767068273092,0.9865104842565399
13.934036981034561,0.06197854588796186,0.10441767068273092,0.9865617102656923
13.961799555195624,0.06220095693779904,0.10441767068273092,0.9866129362748446
13.989562129356687,0.062424969987995196,0.10441767068273092,0.986664162283997
14.01732470351775,0.06272617611580217,0.10441767068273092,0.9867324636295335
14.045087277678812,0.06341463414634146,0.10441767068273092,0.9868861416569906
14.072849851839875,0.06257668711656442,0.10240963855421686,0.9869544430025271
14.100612426000938,0.06265356265356266,0.10240963855421686,0.9869715183389113
14.128375000161997,0.06311881188118812,0.10240963855421686,0.987073970357216
14.15613757432306,0.06335403726708075,0.10240963855421686,0.9871251963663684
14.183900148484122,0.0625,0.10040160642570281,0.9871934977119049
14.211662722645185,0.06273525721455459,0.10040160642570281,0.9872447237210573
14.239425296806248,0.06273525721455459,0.10040160642570281,0.9872447237210573
14.26718787096731,0.06289308176100629,0.10040160642570281,0.9872788743938256
14.294950445128373,0.06337135614702155,0.10040160642570281,0.9873813264121303
14.322713019289436,0.06369426751592357,0.10040160642570281,0.9874496277576669
14.350475593450499,0.06418485237483953,0.10040160642570281,0.9875520797759716
14.378238167611562,0.06443298969072164,0.10040160642570281,0.987603305785124
14.406000741772624,0.06443298969072164,0.10040160642570281,0.987603305785124
14.433763315933684,0.06476683937823834,0.10040160642570281,0.9876716071306605
14.461525890094746,0.0648508430609598,0.10040160642570281,0.9876886824670446
14.489288464255809,0.06493506493506493,0.10040160642570281,0.9877057578034287
14.517051038416872,0.0651890482398957,0.10040160642570281,0.9877569838125811
14.544813612577935,0.06430446194225722,0.09839357429718876,0.9878252851581176
14.572576186738997,0.06472919418758256,0.09839357429718876,0.9879106618400383
14.60033876090006,0.06374501992031872,0.0963855421686747,0.9879618878491906
14.628101335061123,0.06266666666666666,0.09437751004016064,0.9879960385219588
14.655863909222186,0.06157965194109773,0.09236947791164658,0.9880301891947272
14.683626483383248,0.06199460916442048,0.09236947791164658,0.9881155658766477
14.711389057544311,0.06114130434782609,0.09036144578313253,0.9882009425585684
14.73915163170537,0.06147540983606557,0.09036144578313253,0.9882692439041049
14.766914205866433,0.06164383561643835,0.09036144578313253,0.9883033945768732
14.794676780027496,0.06206896551724138,0.09036144578313253,0.9883887712587938
14.822439354188559,0.06224066390041494,0.09036144578313253,0.988422921931562
14.850201928349621,0.06111111111111111,0.08835341365461848,0.9884570726043304
14.877964502510684,0.06128133704735376,0.08835341365461848,0.9884912232770986
14.905727076671747,0.061366806136680614,0.08835341365461848,0.9885082986134827
14.93348965083281,0.06179775280898876,0.08835341365461848,0.9885936752954033
14.961252224993872,0.06188466947960619,0.08835341365461848,0.9886107506317875
14.989014799154935,0.062411347517730496,0.08835341365461848,0.9887132026500922
15.016777373315998,0.06267806267806268,0.08835341365461848,0.9887644286592446
15.044539947477057,0.06303724928366762,0.08835341365461848,0.9888327300047811
15.07230252163812,0.06321839080459771,0.08835341365461848,0.9888668806775494
15.100065095799183,0.06340057636887608,0.08835341365461848,0.9889010313503176
15.127827669960245,0.06349206349206349,0.08835341365461848,0.9889181066867018
15.155590244121308,0.06367583212735166,0.08835341365461848,0.98895225735947
15.183352818282371,0.0641399416909621,0.08835341365461848,0.9890376340413907
15.211115392443434,0.06442166910688141,0.08835341365461848,0.989088860050543
15.238877966604496,0.06480117820324006,0.08835341365461848,0.9891571613960795
15.26664054076556,0.06547619047619048,0.08835341365461848,0.9892766887507684
15.294403114926622,0.06567164179104477,0.08835341365461848,0.9893108394235366
15.322165689087685,0.06596701649175413,0.08835341365461848,0.989362065432689
15.349928263248744,0.06616541353383458,0.08835341365461848,0.9893962161054572
15.377690837409807,0.0637329286798179,0.08433734939759036,0.9894645174509937
15.40545341157087,0.0637329286798179,0.08433734939759036,0.9894645174509937
15.433215985731932,0.0639269406392694,0.08433734939759036,0.9894986681237621
15.460978559892995,0.06422018348623854,0.08433734939759036,0.9895498941329144
15.488741134054058,0.06451612903225806,0.08433734939759036,0.9896011201420668
15.51650370821512,0.06451612903225806,0.08433734939759036,0.9896011201420668
15.544266282376183,0.06501547987616099,0.08433734939759036,0.9896864968239875
15.572028856537246,0.06501547987616099,0.08433734939759036,0.9896864968239875
15.599791430698309,0.06531881804043546,0.08433734939759036,0.9897377228331398
15.627554004859372,0.06542056074766354,0.08433734939759036,0.9897547981695239
15.65531657902043,0.0660377358490566,0.08433734939759036,0.9898572501878287
15.683079153181493,0.06466876971608833,0.0823293172690763,0.9898743255242128
15.710841727342556,0.06487341772151899,0.0823293172690763,0.9899084761969811
15.738604301503619,0.06528662420382166,0.0823293172690763,0.9899767775425176
15.766366875664682,0.0625,0.0783132530120482,0.9900109282152858
15.794129449825745,0.06260032102728733,0.0783132530120482,0.99002800355167
15.821892023986807,0.06320907617504051,0.0783132530120482,0.9901304555699747
15.84965459814787,0.0636215334420881,0.0783132530120482,0.9901987569155112
15.877417172308933,0.06229508196721312,0.07630522088353414,0.9902329075882795
15.905179746469996,0.0625,0.07630522088353414,0.9902670582610478
15.932942320631058,0.0627062706270627,0.07630522088353414,0.990301208933816
15.960704894792118,0.06301824212271974,0.07630522088353414,0.9903524349429684
15.98846746895318,0.06343906510851419,0.07630522088353414,0.9904207362885049
16.01623004311424,0.06343906510851419,0.07630522088353414,0.9904207362885049
16.043992617275308,0.06365159128978225,0.07630522088353414,0.9904548869612732
16.071755191436367,0.06408094435075885,0.07630522088353414,0.9905231883068096
16.099517765597433,0.06429780033840947,0.07630522088353414,0.9905573389795779
16.127280339758492,0.06473594548551959,0.07630522088353414,0.9906256403251144
16.15504291391956,0.06495726495726496,0.07630522088353414,0.9906597909978827
16.182805488080618,0.06495726495726496,0.07630522088353414,0.9906597909978827
16.210568062241684,0.06506849315068493,0.07630522088353414,0.9906768663342668
16.238330636402743,0.06506849315068493,0.07630522088353414,0.9906768663342668
16.266093210563803,0.06551724137931035,0.07630522088353414,0.9907451676798033
16.29385578472487,0.06563039723661486,0.07630522088353414,0.9907622430161874
16.321618358885928,0.06608695652173913,0.07630522088353414,0.9908305443617239
16.349380933046994,0.06457242582897033,0.07429718875502007,0.9908476196981081
16.377143507208054,0.06502636203866433,0.07429718875502007,0.9909159210436446
16.40490608136912,0.06514084507042253,0.07429718875502007,0.9909329963800287
16.43266865553018,0.06548672566371681,0.07429718875502007,0.990984222389181
16.460431229691245,0.06583629893238434,0.07429718875502007,0.9910354483983335
16.488193803852305,0.06618962432915922,0.07429718875502007,0.9910866744074859
16.51595637801337,0.06618962432915922,0.07429718875502007,0.9910866744074859
16.54371895217443,0.06654676258992806,0.07429718875502007,0.9911379004166382
16.57148152633549,0.06654676258992806,0.07429718875502007,0.9911379004166382
16.599244100496556,0.06715063520871144,0.07429718875502007,0.9912232770985588
16.627006674657615,0.06764168190127971,0.07429718875502007,0.9912915784440953
16.65476924881868,0.06826568265682657,0.07429718875502007,0.991376955126016
16.68253182297974,0.0686456400742115,0.07429718875502007,0.9914281811351684
16.710294397140807,0.06902985074626866,0.07429718875502007,0.9914794071443207
16.738056971301866,0.0691588785046729,0.07429718875502007,0.9914964824807049
16.765819545462932,0.06941838649155722,0.07429718875502007,0.9915306331534731
16.79358211962399,0.06954887218045112,0.07429718875502007,0.9915477084898573
16.821344693785058,0.06981132075471698,0.07429718875502007,0.9915818591626255
16.849107267946117,0.07047619047619047,0.07429718875502007,0.9916672358445462
16.876869842107176,0.06896551724137931,0.07228915662650602,0.9917013865173144
16.904632416268242,0.06923076923076923,0.07228915662650602,0.9917355371900827
16.9323949904293,0.06976744186046512,0.07228915662650602,0.9918038385356192
16.960157564590368,0.07072691552062868,0.07228915662650602,0.991923365890308
16.987920138751427,0.07100591715976332,0.07228915662650602,0.9919575165630763
17.015682712912493,0.07114624505928854,0.07228915662650602,0.9919745918994605
17.043445287073553,0.07157057654075547,0.07228915662650602,0.9920258179086128
17.07120786123462,0.0718562874251497,0.07228915662650602,0.992059968581381
17.098970435395678,0.072,0.07228915662650602,0.9920770439177652
17.126733009556744,0.07214428857715431,0.07228915662650602,0.9920941192541493
17.154495583717804,0.07243460764587525,0.07228915662650602,0.9921282699269176
17.182258157878863,0.0707070707070707,0.07028112449799197,0.9921453452633017
17.21002073203993,0.0708502024291498,0.07028112449799197,0.9921624205996858
17.23778330620099,0.07128309572301425,0.07028112449799197,0.9922136466088382
17.265545880362055,0.07157464212678936,0.07028112449799197,0.9922477972816065
17.293308454523114,0.06995884773662552,0.06827309236947791,0.9922819479543747
17.32107102868418,0.07010309278350516,0.06827309236947791,0.9922990232907588
17.34883360284524,0.07010309278350516,0.06827309236947791,0.9922990232907588
17.376596177006306,0.07039337474120083,0.06827309236947791,0.992333173963527
17.404358751167365,0.07068607068607069,0.06827309236947791,0.9923673246362953
17.43212132532843,0.07112970711297072,0.06827309236947791,0.9924185506454477
17.45988389948949,0.07142857142857142,0.06827309236947791,0.992452701318216
17.48764647365055,0.07188160676532769,0.06827309236947791,0.9925039273273684
17.515409047811616,0.07249466950959488,0.06827309236947791,0.9925722286729048
17.543171621972675,0.07264957264957266,0.06827309236947791,0.992589304009289
17.57093419613374,0.07327586206896551,0.06827309236947791,0.9926576053548255
17.5986967702948,0.0735930735930736,0.06827309236947791,0.9926917560275937
17.626459344455867,0.07205240174672489,0.06626506024096386,0.9927429820367462
17.654221918616926,0.07205240174672489,0.06626506024096386,0.9927429820367462
17.681984492777993,0.07252747252747253,0.06626506024096386,0.9927942080458985
17.70974706693905,0.0728476821192053,0.06626506024096386,0.9928283587186667
17.737509641100118,0.0728476821192053,0.06626506024096386,0.9928283587186667
17.765272215261177,0.07300884955752213,0.06626506024096386,0.9928454340550509
17.793034789422236,0.07333333333333333,0.06626506024096386,0.9928795847278191
17.820797363583303,0.07333333333333333,0.06626506024096386,0.9928795847278191
17.848559937744362,0.07415730337078652,0.06626506024096386,0.9929649614097398
17.87632251190543,0.07432432432432433,0.06626506024096386,0.992982036746124
17.904085086066488,0.0746606334841629,0.06626506024096386,0.9930161874188922
17.931847660227554,0.0746606334841629,0.06626506024096386,0.9930161874188922
17.959610234388613,0.07482993197278912,0.06626506024096386,0.9930332627552763
17.98737280854968,0.07482993197278912,0.06626506024096386,0.9930332627552763
18.01513538271074,0.07534246575342465,0.06626506024096386,0.9930844887644287
18.042897956871805,0.0735632183908046,0.0642570281124498,0.9931186394371969
18.070660531032864,0.07373271889400922,0.0642570281124498,0.9931357147735811
18.098423105193923,0.07407407407407407,0.0642570281124498,0.9931698654463493
18.12618567935499,0.07424593967517401,0.0642570281124498,0.9931869407827334
18.15394825351605,0.07459207459207459,0.0642570281124498,0.9932210914555016
18.181710827677115,0.07494145199063232,0.0642570281124498,0.9932552421282699
18.209473401838174,0.07565011820330969,0.0642570281124498,0.9933235434738065
18.23723597599924,0.07582938388625593,0.0642570281124498,0.9933406188101905
18.2649985501603,0.07637231503579953,0.0642570281124498,0.993391844819343
18.292761124321366,0.07710843373493977,0.0642570281124498,0.9934601461648794
18.320523698482425,0.0774818401937046,0.0642570281124498,0.9934942968376477
18.34828627264349,0.07804878048780488,0.0642570281124498,0.9935455228468001
18.37604884680455,0.0784313725490196,0.0642570281124498,0.9935796735195683
18.40381142096561,0.07862407862407862,0.0642570281124498,0.9935967488559525
18.431573995126676,0.07901234567901234,0.0642570281124498,0.9936308995287207
18.459336569287736,0.0798004987531172,0.0642570281124498,0.9936992008742572
18.487099143448802,0.0798004987531172,0.0642570281124498,0.9936992008742572
18.51486171760986,0.0798004987531172,0.0642570281124498,0.9936992008742572
18.542624291770927,0.08020050125313283,0.0642570281124498,0.9937333515470255
18.570386865931987,0.08020050125313283,0.0642570281124498,0.9937333515470255
18.598149440093053,0.08040201005025126,0.0642570281124498,0.9937504268834096
18.625912014254112,0.08142493638676845,0.0642570281124498,0.9938358035653302
18.65367458841518,0.08163265306122448,0.0642570281124498,0.9938528789017144
18.681437162576238,0.08205128205128205,0.0642570281124498,0.9938870295744826
18.709199736737297,0.08226221079691516,0.0642570281124498,0.9939041049108668
18.736962310898363,0.082687338501292,0.0642570281124498,0.993938255583635
18.764724885059422,0.08093994778067885,0.06224899598393574,0.9939894815927873
18.79248745922049,0.08115183246073299,0.06224899598393574,0.9940065569291715
18.820250033381548,0.08115183246073299,0.06224899598393574,0.9940065569291715
18.848012607542614,0.082010582010582,0.06224899598393574,0.994074858274708
18.875775181703673,0.08222811671087533,0.06224899598393574,0.9940919336110922
18.90353775586474,0.08244680851063829,0.06224899598393574,0.9941090089474762
18.9313003300258,0.08266666666666667,0.06224899598393574,0.9941260842838604
18.959062904186865,0.08333333333333333,0.06224899598393574,0.9941773102930128
18.986825478347924,0.08355795148247978,0.06224899598393574,0.9941943856293969
19.014588052508984,0.08355795148247978,0.06224899598393574,0.9941943856293969
19.04235062667005,0.08130081300813008,0.060240963855421686,0.9942114609657811
19.07011320083111,0.08174386920980926,0.060240963855421686,0.9942456116385493
19.097875774992175,0.0821917808219178,0.060240963855421686,0.9942797623113175
19.125638349153235,0.08287292817679558,0.060240963855421686,0.99433098832047
19.1534009233143,0.08123249299719888,0.05823293172690763,0.9943992896660064
19.18116349747536,0.08169014084507042,0.05823293172690763,0.9944334403387747
19.208926071636427,0.08238636363636363,0.05823293172690763,0.9944846663479271
19.236688645797486,0.08238636363636363,0.05823293172690763,0.9944846663479271
19.264451219958552,0.08238636363636363,0.05823293172690763,0.9944846663479271
19.29221379411961,0.07977207977207977,0.05622489959839357,0.9944846663479271
19.31997636828067,0.08022922636103152,0.05622489959839357,0.9945188170206953
19.347738942441737,0.08069164265129683,0.05622489959839357,0.9945529676934636
19.375501516602796,0.08092485549132948,0.05622489959839357,0.9945700430298476
19.403264090763862,0.08092485549132948,0.05622489959839357,0.9945700430298476
19.43102666492492,0.08139534883720931,0.05622489959839357,0.994604193702616
19.458789239085988,0.08163265306122448,0.05622489959839357,0.994621269039
19.486551813247047,0.08187134502923976,0.05622489959839357,0.9946383443753842
19.514314387408106,0.08187134502923976,0.05622489959839357,0.9946383443753842
19.542076961569173,0.08235294117647059,0.05622489959839357,0.9946724950481525
19.56983953573023,0.08259587020648967,0.05622489959839357,0.9946895703845365
19.597602109891298,0.08259587020648967,0.05622489959839357,0.9946895703845365
19.625364684052357,0.08333333333333333,0.05622489959839357,0.994740796393689
19.653127258213424,0.08059701492537313,0.05421686746987952,0.994740796393689
19.680889832374483,0.08083832335329341,0.05421686746987952,0.9947578717300731
19.70865240653555,0.08083832335329341,0.05421686746987952,0.9947578717300731
19.73641498069661,0.08108108108108109,0.05421686746987952,0.9947749470664572
19.764177554857675,0.08132530120481928,0.05421686746987952,0.9947920224028414
19.791940129018734,0.08132530120481928,0.05421686746987952,0.9947920224028414
19.819702703179793,0.08206686930091185,0.05421686746987952,0.9948432484119937
19.84746527734086,0.08206686930091185,0.05421686746987952,0.9948432484119937
19.87522785150192,0.08206686930091185,0.05421686746987952,0.9948432484119937
19.902990425662985,0.08256880733944955,0.05421686746987952,0.9948773990847619
19.930752999824044,0.08307692307692308,0.05421686746987952,0.9949115497575303
19.95851557398511,0.08333333333333333,0.05421686746987952,0.9949286250939143
19.98627814814617,0.08359133126934984,0.05421686746987952,0.9949457004302985
20.014040722307236,0.08074534161490683,0.05220883534136546,0.9949457004302985
20.041803296468295,0.078125,0.050200803212851405,0.9949627757666826
20.06956587062936,0.07836990595611286,0.050200803212851405,0.9949798511030667
20.09732844479042,0.07886435331230283,0.050200803212851405,0.995014001775835
20.12509101895148,0.07911392405063292,0.050200803212851405,0.9950310771122192
20.152853593112546,0.07936507936507936,0.050200803212851405,0.9950481524486032
20.180616167273605,0.07987220447284345,0.050200803212851405,0.9950823031213715
20.20837874143467,0.08038585209003216,0.050200803212851405,0.9951164537941397
20.23614131559573,0.08064516129032258,0.050200803212851405,0.9951335291305239
20.263903889756797,0.08090614886731391,0.050200803212851405,0.995150604466908
20.291666463917856,0.08090614886731391,0.050200803212851405,0.995150604466908
20.319429038078923,0.08143322475570032,0.050200803212851405,0.9951847551396763
20.347191612239982,0.07868852459016394,0.04819277108433735,0.9952018304760604
20.374954186401048,0.07590759075907591,0.04618473895582329,0.9952189058124445
20.402716760562107,0.076158940397351,0.04618473895582329,0.9952359811488286
20.430479334723167,0.07666666666666666,0.04618473895582329,0.9952701318215968
20.458241908884233,0.07744107744107744,0.04618473895582329,0.9953213578307493
20.486004483045292,0.0777027027027027,0.04618473895582329,0.9953384331671334
20.51376705720636,0.0782312925170068,0.04618473895582329,0.9953725838399017
20.541529631367418,0.0782312925170068,0.04618473895582329,0.9953725838399017
20.569292205528484,0.07849829351535836,0.04618473895582329,0.9953896591762857
20.597054779689543,0.07931034482758621,0.04618473895582329,0.9954408851854382
20.62481735385061,0.07958477508650519,0.04618473895582329,0.9954579605218222
20.65257992801167,0.08041958041958042,0.04618473895582329,0.9955091865309746
20.680342502172735,0.0812720848056537,0.04618473895582329,0.9955604125401271
20.708105076333794,0.08214285714285714,0.04618473895582329,0.9956116385492795
20.735867650494853,0.08273381294964029,0.04618473895582329,0.9956457892220477
20.76363022465592,0.08303249097472924,0.04618473895582329,0.9956628645584318
20.79139279881698,0.08363636363636363,0.04618473895582329,0.9956970152312
20.819155372978045,0.08363636363636363,0.04618473895582329,0.9956970152312
20.846917947139104,0.08394160583941605,0.04618473895582329,0.9957140905675842
20.87468052130017,0.08394160583941605,0.04618473895582329,0.9957140905675842
20.90244309546123,0.08455882352941177,0.04618473895582329,0.9957482412403524
20.930205669622296,0.08455882352941177,0.04618473895582329,0.9957482412403524
20.957968243783355,0.08118081180811808,0.04417670682730924,0.9957482412403524
20.98573081794442,0.08118081180811808,0.04417670682730924,0.9957482412403524
21.01349339210548,0.08118081180811808,0.04417670682730924,0.9957482412403524
21.04125596626654,0.08118081180811808,0.04417670682730924,0.9957482412403524
21.069018540427606,0.08148148148148149,0.04417670682730924,0.9957653165767366
21.096781114588666,0.08178438661710037,0.04417670682730924,0.9957823919131207
21.124543688749732,0.08208955223880597,0.04417670682730924,0.9957994672495049
21.15230626291079,0.08239700374531835,0.04417670682730924,0.9958165425858889
21.180068837071858,0.08239700374531835,0.04417670682730924,0.9958165425858889
21.207831411232917,0.0830188679245283,0.04417670682730924,0.9958506932586572
21.235593985393983,0.08365019011406843,0.04417670682730924,0.9958848439314254
21.263356559555042,0.08365019011406843,0.04417670682730924,0.9958848439314254
21.29111913371611,0.08461538461538462,0.04417670682730924,0.9959360699405778
21.318881707877168,0.08461538461538462,0.04417670682730924,0.9959360699405778
21.346644282038227,0.08527131782945736,0.04417670682730924,0.9959702206133461
21.374406856199293,0.0859375,0.04417670682730924,0.9960043712861143
21.402169430360352,0.0859375,0.04417670682730924,0.9960043712861143
21.42993200452142,0.0859375,0.04417670682730924,0.9960043712861143
21.457694578682478,0.08300395256916997,0.04216867469879518,0.9960385219588825
21.485457152843544,0.07936507936507936,0.040160642570281124,0.9960385219588825
21.513219727004603,0.08064516129032258,0.040160642570281124,0.9961068233044191
21.54098230116567,0.08064516129032258,0.040160642570281124,0.9961068233044191
21.56874487532673,0.08097165991902834,0.040160642570281124,0.9961238986408032
21.596507449487795,0.08130081300813008,0.040160642570281124,0.9961409739771874
21.624270023648855,0.08130081300813008,0.040160642570281124,0.9961409739771874
21.652032597809914,0.08163265306122448,0.040160642570281124,0.9961580493135714
21.67979517197098,0.08163265306122448,0.040160642570281124,0.9961580493135714
21.70755774613204,0.08163265306122448,0.040160642570281124,0.9961580493135714
21.735320320293106,0.08196721311475409,0.040160642570281124,0.9961751246499556
21.763082894454165,0.08196721311475409,0.040160642570281124,0.9961751246499556
21.79084546861523,0.08264462809917356,0.040160642570281124,0.9962092753227239
21.81860804277629,0.08298755186721991,0.040160642570281124,0.996226350659108
21.846370616937357,0.08298755186721991,0.040160642570281124,0.996226350659108
21.874133191098416,0.08333333333333333,0.040160642570281124,0.9962434259954921
21.901895765259482,0.08368200836820083,0.040160642570281124,0.9962605013318763
21.92965833942054,0.08403361344537816,0.040160642570281124,0.9962775766682603
21.9574209135816,0.08016877637130802,0.03815261044176707,0.9962775766682603
21.985183487742667,0.08085106382978724,0.03815261044176707,0.9963117273410286
22.012946061903726,0.0815450643776824,0.03815261044176707,0.9963458780137969
22.040708636064792,0.0815450643776824,0.03815261044176707,0.9963458780137969
22.06847121022585,0.08189655172413793,0.03815261044176707,0.996362953350181
22.096233784386918,0.08225108225108226,0.03815261044176707,0.9963800286865652
22.123996358547977,0.08260869565217391,0.03815261044176707,0.9963971040229492
22.151758932709043,0.08333333333333333,0.03815261044176707,0.9964312546957175
22.179521506870103,0.08370044052863436,0.03815261044176707,0.9964483300321016
22.20728408103117,0.084070796460177,0.03815261044176707,0.9964654053684857
22.235046655192228,0.08444444444444445,0.03815261044176707,0.9964824807048699
22.262809229353287,0.08482142857142858,0.03815261044176707,0.9964995560412541
22.290571803514354,0.08520179372197309,0.03815261044176707,0.9965166313776381
22.318334377675413,0.08520179372197309,0.03815261044176707,0.9965166313776381
22.34609695183648,0.08636363636363636,0.03815261044176707,0.9965678573867905
22.37385952599754,0.0867579908675799,0.03815261044176707,0.9965849327231746
22.401622100158605,0.0871559633027523,0.03815261044176707,0.9966020080595588
22.429384674319664,0.08755760368663594,0.03815261044176707,0.9966190833959429
22.45714724848073,0.08755760368663594,0.03815261044176707,0.9966190833959429
22.48490982264179,0.08755760368663594,0.03815261044176707,0.9966190833959429
22.512672396802856,0.08837209302325581,0.03815261044176707,0.9966532340687112
22.540434970963915,0.08837209302325581,0.03815261044176707,0.9966532340687112
22.568197545124974,0.08878504672897196,0.03815261044176707,0.9966703094050953
22.59596011928604,0.09004739336492891,0.03815261044176707,0.9967215354142477
22.6237226934471,0.09047619047619047,0.03815261044176707,0.9967386107506317
22.651485267608166,0.09090909090909091,0.03815261044176707,0.9967556860870159
22.679247841769225,0.09090909090909091,0.03815261044176707,0.9967556860870159
22.70701041593029,0.09134615384615384,0.03815261044176707,0.9967727614234
22.73477299009135,0.09134615384615384,0.03815261044176707,0.9967727614234
22.762535564252417,0.09134615384615384,0.03815261044176707,0.9967727614234
22.790298138413476,0.09268292682926829,0.03815261044176707,0.9968239874325524
22.818060712574542,0.09359605911330049,0.03815261044176707,0.9968581381053206
22.8458232867356,0.09359605911330049,0.03815261044176707,0.9968581381053206
22.87358586089666,0.09405940594059406,0.03815261044176707,0.9968752134417048
22.901348435057727,0.0945273631840796,0.03815261044176707,0.9968922887780889
22.929111009218786,0.09547738693467336,0.03815261044176707,0.9969264394508571
22.956873583379853,0.09547738693467336,0.03815261044176707,0.9969264394508571
22.984636157540912,0.09547738693467336,0.03815261044176707,0.9969264394508571
23.01239873170198,0.09644670050761421,0.03815261044176707,0.9969605901236255
23.040161305863037,0.09183673469387756,0.03614457831325301,0.9969605901236255
23.067923880024104,0.09183673469387756,0.03614457831325301,0.9969605901236255
23.095686454185163,0.09183673469387756,0.03614457831325301,0.9969605901236255
23.12344902834623,0.08854166666666667,0.03413654618473896,0.9970118161327778
23.15121160250729,0.08854166666666667,0.03413654618473896,0.9970118161327778
23.178974176668348,0.08994708994708994,0.03413654618473896,0.9970630421419302
23.206736750829414,0.09042553191489362,0.03413654618473896,0.9970801174783144
23.234499324990473,0.08602150537634409,0.0321285140562249,0.9970971928146984
23.26226189915154,0.08602150537634409,0.0321285140562249,0.9970971928146984
23.2900244733126,0.08648648648648649,0.0321285140562249,0.9971142681510826
23.317787047473665,0.08695652173913043,0.0321285140562249,0.9971313434874667
23.345549621634724,0.08791208791208792,0.0321285140562249,0.9971654941602349
23.37331219579579,0.08839779005524862,0.0321285140562249,0.9971825694966191
23.40107476995685,0.08839779005524862,0.0321285140562249,0.9971825694966191
23.428837344117916,0.08888888888888889,0.0321285140562249,0.9971996448330032
23.456599918278975,0.0898876404494382,0.0321285140562249,0.9972337955057715
23.484362492440034,0.0898876404494382,0.0321285140562249,0.9972337955057715
23.5121250666011,0.0898876404494382,0.0321285140562249,0.9972337955057715
23.53988764076216,0.0898876404494382,0.0321285140562249,0.9972337955057715
23.567650214923226,0.0898876404494382,0.0321285140562249,0.9972337955057715
23.595412789084286,0.0903954802259887,0.0321285140562249,0.9972508708421556
23.623175363245352,0.0903954802259887,0.0321285140562249,0.9972508708421556
23.65093793740641,0.0903954802259887,0.0321285140562249,0.9972508708421556
23.678700511567477,0.0903954802259887,0.0321285140562249,0.9972508708421556
23.706463085728537,0.09090909090909091,0.0321285140562249,0.9972679461785398
23.734225659889603,0.09142857142857143,0.0321285140562249,0.9972850215149238
23.761988234050662,0.08620689655172414,0.030120481927710843,0.9972850215149238
23.78975080821172,0.08620689655172414,0.030120481927710843,0.9972850215149238
23.817513382372788,0.0872093023255814,0.030120481927710843,0.9973191721876921
23.845275956533847,0.0872093023255814,0.030120481927710843,0.9973191721876921
23.873038530694913,0.08823529411764706,0.030120481927710843,0.9973533228604603
23.900801104855972,0.08823529411764706,0.030120481927710843,0.9973533228604603
23.92856367901704,0.08823529411764706,0.030120481927710843,0.9973533228604603
23.956326253178098,0.08823529411764706,0.030120481927710843,0.9973533228604603
23.984088827339164,0.08284023668639054,0.028112449799196786,0.9973533228604603
24.011851401500223,0.08284023668639054,0.028112449799196786,0.9973533228604603
24.03961397566129,0.08383233532934131,0.028112449799196786,0.9973874735332287
24.06737654982235,0.08383233532934131,0.028112449799196786,0.9973874735332287
24.095139123983408,0.08484848484848485,0.028112449799196786,0.9974216242059969
24.122901698144474,0.08484848484848485,0.028112449799196786,0.9974216242059969
24.150664272305534,0.08484848484848485,0.028112449799196786,0.9974216242059969
24.1784268464666,0.08484848484848485,0.028112449799196786,0.9974216242059969
24.20618942062766,0.08588957055214724,0.028112449799196786,0.9974557748787651
24.233951994788725,0.08588957055214724,0.028112449799196786,0.9974557748787651
24.261714568949785,0.08588957055214724,0.028112449799196786,0.9974557748787651
24.28947714311085,0.08588957055214724,0.028112449799196786,0.9974557748787651
24.31723971727191,0.08641975308641975,0.028112449799196786,0.9974728502151492
24.345002291432976,0.08641975308641975,0.028112449799196786,0.9974728502151492
24.372764865594036,0.08695652173913043,0.028112449799196786,0.9974899255515334
24.400527439755095,0.0875,0.028112449799196786,0.9975070008879174
24.42829001391616,0.0875,0.028112449799196786,0.9975070008879174
24.45605258807722,0.0880503144654088,0.028112449799196786,0.9975240762243016
24.483815162238287,0.08860759493670886,0.028112449799196786,0.9975411515606858
24.511577736399346,0.08280254777070063,0.02610441767068273,0.9975411515606858
24.539340310560412,0.08333333333333333,0.02610441767068273,0.9975582268970699
24.56710288472147,0.08333333333333333,0.02610441767068273,0.9975582268970699
24.594865458882538,0.08387096774193549,0.02610441767068273,0.997575302233454
24.622628033043597,0.08496732026143791,0.02610441767068273,0.9976094529062223
24.650390607204663,0.08496732026143791,0.02610441767068273,0.9976094529062223
24.678153181365722,0.08552631578947369,0.02610441767068273,0.9976265282426063
24.70591575552678,0.08666666666666667,0.02610441767068273,0.9976606789153747
24.733678329687848,0.08666666666666667,0.02610441767068273,0.9976606789153747
24.761440903848907,0.08783783783783784,0.02610441767068273,0.9976948295881429
24.789203478009973,0.08783783783783784,0.02610441767068273,0.9976948295881429
24.816966052171033,0.08783783783783784,0.02610441767068273,0.9976948295881429
24.8447286263321,0.08843537414965986,0.02610441767068273,0.997711904924527
24.872491200493158,0.08904109589041095,0.02610441767068273,0.9977289802609112
24.900253774654225,0.08904109589041095,0.02610441767068273,0.9977289802609112
24.928016348815284,0.08904109589041095,0.02610441767068273,0.9977289802609112
24.95577892297635,0.08904109589041095,0.02610441767068273,0.9977289802609112
24.98354149713741,0.0896551724137931,0.02610441767068273,0.9977460555972952
25.01130407129847,0.09027777777777778,0.02610441767068273,0.9977631309336794
25.039066645459535,0.09027777777777778,0.02610441767068273,0.9977631309336794
25.066829219620594,0.09027777777777778,0.02610441767068273,0.9977631309336794
25.09459179378166,0.09090909090909091,0.02610441767068273,0.9977802062700635
25.12235436794272,0.09090909090909091,0.02610441767068273,0.9977802062700635
25.150116942103786,0.09090909090909091,0.02610441767068273,0.9977802062700635
25.177879516264845,0.09219858156028368,0.02610441767068273,0.9978143569428318
25.20564209042591,0.09285714285714286,0.02610441767068273,0.9978314322792159
25.23340466458697,0.09285714285714286,0.02610441767068273,0.9978314322792159
25.261167238748037,0.09352517985611511,0.02610441767068273,0.9978485076156001
25.288929812909096,0.09352517985611511,0.02610441767068273,0.9978485076156001
25.316692387070155,0.09352517985611511,0.02610441767068273,0.9978485076156001
25.34445496123122,0.09352517985611511,0.02610441767068273,0.9978485076156001
25.37221753539228,0.09352517985611511,0.02610441767068273,0.9978485076156001
25.399980109553347,0.09420289855072464,0.02610441767068273,0.9978655829519841
25.427742683714406,0.09420289855072464,0.02610441767068273,0.9978655829519841
25.455505257875473,0.0948905109489051,0.02610441767068273,0.9978826582883683
25.483267832036532,0.0948905109489051,0.02610441767068273,0.9978826582883683
25.511030406197598,0.08823529411764706,0.024096385542168676,0.9978826582883683
25.538792980358657,0.08823529411764706,0.024096385542168676,0.9978826582883683
25.566555554519724,0.08955223880597014,0.024096385542168676,0.9979168089611365
25.594318128680783,0.08955223880597014,0.024096385542168676,0.9979168089611365
25.622080702841842,0.09022556390977443,0.024096385542168676,0.9979338842975206
25.64984327700291,0.0916030534351145,0.024096385542168676,0.997968034970289
25.677605851163968,0.0916030534351145,0.024096385542168676,0.997968034970289
25.705368425325034,0.0916030534351145,0.024096385542168676,0.997968034970289
25.733130999486093,0.09230769230769231,0.024096385542168676,0.997985110306673
25.76089357364716,0.09230769230769231,0.024096385542168676,0.997985110306673
25.78865614780822,0.09230769230769231,0.024096385542168676,0.997985110306673
25.816418721969285,0.09375,0.024096385542168676,0.9980192609794413
25.844181296130344,0.08661417322834646,0.02208835341365462,0.9980192609794413
25.87194387029141,0.08661417322834646,0.02208835341365462,0.9980192609794413
25.89970644445247,0.08661417322834646,0.02208835341365462,0.9980192609794413
25.92746901861353,0.0873015873015873,0.02208835341365462,0.9980363363158254
25.955231592774595,0.0873015873015873,0.02208835341365462,0.9980363363158254
25.982994166935654,0.0873015873015873,0.02208835341365462,0.9980363363158254
26.01075674109672,0.08943089430894309,0.02208835341365462,0.9980875623249778
26.03851931525778,0.08943089430894309,0.02208835341365462,0.9980875623249778
26.066281889418846,0.09016393442622951,0.02208835341365462,0.9981046376613619
26.094044463579905,0.09016393442622951,0.02208835341365462,0.9981046376613619
26.12180703774097,0.09090909090909091,0.02208835341365462,0.9981217129977461
26.14956961190203,0.09090909090909091,0.02208835341365462,0.9981217129977461
26.177332186063097,0.09090909090909091,0.02208835341365462,0.9981217129977461
26.205094760224156,0.09090909090909091,0.02208835341365462,0.9981217129977461
26.232857334385216,0.09166666666666666,0.02208835341365462,0.9981387883341302
26.260619908546282,0.09166666666666666,0.02208835341365462,0.9981387883341302
26.28838248270734,0.09166666666666666,0.02208835341365462,0.9981387883341302
26.316145056868407,0.09166666666666666,0.02208835341365462,0.9981387883341302
26.343907631029467,0.09166666666666666,0.02208835341365462,0.9981387883341302
26.371670205190533,0.08403361344537816,0.020080321285140562,0.9981387883341302
26.399432779351592,0.0847457627118644,0.020080321285140562,0.9981558636705143
26.42719535351266,0.08547008547008547,0.020080321285140562,0.9981729390068984
26.454957927673718,0.08547008547008547,0.020080321285140562,0.9981729390068984
26.482720501834784,0.08620689655172414,0.020080321285140562,0.9981900143432826
26.510483075995843,0.08695652173913043,0.020080321285140562,0.9982070896796666
26.538245650156902,0.08695652173913043,0.020080321285140562,0.9982070896796666
26.56600822431797,0.08695652173913043,0.020080321285140562,0.9982070896796666
26.593770798479028,0.08695652173913043,0.020080321285140562,0.9982070896796666
26.621533372640094,0.08771929824561403,0.020080321285140562,0.9982241650160508
26.649295946801153,0.08849557522123894,0.020080321285140562,0.9982412403524349
26.67705852096222,0.08849557522123894,0.020080321285140562,0.9982412403524349
26.70482109512328,0.08928571428571429,0.020080321285140562,0.9982583156888191
26.732583669284345,0.09090909090909091,0.020080321285140562,0.9982924663615873
26.760346243445404,0.09090909090909091,0.020080321285140562,0.9982924663615873
26.78810881760647,0.08256880733944955,0.018072289156626505,0.9982924663615873
26.81587139176753,0.08256880733944955,0.018072289156626505,0.9982924663615873
26.84363396592859,0.08256880733944955,0.018072289156626505,0.9982924663615873
26.871396540089656,0.08256880733944955,0.018072289156626505,0.9982924663615873
26.899159114250715,0.08333333333333333,0.018072289156626505,0.9983095416979715
26.92692168841178,0.08411214953271028,0.018072289156626505,0.9983266170343555
26.95468426257284,0.08411214953271028,0.018072289156626505,0.9983266170343555
26.982446836733907,0.08571428571428572,0.018072289156626505,0.9983607677071238
27.010209410894966,0.08571428571428572,0.018072289156626505,0.9983607677071238
27.037971985056032,0.08653846153846154,0.018072289156626505,0.998377843043508
27.06573455921709,0.08737864077669903,0.018072289156626505,0.9983949183798921
27.093497133378158,0.08737864077669903,0.018072289156626505,0.9983949183798921
27.121259707539217,0.08737864077669903,0.018072289156626505,0.9983949183798921
27.149022281700276,0.08823529411764706,0.018072289156626505,0.9984119937162762
27.176784855861342,0.0891089108910891,0.018072289156626505,0.9984290690526604
27.2045474300224,0.09,0.018072289156626505,0.9984461443890444
27.232310004183468,0.09,0.018072289156626505,0.9984461443890444
27.260072578344527,0.09090909090909091,0.018072289156626505,0.9984632197254286
27.287835152505593,0.09090909090909091,0.018072289156626505,0.9984632197254286
27.315597726666653,0.09183673469387756,0.018072289156626505,0.9984802950618127
27.34336030082772,0.09183673469387756,0.018072289156626505,0.9984802950618127
27.371122874988778,0.09183673469387756,0.018072289156626505,0.9984802950618127
27.398885449149844,0.09183673469387756,0.018072289156626505,0.9984802950618127
27.426648023310904,0.09183673469387756,0.018072289156626505,0.9984802950618127
27.454410597471963,0.09183673469387756,0.018072289156626505,0.9984802950618127
27.48217317163303,0.09278350515463918,0.018072289156626505,0.9984973703981969
27.50993574579409,0.09278350515463918,0.018072289156626505,0.9984973703981969
27.537698319955155,0.08421052631578947,0.01606425702811245,0.9985144457345809
27.565460894116214,0.08421052631578947,0.01606425702811245,0.9985144457345809
27.59322346827728,0.0851063829787234,0.01606425702811245,0.9985315210709651
27.62098604243834,0.08695652173913043,0.01606425702811245,0.9985656717437333
27.648748616599406,0.08695652173913043,0.01606425702811245,0.9985656717437333
27.676511190760465,0.08695652173913043,0.01606425702811245,0.9985656717437333
27.70427376492153,0.08695652173913043,0.01606425702811245,0.9985656717437333
27.73203633908259,0.08695652173913043,0.01606425702811245,0.9985656717437333
27.75979891324365,0.08695652173913043,0.01606425702811245,0.9985656717437333
27.787561487404716,0.08695652173913043,0.01606425702811245,0.9985656717437333
27.815324061565775,0.08791208791208792,0.01606425702811245,0.9985827470801175
27.84308663572684,0.08888888888888889,0.01606425702811245,0.9985998224165016
27.8708492098879,0.08888888888888889,0.01606425702811245,0.9985998224165016
27.898611784048967,0.09195402298850575,0.01606425702811245,0.998651048425654
27.926374358210026,0.09195402298850575,0.01606425702811245,0.998651048425654
27.954136932371092,0.09195402298850575,0.01606425702811245,0.998651048425654
27.98189950653215,0.09195402298850575,0.01606425702811245,0.998651048425654
28.009662080693218,0.09302325581395349,0.01606425702811245,0.9986681237620381
28.037424654854277,0.08235294117647059,0.014056224899598393,0.9986681237620381
28.065187229015336,0.08235294117647059,0.014056224899598393,0.9986681237620381
28.092949803176403,0.08235294117647059,0.014056224899598393,0.9986681237620381
28.120712377337462,0.08235294117647059,0.014056224899598393,0.9986681237620381
28.148474951498528,0.08235294117647059,0.014056224899598393,0.9986681237620381
28.176237525659587,0.08235294117647059,0.014056224899598393,0.9986681237620381
28.204000099820654,0.08333333333333333,0.014056224899598393,0.9986851990984222
28.231762673981713,0.08333333333333333,0.014056224899598393,0.9986851990984222
28.25952524814278,0.08333333333333333,0.014056224899598393,0.9986851990984222
28.28728782230384,0.08333333333333333,0.014056224899598393,0.9986851990984222
28.315050396464905,0.08333333333333333,0.014056224899598393,0.9986851990984222
28.342812970625964,0.08333333333333333,0.014056224899598393,0.9986851990984222
28.370575544787023,0.08536585365853659,0.014056224899598393,0.9987193497711905
28.39833811894809,0.08536585365853659,0.014056224899598393,0.9987193497711905
28.42610069310915,0.08536585365853659,0.014056224899598393,0.9987193497711905
28.453863267270215,0.08641975308641975,0.014056224899598393,0.9987364251075747
28.481625841431274,0.0875,0.014056224899598393,0.9987535004439587
28.50938841559234,0.08974358974358974,0.014056224899598393,0.998787651116727
28.5371509897534,0.08974358974358974,0.014056224899598393,0.998787651116727
28.564913563914466,0.08974358974358974,0.014056224899598393,0.998787651116727
28.592676138075525,0.08974358974358974,0.014056224899598393,0.998787651116727
28.62043871223659,0.08974358974358974,0.014056224899598393,0.998787651116727
28.64820128639765,0.08974358974358974,0.014056224899598393,0.998787651116727
28.67596386055871,0.09090909090909091,0.014056224899598393,0.9988047264531111
28.703726434719776,0.09210526315789473,0.014056224899598393,0.9988218017894952
28.731489008880835,0.09333333333333334,0.014056224899598393,0.9988388771258794
28.7592515830419,0.0945945945945946,0.014056224899598393,0.9988559524622636
28.78701415720296,0.0958904109589041,0.014056224899598393,0.9988730277986476
28.814776731364027,0.09722222222222222,0.014056224899598393,0.9988901031350318
28.842539305525086,0.09722222222222222,0.014056224899598393,0.9988901031350318
28.870301879686153,0.09722222222222222,0.014056224899598393,0.9988901031350318
28.898064453847212,0.09859154929577464,0.014056224899598393,0.9989071784714159
28.92582702800828,0.1,0.014056224899598393,0.9989242538078
28.953589602169338,0.1,0.014056224899598393,0.9989242538078
28.981352176330397,0.1,0.014056224899598393,0.9989242538078
29.009114750491463,0.08955223880597014,0.012048192771084338,0.9989584044805683
29.036877324652522,0.08955223880597014,0.012048192771084338,0.9989584044805683
29.06463989881359,0.08955223880597014,0.012048192771084338,0.9989584044805683
29.092402472974648,0.08955223880597014,0.012048192771084338,0.9989584044805683
29.120165047135714,0.09090909090909091,0.012048192771084338,0.9989754798169523
29.147927621296773,0.09230769230769231,0.012048192771084338,0.9989925551533365
29.17569019545784,0.09375,0.012048192771084338,0.9990096304897207
29.2034527696189,0.09523809523809523,0.012048192771084338,0.9990267058261048
29.231215343779965,0.09523809523809523,0.012048192771084338,0.9990267058261048
29.258977917941024,0.0967741935483871,0.012048192771084338,0.9990437811624889
29.286740492102084,0.0967741935483871,0.012048192771084338,0.9990437811624889
29.31450306626315,0.0967741935483871,0.012048192771084338,0.9990437811624889
29.34226564042421,0.0967741935483871,0.012048192771084338,0.9990437811624889
29.370028214585275,0.0967741935483871,0.012048192771084338,0.9990437811624889
29.397790788746335,0.0967741935483871,0.012048192771084338,0.9990437811624889
29.4255533629074,0.09836065573770492,0.012048192771084338,0.999060856498873
29.45331593706846,0.09836065573770492,0.012048192771084338,0.999060856498873
29.481078511229526,0.09836065573770492,0.012048192771084338,0.999060856498873
29.508841085390586,0.09836065573770492,0.012048192771084338,0.999060856498873
29.536603659551652,0.09836065573770492,0.012048192771084338,0.999060856498873
29.56436623371271,0.1,0.012048192771084338,0.9990779318352572
29.59212880787377,0.1,0.012048192771084338,0.9990779318352572
29.619891382034837,0.1,0.012048192771084338,0.9990779318352572
29.647653956195896,0.1016949152542373,0.012048192771084338,0.9990950071716412
29.675416530356962,0.1016949152542373,0.012048192771084338,0.9990950071716412
29.70317910451802,0.1016949152542373,0.012048192771084338,0.9990950071716412
29.730941678679088,0.10344827586206896,0.012048192771084338,0.9991120825080254
29.758704252840147,0.10344827586206896,0.012048192771084338,0.9991120825080254
29.786466827001213,0.10344827586206896,0.012048192771084338,0.9991120825080254
29.814229401162272,0.10344827586206896,0.012048192771084338,0.9991120825080254
29.84199197532334,0.10344827586206896,0.012048192771084338,0.9991120825080254
29.869754549484398,0.10344827586206896,0.012048192771084338,0.9991120825080254
29.897517123645457,0.08928571428571429,0.010040160642570281,0.9991291578444096
29.925279697806523,0.08928571428571429,0.010040160642570281,0.9991291578444096
29.953042271967583,0.08928571428571429,0.010040160642570281,0.9991291578444096
29.98080484612865,0.08928571428571429,0.010040160642570281,0.9991291578444096
30.008567420289708,0.08928571428571429,0.010040160642570281,0.9991291578444096
30.036329994450774,0.08928571428571429,0.010040160642570281,0.9991291578444096
30.064092568611834,0.09259259259259259,0.010040160642570281,0.9991633085171778
30.0918551427729,0.09433962264150944,0.010040160642570281,0.9991803838535619
30.11961771693396,0.09433962264150944,0.010040160642570281,0.9991803838535619
30.147380291095025,0.09433962264150944,0.010040160642570281,0.9991803838535619
30.175142865256085,0.09433962264150944,0.010040160642570281,0.9991803838535619
30.202905439417144,0.09433962264150944,0.010040160642570281,0.9991803838535619
30.23066801357821,0.09433962264150944,0.010040160642570281,0.9991803838535619
30.25843058773927,0.09433962264150944,0.010040160642570281,0.9991803838535619
30.286193161900336,0.09615384615384616,0.010040160642570281,0.9991974591899461
30.313955736061395,0.09803921568627451,0.010040160642570281,0.9992145345263301
30.34171831022246,0.09803921568627451,0.010040160642570281,0.9992145345263301
30.36948088438352,0.1,0.010040160642570281,0.9992316098627143
30.397243458544587,0.10416666666666667,0.010040160642570281,0.9992657605354826
30.425006032705646,0.10638297872340426,0.010040160642570281,0.9992828358718667
30.452768606866712,0.08888888888888889,0.008032128514056224,0.9992999112082508
30.48053118102777,0.08888888888888889,0.008032128514056224,0.9992999112082508
30.50829375518883,0.08888888888888889,0.008032128514056224,0.9992999112082508
30.536056329349897,0.09090909090909091,0.008032128514056224,0.999316986544635
30.563818903510956,0.09090909090909091,0.008032128514056224,0.999316986544635
30.591581477672023,0.09302325581395349,0.008032128514056224,0.999334061881019
30.61934405183308,0.09302325581395349,0.008032128514056224,0.999334061881019
30.647106625994148,0.07142857142857142,0.006024096385542169,0.999334061881019
30.674869200155207,0.07317073170731707,0.006024096385542169,0.9993511372174032
30.702631774316274,0.075,0.006024096385542169,0.9993682125537873
30.730394348477333,0.075,0.006024096385542169,0.9993682125537873
30.7581569226384,0.07692307692307693,0.006024096385542169,0.9993852878901714
30.78591949679946,0.07692307692307693,0.006024096385542169,0.9993852878901714
30.813682070960517,0.07692307692307693,0.006024096385542169,0.9993852878901714
30.841444645121584,0.07692307692307693,0.006024096385542169,0.9993852878901714
30.869207219282643,0.07894736842105263,0.006024096385542169,0.9994023632265555
30.89696979344371,0.07894736842105263,0.006024096385542169,0.9994023632265555
30.92473236760477,0.07894736842105263,0.006024096385542169,0.9994023632265555
30.952494941765835,0.08108108108108109,0.006024096385542169,0.9994194385629397
30.980257515926894,0.08108108108108109,0.006024096385542169,0.9994194385629397
31.00802009008796,0.08108108108108109,0.006024096385542169,0.9994194385629397
31.03578266424902,0.08108108108108109,0.006024096385542169,0.9994194385629397
31.063545238410086,0.08108108108108109,0.006024096385542169,0.9994194385629397
31.091307812571145,0.08108108108108109,0.006024096385542169,0.9994194385629397
31.119070386732204,0.08108108108108109,0.006024096385542169,0.9994194385629397
31.14683296089327,0.08333333333333333,0.006024096385542169,0.9994365138993239
31.17459553505433,0.08333333333333333,0.006024096385542169,0.9994365138993239
31.202358109215396,0.08333333333333333,0.006024096385542169,0.9994365138993239
31.230120683376455,0.08333333333333333,0.006024096385542169,0.9994365138993239
31.25788325753752,0.08333333333333333,0.006024096385542169,0.9994365138993239
31.28564583169858,0.08333333333333333,0.006024096385542169,0.9994365138993239
31.313408405859647,0.08333333333333333,0.006024096385542169,0.9994365138993239
31.341170980020706,0.08333333333333333,0.006024096385542169,0.9994365138993239
31.368933554181773,0.05714285714285714,0.004016064257028112,0.9994365138993239
31.396696128342832,0.05714285714285714,0.004016064257028112,0.9994365138993239
31.42445870250389,0.05714285714285714,0.004016064257028112,0.9994365138993239
31.452221276664957,0.05714285714285714,0.004016064257028112,0.9994365138993239
31.479983850826017,0.05714285714285714,0.004016064257028112,0.9994365138993239
31.507746424987083,0.05714285714285714,0.004016064257028112,0.9994365138993239
31.535508999148142,0.05714285714285714,0.004016064257028112,0.9994365138993239
31.56327157330921,0.058823529411764705,0.004016064257028112,0.9994535892357079
31.591034147470268,0.030303030303030304,0.002008032128514056,0.9994535892357079
31.618796721631334,0.030303030303030304,0.002008032128514056,0.9994535892357079
31.646559295792393,0.03225806451612903,0.002008032128514056,0.9994877399084762
31.67432186995346,0.03225806451612903,0.002008032128514056,0.9994877399084762
31.70208444411452,0.03225806451612903,0.002008032128514056,0.9994877399084762
31.729847018275578,0.03225806451612903,0.002008032128514056,0.9994877399084762
31.757609592436644,0.03225806451612903,0.002008032128514056,0.9994877399084762
31.785372166597703,0.03333333333333333,0.002008032128514056,0.9995048152448603
31.81313474075877,0.03333333333333333,0.002008032128514056,0.9995048152448603
31.84089731491983,0.03333333333333333,0.002008032128514056,0.9995048152448603
31.868659889080895,0.03333333333333333,0.002008032128514056,0.9995048152448603
31.896422463241954,0.03333333333333333,0.002008032128514056,0.9995048152448603
31.92418503740302,0.03333333333333333,0.002008032128514056,0.9995048152448603
31.95194761156408,0.03333333333333333,0.002008032128514056,0.9995048152448603
31.979710185725146,0.03333333333333333,0.002008032128514056,0.9995048152448603
32.007472759886205,0.03333333333333333,0.002008032128514056,0.9995048152448603
32.035235334047265,0.034482758620689655,0.002008032128514056,0.9995218905812444
32.06299790820833,0.03571428571428571,0.002008032128514056,0.9995389659176286
32.09076048236939,0.03571428571428571,0.002008032128514056,0.9995389659176286
32.11852305653046,0.03571428571428571,0.002008032128514056,0.9995389659176286
32.146285630691516,0.03571428571428571,0.002008032128514056,0.9995389659176286
32.17404820485258,0.03571428571428571,0.002008032128514056,0.9995389659176286
32.20181077901364,0.03571428571428571,0.002008032128514056,0.9995389659176286
32.22957335317471,0.03571428571428571,0.002008032128514056,0.9995389659176286
32.25733592733577,0.03571428571428571,0.002008032128514056,0.9995389659176286
32.28509850149683,0.037037037037037035,0.002008032128514056,0.9995560412540127
32.31286107565789,0.037037037037037035,0.002008032128514056,0.9995560412540127
32.34062364981895,0.037037037037037035,0.002008032128514056,0.9995560412540127
32.36838622398002,0.037037037037037035,0.002008032128514056,0.9995560412540127
32.39614879814108,0.037037037037037035,0.002008032128514056,0.9995560412540127
32.42391137230214,0.037037037037037035,0.002008032128514056,0.9995560412540127
32.4516739464632,0.037037037037037035,0.002008032128514056,0.9995560412540127
32.47943652062427,0.037037037037037035,0.002008032128514056,0.9995560412540127
32.50719909478533,0.037037037037037035,0.002008032128514056,0.9995560412540127
32.534961668946394,0.038461538461538464,0.002008032128514056,0.9995731165903968
32.56272424310745,0.038461538461538464,0.002008032128514056,0.9995731165903968
32.59048681726852,0.04,0.002008032128514056,0.999590191926781
32.61824939142958,0.04,0.002008032128514056,0.999590191926781
32.64601196559064,0.04,0.002008032128514056,0.999590191926781
32.673774539751705,0.04,0.002008032128514056,0.999590191926781
32.701537113912764,0.04,0.002008032128514056,0.999590191926781
32.72929968807383,0.04,0.002008032128514056,0.999590191926781
32.75706226223489,0.04,0.002008032128514056,0.999590191926781
32.784824836395956,0.04,0.002008032128514056,0.999590191926781
32.812587410557015,0.04,0.002008032128514056,0.999590191926781
32.84034998471808,0.04,0.002008032128514056,0.999590191926781
32.86811255887914,0.04,0.002008032128514056,0.999590191926781
32.89587513304021,0.04,0.002008032128514056,0.999590191926781
32.923637707201266,0.041666666666666664,0.002008032128514056,0.9996072672631651
32.951400281362325,0.041666666666666664,0.002008032128514056,0.9996072672631651
32.97916285552339,0.041666666666666664,0.002008032128514056,0.9996072672631651
33.00692542968445,0.041666666666666664,0.002008032128514056,0.9996072672631651
33.03468800384552,0.041666666666666664,0.002008032128514056,0.9996072672631651
33.062450578006576,0.041666666666666664,0.002008032128514056,0.9996072672631651
33.09021315216764,0.041666666666666664,0.002008032128514056,0.9996072672631651
33.1179757263287,0.041666666666666664,0.002008032128514056,0.9996072672631651
33.14573830048977,0.041666666666666664,0.002008032128514056,0.9996072672631651
33.17350087465083,0.043478260869565216,0.002008032128514056,0.9996243425995492
33.20126344881189,0.043478260869565216,0.002008032128514056,0.9996243425995492
33.22902602297295,0.045454545454545456,0.002008032128514056,0.9996414179359333
33.25678859713401,0.045454545454545456,0.002008032128514056,0.9996414179359333
33.28455117129508,0.045454545454545456,0.002008032128514056,0.9996414179359333
33.31231374545614,0.045454545454545456,0.002008032128514056,0.9996414179359333
33.340076319617204,0.045454545454545456,0.002008032128514056,0.9996414179359333
33.36783889377826,0.045454545454545456,0.002008032128514056,0.9996414179359333
33.39560146793933,0.045454545454545456,0.002008032128514056,0.9996414179359333
33.42336404210039,0.045454545454545456,0.002008032128514056,0.9996414179359333
33.451126616261455,0.045454545454545456,0.002008032128514056,0.9996414179359333
33.478889190422514,0.045454545454545456,0.002008032128514056,0.9996414179359333
33.50665176458358,0.047619047619047616,0.002008032128514056,0.9996584932723175
33.53441433874464,0.047619047619047616,0.002008032128514056,0.9996584932723175
33.5621769129057,0.047619047619047616,0.002008032128514056,0.9996584932723175
33.589939487066765,0.047619047619047616,0.002008032128514056,0.9996584932723175
33.617702061227824,0.047619047619047616,0.002008032128514056,0.9996584932723175
33.64546463538889,0.047619047619047616,0.002008032128514056,0.9996584932723175
33.67322720954995,0.047619047619047616,0.002008032128514056,0.9996584932723175
33.700989783711016,0.047619047619047616,0.002008032128514056,0.9996584932723175
33.728752357872075,0.047619047619047616,0.002008032128514056,0.9996584932723175
33.75651493203314,0.047619047619047616,0.002008032128514056,0.9996584932723175
33.7842775061942,0.047619047619047616,0.002008032128514056,0.9996584932723175
33.81204008035527,0.047619047619047616,0.002008032128514056,0.9996584932723175
33.839802654516326,0.05,0.002008032128514056,0.9996755686087015
33.867565228677385,0.05,0.002008032128514056,0.9996755686087015
33.89532780283845,0.05,0.002008032128514056,0.9996755686087015
33.92309037699951,0.05,0.002008032128514056,0.9996755686087015
33.95085295116058,0.05263157894736842,0.002008032128514056,0.9996926439450857
33.978615525321636,0.05263157894736842,0.002008032128514056,0.9996926439450857
34.0063780994827,0.05263157894736842,0.002008032128514056,0.9996926439450857
34.03414067364376,0.05263157894736842,0.002008032128514056,0.9996926439450857
34.06190324780483,0.05263157894736842,0.002008032128514056,0.9996926439450857
34.08966582196589,0.05263157894736842,0.002008032128514056,0.9996926439450857
34.117428396126954,0.05263157894736842,0.002008032128514056,0.9996926439450857
34.14519097028801,0.05263157894736842,0.002008032128514056,0.9996926439450857
34.17295354444907,0.05263157894736842,0.002008032128514056,0.9996926439450857
34.20071611861014,0.05263157894736842,0.002008032128514056,0.9996926439450857
34.2284786927712,0.05263157894736842,0.002008032128514056,0.9996926439450857
34.256241266932264,0.05263157894736842,0.002008032128514056,0.9996926439450857
34.28400384109332,0.05263157894736842,0.002008032128514056,0.9996926439450857
34.31176641525439,0.05263157894736842,0.002008032128514056,0.9996926439450857
34.33952898941545,0.05555555555555555,0.002008032128514056,0.9997097192814699
34.367291563576515,0.05555555555555555,0.002008032128514056,0.9997097192814699
34.395054137737574,0.05555555555555555,0.002008032128514056,0.9997097192814699
34.42281671189864,0.05555555555555555,0.002008032128514056,0.9997097192814699
34.4505792860597,0.05555555555555555,0.002008032128514056,0.9997097192814699
34.47834186022076,0.058823529411764705,0.002008032128514056,0.999726794617854
34.506104434381825,0.058823529411764705,0.002008032128514056,0.999726794617854
34.533867008542884,0.058823529411764705,0.002008032128514056,0.999726794617854
34.56162958270395,0.058823529411764705,0.002008032128514056,0.999726794617854
34.58939215686501,0.058823529411764705,0.002008032128514056,0.999726794617854
34.617154731026076,0.058823529411764705,0.002008032128514056,0.999726794617854
34.644917305187136,0.058823529411764705,0.002008032128514056,0.999726794617854
34.6726798793482,0.058823529411764705,0.002008032128514056,0.999726794617854
34.70044245350926,0.058823529411764705,0.002008032128514056,0.999726794617854
34.72820502767033,0.058823529411764705,0.002008032128514056,0.999726794617854
34.75596760183139,0.058823529411764705,0.002008032128514056,0.999726794617854
34.783730175992446,0.058823529411764705,0.002008032128514056,0.999726794617854
34.81149275015351,0.058823529411764705,0.002008032128514056,0.999726794617854
34.83925532431457,0.058823529411764705,0.002008032128514056,0.999726794617854
34.86701789847564,0.0,0.0,0.9997438699542381
34.8947804726367,0.0,0.0,0.9997438699542381
34.92254304679776,0.0,0.0,0.9997438699542381
34.95030562095882,0.0,0.0,0.9997438699542381
34.97806819511989,0.0,0.0,0.9997438699542381
35.00583076928095,0.0,0.0,0.9997438699542381
35.033593343442014,0.0,0.0,0.9997438699542381
35.06135591760307,0.0,0.0,0.9997438699542381
35.08911849176413,0.0,0.0,0.9997438699542381
35.1168810659252,0.0,0.0,0.9997438699542381
35.14464364008626,0.0,0.0,0.9997438699542381
35.172406214247324,0.0,0.0,0.9997438699542381
35.200168788408384,0.0,0.0,0.9997609452906222
35.22793136256945,0.0,0.0,0.9997609452906222
35.25569393673051,0.0,0.0,0.9997609452906222
35.283456510891575,0.0,0.0,0.9997609452906222
35.311219085052635,0.0,0.0,0.9997609452906222
35.3389816592137,0.0,0.0,0.9997780206270064
35.36674423337476,0.0,0.0,0.9997780206270064
35.39450680753582,0.0,0.0,0.9997950959633904
35.422269381696886,0.0,0.0,0.9997950959633904
35.450031955857945,0.0,0.0,0.9997950959633904
35.47779453001901,0.0,0.0,0.9997950959633904
35.50555710418007,0.0,0.0,0.9997950959633904
35.53331967834114,0.0,0.0,0.9997950959633904
35.561082252502196,0.0,0.0,0.9997950959633904
35.58884482666326,0.0,0.0,0.9997950959633904
35.61660740082432,0.0,0.0,0.9997950959633904
35.64436997498539,0.0,0.0,0.9997950959633904
35.67213254914645,0.0,0.0,0.9997950959633904
35.699895123307506,0.0,0.0,0.9997950959633904
35.72765769746857,0.0,0.0,0.9997950959633904
35.75542027162963,0.0,0.0,0.9998121712997746
35.7831828457907,0.0,0.0,0.9998121712997746
35.81094541995176,0.0,0.0,0.9998121712997746
35.83870799411282,0.0,0.0,0.9998121712997746
35.86647056827388,0.0,0.0,0.9998292466361587
35.89423314243495,0.0,0.0,0.9998292466361587
35.92199571659601,0.0,0.0,0.9998292466361587
35.949758290757075,0.0,0.0,0.9998292466361587
35.977520864918134,0.0,0.0,0.9998463219725429
36.00528343907919,0.0,0.0,0.9998463219725429
36.03304601324026,0.0,0.0,0.9998463219725429
36.06080858740132,0.0,0.0,0.9998463219725429
36.088571161562385,0.0,0.0,0.9998463219725429
36.116333735723444,0.0,0.0,0.9998463219725429
36.14409630988451,0.0,0.0,0.9998463219725429
36.17185888404557,0.0,0.0,0.9998463219725429
36.199621458206636,0.0,0.0,0.9998463219725429
36.227384032367695,0.0,0.0,0.9998463219725429
36.25514660652876,0.0,0.0,0.9998463219725429
36.28290918068982,0.0,0.0,0.999863397308927
36.31067175485088,0.0,0.0,0.999863397308927
36.338434329011946,0.0,0.0,0.999863397308927
36.366196903173005,0.0,0.0,0.999863397308927
36.39395947733407,0.0,0.0,0.999863397308927
36.42172205149513,0.0,0.0,0.999863397308927
36.4494846256562,0.0,0.0,0.999863397308927
36.477247199817256,0.0,0.0,0.999863397308927
36.50500977397832,0.0,0.0,0.999863397308927
36.53277234813938,0.0,0.0,0.999863397308927
36.56053492230045,0.0,0.0,0.999863397308927
36.58829749646151,0.0,0.0,0.999863397308927
36.61606007062257,0.0,0.0,0.999863397308927
36.64382264478363,0.0,0.0,0.9998804726453111
36.67158521894469,0.0,0.0,0.9998804726453111
36.69934779310576,0.0,0.0,0.9998804726453111
36.72711036726682,0.0,0.0,0.9998804726453111
36.754872941427884,0.0,0.0,0.9998804726453111
36.78263551558894,0.0,0.0,0.9998804726453111
36.81039808975001,0.0,0.0,0.9998975479816953
36.83816066391107,0.0,0.0,0.9998975479816953
36.865923238072135,0.0,0.0,0.9998975479816953
36.893685812233194,0.0,0.0,0.9998975479816953
36.92144838639425,0.0,0.0,0.9998975479816953
36.94921096055532,0.0,0.0,0.9998975479816953
36.97697353471638,0.0,0.0,0.9998975479816953
37.004736108877445,0.0,0.0,0.9998975479816953
37.032498683038504,0.0,0.0,0.9998975479816953
37.06026125719957,0.0,0.0,0.9998975479816953
37.08802383136063,0.0,0.0,0.9998975479816953
37.115786405521696,0.0,0.0,0.9998975479816953
37.143548979682755,0.0,0.0,0.9999146233180793
37.17131155384382,0.0,0.0,0.9999316986544635
37.19907412800488,0.0,0.0,0.9999316986544635
37.22683670216594,0.0,0.0,0.9999316986544635
37.254599276327006,0.0,0.0,0.9999316986544635
37.282361850488066,0.0,0.0,0.9999316986544635
37.31012442464913,0.0,0.0,0.9999316986544635
37.33788699881019,0.0,0.0,0.9999316986544635
37.36564957297126,0.0,0.0,0.9999316986544635
37.39341214713232,0.0,0.0,0.9999316986544635
37.42117472129338,0.0,0.0,0.9999316986544635
37.44893729545444,0.0,0.0,0.9999316986544635
37.47669986961551,0.0,0.0,0.9999316986544635
37.50446244377657,0.0,0.0,0.9999316986544635
37.53222501793763,0.0,0.0,0.9999316986544635
37.55998759209869,0.0,0.0,0.9999316986544635
37.58775016625975,0.0,0.0,0.9999316986544635
37.61551274042082,0.0,0.0,0.9999316986544635
37.64327531458188,0.0,0.0,0.9999316986544635
37.671037888742944,0.0,0.0,0.9999316986544635
37.698800462904,0.0,0.0,0.9999316986544635
37.72656303706507,0.0,0.0,0.9999316986544635
37.75432561122613,0.0,0.0,0.9999316986544635
37.782088185387195,0.0,0.0,0.9999316986544635
37.809850759548254,0.0,0.0,0.9999316986544635
37.837613333709314,0.0,0.0,0.9999316986544635
37.86537590787038,0.0,0.0,0.9999316986544635
37.89313848203144,0.0,0.0,0.9999316986544635
37.920901056192506,0.0,0.0,0.9999316986544635
37.948663630353565,0.0,0.0,0.9999316986544635
37.97642620451463,0.0,0.0,0.9999316986544635
38.00418877867569,0.0,0.0,0.9999316986544635
38.03195135283676,0.0,0.0,0.9999316986544635
38.059713926997816,0.0,0.0,0.9999316986544635
38.08747650115888,0.0,0.0,0.9999316986544635
38.11523907531994,0.0,0.0,0.9999316986544635
38.143001649481,0.0,0.0,0.9999316986544635
38.17076422364207,0.0,0.0,0.9999316986544635
38.198526797803126,0.0,0.0,0.9999316986544635
38.22628937196419,0.0,0.0,0.9999316986544635
38.25405194612525,0.0,0.0,0.9999316986544635
38.28181452028632,0.0,0.0,0.9999316986544635
38.30957709444738,0.0,0.0,0.9999316986544635
38.33733966860844,0.0,0.0,0.9999316986544635
38.3651022427695,0.0,0.0,0.9999316986544635
38.39286481693057,0.0,0.0,0.9999316986544635
38.42062739109163,0.0,0.0,0.9999316986544635
38.44838996525269,0.0,0.0,0.9999316986544635
38.476152539413754,0.0,0.0,0.9999316986544635
38.50391511357481,0.0,0.0,0.9999487739908476
38.53167768773588,0.0,0.0,0.9999487739908476
38.55944026189694,0.0,0.0,0.9999487739908476
38.587202836058005,0.0,0.0,0.9999487739908476
38.614965410219064,0.0,0.0,0.9999487739908476
38.64272798438013,0.0,0.0,0.9999487739908476
38.67049055854119,0.0,0.0,0.9999487739908476
38.698253132702256,0.0,0.0,0.9999487739908476
38.726015706863315,0.0,0.0,0.9999487739908476
38.753778281024374,0.0,0.0,0.9999487739908476
38.78154085518544,0.0,0.0,0.9999487739908476
38.8093034293465,0.0,0.0,0.9999487739908476
38.837066003507566,0.0,0.0,0.9999487739908476
38.864828577668625,0.0,0.0,0.9999487739908476
38.89259115182969,0.0,0.0,0.9999487739908476
38.92035372599075,0.0,0.0,0.9999487739908476
38.94811630015182,0.0,0.0,0.9999487739908476
38.975878874312876,0.0,0.0,0.9999487739908476
39.00364144847394,0.0,0.0,0.9999487739908476
39.031404022635,0.0,0.0,0.9999487739908476
39.05916659679606,0.0,0.0,0.9999487739908476
39.08692917095713,0.0,0.0,0.9999487739908476
39.114691745118186,0.0,0.0,0.9999487739908476
39.14245431927925,0.0,0.0,0.9999487739908476
39.17021689344031,0.0,0.0,0.9999487739908476
39.19797946760138,0.0,0.0,0.9999487739908476
39.22574204176244,0.0,0.0,0.9999487739908476
39.253504615923504,0.0,0.0,0.9999487739908476
39.28126719008456,0.0,0.0,0.9999487739908476
39.30902976424563,0.0,0.0,0.9999487739908476
39.33679233840669,0.0,0.0,0.9999658493272318
39.36455491256775,0.0,0.0,0.9999658493272318
39.392317486728814,0.0,0.0,0.9999829246636158
39.42008006088987,0.0,0.0,0.9999829246636158
39.44784263505094,0.0,0.0,0.9999829246636158
39.475605209212,0.0,0.0,0.9999829246636158
39.503367783373065,0.0,0.0,0.9999829246636158
39.531130357534124,0.0,0.0,0.9999829246636158
39.55889293169519,0.0,0.0,0.9999829246636158
39.58665550585625,0.0,0.0,0.9999829246636158
39.614418080017316,0.0,0.0,0.9999829246636158
39.642180654178375,0.0,0.0,0.9999829246636158
39.669943228339434,0.0,0.0,0.9999829246636158
39.6977058025005,0.0,0.0,0.9999829246636158
39.72546837666156,0.0,0.0,0.9999829246636158
39.753230950822626,0.0,0.0,0.9999829246636158
39.780993524983685,0.0,0.0,0.9999829246636158
39.80875609914475,0.0,0.0,0.9999829246636158
39.83651867330581,0.0,0.0,0.9999829246636158
39.86428124746688,0.0,0.0,0.9999829246636158
39.89204382162794,0.0,0.0,0.9999829246636158
39.919806395789,0.0,0.0,0.9999829246636158
39.94756896995006,0.0,0.0,0.9999829246636158
39.97533154411112,0.0,0.0,0.9999829246636158
40.00309411827219,0.0,0.0,0.9999829246636158
40.03085669243325,0.0,0.0,0.9999829246636158
40.05861926659431,0.0,0.0,0.9999829246636158
40.08638184075537,0.0,0.0,0.9999829246636158
40.11414441491644,0.0,0.0,0.9999829246636158
40.1419069890775,0.0,0.0,0.9999829246636158
40.169669563238564,0.0,0.0,0.9999829246636158
40.19743213739962,0.0,0.0,0.9999829246636158
40.22519471156069,0.0,0.0,0.9999829246636158
40.25295728572175,0.0,0.0,0.9999829246636158
40.28071985988281,0.0,0.0,0.9999829246636158
40.308482434043874,0.0,0.0,0.9999829246636158
40.33624500820493,0.0,0.0,0.9999829246636158
40.364007582366,0.0,0.0,0.9999829246636158
40.39177015652706,0.0,0.0,0.9999829246636158
40.419532730688125,0.0,0.0,0.9999829246636158
40.447295304849185,0.0,0.0,0.9999829246636158
40.47505787901025,0.0,0.0,0.9999829246636158
40.50282045317131,0.0,0.0,0.9999829246636158
40.530583027332376,0.0,0.0,0.9999829246636158
40.558345601493436,0.0,0.0,0.9999829246636158
40.586108175654495,0.0,0.0,0.9999829246636158
40.61387074981556,0.0,0.0,0.9999829246636158
40.64163332397662,0.0,0.0,0.9999829246636158
40.66939589813769,0.0,0.0,0.9999829246636158
40.697158472298746,0.0,0.0,0.9999829246636158
40.72492104645981,0.0,0.0,0.9999829246636158
40.75268362062087,0.0,0.0,0.9999829246636158
40.78044619478194,0.0,0.0,0.9999829246636158
40.808208768943,0.0,0.0,0.9999829246636158
40.83597134310406,0.0,0.0,0.9999829246636158
40.86373391726512,0.0,0.0,0.9999829246636158
40.89149649142618,0.0,0.0,0.9999829246636158
40.91925906558725,0.0,0.0,0.9999829246636158
40.94702163974831,0.0,0.0,0.9999829246636158
40.97478421390937,0.0,0.0,0.9999829246636158
41.00254678807043,0.0,0.0,0.9999829246636158
41.0303093622315,0.0,0.0,0.9999829246636158
41.05807193639256,0.0,0.0,0.9999829246636158
41.085834510553624,0.0,0.0,0.9999829246636158
41.113597084714684,0.0,0.0,0.9999829246636158
41.14135965887575,0.0,0.0,0.9999829246636158
41.16912223303681,0.0,0.0,0.9999829246636158
41.19688480719787,0.0,0.0,0.9999829246636158
41.224647381358935,0.0,0.0,0.9999829246636158
41.252409955519994,0.0,0.0,0.9999829246636158
41.28017252968106,0.0,0.0,0.9999829246636158
41.30793510384212,0.0,0.0,0.9999829246636158
41.335697678003186,0.0,0.0,0.9999829246636158
41.363460252164245,0.0,0.0,0.9999829246636158
41.39122282632531,0.0,0.0,0.9999829246636158
41.41898540048637,0.0,0.0,0.9999829246636158
41.44674797464744,0.0,0.0,0.9999829246636158
41.474510548808496,0.0,0.0,0.9999829246636158
41.502273122969555,0.0,0.0,0.9999829246636158
41.53003569713062,0.0,0.0,0.9999829246636158
41.55779827129168,0.0,0.0,0.9999829246636158
41.58556084545275,0.0,0.0,0.9999829246636158
41.613323419613806,0.0,0.0,0.9999829246636158
41.64108599377487,0.0,0.0,0.9999829246636158
41.66884856793593,0.0,0.0,0.9999829246636158
41.696611142097,0.0,0.0,0.9999829246636158
41.72437371625806,0.0,0.0,0.9999829246636158
41.752136290419124,0.0,0.0,0.9999829246636158
41.77989886458018,0.0,0.0,0.9999829246636158
41.80766143874124,0.0,0.0,0.9999829246636158
41.83542401290231,0.0,0.0,0.9999829246636158
41.86318658706337,0.0,0.0,0.9999829246636158
41.890949161224434,0.0,0.0,0.9999829246636158
41.91871173538549,0.0,0.0,0.9999829246636158
41.94647430954656,0.0,0.0,0.9999829246636158
41.97423688370762,0.0,0.0,0.9999829246636158
42.001999457868685,0.0,0.0,0.9999829246636158
42.029762032029744,0.0,0.0,0.9999829246636158
42.05752460619081,0.0,0.0,0.9999829246636158
42.08528718035187,0.0,0.0,0.9999829246636158
42.11304975451293,0.0,0.0,0.9999829246636158
42.140812328673995,0.0,0.0,0.9999829246636158
42.168574902835054,0.0,0.0,0.9999829246636158
42.19633747699612,0.0,0.0,0.9999829246636158
42.22410005115718,0.0,0.0,0.9999829246636158
42.251862625318246,0.0,0.0,0.9999829246636158
42.279625199479305,0.0,0.0,0.9999829246636158
42.30738777364037,0.0,0.0,0.9999829246636158
42.33515034780143,0.0,0.0,0.9999829246636158
42.3629129219625,0.0,0.0,0.9999829246636158
42.390675496123556,0.0,0.0,0.9999829246636158
42.418438070284616,0.0,0.0,0.9999829246636158
42.44620064444568,0.0,0.0,0.9999829246636158
42.47396321860674,0.0,0.0,0.9999829246636158
42.50172579276781,0.0,0.0,0.9999829246636158
42.52948836692887,0.0,0.0,0.9999829246636158
42.55725094108993,0.0,0.0,0.9999829246636158
42.58501351525099,0.0,0.0,0.9999829246636158
42.61277608941206,0.0,0.0,0.9999829246636158
42.64053866357312,0.0,0.0,0.9999829246636158
42.668301237734184,0.0,0.0,0.9999829246636158
42.69606381189524,0.0,0.0,0.9999829246636158
42.7238263860563,0.0,0.0,0.9999829246636158
42.75158896021737,0.0,0.0,0.9999829246636158
42.77935153437843,0.0,0.0,0.9999829246636158
42.807114108539494,0.0,0.0,0.9999829246636158
42.83487668270055,0.0,0.0,0.9999829246636158
42.86263925686162,0.0,0.0,0.9999829246636158
