Threshold,Precision,Recall,Specificity
-17.861529920455382,0.00958314991026379,1.0,0.0
-17.838285523519648,0.009583312168774658,1.0,1.7095185995623632e-05
-17.81504112658391,0.009583312168774658,1.0,1.7095185995623632e-05
-17.791796729648176,0.009583312168774658,1.0,1.7095185995623632e-05
-17.76855233271244,0.009583312168774658,1.0,1.7095185995623632e-05
-17.745307935776705,0.009583312168774658,1.0,1.7095185995623632e-05
-17.722063538840967,0.009583312168774658,1.0,1.7095185995623632e-05
-17.698819141905233,0.009583312168774658,1.0,1.7095185995623632e-05
-17.675574744969495,0.009583312168774658,1.0,1.7095185995623632e-05
-17.65233034803376,0.009583312168774658,1.0,1.7095185995623632e-05
-17.629085951098023,0.009583312168774658,1.0,1.7095185995623632e-05
-17.60584155416229,0.009583474432780223,1.0,3.4190371991247264e-05
-17.582597157226555,0.009583474432780223,1.0,3.4190371991247264e-05
-17.559352760290817,0.009583474432780223,1.0,3.4190371991247264e-05
-17.536108363355083,0.009583474432780223,1.0,3.4190371991247264e-05
-17.512863966419346,0.009583474432780223,1.0,3.4190371991247264e-05
-17.48961956948361,0.009583474432780223,1.0,3.4190371991247264e-05
-17.466375172547874,0.009583474432780223,1.0,3.4190371991247264e-05
-17.44313077561214,0.009583474432780223,1.0,3.4190371991247264e-05
-17.419886378676402,0.009583474432780223,1.0,3.4190371991247264e-05
-17.396641981740668,0.009583474432780223,1.0,3.4190371991247264e-05
-17.373397584804934,0.009583474432780223,1.0,3.4190371991247264e-05
-17.350153187869196,0.009583474432780223,1.0,3.4190371991247264e-05
-17.326908790933462,0.009583474432780223,1.0,3.4190371991247264e-05
-17.303664393997725,0.009583474432780223,1.0,3.4190371991247264e-05
-17.28041999706199,0.009583474432780223,1.0,3.4190371991247264e-05
-17.257175600126253,0.009583474432780223,1.0,3.4190371991247264e-05
-17.23393120319052,0.009583474432780223,1.0,3.4190371991247264e-05
-17.21068680625478,0.009583474432780223,1.0,3.4190371991247264e-05
-17.187442409319047,0.009583474432780223,1.0,3.4190371991247264e-05
-17.16419801238331,0.009583474432780223,1.0,3.4190371991247264e-05
-17.140953615447575,0.009583474432780223,1.0,3.4190371991247264e-05
-17.11770921851184,0.009583474432780223,1.0,3.4190371991247264e-05
-17.094464821576103,0.009583474432780223,1.0,3.4190371991247264e-05
-17.07122042464037,0.009583474432780223,1.0,3.4190371991247264e-05
-17.04797602770463,0.009583474432780223,1.0,3.4190371991247264e-05
-17.024731630768898,0.009583474432780223,1.0,3.4190371991247264e-05
-17.00148723383316,0.009583474432780223,1.0,3.4190371991247264e-05
-16.978242836897426,0.009583474432780223,1.0,3.4190371991247264e-05
-16.954998439961688,0.009583474432780223,1.0,3.4190371991247264e-05
-16.931754043025954,0.009583474432780223,1.0,3.4190371991247264e-05
-16.908509646090216,0.009583474432780223,1.0,3.4190371991247264e-05
-16.885265249154482,0.009583474432780223,1.0,3.4190371991247264e-05
-16.86202085221875,0.009583474432780223,1.0,3.4190371991247264e-05
-16.83877645528301,0.009583474432780223,1.0,3.4190371991247264e-05
-16.815532058347276,0.009583474432780223,1.0,3.4190371991247264e-05
-16.79228766141154,0.009583474432780223,1.0,3.4190371991247264e-05
-16.769043264475805,0.009583474432780223,1.0,3.4190371991247264e-05
-16.745798867540067,0.009583474432780223,1.0,3.4190371991247264e-05
-16.722554470604333,0.009583474432780223,1.0,3.4190371991247264e-05
-16.699310073668595,0.009583474432780223,1.0,3.4190371991247264e-05
-16.67606567673286,0.009583474432780223,1.0,3.4190371991247264e-05
-16.652821279797124,0.009583474432780223,1.0,3.4190371991247264e-05
-16.62957688286139,0.009583474432780223,1.0,3.4190371991247264e-05
-16.606332485925655,0.009583474432780223,1.0,3.4190371991247264e-05
-16.583088088989918,0.009583474432780223,1.0,3.4190371991247264e-05
-16.559843692054184,0.00958363670228077,1.0,5.1285557986870895e-05
-16.536599295118446,0.00958363670228077,1.0,5.1285557986870895e-05
-16.513354898182712,0.00958363670228077,1.0,5.1285557986870895e-05
-16.490110501246974,0.00958363670228077,1.0,5.1285557986870895e-05
-16.46686610431124,0.00958363670228077,1.0,5.1285557986870895e-05
-16.443621707375502,0.00958363670228077,1.0,5.1285557986870895e-05
-16.42037731043977,0.00958363670228077,1.0,5.1285557986870895e-05
-16.39713291350403,0.00958363670228077,1.0,5.1285557986870895e-05
-16.373888516568297,0.00958363670228077,1.0,5.1285557986870895e-05
-16.350644119632562,0.00958363670228077,1.0,5.1285557986870895e-05
-16.327399722696825,0.00958363670228077,1.0,5.1285557986870895e-05
-16.30415532576109,0.00958363670228077,1.0,5.1285557986870895e-05
-16.280910928825353,0.00958363670228077,1.0,5.1285557986870895e-05
-16.25766653188962,0.00958363670228077,1.0,5.1285557986870895e-05
-16.23442213495388,0.009583798977276575,1.0,6.838074398249453e-05
-16.211177738018147,0.009583798977276575,1.0,6.838074398249453e-05
-16.18793334108241,0.009583961257767918,1.0,8.547592997811816e-05
-16.164688944146675,0.009583961257767918,1.0,8.547592997811816e-05
-16.14144454721094,0.009583961257767918,1.0,8.547592997811816e-05
-16.118200150275204,0.009583961257767918,1.0,8.547592997811816e-05
-16.09495575333947,0.009583961257767918,1.0,8.547592997811816e-05
-16.071711356403732,0.009583961257767918,1.0,8.547592997811816e-05
-16.048466959467998,0.009583961257767918,1.0,8.547592997811816e-05
-16.02522256253226,0.009583961257767918,1.0,8.547592997811816e-05
-16.001978165596526,0.009584123543755079,1.0,0.00010257111597374179
-15.97873376866079,0.009584123543755079,1.0,0.00010257111597374179
-15.955489371725054,0.009584123543755079,1.0,0.00010257111597374179
-15.932244974789318,0.009584123543755079,1.0,0.00010257111597374179
-15.909000577853583,0.009584123543755079,1.0,0.00010257111597374179
-15.885756180917847,0.009584123543755079,1.0,0.00010257111597374179
-15.86251178398211,0.009584123543755079,1.0,0.00010257111597374179
-15.839267387046375,0.009584123543755079,1.0,0.00010257111597374179
-15.816022990110639,0.009584123543755079,1.0,0.00010257111597374179
-15.792778593174905,0.009584123543755079,1.0,0.00010257111597374179
-15.769534196239167,0.00958444813221797,1.0,0.00013676148796498905
-15.746289799303433,0.00958444813221797,1.0,0.00013676148796498905
-15.723045402367697,0.00958444813221797,1.0,0.00013676148796498905
-15.699801005431961,0.009584610434694258,1.0,0.0001538566739606127
-15.676556608496226,0.00958477274266748,1.0,0.00017095185995623632
-15.65331221156049,0.009584935056137915,1.0,0.00018804704595185996
-15.630067814624754,0.009584935056137915,1.0,0.00018804704595185996
-15.606823417689018,0.009585097375105843,1.0,0.00020514223194748358
-15.583579020753284,0.009585097375105843,1.0,0.00020514223194748358
-15.560334623817546,0.009585097375105843,1.0,0.00020514223194748358
-15.537090226881812,0.009585097375105843,1.0,0.00020514223194748358
-15.513845829946076,0.009585097375105843,1.0,0.00020514223194748358
-15.49060143301034,0.009585097375105843,1.0,0.00020514223194748358
-15.467357036074604,0.009585259699571542,1.0,0.00022223741794310723
-15.444112639138869,0.009585259699571542,1.0,0.00022223741794310723
-15.420868242203133,0.009585422029535294,1.0,0.00023933260393873084
-15.397623845267397,0.009585584364997375,1.0,0.00025642778993435446
-15.374379448331661,0.009585584364997375,1.0,0.00025642778993435446
-15.351135051395925,0.009585746705958067,1.0,0.0002735229759299781
-15.327890654460191,0.009585746705958067,1.0,0.0002735229759299781
-15.304646257524453,0.009585909052417647,1.0,0.00029061816192560175
-15.28140186058872,0.009585909052417647,1.0,0.00029061816192560175
-15.258157463652983,0.009586071404376397,1.0,0.0003077133479212254
-15.234913066717247,0.009586233761834595,1.0,0.000324808533916849
-15.211668669781512,0.00958639612479252,1.0,0.00034190371991247264
-15.188424272845776,0.00958639612479252,1.0,0.00034190371991247264
-15.16517987591004,0.00958639612479252,1.0,0.00034190371991247264
-15.141935478974304,0.00958639612479252,1.0,0.00034190371991247264
-15.118691082038568,0.00958639612479252,1.0,0.00034190371991247264
-15.095446685102832,0.009586558493250453,1.0,0.0003589989059080963
-15.072202288167098,0.009586558493250453,1.0,0.0003589989059080963
-15.04895789123136,0.009586558493250453,1.0,0.0003589989059080963
-15.025713494295626,0.009586558493250453,1.0,0.0003589989059080963
-15.00246909735989,0.009586883246667456,1.0,0.00039318927789934357
-14.979224700424155,0.009587045631627088,1.0,0.00041028446389496716
-14.955980303488419,0.009587208022087844,1.0,0.0004273796498905908
-14.932735906552683,0.009587208022087844,1.0,0.0004273796498905908
-14.909491509616947,0.009587370418050004,1.0,0.00044447483588621445
-14.886247112681211,0.009587857638947707,1.0,0.0004957603938730853
-14.863002715745475,0.009588344909368118,1.0,0.0005470459518599562
-14.83975831880974,0.00958850734384794,1.0,0.0005641411378555799
-14.816513921874005,0.00958850734384794,1.0,0.0005641411378555799
-14.79326952493827,0.00958850734384794,1.0,0.0005641411378555799
-14.770025128002533,0.00958850734384794,1.0,0.0005641411378555799
-14.746780731066798,0.00958850734384794,1.0,0.0005641411378555799
-14.723536334131062,0.009588832229318786,1.0,0.0005983315098468271
-14.700291937195326,0.009588994680310372,1.0,0.0006154266958424508
-14.67704754025959,0.009589157136806439,1.0,0.0006325218818380744
-14.653803143323854,0.009589157136806439,1.0,0.0006325218818380744
-14.630558746388118,0.009589319598807265,1.0,0.000649617067833698
-14.607314349452384,0.009590131991392602,1.0,0.0007350929978118162
-14.584069952516646,0.009590456986969855,1.0,0.0007692833698030634
-14.560825555580912,0.009590944521638934,1.0,0.0008205689277899343
-14.537581158645176,0.009591107044210598,1.0,0.000837664113785558
-14.51433676170944,0.009591594644975427,1.0,0.0008889496717724289
-14.491092364773705,0.009592082295320895,1.0,0.0009402352297592998
-14.467847967837969,0.00959256999525456,1.0,0.0009915207877461707
-14.444603570902233,0.00959256999525456,1.0,0.0009915207877461707
-14.421359173966497,0.009592895156096404,1.0,0.0010257111597374179
-14.398114777030761,0.009593220338983051,1.0,0.0010599015317286653
-14.374870380095025,0.009593545543916743,1.0,0.0010940919037199124
-14.351625983159291,0.009593870770899722,1.0,0.0011282822757111598
-14.328381586223554,0.00959419601993423,1.0,0.001162472647702407
-14.30513718928782,0.009594683934837518,1.0,0.001213758205689278
-14.281892792352084,0.00959533456524319,1.0,0.0012821389496717724
-14.258648395416348,0.009596147977349022,1.0,0.0013676148796498905
-14.235403998480612,0.009596636090811983,1.0,0.0014189004376367615
-14.212159601544876,0.009597612466722059,1.0,0.0015214715536105033
-14.18891520460914,0.009598100729184331,1.0,0.0015727571115973743
-14.165670807673404,0.009598426265092932,1.0,0.0016069474835886215
-14.142426410737668,0.009598751823084489,1.0,0.0016411378555798686
-14.119182013801932,0.009598914610362079,1.0,0.0016582330415754922
-14.095937616866198,0.00959907740316125,1.0,0.001675328227571116
-14.07269321993046,0.009599565814691067,1.0,0.0017266137855579868
-14.049448822994727,0.009600054275925234,1.0,0.0017778993435448578
-14.02620442605899,0.009600705634901788,1.0,0.0018462800875273524
-14.002960029123255,0.009600705634901788,1.0,0.0018462800875273524
-13.979715632187519,0.009600868488456907,1.0,0.001863375273522976
-13.956471235251783,0.009600868488456907,1.0,0.001863375273522976
-13.933226838316047,0.009601519957929737,1.0,0.0019317560175054706
-13.909982441380311,0.009602660242272064,1.0,0.0020514223194748357
-13.886738044444575,0.009602986087546658,1.0,0.0020856126914660833
-13.86349364750884,0.009603311954935695,1.0,0.0021198030634573305
-13.840249250573105,0.009604289689811987,1.0,0.002222374179431072
-13.817004853637368,0.009604615645681316,1.0,0.0022565645514223197
-13.793760456701634,0.009605430632159524,1.0,0.002342040481400438
-13.770516059765898,0.009606245756958587,1.0,0.002427516411378556
-13.747271662830162,0.00960689795641252,1.0,0.0024958971553610504
-13.724027265894426,0.009607387164123368,1.0,0.0025471827133479214
-13.70078286895869,0.009607550244432373,1.0,0.0025642778993435447
-13.677538472022954,0.00960787642166016,1.0,0.002598468271334792
-13.654294075087218,0.009608365729030505,1.0,0.002649753829321663
-13.631049678151484,0.009609018216389658,1.0,0.0027181345733041577
-13.607805281215747,0.009609344493302321,1.0,0.002752324945295405
-13.584560884280013,0.009609833950219023,1.0,0.002803610503282276
-13.561316487344275,0.009593832778645657,0.9982332155477032,0.002889086433260394
-13.53807209040854,0.009594973252950667,0.9982332155477032,0.0030087527352297594
-13.514827693472805,0.00959578804347826,0.9982332155477032,0.0030942286652078776
-13.491583296537069,0.009596928982725527,0.9982332155477032,0.003213894967177243
-13.468338899601333,0.009597581069833019,0.9982332155477032,0.0032822757111597373
-13.445094502665597,0.00959823324556188,0.9982332155477032,0.003350656455142232
-13.421850105729863,0.009599211675359758,0.9982332155477032,0.0034532275711159736
-13.398605708794125,0.009600842835052423,0.9982332155477032,0.00362417943107221
-13.375361311858391,0.009601495454159233,0.9982332155477032,0.003692560175054705
-13.352116914922654,0.009602148161995887,0.9982332155477032,0.003760940919037199
-13.32887251798692,0.009602800958580486,0.9982332155477032,0.0038293216630196935
-13.305628121051184,0.009603780319899374,0.9982332155477032,0.003931892778993435
-13.282383724115448,0.009604596606942508,0.9982332155477032,0.004017368708971554
-13.259139327179712,0.00960524973649315,0.9982332155477032,0.004085749452954048
-13.235894930243976,0.00960720965822139,0.9982332155477032,0.004290891684901532
-13.21265053330824,0.00960786314321668,0.9982332155477032,0.004359272428884026
-13.189406136372504,0.009608026528356432,0.9982332155477032,0.00437636761487965
-13.16616173943677,0.009608516717118465,0.9982332155477032,0.004427653172866521
-13.142917342501033,0.009609333809548107,0.9982332155477032,0.004513129102844639
-13.119672945565299,0.009610641446529112,0.9982332155477032,0.004649890590809628
-13.09642854862956,0.009611949439444718,0.9982332155477032,0.004786652078774617
-13.073184151693827,0.009612930667800937,0.9982332155477032,0.004889223194748359
-13.04993975475809,0.00961325778844027,0.9982332155477032,0.004923413566739606
-13.026695357822355,0.009613748511145142,0.9982332155477032,0.004974699124726477
-13.00345096088662,0.00961440288602253,0.9982332155477032,0.005043079868708972
-12.980206563950883,0.00961571190306001,0.9982332155477032,0.0051798413566739605
-12.956962167015147,0.009617184973361248,0.9982332155477032,0.0053336980306345734
-12.933717770079411,0.009618167270993992,0.9982332155477032,0.005436269146608315
-12.910473373143677,0.009620296271071003,0.9982332155477032,0.005658506564551423
-12.88722897620794,0.009621934604904632,0.9982332155477032,0.005829458424507658
-12.863984579272206,0.009622917873079674,0.9982332155477032,0.0059320295404814
-12.840740182336468,0.009624885012435693,0.9982332155477032,0.006137171772428884
-12.817495785400734,0.009626196885541963,0.9982332155477032,0.006273933260393873
-12.794251388464998,0.009627345067902603,0.9982332155477032,0.006393599562363238
-12.771006991529262,0.009629149907969186,0.9982332155477032,0.006581646608315099
-12.747762594593526,0.009630462944023999,0.9982332155477032,0.006718408096280088
-12.72451819765779,0.009631940537683901,0.9982332155477032,0.0068722647702407005
-12.701273800722054,0.00963374710135043,0.9982332155477032,0.00706031181619256
-12.678029403786319,0.009635554342821085,0.9982332155477032,0.00724835886214442
-12.654785006850584,0.009636704758655978,0.9982332155477032,0.007368025164113785
-12.631540609914847,0.009638348686455135,0.9982332155477032,0.007538977024070022
-12.608296212979113,0.009639828701097064,0.9982332155477032,0.007692833698030635
-12.585051816043375,0.009641309170335484,0.9982332155477032,0.007846690371991247
-12.561807419107641,0.009643119250396818,0.9982332155477032,0.008034737417943107
-12.538563022171905,0.009644765367610659,0.9982332155477032,0.008205689277899343
-12.51531862523617,0.009646412046917416,0.9982332155477032,0.00837664113785558
-12.492074228300433,0.009648883120431724,0.9982332155477032,0.008633068927789934
-12.468829831364697,0.009651850080289726,0.9982332155477032,0.00894078227571116
-12.445585434428963,0.009653169314881258,0.9982332155477032,0.009077543763676149
-12.422341037493226,0.009654323941014644,0.9982332155477032,0.009197210065645514
-12.399096640557492,0.00965580886625423,0.9982332155477032,0.009351066739606126
-12.375852243621754,0.009657789477282828,0.9982332155477032,0.00955620897155361
-12.35260784668602,0.00965927546885952,0.9982332155477032,0.009710065645514224
-12.329363449750284,0.00966109230190486,0.9982332155477032,0.009898112691466083
-12.306119052814548,0.009662909818542526,0.9982332155477032,0.010086159737417943
-12.282874655878812,0.009664562699919605,0.9982332155477032,0.010257111597374179
-12.259630258943076,0.009666712291267452,0.9982332155477032,0.010479349015317286
-12.23638586200734,0.009668697378328428,0.9982332155477032,0.01068449124726477
-12.213141465071605,0.009670683280843488,0.9982332155477032,0.010889633479212254
-12.18989706813587,0.00967184210075834,0.9982332155477032,0.01100929978118162
-12.166652671200133,0.009674326221704737,0.9982332155477032,0.011265727571115974
-12.143408274264399,0.009676811619024783,0.9982332155477032,0.011522155361050328
-12.120163877328661,0.009680790912050444,0.9982332155477032,0.011932439824945296
-12.096919480392927,0.00968427547907168,0.9982332155477032,0.012291438730853392
-12.073675083457191,0.009686765991736245,0.9982332155477032,0.012547866520787746
-12.050430686521455,0.009689590121762992,0.9982332155477032,0.012838484682713348
-12.02718628958572,0.009692748451733544,0.9982332155477032,0.013163293216630198
-12.003941892649983,0.00969624163377381,0.9982332155477032,0.013522292122538294
-11.980697495714248,0.009699737334546515,0.9982332155477032,0.01388129102844639
-11.957453098778512,0.009702735656265563,0.9982332155477032,0.014189004376367616
-11.934208701842778,0.00970706983936088,0.9982332155477032,0.014633479212253829
-11.91096430490704,0.00970990582250636,0.9982332155477032,0.014924097374179431
-11.887719907971306,0.009711908690869088,0.9982332155477032,0.015129239606126915
-11.864475511035568,0.009715582763008563,0.9982332155477032,0.015505333698030635
-11.841231114099834,0.009717922256621946,0.9982332155477032,0.015744666301969367
-11.817986717164098,0.009721768157337784,0.9982332155477032,0.016137855579868708
-11.794742320228362,0.009724612736660929,0.9982332155477032,0.01642847374179431
-11.771497923292626,0.009728296428940391,0.9982332155477032,0.01680456783369803
-11.74825352635689,0.009730977231235576,0.9982332155477032,0.017078090809628008
-11.725009129421156,0.00973382720303213,0.9982332155477032,0.017368708971553612
-11.701764732485419,0.009737685705422081,0.9982332155477032,0.017761898249452953
-11.678520335549685,0.009741379310344828,0.9982332155477032,0.018137992341356674
-11.655275938613947,0.009743731245473045,0.9982332155477032,0.018377324945295405
-11.632031541678213,0.009747093123555187,0.9982332155477032,0.018719228665207876
-11.608787144742475,0.009750625593234964,0.9982332155477032,0.019078227571115974
-11.585542747806741,0.009736392355896214,0.9964664310954063,0.019368845733041574
-11.562298350871005,0.009739418743200539,0.9964664310954063,0.019676559080962802
-11.53905395393527,0.009743793514503395,0.9964664310954063,0.020121033916849017
-11.515809556999534,0.009746992948983823,0.9964664310954063,0.020445842450765864
-11.492565160063798,0.00975070018325784,0.9964664310954063,0.020821936542669586
-11.469320763128064,0.009754747656439171,0.9964664310954063,0.02123222100656455
-11.446076366192326,0.009760487332133463,0.9964664310954063,0.021813457330415755
-11.422831969256592,0.009765557363992105,0.9964664310954063,0.022326312910284463
-11.399587572320854,0.009769786415839527,0.9964664310954063,0.022753692560175055
-11.37634317538512,0.009774866115530599,0.9964664310954063,0.023266548140043763
-11.353098778449384,0.009779951100244499,0.9964664310954063,0.02377940371991247
-11.329854381513648,0.00978470186152218,0.9964664310954063,0.024258068927789936
-11.306609984577912,0.009790306901819193,0.9964664310954063,0.024822210065645514
-11.283365587642177,0.009777700590482807,0.9946996466431095,0.025283780087527352
-11.26012119070644,0.009783137554736915,0.9946996466431095,0.025830826039387307
-11.236876793770705,0.009787729698718729,0.9946996466431095,0.026292396061269145
-11.21363239683497,0.009792155839638229,0.9946996466431095,0.02673687089715536
-11.190387999899233,0.00979726790220134,0.9946996466431095,0.02724972647702407
-11.167143602963499,0.009801532033426184,0.9946996466431095,0.02767710612691466
-11.143899206027761,0.009805799878080642,0.9946996466431095,0.02810448577680525
-11.120654809092027,0.009809387740878837,0.9946996466431095,0.02846348468271335
-11.097410412156291,0.009816229033720402,0.9946996466431095,0.029147292122538294
-11.074166015220555,0.009821708942465372,0.9946996466431095,0.02969433807439825
-11.05092161828482,0.009828052718861831,0.9946996466431095,0.030326859956236324
-11.027677221349084,0.009833889364377915,0.9946996466431095,0.03090809628008753
-11.004432824413348,0.009839732946501914,0.9946996466431095,0.031489332603938734
-10.981188427477612,0.009844034130647644,0.9946996466431095,0.03191671225382932
-10.957944030541878,0.009850579137068272,0.9946996466431095,0.03256632932166302
-10.93469963360614,0.009857650622450231,0.9946996466431095,0.033267231947483586
-10.911455236670406,0.009863522486378527,0.9946996466431095,0.033848468271334795
-10.888210839734668,0.009869920409522807,0.9946996466431095,0.034480990153172866
-10.864966442798934,0.009877019701408748,0.9946996466431095,0.03518189277899344
-10.841722045863198,0.009883782170569854,0.9946996466431095,0.03584860503282276
-10.818477648927463,0.009890901424781716,0.9946996466431095,0.03654950765864333
-10.795233251991727,0.009897508921821986,0.9946996466431095,0.037199124726477024
-10.77198885505599,0.009905345015658538,0.9946996466431095,0.03796840809628009
-10.748744458120257,0.009914590120630448,0.9946996466431095,0.03887445295404814
-10.725500061184519,0.009923502661543343,0.9946996466431095,0.03974630743982494
-10.702255664248785,0.00993085444154378,0.9946996466431095,0.04046430525164114
-10.679011267313047,0.009938217122683142,0.9946996466431095,0.04118230306345733
-10.655766870377313,0.00994559072922555,0.9946996466431095,0.04190030087527352
-10.632522473441577,0.009934067488024322,0.9929328621908127,0.04248153719912472
-10.609278076505841,0.009941448055049443,0.9929328621908127,0.04319953501094092
-10.586033679570106,0.00993412664683383,0.991166077738516,0.04419105579868709
-10.56278928263437,0.009941520467836258,0.991166077738516,0.044909053610503284
-10.539544885698634,0.009950866488106853,0.991166077738516,0.04581509846827134
-10.516300488762898,0.009960053262316911,0.991166077738516,0.046704048140043766
-10.493056091827164,0.009968194175447325,0.991166077738516,0.04749042669584245
-10.469811694891426,0.009977767896843041,0.991166077738516,0.048413566739606125
-10.446567297955692,0.009983805235713905,0.991166077738516,0.04899480306345733
-10.423322901019954,0.009992874955468472,0.991166077738516,0.04986665754923414
-10.40007850408422,0.010001604535486977,0.991166077738516,0.05070432166301969
-10.376834107148484,0.010008384921413663,0.991166077738516,0.05135393873085339
-10.353589710212749,0.01001660506722374,0.991166077738516,0.052140317286652076
-10.330345313277013,0.010024122219244171,0.991166077738516,0.05285831509846827
-10.307100916341277,0.010034521616255567,0.991166077738516,0.05384983588621444
-10.283856519405541,0.010043144345584417,0.991166077738516,0.05467040481400438
-10.260612122469805,0.010055205047318612,0.991166077738516,0.05581578227571116
-10.237367725534071,0.010065488472234683,0.991166077738516,0.05679020787746171
-10.214123328598333,0.010075069142631371,0.991166077738516,0.05769625273522976
-10.1908789316626,0.010085755892346691,0.991166077738516,0.058704868708971555
-10.167634534726862,0.010095920240430472,0.991166077738516,0.05966219912472648
-10.144390137791127,0.010104648858949189,0.991166077738516,0.060482768052516414
-10.121145740855392,0.010116128101557991,0.991166077738516,0.0615597647702407
-10.097901343919656,0.010124708982295295,0.991166077738516,0.06236323851203501
-10.07465694698392,0.01013751603751423,0.991166077738516,0.06355990153172866
-10.051412550048184,0.010149070120848107,0.991166077738516,0.06463689824945296
-10.02816815311245,0.010161570786842487,0.991166077738516,0.06579937089715536
-10.004923756176712,0.010174655857228359,0.991166077738516,0.06701312910284464
-9.981679359240978,0.010167952791647753,0.9893992932862191,0.06805593544857769
-9.95843496230524,0.010179597178797354,0.9893992932862191,0.06913293216630197
-9.935190565369506,0.010190155581839687,0.9893992932862191,0.07010735776805252
-9.911946168433769,0.010167823757721533,0.9858657243816255,0.07137240153172866
-9.888701771498035,0.010180995475113122,0.9858657243816255,0.07258615973741794
-9.865457374562299,0.010191036271322644,0.9858657243816255,0.07350929978118162
-9.842212977626563,0.010204828090709583,0.9858657243816255,0.07477434354485776
-9.818968580690827,0.01021828303545268,0.9858657243816255,0.07600519693654267
-9.795724183755091,0.010231585895813852,0.9858657243816255,0.07721895514223195
-9.772479786819355,0.010227690047741461,0.9840989399293286,0.07851818927789934
-9.74923538988362,0.010241982936157693,0.9840989399293286,0.07981742341356673
-9.725990992947883,0.010255371642148289,0.9840989399293286,0.08103118161925602
-9.70274659601215,0.010269174041297935,0.9840989399293286,0.08227913019693654
-9.679502199076413,0.010279977114593138,0.9840989399293286,0.0832535557986871
-9.656257802140678,0.010292704560573582,0.9840989399293286,0.08439893326039387
-9.633013405204942,0.010306226292904062,0.9840989399293286,0.08561269146608315
-9.609769008269206,0.010322078499684964,0.9840989399293286,0.08703159190371991
-9.58652461133347,0.010336636603199346,0.9840989399293286,0.08833082603938731
-9.563280214397734,0.010350851111276295,0.9840989399293286,0.08959586980306346
-9.540035817461998,0.010363754767885385,0.9840989399293286,0.09074124726477024
-9.516791420526262,0.010384235351143757,0.9840989399293286,0.09255333698030635
-9.493547023590526,0.010397804700479756,0.9840989399293286,0.09375
-9.470302626654792,0.01041277200329021,0.9840989399293286,0.09506632932166302
-9.447058229719056,0.010425830603649976,0.9840989399293286,0.09621170678336981
-9.42381383278332,0.010441661667666467,0.9840989399293286,0.09759641684901532
-9.400569435847585,0.010458326292269851,0.9840989399293286,0.09904950765864333
-9.377325038911849,0.010474650218143523,0.9840989399293286,0.10046840809628009
-9.354080641976113,0.010491618007157658,0.9840989399293286,0.10193859409190371
-9.330836245040377,0.010492347757166311,0.9823321554770318,0.10361392231947483
-9.307591848104641,0.010511787949256045,0.9823321554770318,0.10528925054704595
-9.284347451168905,0.01053030303030303,0.9823321554770318,0.10687910284463895
-9.26110305423317,0.010547882835028078,0.9823321554770318,0.10838347921225383
-9.237858657297435,0.010564316929507885,0.9823321554770318,0.10978528446389496
-9.2146142603617,0.010582010582010581,0.9823321554770318,0.11128966083150985
-9.191369863425964,0.010598349249918988,0.9823321554770318,0.11267437089715536
-9.168125466490228,0.010615549106460974,0.9823321554770318,0.11412746170678337
-9.144881069554492,0.010634635247312651,0.9823321554770318,0.11573440919037199
-9.121636672618756,0.01065317775095323,0.9823321554770318,0.11729007111597374
-9.09839227568302,0.01067280929071888,0.9823321554770318,0.11893120897155361
-9.075147878747284,0.010672461204161298,0.980565371024735,0.12048687089715536
-9.051903481811548,0.010693435579275929,0.980565371024735,0.12223057986870897
-9.028659084875812,0.0107146994092436,0.980565371024735,0.1239913840262582
-9.005414687940076,0.010714216643781306,0.9787985865724381,0.12552995076586435
-8.982170291004342,0.010732690146847999,0.9787985865724381,0.12705142231947483
-8.958925894068607,0.010752896877001612,0.9787985865724381,0.12870965536105033
-8.93568149713287,0.010775484799564312,0.9787985865724381,0.1305559354485777
-8.912437100197135,0.010792908630430547,0.9787985865724381,0.13197483588621445
-8.889192703261399,0.010814187276737785,0.9787985865724381,0.13370144967177242
-8.865948306325663,0.010816414348863592,0.9770318021201413,0.13544515864332604
-8.842703909389927,0.010841436637390213,0.9770318021201413,0.13746239059080964
-8.819459512454191,0.010864440078585462,0.9770318021201413,0.139308670678337
-8.796215115518455,0.010868067177255813,0.9752650176678446,0.14115495076586435
-8.77297071858272,0.010892730286526165,0.9752650176678446,0.14312089715536105
-8.749726321646985,0.010916641946010086,0.9752650176678446,0.14501846280087527
-8.72648192471125,0.010921488176646647,0.9734982332155477,0.14695021881838075
-8.703237527775514,0.010926573426573426,0.9717314487632509,0.14889907002188185
-8.679993130839778,0.010931681965711555,0.9699646643109541,0.15084792122538293
-8.656748733904042,0.010955459770114943,0.9699646643109541,0.1527112964989059
-8.633504336968306,0.010980658839530371,0.9699646643109541,0.15467724288840262
-8.61025994003257,0.011005753463103663,0.9699646643109541,0.15662609409190373
-8.587015543096834,0.011014853972784467,0.9681978798586572,0.1588655634573304
-8.563771146161098,0.01104193112897701,0.9681978798586572,0.1609511761487965
-8.540526749225362,0.011044926804644119,0.9664310954063604,0.16271198030634573
-8.517282352289627,0.011069737321406889,0.9664310954063604,0.16460954595185995
-8.494037955353892,0.011096460087229943,0.9664310954063604,0.16664387308533918
-8.470793558418157,0.011120146371213661,0.9664310954063604,0.16843886761487964
-8.44754916148242,0.011145750555249913,0.9664310954063604,0.17037062363238512
-8.424304764546685,0.011174439745868318,0.9664310954063604,0.1725246170678337
-8.401060367610949,0.011180505784785503,0.9646643109540636,0.1744905634573304
-8.377815970675213,0.011190275753033694,0.9628975265017667,0.17673003282275712
-8.354571573739477,0.011219532279314888,0.9628975265017667,0.1789011214442013
-8.331327176803741,0.011211827135512378,0.9593639575971732,0.1813457330415755
-8.308082779868005,0.011239443616492796,0.9593639575971732,0.1833800601750547
-8.28483838293227,0.011268833271074585,0.9593639575971732,0.1855340536105033
-8.261593985996535,0.011298847226268258,0.9593639575971732,0.1877222374179431
-8.2383495890608,0.011330439863116602,0.9593639575971732,0.19001299234135668
-8.215105192125064,0.011359357349064892,0.9593639575971732,0.19209860503282275
-8.191860795189328,0.011369595771013824,0.9575971731448764,0.19432097921225383
-8.168616398253592,0.011360050489113285,0.9540636042402827,0.1966117341356674
-8.145372001317856,0.011375147729191288,0.9522968197879859,0.19917601203501095
-8.12212760438212,0.011405717671456081,0.9522968197879859,0.20134710065645514
-8.098883207446384,0.011435481817796071,0.9522968197879859,0.20344980853391684
-8.075638810510648,0.01144242630481943,0.950530035335689,0.20541575492341357
-8.052394413574913,0.011457466555719132,0.9487632508833922,0.20794584245076586
-8.029150016639177,0.011468184346784201,0.9469964664310954,0.21016821663019694
-8.005905619703443,0.011502145922746782,0.9469964664310954,0.212527352297593
-7.982661222767707,0.011492521252555687,0.9434628975265018,0.21480101203501095
-7.959416825831971,0.011529493047758873,0.9434628975265018,0.21734819474835887
-7.936172428896235,0.011539544047283985,0.941696113074205,0.21950218818380743
-7.912928031960499,0.01153570419934392,0.9381625441696113,0.22216903719912473
-7.889683635024763,0.01156988778734067,0.9381625441696113,0.22449398249452954
-7.866439238089027,0.011604528169937497,0.9381625441696113,0.22683602297592997
-7.8431948411532915,0.011642694264164182,0.9381625441696113,0.22940030087527352
-7.819950444217556,0.011678800008797589,0.9381625441696113,0.23181072210065645
-7.79670604728182,0.011711771322702309,0.9381625441696113,0.23399890590809627
-7.773461650346086,0.011750127237724325,0.9381625441696113,0.2365289934354486
-7.75021725341035,0.011783764591007944,0.9381625441696113,0.23873427242888404
-7.726972856474614,0.011816806124265623,0.9381625441696113,0.2408882658643326
-7.703728459538878,0.011810672025005582,0.9346289752650176,0.24334997264770242
-7.680484062603142,0.011825307950727884,0.9328621908127208,0.2457262035010941
-7.657239665667406,0.011835249730506647,0.931095406360424,0.24779472100656455
-7.63399526873167,0.011872043252984906,0.931095406360424,0.2501538566739606
-7.6107508717959345,0.011912565835574946,0.931095406360424,0.2527352297592998
-7.587506474860199,0.011957705572699219,0.931095406360424,0.25559012582056895
-7.564262077924463,0.011979593695909629,0.9293286219081273,0.2583766411378556
-7.541017680988727,0.012018736433222895,0.9293286219081273,0.26082125273522977
-7.517773284052993,0.012018624280373404,0.9257950530035336,0.26362486323851203
-7.494528887117257,0.012015191621590517,0.9222614840989399,0.26622333150984684
-7.471284490181521,0.012036224183338724,0.9204946996466431,0.2689243708971554
-7.448040093245785,0.012034503547743821,0.9169611307420494,0.2716254102844639
-7.424795696310049,0.012055202587912216,0.9151943462897526,0.2742922592997812
-7.401551299374313,0.012074925261584454,0.9134275618374559,0.276890727571116
-7.3783069024385775,0.01211510521629095,0.9134275618374559,0.27931824398249455
-7.355062505502842,0.012134324146364405,0.911660777385159,0.28186542669584247
-7.331818108567106,0.012132370296936222,0.9081272084805654,0.28453227571115974
-7.30857371163137,0.012156974264183136,0.9063604240282686,0.2873871717724289
-7.285329314695636,0.012158850262926214,0.9028268551236749,0.29027625820568925
-7.2620849177599,0.012203567931602703,0.9028268551236749,0.2929089168490153
-7.238840520824164,0.01224802857074375,0.9028268551236749,0.29550738512035013
-7.215596123888428,0.012247942634390491,0.8992932862190812,0.2982597100656455
-7.192351726952692,0.012289046089958714,0.8992932862190812,0.3006359409190372
-7.169107330016956,0.012337898436553144,0.8992932862190812,0.3034395514223195
-7.1458629330812204,0.0123537851705941,0.8975265017667845,0.30571321115973743
-7.122618536145485,0.012378836340552287,0.8957597173144877,0.30849972647702406
-7.099374139209749,0.012424338961452692,0.8957597173144877,0.3110640043763676
-7.076129742274013,0.012446499729423919,0.8939929328621908,0.3136624726477024
-7.052885345338279,0.01248766041461007,0.8939929328621908,0.315953227571116
-7.029640948402543,0.012532818150294745,0.8939929328621908,0.318449124726477
-7.006396551466807,0.01258737779546755,0.8939929328621908,0.32144078227571116
-6.983152154531071,0.012565261922010441,0.8886925795053003,0.32426148796498905
-6.959907757595335,0.012616318442900499,0.8886925795053003,0.3270309080962801
-6.936663360659599,0.01264388081505176,0.8869257950530035,0.329851613785558
-6.913418963723863,0.012677446291657178,0.8851590106007067,0.3329800328227571
-6.890174566788128,0.012709064104519344,0.8833922261484098,0.3359887855579869
-6.866930169852392,0.012762590295326339,0.8833922261484098,0.3388094912472648
-6.843685772916656,0.01282051282051282,0.8833922261484098,0.3418353391684901
-6.82044137598092,0.01284989570725929,0.8816254416961131,0.3446731400437637
-6.797196979045186,0.012882864238410596,0.8798586572438163,0.3476818927789934
-6.77395258210945,0.012883116883116883,0.8763250883392226,0.3503145514223195
-6.750708185173714,0.012939242949938696,0.8763250883392226,0.35316944748358864
-6.727463788237978,0.0129979035639413,0.8763250883392226,0.3561269146608315
-6.704219391302242,0.013060192743167097,0.8763250883392226,0.359238238512035
-6.680974994366506,0.013041638008570975,0.8710247349823321,0.3621957056892779
-6.657730597430771,0.013099508436296,0.8710247349823321,0.36505060175054704
-6.634486200495035,0.013158245923078977,0.8710247349823321,0.3679225929978118
-6.611241803559299,0.013170247579195837,0.8674911660777385,0.3710681072210066
-6.587997406623563,0.013230578534666271,0.8674911660777385,0.37397428884026257
-6.564753009687829,0.013291464768143796,0.8674911660777385,0.3768804704595186
-6.541508612752093,0.013348557757659788,0.8674911660777385,0.37958150984682715
-6.518264215816357,0.013397364184561653,0.8674911660777385,0.3818722647702407
-6.495019818880621,0.013452791933804591,0.8674911660777385,0.38445363785557984
-6.471775421944885,0.01348747591522158,0.8657243816254417,0.387308533916849
-6.448531025009149,0.013515381001077914,0.8639575971731449,0.38983862144420134
-6.4252866280734136,0.013573907009021512,0.8639575971731449,0.3925054704595186
-6.402042231137678,0.013636363636363636,0.8639575971731449,0.3953261761487965
-6.378797834201942,0.013646043488007173,0.8604240282685512,0.3982323577680525
-6.355553437266206,0.013707112499648174,0.8604240282685512,0.40095049234135666
-6.33230904033047,0.013746676472252079,0.8586572438162544,0.40392505470459517
-6.309064643394736,0.013809564402011764,0.8586572438162544,0.4066773796498906
-6.285820246459,0.013841719227146894,0.8568904593639576,0.40929294310722103
-6.262575849523264,0.01387097698678818,0.8551236749116607,0.4117717450765864
-6.239331452587528,0.013911691004925257,0.8533568904593639,0.4147292122538293
-6.216087055651792,0.01394675925925926,0.8515901060070671,0.41743025164113784
-6.1928426587160565,0.013959575396248364,0.8480565371024735,0.4203877188183807
-6.169598261780321,0.014024425875065739,0.8480565371024735,0.4231058533916849
-6.146353864844585,0.014100229128723342,0.8480565371024735,0.42625136761487964
-6.123109467908849,0.0141638879872525,0.8480565371024735,0.4288669310722101
-6.099865070973113,0.014240787990268795,0.8480565371024735,0.4319953501094092
-6.076620674037379,0.014273794624232672,0.8462897526501767,0.43450834245076586
-6.053376277101643,0.014342176178214264,0.8462897526501767,0.43724357221006566
-6.030131880165907,0.014419892829188994,0.8462897526501767,0.4403207056892779
-6.006887483230171,0.014495823750151314,0.8462897526501767,0.4432952680525164
-5.983643086294435,0.014540808566300611,0.8445229681978799,0.44620144967177244
-5.9603986893586995,0.014593850390087195,0.842756183745583,0.44939824945295404
-5.937154292422964,0.014631747202754211,0.8409893992932862,0.45199671772428884
-5.913909895487228,0.014707699913484118,0.8409893992932862,0.4548687089715536
-5.890665498551492,0.014775725593667546,0.8409893992932862,0.45741589168490154
-5.867421101615756,0.014819205690574985,0.8392226148409894,0.4601682166301969
-5.84417670468002,0.014903831068996894,0.8392226148409894,0.46327954048140046
-5.820932307744286,0.014988955506468917,0.8392226148409894,0.46637376914660833
-5.79768791080855,0.015041888804265042,0.8374558303886925,0.4693996170678337
-5.774443513872814,0.015119134955822781,0.8374558303886925,0.4721519420131291
-5.751199116937078,0.015167062143269416,0.8356890459363958,0.47495555251641136
-5.7279547200013425,0.015211576267362789,0.833922261484099,0.4776224015317287
-5.704710323065607,0.015235008103727715,0.8303886925795053,0.48064824945295404
-5.681465926129871,0.015312937803407943,0.8303886925795053,0.48333219365426694
-5.658221529194135,0.015365462110539593,0.8286219081272085,0.48622128008752735
-5.634977132258399,0.015372967278951873,0.8250883392226148,0.48866589168490154
-5.611732735322663,0.015411072160857199,0.823321554770318,0.4910421225382932
-5.588488338386929,0.015453639082751745,0.8215547703180212,0.49355511487964987
-5.565243941451193,0.015493522104981968,0.8197879858657244,0.4959655361050328
-5.541999544515457,0.015540041619117944,0.8180212014134276,0.49858109956236324
-5.518755147579721,0.015625,0.8180212014134276,0.5013505196936543
-5.4955107506439855,0.015708760263282894,0.8180212014134276,0.5040515590809628
-5.47226635370825,0.015790191664961463,0.8180212014134276,0.5066500273522976
-5.449021956772514,0.015849600329342343,0.8162544169611308,0.5095903993435449
-5.425777559836778,0.015862068965517243,0.8127208480565371,0.5121033916849015
-5.402533162901042,0.01596667823672336,0.8127208480565371,0.51535147702407
-5.379288765965306,0.016036054920867834,0.8109540636042403,0.518531181619256
-5.35604436902957,0.016056496381139766,0.8074204946996466,0.5212493161925602
-5.332799972093836,0.01608057960770454,0.803886925795053,0.524070021881838
-5.3095555751581,0.016139353003910416,0.8021201413427562,0.5268736323851203
-5.286311178222364,0.016203455306363343,0.8003533568904594,0.5298140043763676
-5.2630667812866285,0.016284420159608886,0.8003533568904594,0.5321902352297593
-5.239822384350893,0.01633420063602197,0.7985865724381626,0.5346690371991247
-5.216577987415157,0.016418452597166726,0.7985865724381626,0.5370965536105032
-5.193333590479421,0.016480304026894686,0.7968197879858657,0.5398830689277899
-5.170089193543685,0.016464535097390664,0.7915194346289752,0.5424986323851203
-5.146844796607949,0.01657049859446664,0.7915194346289752,0.5454731947483589
-5.123600399672213,0.016591644656076782,0.7879858657243817,0.5480887582056893
-5.100356002736479,0.01668724510794328,0.7879858657243817,0.5507214168490153
-5.077111605800743,0.016761459941994048,0.7862190812720848,0.5537472647702407
-5.053867208865007,0.0168188188946551,0.784452296819788,0.5562944474835886
-5.0306228119292715,0.01688133526408048,0.7826855123674912,0.5589612964989059
-5.007378414993536,0.016940707523667164,0.7809187279151943,0.5615255743982495
-4.9841340180578,0.017030786421608293,0.7809187279151943,0.5638847100656456
-4.960889621122064,0.017055585704318164,0.7773851590106007,0.5665002735229759
-4.937645224186328,0.017119681784502593,0.7756183745583038,0.569132932166302
-4.914400827250592,0.017221764544348987,0.7756183745583038,0.5717314004376368
-4.891156430314856,0.017290383704405495,0.773851590106007,0.5744324398249453
-4.86791203337912,0.017365388436320284,0.7720848056537103,0.5772702407002188
-4.844667636443386,0.017419793040073513,0.7703180212014135,0.579578090809628
-4.82142323950765,0.017479005103065857,0.7685512367491166,0.5819885120350109
-4.7981788425719145,0.017579308951303295,0.7685512367491166,0.5844160284463895
-4.774934445636179,0.017615231276188928,0.765017667844523,0.5871854485776805
-4.751690048700443,0.017604912998976457,0.7597173144876325,0.5898010120350109
-4.728445651764707,0.017657954311586746,0.7579505300353356,0.5920062910284464
-4.705201254828971,0.01767823134884491,0.7544169611307421,0.594382521881838
-4.681956857893235,0.017779073156514134,0.7544169611307421,0.5967245623632386
-4.658712460957499,0.017884067683028984,0.7544169611307421,0.5991349835886215
-4.635468064021763,0.017958770709497914,0.7526501766784452,0.6017676422319475
-4.612223667086029,0.017999660383766346,0.7491166077738516,0.6045541575492341
-4.588979270150293,0.018028024606971976,0.7455830388692579,0.6070500547045952
-4.5657348732145575,0.018063739194013162,0.7420494699646644,0.6096998085339168
-4.542490476278822,0.018133818055916212,0.7402826855123675,0.6121615153172867
-4.519246079343086,0.018249923777167994,0.7402826855123675,0.6146745076586433
-4.49600168240735,0.018373969479038764,0.7402826855123675,0.617324261487965
-4.472757285471614,0.018363202966363557,0.734982332155477,0.6198372538293216
-4.449512888535878,0.018471648683451,0.734982332155477,0.6221109135667396
-4.426268491600142,0.018602155345883827,0.734982332155477,0.6248119529540481
-4.403024094664406,0.018671825789615765,0.7332155477031802,0.627136898249453
-4.379779697728672,0.018802102210945994,0.7332155477031802,0.629769556892779
-4.356535300792936,0.018830931971548424,0.7296819787985865,0.632128692560175
-4.3332909038572005,0.018935399569024805,0.7296819787985865,0.6341972100656456
-4.310046506921465,0.019064764806351844,0.7296819787985865,0.6367272975929978
-4.286802109985729,0.019190558059569724,0.7296819787985865,0.6391548140043763
-4.263557713049993,0.019339733083586982,0.7296819787985865,0.6419926148796499
-4.240313316114257,0.01943854682708186,0.7279151943462897,0.644710749452954
-4.217068919178521,0.01946541328395765,0.7243816254416962,0.6469331236323851
-4.193824522242785,0.019560019129603062,0.7226148409893993,0.6495315919037199
-4.170580125307049,0.019591797439106575,0.7190812720848057,0.6518223468271335
-4.1473357283713135,0.019684658541303926,0.7190812720848057,0.6534976750547046
-4.124091331435579,0.01976053733086732,0.7173144876325088,0.65570295404814
-4.1008469344998435,0.019839325952777504,0.715547703180212,0.6579424234135668
-4.077602537564108,0.01991128634795466,0.7137809187279152,0.6600451312910285
-4.054358140628372,0.02004564850649995,0.7137809187279152,0.6623700765864332
-4.031113743692636,0.02011479910157225,0.7120141342756183,0.6643873085339168
-4.0078693467569,0.020251256281407035,0.7120141342756183,0.6666951586433261
-3.984624949821164,0.020312263149916628,0.7102473498233216,0.6685414387308534
-3.9613805528854282,0.020445529447665547,0.7102473498233216,0.6707467177242888
-3.9381361559496924,0.0205963725791577,0.7102473498233216,0.6732084245076586
-3.9148917590139565,0.02068182990355356,0.7084805653710248,0.6753966083150985
-3.8916473620782224,0.02080846868351409,0.7084805653710248,0.6774138402625821
-3.8684029651424865,0.020845305887884646,0.7049469964664311,0.6796020240700219
-3.8451585682067506,0.020928642793290216,0.7031802120141343,0.6817047319474836
-3.8219141712710147,0.020959034614163225,0.6996466431095406,0.683773249452954
-3.798669774335279,0.02105768205565625,0.6978798586572438,0.6860810995623632
-3.775425377399543,0.021137339055793992,0.696113074204947,0.6880812363238512
-3.752180980463807,0.02116516386804168,0.6925795053003534,0.6900813730853391
-3.7289365835280712,0.021231537793223284,0.6908127208480566,0.691859272428884
-3.7056921865923353,0.02132895816242822,0.6890459363957597,0.6940816466083151
-3.6824477896565995,0.021475770925110133,0.6890459363957597,0.696218544857768
-3.6592033927208636,0.021576349215153365,0.6872791519434629,0.6984409190371991
-3.6359589957851295,0.021728201977322236,0.6872791519434629,0.7005949124726477
-3.6127145988493936,0.02181613719426483,0.6855123674911661,0.7025950492341356
-3.5894702019136577,0.02194446015496861,0.6855123674911661,0.7043729485776805
-3.566225804977922,0.022086867421870552,0.6855123674911661,0.7063217997811816
-3.542981408042186,0.022232408892963556,0.6855123674911661,0.7082877461706784
-3.51973701110645,0.022401847575057737,0.6855123674911661,0.7105443107221007
-3.496492614170714,0.02253455685910094,0.6855123674911661,0.7122880196936543
-3.4732482172349783,0.022674146797568958,0.6855123674911661,0.7141001094091903
-3.4500038202992425,0.022772743321172177,0.6837455830388692,0.7161002461706784
-3.4267594233635066,0.022861881070836296,0.6819787985865724,0.7179636214442013
-3.4035150264277725,0.023018665394477906,0.6819787985865724,0.719929567833698
-3.3802706294920366,0.023172049465722176,0.6819787985865724,0.7218271334792122
-3.3570262325563007,0.02331762715959889,0.6819787985865724,0.7236050328227571
-3.333781835620565,0.02339145756121271,0.6802120141342756,0.7252119803063457
-3.310537438684829,0.02355172202850676,0.6802120141342756,0.7271266411378556
-3.287293041749093,0.02367155714461842,0.6784452296819788,0.7292464442013129
-3.264048644813357,0.0237281818746506,0.6749116607773852,0.7313149617067833
-3.2408042478776213,0.023904881101376722,0.6749116607773852,0.7333492888402626
-3.2175598509418855,0.02405238634932628,0.6749116607773852,0.7350246170678337
-3.1943154540061496,0.024226281075596143,0.6749116607773852,0.7369734682713348
-3.1710710570704137,0.024370015948963316,0.6749116607773852,0.7385633205689278
-3.1478266601346796,0.024512320328542093,0.6749116607773852,0.7401189824945296
-3.1245822631989437,0.024591751113406054,0.6731448763250883,0.7416575492341356
-3.101337866263208,0.024748294900941863,0.6731448763250883,0.7433328774617067
-3.078093469327472,0.024929660406988158,0.6731448763250883,0.7452475382932167
-3.054849072391736,0.025131926121372033,0.6731448763250883,0.7473502461706784
-3.031604675456,0.025288729589804857,0.6731448763250883,0.7489571936542669
-3.0083602785202643,0.025332531247911235,0.6696113074204947,0.7507179978118161
-2.9851158815845285,0.025416890801506185,0.6678445229681979,0.752222374179431
-2.9618714846487926,0.025592417061611375,0.6678445229681979,0.7539660831509847
-2.9386270877130567,0.025691699604743084,0.666077738515901,0.755590125820569
-2.9153826907773226,0.025683285263013323,0.6607773851590106,0.7574535010940919
-2.8921382938415867,0.02579173005116858,0.6590106007067138,0.7591459245076586
-2.868893896905851,0.025841053144807412,0.6554770318021201,0.7609067286652079
-2.845649499970115,0.025970379729065768,0.6537102473498233,0.7627701039387309
-2.822405103034379,0.026094335619828865,0.6519434628975265,0.7645650984682714
-2.799160706098643,0.026163826905254154,0.6484098939929329,0.7664797592997812
-2.7759163091629073,0.026172379176824898,0.6448763250883393,0.7678302789934355
-2.7526719122271714,0.026118326118326117,0.6395759717314488,0.7692491794310722
-2.7294275152914356,0.02624118630515374,0.6378091872791519,0.7709928884026258
-2.7061831183556997,0.026365900102534055,0.6360424028268551,0.7727365973741794
-2.682938721419964,0.026564344746162927,0.6360424028268551,0.7744803063457331
-2.6596943244842297,0.026763809382202068,0.6360424028268551,0.776206920131291
-2.636449927548494,0.02697841726618705,0.6360424028268551,0.7780361050328227
-2.613205530612758,0.027165710836100213,0.6360424028268551,0.7796088621444202
-2.589961133677022,0.0272609917229858,0.6342756183745583,0.7810106673960613
-2.566716736741286,0.027480097979179424,0.6342756183745583,0.7828056619256017
-2.5434723398055503,0.027715587122674284,0.6342756183745583,0.784703227571116
-2.5202279428698144,0.02783392940444721,0.6325088339222615,0.786241794310722
-2.4969835459340786,0.02802348336594912,0.6325088339222615,0.7877290754923414
-2.4737391489983427,0.028211189913317572,0.6325088339222615,0.7891821663019694
-2.450494752062607,0.02831535532994924,0.6307420494699647,0.7905668763676149
-2.4272503551268727,0.028505269881826893,0.6307420494699647,0.7920028719912473
-2.404005958191137,0.02862887012464817,0.6289752650176679,0.7935072483588621
-2.380761561255401,0.028733306353702956,0.627208480565371,0.7948577680525164
-2.357517164319665,0.028906440843579514,0.627208480565371,0.7961228118161926
-2.334272767383929,0.029018772030494303,0.6254416961130742,0.797507521881838
-2.3110283704481933,0.029118205064752947,0.6236749116607774,0.7987896608315098
-2.2877839735124574,0.029116549149730404,0.6201413427561837,0.799917943107221
-2.2645395765767216,0.02925932118374854,0.6183745583038869,0.8014907002188184
-2.2412951796409857,0.029416708690536225,0.6183745583038869,0.8025847921225383
-2.21805078270525,0.02951623815967524,0.6166077738515902,0.8038327407002188
-2.1948063857695157,0.029596870216023134,0.6148409893992933,0.8049439277899344
-2.17156198883378,0.029742007371217963,0.6130742049469965,0.8064824945295405
-2.148317591898044,0.029779887785930083,0.6095406360424028,0.8078501094091903
-2.125073194962308,0.029902642559109873,0.607773851590106,0.8092177242888403
-2.101828798026572,0.029998250830855343,0.6060070671378092,0.8103972921225383
-2.0785844010908363,0.030204297287777387,0.6060070671378092,0.8117307166301969
-2.0553400041551004,0.03029229406554473,0.6042402826855123,0.8128419037199125
-2.0320956072193646,0.030373414329104877,0.6007067137809188,0.8144488512035011
-2.0088512102836287,0.03055081319076287,0.6007067137809188,0.8155600382932167
-1.9856068133478928,0.03063714414821509,0.598939929328622,0.8166370350109409
-1.962362416412157,0.030846223839854414,0.598939929328622,0.8179191739606126
-1.9391180194764228,0.030980751604032998,0.5971731448763251,0.8192696936542669
-1.915873622540687,0.031163562603724874,0.5971731448763251,0.8203637855579868
-1.892629225604951,0.0312731997030438,0.5954063604240283,0.8215433533916849
-1.8693848286692152,0.0314541721112563,0.5954063604240283,0.8226032549234136
-1.8461404317334775,0.031549295774647886,0.5936395759717314,0.8236802516411379
-1.8228960347977434,0.03177304964539007,0.5936395759717314,0.8249623905908097
-1.7996516378620093,0.031888485774298266,0.5901060070671378,0.8266548140043763
-1.7764072409262717,0.03205004812319538,0.588339222614841,0.8280737144420132
-1.7531628439905376,0.032176778445435164,0.5865724381625441,0.8292874726477024
-1.7299184470548,0.0322171238894855,0.5830388692579506,0.8305354212253829
-1.7066740501190658,0.03244518729721758,0.5830388692579506,0.8317662746170679
-1.6834296531833282,0.03268621236133122,0.5830388692579506,0.8330484135667396
-1.660185256247594,0.032986805277888845,0.5830388692579506,0.834621170678337
-1.6369408593118564,0.03299134982900825,0.5795053003533569,0.8356468818380745
-1.6136964623761223,0.033043654001616816,0.5777385159010601,0.8364161652078774
-1.5904520654403846,0.03323478438169029,0.5759717314487632,0.8378863512035011
-1.5672076685046505,0.033213736545361354,0.5724381625441696,0.8387753008752735
-1.5439632715689164,0.03314745972738538,0.5671378091872792,0.8399377735229759
-1.5207188746331788,0.03336798336798337,0.5671378091872792,0.8410318654266958
-1.4974744776974447,0.033514872224549644,0.5653710247349824,0.8422456236323851
-1.474230080761707,0.03375171395422424,0.5653710247349824,0.8433910010940919
-1.450985683825973,0.03393785130978895,0.5653710247349824,0.8442799507658644
-1.4277412868902353,0.0340484576795816,0.5636042402826855,0.8452885667396062
-1.4044968899545012,0.03404940923737916,0.5600706713780919,0.8462629923413567
-1.3812524930187635,0.03422586914273375,0.5600706713780919,0.8470835612691466
-1.3580080960830294,0.03434409303336594,0.558303886925795,0.848109272428884
-1.3347636991472953,0.03453551912568306,0.558303886925795,0.8489811269146609
-1.3115193022115577,0.03461158114492913,0.5565371024734982,0.8498016958424508
-1.2882749052758236,0.034597104012379795,0.5530035335689046,0.8506906455142232
-1.265030508340086,0.034828085011683545,0.5530035335689046,0.8517163566739606
-1.2417861114043518,0.0348681269557443,0.5512367491166078,0.8523659737417943
-1.2185417144686141,0.03477771525042206,0.5459363957597173,0.8533916849015317
-1.19529731753288,0.03465458663646659,0.5406360424028268,0.8542806345733042
-1.1720529205971424,0.03465177248375698,0.5371024734982333,0.8552208698030634
-1.1488085236614083,0.03469669117647059,0.5335689045936396,0.8563662472647703
-1.1255641267256706,0.03490119033861089,0.5335689045936396,0.857238101750547
-1.1023197297899365,0.03513261982317357,0.5335689045936396,0.8582125273522976
-1.0790753328542024,0.03529963644892694,0.5318021201413428,0.859375
-1.0558309359184648,0.03554558337269721,0.5318021201413428,0.8603836159737418
-1.0325865389827307,0.035710034519700035,0.5300353356890459,0.861511898249453
-1.009342142046993,0.035949670461354104,0.5300353356890459,0.8624692286652079
-0.9860977451112589,0.03595993725111621,0.5265017667844523,0.8634265590809628
-0.9628533481755213,0.03620019436345967,0.5265017667844523,0.864366794310722
-0.9396089512397872,0.0362548828125,0.5247349823321554,0.8650335065645515
-0.9163645543040495,0.036191878297141454,0.5212014134275619,0.8657002188183808
-0.8931201573683154,0.036388306401874924,0.5212014134275619,0.8664524070021882
-0.8698757604325777,0.03636137999503599,0.5176678445229682,0.8672558807439825
-0.8466313634968436,0.0365792759051186,0.5176678445229682,0.8680764496717724
-0.8233869665611095,0.03668802613393642,0.5159010600706714,0.8689312089715536
-0.8001425696253719,0.03686868686868687,0.5159010600706714,0.8695979212253829
-0.7768981726896378,0.03681604671829377,0.5123674911660777,0.8702988238512035
-0.7536537757539001,0.03698036215251212,0.5123674911660777,0.8708971553610503
-0.730409378818166,0.036918343802076654,0.508833922261484,0.8715638676148797
-0.7071649818824284,0.03705616526791478,0.5070671378091873,0.872504102844639
-0.6839205849466943,0.0371043072132849,0.5053003533568905,0.8731195295404814
-0.6606761880109566,0.03721112416764591,0.5035335689045937,0.8739400984682714
-0.6374317910752225,0.03740287106545503,0.5017667844522968,0.8750512855579868
-0.6141873941394884,0.03750828363154407,0.5,0.8758547592997812
-0.5909429972037508,0.03773836511534871,0.5,0.8766411378555798
-0.5676986002680167,0.03801208865010074,0.5,0.8775642778993435
-0.544454203332279,0.038227745508577604,0.5,0.8782822757111597
-0.5212098063965449,0.03820530251529572,0.49646643109540634,0.8790686542669585
-0.49796540946080725,0.03844049247606019,0.49646643109540634,0.8798379376367614
-0.47472101252507315,0.03812801101169993,0.48939929328621906,0.8805388402625821
-0.4514766155893355,0.03839223839223839,0.48939929328621906,0.8813935995623632
-0.4282322186536014,0.038461538461538464,0.4876325088339223,0.8820432166301969
-0.40498782171786374,0.03848845346396081,0.48586572438162545,0.8825560722100656
-0.38174342478212964,0.03844528939585974,0.4823321554770318,0.8832740700218819
-0.35849902784639553,0.03826530612244898,0.47703180212014135,0.883992067833698
-0.3352546309106579,0.038560411311053984,0.47703180212014135,0.8849152078774617
-0.3120102339749238,0.03866053463638977,0.4752650176678445,0.8856503008752735
-0.2887658370391861,0.03888969206303311,0.4752650176678445,0.8863512035010941
-0.265521440103452,0.03865155478058704,0.46996466431095407,0.886898249452954
-0.24227704316771437,0.038771031455742504,0.46819787985865724,0.8876846280087527
-0.21903264623198027,0.03899352560329605,0.46819787985865724,0.8883513402625821
-0.1957882492962426,0.038888067425698655,0.46466431095406363,0.8888812910284464
-0.1725438523605085,0.03898809523809524,0.4628975265017668,0.8895992888402626
-0.14929945542477085,0.03890468352536286,0.45936395759717313,0.8901976203501094
-0.12605505848903675,0.038849570847763894,0.4558303886925795,0.8908814277899344
-0.10281066155330265,0.03909090909090909,0.4558303886925795,0.891582330415755
-0.079566264617565,0.03915892122504952,0.4540636042402827,0.8921977571115973
-0.056321867681830895,0.0390984360625575,0.450530035335689,0.8928644693654267
-0.03307747074609324,0.0393154486586494,0.450530035335689,0.8934798960612691
-0.009833073810359139,0.0393981696913293,0.44876325088339225,0.8941295131291028
0.013411323125378516,0.03961322520274485,0.44876325088339225,0.8947278446389497
0.03665572006111262,0.03984938813931597,0.44876325088339225,0.8953774617067833
0.05990011699685027,0.04008838383838384,0.44876325088339225,0.8960270787746171
0.08314451393258437,0.03954891994917408,0.43992932862190814,0.8966254102844639
0.10638891086832203,0.039770004791566844,0.43992932862190814,0.8972237417943107
0.12963330780405613,0.039935846030473135,0.43992932862190814,0.8976682166301969
0.15287770473979023,0.039961327747341284,0.4381625441696113,0.8981468818380745
0.1761221016755279,0.04010391297288521,0.4363957597173145,0.8989332603938731
0.199366498611262,0.040228945216680294,0.43462897526501765,0.8996683533916849
0.22261089554699964,0.040440572086141706,0.43462897526501765,0.9002153993435449
0.24585529248273374,0.04056291390728477,0.43286219081272087,0.900933397155361
0.2690996894184714,0.04079254079254079,0.43286219081272087,0.9015146334792122
0.2923440863542055,0.04055639349756997,0.4275618374558304,0.9021300601750547
0.31558848328994316,0.04033074586567668,0.42226148409893993,0.9027796772428884
0.33883288022567726,0.040591032608695655,0.42226148409893993,0.903429294310722
0.36207727716141136,0.0408198121263877,0.42226148409893993,0.9039934354485777
0.385321674097149,0.04090049836741708,0.4204946996466431,0.9045917669584245
0.4085660710328831,0.04095386210471747,0.41872791519434627,0.9051217177242888
0.43181046796862077,0.04082696316886727,0.41519434628975266,0.905617478118162
0.45505486490435487,0.04106955609926599,0.41519434628975266,0.9061987144420132
0.4782992618400925,0.0412136092599088,0.41519434628975266,0.9065406181619255
0.5015436587758266,0.041490112994350285,0.41519434628975266,0.9071902352297593
0.5247880557115643,0.04169623846699787,0.41519434628975266,0.9076689004376368
0.5480324526472984,0.04174099179450589,0.4134275618374558,0.9081646608315098
0.571276849583036,0.04195051989960559,0.4134275618374558,0.9086433260393874
0.5945212465187701,0.042124212421242126,0.4134275618374558,0.9090365153172867
0.6177656434545042,0.04231464737793852,0.4134275618374558,0.9094638949671773
0.6410100403902419,0.04217415015451736,0.4098939929328622,0.9099254649890591
0.664254437325976,0.04235122307411464,0.4098939929328622,0.9103186542669585
0.6874988342617137,0.0426157237325496,0.4098939929328622,0.9108998905908097
0.7107432311974478,0.04264352962894591,0.4081272084805654,0.9113443654266958
0.7339876281331854,0.04288100983850009,0.4081272084805654,0.9118572210065645
0.7572320250689195,0.043097014925373135,0.4081272084805654,0.9123187910284464
0.7804764220046572,0.04330708661417323,0.4081272084805654,0.9127632658643327
0.8037208189403913,0.043568464730290454,0.4081272084805654,0.9133103118161926
0.8269652158761289,0.04381638846737481,0.4081272084805654,0.9138231673960613
0.850209612811863,0.043943446694688575,0.40636042402826855,0.9144556892778993
0.8734540097475971,0.04415434824342484,0.40636042402826855,0.9148830689277899
0.8966984066833348,0.04402394284610929,0.4028268551236749,0.9153617341356673
0.9199428036190689,0.04423748544819558,0.4028268551236749,0.9157891137855579
0.9431872005548065,0.04427540472010923,0.4010600706713781,0.9162335886214442
0.9664315974905406,0.04434850863422292,0.3992932862190813,0.9167464442013129
0.9896759944262783,0.04459352801894238,0.3992932862190813,0.9172251094091903
1.0129203913620124,0.04458093917178522,0.39752650176678445,0.9175670131291028
1.03616478829775,0.04459486362731435,0.3957597173144876,0.9179602024070022
1.0594091852334842,0.04481792717086835,0.3957597173144876,0.9183875820568927
1.0826535821692218,0.04465902232951117,0.392226148409894,0.9188149617067833
1.105897979104956,0.04492108458114124,0.392226148409894,0.9193107221006565
1.12914237604069,0.04516785350966429,0.392226148409894,0.9197722921225383
1.1523867729764277,0.0453894909016561,0.392226148409894,0.9201825765864332
1.1756311699121618,0.045501338274655134,0.39045936395759717,0.9207467177242888
1.1988755668478994,0.045548654244306416,0.38869257950530034,0.921191192560175
1.2221199637836335,0.04581424406497293,0.38869257950530034,0.9216698577680525
1.2453643607193712,0.0458830923947203,0.3869257950530035,0.92214852297593
1.2686087576551053,0.04606647034076567,0.3869257950530035,0.9224733315098468
1.291853154590843,0.04635901778154107,0.3869257950530035,0.9229861870897156
1.315097551526577,0.0464521627956531,0.38515901060070673,0.9234990426695843
1.3383419484623111,0.04671094921791301,0.38515901060070673,0.9239435175054704
1.3615863453980488,0.046932185145317544,0.38515901060070673,0.9243196115973742
1.384830742333783,0.047094404839058114,0.38515901060070673,0.9245931345733042
1.4080751392695205,0.04711246200607903,0.3833922261484099,0.9249692286652079
1.4313195362052546,0.047359231776516804,0.3833922261484099,0.9253795131291028
1.4545639331409923,0.04715946479491116,0.37985865724381623,0.9257385120350109
1.4778083300767264,0.047335975341259356,0.37985865724381623,0.9260291301969366
1.501052727012464,0.047555850475558506,0.37985865724381623,0.9263881291028446
1.5242971239481982,0.04757670075589151,0.37809187279151946,0.9267642231947484
1.5475415208839358,0.04783191774698257,0.37809187279151946,0.9271745076586433
1.57078591781967,0.04787592717464599,0.3763250883392226,0.9275847921225383
1.594030314755404,0.04803788903924222,0.3763250883392226,0.9278412199124726
1.6172747116911417,0.04828836998413058,0.3763250883392226,0.928234409190372
1.6405191086268758,0.04845313921747043,0.3763250883392226,0.9284908369803063
1.6637635055626134,0.04865235267245317,0.3763250883392226,0.9287985503282276
1.6870079024983475,0.048988040478380866,0.3763250883392226,0.9293114059080962
1.7102522994340852,0.04887653463053046,0.37279151943462896,0.9298071663019694
1.7334966963698193,0.048928238583411,0.3710247349823322,0.9302174507658644
1.756741093305557,0.04916881292437368,0.3710247349823322,0.9305764496717724
1.779985490241291,0.04913023037141514,0.36925795053003535,0.9308499726477024
1.8032298871770287,0.04914933837429111,0.3674911660777385,0.9312089715536105
1.8264742841127628,0.048931116389548696,0.36395759717314485,0.931550875273523
1.849718681048497,0.049152946790742065,0.36395759717314485,0.9318756838074398
1.8729630779842346,0.049003122748018255,0.36042402826855124,0.9323201586433261
1.8962074749199687,0.04897466827503016,0.3586572438162544,0.9326107768052516
1.9194518718557063,0.049176356589147284,0.3586572438162544,0.9329013949671773
1.9426962687914404,0.04952427421322274,0.3586572438162544,0.9333971553610503
1.965940665727178,0.049485546300832926,0.3568904593639576,0.9336706783369803
1.9891850626629122,0.04943433349729464,0.3551236749116608,0.9339271061269147
2.01242945959865,0.049654150197628456,0.3551236749116608,0.9342348194748359
2.035673856534384,0.049689440993788817,0.35335689045936397,0.9346109135667396
2.058918253470118,0.04995004995004995,0.35335689045936397,0.9349699124726477
2.0821626504058557,0.05026388539834129,0.35335689045936397,0.9353972921225383
2.10540704734159,0.05041593143433325,0.35335689045936397,0.9356024343544858
2.1286514442773274,0.05067139599695972,0.35335689045936397,0.9359443380743983
2.1518958412130615,0.05068772287315334,0.35159010600706714,0.9362862417943107
2.175140238148799,0.050600562228469204,0.3498233215547703,0.9364913840262582
2.1983846350845333,0.050860518880041096,0.3498233215547703,0.9368332877461707
2.221629032020271,0.05089124257297856,0.3480565371024735,0.9371922866520788
2.244873428956005,0.05114226375908619,0.3480565371024735,0.9375170951859956
2.2681178258917427,0.05078125,0.34452296819787986,0.9376880470459519
2.291362222827477,0.05077204920177964,0.34275618374558303,0.9379957603938731
2.314606619763211,0.05099894847528917,0.34275618374558303,0.9382863785557987
2.3378510166989486,0.051227884869289676,0.34275618374558303,0.9385769967177243
2.3610954136346827,0.05120721676837357,0.3409893992932862,0.9388676148796499
2.3843398105704203,0.05114544485881726,0.3392226148409894,0.9391069474835886
2.4075842075061544,0.05129575207053166,0.3392226148409894,0.9392949945295405
2.430828604441892,0.05148833467417538,0.3392226148409894,0.9395343271334792
2.454073001377626,0.05177993527508091,0.3392226148409894,0.9398933260393874
2.477317398313364,0.05178958785249458,0.3374558303886926,0.9402181345733042
2.500561795249098,0.05210038188761593,0.3374558303886926,0.9405942286652079
2.5238061921848356,0.052414928649835345,0.3374558303886926,0.9409703227571116
2.5470505891205697,0.05266060104769782,0.3374558303886926,0.9412609409190372
2.570294986056304,0.052937915742793794,0.3374558303886926,0.941585749452954
2.5935393829920415,0.05317371937639198,0.3374558303886926,0.941859272428884
2.6167837799277756,0.052558009505171935,0.3321554770318021,0.9420644146608315
2.640028176863513,0.05298759864712514,0.3321554770318021,0.9425601750547046
2.6632725737992473,0.05328798185941043,0.3321554770318021,0.9429020787746171
2.686516970734985,0.0534850640113798,0.3321554770318021,0.9431243161925602
2.709761367670719,0.053729637039154045,0.3321554770318021,0.9433978391684902
2.7330057646064567,0.054038516815176775,0.3321554770318021,0.9437397428884027
2.756250161542191,0.054046242774566475,0.3303886925795053,0.9440474562363238
2.7794945584779285,0.0540226546616323,0.3286219081272085,0.9443209792122538
2.8027389554136626,0.05430656934306569,0.3286219081272085,0.944628692560175
2.8259833523493967,0.05405405405405406,0.3250883392226148,0.9449535010940919
2.8492277492851343,0.054293301858955444,0.3250883392226148,0.9452099288840262
2.8724721462208684,0.054470100651272946,0.3250883392226148,0.9453979759299781
2.895716543156606,0.054680534918276374,0.3250883392226148,0.9456202133479212
2.91896094009234,0.05476190476190476,0.3250883392226148,0.9457056892778993
2.942205337028078,0.05440956651718983,0.3215547703180212,0.9459279266958425
2.965449733963812,0.05467107239411235,0.3215547703180212,0.9462014496717724
2.9886941308995496,0.055001511030522816,0.3215547703180212,0.9465433533916849
3.0119385278352837,0.05531914893617021,0.3215547703180212,0.9468681619256017
3.035182924771018,0.05514929920780012,0.3197879858657244,0.9469878282275711
3.0584273217067555,0.05509641873278237,0.31802120141342755,0.9472271608315098
3.0816717186424896,0.05466830466830467,0.31448763250883394,0.9473810175054704
3.104916115578227,0.05468025949953661,0.3127208480565371,0.9476887308533917
3.1281605125139613,0.05496894409937888,0.3127208480565371,0.9479793490153173
3.151404909449699,0.05522620904836194,0.3127208480565371,0.9482357768052516
3.174649306385433,0.05520702634880803,0.31095406360424027,0.9485092997811816
3.1978937033211707,0.05539817437834435,0.31095406360424027,0.9486973468271335
3.221138100256905,0.054413160392280925,0.303886925795053,0.9489024890590809
3.2443824971926425,0.05462051444903144,0.303886925795053,0.9491076312910285
3.2676268941283766,0.054510678992668156,0.30212014134275617,0.9492956783369803
3.2908712910641107,0.054365206267988485,0.3003533568904594,0.9494495350109409
3.3141156879998483,0.05374959768265208,0.2950530035335689,0.9497401531728665
3.3373600849355824,0.053957996768982226,0.2950530035335689,0.949945295404814
3.36060448187132,0.05418559377027904,0.2950530035335689,0.9501675328227571
3.383848878807054,0.054195233431276524,0.29328621908127206,0.9504752461706784
3.407093275742792,0.05442622950819672,0.29328621908127206,0.9506974835886215
3.430337672678526,0.054455445544554455,0.2915194346289753,0.9510222921225383
3.4535820696142636,0.05474452554744526,0.2915194346289753,0.9512958150984683
3.4768264665499977,0.05463024650233178,0.28975265017667845,0.9514838621444202
3.5000708634857354,0.0547945205479452,0.28975265017667845,0.9516377188183808
3.5233152604214695,0.05510752688172043,0.28975265017667845,0.9519283369803063
3.5465596573572036,0.055123435914778494,0.2879858657243816,0.9522360503282276
3.5698040542929412,0.05531048523922633,0.2879858657243816,0.9524070021881839
3.5930484512286753,0.05549880830779707,0.2879858657243816,0.95257795404814
3.616292848164413,0.05561241896963494,0.2879858657243816,0.9526805251641138
3.639537245100147,0.05584104145255225,0.2879858657243816,0.9528856673960613
3.6627816420358847,0.05580434033758181,0.2862190812720848,0.9531420951859956
3.686026038971619,0.05611361274679598,0.2862190812720848,0.9534156181619255
3.7092704359073565,0.05636743215031315,0.2862190812720848,0.9536378555798687
3.7325148328430906,0.056524773203070484,0.2862190812720848,0.9537746170678337
3.7557592297788247,0.05666316894018888,0.2862190812720848,0.9538942833698031
3.7790036267145624,0.056802244039270686,0.2862190812720848,0.9540139496717724
3.8022480236502965,0.05700211118930331,0.2862190812720848,0.9541849015317286
3.825492420586034,0.05653710247349823,0.2826855123674912,0.9543558533916849
3.848736817521768,0.05669737774627923,0.2826855123674912,0.9544926148796499
3.871981214457506,0.05695977216091136,0.2826855123674912,0.954714852297593
3.89522561139324,0.05698924731182796,0.28091872791519434,0.9550225656455142
3.9184700083289776,0.05695746214852199,0.2791519434628975,0.9552789934354485
3.9417144052647117,0.05692530819434373,0.2773851590106007,0.9555354212253829
3.9649588022004494,0.056789224608664,0.2756183745583039,0.9557063730853391
3.9882031991361835,0.05701754385964912,0.2756183745583039,0.955894420131291
4.011447596071918,0.05679736167094174,0.27385159010600707,0.9559969912472648
4.034691993007655,0.05663847002574476,0.27208480565371024,0.9561508479212254
4.057936389943389,0.05615072035463613,0.26855123674911663,0.9563217997811816
4.081180786879127,0.05644262903824731,0.26855123674911663,0.9565611323851203
4.104425183814861,0.05623836126629423,0.2667844522968198,0.9566807986870897
4.127669580750599,0.056406425102726934,0.2667844522968198,0.9568175601750547
4.150913977686333,0.056575496440614464,0.2667844522968198,0.9569543216630197
4.1741583746220705,0.05668168168168168,0.2667844522968198,0.9570397975929978
4.197402771557805,0.056895252449133384,0.2667844522968198,0.957210749452954
4.220647168493542,0.057067271352985637,0.2667844522968198,0.9573475109409191
4.243891565429276,0.057327258921791954,0.2667844522968198,0.9575526531728665
4.2671359623650105,0.057611598626478445,0.2667844522968198,0.9577748905908097
4.290380359300748,0.05787658106554235,0.2667844522968198,0.9579800328227571
4.313624756236482,0.05816640986132512,0.2667844522968198,0.9582022702407003
4.33686915317222,0.05845915602013163,0.2667844522968198,0.9584245076586433
4.360113550107954,0.058365758754863814,0.26501766784452296,0.9586296498905909
4.383357947043692,0.05813499804916114,0.26325088339222613,0.9587322210065645
4.406602343979426,0.057971014492753624,0.26148409893992935,0.9588860776805251
4.429846740915163,0.058221872541306056,0.26148409893992935,0.959074124726477
4.4530911378508975,0.05840568271507498,0.26148409893992935,0.9592108862144421
4.476335534786635,0.05821782178217822,0.2597173144876325,0.959347647702407
4.499579931722369,0.0584958217270195,0.2597173144876325,0.9595527899343544
4.522824328658103,0.0584,0.2579505300353357,0.959757932166302
4.546068725593841,0.058303176517893046,0.25618374558303886,0.9599630743982495
4.569313122529575,0.05858585858585859,0.25618374558303886,0.9601682166301969
4.592557519465313,0.05808285946385053,0.25265017667844525,0.9603562636761488
4.615801916401047,0.05839118007349939,0.25265017667844525,0.9605785010940919
4.6390463133367845,0.0586546349466776,0.25265017667844525,0.9607665481400438
4.662290710272519,0.05850844664194479,0.2508833922261484,0.9609375
4.685535107208256,0.05867768595041322,0.2508833922261484,0.9610571663019694
4.70877950414399,0.05813953488372093,0.24734982332155478,0.9612281181619255
4.7320239010797245,0.05845511482254697,0.24734982332155478,0.9614503555798687
4.755268298015462,0.05751469353484467,0.2420494699646643,0.961621307439825
4.778512694951196,0.05775716694772344,0.2420494699646643,0.9617922592997812
4.801757091886934,0.05802626005929691,0.2420494699646643,0.9619803063457331
4.825001488822668,0.05789697743720732,0.24028268551236748,0.9621683533916849
4.848245885758406,0.057971014492753624,0.24028268551236748,0.9622196389496718
4.87149028269414,0.05784061696658098,0.23851590106007067,0.9624076859956237
4.894734679629877,0.05798969072164949,0.23851590106007067,0.9625102571115973
4.9179790765656115,0.05770887166236004,0.23674911660777384,0.9625957330415755
4.941223473501349,0.057883369330453564,0.23674911660777384,0.9627153993435449
4.964467870437083,0.05800865800865801,0.23674911660777384,0.962800875273523
4.987712267372817,0.0577758470894874,0.23498233215547704,0.9629205415754923
5.010956664308555,0.058053251855085114,0.23498233215547704,0.9631085886214442
5.034201061244289,0.05830775975449364,0.23498233215547704,0.9632795404814004
5.057445458180027,0.058538732394366196,0.23498233215547704,0.963433397155361
5.080689855115761,0.05874558303886926,0.23498233215547704,0.9635701586433261
5.1039342520514985,0.05892778023925565,0.23498233215547704,0.9636898249452954
5.127178648987233,0.05929558626839055,0.23498233215547704,0.9639291575492341
5.15042304592297,0.059748427672955975,0.23498233215547704,0.9642197757111597
5.173667442858704,0.05999097880018042,0.23498233215547704,0.9643736323851203
5.196911839794442,0.060180995475113123,0.23498233215547704,0.9644932986870897
5.220156236730176,0.0603448275862069,0.23498233215547704,0.9645958698030634
5.24340063366591,0.060619872379216046,0.23498233215547704,0.9647668216630197
5.266645030601648,0.060841720036596526,0.23498233215547704,0.9649035831509847
5.289889427537382,0.060550458715596334,0.2332155477031802,0.9649890590809628
5.31313382447312,0.06077348066298342,0.2332155477031802,0.9651258205689278
5.336378221408854,0.06085753803596127,0.2332155477031802,0.9651771061269147
5.359622618344591,0.06113941639647985,0.2332155477031802,0.9653480579868708
5.3828670152803255,0.061395348837209304,0.2332155477031802,0.9655019146608315
5.406111412216063,0.06153846153846154,0.2332155477031802,0.9655873905908097
5.429355809151797,0.061826697892271666,0.2332155477031802,0.9657583424507659
5.452600206087535,0.062088428974600186,0.2332155477031802,0.9659121991247265
5.475844603023269,0.06232294617563739,0.2332155477031802,0.9660489606126915
5.499088999959003,0.06267806267806268,0.2332155477031802,0.966254102844639
5.522333396894741,0.06291706387035272,0.2332155477031802,0.9663908643326039
5.545577793830475,0.06330935251798561,0.2332155477031802,0.966613101750547
5.5688221907662125,0.06355320173326914,0.2332155477031802,0.9667498632385121
5.592066587701947,0.06334622823984526,0.2314487632508834,0.966886624726477
5.615310984637684,0.0636849781234808,0.2314487632508834,0.9670746717724289
5.638555381573418,0.06396484375,0.2314487632508834,0.9672285284463895
5.661799778509156,0.06363191385217817,0.22968197879858657,0.967296909190372
5.68504417544489,0.06351550960118169,0.22791519434628976,0.9674849562363238
5.708288572380624,0.06382978723404255,0.22791519434628976,0.9676559080962801
5.731532969316362,0.06395637084779375,0.22791519434628976,0.9677242888402626
5.754777366252096,0.06414719045251119,0.22791519434628976,0.9678268599562363
5.778021763187834,0.0637767812655705,0.22614840989399293,0.9678781455142232
5.801266160123568,0.064032016008004,0.22614840989399293,0.9680149070021882
5.824510557059305,0.06388329979879276,0.22438162544169613,0.9681858588621444
5.8477549539950395,0.06407669021190716,0.22438162544169613,0.9682884299781181
5.870999350930777,0.06449974606399188,0.22438162544169613,0.9685106673960613
5.894243747866511,0.06431852986217458,0.2226148409893993,0.9686645240700219
5.917488144802249,0.06454918032786885,0.2226148409893993,0.9687841903719913
5.940732541737983,0.0646817248459959,0.2226148409893993,0.9688525711159738
5.963976938673717,0.06501547987616099,0.2226148409893993,0.96902352297593
5.987221335609455,0.06528497409326425,0.2226148409893993,0.969160284463895
6.010465732545189,0.06542056074766354,0.2226148409893993,0.9692286652078774
6.0337101294809266,0.0652400835073069,0.22084805653710246,0.969382521881838
6.056954526416661,0.06541077969649398,0.22084805653710246,0.9694679978118161
6.080198923352398,0.0649895178197065,0.21908127208480566,0.9695021881838074
6.103443320288132,0.06480505795574289,0.21731448763250882,0.969656044857768
6.12668771722387,0.06487341772151899,0.21731448763250882,0.9696902352297593
6.149932114159604,0.06518282988871224,0.21731448763250882,0.9698440919037199
6.173176511095342,0.06489361702127659,0.21554770318021202,0.9699466630196937
6.196420908031076,0.06510138740661686,0.21554770318021202,0.9700492341356673
6.21966530496681,0.06541554959785523,0.21554770318021202,0.970203090809628
6.242909701902548,0.0656266810112964,0.21554770318021202,0.9703056619256017
6.266154098838282,0.06594594594594595,0.21554770318021202,0.9704595185995624
6.289398495774019,0.06608884073672806,0.21554770318021202,0.9705278993435449
6.3126428927097535,0.06626833242802825,0.21554770318021202,0.970613375273523
6.335887289645491,0.06663025669033315,0.21554770318021202,0.9707843271334792
6.359131686581225,0.06703296703296703,0.21554770318021202,0.970972374179431
6.382376083516963,0.06633499170812604,0.21201413427561838,0.9711262308533917
6.405620480452697,0.06659267480577137,0.21201413427561838,0.971245897155361
6.428864877388431,0.0664433277498604,0.21024734982332155,0.9714168490153173
6.452109274324169,0.06573033707865168,0.2067137809187279,0.971570705689278
6.475353671259903,0.06602708803611738,0.2067137809187279,0.9717074671772429
6.498598068195641,0.06621392190152801,0.2067137809187279,0.971792943107221
6.521842465131375,0.0659090909090909,0.2049469964664311,0.9718955142231948
6.545086862067112,0.06624785836664764,0.2049469964664311,0.9720493708971554
6.568331259002846,0.06682027649769585,0.2049469964664311,0.9723057986870897
6.591575655938584,0.06658946149392009,0.20318021201413428,0.9724425601750547
6.614820052874318,0.06682161533991865,0.20318021201413428,0.9725451312910285
6.638064449810056,0.0669772859638905,0.20318021201413428,0.9726135120350109
6.66130884674579,0.06721215663354763,0.20318021201413428,0.9727160831509847
6.684553243681524,0.06748826291079812,0.20318021201413428,0.972835749452954
6.707797640617262,0.06729634002361275,0.20141342756183744,0.9729896061269147
6.731042037552996,0.06769596199524941,0.20141342756183744,0.9731605579868708
6.7542864344887334,0.06785714285714285,0.20141342756183744,0.9732289387308534
6.7775308314244676,0.0683043738765728,0.20141342756183744,0.9734169857768052
6.800775228360205,0.0687990343995172,0.20141342756183744,0.9736221280087527
6.824019625295939,0.06892382103990327,0.20141342756183744,0.9736734135667396
6.847264022231677,0.06856796116504854,0.19964664310954064,0.9737588894967177
6.870508419167411,0.06890243902439025,0.19964664310954064,0.9738956509846827
6.893752816103149,0.06932515337423313,0.19964664310954064,0.974066602844639
6.916997213038883,0.06949569495694957,0.19964664310954064,0.9741349835886215
6.940241609974617,0.06996904024767801,0.19964664310954064,0.9743230306345733
6.963486006910355,0.07027363184079602,0.19964664310954064,0.9744426969365426
6.986730403846089,0.07044887780548628,0.19964664310954064,0.9745110776805251
7.009974800781826,0.07084639498432602,0.19964664310954064,0.9746649343544858
7.03321919771756,0.071024512884978,0.19964664310954064,0.9747333150984683
7.056463594653298,0.07052896725440806,0.1978798586572438,0.9747675054704595
7.079707991589032,0.07084123972169513,0.1978798586572438,0.9748871717724289
7.10295238852477,0.07037747920665387,0.19434628975265017,0.9751606947483589
7.126196785460504,0.0707395498392283,0.19434628975265017,0.9752974562363238
7.149441182396242,0.07096774193548387,0.19434628975265017,0.975382932166302
7.172685579331976,0.07124352331606218,0.19434628975265017,0.9754855032822757
7.19592997626771,0.07152145643693109,0.19434628975265017,0.9755880743982495
7.2191743732034475,0.07170795306388526,0.19434628975265017,0.975656455142232
7.242418770139182,0.07213114754098361,0.19434628975265017,0.9758103118161926
7.265663167074919,0.07236842105263158,0.19434628975265017,0.9758957877461707
7.288907564010653,0.07208994708994709,0.19257950530035337,0.97601545404814
7.312151960946391,0.07242524916943521,0.19257950530035337,0.9761351203501094
7.335396357882125,0.07271514342895263,0.19257950530035337,0.9762376914660832
7.358640754817863,0.072812291249165,0.19257950530035337,0.9762718818380745
7.381885151753597,0.07300736771600803,0.19257950530035337,0.9763402625820569
7.405129548689331,0.07320349227669577,0.19257950530035337,0.9764086433260394
7.428373945625069,0.07354925775978408,0.19257950530035337,0.9765283096280087
7.451618342560803,0.07374830852503383,0.19257950530035337,0.9765966903719913
7.47486273949654,0.07399864222674814,0.19257950530035337,0.9766821663019694
7.4981071364322744,0.07402330363262509,0.19081272084805653,0.9769044037199125
7.521351533368012,0.07369146005509641,0.18904593639575973,0.9770069748358862
7.544595930303746,0.0738950276243094,0.18904593639575973,0.9770753555798687
7.567840327239484,0.07425399028452463,0.18904593639575973,0.977195021881838
7.591084724175218,0.07456445993031359,0.18904593639575973,0.9772975929978118
7.614329121110956,0.07466852756454989,0.18904593639575973,0.9773317833698031
7.63757351804669,0.07503506311360449,0.18904593639575973,0.9774514496717724
7.660817914982424,0.07545839210155147,0.18904593639575973,0.9775882111597374
7.6840623119181615,0.07583274273564848,0.18904593639575973,0.9777078774617067
7.707306708853896,0.07631954350927246,0.18904593639575973,0.9778617341356673
7.730551105789633,0.07670250896057347,0.18904593639575973,0.9779814004376368
7.753795502725367,0.07725631768953069,0.18904593639575973,0.978152352297593
7.777039899661105,0.07753623188405798,0.18904593639575973,0.9782378282275711
7.800284296596839,0.0781021897810219,0.18904593639575973,0.9784087800875274
7.823528693532577,0.07856093979441997,0.18904593639575973,0.9785455415754923
7.846773090468311,0.07890855457227139,0.18904593639575973,0.9786481126914661
7.8700174874040485,0.07840236686390532,0.1872791519434629,0.978699398249453
7.893261884339783,0.07869339272457312,0.1872791519434629,0.978784874179431
7.916506281275517,0.0790454884414616,0.1872791519434629,0.9788874452954048
7.939750678211254,0.07934131736526946,0.1872791519434629,0.9789729212253829
7.9629950751469885,0.0795198799699925,0.1872791519434629,0.9790242067833698
7.986239472082726,0.07987942727957799,0.1872791519434629,0.9791267778993435
8.00948386901846,0.08024224072672217,0.1872791519434629,0.9792293490153173
8.032728265954198,0.08048595292331055,0.1872791519434629,0.9792977297592997
8.055972662889932,0.08015267175572519,0.1855123674911661,0.9794003008752735
8.07921705982567,0.08058326937835764,0.1855123674911661,0.9795199671772429
8.102461456761404,0.08101851851851852,0.1855123674911661,0.9796396334792122
8.125705853697141,0.08114374034003091,0.1855123674911661,0.9796738238512035
8.148950250632875,0.08145849495733126,0.1855123674911661,0.9797592997811816
8.17219464756861,0.08171206225680934,0.1855123674911661,0.9798276805251641
8.195439044504347,0.08215962441314555,0.1855123674911661,0.9799473468271335
8.218683441440081,0.0822884012539185,0.1855123674911661,0.9799815371991247
8.241927838375819,0.08188976377952756,0.18374558303886926,0.9800670131291028
8.265172235311553,0.08234362628661916,0.18374558303886926,0.9801866794310722
8.28841663224729,0.08247422680412371,0.18374558303886926,0.9802208698030634
8.311661029183025,0.08273667462211615,0.18374558303886926,0.980289250547046
8.334905426118763,0.08213716108452951,0.18197879858657243,0.9803234409190372
8.358149823054497,0.0824,0.18197879858657243,0.9803918216630197
8.38139421999023,0.0826645264847512,0.18197879858657243,0.9804602024070022
8.404638616925968,0.08313155770782889,0.18197879858657243,0.9805798687089715
8.427883013861702,0.08333333333333333,0.18197879858657243,0.9806311542669585
8.45112741079744,0.08373983739837398,0.18197879858657243,0.9807337253829321
8.474371807733174,0.08319738988580751,0.18021201413427562,0.9807850109409191
8.497616204668912,0.08340147179067865,0.18021201413427562,0.9808362964989059
8.520860601604646,0.08395061728395062,0.18021201413427562,0.9809730579868708
8.544104998540384,0.08436724565756824,0.18021201413427562,0.9810756291028446
8.567349395476118,0.0845771144278607,0.18021201413427562,0.9811269146608315
8.590593792411855,0.08471760797342193,0.18021201413427562,0.9811611050328227
8.61383818934759,0.08485856905158069,0.18021201413427562,0.981195295404814
8.637082586283324,0.08514190317195326,0.18021201413427562,0.9812636761487965
8.660326983219061,0.08528428093645485,0.18021201413427562,0.9812978665207878
8.683571380154795,0.08593091828138164,0.18021201413427562,0.9814517231947484
8.706815777090533,0.0863674851820491,0.18021201413427562,0.981554294310722
8.730060174026267,0.08673469387755102,0.18021201413427562,0.9816397702407003
8.753304570962005,0.08717948717948718,0.18021201413427562,0.9817423413566739
8.776548967897739,0.08740359897172237,0.18021201413427562,0.9817936269146609
8.799793364833477,0.08770421324161651,0.18021201413427562,0.9818620076586433
8.82303776176921,0.08759757155247182,0.1784452296819788,0.9820158643326039
8.846282158704948,0.0881326352530541,0.1784452296819788,0.9821355306345733
8.869526555640682,0.08836395450568679,0.1784452296819788,0.9821868161925602
8.892770952576416,0.08851884312007012,0.1784452296819788,0.9822210065645515
8.916015349512154,0.08890845070422536,0.1784452296819788,0.9823064824945296
8.939259746447888,0.08930150309460655,0.1784452296819788,0.9823919584245077
8.962504143383626,0.08969804618117229,0.1784452296819788,0.9824774343544858
8.98574854031936,0.08912655971479501,0.17667844522968199,0.9825287199124726
9.008992937255098,0.08944543828264759,0.17667844522968199,0.9825971006564551
9.032237334190832,0.08926961226330027,0.17491166077738515,0.9827338621444202
9.05548173112657,0.08794197642792384,0.17137809187279152,0.9828022428884027
9.078726128062304,0.08743169398907104,0.1696113074204947,0.9828706236323851
9.101970524998038,0.08775137111517367,0.1696113074204947,0.9829390043763676
9.125214921933775,0.0886426592797784,0.1696113074204947,0.9831270514223195
9.14845931886951,0.0882079851439183,0.16784452296819788,0.9832125273522976
9.171703715805247,0.08845437616387337,0.16784452296819788,0.9832638129102844
9.194948112740981,0.08878504672897196,0.16784452296819788,0.9833321936542669
9.218192509676719,0.08936970837253057,0.16784452296819788,0.9834518599562363
9.241436906612453,0.09004739336492891,0.16784452296819788,0.9835886214442013
9.26468130354819,0.09064885496183206,0.16784452296819788,0.9837082877461707
9.287925700483925,0.09125840537944284,0.16784452296819788,0.98382795404814
9.311170097419662,0.09178743961352658,0.16784452296819788,0.9839305251641138
9.334414494355396,0.09196515004840271,0.16784452296819788,0.983964715536105
9.35765889129113,0.09241245136186771,0.16784452296819788,0.9840501914660832
9.380903288226868,0.09268292682926829,0.16784452296819788,0.98410147702407
9.404147685162602,0.0930460333006856,0.16784452296819788,0.9841698577680525
9.42739208209834,0.09359605911330049,0.16784452296819788,0.9842724288840262
9.450636479034074,0.09415262636273539,0.16784452296819788,0.984375
9.473880875969812,0.0946215139442231,0.16784452296819788,0.9844604759299781
9.497125272905546,0.09490509490509491,0.16784452296819788,0.984511761487965
9.520369669841283,0.09547738693467336,0.16784452296819788,0.9846143326039387
9.543614066777018,0.09566968781470292,0.16784452296819788,0.98464852297593
9.566858463712755,0.0958627648839556,0.16784452296819788,0.9846827133479212
9.59010286064849,0.09543147208121827,0.16607773851590105,0.9847681892778993
9.613347257584223,0.09611451942740286,0.16607773851590105,0.9848878555798687
9.636591654519961,0.09680741503604531,0.16607773851590105,0.985007521881838
9.659836051455695,0.09700722394220847,0.16607773851590105,0.9850417122538293
9.683080448391433,0.09627329192546584,0.16431095406360424,0.9850759026258206
9.706324845327167,0.09667359667359668,0.16431095406360424,0.9851442833698031
9.729569242262905,0.096875,0.16431095406360424,0.9851784737417943
9.752813639198639,0.0976890756302521,0.16431095406360424,0.9853152352297593
9.776058036134376,0.09789473684210526,0.16431095406360424,0.9853494256017505
9.79930243307011,0.09820485744456177,0.16431095406360424,0.9854007111597374
9.822546830005848,0.09862142099681867,0.16431095406360424,0.9854690919037199
9.845791226941582,0.09925293489861259,0.16431095406360424,0.9855716630196937
9.869035623877316,0.09881847475832438,0.1625441696113074,0.9856571389496718
9.892280020813054,0.09913793103448276,0.1625441696113074,0.9857084245076586
9.915524417748788,0.09924487594390508,0.1625441696113074,0.9857255196936543
9.938768814684526,0.09956709956709957,0.1625441696113074,0.9857768052516411
9.96201321162026,0.09902067464635474,0.1607773851590106,0.9858451859956237
9.985257608555997,0.0994535519125683,0.1607773851590106,0.9859135667396062
10.008502005491732,0.09989023051591657,0.1607773851590106,0.9859819474835886
10.03174640242747,0.1005524861878453,0.1607773851590106,0.9860845185995624
10.054990799363203,0.10111111111111111,0.1607773851590106,0.9861699945295405
10.078235196298937,0.10144927536231885,0.1607773851590106,0.9862212800875274
10.101479593234675,0.10213243546576879,0.1607773851590106,0.9863238512035011
10.12472399017041,0.10236220472440945,0.1607773851590106,0.9863580415754923
10.147968387106147,0.10305775764439411,0.1607773851590106,0.9864606126914661
10.171212784041881,0.10238907849829351,0.15901060070671377,0.986511898249453
10.194457180977619,0.10250569476082004,0.15901060070671377,0.9865289934354485
10.217701577913353,0.10321100917431193,0.15901060070671377,0.9866315645514223
10.24094597484909,0.10344827586206896,0.15901060070671377,0.9866657549234136
10.264190371784824,0.10416666666666667,0.15901060070671377,0.9867683260393874
10.287434768720562,0.10465116279069768,0.15901060070671377,0.9868367067833698
10.310679165656296,0.10501750291715285,0.15901060070671377,0.9868879923413567
10.33392356259203,0.10526315789473684,0.15901060070671377,0.986922182713348
10.357167959527768,0.1045828437132785,0.15724381625441697,0.9869734682713348
10.380412356463502,0.10401891252955082,0.15547703180212014,0.9870418490153173
10.40365675339924,0.10451306413301663,0.15547703180212014,0.9871102297592997
10.426901150334974,0.10463733650416171,0.15547703180212014,0.9871273249452954
10.450145547270711,0.10501193317422435,0.15547703180212014,0.9871786105032823
10.473389944206446,0.1056422569027611,0.15547703180212014,0.9872640864332604
10.496634341142183,0.10589651022864019,0.15547703180212014,0.9872982768052516
10.519878738077917,0.10679611650485436,0.15547703180212014,0.987417943107221
10.543123135013655,0.10744810744810745,0.15547703180212014,0.9875034190371991
10.566367531949389,0.10797546012269939,0.15547703180212014,0.9875717997811816
10.589611928885123,0.10877626699629171,0.15547703180212014,0.9876743708971554
10.61285632582086,0.10834371108343711,0.15371024734982333,0.9877598468271335
10.636100722756595,0.10736579275905118,0.1519434628975265,0.9877769420131292
10.659345119692333,0.10763454317897372,0.1519434628975265,0.9878111323851203
10.682589516628067,0.10763454317897372,0.1519434628975265,0.9878111323851203
10.705833913563804,0.10831234256926953,0.1519434628975265,0.9878966083150985
10.729078310499538,0.10844892812105927,0.1519434628975265,0.9879137035010941
10.752322707435276,0.10955414012738854,0.1519434628975265,0.9880504649890591
10.77556710437101,0.10997442455242967,0.1519434628975265,0.988101750547046
10.798811501306744,0.11025641025641025,0.1519434628975265,0.9881359409190372
10.822055898242482,0.11068211068211069,0.1519434628975265,0.9881872264770241
10.845300295178216,0.11154345006485085,0.1519434628975265,0.9882897975929978
10.868544692113954,0.1122715404699739,0.1519434628975265,0.9883752735229759
10.891789089049688,0.1127129750982962,0.1519434628975265,0.9884265590809628
10.915033485985425,0.11345646437994723,0.1519434628975265,0.9885120350109409
10.93827788292116,0.11345646437994723,0.1519434628975265,0.9885120350109409
10.961522279856897,0.11360634081902246,0.1519434628975265,0.9885291301969366
10.984766676792631,0.11170212765957446,0.14840989399293286,0.9885804157549234
11.008011073728369,0.11051930758988016,0.14664310954063603,0.9885804157549234
11.031255470664103,0.11066666666666666,0.14664310954063603,0.9885975109409191
11.054499867599837,0.11021505376344086,0.14487632508833923,0.9886829868708972
11.077744264535575,0.11021505376344086,0.14487632508833923,0.9886829868708972
11.100988661471309,0.11081081081081082,0.14487632508833923,0.9887513676148797
11.124233058407047,0.1112618724559023,0.14487632508833923,0.9888026531728665
11.14747745534278,0.11156462585034013,0.14487632508833923,0.9888368435448578
11.170721852278518,0.11202185792349727,0.14487632508833923,0.9888881291028446
11.193966249214252,0.1121751025991792,0.14487632508833923,0.9889052242888403
11.21721064614999,0.11294765840220386,0.14487632508833923,0.9889907002188184
11.240455043085724,0.11341632088520055,0.14487632508833923,0.9890419857768052
11.263699440021462,0.11234396671289876,0.1431095406360424,0.9890590809628009
11.286943836957196,0.1111111111111111,0.1413427561837456,0.9890590809628009
11.31018823389293,0.11173184357541899,0.1413427561837456,0.9891274617067833
11.333432630828668,0.11267605633802817,0.1413427561837456,0.9892300328227571
11.356677027764402,0.11347517730496454,0.1413427561837456,0.9893155087527352
11.37992142470014,0.11363636363636363,0.1413427561837456,0.9893326039387309
11.403165821635874,0.11412268188302425,0.1413427561837456,0.9893838894967177
11.426410218571611,0.11444921316165951,0.1413427561837456,0.989418079868709
11.449654615507345,0.11510791366906475,0.1413427561837456,0.9894864606126915
11.472899012443083,0.11527377521613832,0.1413427561837456,0.9895035557986871
11.496143409378817,0.11337209302325581,0.13780918727915195,0.9895719365426696
11.519387806314555,0.11257309941520467,0.13604240282685512,0.9896232221006565
11.542632203250289,0.11323529411764706,0.13604240282685512,0.989691602844639
11.565876600186023,0.11390532544378698,0.13604240282685512,0.9897599835886215
11.58912099712176,0.11441307578008915,0.13604240282685512,0.9898112691466083
11.612365394057495,0.11492537313432835,0.13604240282685512,0.9898625547045952
11.635609790993232,0.11509715994020926,0.13604240282685512,0.9898796498905909
11.658854187928966,0.11526946107784432,0.13604240282685512,0.9898967450765864
11.682098584864704,0.11561561561561562,0.13604240282685512,0.9899309354485777
11.705342981800438,0.11596385542168675,0.13604240282685512,0.989965125820569
11.728587378736176,0.11666666666666667,0.13604240282685512,0.9900335065645515
11.75183177567191,0.11684370257966616,0.13604240282685512,0.990050601750547
11.775076172607644,0.1173780487804878,0.13604240282685512,0.9901018873085339
11.798320569543382,0.11692307692307692,0.13427561837455831,0.9901873632385121
11.821564966479116,0.11764705882352941,0.13427561837455831,0.9902557439824945
11.844809363414853,0.11782945736434108,0.13427561837455831,0.9902728391684902
11.868053760350588,0.11544461778471139,0.13074204946996468,0.9903070295404814
11.891298157286325,0.11580594679186229,0.13074204946996468,0.9903412199124726
11.91454255422206,0.11598746081504702,0.13074204946996468,0.9903583150984683
11.937786951157797,0.11653543307086614,0.13074204946996468,0.9904096006564551
11.961031348093531,0.11708860759493671,0.13074204946996468,0.9904608862144421
11.984275745029269,0.11727416798732171,0.13074204946996468,0.9904779814004376
12.007520141965003,0.1178343949044586,0.13074204946996468,0.9905292669584245
12.030764538900737,0.1178343949044586,0.13074204946996468,0.9905292669584245
12.054008935836475,0.11661341853035144,0.12897526501766785,0.9905463621444202
12.077253332772209,0.11774193548387096,0.12897526501766785,0.9906489332603938
12.100497729707946,0.11812297734627832,0.12897526501766785,0.9906831236323851
12.12374212664368,0.1185064935064935,0.12897526501766785,0.9907173140043763
12.146986523579418,0.11764705882352941,0.127208480565371,0.9907685995623632
12.170230920515152,0.11822660098522167,0.127208480565371,0.9908198851203501
12.19347531745089,0.11842105263157894,0.127208480565371,0.9908369803063457
12.216719714386624,0.1188118811881188,0.127208480565371,0.990871170678337
12.239964111322362,0.11960132890365449,0.127208480565371,0.9909395514223195
12.263208508258096,0.12040133779264214,0.127208480565371,0.991007932166302
12.28645290519383,0.12121212121212122,0.127208480565371,0.9910763129102844
12.309697302129567,0.12013536379018612,0.1254416961130742,0.9911105032822757
12.332941699065302,0.12095400340715502,0.1254416961130742,0.9911788840262582
12.35618609600104,0.11986301369863013,0.12367491166077739,0.9912130743982495
12.379430492936773,0.11876075731497418,0.12190812720848057,0.9912472647702407
12.402674889872511,0.11896551724137931,0.12190812720848057,0.9912643599562363
12.425919286808245,0.11826086956521739,0.12014134275618374,0.9913327407002188
12.449163683743983,0.11754385964912281,0.11837455830388692,0.9914011214442013
12.472408080679717,0.11775043936731107,0.11837455830388692,0.9914182166301969
12.495652477615455,0.11816578483245149,0.11837455830388692,0.9914524070021882
12.518896874551189,0.11879432624113476,0.11837455830388692,0.991503692560175
12.542141271486923,0.11942959001782531,0.11837455830388692,0.991554978118162
12.56538566842266,0.11985688729874776,0.11837455830388692,0.9915891684901532
12.588630065358394,0.12028725314183124,0.11837455830388692,0.9916233588621444
12.611874462294132,0.12028725314183124,0.11837455830388692,0.9916233588621444
12.635118859229866,0.12093862815884476,0.11837455830388692,0.9916746444201313
12.658363256165604,0.11978221415607986,0.1166077738515901,0.9917088347921226
12.681607653101338,0.12043795620437957,0.1166077738515901,0.9917601203501094
12.704852050037076,0.12043795620437957,0.1166077738515901,0.9917601203501094
12.72809644697281,0.1206581352833638,0.1166077738515901,0.991777215536105
12.751340843908544,0.12087912087912088,0.1166077738515901,0.9917943107221007
12.774585240844281,0.11948529411764706,0.11484098939929328,0.9918114059080962
12.797829637780016,0.11992619926199262,0.11484098939929328,0.9918455962800875
12.821074034715753,0.11992619926199262,0.11484098939929328,0.9918455962800875
12.844318431651487,0.12059369202226346,0.11484098939929328,0.9918968818380745
12.867562828587225,0.12195121951219512,0.11484098939929328,0.9919994529540481
12.890807225522959,0.12264150943396226,0.11484098939929328,0.992050738512035
12.914051622458697,0.12404580152671756,0.11484098939929328,0.9921533096280087
12.93729601939443,0.125,0.11484098939929328,0.9922216903719913
12.960540416330169,0.12548262548262548,0.11484098939929328,0.9922558807439825
12.983784813265903,0.12596899224806202,0.11484098939929328,0.9922900711159738
13.007029210201637,0.1264591439688716,0.11484098939929328,0.992324261487965
13.030273607137374,0.12524461839530332,0.11307420494699646,0.9923584518599562
13.053518004073108,0.12352941176470589,0.11130742049469965,0.9923584518599562
13.076762401008846,0.1242603550295858,0.11130742049469965,0.9924097374179431
13.10000679794458,0.12475247524752475,0.11130742049469965,0.9924439277899344
13.123251194880318,0.1254980079681275,0.11130742049469965,0.9924952133479212
13.146495591816052,0.126,0.11130742049469965,0.9925294037199125
13.16973998875179,0.12625250501002003,0.11130742049469965,0.9925464989059081
13.192984385687524,0.12525252525252525,0.10954063604240283,0.992597784463895
13.216228782623261,0.1257606490872211,0.10954063604240283,0.9926319748358862
13.239473179558995,0.12678936605316973,0.10954063604240283,0.9927003555798687
13.26271757649473,0.12757201646090535,0.10954063604240283,0.9927516411378556
13.285961973430467,0.128099173553719,0.10954063604240283,0.9927858315098468
13.309206370366201,0.1288981288981289,0.10954063604240283,0.9928371170678337
13.332450767301939,0.129979035639413,0.10954063604240283,0.9929054978118161
13.355695164237673,0.1308016877637131,0.10954063604240283,0.9929567833698031
13.37893956117341,0.13135593220338984,0.10954063604240283,0.9929909737417943
13.402183958109145,0.13135593220338984,0.10954063604240283,0.9929909737417943
13.425428355044883,0.1316348195329087,0.10954063604240283,0.9930080689277899
13.448672751980617,0.13219616204690832,0.10954063604240283,0.9930422592997812
13.47191714891635,0.13118279569892474,0.10777385159010601,0.993093544857768
13.495161545852088,0.12742980561555076,0.10424028268551237,0.993093544857768
13.518405942787822,0.12608695652173912,0.10247349823321555,0.9931277352297593
13.54165033972356,0.12691466083150985,0.10247349823321555,0.9931790207877462
13.564894736659294,0.1280353200883002,0.10247349823321555,0.9932474015317286
13.588139133595032,0.1286031042128603,0.10247349823321555,0.9932815919037199
13.611383530530766,0.12946428571428573,0.10247349823321555,0.9933328774617067
13.634627927466504,0.1297539149888143,0.10247349823321555,0.9933499726477024
13.657872324402238,0.1309255079006772,0.10247349823321555,0.9934183533916849
13.681116721337975,0.13122171945701358,0.10247349823321555,0.9934354485776805
13.70436111827371,0.13272311212814644,0.10247349823321555,0.9935209245076586
13.727605515209444,0.1336405529953917,0.10247349823321555,0.9935722100656456
13.750849912145181,0.13394919168591224,0.10247349823321555,0.9935893052516411
13.774094309080915,0.13225058004640372,0.10070671378091872,0.9936064004376368
13.797338706016653,0.13023255813953488,0.0989399293286219,0.9936064004376368
13.820583102952387,0.1308411214953271,0.0989399293286219,0.993640590809628
13.843827499888125,0.13114754098360656,0.0989399293286219,0.9936576859956237
13.867071896823859,0.13176470588235295,0.0989399293286219,0.9936918763676149
13.890316293759597,0.1320754716981132,0.0989399293286219,0.9937089715536105
13.91356069069533,0.1320754716981132,0.0989399293286219,0.9937089715536105
13.936805087631068,0.1320754716981132,0.0989399293286219,0.9937089715536105
13.960049484566802,0.13126491646778043,0.09717314487632508,0.993777352297593
13.983293881502536,0.13189448441247004,0.09717314487632508,0.9938115426695843
14.006538278438274,0.13221153846153846,0.09717314487632508,0.9938286378555798
14.029782675374008,0.13349514563106796,0.09717314487632508,0.9938970185995624
14.053027072309746,0.13447432762836187,0.09717314487632508,0.9939483041575492
14.07627146924548,0.13513513513513514,0.09717314487632508,0.9939824945295405
14.099515866181218,0.1354679802955665,0.09717314487632508,0.9939995897155361
14.122760263116952,0.13613861386138615,0.09717314487632508,0.9940337800875274
14.14600466005269,0.13681592039800994,0.09717314487632508,0.9940679704595186
14.169249056988427,0.13681592039800994,0.09717314487632508,0.9940679704595186
14.192493453924158,0.1371571072319202,0.09717314487632508,0.9940850656455142
14.215737850859895,0.13784461152882205,0.09717314487632508,0.9941192560175055
14.238982247795633,0.13924050632911392,0.09717314487632508,0.9941876367614879
14.262226644731363,0.13994910941475827,0.09717314487632508,0.9942218271334792
14.285471041667101,0.1377551020408163,0.09540636042402827,0.9942218271334792
14.308715438602839,0.13810741687979539,0.09540636042402827,0.9942389223194749
14.331959835538576,0.13846153846153847,0.09540636042402827,0.9942560175054704
14.355204232474307,0.13471502590673576,0.09187279151943463,0.9942902078774617
14.378448629410045,0.13648293963254593,0.09187279151943463,0.9943756838074398
14.401693026345782,0.13648293963254593,0.09187279151943463,0.9943756838074398
14.42493742328152,0.1349206349206349,0.09010600706713781,0.994409874179431
14.44818182021725,0.13527851458885942,0.09010600706713781,0.9944269693654267
14.471426217152988,0.136,0.09010600706713781,0.9944611597374179
14.494670614088726,0.13709677419354838,0.09010600706713781,0.9945124452954048
14.517915011024456,0.1347708894878706,0.08833922261484099,0.9945124452954048
14.541159407960194,0.13279132791327913,0.08657243816254417,0.9945295404814004
14.564403804895932,0.13114754098360656,0.08480565371024736,0.9945637308533917
14.58764820183167,0.13186813186813187,0.08480565371024736,0.9945979212253829
14.6108925987674,0.1322314049586777,0.08480565371024736,0.9946150164113785
14.634136995703138,0.13259668508287292,0.08480565371024736,0.9946321115973742
14.657381392638875,0.13370473537604458,0.08480565371024736,0.994683397155361
14.680625789574613,0.1340782122905028,0.08480565371024736,0.9947004923413567
14.703870186510343,0.1352112676056338,0.08480565371024736,0.9947517778993435
14.727114583446081,0.1359773371104816,0.08480565371024736,0.9947859682713348
14.750358980381819,0.13675213675213677,0.08480565371024736,0.9948201586433261
14.77360337731755,0.13714285714285715,0.08480565371024736,0.9948372538293216
14.796847774253287,0.138328530259366,0.08480565371024736,0.9948885393873085
14.820092171189025,0.13662790697674418,0.08303886925795052,0.9949227297592997
14.843336568124762,0.13662790697674418,0.08303886925795052,0.9949227297592997
14.866580965060493,0.13450292397660818,0.0812720848056537,0.9949398249452954
14.88982536199623,0.1348973607038123,0.0812720848056537,0.994956920131291
14.913069758931968,0.13529411764705881,0.0812720848056537,0.9949740153172867
14.936314155867699,0.13529411764705881,0.0812720848056537,0.9949740153172867
14.959558552803436,0.13274336283185842,0.07950530035335689,0.9949740153172867
14.982802949739174,0.13056379821958458,0.07773851590106007,0.9949911105032823
15.006047346674912,0.12835820895522387,0.07597173144876325,0.995008205689278
15.029291743610642,0.12612612612612611,0.07420494699646643,0.9950253008752735
15.05253614054638,0.12612612612612611,0.07420494699646643,0.9950253008752735
15.075780537482117,0.12650602409638553,0.07420494699646643,0.9950423960612691
15.099024934417855,0.1268882175226586,0.07420494699646643,0.9950594912472648
15.122269331353586,0.1268882175226586,0.07420494699646643,0.9950594912472648
15.145513728289323,0.12804878048780488,0.07420494699646643,0.9951107768052516
15.168758125225061,0.12844036697247707,0.07420494699646643,0.9951278719912473
15.192002522160792,0.12923076923076923,0.07420494699646643,0.9951620623632386
15.21524691909653,0.12962962962962962,0.07420494699646643,0.9951791575492341
15.238491316032267,0.12962962962962962,0.07420494699646643,0.9951791575492341
15.261735712968004,0.13166144200626959,0.07420494699646643,0.9952646334792122
15.284980109903735,0.1320754716981132,0.07420494699646643,0.9952817286652079
15.308224506839473,0.1320754716981132,0.07420494699646643,0.9952817286652079
15.33146890377521,0.1337579617834395,0.07420494699646643,0.9953501094091903
15.354713300710948,0.13099041533546327,0.07243816254416961,0.9953501094091903
15.377957697646679,0.13225806451612904,0.07243816254416961,0.9954013949671773
15.401202094582416,0.13225806451612904,0.07243816254416961,0.9954013949671773
15.424446491518154,0.1331168831168831,0.07243816254416961,0.9954355853391685
15.447690888453884,0.13486842105263158,0.07243816254416961,0.995503966083151
15.470935285389622,0.1353135313531353,0.07243816254416961,0.9955210612691466
15.49417968232536,0.1357615894039735,0.07243816254416961,0.9955381564551422
15.517424079261097,0.1342281879194631,0.0706713780918728,0.9955894420131292
15.540668476196828,0.1342281879194631,0.0706713780918728,0.9955894420131292
15.563912873132566,0.1342281879194631,0.0706713780918728,0.9955894420131292
15.587157270068303,0.13559322033898305,0.0706713780918728,0.995640727571116
15.61040166700404,0.1360544217687075,0.0706713780918728,0.9956578227571116
15.633646063939771,0.13651877133105803,0.0706713780918728,0.9956749179431073
15.656890460875509,0.136986301369863,0.0706713780918728,0.9956920131291028
15.680134857811247,0.136986301369863,0.0706713780918728,0.9956920131291028
15.703379254746977,0.136986301369863,0.0706713780918728,0.9956920131291028
15.726623651682715,0.13793103448275862,0.0706713780918728,0.9957262035010941
15.749868048618453,0.1388888888888889,0.0706713780918728,0.9957603938730853
15.77311244555419,0.13333333333333333,0.06713780918727916,0.9957774890590809
15.79635684248992,0.13380281690140844,0.06713780918727916,0.9957945842450766
15.819601239425658,0.13523131672597866,0.06713780918727916,0.9958458698030634
15.842845636361396,0.13523131672597866,0.06713780918727916,0.9958458698030634
15.866090033297134,0.13309352517985612,0.06537102473498234,0.9958800601750547
15.889334430232864,0.13405797101449277,0.06537102473498234,0.995914250547046
15.912578827168602,0.13503649635036497,0.06537102473498234,0.9959484409190372
15.93582322410434,0.13703703703703704,0.06537102473498234,0.9960168216630197
15.95906762104007,0.13857677902621723,0.06537102473498234,0.9960681072210066
15.982312017975808,0.13857677902621723,0.06537102473498234,0.9960681072210066
16.005556414911545,0.13857677902621723,0.06537102473498234,0.9960681072210066
16.028800811847283,0.13857677902621723,0.06537102473498234,0.9960681072210066
16.052045208783014,0.13962264150943396,0.06537102473498234,0.9961022975929978
16.07528960571875,0.1423076923076923,0.06537102473498234,0.9961877735229759
16.09853400265449,0.1423076923076923,0.06537102473498234,0.9961877735229759
16.121778399590227,0.14285714285714285,0.06537102473498234,0.9962048687089715
16.145022796525957,0.14285714285714285,0.06537102473498234,0.9962048687089715
16.168267193461695,0.1450980392156863,0.06537102473498234,0.996273249452954
16.191511590397432,0.14566929133858267,0.06537102473498234,0.9962903446389497
16.214755987333163,0.1422924901185771,0.0636042402826855,0.9962903446389497
16.2380003842689,0.1422924901185771,0.0636042402826855,0.9962903446389497
16.26124478120464,0.1422924901185771,0.0636042402826855,0.9962903446389497
16.284489178140376,0.144,0.0636042402826855,0.9963416301969366
16.307733575076107,0.144,0.0636042402826855,0.9963416301969366
16.330977972011844,0.14457831325301204,0.0636042402826855,0.9963587253829321
16.354222368947582,0.145748987854251,0.0636042402826855,0.9963929157549234
16.37746676588332,0.145748987854251,0.0636042402826855,0.9963929157549234
16.40071116281905,0.14634146341463414,0.0636042402826855,0.9964100109409191
16.423955559754788,0.14754098360655737,0.0636042402826855,0.9964442013129103
16.447199956690525,0.1487603305785124,0.0636042402826855,0.9964783916849015
16.470444353626256,0.1487603305785124,0.0636042402826855,0.9964783916849015
16.493688750561994,0.14937759336099585,0.0636042402826855,0.9964954868708972
16.51693314749773,0.14937759336099585,0.0636042402826855,0.9964954868708972
16.54017754443347,0.15,0.0636042402826855,0.9965125820568927
16.5634219413692,0.1506276150627615,0.0636042402826855,0.9965296772428884
16.586666338304937,0.14893617021276595,0.061837455830388695,0.9965809628008753
16.609910735240675,0.15086206896551724,0.061837455830388695,0.9966322483588621
16.633155132176405,0.15151515151515152,0.061837455830388695,0.9966493435448578
16.656399529112143,0.15217391304347827,0.061837455830388695,0.9966664387308534
16.67964392604788,0.15350877192982457,0.061837455830388695,0.9967006291028446
16.70288832298362,0.15418502202643172,0.061837455830388695,0.9967177242888403
16.72613271991935,0.15625,0.061837455830388695,0.9967690098468271
16.749377116855086,0.15765765765765766,0.061837455830388695,0.9968032002188184
16.772621513790824,0.15765765765765766,0.061837455830388695,0.9968032002188184
16.79586591072656,0.15765765765765766,0.061837455830388695,0.9968032002188184
16.819110307662292,0.1583710407239819,0.061837455830388695,0.996820295404814
16.84235470459803,0.1583710407239819,0.061837455830388695,0.996820295404814
16.865599101533768,0.1583710407239819,0.061837455830388695,0.996820295404814
16.888843498469498,0.1590909090909091,0.061837455830388695,0.9968373905908097
16.912087895405236,0.1598173515981735,0.061837455830388695,0.9968544857768052
16.935332292340973,0.16055045871559634,0.061837455830388695,0.9968715809628009
16.95857668927671,0.15668202764976957,0.06007067137809187,0.9968715809628009
16.98182108621244,0.1574074074074074,0.06007067137809187,0.9968886761487965
17.00506548314818,0.15492957746478872,0.05830388692579505,0.9969228665207878
17.028309880083917,0.1509433962264151,0.05653710247349823,0.9969228665207878
17.051554277019655,0.1523809523809524,0.05653710247349823,0.996957056892779
17.074798673955385,0.1523809523809524,0.05653710247349823,0.996957056892779
17.098043070891123,0.15311004784688995,0.05653710247349823,0.9969741520787746
17.12128746782686,0.15384615384615385,0.05653710247349823,0.9969912472647703
17.14453186476259,0.15121951219512195,0.054770318021201414,0.9970254376367614
17.16777626169833,0.15121951219512195,0.054770318021201414,0.9970254376367614
17.191020658634066,0.15196078431372548,0.054770318021201414,0.9970425328227571
17.214265055569804,0.15270935960591134,0.054770318021201414,0.9970596280087527
17.237509452505535,0.15346534653465346,0.054770318021201414,0.9970767231947484
17.260753849441272,0.14925373134328357,0.053003533568904596,0.9970767231947484
17.28399824637701,0.14925373134328357,0.053003533568904596,0.9970767231947484
17.307242643312748,0.14925373134328357,0.053003533568904596,0.9970767231947484
17.330487040248478,0.1507537688442211,0.053003533568904596,0.9971109135667396
17.353731437184216,0.15228426395939088,0.053003533568904596,0.9971451039387309
17.376975834119953,0.15306122448979592,0.053003533568904596,0.9971621991247265
17.400220231055684,0.15025906735751296,0.05123674911660778,0.9971963894967177
17.42346462799142,0.1518324607329843,0.05123674911660778,0.997230579868709
17.44670902492716,0.15263157894736842,0.05123674911660778,0.9972476750547046
17.469953421862897,0.15343915343915343,0.05123674911660778,0.9972647702407003
17.493197818798627,0.15343915343915343,0.05123674911660778,0.9972647702407003
17.516442215734365,0.15425531914893617,0.05123674911660778,0.9972818654266958
17.539686612670103,0.15508021390374332,0.05123674911660778,0.9972989606126915
17.56293100960584,0.15217391304347827,0.04946996466431095,0.9973331509846827
17.58617540654157,0.15217391304347827,0.04946996466431095,0.9973331509846827
17.60941980347731,0.15217391304347827,0.04946996466431095,0.9973331509846827
17.632664200413046,0.15300546448087432,0.04946996466431095,0.9973502461706784
17.655908597348777,0.1564245810055866,0.04946996466431095,0.9974186269146609
17.679152994284514,0.1564245810055866,0.04946996466431095,0.9974186269146609
17.702397391220252,0.1564245810055866,0.04946996466431095,0.9974186269146609
17.72564178815599,0.15730337078651685,0.04946996466431095,0.9974357221006565
17.74888618509172,0.15819209039548024,0.04946996466431095,0.997452817286652
17.772130582027458,0.15819209039548024,0.04946996466431095,0.997452817286652
17.795374978963196,0.15819209039548024,0.04946996466431095,0.997452817286652
17.818619375898933,0.15819209039548024,0.04946996466431095,0.997452817286652
17.841863772834664,0.15819209039548024,0.04946996466431095,0.997452817286652
17.8651081697704,0.1590909090909091,0.04946996466431095,0.9974699124726477
17.88835256670614,0.1590909090909091,0.04946996466431095,0.9974699124726477
17.91159696364187,0.1590909090909091,0.04946996466431095,0.9974699124726477
17.934841360577607,0.1590909090909091,0.04946996466431095,0.9974699124726477
17.958085757513345,0.16,0.04946996466431095,0.9974870076586433
17.981330154449083,0.16091954022988506,0.04946996466431095,0.997504102844639
18.004574551384813,0.16091954022988506,0.04946996466431095,0.997504102844639
18.02781894832055,0.16091954022988506,0.04946996466431095,0.997504102844639
18.05106334525629,0.15606936416184972,0.04770318021201413,0.997504102844639
18.074307742192026,0.1569767441860465,0.04770318021201413,0.9975211980306345
18.097552139127757,0.1569767441860465,0.04770318021201413,0.9975211980306345
18.120796536063494,0.1588235294117647,0.04770318021201413,0.9975553884026258
18.144040932999232,0.1588235294117647,0.04770318021201413,0.9975553884026258
18.167285329934963,0.15476190476190477,0.045936395759717315,0.9975724835886215
18.1905297268707,0.15476190476190477,0.045936395759717315,0.9975724835886215
18.213774123806438,0.15476190476190477,0.045936395759717315,0.9975724835886215
18.237018520742176,0.15568862275449102,0.045936395759717315,0.9975895787746171
18.260262917677906,0.15757575757575756,0.045936395759717315,0.9976237691466083
18.283507314613644,0.15853658536585366,0.045936395759717315,0.9976408643326039
18.30675171154938,0.15853658536585366,0.045936395759717315,0.9976408643326039
18.329996108485112,0.15950920245398773,0.045936395759717315,0.9976579595185996
18.35324050542085,0.15950920245398773,0.045936395759717315,0.9976579595185996
18.376484902356587,0.16049382716049382,0.045936395759717315,0.9976750547045952
18.399729299292325,0.16049382716049382,0.045936395759717315,0.9976750547045952
18.422973696228055,0.16049382716049382,0.045936395759717315,0.9976750547045952
18.446218093163793,0.16049382716049382,0.045936395759717315,0.9976750547045952
18.46946249009953,0.16049382716049382,0.045936395759717315,0.9976750547045952
18.49270688703527,0.15527950310559005,0.044169611307420496,0.9976750547045952
18.515951283971,0.1509433962264151,0.04240282685512368,0.9976921498905909
18.539195680906737,0.1518987341772152,0.04240282685512368,0.9977092450765864
18.562440077842474,0.1518987341772152,0.04240282685512368,0.9977092450765864
18.585684474778205,0.15286624203821655,0.04240282685512368,0.9977263402625821
18.608928871713942,0.15286624203821655,0.04240282685512368,0.9977263402625821
18.63217326864968,0.15286624203821655,0.04240282685512368,0.9977263402625821
18.655417665585418,0.15286624203821655,0.04240282685512368,0.9977263402625821
18.67866206252115,0.15384615384615385,0.04240282685512368,0.9977434354485777
18.701906459456886,0.15584415584415584,0.04240282685512368,0.997777625820569
18.725150856392624,0.15584415584415584,0.04240282685512368,0.997777625820569
18.74839525332836,0.15584415584415584,0.04240282685512368,0.997777625820569
18.771639650264092,0.1503267973856209,0.04063604240282685,0.997777625820569
18.79488404719983,0.152317880794702,0.04063604240282685,0.9978118161925602
18.818128444135567,0.152317880794702,0.04063604240282685,0.9978118161925602
18.841372841071298,0.152317880794702,0.04063604240282685,0.9978118161925602
18.864617238007035,0.15436241610738255,0.04063604240282685,0.9978460065645515
18.887861634942773,0.15436241610738255,0.04063604240282685,0.9978460065645515
18.91110603187851,0.1554054054054054,0.04063604240282685,0.997863101750547
18.93435042881424,0.1564625850340136,0.04063604240282685,0.9978801969365426
18.95759482574998,0.15862068965517243,0.04063604240282685,0.9979143873085339
18.980839222685717,0.15862068965517243,0.04063604240282685,0.9979143873085339
19.004083619621454,0.15862068965517243,0.04063604240282685,0.9979143873085339
19.027328016557185,0.15862068965517243,0.04063604240282685,0.9979143873085339
19.050572413492922,0.16083916083916083,0.04063604240282685,0.9979485776805251
19.07381681042866,0.1619718309859155,0.04063604240282685,0.9979656728665208
19.09706120736439,0.16312056737588654,0.04063604240282685,0.9979827680525164
19.12030560430013,0.16428571428571428,0.04063604240282685,0.9979998632385121
19.143550001235866,0.16428571428571428,0.04063604240282685,0.9979998632385121
19.166794398171604,0.16058394160583941,0.038869257950530034,0.9980340536105032
19.190038795107334,0.16058394160583941,0.038869257950530034,0.9980340536105032
19.213283192043072,0.16176470588235295,0.038869257950530034,0.9980511487964989
19.23652758897881,0.16296296296296298,0.038869257950530034,0.9980682439824945
19.259771985914547,0.15671641791044777,0.037102473498233215,0.9980682439824945
19.283016382850278,0.15671641791044777,0.037102473498233215,0.9980682439824945
19.306260779786015,0.15037593984962405,0.0353356890459364,0.9980682439824945
19.329505176721753,0.15037593984962405,0.0353356890459364,0.9980682439824945
19.352749573657483,0.15151515151515152,0.0353356890459364,0.9980853391684902
19.37599397059322,0.15151515151515152,0.0353356890459364,0.9980853391684902
19.39923836752896,0.15503875968992248,0.0353356890459364,0.998136624726477
19.422482764464696,0.15625,0.0353356890459364,0.9981537199124726
19.445727161400427,0.15625,0.0353356890459364,0.9981537199124726
19.468971558336165,0.15625,0.0353356890459364,0.9981537199124726
19.492215955271902,0.15625,0.0353356890459364,0.9981537199124726
19.51546035220764,0.15873015873015872,0.0353356890459364,0.9981879102844639
19.53870474914337,0.15873015873015872,0.0353356890459364,0.9981879102844639
19.561949146079108,0.16,0.0353356890459364,0.9982050054704595
19.585193543014846,0.16260162601626016,0.0353356890459364,0.9982391958424508
19.608437939950576,0.16393442622950818,0.0353356890459364,0.9982562910284464
19.631682336886314,0.15833333333333333,0.03356890459363958,0.9982733862144421
19.65492673382205,0.15966386554621848,0.03356890459363958,0.9982904814004376
19.67817113075779,0.16101694915254236,0.03356890459363958,0.9983075765864332
19.70141552769352,0.15384615384615385,0.03180212014134275,0.9983075765864332
19.724659924629258,0.15384615384615385,0.03180212014134275,0.9983075765864332
19.747904321564995,0.15384615384615385,0.03180212014134275,0.9983075765864332
19.771148718500733,0.1565217391304348,0.03180212014134275,0.9983417669584245
19.794393115436463,0.1565217391304348,0.03180212014134275,0.9983417669584245
19.8176375123722,0.1565217391304348,0.03180212014134275,0.9983417669584245
19.84088190930794,0.1592920353982301,0.03180212014134275,0.9983759573304157
19.86412630624367,0.16216216216216217,0.03180212014134275,0.998410147702407
19.887370703179407,0.16216216216216217,0.03180212014134275,0.998410147702407
19.910615100115145,0.16216216216216217,0.03180212014134275,0.998410147702407
19.933859497050882,0.16363636363636364,0.03180212014134275,0.9984272428884027
19.957103893986613,0.1651376146788991,0.03180212014134275,0.9984443380743983
19.98034829092235,0.16822429906542055,0.03180212014134275,0.9984785284463895
20.003592687858088,0.17142857142857143,0.03180212014134275,0.9985127188183808
20.026837084793826,0.17307692307692307,0.03180212014134275,0.9985298140043763
20.050081481729556,0.17307692307692307,0.03180212014134275,0.9985298140043763
20.073325878665294,0.17307692307692307,0.03180212014134275,0.9985298140043763
20.09657027560103,0.17475728155339806,0.03180212014134275,0.998546909190372
20.119814672536762,0.17647058823529413,0.03180212014134275,0.9985640043763676
20.1430590694725,0.18,0.03180212014134275,0.9985981947483589
20.166303466408237,0.18181818181818182,0.03180212014134275,0.9986152899343544
20.189547863343975,0.1836734693877551,0.03180212014134275,0.9986323851203501
20.212792260279706,0.18556701030927836,0.03180212014134275,0.9986494803063457
20.236036657215443,0.1875,0.03180212014134275,0.9986665754923414
20.25928105415118,0.1827956989247312,0.030035335689045935,0.9987007658643327
20.28252545108691,0.1827956989247312,0.030035335689045935,0.9987007658643327
20.30576984802265,0.1827956989247312,0.030035335689045935,0.9987007658643327
20.329014244958387,0.18681318681318682,0.030035335689045935,0.9987349562363238
20.352258641894124,0.18888888888888888,0.030035335689045935,0.9987520514223195
20.375503038829855,0.18888888888888888,0.030035335689045935,0.9987520514223195
20.398747435765593,0.18888888888888888,0.030035335689045935,0.9987520514223195
20.42199183270133,0.19101123595505617,0.030035335689045935,0.9987691466083151
20.445236229637068,0.19318181818181818,0.030035335689045935,0.9987862417943107
20.4684806265728,0.19318181818181818,0.030035335689045935,0.9987862417943107
20.491725023508536,0.19540229885057472,0.030035335689045935,0.9988033369803063
20.514969420444274,0.19767441860465115,0.030035335689045935,0.998820432166302
20.538213817380004,0.19767441860465115,0.030035335689045935,0.998820432166302
20.561458214315742,0.19767441860465115,0.030035335689045935,0.998820432166302
20.58470261125148,0.19767441860465115,0.030035335689045935,0.998820432166302
20.607947008187217,0.20238095238095238,0.030035335689045935,0.9988546225382933
20.631191405122948,0.20238095238095238,0.030035335689045935,0.9988546225382933
20.654435802058686,0.1927710843373494,0.028268551236749116,0.9988546225382933
20.677680198994423,0.1927710843373494,0.028268551236749116,0.9988546225382933
20.70092459593016,0.1951219512195122,0.028268551236749116,0.9988717177242888
20.72416899286589,0.2,0.028268551236749116,0.9989059080962801
20.74741338980163,0.20512820512820512,0.028268551236749116,0.9989400984682714
20.770657786737367,0.20512820512820512,0.028268551236749116,0.9989400984682714
20.793902183673097,0.19736842105263158,0.026501766784452298,0.9989571936542669
20.817146580608835,0.19736842105263158,0.026501766784452298,0.9989571936542669
20.840390977544573,0.19736842105263158,0.026501766784452298,0.9989571936542669
20.86363537448031,0.2,0.026501766784452298,0.9989742888402626
20.88687977141604,0.20270270270270271,0.026501766784452298,0.9989913840262582
20.91012416835178,0.1917808219178082,0.024734982332155476,0.9989913840262582
20.933368565287516,0.1917808219178082,0.024734982332155476,0.9989913840262582
20.956612962223254,0.19444444444444445,0.024734982332155476,0.9990084792122538
20.979857359158984,0.18309859154929578,0.022968197879858657,0.9990084792122538
21.003101756094722,0.18309859154929578,0.022968197879858657,0.9990084792122538
21.02634615303046,0.18309859154929578,0.022968197879858657,0.9990084792122538
21.04959054996619,0.18309859154929578,0.022968197879858657,0.9990084792122538
21.072834946901928,0.18840579710144928,0.022968197879858657,0.999042669584245
21.096079343837665,0.19117647058823528,0.022968197879858657,0.9990597647702407
21.119323740773403,0.19402985074626866,0.022968197879858657,0.9990768599562363
21.142568137709134,0.19402985074626866,0.022968197879858657,0.9990768599562363
21.16581253464487,0.19402985074626866,0.022968197879858657,0.9990768599562363
21.18905693158061,0.2,0.022968197879858657,0.9991110503282276
21.212301328516347,0.2,0.022968197879858657,0.9991110503282276
21.235545725452077,0.2,0.022968197879858657,0.9991110503282276
21.258790122387815,0.2,0.022968197879858657,0.9991110503282276
21.282034519323553,0.203125,0.022968197879858657,0.9991281455142232
21.305278916259283,0.203125,0.022968197879858657,0.9991281455142232
21.32852331319502,0.20634920634920634,0.022968197879858657,0.9991452407002188
21.35176771013076,0.20967741935483872,0.022968197879858657,0.9991623358862144
21.375012107066496,0.20967741935483872,0.022968197879858657,0.9991623358862144
21.398256504002227,0.20967741935483872,0.022968197879858657,0.9991623358862144
21.421500900937964,0.19672131147540983,0.02120141342756184,0.9991623358862144
21.444745297873702,0.19672131147540983,0.02120141342756184,0.9991623358862144
21.46798969480944,0.2,0.02120141342756184,0.9991794310722101
21.49123409174517,0.2,0.02120141342756184,0.9991794310722101
21.514478488680908,0.1896551724137931,0.019434628975265017,0.9991965262582057
21.537722885616645,0.1896551724137931,0.019434628975265017,0.9991965262582057
21.560967282552376,0.1896551724137931,0.019434628975265017,0.9991965262582057
21.584211679488114,0.19298245614035087,0.019434628975265017,0.9992136214442013
21.60745607642385,0.2,0.019434628975265017,0.9992478118161926
21.63070047335959,0.2037037037037037,0.019434628975265017,0.9992649070021882
21.65394487029532,0.2037037037037037,0.019434628975265017,0.9992649070021882
21.677189267231057,0.2037037037037037,0.019434628975265017,0.9992649070021882
21.700433664166795,0.2037037037037037,0.019434628975265017,0.9992649070021882
21.723678061102532,0.2037037037037037,0.019434628975265017,0.9992649070021882
21.746922458038263,0.2037037037037037,0.019434628975265017,0.9992649070021882
21.770166854974,0.20754716981132076,0.019434628975265017,0.9992820021881839
21.79341125190974,0.21153846153846154,0.019434628975265017,0.9992990973741794
21.81665564884547,0.22,0.019434628975265017,0.9993332877461707
21.839900045781206,0.20408163265306123,0.0176678445229682,0.9993332877461707
21.863144442716944,0.20408163265306123,0.0176678445229682,0.9993332877461707
21.886388839652682,0.20833333333333334,0.0176678445229682,0.9993503829321663
21.909633236588412,0.20833333333333334,0.0176678445229682,0.9993503829321663
21.93287763352415,0.20833333333333334,0.0176678445229682,0.9993503829321663
21.956122030459888,0.21739130434782608,0.0176678445229682,0.9993845733041575
21.979366427395618,0.22727272727272727,0.0176678445229682,0.9994187636761488
22.002610824331356,0.22727272727272727,0.0176678445229682,0.9994187636761488
22.025855221267093,0.22727272727272727,0.0176678445229682,0.9994187636761488
22.04909961820283,0.23255813953488372,0.0176678445229682,0.9994358588621444
22.07234401513856,0.23255813953488372,0.0176678445229682,0.9994358588621444
22.0955884120743,0.23809523809523808,0.0176678445229682,0.99945295404814
22.118832809010037,0.23809523809523808,0.0176678445229682,0.99945295404814
22.142077205945775,0.24390243902439024,0.0176678445229682,0.9994700492341356
22.165321602881505,0.225,0.015901060070671377,0.9994700492341356
22.188565999817243,0.225,0.015901060070671377,0.9994700492341356
22.21181039675298,0.225,0.015901060070671377,0.9994700492341356
22.23505479368871,0.225,0.015901060070671377,0.9994700492341356
22.25829919062445,0.225,0.015901060070671377,0.9994700492341356
22.281543587560186,0.225,0.015901060070671377,0.9994700492341356
22.304787984495924,0.225,0.015901060070671377,0.9994700492341356
22.328032381431655,0.225,0.015901060070671377,0.9994700492341356
22.351276778367392,0.225,0.015901060070671377,0.9994700492341356
22.37452117530313,0.225,0.015901060070671377,0.9994700492341356
22.397765572238868,0.225,0.015901060070671377,0.9994700492341356
22.421009969174598,0.225,0.015901060070671377,0.9994700492341356
22.444254366110336,0.225,0.015901060070671377,0.9994700492341356
22.467498763046073,0.21052631578947367,0.014134275618374558,0.9994871444201313
22.490743159981804,0.2222222222222222,0.014134275618374558,0.9995213347921226
22.51398755691754,0.22857142857142856,0.014134275618374558,0.9995384299781181
22.53723195385328,0.22857142857142856,0.014134275618374558,0.9995384299781181
22.560476350789017,0.22857142857142856,0.014134275618374558,0.9995384299781181
22.583720747724747,0.22857142857142856,0.014134275618374558,0.9995384299781181
22.606965144660485,0.22857142857142856,0.014134275618374558,0.9995384299781181
22.630209541596223,0.22857142857142856,0.014134275618374558,0.9995384299781181
22.65345393853196,0.23529411764705882,0.014134275618374558,0.9995555251641138
22.67669833546769,0.23529411764705882,0.014134275618374558,0.9995555251641138
22.69994273240343,0.23529411764705882,0.014134275618374558,0.9995555251641138
22.723187129339166,0.24242424242424243,0.014134275618374558,0.9995726203501094
22.746431526274897,0.24242424242424243,0.014134275618374558,0.9995726203501094
22.769675923210634,0.24242424242424243,0.014134275618374558,0.9995726203501094
22.792920320146372,0.24242424242424243,0.014134275618374558,0.9995726203501094
22.81616471708211,0.24242424242424243,0.014134275618374558,0.9995726203501094
22.83940911401784,0.24242424242424243,0.014134275618374558,0.9995726203501094
22.862653510953578,0.24242424242424243,0.014134275618374558,0.9995726203501094
22.885897907889316,0.24242424242424243,0.014134275618374558,0.9995726203501094
22.909142304825053,0.24242424242424243,0.014134275618374558,0.9995726203501094
22.932386701760784,0.25,0.014134275618374558,0.999589715536105
22.95563109869652,0.25,0.014134275618374558,0.999589715536105
22.97887549563226,0.25,0.014134275618374558,0.999589715536105
23.00211989256799,0.25,0.014134275618374558,0.999589715536105
23.025364289503727,0.25,0.014134275618374558,0.999589715536105
23.048608686439465,0.25,0.014134275618374558,0.999589715536105
23.071853083375203,0.25,0.014134275618374558,0.999589715536105
23.095097480310933,0.25,0.014134275618374558,0.999589715536105
23.11834187724667,0.25806451612903225,0.014134275618374558,0.9996068107221007
23.14158627418241,0.23333333333333334,0.012367491166077738,0.9996068107221007
23.164830671118146,0.23333333333333334,0.012367491166077738,0.9996068107221007
23.188075068053877,0.23333333333333334,0.012367491166077738,0.9996068107221007
23.211319464989614,0.20689655172413793,0.01060070671378092,0.9996068107221007
23.234563861925352,0.20689655172413793,0.01060070671378092,0.9996068107221007
23.257808258861083,0.21428571428571427,0.01060070671378092,0.9996239059080962
23.28105265579682,0.21428571428571427,0.01060070671378092,0.9996239059080962
23.304297052732558,0.2222222222222222,0.01060070671378092,0.9996410010940919
23.327541449668296,0.2222222222222222,0.01060070671378092,0.9996410010940919
23.350785846604026,0.2222222222222222,0.01060070671378092,0.9996410010940919
23.374030243539764,0.24,0.01060070671378092,0.9996751914660832
23.3972746404755,0.24,0.01060070671378092,0.9996751914660832
23.42051903741124,0.2608695652173913,0.01060070671378092,0.9997093818380745
23.44376343434697,0.2608695652173913,0.01060070671378092,0.9997093818380745
23.467007831282707,0.2608695652173913,0.01060070671378092,0.9997093818380745
23.490252228218445,0.2608695652173913,0.01060070671378092,0.9997093818380745
23.513496625154175,0.2608695652173913,0.01060070671378092,0.9997093818380745
23.536741022089913,0.2608695652173913,0.01060070671378092,0.9997093818380745
23.55998541902565,0.2608695652173913,0.01060070671378092,0.9997093818380745
23.58322981596139,0.2727272727272727,0.01060070671378092,0.99972647702407
23.60647421289712,0.3,0.01060070671378092,0.9997606673960613
23.629718609832857,0.3,0.01060070671378092,0.9997606673960613
23.652963006768594,0.3,0.01060070671378092,0.9997606673960613
23.676207403704325,0.3,0.01060070671378092,0.9997606673960613
23.699451800640063,0.3,0.01060070671378092,0.9997606673960613
23.7226961975758,0.3,0.01060070671378092,0.9997606673960613
23.745940594511538,0.3157894736842105,0.01060070671378092,0.9997777625820569
23.76918499144727,0.3157894736842105,0.01060070671378092,0.9997777625820569
23.792429388383006,0.3157894736842105,0.01060070671378092,0.9997777625820569
23.815673785318744,0.3157894736842105,0.01060070671378092,0.9997777625820569
23.83891818225448,0.3157894736842105,0.01060070671378092,0.9997777625820569
23.862162579190212,0.3157894736842105,0.01060070671378092,0.9997777625820569
23.88540697612595,0.3157894736842105,0.01060070671378092,0.9997777625820569
23.908651373061687,0.3157894736842105,0.01060070671378092,0.9997777625820569
23.931895769997418,0.3157894736842105,0.01060070671378092,0.9997777625820569
23.955140166933155,0.3157894736842105,0.01060070671378092,0.9997777625820569
23.978384563868893,0.3157894736842105,0.01060070671378092,0.9997777625820569
24.00162896080463,0.3157894736842105,0.01060070671378092,0.9997777625820569
24.02487335774036,0.3157894736842105,0.01060070671378092,0.9997777625820569
24.0481177546761,0.3333333333333333,0.01060070671378092,0.9997948577680525
24.071362151611837,0.3333333333333333,0.01060070671378092,0.9997948577680525
24.094606548547574,0.3333333333333333,0.01060070671378092,0.9997948577680525
24.117850945483305,0.3333333333333333,0.01060070671378092,0.9997948577680525
24.141095342419042,0.3333333333333333,0.01060070671378092,0.9997948577680525
24.16433973935478,0.35294117647058826,0.01060070671378092,0.9998119529540481
24.18758413629051,0.3125,0.0088339222614841,0.9998119529540481
24.21082853322625,0.3125,0.0088339222614841,0.9998119529540481
24.234072930161986,0.3125,0.0088339222614841,0.9998119529540481
24.257317327097724,0.3125,0.0088339222614841,0.9998119529540481
24.280561724033454,0.3125,0.0088339222614841,0.9998119529540481
24.303806120969192,0.3333333333333333,0.0088339222614841,0.9998290481400438
24.32705051790493,0.3333333333333333,0.0088339222614841,0.9998290481400438
24.350294914840667,0.35714285714285715,0.0088339222614841,0.9998461433260394
24.373539311776398,0.35714285714285715,0.0088339222614841,0.9998461433260394
24.396783708712135,0.35714285714285715,0.0088339222614841,0.9998461433260394
24.420028105647873,0.35714285714285715,0.0088339222614841,0.9998461433260394
24.443272502583604,0.35714285714285715,0.0088339222614841,0.9998461433260394
24.46651689951934,0.35714285714285715,0.0088339222614841,0.9998461433260394
24.48976129645508,0.35714285714285715,0.0088339222614841,0.9998461433260394
24.513005693390816,0.38461538461538464,0.0088339222614841,0.999863238512035
24.536250090326547,0.38461538461538464,0.0088339222614841,0.999863238512035
24.559494487262285,0.38461538461538464,0.0088339222614841,0.999863238512035
24.582738884198022,0.38461538461538464,0.0088339222614841,0.999863238512035
24.60598328113376,0.38461538461538464,0.0088339222614841,0.999863238512035
24.62922767806949,0.38461538461538464,0.0088339222614841,0.999863238512035
24.652472075005228,0.4166666666666667,0.0088339222614841,0.9998803336980306
24.675716471940966,0.4166666666666667,0.0088339222614841,0.9998803336980306
24.698960868876696,0.4166666666666667,0.0088339222614841,0.9998803336980306
24.722205265812434,0.4166666666666667,0.0088339222614841,0.9998803336980306
24.74544966274817,0.4166666666666667,0.0088339222614841,0.9998803336980306
24.76869405968391,0.45454545454545453,0.0088339222614841,0.9998974288840262
24.79193845661964,0.45454545454545453,0.0088339222614841,0.9998974288840262
24.815182853555378,0.45454545454545453,0.0088339222614841,0.9998974288840262
24.838427250491115,0.45454545454545453,0.0088339222614841,0.9998974288840262
24.861671647426853,0.45454545454545453,0.0088339222614841,0.9998974288840262
24.884916044362583,0.45454545454545453,0.0088339222614841,0.9998974288840262
24.90816044129832,0.45454545454545453,0.0088339222614841,0.9998974288840262
24.93140483823406,0.45454545454545453,0.0088339222614841,0.9998974288840262
24.95464923516979,0.45454545454545453,0.0088339222614841,0.9998974288840262
24.977893632105527,0.5,0.0088339222614841,0.9999145240700219
25.001138029041265,0.5,0.0088339222614841,0.9999145240700219
25.024382425977002,0.5,0.0088339222614841,0.9999145240700219
25.047626822912733,0.5,0.007067137809187279,0.9999316192560175
25.07087121984847,0.5,0.007067137809187279,0.9999316192560175
25.094115616784208,0.5,0.007067137809187279,0.9999316192560175
25.117360013719946,0.5,0.007067137809187279,0.9999316192560175
25.140604410655676,0.5,0.007067137809187279,0.9999316192560175
25.163848807591414,0.5,0.007067137809187279,0.9999316192560175
25.18709320452715,0.5,0.007067137809187279,0.9999316192560175
25.210337601462882,0.5,0.007067137809187279,0.9999316192560175
25.23358199839862,0.5,0.007067137809187279,0.9999316192560175
25.256826395334357,0.5,0.007067137809187279,0.9999316192560175
25.280070792270095,0.42857142857142855,0.00530035335689046,0.9999316192560175
25.303315189205826,0.42857142857142855,0.00530035335689046,0.9999316192560175
25.326559586141563,0.42857142857142855,0.00530035335689046,0.9999316192560175
25.3498039830773,0.42857142857142855,0.00530035335689046,0.9999316192560175
25.37304838001303,0.42857142857142855,0.00530035335689046,0.9999316192560175
25.39629277694877,0.42857142857142855,0.00530035335689046,0.9999316192560175
25.419537173884507,0.42857142857142855,0.00530035335689046,0.9999316192560175
25.442781570820244,0.42857142857142855,0.00530035335689046,0.9999316192560175
25.466025967755975,0.42857142857142855,0.00530035335689046,0.9999316192560175
25.489270364691713,0.42857142857142855,0.00530035335689046,0.9999316192560175
25.51251476162745,0.5,0.00530035335689046,0.9999487144420132
25.535759158563188,0.5,0.00530035335689046,0.9999487144420132
25.55900355549892,0.5,0.00530035335689046,0.9999487144420132
25.582247952434656,0.5,0.00530035335689046,0.9999487144420132
25.605492349370394,0.5,0.00530035335689046,0.9999487144420132
25.628736746306124,0.5,0.00530035335689046,0.9999487144420132
25.651981143241862,0.5,0.00530035335689046,0.9999487144420132
25.6752255401776,0.5,0.00530035335689046,0.9999487144420132
25.698469937113337,0.5,0.00530035335689046,0.9999487144420132
25.721714334049068,0.5,0.00530035335689046,0.9999487144420132
25.744958730984806,0.5,0.00530035335689046,0.9999487144420132
25.768203127920543,0.5,0.00530035335689046,0.9999487144420132
25.79144752485628,0.5,0.00530035335689046,0.9999487144420132
25.81469192179201,0.6,0.00530035335689046,0.9999658096280087
25.83793631872775,0.6,0.00530035335689046,0.9999658096280087
25.861180715663487,0.6,0.00530035335689046,0.9999658096280087
25.884425112599217,0.6,0.00530035335689046,0.9999658096280087
25.907669509534955,0.6,0.00530035335689046,0.9999658096280087
25.930913906470693,0.6,0.00530035335689046,0.9999658096280087
25.95415830340643,0.6,0.00530035335689046,0.9999658096280087
25.97740270034216,0.6,0.00530035335689046,0.9999658096280087
26.0006470972779,0.6,0.00530035335689046,0.9999658096280087
26.023891494213636,0.6,0.00530035335689046,0.9999658096280087
26.047135891149374,0.6,0.00530035335689046,0.9999658096280087
26.070380288085104,0.6,0.00530035335689046,0.9999658096280087
26.093624685020842,0.6,0.00530035335689046,0.9999658096280087
26.11686908195658,0.6,0.00530035335689046,0.9999658096280087
26.14011347889231,0.6,0.00530035335689046,0.9999658096280087
26.163357875828048,0.6,0.00530035335689046,0.9999658096280087
26.186602272763785,0.6,0.00530035335689046,0.9999658096280087
26.209846669699523,0.6,0.00530035335689046,0.9999658096280087
26.233091066635254,0.6,0.00530035335689046,0.9999658096280087
26.25633546357099,0.6,0.00530035335689046,0.9999658096280087
26.27957986050673,0.6,0.00530035335689046,0.9999658096280087
26.302824257442467,0.6,0.00530035335689046,0.9999658096280087
26.326068654378197,0.6,0.00530035335689046,0.9999658096280087
26.349313051313935,0.6,0.00530035335689046,0.9999658096280087
26.372557448249673,0.6,0.00530035335689046,0.9999658096280087
26.395801845185403,0.6,0.00530035335689046,0.9999658096280087
26.41904624212114,0.6,0.00530035335689046,0.9999658096280087
26.44229063905688,0.6,0.00530035335689046,0.9999658096280087
26.465535035992616,0.6,0.00530035335689046,0.9999658096280087
26.488779432928347,0.5,0.0035335689045936395,0.9999658096280087
26.512023829864084,0.5,0.0035335689045936395,0.9999658096280087
26.535268226799822,0.5,0.0035335689045936395,0.9999658096280087
26.55851262373556,0.5,0.0035335689045936395,0.9999658096280087
26.58175702067129,0.5,0.0035335689045936395,0.9999658096280087
26.605001417607028,0.5,0.0035335689045936395,0.9999658096280087
26.628245814542765,0.5,0.0035335689045936395,0.9999658096280087
26.651490211478496,0.5,0.0035335689045936395,0.9999658096280087
26.674734608414234,0.5,0.0035335689045936395,0.9999658096280087
26.69797900534997,0.5,0.0035335689045936395,0.9999658096280087
26.72122340228571,0.5,0.0035335689045936395,0.9999658096280087
26.74446779922144,0.5,0.0035335689045936395,0.9999658096280087
26.767712196157177,0.5,0.0035335689045936395,0.9999658096280087
26.790956593092915,0.5,0.0035335689045936395,0.9999658096280087
26.814200990028652,0.6666666666666666,0.0035335689045936395,0.9999829048140044
26.837445386964383,0.6666666666666666,0.0035335689045936395,0.9999829048140044
26.86068978390012,0.6666666666666666,0.0035335689045936395,0.9999829048140044
26.88393418083586,0.6666666666666666,0.0035335689045936395,0.9999829048140044
26.90717857777159,0.6666666666666666,0.0035335689045936395,0.9999829048140044
26.930422974707326,0.6666666666666666,0.0035335689045936395,0.9999829048140044
26.953667371643064,0.6666666666666666,0.0035335689045936395,0.9999829048140044
26.976911768578802,0.6666666666666666,0.0035335689045936395,0.9999829048140044
27.000156165514532,0.6666666666666666,0.0035335689045936395,0.9999829048140044
27.02340056245027,0.6666666666666666,0.0035335689045936395,0.9999829048140044
27.046644959386008,0.6666666666666666,0.0035335689045936395,0.9999829048140044
27.069889356321745,0.6666666666666666,0.0035335689045936395,0.9999829048140044
27.093133753257476,0.6666666666666666,0.0035335689045936395,0.9999829048140044
27.116378150193214,0.6666666666666666,0.0035335689045936395,0.9999829048140044
27.13962254712895,0.6666666666666666,0.0035335689045936395,0.9999829048140044
27.16286694406468,0.6666666666666666,0.0035335689045936395,0.9999829048140044
27.18611134100042,0.6666666666666666,0.0035335689045936395,0.9999829048140044
27.209355737936157,0.6666666666666666,0.0035335689045936395,0.9999829048140044
27.232600134871895,0.6666666666666666,0.0035335689045936395,0.9999829048140044
27.255844531807625,0.6666666666666666,0.0035335689045936395,0.9999829048140044
27.279088928743363,0.6666666666666666,0.0035335689045936395,0.9999829048140044
27.3023333256791,0.6666666666666666,0.0035335689045936395,0.9999829048140044
27.32557772261483,0.6666666666666666,0.0035335689045936395,0.9999829048140044
27.34882211955057,0.6666666666666666,0.0035335689045936395,0.9999829048140044
27.372066516486306,0.6666666666666666,0.0035335689045936395,0.9999829048140044
27.395310913422044,0.6666666666666666,0.0035335689045936395,0.9999829048140044
27.418555310357775,0.6666666666666666,0.0035335689045936395,0.9999829048140044
27.441799707293512,0.6666666666666666,0.0035335689045936395,0.9999829048140044
27.46504410422925,0.6666666666666666,0.0035335689045936395,0.9999829048140044
27.488288501164988,0.6666666666666666,0.0035335689045936395,0.9999829048140044
27.511532898100718,0.6666666666666666,0.0035335689045936395,0.9999829048140044
27.534777295036456,0.6666666666666666,0.0035335689045936395,0.9999829048140044
27.558021691972193,0.6666666666666666,0.0035335689045936395,0.9999829048140044
27.581266088907924,0.6666666666666666,0.0035335689045936395,0.9999829048140044
27.60451048584366,0.6666666666666666,0.0035335689045936395,0.9999829048140044
27.6277548827794,0.6666666666666666,0.0035335689045936395,0.9999829048140044
27.650999279715137,0.6666666666666666,0.0035335689045936395,0.9999829048140044
27.674243676650867,0.6666666666666666,0.0035335689045936395,0.9999829048140044
27.697488073586605,0.6666666666666666,0.0035335689045936395,0.9999829048140044
27.720732470522343,0.6666666666666666,0.0035335689045936395,0.9999829048140044
27.74397686745808,0.6666666666666666,0.0035335689045936395,0.9999829048140044
27.76722126439381,0.6666666666666666,0.0035335689045936395,0.9999829048140044
27.79046566132955,0.6666666666666666,0.0035335689045936395,0.9999829048140044
27.813710058265286,0.6666666666666666,0.0035335689045936395,0.9999829048140044
27.836954455201017,0.6666666666666666,0.0035335689045936395,0.9999829048140044
27.860198852136755,0.6666666666666666,0.0035335689045936395,0.9999829048140044
27.883443249072492,0.6666666666666666,0.0035335689045936395,0.9999829048140044
27.90668764600823,0.6666666666666666,0.0035335689045936395,0.9999829048140044
27.92993204294396,0.6666666666666666,0.0035335689045936395,0.9999829048140044
27.953176439879698,0.6666666666666666,0.0035335689045936395,0.9999829048140044
27.976420836815436,0.6666666666666666,0.0035335689045936395,0.9999829048140044
27.999665233751173,0.6666666666666666,0.0035335689045936395,0.9999829048140044
28.022909630686904,0.6666666666666666,0.0035335689045936395,0.9999829048140044
28.04615402762264,0.6666666666666666,0.0035335689045936395,0.9999829048140044
28.06939842455838,0.6666666666666666,0.0035335689045936395,0.9999829048140044
28.09264282149411,0.6666666666666666,0.0035335689045936395,0.9999829048140044
28.115887218429847,0.6666666666666666,0.0035335689045936395,0.9999829048140044
28.139131615365585,0.6666666666666666,0.0035335689045936395,0.9999829048140044
28.162376012301323,0.6666666666666666,0.0035335689045936395,0.9999829048140044
28.185620409237053,0.6666666666666666,0.0035335689045936395,0.9999829048140044
28.20886480617279,0.6666666666666666,0.0035335689045936395,0.9999829048140044
28.23210920310853,0.6666666666666666,0.0035335689045936395,0.9999829048140044
28.255353600044266,1.0,0.0017667844522968198,1.0
28.278597996979997,1.0,0.0017667844522968198,1.0
28.301842393915734,1.0,0.0017667844522968198,1.0
28.325086790851472,1.0,0.0017667844522968198,1.0
28.348331187787203,1.0,0.0017667844522968198,1.0
28.37157558472294,1.0,0.0017667844522968198,1.0
28.394819981658678,1.0,0.0017667844522968198,1.0
28.418064378594416,1.0,0.0017667844522968198,1.0
28.441308775530146,1.0,0.0017667844522968198,1.0
28.464553172465884,1.0,0.0017667844522968198,1.0
28.48779756940162,1.0,0.0017667844522968198,1.0
28.51104196633736,1.0,0.0017667844522968198,1.0
28.53428636327309,1.0,0.0017667844522968198,1.0
28.557530760208827,1.0,0.0017667844522968198,1.0
28.580775157144565,1.0,0.0017667844522968198,1.0
28.6040195540803,1.0,0.0017667844522968198,1.0
