Threshold,Precision,Recall,Specificity
-17.654163733803575,0.008431817412210897,1.0,0.0
-17.627819069151883,0.008431960176766394,1.0,1.7075336384126766e-05
-17.60147440450019,0.008431960176766394,1.0,1.7075336384126766e-05
-17.5751297398485,0.008431960176766394,1.0,1.7075336384126766e-05
-17.548785075196808,0.008431960176766394,1.0,1.7075336384126766e-05
-17.52244041054512,0.008431960176766394,1.0,1.7075336384126766e-05
-17.496095745893427,0.008431960176766394,1.0,1.7075336384126766e-05
-17.469751081241736,0.008431960176766394,1.0,1.7075336384126766e-05
-17.443406416590044,0.00843210294615645,1.0,3.415067276825353e-05
-17.417061751938352,0.00843210294615645,1.0,3.415067276825353e-05
-17.39071708728666,0.00843210294615645,1.0,3.415067276825353e-05
-17.36437242263497,0.00843210294615645,1.0,3.415067276825353e-05
-17.338027757983276,0.00843210294615645,1.0,3.415067276825353e-05
-17.311683093331585,0.00843210294615645,1.0,3.415067276825353e-05
-17.285338428679893,0.00843210294615645,1.0,3.415067276825353e-05
-17.258993764028205,0.00843210294615645,1.0,3.415067276825353e-05
-17.232649099376513,0.00843210294615645,1.0,3.415067276825353e-05
-17.20630443472482,0.00843210294615645,1.0,3.415067276825353e-05
-17.17995977007313,0.00843210294615645,1.0,3.415067276825353e-05
-17.153615105421437,0.008432245720381313,1.0,5.1226009152380304e-05
-17.127270440769745,0.008432245720381313,1.0,5.1226009152380304e-05
-17.100925776118054,0.008432245720381313,1.0,5.1226009152380304e-05
-17.07458111146636,0.008432245720381313,1.0,5.1226009152380304e-05
-17.04823644681467,0.008432245720381313,1.0,5.1226009152380304e-05
-17.02189178216298,0.008432245720381313,1.0,5.1226009152380304e-05
-16.99554711751129,0.008432245720381313,1.0,5.1226009152380304e-05
-16.969202452859598,0.008432245720381313,1.0,5.1226009152380304e-05
-16.942857788207906,0.008432388499441227,1.0,6.830134553650706e-05
-16.916513123556214,0.008432388499441227,1.0,6.830134553650706e-05
-16.890168458904522,0.008432388499441227,1.0,6.830134553650706e-05
-16.86382379425283,0.008432388499441227,1.0,6.830134553650706e-05
-16.83747912960114,0.008432388499441227,1.0,6.830134553650706e-05
-16.811134464949447,0.008432388499441227,1.0,6.830134553650706e-05
-16.784789800297755,0.008432388499441227,1.0,6.830134553650706e-05
-16.758445135646067,0.008432388499441227,1.0,6.830134553650706e-05
-16.732100470994375,0.008432388499441227,1.0,6.830134553650706e-05
-16.705755806342683,0.008432388499441227,1.0,6.830134553650706e-05
-16.67941114169099,0.008432388499441227,1.0,6.830134553650706e-05
-16.6530664770393,0.008432388499441227,1.0,6.830134553650706e-05
-16.626721812387608,0.008432388499441227,1.0,6.830134553650706e-05
-16.600377147735916,0.008432531283336438,1.0,8.537668192063384e-05
-16.574032483084224,0.008432531283336438,1.0,8.537668192063384e-05
-16.547687818432532,0.008432531283336438,1.0,8.537668192063384e-05
-16.52134315378084,0.008432531283336438,1.0,8.537668192063384e-05
-16.494998489129152,0.008432531283336438,1.0,8.537668192063384e-05
-16.46865382447746,0.008432531283336438,1.0,8.537668192063384e-05
-16.44230915982577,0.008432531283336438,1.0,8.537668192063384e-05
-16.415964495174077,0.008432531283336438,1.0,8.537668192063384e-05
-16.389619830522385,0.00843267407206719,1.0,0.00010245201830476061
-16.363275165870693,0.00843267407206719,1.0,0.00010245201830476061
-16.336930501219,0.00843267407206719,1.0,0.00010245201830476061
-16.31058583656731,0.00843267407206719,1.0,0.00010245201830476061
-16.284241171915617,0.00843281686563373,1.0,0.00011952735468888737
-16.25789650726393,0.008432959664036305,1.0,0.00013660269107301413
-16.231551842612237,0.008432959664036305,1.0,0.00013660269107301413
-16.205207177960546,0.00843310246727516,1.0,0.00015367802745714092
-16.178862513308854,0.00843310246727516,1.0,0.00015367802745714092
-16.152517848657162,0.00843310246727516,1.0,0.00015367802745714092
-16.12617318400547,0.00843310246727516,1.0,0.00015367802745714092
-16.09982851935378,0.008433245275350538,1.0,0.00017075336384126768
-16.073483854702086,0.008433245275350538,1.0,0.00017075336384126768
-16.047139190050395,0.008433245275350538,1.0,0.00017075336384126768
-16.020794525398703,0.008433388088262689,1.0,0.00018782870022539445
-15.994449860747013,0.008433673728598283,1.0,0.00022197937299364798
-15.96810519609532,0.00843381655602222,1.0,0.00023905470937777475
-15.94176053144363,0.00843395938828391,1.0,0.0002561300457619015
-15.915415866791939,0.0084341022253836,1.0,0.00027320538214602825
-15.889071202140247,0.0084341022253836,1.0,0.00027320538214602825
-15.862726537488555,0.0084341022253836,1.0,0.00027320538214602825
-15.836381872836863,0.0084341022253836,1.0,0.00027320538214602825
-15.810037208185172,0.0084341022253836,1.0,0.00027320538214602825
-15.783692543533482,0.0084341022253836,1.0,0.00027320538214602825
-15.75734787888179,0.008434245067321534,1.0,0.00029028071853015504
-15.731003214230098,0.008434245067321534,1.0,0.00029028071853015504
-15.704658549578406,0.008434245067321534,1.0,0.00029028071853015504
-15.678313884926716,0.00843438791409796,1.0,0.00030735605491428184
-15.651969220275024,0.008434530765713124,1.0,0.0003244313912984086
-15.625624555623332,0.008434530765713124,1.0,0.0003244313912984086
-15.59927989097164,0.008434530765713124,1.0,0.0003244313912984086
-15.572935226319949,0.008434530765713124,1.0,0.0003244313912984086
-15.546590561668257,0.008434530765713124,1.0,0.0003244313912984086
-15.520245897016567,0.008434673622167271,1.0,0.00034150672768253537
-15.493901232364875,0.008434673622167271,1.0,0.00034150672768253537
-15.467556567713183,0.008434816483460646,1.0,0.0003585820640666621
-15.441211903061493,0.008434959349593495,1.0,0.0003756574004507889
-15.414867238409801,0.008435387977031352,1.0,0.00042688340960316917
-15.38852257375811,0.00843553086252456,1.0,0.00044395874598729596
-15.362177909106418,0.008435673752858475,1.0,0.0004610340823714227
-15.335833244454726,0.008435816648033338,1.0,0.0004781094187555495
-15.309488579803034,0.008435959548049396,1.0,0.0004951847551396762
-15.283143915151344,0.008436245362606088,1.0,0.0005293354279079298
-15.256799250499652,0.008436531196530518,1.0,0.0005634861006761833
-15.23045458584796,0.008436674120756252,1.0,0.0005805614370603101
-15.204109921196268,0.00843724586608837,1.0,0.0006488627825968172
-15.177765256544578,0.008437388814529928,1.0,0.0006659381189809439
-15.151420591892887,0.008437388814529928,1.0,0.0006659381189809439
-15.125075927241195,0.008437531767815391,1.0,0.0006830134553650707
-15.098731262589503,0.008437674725945003,1.0,0.0007000887917491974
-15.072386597937811,0.008438246606909873,1.0,0.0007683901372857045
-15.04604193328612,0.008438246606909873,1.0,0.0007683901372857045
-15.01969726863443,0.008438246606909873,1.0,0.0007683901372857045
-14.993352603982737,0.008438389589263929,1.0,0.0007854654736698313
-14.967007939331046,0.008438675568509166,1.0,0.0008196161464380849
-14.940663274679354,0.008438818565400843,1.0,0.0008366914828222115
-14.914318610027664,0.008438818565400843,1.0,0.0008366914828222115
-14.887973945375972,0.008439247585155059,1.0,0.0008879174919745919
-14.86162928072428,0.00843939060143368,1.0,0.0009049928283587187
-14.835284616072588,0.00843939060143368,1.0,0.0009049928283587187
-14.808939951420896,0.00843996271502415,1.0,0.0009732941738952258
-14.782595286769205,0.008440105755541997,1.0,0.0009903695102793525
-14.756250622117514,0.008440105755541997,1.0,0.0009903695102793525
-14.729905957465823,0.00844053490618803,1.0,0.0010415955194317328
-14.70356129281413,0.008440677966101696,1.0,0.0010586708558158596
-14.67721662816244,0.00844082103086493,1.0,0.0010757461921999864
-14.650871963510749,0.008440964100477982,1.0,0.001092821528584113
-14.624527298859057,0.00844139333841851,1.0,0.0011440475377364934
-14.598182634207365,0.008441822620016273,1.0,0.0011952735468888738
-14.571837969555673,0.008441965723584953,1.0,0.0012123488832730006
-14.545493304903982,0.008442251945277934,1.0,0.001246499556041254
-14.519148640252292,0.008442681314210151,1.0,0.0012977255651936343
-14.4928039756006,0.008443253874063274,1.0,0.0013660269107301415
-14.466459310948908,0.008443683344919378,1.0,0.0014172529198825216
-14.440114646297216,0.00844382651158059,1.0,0.0014343282562666484
-14.413769981645526,0.00844425604069521,1.0,0.0014855542654190288
-14.387425316993834,0.008444542417716583,1.0,0.0015197049381872824
-14.361080652342142,0.008444828814162893,1.0,0.0015538556109555358
-14.33473598769045,0.00844540166533824,1.0,0.001622156956492043
-14.308391323038759,0.008445974594237064,1.0,0.0016904583020285499
-14.282046658387067,0.008445974594237064,1.0,0.0016904583020285499
-14.255701993735377,0.008446977406879707,1.0,0.0018099856567174374
-14.229357329083685,0.008447263968517827,1.0,0.0018441363294856908
-14.203012664431993,0.00844798045768376,1.0,0.0019295130114063248
-14.176667999780301,0.00844798045768376,1.0,0.0019295130114063248
-14.150323335128611,0.008448553736534057,1.0,0.0019978143569428317
-14.12397867047692,0.008449270444519852,1.0,0.0020831910388634657
-14.097634005825228,0.0084497005276821,1.0,0.002134417048015846
-14.071289341173536,0.008450704225352112,1.0,0.002253944402704733
-14.044944676521844,0.008450991039913114,1.0,0.0022880950754729868
-14.018600011870152,0.0084514212982605,1.0,0.002339321084625367
-13.992255347218462,0.008451708161498905,1.0,0.0023734717573936207
-13.96591068256677,0.008452425404799891,1.0,0.0024588484393142547
-13.939566017915078,0.00845357324732643,1.0,0.0025954511303872686
-13.913221353263388,0.008453860256671419,1.0,0.002629601803155522
-13.886876688611697,0.00845486494287024,1.0,0.0027491291578444097
-13.860532023960005,0.008455152039932766,1.0,0.002783279830612663
-13.834187359308313,0.008456013448117772,1.0,0.0028857318489174237
-13.807842694656621,0.008456875031840644,1.0,0.0029881838672221844
-13.78149803000493,0.008457880434782608,1.0,0.0031077112219110715
-13.75515336535324,0.008459173447028248,1.0,0.0032613892493682127
-13.728808700701547,0.008460179396575156,1.0,0.0033809166040570998
-13.702464036049856,0.008461904438251885,1.0,0.0035858206406666213
-13.676119371398164,0.008462767222920844,1.0,0.0036882726589713816
-13.649774706746474,0.008463342510451718,1.0,0.003756574004507889
-13.623430042094782,0.008464493320189006,1.0,0.003893176695580903
-13.59708537744309,0.008465212735215624,1.0,0.003978553377501537
-13.570740712791398,0.008465788355291118,1.0,0.004046854723038044
-13.544396048139706,0.008450225282665987,0.9979919678714859,0.004200532750495185
-13.518051383488014,0.008451374836329009,0.9979919678714859,0.004337135441568199
-13.491706718836323,0.008451949730455929,0.9979919678714859,0.004405436787104706
-13.465362054184633,0.008452812218310459,0.9979919678714859,0.004507888805409466
-13.43901738953294,0.008453818676645687,0.9979919678714859,0.004627416160098354
-13.41267272488125,0.008454825374683157,0.9979919678714859,0.0047469435147872415
-13.386328060229559,0.008456407813244401,0.9979919678714859,0.004934772215012636
-13.359983395577867,0.008457559049758355,0.9979919678714859,0.00507137490608565
-13.333638730926175,0.008459430477779101,0.9979919678714859,0.005293354279079298
-13.307294066274483,0.008461158685030388,0.9979919678714859,0.0054982583156888195
-13.280949401622792,0.00846274349543659,0.9979919678714859,0.005686087015914214
-13.2546047369711,0.008463752320294273,0.9979919678714859,0.005805614370603101
-13.22826007231941,0.008465338102537898,0.9979919678714859,0.005993443070828495
-13.201915407667718,0.008465770691740338,0.9979919678714859,0.006044669079980876
-13.175570743016026,0.008467501490757305,0.9979919678714859,0.006249573116590397
-13.149226078364336,0.00846807858104309,0.9979919678714859,0.006317874462126904
-13.122881413712644,0.008469665985003408,0.9979919678714859,0.006505703162352298
-13.096536749060952,0.008471109596045679,0.9979919678714859,0.006676456526193566
-13.07019208440926,0.008472120416616947,0.9979919678714859,0.006795983880882453
-13.043847419757569,0.008473131478450628,0.9979919678714859,0.006915511235571341
-13.017502755105877,0.008457524809876207,0.9959839357429718,0.007069189263028482
-12.991158090454185,0.008458678672533169,0.9959839357429718,0.007205791954101496
-12.964813425802495,0.008444505100822274,0.9939759036144579,0.007530223345399905
-12.938468761150803,0.00844623417397536,0.9939759036144579,0.0077351273820094255
-12.912124096499113,0.008448108135784138,0.9939759036144579,0.007957106755003074
-12.885779431847421,0.00844955021081201,0.9939759036144579,0.008127860118844341
-12.85943476719573,0.008451137062077443,0.9939759036144579,0.008315688819069736
-12.833090102544038,0.00845229151014275,0.9939759036144579,0.00845229151014275
-12.806745437892346,0.008454312553373186,0.9939759036144579,0.008691346219520524
-12.780400773240654,0.008456045645563565,0.9939759036144579,0.008896250256130046
-12.754056108588962,0.008458068484724217,0.9939759036144579,0.00913530496550782
-12.72771144393727,0.008460381486292473,0.9939759036144579,0.009408510347653849
-12.70136677928558,0.00846197240884148,0.9939759036144579,0.009596339047879243
-12.675022114633888,0.008463853361603173,0.9939759036144579,0.009818318420872892
-12.648677449982198,0.008466024731054064,0.9939759036144579,0.010074448466634793
-12.622332785330507,0.008468342086804784,0.9939759036144579,0.010347653848780822
-12.595988120678815,0.00847095062890391,0.9939759036144579,0.010655009903695103
-12.569643456027123,0.008473125641903457,0.9939759036144579,0.010911139949457005
-12.543298791375431,0.008475156661986782,0.9939759036144579,0.011150194658834779
-12.51695412672374,0.008477624210039562,0.9939759036144579,0.011440475377364935
-12.490609462072047,0.008479366873940079,0.9939759036144579,0.011645379413974455
-12.464264797420357,0.008482127557489975,0.9939759036144579,0.011969810805272863
-12.437920132768665,0.008484162895927601,0.9939759036144579,0.012208865514650639
-12.411575468116974,0.008486344699891991,0.9939759036144579,0.01246499556041254
-12.385230803465284,0.008489401111339782,0.9939759036144579,0.012823577624479202
-12.358886138813592,0.008491876962138238,0.9939759036144579,0.013113858343009358
-12.3325414741619,0.008494354257473316,0.9939759036144579,0.013404139061539512
-12.306196809510208,0.008496687150262625,0.9939759036144579,0.01367734444368554
-12.279852144858516,0.008500188893086513,0.9939759036144579,0.014087152516904584
-12.253507480206824,0.008503109217713953,0.9939759036144579,0.014428659244587118
-12.227162815555133,0.00850530077836389,0.9939759036144579,0.01468478929034902
-12.200818150903443,0.008508809626128062,0.9939759036144579,0.015094597363568062
-12.17447348625175,0.008514224775534074,0.9939759036144579,0.015726384809780752
-12.14812882160006,0.008518034140969162,0.9939759036144579,0.01617034355576805
-12.121784156948369,0.00852082006437953,0.9939759036144579,0.016494774947066457
-12.095439492296677,0.008523901363824218,0.9939759036144579,0.016853357011133118
-12.069094827644985,0.008529188779378317,0.9939759036144579,0.017468069120961684
-12.042750162993293,0.008533158647796031,0.9939759036144579,0.017929103203333106
-12.016405498341602,0.008535365727489051,0.9939759036144579,0.018185233249095007
-11.99006083368991,0.00852223717351551,0.9919678714859438,0.01864626733146643
-11.963716169038218,0.008526208598698631,0.9919678714859438,0.019107301413837853
-11.937371504386528,0.008529741863075197,0.9919678714859438,0.019517109487056896
-11.911026839734836,0.008533867707775493,0.9919678714859438,0.019995218905812445
-11.884682175083146,0.008539768700191885,0.9919678714859438,0.020678232361177516
-11.858337510431454,0.0085431654676259,0.9919678714859438,0.021070965098012432
-11.831992845779762,0.008546712802768166,0.9919678714859438,0.02148077317123147
-11.80564818112807,0.008552335445448565,0.9919678714859438,0.02212963595382829
-11.779303516476379,0.00855618678121103,0.9919678714859438,0.022573594699815586
-11.752958851824687,0.00856078329434191,0.9919678714859438,0.023102930127723516
-11.726614187172995,0.00856568178665557,0.9919678714859438,0.0236664162283997
-11.700269522521305,0.008536183354442459,0.9879518072289156,0.024229902329075882
-11.673924857869613,0.008538701839639014,0.9879518072289156,0.024520183047606038
-11.647580193217921,0.008543298199308895,0.9879518072289156,0.025049518475513968
-11.621235528566231,0.008548196539022865,0.9879518072289156,0.02561300457619015
-11.59489086391454,0.008554290185169086,0.9879518072289156,0.02631309336793935
-11.568546199262848,0.008558307820762594,0.9879518072289156,0.02677412745031077
-11.542201534611156,0.0085636705423658,0.9879518072289156,0.027388839560139336
-11.515856869959464,0.008567995402539053,0.9879518072289156,0.02788402431527901
-11.489512205307772,0.008572025925151579,0.9879518072289156,0.028345058397650433
-11.46316754065608,0.008577555396711936,0.9879518072289156,0.028976845843863123
-11.43682287600439,0.00858189429618001,0.9879518072289156,0.029472030599002802
-11.410478211352698,0.008584739404302839,0.9879518072289156,0.02979646199030121
-11.384133546701008,0.008591185304183837,0.9879518072289156,0.03053070145481866
-11.357788882049316,0.008595838356307983,0.9879518072289156,0.03106003688272659
-11.331444217397625,0.0085688304420817,0.9839357429718876,0.03193087903831705
-11.305099552745933,0.008573928258967628,0.9839357429718876,0.032511440475377365
-11.278754888094241,0.008581135511891002,0.9839357429718876,0.03333105662181545
-11.25241022344255,0.008585796639273887,0.9839357429718876,0.03386039204972338
-11.226065558790857,0.00857518632178869,0.9819277108433735,0.034628782187009086
-11.199720894139165,0.008565160157964019,0.9799196787148594,0.0354654736698313
-11.173376229487475,0.00857147875573042,0.9799196787148594,0.03618263779796462
-11.147031564835784,0.008577203620704807,0.9799196787148594,0.036831500580561435
-11.120686900184094,0.008586107396720388,0.9799196787148594,0.037838945427224914
-11.094342235532402,0.008593364795379305,0.9799196787148594,0.038658561573663
-11.06799757088071,0.00860048289596588,0.9799196787148594,0.03946110238371696
-11.041652906229018,0.00860958698682098,0.9799196787148594,0.040485622566764565
-11.015308241577326,0.008615971327177386,0.9799196787148594,0.04120278669489789
-10.988963576925634,0.008623279320033221,0.9799196787148594,0.042022402841335973
-10.962618912273943,0.008629836598995544,0.9799196787148594,0.04275664230585342
-10.936274247622253,0.008637473892881165,0.9799196787148594,0.043610409125059764
-10.90992958297056,0.008646656508026507,0.9799196787148594,0.04463492930810737
-10.883584918318869,0.008654784073778487,0.9799196787148594,0.045539922136466085
-10.857240253667179,0.008662311843226356,0.9799196787148594,0.0463766136192883
-10.830895589015487,0.008669236645289655,0.9799196787148594,0.047145003756574
-10.804550924363795,0.008676789587852495,0.9799196787148594,0.047981695239396216
-10.778206259712103,0.008685128497188012,0.9799196787148594,0.04890376340413906
-10.751861595060412,0.008693173720963374,0.9799196787148594,0.04979168089611365
-10.72551693040872,0.008702630405706643,0.9799196787148594,0.050833276415545386
-10.699172265757028,0.008675163328692299,0.9759036144578314,0.051704118571135854
-10.672827601105338,0.008684774839170836,0.9759036144578314,0.05276278942695171
-10.646482936453646,0.008695652173913044,0.9759036144578314,0.053958062973840586
-10.620138271801956,0.008704061895551257,0.9759036144578314,0.05488013113858343
-10.593793607150264,0.008713425129087779,0.9759036144578314,0.055904651321631034
-10.567448942498572,0.008724061176132692,0.9759036144578314,0.05706577419575166
-10.54110427784688,0.008732839790124344,0.9759036144578314,0.058021993033262755
-10.514759613195189,0.008743208721620552,0.9759036144578314,0.059148965234615124
-10.488414948543497,0.0087531293337896,0.9759036144578314,0.06022471142681511
-10.462070283891805,0.008761808610369943,0.9759036144578314,0.06116385492794208
-10.435725619240113,0.00877208815407108,0.9759036144578314,0.06227375179291032
-10.409380954588423,0.008783502918797781,0.9759036144578314,0.06350317601256744
-10.383036289936731,0.008796698523023458,0.9759036144578314,0.06492042893244997
-10.356691625285041,0.008809295075132773,0.9759036144578314,0.06626938050679598
-10.33034696063335,0.008821447370809359,0.9759036144578314,0.06756710607198962
-10.304002295981658,0.008832348932303499,0.9759036144578314,0.06872822894611023
-10.277657631329966,0.008823315383495851,0.9738955823293173,0.06968444778362133
-10.251312966678274,0.008832956946164493,0.9738955823293173,0.07070896796666894
-10.224968302026582,0.008845361200780581,0.9738955823293173,0.0720237688682467
-10.19862363737489,0.00884050558924527,0.9718875502008032,0.0734239464517451
-10.1722789727232,0.008851499634235552,0.9718875502008032,0.07458506932586571
-10.145934308071508,0.008863170231467916,0.9718875502008032,0.07581449354552285
-10.119589643419816,0.00887780182691955,0.9718875502008032,0.07735127382009425
-10.093244978768126,0.00889231843318819,0.9718875502008032,0.07887097875828154
-10.066900314116435,0.008908194066112051,0.9718875502008032,0.08052728638754184
-10.040555649464743,0.008920014743826022,0.9718875502008032,0.08175671060719897
-10.014210984813051,0.008896928529238039,0.9678714859437751,0.08315688819069736
-9.98786632016136,0.00891107413569976,0.9678714859437751,0.08462536711973226
-9.961521655509667,0.008906417805429027,0.9658634538152611,0.08604262003961478
-9.935176990857975,0.00890604126465786,0.963855421686747,0.0879038317054846
-9.908832326206285,0.008918617614269788,0.963855421686747,0.08920155727067823
-9.882487661554594,0.008932891651468345,0.963855421686747,0.09067003619971313
-9.856142996902904,0.008948379038422102,0.963855421686747,0.09225804248343693
-9.829798332251212,0.008965259618976467,0.963855421686747,0.09398265145823373
-9.80345366759952,0.008979683466157818,0.963855421686747,0.09545113038726863
-9.777109002947828,0.008995165098759417,0.963855421686747,0.09702206133460829
-9.750764338296136,0.009011376863289903,0.963855421686747,0.09866129362748446
-9.724419673644444,0.00902764716945646,0.963855421686747,0.10030052592036064
-9.698075008992753,0.009026495307729997,0.9618473895582329,0.10205928556792569
-9.67173034434106,0.009041659588123148,0.9618473895582329,0.10357899050611297
-9.64538567968937,0.009056874905460597,0.9618473895582329,0.10509869544430026
-9.619041015037679,0.009073860084487299,0.9618473895582329,0.1067891537463288
-9.592696350385987,0.009088494231936854,0.9618473895582329,0.10824055733897958
-9.566351685734297,0.00910715643775192,0.9618473895582329,0.11008469366846527
-9.540007021082605,0.009126764857191853,0.9618473895582329,0.1120142066798716
-9.513662356430913,0.009145060903432738,0.9618473895582329,0.1138071170002049
-9.487317691779221,0.009162028270308525,0.9618473895582329,0.1154634246294652
-9.46097302712753,0.009179938289350122,0.9618473895582329,0.11720510894064613
-9.43462836247584,0.009181184334364136,0.9598393574297188,0.11916877262482072
-9.408283697824148,0.009203812457880042,0.9598393574297188,0.12135441568198893
-9.381939033172456,0.009221034762143601,0.9598393574297188,0.12301072331124924
-9.355594368520764,0.009238321640478537,0.9598393574297188,0.12466703094050953
-9.329249703869072,0.0092554942395198,0.9598393574297188,0.1263062632333857
-9.302905039217382,0.009255845541864751,0.9578313253012049,0.1281674748992555
-9.27656037456569,0.009270596466678327,0.9578313253012049,0.1295676524827539
-9.250215709913999,0.009272426219927925,0.9558232931726908,0.13156546683969675
-9.223871045262307,0.00929324482623975,0.9558232931726908,0.13352913052387133
-9.197526380610615,0.009315250787686647,0.9558232931726908,0.13559524622635066
-9.171181715958925,0.00933607923899186,0.9558232931726908,0.1375418345741411
-9.144837051307233,0.009356817109608428,0.9558232931726908,0.13947134758554744
-9.118492386655541,0.009379125534472227,0.9558232931726908,0.14153746328802677
-9.09214772200385,0.009359265475367756,0.9518072289156626,0.14331329827197595
-9.065803057352158,0.009382237089527127,0.9518072289156626,0.14543063998360767
-9.039458392700467,0.009344311080249976,0.9457831325301205,0.147360152995014
-9.013113728048776,0.00936847339632024,0.9457831325301205,0.14957994672495048
-8.986769063397084,0.009392386384030948,0.9457831325301205,0.1517655897821187
-8.960424398745392,0.009394363381970817,0.9437751004016064,0.1537463288026774
-8.934079734093702,0.009416195856873822,0.9437751004016064,0.15572706782323611
-8.90773506944201,0.009420886648052547,0.9417670682730924,0.15794686155317259
-8.881390404790318,0.009442889645035939,0.9417670682730924,0.15992760057373132
-8.855045740138626,0.00946518668012109,0.9417670682730924,0.16192541493067414
-8.828701075486935,0.009467551383719049,0.9397590361445783,0.16392322928761696
-8.802356410835245,0.009474346229534804,0.9377510040160643,0.16631377638139472
-8.776011746183553,0.009501525940996947,0.9377510040160643,0.1687213988115566
-8.749667081531861,0.009508263619669456,0.9357429718875502,0.1710948705689502
-8.723322416880169,0.009513871838939357,0.9337349397590361,0.17336589030803906
-8.696977752228477,0.009538657203224681,0.9337349397590361,0.17553445802882317
-8.670633087576787,0.009545164674662113,0.9317269076305221,0.17787377911344854
-8.644288422925095,0.009569377990430622,0.9317269076305221,0.17997404548869614
-8.617943758273404,0.009570861584256657,0.929718875502008,0.1818694078273342
-8.591599093621712,0.009602621536419446,0.929718875502008,0.18460146164879448
-8.56525442897002,0.009632989347536617,0.929718875502008,0.18719691277918174
-8.53890976431833,0.009660726954054167,0.929718875502008,0.18955330920019126
-8.512565099666638,0.009687205774662621,0.929718875502008,0.19179017826651185
-8.486220435014946,0.009711996308182829,0.929718875502008,0.19387336930537533
-8.459875770363254,0.009737937996887224,0.929718875502008,0.1960419370261594
-8.433531105711563,0.009746629817936331,0.927710843373494,0.19850078546547367
-8.407186441059872,0.00977922655208179,0.927710843373494,0.2011986886141657
-8.38084177640818,0.009791635691680296,0.9257028112449799,0.2039478177720101
-8.354497111756489,0.009820629713263175,0.9257028112449799,0.20632128952940373
-8.328152447104797,0.009831580747200136,0.9236947791164659,0.20893381599617514
-8.301807782453105,0.009862567269140884,0.9236947791164659,0.21144389044464176
-8.275463117801415,0.0098948138269268,0.9236947791164659,0.21403934157502902
-8.249118453149723,0.009925344150520002,0.9236947791164659,0.21648111467795916
-8.222773788498031,0.009935279984415247,0.9216867469879518,0.21897411379004167
-8.19642912384634,0.0099687255668491,0.9216867469879518,0.2216207909295813
-8.17008445919465,0.00998256320836966,0.9196787148594378,0.22440407076019397
-8.143739794542958,0.01001530723813689,0.9196787148594378,0.226965371217813
-8.117395129891266,0.01005157467354329,0.9196787148594378,0.22978280172119392
-8.091050465239574,0.010087439156002907,0.9196787148594378,0.23254900621542243
-8.064705800587882,0.010125350960581876,0.9196787148594378,0.235451813400724
-8.038361135936192,0.010164225477141589,0.9196787148594378,0.2384058465951779
-8.0120164712845,0.010197719985749911,0.9196787148594378,0.24093299638002869
-7.9856718066328085,0.010239213056114464,0.9196787148594378,0.24404070760193977
-7.959327141981117,0.010276431520373362,0.9196787148594378,0.24680691209616828
-7.932982477329425,0.01031508299362627,0.9196787148594378,0.24965849327231746
-7.906637812677735,0.010355665091459968,0.9196787148594378,0.2526296018031555
-7.880293148026043,0.010366102617611034,0.9176706827309237,0.25502014889693325
-7.853948483374351,0.010381331815594764,0.9156626506024096,0.25775220271839355
-7.827603818722659,0.010420951597422186,0.9156626506024096,0.2606037838945427
-7.8012591540709675,0.01045895548063029,0.9156626506024096,0.2633187623796189
-7.774914489419277,0.010497720889543717,0.9156626506024096,0.2660678915374633
-7.748569824767586,0.010516097718815726,0.9136546184738956,0.26897069872276486
-7.722225160115894,0.01051239209133946,0.9096385542168675,0.2719247319172188
-7.695880495464202,0.010550832654011879,0.9096385542168675,0.27460555972952666
-7.66953583081251,0.010587575375122704,0.9096385542168675,0.2771497848507616
-7.64319116616082,0.010600623842022561,0.9076305220883534,0.2796427839628441
-7.616846501509128,0.010621761658031088,0.9056224899598394,0.2826821938392186
-7.590501836857436,0.010641819987702786,0.9036144578313253,0.2856362270336726
-7.564157172205745,0.010659512843644652,0.9016064257028112,0.28841950686428525
-7.5378125075540545,0.010703728425669877,0.9016064257028112,0.2913906153951233
-7.511467842902363,0.010757067561092477,0.9016064257028112,0.29494228536302164
-7.485123178250671,0.010804437278918113,0.9016064257028112,0.2980670719213169
-7.458778513598979,0.010822563111486895,0.8995983935742972,0.30081620107916124
-7.432433848947287,0.01087378640776699,0.8995983935742972,0.30414589167406597
-7.406089184295597,0.010821613980355358,0.891566265060241,0.30699747285021517
-7.379744519643905,0.010874090764370209,0.891566265060241,0.31037838945427226
-7.3533998549922135,0.010918211773963508,0.891566265060241,0.31319581995765317
-7.327055190340522,0.010963233660090372,0.891566265060241,0.31604740113380236
-7.30071052568883,0.011010266329415265,0.891566265060241,0.3190014343282563
-7.27436586103714,0.01103362391033624,0.8895582329317269,0.32198961819547844
-7.248021196385448,0.011053868854098935,0.8875502008032129,0.3247728980260911
-7.221676531733756,0.011101064898533254,0.8875502008032129,0.32767570521139266
-7.195331867082064,0.011126529582439763,0.8855421686746988,0.3307492657605355
-7.1689872024303725,0.011148554488560064,0.8835341365461847,0.3336008469366846
-7.142642537778682,0.01119564387674614,0.8835341365461847,0.3364353527764497
-7.116297873126991,0.011245144142302188,0.8835341365461847,0.3393893859709036
-7.089953208475299,0.011300015409111921,0.8835341365461847,0.3426336998838877
-7.063608543823607,0.011347810388404602,0.8835341365461847,0.3454340550508845
-7.037263879171915,0.011402508551881414,0.8835341365461847,0.3486100676183321
-7.010919214520225,0.011407438274820294,0.8795180722891566,0.35185438153131615
-6.984574549868533,0.011412118832613533,0.8755020080321285,0.3550816201079161
-6.958229885216841,0.011438939728621016,0.8734939759036144,0.35808687931152244
-6.9318852205651496,0.011464799894333641,0.8714859437751004,0.36102383716959224
-6.905540555913458,0.011468011680382266,0.8674698795180723,0.3641486237278874
-6.879195891261768,0.01149547915610914,0.8654618473895582,0.36715388293149376
-6.852851226610076,0.011525060305548111,0.8634538152610441,0.3702615941534048
-6.826506561958384,0.011555555555555555,0.8614457831325302,0.37340345604808417
-6.800161897306692,0.011612169770463403,0.8614457831325302,0.3764940919336111
-6.773817232655002,0.011638341264445955,0.8594377510040161,0.37936274844614437
-6.74747256800331,0.011561167595933093,0.8493975903614458,0.3824704596680555
-6.7211279033516185,0.01161704932439855,0.8493975903614458,0.38547571887166177
-6.694783238699927,0.01167444042723484,0.8493975903614458,0.38853220408442046
-6.668438574048235,0.011706613404349756,0.8473895582329317,0.39167406597909976
-6.642093909396545,0.011730613837108864,0.8453815261044176,0.3943719691277918
-6.615749244744853,0.011793377780267802,0.8453815261044176,0.39763335837716
-6.589404580093161,0.011855481400129538,0.8453815261044176,0.40082644628099173
-6.563059915441469,0.011925669933714803,0.8453815261044176,0.4043951915852742
-6.536715250789777,0.011983376978253444,0.8453815261044176,0.40729799877057576
-6.510370586138087,0.012013386344784188,0.8433734939759037,0.4102008059558773
-6.484025921486396,0.01204334454312897,0.8413654618473896,0.41308653780479476
-6.457681256834704,0.012072202166064982,0.8393574297188755,0.41590396830817566
-6.431336592183012,0.012137754805737849,0.8393574297188755,0.4190970562120074
-6.40499192753132,0.01217909401559625,0.8373493975903614,0.4224779728160645
-6.37864726287963,0.012232685030361701,0.8373493975903614,0.4250392732736835
-6.352302598227938,0.012245861488978724,0.8333333333333334,0.4284201898777406
-6.325957933576246,0.012285595584307673,0.8313253012048193,0.4316645037907247
-6.2996132689245545,0.01235452103849597,0.8313253012048193,0.4348746670309405
-6.273268604272863,0.012429446379248229,0.8313253012048193,0.4383238849805341
-6.246923939621173,0.01247018327848063,0.8293172690763052,0.44153404822074993
-6.220579274969481,0.012478746660189458,0.8253012048192772,0.44462468410627687
-6.194234610317789,0.012515644555694618,0.8232931726907631,0.4476299433098832
-6.167889945666097,0.012582862754726245,0.8232931726907631,0.45061812717710537
-6.141545281014405,0.012619172503162506,0.821285140562249,0.4535550850351752
-6.115200616362715,0.012663728350611459,0.8192771084337349,0.45683354962092754
-6.0888559517110235,0.012708027601711056,0.8172690763052208,0.4600778635339116
-6.062511287059332,0.012779853675385436,0.8172690763052208,0.46315142408305443
-6.03616662240764,0.012822132390096008,0.8152610441767069,0.4662591353049655
-6.00982195775595,0.012825396825396825,0.8112449799196787,0.46902533979919403
-5.983477293104258,0.012809046189228903,0.8052208835341366,0.4722867290485623
-5.957132628452566,0.01281845343271115,0.8012048192771084,0.4753090635885527
-5.930787963800874,0.012886348222071504,0.8012048192771084,0.47810941875554946
-5.904443299149182,0.012927534348913503,0.7991967871485943,0.4810976026227717
-5.878098634497492,0.012936103488827911,0.7951807228915663,0.4840516358172256
-5.8517539698458005,0.01294136968303498,0.7911646586345381,0.4868690663206065
-5.825409305194109,0.013017047707149464,0.7911646586345381,0.48989140086059696
-5.799064640542417,0.012966287652104528,0.7831325301204819,0.49306741342804455
-5.772719975890725,0.013020048867021454,0.7811244979919679,0.4964824807048699
-5.746375311239035,0.013096761160864587,0.7811244979919679,0.49947066457209205
-5.720030646587343,0.01312939902544667,0.7791164658634538,0.502014889693327
-5.693685981935651,0.013171329385337962,0.7771084337349398,0.5049006215422444
-5.6673413172839595,0.013212843157390292,0.7751004016064257,0.5077522027183935
-5.640996652632268,0.013295673739322127,0.7751004016064257,0.5108599139403046
-5.614651987980578,0.013374913374913375,0.7751004016064257,0.5137968717983744
-5.588307323328886,0.0134508833675994,0.7751004016064257,0.5165801516289871
-5.561962658677194,0.01347037569719718,0.7710843373493976,0.5197903148692029
-5.535617994025502,0.013557885817180383,0.7710843373493976,0.5229321767638823
-5.50927332937381,0.013610035179986497,0.7690763052208835,0.5260228126494092
-5.48292866472212,0.013687859619027198,0.7690763052208835,0.5287548664708694
-5.456584000070428,0.013782431897513405,0.7690763052208835,0.5320333310566218
-5.430239335418737,0.013821550039800274,0.7670682730923695,0.5345946315142408
-5.403894670767045,0.0139096238575538,0.7670682730923695,0.537582815381463
-5.377550006115353,0.013926555742871802,0.7630522088353414,0.5405709992486852
-5.351205341463663,0.013941137419783138,0.7590361445783133,0.5434738064339868
-5.324860676811971,0.013990944852668299,0.7570281124497992,0.5463253876101359
-5.298516012160279,0.014038755927267296,0.7550200803212851,0.5490915921043644
-5.272171347508587,0.01405275418952431,0.751004016064257,0.5519431732805137
-5.245826682856897,0.014104745698619777,0.748995983935743,0.5548118297930469
-5.2194820182052055,0.014162256824151977,0.7469879518072289,0.5578341643330373
-5.193137353553514,0.014204219150809756,0.7449799196787149,0.560344238781504
-5.166792688901822,0.014258738294346603,0.7429718875502008,0.5632299706304215
-5.14044802425013,0.014346645986816595,0.7429718875502008,0.5659449491154975
-5.11410335959844,0.01435705368289638,0.7389558232931727,0.5686087015914214
-5.087758694946748,0.014369282713674375,0.7349397590361446,0.5713236800764975
-5.061414030295056,0.01443087020124145,0.7329317269076305,0.5743460146164879
-5.0350693656433645,0.014491599649653636,0.7309236947791165,0.577317123147326
-5.008724700991673,0.01458567078057381,0.7309236947791165,0.5800833276415546
-4.982380036339983,0.014637687003508206,0.7289156626506024,0.5827470801174783
-4.956035371688291,0.014725568942436412,0.7289156626506024,0.585274229902329
-4.929690707036599,0.014826008822087894,0.7289156626506024,0.5881258110784783
-4.903346042384907,0.014844970803520026,0.7248995983935743,0.590926166245475
-4.877001377733215,0.01494205298013245,0.7248995983935743,0.5936240693941671
-4.850656713081525,0.015020026702269693,0.7228915662650602,0.5968854586435353
-4.824312048429833,0.015040120993152124,0.7188755020080321,0.5996687384741479
-4.797967383778142,0.0149879334434142,0.7108433734939759,0.6027422990232908
-4.77162271912645,0.015036633157266997,0.7088353413654619,0.6051669967898368
-4.745278054474758,0.015159974232338416,0.7088353413654619,0.608428386039205
-4.718933389823068,0.01513317191283293,0.7028112449799196,0.6110579878423605
-4.692588725171376,0.015155474261823882,0.6987951807228916,0.6138583430093573
-4.666244060519684,0.015255797641488756,0.6987951807228916,0.6164367188033604
-4.639899395867992,0.015303872276616389,0.6967871485943775,0.6187589645516016
-4.6135547312163006,0.015358664772727272,0.6947791164658634,0.6212348883273
-4.5872100665646105,0.015462996067214872,0.6947791164658634,0.6238303394576873
-4.560865401912919,0.015563852278350051,0.6947791164658634,0.6263062632333857
-4.534520737261227,0.01562358482021556,0.6927710843373494,0.6288334130182365
-4.508176072609535,0.015562248995983935,0.6847389558232931,0.6316679188580016
-4.481831407957845,0.015651535319227063,0.6847389558232931,0.6338023359060173
-4.455486743306153,0.0157600406710727,0.6847389558232931,0.6363636363636364
-4.429142078654461,0.015763775866077655,0.6807228915662651,0.6385834300935729
-4.4027974140027695,0.015763132045465176,0.6767068273092369,0.6407007718052046
-4.376452749351078,0.015822933835648693,0.6746987951807228,0.6431425449081347
-4.350108084699388,0.0158556847851887,0.6706827309236948,0.646011201420668
-4.323763420047696,0.015937589738680962,0.6686746987951807,0.6489140086059695
-4.297418755396004,0.0160061710539003,0.6666666666666666,0.6514923843999727
-4.271074090744312,0.01607030150021848,0.6646586345381527,0.6539512328392869
-4.24472942609262,0.01618740219092332,0.6646586345381527,0.6564954579605218
-4.21838476144093,0.016294983508098264,0.6646586345381527,0.658800628372379
-4.192040096789238,0.01634472511144131,0.6626506024096386,0.6608838194112424
-4.165695432137547,0.01640979599980049,0.6606425702811245,0.6632743665050201
-4.139350767485855,0.016469170516167905,0.6586345381526104,0.6655283109077249
-4.113006102834163,0.016546070940646664,0.6566265060240963,0.6681237620381122
-4.086661438182473,0.016670915115982666,0.6566265060240963,0.6706509118229629
-4.060316773530781,0.016800246609124537,0.6566265060240963,0.6732292876169661
-4.033972108879089,0.016921086675291075,0.6566265060240963,0.6756027593743597
-4.007627444227397,0.016903171953255424,0.6506024096385542,0.6782323611775152
-3.9812827795757055,0.017010552842967396,0.6506024096385542,0.6802984768799946
-3.9549381149240155,0.017082716310556377,0.6485943775100401,0.682654873301004
-3.9285934502723237,0.017238618775684476,0.6485943775100401,0.6855747558226897
-3.902248785620632,0.0173053152039555,0.6465863453815262,0.687777474216242
-3.87590412096894,0.017380475391196058,0.6445783132530121,0.6901167953008674
-3.849559456317248,0.01751323039991271,0.6445783132530121,0.6925073423946452
-3.823214791665558,0.017629613356766258,0.6445783132530121,0.6945734580971246
-3.7968701270138663,0.017729908864954434,0.6445783132530121,0.6963322177446896
-3.7705254623621745,0.01775082076679094,0.6405622489959839,0.6985861621473943
-3.7441807977104826,0.017778027031574224,0.6365461847389559,0.7009425585684038
-3.7178361330587926,0.017852098751482966,0.6345381526104418,0.7031452769619562
-3.6914914684071007,0.01776765375854214,0.6265060240963856,0.7054845980465815
-3.665146803755409,0.017782366775655367,0.6224899598393574,0.7076190150945973
-3.638802139103717,0.017919075144508672,0.6224899598393574,0.7098900348336862
-3.6124574744520253,0.018006993006993006,0.6204819277108434,0.7122635065910798
-3.586112809800335,0.018138060577600375,0.6204819277108434,0.7143808483027115
-3.5597681451486434,0.018200082727648764,0.6184738955823293,0.7162932859777338
-3.5334234804969515,0.01825642245480495,0.6164658634538153,0.7181032716344512
-3.5070788158452597,0.01827551081550722,0.6124497991967871,0.7202376886824671
-3.480734151193568,0.018303733236679956,0.608433734939759,0.7225087084215559
-3.454389486541878,0.018442997139205063,0.608433734939759,0.7246431254695718
-3.428044821890186,0.018525334314808,0.606425702811245,0.7267946178539717
-3.401700157238494,0.01858713103618624,0.6044176706827309,0.7286216788470733
-3.3753554925868023,0.018736383442265796,0.6044176706827309,0.7308243972406256
-3.3490108279351105,0.01888331242158093,0.6044176706827309,0.7329588142886415
-3.3226661632834205,0.018964536317087048,0.6024096385542169,0.7350078546547367
-3.2963214986317286,0.019114367633004142,0.6024096385542169,0.7371251963663684
-3.269976833980037,0.019190039150247095,0.6004016064257028,0.7390547093777747
-3.243632169328345,0.019283033518830078,0.5983935742971888,0.7412062017621747
-3.217287504676653,0.019423803936905227,0.5983935742971888,0.7431186394371969
-3.190942840024963,0.019558939354161198,0.5983935742971888,0.7449286250939143
-3.1645981753732713,0.01961690885072655,0.5963855421686747,0.7465507820504064
-3.1382535107215794,0.019622189703339097,0.5923694779116466,0.7483266170343555
-3.1119088460698876,0.019773443260272135,0.5923694779116466,0.7502902807185301
-3.0855641814181958,0.01983939537080775,0.5903614457831325,0.7519807390205587
-3.0592195167665057,0.019886944084996253,0.5863453815261044,0.7542688340960317
-3.032874852114814,0.019897084048027446,0.5823293172690763,0.7560788197527492
-3.006530187463122,0.01990187271093912,0.5783132530120482,0.7578205040639301
-2.9801855228114302,0.020011156045181982,0.5763052208835341,0.7600061471210983
-2.95384085815974,0.020108275328692964,0.5742971887550201,0.7620210368144252
-2.9274961935080483,0.020259261882836298,0.5742971887550201,0.7638310224711427
-2.9011515288563565,0.02026255707762557,0.570281124497992,0.7655214807731713
-2.8748068642046647,0.020306761719593863,0.5662650602409639,0.7676900484939553
-2.848462199552973,0.020394832341413847,0.5642570281124498,0.769534184823441
-2.822117534901283,0.020563483351628248,0.5642570281124498,0.7714636978348474
-2.795772870249591,0.020645922430320013,0.5622489959839357,0.7732053821460283
-2.769428205597899,0.020783847980997625,0.5622489959839357,0.7747421624205997
-2.7430835409462073,0.020825557960737477,0.5602409638554217,0.776005737313025
-2.7167388762945155,0.020958533653846152,0.5602409638554217,0.7774571409056759
-2.6903942116428254,0.020956271750643064,0.5562248995983936,0.7790280718530155
-2.6640495469911336,0.021112804878048782,0.5562248995983936,0.7807014548186599
-2.637704882339442,0.02125374050487225,0.5562248995983936,0.782187009084079
-2.61136021768775,0.021419733993195175,0.5562248995983936,0.7839116180588758
-2.585015553036058,0.021434138737334373,0.5522088353413654,0.7856191516972885
-2.558670888384368,0.021423526642078004,0.5481927710843374,0.7870705552899392
-2.5323262237326762,0.021587853866835365,0.5481927710843374,0.7887268629191995
-2.5059815590809844,0.02149510389300215,0.5421686746987951,0.7901270405026979
-2.4796368944292926,0.02165370117892373,0.5421686746987951,0.7916979714500376
-2.4532922297776008,0.02172859450726979,0.5401606425702812,0.7932006010518408
-2.4269475651259107,0.021809895833333332,0.5381526104417671,0.7947544566627962
-2.400602900474219,0.021885245901639344,0.536144578313253,0.7962400109282153
-2.374258235822527,0.0219526285384171,0.5341365461847389,0.7976401885117137
-2.347913571170835,0.02210587550901687,0.5341365461847389,0.7990745167679804
-2.3215689065191434,0.022095748242383664,0.5301204819277109,0.8004917696878628
-2.2952242418674533,0.02225031605562579,0.5301204819277109,0.8019090226077453
-2.2688795772157615,0.02234114848793748,0.5281124497991968,0.8034799535550851
-2.2425349125640697,0.022433427519479406,0.5261044176706827,0.8050508845024247
-2.216190247912378,0.02243506773664682,0.5220883534136547,0.8065535141042278
-2.189845583260688,0.022527615899799947,0.5200803212851406,0.8081073697151834
-2.163500918608996,0.02261174408413672,0.5180722891566265,0.8095758486442183
-2.137156253957304,0.022791519434628975,0.5180722891566265,0.8111126289187897
-2.1108115893056123,0.0229516946890846,0.5180722891566265,0.8124615804931357
-2.0844669246539205,0.023038995965934558,0.5160642570281124,0.8139129840857865
-2.0581222600022304,0.023230588447979754,0.5160642570281124,0.8154839150331261
-2.0317775953505386,0.023319366004736747,0.5140562248995983,0.8169182432893928
-2.0054329306988468,0.023407380209289518,0.5120481927710844,0.8183354962092754
-1.979088266047155,0.023462035839645297,0.5100401606425703,0.8194795437470118
-1.952743601395463,0.023585345390137038,0.5080321285140562,0.8211529267126563
-1.926398936743773,0.023576930302461017,0.5040160642570282,0.8225018782870023
-1.9000542720920812,0.02368321333838575,0.5020080321285141,0.8240215832251896
-1.8737096074403894,0.02382767823103317,0.5020080321285141,0.8251144047537736
-1.8473649427886976,0.024036150370156717,0.5020080321285141,0.8266682603647292
-1.8210202781370057,0.024175611642974566,0.5020080321285141,0.8276927805477768
-1.7946756134853157,0.024323798404358825,0.5020080321285141,0.8287685267399768
-1.7683309488336239,0.024502597275311185,0.5020080321285141,0.8300491769687863
-1.741986284181932,0.024725546434576202,0.5020080321285141,0.831620107916126
-1.7156416195302402,0.02490784098834313,0.5020080321285141,0.8328836828085513
-1.6892969548785484,0.02477680810512589,0.4959839357429719,0.8339935796735196
-1.6629522902268583,0.02490923759580476,0.4959839357429719,0.8348985725018783
-1.6366076255751665,0.025106729009961373,0.4959839357429719,0.8362304487398402
-1.6102629609234747,0.025207500768521365,0.4939759036144578,0.837562324977802
-1.5839182962717828,0.025413223140495867,0.4939759036144578,0.838911276552148
-1.557573631620091,0.025606328718642657,0.4939759036144578,0.8401577761081893
-1.5312289669683992,0.0258159303179767,0.4939759036144578,0.8414896523461513
-1.5048843023167073,0.025990491283676705,0.4939759036144578,0.8425824738747353
-1.478539637665019,0.026195293365988713,0.4939759036144578,0.8438460487671607
-1.4521949730133272,0.025852821282986483,0.4839357429718876,0.8449388702957449
-1.4258503083616354,0.026034352381981204,0.4839357429718876,0.8460487671607131
-1.3995056437099436,0.02608695652173913,0.4819277108433735,0.8470049859982242
-1.3731609790582517,0.0260507880910683,0.4779116465863454,0.8480636568540401
-1.34681631440656,0.026016977180024253,0.4738955823293173,0.84913940304624
-1.320471649754868,0.026119817717016783,0.4718875502008032,0.8503859026022813
-1.2941269851031763,0.026360067302299495,0.4718875502008032,0.8517860801857796
-1.2677823204514844,0.02646759416355616,0.46987951807228917,0.8530325797418209
-1.2414376557997926,0.026225769669327253,0.46184738955823296,0.8541766272795575
-1.2150929911481043,0.026421596783457783,0.46184738955823296,0.8552865241445257
-1.1887483264964125,0.02661728966554797,0.46184738955823296,0.8563793456731098
-1.1624036618447207,0.026680647792147266,0.4598393574297189,0.8573526398470049
-1.1360589971930288,0.02676998943289891,0.4578313253012048,0.8584625367119733
-1.109714332541337,0.02694080113434952,0.4578313253012048,0.8593846048767161
-1.0833696678896452,0.02709125475285171,0.4578313253012048,0.86018714568677
-1.0570250032379533,0.026936430025140668,0.45180722891566266,0.8612116658698177
-1.0306803385862615,0.02703681351840676,0.4497991967871486,0.8623557134075541
-1.0043356739345697,0.02720427495749332,0.4497991967871486,0.8632265555631446
-0.9779910092828814,0.027348540593573705,0.44779116465863456,0.8645755071374907
-0.9516463446311896,0.027530864197530865,0.44779116465863456,0.8654975753022335
-0.9253016799794977,0.027698422556204198,0.44779116465863456,0.8663342667850557
-0.8989570153278059,0.027777777777777776,0.4457831325301205,0.8673246362953351
-0.8726123506761141,0.027753248391573105,0.44176706827309237,0.868400382487535
-0.8462676860244223,0.027813055626111253,0.4397590361445783,0.8692882999795096
-0.8199230213727304,0.027774222449763214,0.4357429718875502,0.8702957448261731
-0.7935783567210386,0.027706185567010308,0.43172690763052207,0.8711665869817635
-0.7672336920693468,0.02791482731757985,0.43172690763052207,0.872156956492043
-0.7408890274176549,0.028089887640449437,0.43172690763052207,0.8729765726384809
-0.7145443627659667,0.028285751874753323,0.43172690763052207,0.8738815654668397
-0.6881996981142748,0.028473049927161966,0.43172690763052207,0.874735332286046
-0.661855033462583,0.028639936059677636,0.43172690763052207,0.8754866470869476
-0.6355103688108912,0.028705566733735748,0.42971887550200805,0.8763574892425381
-0.6091657041591994,0.02890329551593733,0.42971887550200805,0.8772283313981285
-0.5828210395075075,0.029123571039738703,0.42971887550200805,0.8781845502356397
-0.5564763748558157,0.029339182890046615,0.42971887550200805,0.8791066184003825
-0.5301317102041239,0.029363110008271298,0.42771084337349397,0.8797725565193635
-0.503787045552432,0.02957922510762394,0.42771084337349397,0.8806775493477221
-0.4774423809007402,0.029765231973169368,0.42771084337349397,0.8814459394850078
-0.4510977162490519,0.02985495000704126,0.42570281124497994,0.8823680076497507
-0.4247530515973601,0.030117914476488136,0.42570281124497994,0.8834266785055666
-0.39840838694566827,0.030181662137033327,0.42369477911646586,0.8842292193156205
-0.37206372229397644,0.0299625468164794,0.41767068273092367,0.8850146847892904
-0.3457190576422846,0.03016678752719362,0.41767068273092367,0.8858172255993443
-0.3193743929905928,0.030356100408639813,0.41767068273092367,0.8865514650638617
-0.29302972833890095,0.03027185892725937,0.41365461847389556,0.8873198552011474
-0.2666850636872091,0.030455351862803074,0.41365461847389556,0.8880199439928966
-0.2403403990355173,0.030330062444246207,0.40963855421686746,0.8886346561027252
-0.21399573438382902,0.030366492146596858,0.40763052208835343,0.8893176695580903
-0.1876510697321372,0.030426269016418137,0.40562248995983935,0.890086059695376
-0.16130640508044536,0.03066180935033394,0.40562248995983935,0.8909569018509664
-0.13496174042875353,0.030849114233353694,0.40562248995983935,0.8916399153063316
-0.1086170757770617,0.030975496994914472,0.4036144578313253,0.8926302848166109
-0.08227241112536987,0.03095349198942293,0.39959839357429716,0.8936206543268902
-0.05592774647367804,0.03115216030056356,0.39959839357429716,0.8943207431186394
-0.029583081821986212,0.031161473087818695,0.39759036144578314,0.8948842292193157
-0.003238417170294383,0.03125991748651222,0.39558232931726905,0.8957550713749061
0.023106247481397446,0.03145457448507105,0.39558232931726905,0.896421009493887
0.04945091213308572,0.031295137217140105,0.39156626506024095,0.8969332695854109
0.07579557678477755,0.031476997578692496,0.39156626506024095,0.8975479816952394
0.10214024143646938,0.03165584415584415,0.39156626506024095,0.8981456184686838
0.1284849060881612,0.03167864141084259,0.3895582329317269,0.8987432552421283
0.15482957073985304,0.03189740217033871,0.3895582329317269,0.8994604193702616
0.18117423539154487,0.03206081639398446,0.3895582329317269,0.8999897547981696
0.2075189000432367,0.03231179213857428,0.3895582329317269,0.9007922956082235
0.23386356469492853,0.032468619246861924,0.3895582329317269,0.9012874803633631
0.26020822934662036,0.032513477088948785,0.38755020080321284,0.9019363431459599
0.2865528939983122,0.0325313453066757,0.3855421686746988,0.9024998292466362
0.31289755865000046,0.03252170951813383,0.38353413654618473,0.9029779386653917
0.3392422233016923,0.03253981846206542,0.3815261044176707,0.9035414247660679
0.3655868879533841,0.03255813953488372,0.3795180722891566,0.904104910866744
0.39193155260507595,0.03274995667995148,0.3795180722891566,0.9046854723038044
0.4182762172567678,0.03240418118466899,0.37349397590361444,0.90516358172256
0.4446208819084596,0.03262585511313804,0.37349397590361444,0.9058295198415409
0.47096554656015144,0.03290288342473023,0.37349397590361444,0.9066491359879789
0.49731021121184327,0.03296507483962936,0.3714859437751004,0.9073321494433441
0.5236548758635351,0.032298582451103536,0.3614457831325301,0.9079127108804044
0.5499995405152234,0.03254384378954981,0.3614457831325301,0.9086298750085376
0.5763442051669152,0.03279285844416105,0.3614457831325301,0.909347039136671
0.602688869818607,0.03304571323664402,0.3614457831325301,0.9100642032648043
0.6290335344702989,0.03305022156573117,0.35943775100401604,0.9105764633563281
0.6553781991219907,0.03325283299275497,0.35943775100401604,0.9111399494570043
0.6817228637736825,0.03345169127265932,0.35943775100401604,0.9116863602212963
0.7080675284253743,0.033652942282383906,0.35943775100401604,0.9122327709855884
0.7344121930770662,0.033661119515885025,0.357429718875502,0.9127450310771122
0.760756857728758,0.03391768292682927,0.357429718875502,0.9134280445324773
0.7871015223804498,0.033748801534036435,0.3534136546184739,0.9139573799603852
0.8134461870321381,0.03400966183574879,0.3534136546184739,0.9146403934157503
0.8397908516838299,0.03422127163134357,0.3534136546184739,0.9151868041800424
0.8661355163355218,0.03445575567736883,0.3534136546184739,0.9157844409534868
0.8924801809872136,0.03467980295566502,0.3534136546184739,0.916347927054163
0.9188248456389054,0.034729112919230004,0.3514056224899598,0.9169455638276074
0.9451695102905973,0.03493013972055888,0.3514056224899598,0.917440748582747
0.9715141749422891,0.03499597747385358,0.3493975903614458,0.9180725360289598
0.9978588395939809,0.03481076705120421,0.3453815261044177,0.9185677207840994
1.0242035042456727,0.03477730323367907,0.3433734939759036,0.9189604535209344
1.0505481688973646,0.03480040941658137,0.3413654618473896,0.9194897889488423
1.0768928335490529,0.03500823723228995,0.3413654618473896,0.919984973703982
1.1032374982007447,0.035233160621761656,0.3413654618473896,0.9205143091318899
1.1295821628524365,0.03517901748542881,0.3393574297188755,0.9208558158595724
1.1559268275041283,0.03535564853556485,0.3393574297188755,0.9212656239327914
1.1822714921558202,0.03509878100042035,0.3353413654618474,0.9216071306604741
1.208616156807512,0.0352543804095419,0.3353413654618474,0.9219657127245406
1.2349608214592038,0.03532666524792509,0.3333333333333333,0.9225975001707534
1.2613054861108957,0.03551561831407788,0.3333333333333333,0.9230243835803565
1.2876501507625875,0.03576815341521224,0.3333333333333333,0.9235878696810327
1.3139948154142758,0.035691109669046074,0.3313253012048193,0.9238781503995629
1.3403394800659676,0.03585397653194263,0.3313253012048193,0.9242367324636296
1.3666841447176594,0.036026200873362446,0.3313253012048193,0.9246123898640803
1.3930288093693513,0.03597280105286247,0.3293172690763052,0.9249538965917629
1.419373474021043,0.03622708195272808,0.3293172690763052,0.9255003073560549
1.445718138672735,0.036395916555703504,0.3293172690763052,0.9258588894201216
1.4720628033244267,0.03641644325290438,0.3273092369477912,0.9263540741752613
1.4984074679761186,0.03657168498990352,0.3273092369477912,0.9266785055665596
1.5247521326278104,0.03674481514878269,0.3273092369477912,0.9270370876306263
1.5510967972795022,0.036894522408329564,0.3273092369477912,0.9273444436855406
1.5774414619311905,0.037104484407011154,0.3273092369477912,0.9277713270951438
1.6037861265828823,0.037393897682954806,0.3273092369477912,0.9283518885322041
1.6301307912345742,0.037096774193548385,0.3232931726907631,0.9286421692507343
1.656475455886266,0.03726851851851852,0.3232931726907631,0.9289836759784168
1.6828201205379578,0.036950964443411574,0.3192771084337349,0.9292398060241787
1.7091647851896496,0.036673674375145994,0.3152610441767068,0.9295813127518612
1.7355094498413415,0.03670588235294118,0.3132530120481928,0.930093572843385
1.7618541144930333,0.036905606813342796,0.3132530120481928,0.9304863055802199
1.7881987791447251,0.037142857142857144,0.3132530120481928,0.9309473396625914
1.814543443796417,0.037107972228872396,0.3112449799196787,0.9313229970630421
1.8408881084481052,0.03728650469088285,0.3112449799196787,0.9316645037907246
1.867232773099797,0.03723404255319149,0.3092369477911647,0.9320060105184073
1.893577437751489,0.03721722208708343,0.3072289156626506,0.9324158185916263
1.9199221024031807,0.03719109371176903,0.30522088353413657,0.9328085513284612
1.9462667670548726,0.037466107961547944,0.30522088353413657,0.933320811419985
1.9726114317065644,0.037211610022326966,0.30120481927710846,0.933730619493204
1.9989560963582562,0.037434489643124534,0.30120481927710846,0.934140427566423
2.025300761009948,0.0376034093757834,0.30120481927710846,0.9344477836213373
2.05164542566164,0.03781194857574994,0.30120481927710846,0.9348234410217882
2.077990090313328,0.037826859609037825,0.2991967871485944,0.9352844751041596
2.10433475496502,0.03769740193581253,0.2971887550200803,0.9354893791407691
2.130679419616712,0.03790012804097311,0.2971887550200803,0.9358479612048357
2.1570240842684036,0.03780864197530864,0.29518072289156627,0.9361211665869817
2.1833687489200955,0.03804347826086957,0.29518072289156627,0.9365309746602009
2.2097134135717873,0.037941787941787944,0.2931726907630522,0.9367871047059627
2.236058078223479,0.038159958180867745,0.2931726907630522,0.9371627621064135
2.262402742875171,0.03833027041218168,0.2931726907630522,0.9374530428249437
2.288747407526863,0.03847167325428195,0.2931726907630522,0.9376920975343215
2.3150920721785546,0.03863455940725059,0.2931726907630522,0.9379653029164674
2.341436736830243,0.038902211564082065,0.2931726907630522,0.9384092616624548
2.3677814014819347,0.03913160010720986,0.2931726907630522,0.9387849190629055
2.3941260661336266,0.039278988431530805,0.2931726907630522,0.9390239737722833
2.4204707307853184,0.039512855209742896,0.2931726907630522,0.9393996311727341
2.44681539543701,0.03974952355023142,0.2931726907630522,0.9397752885731849
2.473160060088702,0.0400329037565122,0.2931726907630522,0.9402192473191722
2.499504724740394,0.04026475455046884,0.2931726907630522,0.9405778293832389
2.5258493893920857,0.04047685056833934,0.2931726907630522,0.9409022607745373
2.5521940540437775,0.04063456721402728,0.2931726907630522,0.941141315483915
2.578538718695466,0.04082774049217002,0.2931726907630522,0.9414315962024452
2.6048833833471576,0.0409767050238563,0.2931726907630522,0.9416535755754388
2.6312280479988495,0.04113834883065652,0.2931726907630522,0.9418926302848166
2.6575727126505413,0.041359773371104816,0.2931726907630522,0.942217061676115
2.683917377302233,0.041595441595441596,0.2931726907630522,0.9425585684037976
2.710262041953925,0.04167856123322866,0.2931726907630522,0.9426780957584865
2.736606706605617,0.04161882893226177,0.29116465863453816,0.9429854518134008
2.7629513712573086,0.04184704184704185,0.29116465863453816,0.9433098832046991
2.7892960359090004,0.04175123224122934,0.2891566265060241,0.9435660132504611
2.8156407005606923,0.041703120443277925,0.28714859437751006,0.9438904446417594
2.8419853652123805,0.04189862291239379,0.28714859437751006,0.9441636500239055
2.8683300298640724,0.04213317619328226,0.28714859437751006,0.9444880814152039
2.894674694515764,0.04230769230769231,0.28714859437751006,0.9447271361245817
2.921019359167456,0.0421865715983363,0.285140562248996,0.9449491154975753
2.947364023819148,0.0424007166318304,0.285140562248996,0.9452393962161054
2.9737086884708397,0.0423042304230423,0.28313253012048195,0.9454955262618674
3.0000533531225315,0.04190533614712089,0.2791164658634538,0.9457345809712452
3.0263980177742233,0.04207021791767555,0.2791164658634538,0.9459565603442388
3.052742682425915,0.04226208574034661,0.2791164658634538,0.9462126903900007
3.079087347077607,0.04242979242979243,0.2791164658634538,0.9464346697629943
3.1054320117292953,0.04259883542752069,0.2791164658634538,0.946656649135988
3.131776676380987,0.04279556650246306,0.2791164658634538,0.9469127791817499
3.158121341032679,0.042927733168622605,0.2791164658634538,0.9470835325455912
3.1844660056843708,0.042817251008377286,0.27710843373493976,0.9473225872549689
3.2108106703360626,0.04275905118601748,0.2751004016064257,0.9476299433098831
3.2371553349877544,0.042987135236899905,0.2751004016064257,0.9479202240284134
3.2634999996394463,0.043176804286164515,0.2751004016064257,0.9481592787377912
3.289844664291138,0.04334071496361911,0.2751004016064257,0.9483641827744007
3.31618932894283,0.04363057324840764,0.2751004016064257,0.9487227648384673
3.342533993594518,0.04352,0.27309236947791166,0.9489618195478451
3.36887865824621,0.04363169714469041,0.27309236947791166,0.9490984222389182
3.395223322897902,0.04384268214055448,0.27309236947791166,0.94935455228468
3.4215679875495937,0.043788517677586763,0.2710843373493976,0.9496619083395943
3.4479126522012855,0.04371941272430669,0.26907630522088355,0.9499521890581244
3.4742573168529773,0.043520942408376964,0.26706827309236947,0.9500887917491975
3.500601981504669,0.04339250493096647,0.26506024096385544,0.9503107711221911
3.526946646156361,0.043521266073194856,0.26506024096385544,0.9504644491496482
3.553291310808053,0.0437375745526839,0.26506024096385544,0.9507205791954102
3.5796359754597447,0.04398533822059313,0.26506024096385544,0.9510108599139403
3.605980640111433,0.04416192706590833,0.26506024096385544,0.9512157639505499
3.6323253047631248,0.04442948502187816,0.26506024096385544,0.9515231200054641
3.6586699694148166,0.044715447154471545,0.26506024096385544,0.9518475513967625
3.6850146340665084,0.04457298400816604,0.26305220883534136,0.952052455433372
3.7113592987182003,0.044909153239629754,0.26305220883534136,0.9524281128338228
3.737703963369892,0.04523480662983426,0.26305220883534136,0.9527866948978895
3.764048628021584,0.0453601108033241,0.26305220883534136,0.9529232975889625
3.7903932926732757,0.04574022346368715,0.26305220883534136,0.9533331056621815
3.8167379573249676,0.04567814476458187,0.26104417670682734,0.9536233863807116
3.8430826219766594,0.04571226080793763,0.25903614457831325,0.9540161191175466
3.8694272866283477,0.04556781772872909,0.2570281124497992,0.9542210231541561
3.8957719512800395,0.0456490727532097,0.2570281124497992,0.9543063998360768
3.9221166159317313,0.04592752063150341,0.2570281124497992,0.9545966805546069
3.948461280583423,0.04584837545126354,0.25502008032128515,0.9548698859367529
3.974805945235115,0.04580152671755725,0.25301204819277107,0.9551772419916672
4.001150609886807,0.045570543200874954,0.25100401606425704,0.9552967693463561
4.027495274538499,0.045770779934090074,0.25100401606425704,0.9555016733829657
4.0538399391901905,0.04609144542772861,0.25100401606425704,0.9558261047742641
4.080184603841882,0.04631344942571323,0.25100401606425704,0.9560480841472577
4.106529268493571,0.04575892857142857,0.2469879518072289,0.9562017621747149
4.132873933145262,0.04560747663551402,0.24497991967871485,0.9564066662113243
4.159218597796954,0.045744281964754406,0.24497991967871485,0.9565432689023974
4.185563262448646,0.04586466165413534,0.24497991967871485,0.9566627962570863
4.211907927100338,0.046055115137787844,0.24497991967871485,0.9568506249573117
4.23825259175203,0.04624715693707354,0.24497991967871485,0.957038453657537
4.264597256403722,0.0463173880030372,0.24497991967871485,0.9571067550030735
4.290941921055413,0.04623614826136798,0.2429718875502008,0.9573799603852196
4.317286585707105,0.04650269023827825,0.2429718875502008,0.9576360904309815
4.343631250358797,0.046242774566473986,0.24096385542168675,0.9577385424492862
4.369975915010485,0.04612403100775194,0.2389558232931727,0.957977597158664
4.396320579662177,0.04564962934061646,0.23493975903614459,0.9582337272044259
4.422665244313869,0.04584639498432602,0.23493975903614459,0.9584215559046513
4.449009908965561,0.045633359559402044,0.23293172690763053,0.9585752339321084
4.475354573617253,0.045400710619818395,0.23092369477911648,0.9587118366231815
4.5016992382689445,0.04563492063492063,0.23092369477911648,0.9589338159961751
4.528043902920636,0.045889864325618514,0.23092369477911648,0.9591728707055529
4.554388567572328,0.04612916165262736,0.23092369477911648,0.9593948500785465
4.58073323222402,0.04600484261501211,0.2289156626506024,0.9596339047879243
4.607077896875712,0.04611650485436893,0.2289156626506024,0.959736356806229
4.6334225615274,0.04632263307598537,0.2289156626506024,0.9599241855064545
4.659767226179092,0.04582651391162029,0.2248995983935743,0.9601803155522164
4.686111890830784,0.04607157548334019,0.2248995983935743,0.96040229492521
4.7124565554824756,0.045228215767634854,0.21887550200803213,0.9607096509801243
4.738801220134167,0.045397750937109536,0.21887550200803213,0.9608633290075814
4.765145884785859,0.04554951943167572,0.21887550200803213,0.9609999316986545
4.791490549437551,0.04532102391942929,0.21686746987951808,0.9611536097261116
4.817835214089243,0.04514767932489452,0.21485943775100402,0.9613585137627211
4.844179878740935,0.04530059271803556,0.21485943775100402,0.9614951164537942
4.870524543392623,0.04547386315342117,0.21485943775100402,0.9616487944812513
4.896869208044315,0.0457069628363947,0.21485943775100402,0.9618536985178608
4.923213872696007,0.045942464577071705,0.21485943775100402,0.9620586025544703
4.9495585373476985,0.04622030237580994,0.21485943775100402,0.9622976572638481
4.97590320199939,0.046440972222222224,0.21485943775100402,0.9624854859640735
5.002247866651082,0.04668411867364747,0.21485943775100402,0.962690390000683
5.028592531302774,0.04649122807017544,0.21285140562248997,0.9628782187009084
5.054937195954466,0.04671661524900837,0.21285140562248997,0.9630660474011338
5.081281860606158,0.046902654867256637,0.21285140562248997,0.9632197254285909
5.107626525257849,0.04704837993786063,0.21285140562248997,0.9633392527832798
5.133971189909538,0.04685408299866131,0.21084337349397592,0.9635270814835052
5.1603158545612295,0.0466995958688819,0.20883534136546184,0.9637490608564989
5.186660519212921,0.046585255540479424,0.20682730923694778,0.9640051909022608
5.213005183864613,0.04677565849227974,0.20682730923694778,0.9641588689297179
5.239349848516305,0.04666056724611162,0.20481927710843373,0.9644149989754798
5.265694513167997,0.046543778801843315,0.20281124497991967,0.9646711290212417
5.292039177819689,0.0466728280961183,0.20281124497991967,0.9647735810395465
5.3183838424713805,0.04695490469549047,0.20281124497991967,0.9649955604125401
5.344728507123072,0.04672897196261682,0.20080321285140562,0.9651663137763814
5.371073171774764,0.04656632173095014,0.19879518072289157,0.965388293149375
5.3974178364264525,0.046698113207547166,0.19879518072289157,0.9654907451676799
5.423762501078144,0.04689720511605874,0.19879518072289157,0.965644423195137
5.450107165729836,0.046688899475940925,0.19678714859437751,0.9658322518953624
5.476451830381528,0.04597701149425287,0.1927710843373494,0.9659859299228195
5.50279649503322,0.04580520732883317,0.19076305220883535,0.9662079092958131
5.529141159684912,0.04492753623188406,0.18674698795180722,0.9662420599685814
5.555485824336603,0.04472532814778804,0.18473895582329317,0.9664469640051909
5.581830488988295,0.04489995119570522,0.18473895582329317,0.9665835666962639
5.608175153639987,0.04505386875612145,0.18473895582329317,0.9667030940509528
5.634519818291675,0.04482758620689655,0.1827309236947791,0.9668909227511782
5.660864482943367,0.04498269896193772,0.1827309236947791,0.9670104501058671
5.687209147595059,0.04527363184079602,0.1827309236947791,0.9672324294788608
5.713553812246751,0.045067601402103155,0.18072289156626506,0.9674373335154702
5.739898476898443,0.045180722891566265,0.18072289156626506,0.9675227101973909
5.7662431415501345,0.04536290322580645,0.18072289156626506,0.9676593128884639
5.792587806201826,0.045454545454545456,0.18072289156626506,0.9677276142340004
5.818932470853518,0.045754956786985254,0.18072289156626506,0.9679495936069941
5.84527713550521,0.04561763198359815,0.178714859437751,0.9682057236527559
5.871621800156902,0.04580545548121462,0.178714859437751,0.968342326343829
5.89796646480859,0.04543107898812597,0.17670682730923695,0.9684277030257497
5.924311129460282,0.045761830473218926,0.17670682730923695,0.9686667577351273
5.950655794111974,0.04592901878914405,0.17670682730923695,0.9687862850898162
5.977000458763666,0.04614577871001573,0.17670682730923695,0.9689399631172734
6.003345123415357,0.04595879556259905,0.1746987951807229,0.9691619424902671
6.029689788067049,0.045260915867944625,0.1706827309236948,0.9693839218632607
6.056034452718741,0.0448,0.1686746987951807,0.969418072536029
6.082379117370433,0.04452789699570815,0.16666666666666666,0.9695888258998703
6.108723782022125,0.044204851752021566,0.1646586345381526,0.9697254285909432
6.135068446673817,0.044372294372294376,0.1646586345381526,0.9698449559456321
6.161413111325505,0.044541010320478004,0.1646586345381526,0.969964483300321
6.187757775977197,0.04416575790621592,0.16265060240963855,0.9700669353186258
6.2141024406288885,0.0443592552026287,0.16265060240963855,0.9702035380096988
6.24044710528058,0.04450549450549451,0.16265060240963855,0.9703059900280036
6.266791769932272,0.04427227448810182,0.1606425702811245,0.9705108940646131
6.293136434583964,0.04449388209121246,0.1606425702811245,0.9706645720920702
6.319481099235656,0.044717719396310786,0.1606425702811245,0.9708182501195274
6.345825763887348,0.0443073471676949,0.15863453815261044,0.970903626801448
6.3721704285390395,0.044382022471910115,0.15863453815261044,0.9709548528106003
6.398515093190728,0.044557247602932885,0.15863453815261044,0.9710743801652892
6.42485975784242,0.04480998298355077,0.15863453815261044,0.9712451335291306
6.451204422494111,0.0450656018254421,0.15863453815261044,0.9714158868929718
6.477549087145803,0.045324153757888695,0.15863453815261044,0.9715866402568131
6.503893751797495,0.04550691244239631,0.15863453815261044,0.971706167611502
6.530238416449187,0.04569115095430885,0.15863453815261044,0.9718256949661909
6.556583081100879,0.04614485981308411,0.15863453815261044,0.972115975684721
6.582927745752571,0.046415981198589897,0.15863453815261044,0.9722867290485623
6.609272410404262,0.046552740129640544,0.15863453815261044,0.9723721057304829
6.635617075055954,0.046235921754593956,0.1566265060240964,0.9725257837579401
6.6619617397076425,0.04642857142857143,0.1566265060240964,0.972645311112629
6.688306404359334,0.046511627906976744,0.1566265060240964,0.9726965371217813
6.714651069011026,0.0466786355475763,0.1566265060240964,0.9727989891400861
6.740995733662718,0.0468187274909964,0.1566265060240964,0.9728843658220067
6.76734039831441,0.04693140794223827,0.1566265060240964,0.9729526671675433
6.793685062966102,0.04710144927536232,0.1566265060240964,0.973055119185848
6.8200297276177935,0.04666666666666667,0.15461847389558234,0.9731404958677686
6.846374392269485,0.04683698296836983,0.15461847389558234,0.9732429478860734
6.872719056921177,0.047037263286499695,0.15461847389558234,0.9733624752407622
6.899063721572869,0.047268262737875995,0.15461847389558234,0.9734990779318352
6.925408386224557,0.0474430067775724,0.15461847389558234,0.97360152995014
6.951753050876249,0.04702970297029703,0.15261044176706828,0.9737039819684448
6.978097715527941,0.04723430702299565,0.15261044176706828,0.9738235093231337
7.004442380179633,0.047470331043098064,0.15261044176706828,0.9739601120142066
7.0307870448313246,0.04773869346733668,0.15261044176706828,0.9741137900416639
7.057131709483016,0.04801010739102969,0.15261044176706828,0.974267468069121
7.083476374134708,0.047619047619047616,0.15060240963855423,0.9743869954238098
7.1098210387864,0.047223994894703254,0.14859437751004015,0.9745065227784987
7.136165703438092,0.046675191815856776,0.1465863453815261,0.9745406734512669
7.16251036808978,0.04685494223363286,0.1465863453815261,0.9746431254695718
7.188855032741472,0.047036082474226804,0.1465863453815261,0.9747455774878765
7.215199697393164,0.047310434219053794,0.1465863453815261,0.9748992555153336
7.241544362044856,0.04746423927178153,0.1465863453815261,0.9749846321972543
7.2678890266965475,0.04758800521512386,0.1465863453815261,0.9750529335427908
7.294233691348239,0.04786885245901639,0.1465863453815261,0.9752066115702479
7.320578355999931,0.04736842105263158,0.14457831325301204,0.9752749129157844
7.346923020651623,0.047556142668428,0.14457831325301204,0.9753773649340892
7.373267685303315,0.04774535809018567,0.14457831325301204,0.9754798169523939
7.399612349955007,0.047872340425531915,0.14457831325301204,0.9755481182979304
7.425957014606695,0.0481283422459893,0.14457831325301204,0.9756847209890035
7.452301679258387,0.0482897384305835,0.14457831325301204,0.9757700976709242
7.4786463439100785,0.04784366576819407,0.142570281124498,0.9758725496892289
7.50499100856177,0.047972972972972976,0.142570281124498,0.9759408510347654
7.531335673213462,0.04826648538409246,0.142570281124498,0.9760945290622225
7.557680337865154,0.048431105047748974,0.142570281124498,0.9761799057441432
7.584025002516846,0.04781420765027322,0.14056224899598393,0.9761969810805273
7.610369667168538,0.04794520547945205,0.14056224899598393,0.9762652824260638
7.6367143318202295,0.04807692307692308,0.14056224899598393,0.9763335837716003
7.663058996471921,0.04755341144038594,0.13855421686746988,0.9764018851171368
7.68940366112361,0.04781704781704782,0.13855421686746988,0.9765384878082098
7.7157483257753015,0.04801670146137787,0.13855421686746988,0.9766409398265146
7.742092990426993,0.04831932773109244,0.13855421686746988,0.9767946178539717
7.768437655078685,0.04792107117688513,0.13654618473895583,0.9769312205450448
7.794782319730377,0.047416843595187545,0.13453815261044177,0.9770165972269653
7.821126984382069,0.04700854700854701,0.13253012048192772,0.9771531999180384
7.847471649033761,0.047345767575322814,0.13253012048192772,0.9773239532818796
7.873816313685452,0.047584715212689255,0.13253012048192772,0.9774434806365685
7.900160978337144,0.04793028322440087,0.13253012048192772,0.9776142340004098
7.9265056429888325,0.04814004376367615,0.13253012048192772,0.9777166860187145
7.952850307640524,0.048280907095830286,0.13253012048192772,0.9777849873642511
7.979194972292216,0.04852941176470588,0.13253012048192772,0.9779045147189399
8.005539636943908,0.04885270170244264,0.13253012048192772,0.9780581927463972
8.0318843015956,0.04929051530993279,0.13253012048192772,0.9782630967830066
8.058228966247292,0.049586776859504134,0.13253012048192772,0.9783996994740797
8.084573630898984,0.048982667671439335,0.13052208835341367,0.978450925483232
8.110918295550675,0.04924242424242424,0.13052208835341367,0.9785704528379209
8.137262960202367,0.04950495049504951,0.13052208835341367,0.9786899801926098
8.163607624854059,0.04965622612681436,0.13052208835341367,0.9787582815381463
8.189952289505747,0.04992319508448541,0.13052208835341367,0.9788778088928352
8.216296954157439,0.04949729311678268,0.1285140562248996,0.9790144115839082
8.242641618809131,0.048875096974398756,0.12650602409638553,0.9790656375930605
8.268986283460823,0.04906542056074766,0.12650602409638553,0.9791510142749812
8.295330948112515,0.04929577464788732,0.12650602409638553,0.979253466293286
8.321675612764206,0.04948939512961508,0.12650602409638553,0.9793388429752066
8.348020277415898,0.049606299212598425,0.12650602409638553,0.979390068984359
8.37436494206759,0.04908946951702296,0.12449799196787148,0.9794925210026637
8.400709606719282,0.04948124501197127,0.12449799196787148,0.979663274366505
8.427054271370974,0.048956661316211875,0.12248995983935743,0.9797657263848097
8.453398936022662,0.048465266558966075,0.12048192771084337,0.9798852537394986
8.479743600674354,0.048859934853420196,0.12048192771084337,0.98005600710334
8.506088265326046,0.049099836333878884,0.12048192771084337,0.9801584591216447
8.532432929977738,0.049301561216105176,0.12048192771084337,0.9802438358035653
8.55877759462943,0.04942339373970346,0.12048192771084337,0.9802950618127177
8.585122259281121,0.0495458298926507,0.12048192771084337,0.98034628782187
8.611466923932813,0.04987531172069826,0.12048192771084337,0.9804828905129431
8.637811588584505,0.04945515507124895,0.11847389558232932,0.9806365685404003
8.664156253236197,0.049663299663299666,0.11847389558232932,0.9807219452223209
8.690500917887885,0.04995766299745978,0.11847389558232932,0.9808414725770098
8.716845582539577,0.05004240882103478,0.11847389558232932,0.9808756232497781
8.743190247191269,0.05038428693424424,0.11847389558232932,0.981012225940851
8.76953491184296,0.05060034305317324,0.11847389558232932,0.9810976026227717
8.795879576494652,0.05073086844368014,0.11847389558232932,0.9811488286319241
8.822224241146344,0.050818260120585705,0.11847389558232932,0.9811829793046923
8.848568905798036,0.05103806228373702,0.11847389558232932,0.9812683559866129
8.874913570449728,0.051304347826086956,0.11847389558232932,0.9813708080049177
8.90125823510142,0.05166374781085814,0.11847389558232932,0.9815074106959907
8.927602899753111,0.050921861281826165,0.11646586345381527,0.9815415613687589
8.9539475644048,0.051056338028169015,0.11646586345381527,0.9815927873779113
8.980292229056491,0.05137289636846767,0.11646586345381527,0.9817123147326002
9.006636893708183,0.051555555555555556,0.11646586345381527,0.9817806160781367
9.032981558359875,0.05178571428571429,0.11646586345381527,0.9818659927600574
9.059326223011567,0.051258992805755396,0.1144578313253012,0.9819855201147463
9.085670887663259,0.051630434782608696,0.1144578313253012,0.9821221228058192
9.11201555231495,0.05172413793103448,0.1144578313253012,0.9821562734785876
9.138360216966642,0.052054794520547946,0.1144578313253012,0.9822758008332764
9.164704881618334,0.0521978021978022,0.1144578313253012,0.9823270268424288
9.191049546270026,0.05263157894736842,0.1144578313253012,0.9824807048698859
9.217394210921714,0.052924791086350974,0.1144578313253012,0.9825831568881906
9.243738875573406,0.05307262569832402,0.1144578313253012,0.9826343828973431
9.270083540225098,0.05337078651685393,0.1144578313253012,0.9827368349156478
9.29642820487679,0.05367231638418079,0.1144578313253012,0.9828392869339526
9.322772869528482,0.05402843601895735,0.1144578313253012,0.9829588142886415
9.349117534180174,0.05343511450381679,0.11244979919678715,0.9830612663069462
9.375462198831865,0.053691275167785234,0.11244979919678715,0.9831466429888669
9.401806863483557,0.05394990366088632,0.11244979919678715,0.9832320196707875
9.428151528135249,0.05431619786614937,0.11244979919678715,0.9833515470254764
9.454496192786937,0.05442176870748299,0.11244979919678715,0.9833856976982447
9.48084085743863,0.05474095796676442,0.11244979919678715,0.9834881497165494
9.507185522090321,0.054187192118226604,0.11044176706827309,0.9836076770712383
9.533530186742013,0.054294175715695954,0.11044176706827309,0.9836418277440065
9.559874851393705,0.05440158259149357,0.11044176706827309,0.9836759784167748
9.586219516045396,0.05472636815920398,0.11044176706827309,0.9837784304350796
9.612564180697088,0.054945054945054944,0.11044176706827309,0.9838467317806161
9.63890884534878,0.05527638190954774,0.11044176706827309,0.9839491837989208
9.665253510000472,0.055499495459132187,0.11044176706827309,0.9840174851444573
9.691598174652164,0.05566801619433198,0.11044176706827309,0.9840687111536097
9.717942839303852,0.05606523955147808,0.11044176706827309,0.9841882385082986
9.744287503955544,0.055384615384615386,0.10843373493975904,0.9842736151902193
9.770632168607236,0.05578512396694215,0.10843373493975904,0.9843931425449082
9.796976833258928,0.056016597510373446,0.10843373493975904,0.9844614438904447
9.82332149791062,0.055381400208986416,0.10642570281124498,0.9845638959087494
9.849666162562311,0.05573080967402734,0.10642570281124498,0.9846663479270542
9.876010827214003,0.056084656084656084,0.10642570281124498,0.9847687999453589
9.902355491865695,0.05626326963906582,0.10642570281124498,0.9848200259545113
9.928700156517387,0.05656350053361793,0.10642570281124498,0.9849054026364319
9.955044821169079,0.05680600214362272,0.10642570281124498,0.9849737039819685
9.981389485820767,0.05723542116630669,0.10642570281124498,0.9850932313366574
10.007734150472459,0.05735930735930736,0.10642570281124498,0.9851273820094256
10.03407881512415,0.05652173913043478,0.10441767068273092,0.9851786080185779
10.060423479775842,0.056768558951965066,0.10441767068273092,0.9852469093641145
10.086768144427534,0.056955093099671415,0.10441767068273092,0.9852981353732668
10.113112809079226,0.05733186328555678,0.10441767068273092,0.9854005873915717
10.139457473730918,0.05758582502768549,0.10441767068273092,0.9854688887371081
10.16580213838261,0.05810055865921788,0.10441767068273092,0.9856054914281811
10.192146803034301,0.058361391694725026,0.10441767068273092,0.9856737927737177
10.21849146768599,0.0576271186440678,0.10240963855421686,0.9857591694556382
10.244836132337682,0.05782312925170068,0.10240963855421686,0.9858103954647907
10.271180796989373,0.05707762557077625,0.10040160642570281,0.9858957721467113
10.297525461641065,0.0576036866359447,0.10040160642570281,0.9860323748377843
10.323870126292757,0.05787037037037037,0.10040160642570281,0.9861006761833208
10.350214790944449,0.05807200929152149,0.10040160642570281,0.9861519021924732
10.37655945559614,0.058343057176196034,0.10040160642570281,0.9862202035380097
10.402904120247833,0.05861664712778429,0.10040160642570281,0.9862885048835462
10.429248784899524,0.0589622641509434,0.10040160642570281,0.9863738815654668
10.455593449551216,0.05924170616113744,0.10040160642570281,0.9864421829110034
10.481938114202904,0.05952380952380952,0.10040160642570281,0.9865104842565399
10.508282778854596,0.059880239520958084,0.10040160642570281,0.9865958609384605
10.534627443506288,0.06016847172081829,0.10040160642570281,0.986664162283997
10.56097210815798,0.05953827460510328,0.09839357429718876,0.9867836896386859
10.587316772809672,0.05997552019583843,0.09839357429718876,0.9868861416569906
10.613661437461364,0.06012269938650307,0.09839357429718876,0.9869202923297589
10.640006102113055,0.06049382716049383,0.09839357429718876,0.9870056690116795
10.666350766764747,0.060794044665012405,0.09839357429718876,0.987073970357216
10.692695431416439,0.060945273631840796,0.09839357429718876,0.9871081210299842
10.719040096068131,0.06102117061021171,0.09839357429718876,0.9871251963663684
10.74538476071982,0.06125,0.09839357429718876,0.9871764223755208
10.771729425371511,0.061946902654867256,0.09839357429718876,0.987330100402978
10.798074090023203,0.06091370558375635,0.0963855421686747,0.9873642510757462
10.824418754674895,0.061224489795918366,0.0963855421686747,0.9874325524212827
10.850763419326587,0.059278350515463915,0.09236947791164658,0.9875350044395874
10.877108083978278,0.05958549222797927,0.09236947791164658,0.987603305785124
10.90345274862997,0.06005221932114883,0.09236947791164658,0.9877057578034287
10.929797413281662,0.06036745406824147,0.09236947791164658,0.9877740591489652
10.956142077933354,0.059366754617414245,0.09036144578313253,0.9878252851581176
10.982486742585042,0.059602649006622516,0.09036144578313253,0.98787651116727
11.008831407236734,0.06,0.09036144578313253,0.9879618878491906
11.035176071888426,0.06016042780748663,0.09036144578313253,0.9879960385219588
11.061520736540118,0.05787348586810229,0.08634538152610442,0.9880472645311112
11.08786540119181,0.05834464043419267,0.08634538152610442,0.988149716549416
11.114210065843501,0.058503401360544216,0.08634538152610442,0.9881838672221843
11.140554730495193,0.05874316939890711,0.08634538152610442,0.9882350932313366
11.166899395146885,0.059065934065934064,0.08634538152610442,0.9883033945768732
11.193244059798577,0.05922865013774105,0.08634538152610442,0.9883375452496415
11.219588724450269,0.059474412171507604,0.08634538152610442,0.9883887712587938
11.245933389101957,0.05865921787709497,0.08433734939759036,0.9884912232770986
11.272278053753649,0.059322033898305086,0.08433734939759036,0.9886278259681716
11.29862271840534,0.059490084985835696,0.08433734939759036,0.9886619766409398
11.324967383057032,0.059743954480796585,0.08433734939759036,0.9887132026500922
11.351312047708724,0.05991440798858773,0.08433734939759036,0.9887473533228605
11.377656712360416,0.06017191977077364,0.08433734939759036,0.9887985793320129
11.404001377012108,0.06051873198847262,0.08433734939759036,0.9888668806775494
11.4303460416638,0.061046511627906974,0.08433734939759036,0.9889693326958541
11.456690706315491,0.061224489795918366,0.08433734939759036,0.9890034833686223
11.483035370967183,0.061313868613138686,0.08433734939759036,0.9890205587050065
11.509380035618872,0.06158357771260997,0.08433734939759036,0.9890717847141589
11.535724700270563,0.0621301775147929,0.08433734939759036,0.9891742367324636
11.562069364922255,0.06240713224368499,0.08433734939759036,0.989225462741616
11.588414029573947,0.06110283159463487,0.0823293172690763,0.9892425380780001
11.614758694225639,0.06156156156156156,0.0823293172690763,0.9893279147599208
11.64110335887733,0.061654135338345864,0.0823293172690763,0.9893449900963049
11.667448023529023,0.061746987951807226,0.0823293172690763,0.989362065432689
11.693792688180714,0.06202723146747353,0.0823293172690763,0.9894132914418414
11.720137352832406,0.06212121212121212,0.0823293172690763,0.9894303667782255
11.746482017484094,0.0622154779969651,0.0823293172690763,0.9894474421146097
11.772826682135786,0.061633281972265024,0.08032128514056225,0.9896011201420668
11.799171346787478,0.061823802163833076,0.08032128514056225,0.989635270814835
11.82551601143917,0.06220839813374806,0.08032128514056225,0.9897035721603715
11.851860676090862,0.06103286384976526,0.0783132530120482,0.9897547981695239
11.878205340742554,0.061708860759493674,0.0783132530120482,0.9898743255242128
11.904550005394245,0.061806656101426306,0.0783132530120482,0.9898914008605969
11.930894670045937,0.0624,0.0783132530120482,0.9899938528789017
11.95723933469763,0.0630048465266559,0.0783132530120482,0.9900963048972065
11.983583999349321,0.06320907617504051,0.0783132530120482,0.9901304555699747
12.00992866400101,0.06351791530944625,0.0783132530120482,0.9901816815791271
12.036273328652701,0.06414473684210527,0.0783132530120482,0.9902841335974318
12.062617993304393,0.0628099173553719,0.07630522088353414,0.9903182842702001
12.088962657956085,0.0628099173553719,0.07630522088353414,0.9903182842702001
12.115307322607777,0.06291390728476821,0.07630522088353414,0.9903353596065843
12.141651987259468,0.06301824212271974,0.07630522088353414,0.9903524349429684
12.16799665191116,0.0632279534109817,0.07630522088353414,0.9903865856157367
12.194341316562852,0.06365159128978225,0.07630522088353414,0.9904548869612732
12.220685981214544,0.06386554621848739,0.07630522088353414,0.9904890376340414
12.247030645866236,0.06418918918918919,0.07630522088353414,0.9905402636431938
12.273375310517924,0.06429780033840947,0.07630522088353414,0.9905573389795779
12.299719975169616,0.06451612903225806,0.07630522088353414,0.9905914896523461
12.326064639821308,0.06313993174061433,0.07429718875502007,0.9906256403251144
12.352409304473,0.06357388316151202,0.07429718875502007,0.990693941670651
12.378753969124691,0.06390328151986183,0.07429718875502007,0.9907451676798033
12.405098633776383,0.06401384083044982,0.07429718875502007,0.9907622430161874
12.431443298428075,0.06401384083044982,0.07429718875502007,0.9907622430161874
12.457787963079767,0.06457242582897033,0.07429718875502007,0.9908476196981081
12.484132627731459,0.06304728546409807,0.07228915662650602,0.9908646950344921
12.510477292383147,0.06315789473684211,0.07228915662650602,0.9908817703708763
12.536821957034839,0.06394316163410302,0.07228915662650602,0.9910012977255652
12.56316662168653,0.06428571428571428,0.07228915662650602,0.9910525237347175
12.589511286338222,0.06463195691202872,0.07228915662650602,0.9911037497438699
12.615855950989914,0.0631768953068592,0.07028112449799197,0.9911379004166382
12.642200615641606,0.06340579710144928,0.07028112449799197,0.9911720510894064
12.668545280293298,0.06422018348623854,0.07028112449799197,0.9912915784440953
12.69488994494499,0.06481481481481481,0.07028112449799197,0.991376955126016
12.721234609596682,0.06505576208178439,0.07028112449799197,0.9914111057987842
12.747579274248373,0.06566604127579738,0.07028112449799197,0.9914964824807049
12.773923938900062,0.06628787878787878,0.07028112449799197,0.9915818591626255
12.800268603551753,0.06666666666666667,0.07028112449799197,0.9916330851717778
12.826613268203445,0.06704980842911877,0.07028112449799197,0.9916843111809303
12.852957932855137,0.0671785028790787,0.07028112449799197,0.9917013865173144
12.879302597506829,0.06756756756756757,0.07028112449799197,0.9917526125264667
12.90564726215852,0.06782945736434108,0.07028112449799197,0.991786763199235
12.931991926810213,0.06627680311890838,0.06827309236947791,0.9918209138720033
12.958336591461904,0.06666666666666667,0.06827309236947791,0.9918721398811556
12.984681256113596,0.06719367588932806,0.06827309236947791,0.9919404412266921
13.011025920765288,0.06746031746031746,0.06827309236947791,0.9919745918994605
13.037370585416976,0.06759443339960239,0.06827309236947791,0.9919916672358445
13.063715250068668,0.06759443339960239,0.06827309236947791,0.9919916672358445
13.09005991472036,0.068,0.06827309236947791,0.992042893244997
13.116404579372052,0.06854838709677419,0.06827309236947791,0.9921111945905334
13.142749244023744,0.06910569105691057,0.06827309236947791,0.9921794959360699
13.169093908675436,0.06952965235173825,0.06827309236947791,0.9922307219452223
13.195438573327127,0.06967213114754098,0.06827309236947791,0.9922477972816065
13.22178323797882,0.06995884773662552,0.06827309236947791,0.9922819479543747
13.248127902630511,0.07039337474120083,0.06827309236947791,0.992333173963527
13.2744725672822,0.07068607068607069,0.06827309236947791,0.9923673246362953
13.300817231933891,0.07112970711297072,0.06827309236947791,0.9924185506454477
13.327161896585583,0.07112970711297072,0.06827309236947791,0.9924185506454477
13.353506561237275,0.07172995780590717,0.06827309236947791,0.9924868519909842
13.379851225888967,0.07006369426751592,0.06626506024096386,0.9925210026637524
13.406195890540658,0.06823027718550106,0.0642570281124498,0.9925380780001366
13.43254055519235,0.06837606837606838,0.0642570281124498,0.9925551533365208
13.458885219844042,0.06837606837606838,0.0642570281124498,0.9925551533365208
13.485229884495734,0.06881720430107527,0.0642570281124498,0.9926063793456731
13.511574549147426,0.06941431670281996,0.0642570281124498,0.9926746806912096
13.537919213799114,0.06971677559912855,0.0642570281124498,0.9927088313639779
13.564263878450806,0.06986899563318777,0.0642570281124498,0.992725906700362
13.590608543102498,0.0700218818380744,0.0642570281124498,0.9927429820367462
13.61695320775419,0.0706401766004415,0.0642570281124498,0.9928112833822826
13.643297872405881,0.07079646017699115,0.0642570281124498,0.9928283587186667
13.669642537057573,0.07095343680709534,0.0642570281124498,0.9928454340550509
13.695987201709265,0.06888888888888889,0.06224899598393574,0.9928454340550509
13.722331866360957,0.06888888888888889,0.06224899598393574,0.9928454340550509
13.748676531012649,0.06888888888888889,0.06224899598393574,0.9928454340550509
13.77502119566434,0.06888888888888889,0.06224899598393574,0.9928454340550509
13.801365860316029,0.06919642857142858,0.06224899598393574,0.9928795847278191
13.82771052496772,0.06950672645739911,0.06224899598393574,0.9929137354005874
13.854055189619412,0.0696629213483146,0.06224899598393574,0.9929308107369715
13.880399854271104,0.07029478458049887,0.06224899598393574,0.992999112082508
13.906744518922796,0.07045454545454545,0.06224899598393574,0.9930161874188922
13.933089183574488,0.07093821510297482,0.06224899598393574,0.9930674134280445
13.95943384822618,0.07110091743119266,0.06224899598393574,0.9930844887644287
13.985778512877872,0.07110091743119266,0.06224899598393574,0.9930844887644287
14.012123177529563,0.07142857142857142,0.06224899598393574,0.9931186394371969
14.038467842181252,0.07192575406032482,0.06224899598393574,0.9931698654463493
14.064812506832943,0.07242990654205607,0.06224899598393574,0.9932210914555016
14.091157171484635,0.07259953161592506,0.06224899598393574,0.9932381667918858
14.117501836136327,0.07294117647058823,0.06224899598393574,0.993272317464654
14.143846500788019,0.07109004739336493,0.060240963855421686,0.9933064681374223
14.17019116543971,0.07109004739336493,0.060240963855421686,0.9933064681374223
14.196535830091403,0.07142857142857142,0.060240963855421686,0.9933406188101905
14.222880494743094,0.07159904534606205,0.060240963855421686,0.9933576941465747
14.249225159394786,0.07246376811594203,0.060240963855421686,0.9934430708284954
14.275569824046478,0.072992700729927,0.060240963855421686,0.9934942968376477
14.301914488698166,0.07352941176470588,0.060240963855421686,0.9935455228468001
14.328259153349858,0.07371007371007371,0.060240963855421686,0.9935625981831842
14.354603818001554,0.07389162561576355,0.060240963855421686,0.9935796735195683
14.380948482653242,0.07425742574257425,0.060240963855421686,0.9936138241923366
14.407293147304937,0.07444168734491315,0.060240963855421686,0.9936308995287207
14.433637811956626,0.07481296758104738,0.060240963855421686,0.993665050201489
14.459982476608314,0.07518796992481203,0.060240963855421686,0.9936992008742572
14.48632714126001,0.07537688442211055,0.060240963855421686,0.9937162762106414
14.512671805911697,0.0759493670886076,0.060240963855421686,0.9937675022197937
14.539016470563393,0.07614213197969544,0.060240963855421686,0.9937845775561779
14.565361135215081,0.07672634271099744,0.060240963855421686,0.9938358035653302
14.591705799866777,0.07772020725388601,0.060240963855421686,0.9939211802472508
14.618050464518465,0.078125,0.060240963855421686,0.9939553309200191
14.64439512917016,0.0783289817232376,0.060240963855421686,0.9939724062564033
14.670739793821848,0.0783289817232376,0.060240963855421686,0.9939724062564033
14.697084458473537,0.07853403141361257,0.060240963855421686,0.9939894815927873
14.723429123125232,0.079155672823219,0.060240963855421686,0.9940407076019397
14.74977378777692,0.07957559681697612,0.060240963855421686,0.994074858274708
14.776118452428616,0.08,0.060240963855421686,0.9941090089474762
14.802463117080304,0.08021390374331551,0.060240963855421686,0.9941260842838604
14.828807781732,0.08021390374331551,0.060240963855421686,0.9941260842838604
14.855152446383688,0.08042895442359249,0.060240963855421686,0.9941431596202445
14.881497111035383,0.08064516129032258,0.060240963855421686,0.9941602349566286
14.907841775687071,0.07837837837837838,0.05823293172690763,0.9941773102930128
14.93418644033876,0.07923497267759563,0.05823293172690763,0.9942456116385493
14.960531104990455,0.07945205479452055,0.05823293172690763,0.9942626869749334
14.986875769642143,0.07967032967032966,0.05823293172690763,0.9942797623113175
15.013220434293839,0.07988980716253444,0.05823293172690763,0.9942968376477017
15.039565098945527,0.08055555555555556,0.05823293172690763,0.994348063656854
15.065909763597222,0.08146067415730338,0.05823293172690763,0.9944163650023905
15.09225442824891,0.08192090395480225,0.05823293172690763,0.9944505156751589
15.118599092900606,0.07977207977207977,0.05622489959839357,0.9944846663479271
15.144943757552294,0.08,0.05622489959839357,0.9945017416843112
15.17128842220399,0.08022922636103152,0.05622489959839357,0.9945188170206953
15.197633086855678,0.08045977011494253,0.05622489959839357,0.9945358923570794
15.223977751507366,0.07780979827089338,0.05421686746987952,0.9945358923570794
15.250322416159062,0.0782608695652174,0.05421686746987952,0.9945700430298476
15.27666708081075,0.0782608695652174,0.05421686746987952,0.9945700430298476
15.303011745462445,0.07894736842105263,0.05421686746987952,0.994621269039
15.329356410114134,0.07352941176470588,0.050200803212851405,0.994621269039
15.355701074765829,0.07396449704142012,0.050200803212851405,0.9946554197117683
15.382045739417517,0.07418397626112759,0.050200803212851405,0.9946724950481525
15.408390404069213,0.07462686567164178,0.050200803212851405,0.9947066457209207
15.4347350687209,0.0748502994011976,0.050200803212851405,0.9947237210573048
15.46107973337259,0.07530120481927711,0.050200803212851405,0.9947578717300731
15.487424398024284,0.07621951219512195,0.050200803212851405,0.9948261730756096
15.513769062675973,0.07668711656441718,0.050200803212851405,0.9948603237483779
15.540113727327668,0.07692307692307693,0.050200803212851405,0.9948773990847619
15.566458391979356,0.07716049382716049,0.050200803212851405,0.9948944744211461
15.592803056631052,0.07739938080495357,0.050200803212851405,0.9949115497575303
15.61914772128274,0.07861635220125786,0.050200803212851405,0.9949969264394508
15.645492385934435,0.07861635220125786,0.050200803212851405,0.9949969264394508
15.671837050586124,0.07911392405063292,0.050200803212851405,0.9950310771122192
15.698181715237812,0.07911392405063292,0.050200803212851405,0.9950310771122192
15.724526379889507,0.07961783439490445,0.050200803212851405,0.9950652277849874
15.750871044541196,0.07961783439490445,0.050200803212851405,0.9950652277849874
15.777215709192891,0.08064516129032258,0.050200803212851405,0.9951335291305239
15.80356037384458,0.08143322475570032,0.050200803212851405,0.9951847551396763
15.829905038496275,0.08169934640522876,0.050200803212851405,0.9952018304760604
15.856249703147963,0.08250825082508251,0.050200803212851405,0.9952530564852128
15.882594367799658,0.08333333333333333,0.050200803212851405,0.9953042824943651
15.908939032451347,0.08361204013377926,0.050200803212851405,0.9953213578307493
15.935283697103042,0.08389261744966443,0.050200803212851405,0.9953384331671334
15.96162836175473,0.0847457627118644,0.050200803212851405,0.9953896591762857
15.987973026406419,0.08503401360544217,0.050200803212851405,0.9954067345126699
16.014317691058114,0.08532423208191127,0.050200803212851405,0.995423809849054
16.040662355709802,0.08561643835616438,0.050200803212851405,0.9954408851854382
16.067007020361498,0.08561643835616438,0.050200803212851405,0.9954408851854382
16.093351685013186,0.0859106529209622,0.050200803212851405,0.9954579605218222
16.11969634966488,0.08741258741258741,0.050200803212851405,0.9955433372037429
16.14604101431657,0.08771929824561403,0.050200803212851405,0.9955604125401271
16.172385678968265,0.08540925266903915,0.04819277108433735,0.9956116385492795
16.198730343619953,0.08571428571428572,0.04819277108433735,0.9956287138856635
16.22507500827164,0.08633093525179857,0.04819277108433735,0.9956628645584318
16.251419672923337,0.08664259927797834,0.04819277108433735,0.995679939894816
16.277764337575025,0.08695652173913043,0.04819277108433735,0.9956970152312
16.30410900222672,0.08424908424908426,0.04618473895582329,0.9957311659039683
16.33045366687841,0.08424908424908426,0.04618473895582329,0.9957311659039683
16.356798331530104,0.08455882352941177,0.04618473895582329,0.9957482412403524
16.383142996181792,0.08518518518518518,0.04618473895582329,0.9957823919131207
16.409487660833488,0.08679245283018867,0.04618473895582329,0.9958677685950413
16.435832325485176,0.08679245283018867,0.04618473895582329,0.9958677685950413
16.462176990136864,0.08745247148288973,0.04618473895582329,0.9959019192678096
16.48852165478856,0.08778625954198473,0.04618473895582329,0.9959189946041938
16.514866319440248,0.08778625954198473,0.04618473895582329,0.9959189946041938
16.541210984091943,0.08812260536398467,0.04618473895582329,0.9959360699405778
16.56755564874363,0.08914728682170543,0.04618473895582329,0.9959872959497302
16.593900313395327,0.08914728682170543,0.04618473895582329,0.9959872959497302
16.620244978047015,0.08914728682170543,0.04618473895582329,0.9959872959497302
16.64658964269871,0.08949416342412451,0.04618473895582329,0.9960043712861143
16.6729343073504,0.09090909090909091,0.04618473895582329,0.9960726726316509
16.699278972002094,0.09163346613545817,0.04618473895582329,0.9961068233044191
16.725623636653783,0.09274193548387097,0.04618473895582329,0.9961580493135714
16.75196830130547,0.09274193548387097,0.04618473895582329,0.9961580493135714
16.778312965957166,0.09274193548387097,0.04618473895582329,0.9961580493135714
16.804657630608855,0.09387755102040816,0.04618473895582329,0.9962092753227239
16.83100229526055,0.09053497942386832,0.04417670682730924,0.996226350659108
16.85734695991224,0.09053497942386832,0.04417670682730924,0.996226350659108
16.883691624563934,0.0912863070539419,0.04417670682730924,0.9962605013318763
16.910036289215622,0.0912863070539419,0.04417670682730924,0.9962605013318763
16.936380953867317,0.09205020920502092,0.04417670682730924,0.9962946520046445
16.962725618519006,0.09205020920502092,0.04417670682730924,0.9962946520046445
16.989070283170694,0.09205020920502092,0.04417670682730924,0.9962946520046445
17.01541494782239,0.09205020920502092,0.04417670682730924,0.9962946520046445
17.041759612474078,0.09205020920502092,0.04417670682730924,0.9962946520046445
17.068104277125773,0.09282700421940929,0.04417670682730924,0.9963288026774128
17.09444894177746,0.09282700421940929,0.04417670682730924,0.9963288026774128
17.120793606429157,0.09361702127659574,0.04417670682730924,0.996362953350181
17.147138271080845,0.08974358974358974,0.04216867469879518,0.996362953350181
17.17348293573254,0.09090909090909091,0.04216867469879518,0.9964141793593334
17.19982760038423,0.09130434782608696,0.04216867469879518,0.9964312546957175
17.226172265035917,0.09170305676855896,0.04216867469879518,0.9964483300321016
17.252516929687612,0.09170305676855896,0.04216867469879518,0.9964483300321016
17.2788615943393,0.09210526315789473,0.04216867469879518,0.9964654053684857
17.305206258990996,0.09251101321585903,0.04216867469879518,0.9964824807048699
17.331550923642684,0.09251101321585903,0.04216867469879518,0.9964824807048699
17.35789558829438,0.09251101321585903,0.04216867469879518,0.9964824807048699
17.384240252946068,0.09251101321585903,0.04216867469879518,0.9964824807048699
17.410584917597763,0.09292035398230089,0.04216867469879518,0.9964995560412541
17.43692958224945,0.09375,0.04216867469879518,0.9965337067140223
17.463274246901147,0.09417040358744394,0.04216867469879518,0.9965507820504064
17.489618911552835,0.09009009009009009,0.040160642570281124,0.9965507820504064
17.515963576204523,0.09049773755656108,0.040160642570281124,0.9965678573867905
17.54230824085622,0.09216589861751152,0.040160642570281124,0.996636158732327
17.568652905507907,0.09259259259259259,0.040160642570281124,0.9966532340687112
17.594997570159602,0.09345794392523364,0.040160642570281124,0.9966873847414794
17.62134223481129,0.0892018779342723,0.03815261044176707,0.9966873847414794
17.647686899462986,0.0892018779342723,0.03815261044176707,0.9966873847414794
17.674031564114674,0.09047619047619047,0.03815261044176707,0.9967386107506317
17.70037622876637,0.09223300970873786,0.03815261044176707,0.9968069120961683
17.726720893418058,0.08823529411764706,0.03614457831325301,0.9968239874325524
17.753065558069746,0.09,0.03614457831325301,0.9968922887780889
17.77941022272144,0.09,0.03614457831325301,0.9968922887780889
17.80575488737313,0.09,0.03614457831325301,0.9968922887780889
17.832099552024825,0.09045226130653267,0.03614457831325301,0.9969093641144731
17.858444216676514,0.09183673469387756,0.03614457831325301,0.9969605901236255
17.88478888132821,0.09230769230769231,0.03614457831325301,0.9969776654600095
17.911133545979897,0.09424083769633508,0.03614457831325301,0.997045966805546
17.937478210631593,0.08947368421052632,0.03413654618473896,0.997045966805546
17.96382287528328,0.09042553191489362,0.03413654618473896,0.9970801174783144
17.99016753993497,0.09090909090909091,0.03413654618473896,0.9970971928146984
18.016512204586665,0.0913978494623656,0.03413654618473896,0.9971142681510826
18.042856869238353,0.09239130434782608,0.03413654618473896,0.9971484188238509
18.06920153389005,0.09239130434782608,0.03413654618473896,0.9971484188238509
18.095546198541737,0.09239130434782608,0.03413654618473896,0.9971484188238509
18.121890863193432,0.09239130434782608,0.03413654618473896,0.9971484188238509
18.14823552784512,0.09340659340659341,0.03413654618473896,0.9971825694966191
18.174580192496816,0.09340659340659341,0.03413654618473896,0.9971825694966191
18.200924857148504,0.09550561797752809,0.03413654618473896,0.9972508708421556
18.2272695218002,0.096045197740113,0.03413654618473896,0.9972679461785398
18.253614186451887,0.09659090909090909,0.03413654618473896,0.9972850215149238
18.279958851103576,0.09659090909090909,0.03413654618473896,0.9972850215149238
18.30630351575527,0.09659090909090909,0.03413654618473896,0.9972850215149238
18.33264818040696,0.09659090909090909,0.03413654618473896,0.9972850215149238
18.358992845058655,0.09714285714285714,0.03413654618473896,0.997302096851308
18.385337509710343,0.09883720930232558,0.03413654618473896,0.9973533228604603
18.41168217436204,0.09883720930232558,0.03413654618473896,0.9973533228604603
18.438026839013727,0.10059171597633136,0.03413654618473896,0.9974045488696127
18.464371503665422,0.10179640718562874,0.03413654618473896,0.997438699542381
18.49071616831711,0.09696969696969697,0.0321285140562249,0.9974557748787651
18.5170608329688,0.0975609756097561,0.0321285140562249,0.9974728502151492
18.543405497620494,0.09815950920245399,0.0321285140562249,0.9974899255515334
18.569750162272182,0.09815950920245399,0.0321285140562249,0.9974899255515334
18.596094826923878,0.09876543209876543,0.0321285140562249,0.9975070008879174
18.622439491575566,0.09876543209876543,0.0321285140562249,0.9975070008879174
18.64878415622726,0.09876543209876543,0.0321285140562249,0.9975070008879174
18.67512882087895,0.09876543209876543,0.0321285140562249,0.9975070008879174
18.701473485530645,0.10062893081761007,0.0321285140562249,0.9975582268970699
18.727818150182333,0.0949367088607595,0.030120481927710843,0.9975582268970699
18.75416281483402,0.09554140127388536,0.030120481927710843,0.997575302233454
18.780507479485717,0.09554140127388536,0.030120481927710843,0.997575302233454
18.806852144137405,0.09554140127388536,0.030120481927710843,0.997575302233454
18.8331968087891,0.09615384615384616,0.030120481927710843,0.9975923775698381
18.85954147344079,0.09615384615384616,0.030120481927710843,0.9975923775698381
18.885886138092484,0.0967741935483871,0.030120481927710843,0.9976094529062223
18.912230802744173,0.0967741935483871,0.030120481927710843,0.9976094529062223
18.938575467395868,0.0967741935483871,0.030120481927710843,0.9976094529062223
18.964920132047556,0.0967741935483871,0.030120481927710843,0.9976094529062223
18.99126479669925,0.0967741935483871,0.030120481927710843,0.9976094529062223
19.01760946135094,0.0967741935483871,0.030120481927710843,0.9976094529062223
19.043954126002628,0.0967741935483871,0.030120481927710843,0.9976094529062223
19.070298790654324,0.09868421052631579,0.030120481927710843,0.9976606789153747
19.096643455306012,0.09933774834437085,0.030120481927710843,0.9976777542517588
19.122988119957707,0.1,0.030120481927710843,0.9976948295881429
19.149332784609395,0.1,0.030120481927710843,0.9976948295881429
19.17567744926109,0.10135135135135136,0.030120481927710843,0.9977289802609112
19.20202211391278,0.10204081632653061,0.030120481927710843,0.9977460555972952
19.228366778564475,0.10204081632653061,0.030120481927710843,0.9977460555972952
19.254711443216163,0.10273972602739725,0.030120481927710843,0.9977631309336794
19.28105610786785,0.10416666666666667,0.030120481927710843,0.9977972816064477
19.307400772519546,0.10416666666666667,0.030120481927710843,0.9977972816064477
19.333745437171235,0.10416666666666667,0.030120481927710843,0.9977972816064477
19.36009010182293,0.1056338028169014,0.030120481927710843,0.9978314322792159
19.38643476647462,0.1,0.028112449799196786,0.9978485076156001
19.412779431126314,0.1,0.028112449799196786,0.9978485076156001
19.439124095778002,0.1,0.028112449799196786,0.9978485076156001
19.465468760429697,0.10071942446043165,0.028112449799196786,0.9978655829519841
19.491813425081386,0.10144927536231885,0.028112449799196786,0.9978826582883683
19.518158089733074,0.10294117647058823,0.028112449799196786,0.9979168089611365
19.54450275438477,0.10294117647058823,0.028112449799196786,0.9979168089611365
19.570847419036458,0.10294117647058823,0.028112449799196786,0.9979168089611365
19.597192083688153,0.10294117647058823,0.028112449799196786,0.9979168089611365
19.62353674833984,0.10526315789473684,0.028112449799196786,0.997968034970289
19.649881412991537,0.10526315789473684,0.028112449799196786,0.997968034970289
19.676226077643225,0.10526315789473684,0.028112449799196786,0.997968034970289
19.70257074229492,0.1076923076923077,0.028112449799196786,0.9980192609794413
19.72891540694661,0.10077519379844961,0.02610441767068273,0.9980192609794413
19.755260071598304,0.1015625,0.02610441767068273,0.9980363363158254
19.781604736249992,0.1015625,0.02610441767068273,0.9980363363158254
19.80794940090168,0.10236220472440945,0.02610441767068273,0.9980534116522095
19.834294065553376,0.10317460317460317,0.02610441767068273,0.9980704869885937
19.860638730205064,0.10317460317460317,0.02610441767068273,0.9980704869885937
19.88698339485676,0.10569105691056911,0.02610441767068273,0.9981217129977461
19.913328059508448,0.10655737704918032,0.02610441767068273,0.9981387883341302
19.939672724160143,0.10743801652892562,0.02610441767068273,0.9981558636705143
19.96601738881183,0.1,0.024096385542168676,0.9981558636705143
19.992362053463527,0.10084033613445378,0.024096385542168676,0.9981729390068984
20.018706718115215,0.1016949152542373,0.024096385542168676,0.9981900143432826
20.045051382766903,0.1016949152542373,0.024096385542168676,0.9981900143432826
20.0713960474186,0.10344827586206896,0.024096385542168676,0.9982241650160508
20.097740712070287,0.10344827586206896,0.024096385542168676,0.9982241650160508
20.124085376721982,0.10344827586206896,0.024096385542168676,0.9982241650160508
20.15043004137367,0.10434782608695652,0.024096385542168676,0.9982412403524349
20.176774706025366,0.10434782608695652,0.024096385542168676,0.9982412403524349
20.203119370677054,0.10526315789473684,0.024096385542168676,0.9982583156888191
20.22946403532875,0.10526315789473684,0.024096385542168676,0.9982583156888191
20.255808699980438,0.10526315789473684,0.024096385542168676,0.9982583156888191
20.282153364632126,0.10714285714285714,0.024096385542168676,0.9982924663615873
20.30849802928382,0.10714285714285714,0.024096385542168676,0.9982924663615873
20.33484269393551,0.10810810810810811,0.024096385542168676,0.9983095416979715
20.361187358587205,0.10810810810810811,0.024096385542168676,0.9983095416979715
20.387532023238894,0.10909090909090909,0.024096385542168676,0.9983266170343555
20.41387668789059,0.10909090909090909,0.024096385542168676,0.9983266170343555
20.440221352542277,0.10909090909090909,0.024096385542168676,0.9983266170343555
20.466566017193973,0.10909090909090909,0.024096385542168676,0.9983266170343555
20.49291068184566,0.10909090909090909,0.024096385542168676,0.9983266170343555
20.519255346497356,0.11009174311926606,0.024096385542168676,0.9983436923707397
20.545600011149045,0.11009174311926606,0.024096385542168676,0.9983436923707397
20.571944675800733,0.11214953271028037,0.024096385542168676,0.998377843043508
20.59828934045243,0.11320754716981132,0.024096385542168676,0.9983949183798921
20.624634005104117,0.11428571428571428,0.024096385542168676,0.9984119937162762
20.650978669755812,0.11650485436893204,0.024096385542168676,0.9984461443890444
20.6773233344075,0.11764705882352941,0.024096385542168676,0.9984632197254286
20.703667999059196,0.11764705882352941,0.024096385542168676,0.9984632197254286
20.730012663710884,0.11764705882352941,0.024096385542168676,0.9984632197254286
20.75635732836258,0.1188118811881188,0.024096385542168676,0.9984802950618127
20.782701993014268,0.1188118811881188,0.024096385542168676,0.9984802950618127
20.809046657665956,0.12,0.024096385542168676,0.9984973703981969
20.83539132231765,0.12,0.024096385542168676,0.9984973703981969
20.86173598696934,0.12,0.024096385542168676,0.9984973703981969
20.888080651621035,0.12,0.024096385542168676,0.9984973703981969
20.914425316272723,0.12,0.024096385542168676,0.9984973703981969
20.94076998092442,0.12,0.024096385542168676,0.9984973703981969
20.967114645576107,0.12,0.024096385542168676,0.9984973703981969
20.993459310227802,0.12121212121212122,0.024096385542168676,0.9985144457345809
21.01980397487949,0.12121212121212122,0.024096385542168676,0.9985144457345809
21.04614863953118,0.12121212121212122,0.024096385542168676,0.9985144457345809
21.072493304182874,0.12244897959183673,0.024096385542168676,0.9985315210709651
21.098837968834562,0.12371134020618557,0.024096385542168676,0.9985485964073493
21.125182633486258,0.12371134020618557,0.024096385542168676,0.9985485964073493
21.151527298137946,0.12631578947368421,0.024096385542168676,0.9985827470801175
21.17787196278964,0.12631578947368421,0.024096385542168676,0.9985827470801175
21.20421662744133,0.1276595744680851,0.024096385542168676,0.9985998224165016
21.230561292093025,0.1276595744680851,0.024096385542168676,0.9985998224165016
21.256905956744713,0.13186813186813187,0.024096385542168676,0.998651048425654
21.28325062139641,0.13186813186813187,0.024096385542168676,0.998651048425654
21.309595286048097,0.1348314606741573,0.024096385542168676,0.9986851990984222
21.335939950699785,0.1348314606741573,0.024096385542168676,0.9986851990984222
21.36228461535148,0.1348314606741573,0.024096385542168676,0.9986851990984222
21.38862928000317,0.1348314606741573,0.024096385542168676,0.9986851990984222
21.414973944654864,0.1348314606741573,0.024096385542168676,0.9986851990984222
21.441318609306553,0.13636363636363635,0.024096385542168676,0.9987022744348064
21.467663273958248,0.12790697674418605,0.02208835341365462,0.9987193497711905
21.494007938609936,0.12941176470588237,0.02208835341365462,0.9987364251075747
21.52035260326163,0.12941176470588237,0.02208835341365462,0.9987364251075747
21.54669726791332,0.12941176470588237,0.02208835341365462,0.9987364251075747
21.57304193256501,0.12941176470588237,0.02208835341365462,0.9987364251075747
21.599386597216704,0.13095238095238096,0.02208835341365462,0.9987535004439587
21.625731261868392,0.13095238095238096,0.02208835341365462,0.9987535004439587
21.652075926520087,0.13095238095238096,0.02208835341365462,0.9987535004439587
21.678420591171776,0.13253012048192772,0.02208835341365462,0.9987705757803429
21.70476525582347,0.13253012048192772,0.02208835341365462,0.9987705757803429
21.73110992047516,0.13253012048192772,0.02208835341365462,0.9987705757803429
21.757454585126855,0.13580246913580246,0.02208835341365462,0.9988047264531111
21.783799249778543,0.13580246913580246,0.02208835341365462,0.9988047264531111
21.81014391443023,0.12658227848101267,0.020080321285140562,0.9988218017894952
21.836488579081927,0.12658227848101267,0.020080321285140562,0.9988218017894952
21.862833243733615,0.12658227848101267,0.020080321285140562,0.9988218017894952
21.88917790838531,0.12658227848101267,0.020080321285140562,0.9988218017894952
21.915522573037,0.12658227848101267,0.020080321285140562,0.9988218017894952
21.941867237688694,0.12658227848101267,0.020080321285140562,0.9988218017894952
21.968211902340382,0.12658227848101267,0.020080321285140562,0.9988218017894952
21.994556566992078,0.12658227848101267,0.020080321285140562,0.9988218017894952
22.020901231643766,0.12987012987012986,0.020080321285140562,0.9988559524622636
22.04724589629546,0.12987012987012986,0.020080321285140562,0.9988559524622636
22.07359056094715,0.12987012987012986,0.020080321285140562,0.9988559524622636
22.099935225598838,0.12987012987012986,0.020080321285140562,0.9988559524622636
22.126279890250533,0.13157894736842105,0.020080321285140562,0.9988730277986476
22.15262455490222,0.13513513513513514,0.020080321285140562,0.9989071784714159
22.178969219553917,0.13513513513513514,0.020080321285140562,0.9989071784714159
22.205313884205605,0.136986301369863,0.020080321285140562,0.9989242538078
22.2316585488573,0.136986301369863,0.020080321285140562,0.9989242538078
22.25800321350899,0.136986301369863,0.020080321285140562,0.9989242538078
22.284347878160684,0.136986301369863,0.020080321285140562,0.9989242538078
22.310692542812372,0.125,0.018072289156626505,0.9989242538078
22.33703720746406,0.125,0.018072289156626505,0.9989242538078
22.363381872115756,0.125,0.018072289156626505,0.9989242538078
22.389726536767444,0.125,0.018072289156626505,0.9989242538078
22.41607120141914,0.125,0.018072289156626505,0.9989242538078
22.442415866070828,0.1267605633802817,0.018072289156626505,0.9989413291441841
22.468760530722523,0.1267605633802817,0.018072289156626505,0.9989413291441841
22.49510519537421,0.1267605633802817,0.018072289156626505,0.9989413291441841
22.521449860025907,0.12857142857142856,0.018072289156626505,0.9989584044805683
22.547794524677595,0.13043478260869565,0.018072289156626505,0.9989754798169523
22.574139189329284,0.13043478260869565,0.018072289156626505,0.9989754798169523
22.60048385398098,0.1323529411764706,0.018072289156626505,0.9989925551533365
22.626828518632667,0.13432835820895522,0.018072289156626505,0.9990096304897207
22.653173183284363,0.13636363636363635,0.018072289156626505,0.9990267058261048
22.67951784793605,0.13846153846153847,0.018072289156626505,0.9990437811624889
22.705862512587746,0.140625,0.018072289156626505,0.999060856498873
22.732207177239435,0.140625,0.018072289156626505,0.999060856498873
22.75855184189113,0.140625,0.018072289156626505,0.999060856498873
22.784896506542818,0.140625,0.018072289156626505,0.999060856498873
22.811241171194506,0.140625,0.018072289156626505,0.999060856498873
22.837585835846202,0.14285714285714285,0.018072289156626505,0.9990779318352572
22.86393050049789,0.14285714285714285,0.018072289156626505,0.9990779318352572
22.890275165149585,0.14285714285714285,0.018072289156626505,0.9990779318352572
22.916619829801274,0.14285714285714285,0.018072289156626505,0.9990779318352572
22.94296449445297,0.14516129032258066,0.018072289156626505,0.9990950071716412
22.969309159104657,0.14516129032258066,0.018072289156626505,0.9990950071716412
22.995653823756353,0.14516129032258066,0.018072289156626505,0.9990950071716412
23.02199848840804,0.14516129032258066,0.018072289156626505,0.9990950071716412
23.048343153059736,0.14516129032258066,0.018072289156626505,0.9990950071716412
23.074687817711425,0.14754098360655737,0.018072289156626505,0.9991120825080254
23.101032482363113,0.14754098360655737,0.018072289156626505,0.9991120825080254
23.12737714701481,0.14754098360655737,0.018072289156626505,0.9991120825080254
23.153721811666497,0.14754098360655737,0.018072289156626505,0.9991120825080254
23.180066476318192,0.15254237288135594,0.018072289156626505,0.9991462331807937
23.20641114096988,0.15517241379310345,0.018072289156626505,0.9991633085171778
23.232755805621576,0.15789473684210525,0.018072289156626505,0.9991803838535619
23.259100470273264,0.14285714285714285,0.01606425702811245,0.9991803838535619
23.28544513492496,0.14285714285714285,0.01606425702811245,0.9991803838535619
23.311789799576648,0.14285714285714285,0.01606425702811245,0.9991803838535619
23.338134464228336,0.14285714285714285,0.01606425702811245,0.9991803838535619
23.36447912888003,0.14545454545454545,0.01606425702811245,0.9991974591899461
23.39082379353172,0.14545454545454545,0.01606425702811245,0.9991974591899461
23.417168458183415,0.14545454545454545,0.01606425702811245,0.9991974591899461
23.443513122835103,0.14545454545454545,0.01606425702811245,0.9991974591899461
23.4698577874868,0.1509433962264151,0.01606425702811245,0.9992316098627143
23.496202452138487,0.1509433962264151,0.01606425702811245,0.9992316098627143
23.522547116790182,0.15384615384615385,0.01606425702811245,0.9992486851990984
23.54889178144187,0.13725490196078433,0.014056224899598393,0.9992486851990984
23.57523644609356,0.14285714285714285,0.014056224899598393,0.9992828358718667
23.601581110745254,0.14285714285714285,0.014056224899598393,0.9992828358718667
23.627925775396942,0.14583333333333334,0.014056224899598393,0.9992999112082508
23.654270440048638,0.1276595744680851,0.012048192771084338,0.9992999112082508
23.680615104700326,0.1276595744680851,0.012048192771084338,0.9992999112082508
23.70695976935202,0.1276595744680851,0.012048192771084338,0.9992999112082508
23.73330443400371,0.13043478260869565,0.012048192771084338,0.999316986544635
23.759649098655405,0.13043478260869565,0.012048192771084338,0.999316986544635
23.785993763307093,0.1111111111111111,0.010040160642570281,0.999316986544635
23.81233842795879,0.1111111111111111,0.010040160642570281,0.999316986544635
23.838683092610477,0.1111111111111111,0.010040160642570281,0.999316986544635
23.865027757262165,0.11363636363636363,0.010040160642570281,0.999334061881019
23.89137242191386,0.11363636363636363,0.010040160642570281,0.999334061881019
23.91771708656555,0.11627906976744186,0.010040160642570281,0.9993511372174032
23.944061751217244,0.09523809523809523,0.008032128514056224,0.9993511372174032
23.970406415868933,0.09523809523809523,0.008032128514056224,0.9993511372174032
23.996751080520628,0.09523809523809523,0.008032128514056224,0.9993511372174032
24.023095745172316,0.09523809523809523,0.008032128514056224,0.9993511372174032
24.04944040982401,0.09523809523809523,0.008032128514056224,0.9993511372174032
24.0757850744757,0.09523809523809523,0.008032128514056224,0.9993511372174032
24.10212973912739,0.0975609756097561,0.008032128514056224,0.9993682125537873
24.128474403779084,0.1,0.008032128514056224,0.9993852878901714
24.154819068430772,0.1,0.008032128514056224,0.9993852878901714
24.181163733082467,0.1,0.008032128514056224,0.9993852878901714
24.207508397734156,0.1,0.008032128514056224,0.9993852878901714
24.23385306238585,0.1,0.008032128514056224,0.9993852878901714
24.26019772703754,0.1,0.008032128514056224,0.9993852878901714
24.286542391689235,0.10256410256410256,0.008032128514056224,0.9994023632265555
24.312887056340923,0.10526315789473684,0.008032128514056224,0.9994194385629397
24.33923172099261,0.10526315789473684,0.008032128514056224,0.9994194385629397
24.365576385644307,0.10526315789473684,0.008032128514056224,0.9994194385629397
24.391921050295995,0.10810810810810811,0.008032128514056224,0.9994365138993239
24.41826571494769,0.10810810810810811,0.008032128514056224,0.9994365138993239
24.44461037959938,0.10810810810810811,0.008032128514056224,0.9994365138993239
24.470955044251074,0.1111111111111111,0.008032128514056224,0.9994535892357079
24.497299708902762,0.1111111111111111,0.008032128514056224,0.9994535892357079
24.523644373554458,0.1111111111111111,0.008032128514056224,0.9994535892357079
24.549989038206146,0.11428571428571428,0.008032128514056224,0.9994706645720921
24.57633370285784,0.11764705882352941,0.008032128514056224,0.9994877399084762
24.60267836750953,0.11764705882352941,0.008032128514056224,0.9994877399084762
24.629023032161218,0.11764705882352941,0.008032128514056224,0.9994877399084762
24.655367696812913,0.11764705882352941,0.008032128514056224,0.9994877399084762
24.6817123614646,0.12121212121212122,0.008032128514056224,0.9995048152448603
24.708057026116297,0.12121212121212122,0.008032128514056224,0.9995048152448603
24.734401690767985,0.12121212121212122,0.008032128514056224,0.9995048152448603
24.76074635541968,0.12121212121212122,0.008032128514056224,0.9995048152448603
24.78709102007137,0.12121212121212122,0.008032128514056224,0.9995048152448603
24.813435684723064,0.125,0.008032128514056224,0.9995218905812444
24.839780349374752,0.125,0.008032128514056224,0.9995218905812444
24.86612501402644,0.125,0.008032128514056224,0.9995218905812444
24.892469678678136,0.125,0.008032128514056224,0.9995218905812444
24.918814343329824,0.0967741935483871,0.006024096385542169,0.9995218905812444
24.94515900798152,0.0967741935483871,0.006024096385542169,0.9995218905812444
24.971503672633208,0.0967741935483871,0.006024096385542169,0.9995218905812444
24.997848337284903,0.1,0.006024096385542169,0.9995389659176286
25.02419300193659,0.1,0.006024096385542169,0.9995389659176286
25.050537666588287,0.1,0.006024096385542169,0.9995389659176286
25.076882331239975,0.1,0.006024096385542169,0.9995389659176286
25.103226995891664,0.1,0.006024096385542169,0.9995389659176286
25.12957166054336,0.10344827586206896,0.006024096385542169,0.9995560412540127
25.155916325195047,0.10344827586206896,0.006024096385542169,0.9995560412540127
25.182260989846743,0.10344827586206896,0.006024096385542169,0.9995560412540127
25.20860565449843,0.10344827586206896,0.006024096385542169,0.9995560412540127
25.234950319150126,0.10344827586206896,0.006024096385542169,0.9995560412540127
25.261294983801815,0.10344827586206896,0.006024096385542169,0.9995560412540127
25.28763964845351,0.10344827586206896,0.006024096385542169,0.9995560412540127
25.3139843131052,0.10344827586206896,0.006024096385542169,0.9995560412540127
25.340328977756894,0.10344827586206896,0.006024096385542169,0.9995560412540127
25.366673642408582,0.10344827586206896,0.006024096385542169,0.9995560412540127
25.39301830706027,0.10344827586206896,0.006024096385542169,0.9995560412540127
25.419362971711966,0.10344827586206896,0.006024096385542169,0.9995560412540127
25.445707636363654,0.10344827586206896,0.006024096385542169,0.9995560412540127
25.47205230101535,0.10344827586206896,0.006024096385542169,0.9995560412540127
25.498396965667038,0.10344827586206896,0.006024096385542169,0.9995560412540127
25.524741630318733,0.10344827586206896,0.006024096385542169,0.9995560412540127
25.55108629497042,0.10344827586206896,0.006024096385542169,0.9995560412540127
25.577430959622117,0.10344827586206896,0.006024096385542169,0.9995560412540127
25.603775624273805,0.10344827586206896,0.006024096385542169,0.9995560412540127
25.630120288925493,0.10344827586206896,0.006024096385542169,0.9995560412540127
25.65646495357719,0.10344827586206896,0.006024096385542169,0.9995560412540127
25.682809618228877,0.10344827586206896,0.006024096385542169,0.9995560412540127
25.709154282880572,0.10714285714285714,0.006024096385542169,0.9995731165903968
25.73549894753226,0.1111111111111111,0.006024096385542169,0.999590191926781
25.761843612183956,0.1111111111111111,0.006024096385542169,0.999590191926781
25.788188276835644,0.11538461538461539,0.006024096385542169,0.9996072672631651
25.81453294148734,0.11538461538461539,0.006024096385542169,0.9996072672631651
25.840877606139028,0.08,0.004016064257028112,0.9996072672631651
25.867222270790716,0.08,0.004016064257028112,0.9996072672631651
25.89356693544241,0.08333333333333333,0.004016064257028112,0.9996243425995492
25.9199116000941,0.043478260869565216,0.002008032128514056,0.9996243425995492
25.946256264745795,0.043478260869565216,0.002008032128514056,0.9996243425995492
25.972600929397483,0.043478260869565216,0.002008032128514056,0.9996243425995492
25.99894559404918,0.045454545454545456,0.002008032128514056,0.9996414179359333
26.025290258700867,0.045454545454545456,0.002008032128514056,0.9996414179359333
26.051634923352562,0.045454545454545456,0.002008032128514056,0.9996414179359333
26.07797958800425,0.045454545454545456,0.002008032128514056,0.9996414179359333
26.104324252655946,0.045454545454545456,0.002008032128514056,0.9996414179359333
26.130668917307634,0.045454545454545456,0.002008032128514056,0.9996414179359333
26.157013581959323,0.045454545454545456,0.002008032128514056,0.9996414179359333
26.183358246611018,0.045454545454545456,0.002008032128514056,0.9996414179359333
26.209702911262706,0.045454545454545456,0.002008032128514056,0.9996414179359333
26.2360475759144,0.045454545454545456,0.002008032128514056,0.9996414179359333
26.26239224056609,0.045454545454545456,0.002008032128514056,0.9996414179359333
26.288736905217785,0.045454545454545456,0.002008032128514056,0.9996414179359333
26.315081569869474,0.045454545454545456,0.002008032128514056,0.9996414179359333
26.34142623452117,0.045454545454545456,0.002008032128514056,0.9996414179359333
26.367770899172857,0.045454545454545456,0.002008032128514056,0.9996414179359333
26.394115563824545,0.045454545454545456,0.002008032128514056,0.9996414179359333
26.42046022847624,0.045454545454545456,0.002008032128514056,0.9996414179359333
26.44680489312793,0.045454545454545456,0.002008032128514056,0.9996414179359333
26.473149557779625,0.045454545454545456,0.002008032128514056,0.9996414179359333
26.499494222431313,0.045454545454545456,0.002008032128514056,0.9996414179359333
26.525838887083008,0.045454545454545456,0.002008032128514056,0.9996414179359333
26.552183551734696,0.045454545454545456,0.002008032128514056,0.9996414179359333
26.578528216386392,0.045454545454545456,0.002008032128514056,0.9996414179359333
26.60487288103808,0.045454545454545456,0.002008032128514056,0.9996414179359333
26.63121754568977,0.045454545454545456,0.002008032128514056,0.9996414179359333
26.657562210341464,0.045454545454545456,0.002008032128514056,0.9996414179359333
26.683906874993152,0.045454545454545456,0.002008032128514056,0.9996414179359333
26.710251539644847,0.045454545454545456,0.002008032128514056,0.9996414179359333
26.736596204296536,0.045454545454545456,0.002008032128514056,0.9996414179359333
26.76294086894823,0.045454545454545456,0.002008032128514056,0.9996414179359333
26.78928553359992,0.045454545454545456,0.002008032128514056,0.9996414179359333
26.815630198251615,0.045454545454545456,0.002008032128514056,0.9996414179359333
26.841974862903303,0.045454545454545456,0.002008032128514056,0.9996414179359333
26.868319527555,0.045454545454545456,0.002008032128514056,0.9996414179359333
26.894664192206687,0.05,0.002008032128514056,0.9996755686087015
26.921008856858375,0.05,0.002008032128514056,0.9996755686087015
26.94735352151007,0.05,0.002008032128514056,0.9996755686087015
26.97369818616176,0.05,0.002008032128514056,0.9996755686087015
27.000042850813454,0.05,0.002008032128514056,0.9996755686087015
27.026387515465142,0.05,0.002008032128514056,0.9996755686087015
27.052732180116838,0.05,0.002008032128514056,0.9996755686087015
27.079076844768526,0.05,0.002008032128514056,0.9996755686087015
27.10542150942022,0.05263157894736842,0.002008032128514056,0.9996926439450857
27.13176617407191,0.05263157894736842,0.002008032128514056,0.9996926439450857
27.158110838723598,0.05263157894736842,0.002008032128514056,0.9996926439450857
27.184455503375293,0.05263157894736842,0.002008032128514056,0.9996926439450857
27.21080016802698,0.05263157894736842,0.002008032128514056,0.9996926439450857
27.237144832678677,0.05555555555555555,0.002008032128514056,0.9997097192814699
27.263489497330365,0.05555555555555555,0.002008032128514056,0.9997097192814699
27.28983416198206,0.058823529411764705,0.002008032128514056,0.999726794617854
27.31617882663375,0.058823529411764705,0.002008032128514056,0.999726794617854
27.342523491285444,0.058823529411764705,0.002008032128514056,0.999726794617854
27.368868155937133,0.058823529411764705,0.002008032128514056,0.999726794617854
27.39521282058882,0.058823529411764705,0.002008032128514056,0.999726794617854
27.421557485240516,0.058823529411764705,0.002008032128514056,0.999726794617854
27.447902149892204,0.058823529411764705,0.002008032128514056,0.999726794617854
27.4742468145439,0.058823529411764705,0.002008032128514056,0.999726794617854
27.500591479195588,0.0625,0.002008032128514056,0.9997438699542381
27.526936143847283,0.0625,0.002008032128514056,0.9997438699542381
27.55328080849897,0.0625,0.002008032128514056,0.9997438699542381
27.579625473150667,0.0625,0.002008032128514056,0.9997438699542381
27.605970137802355,0.0625,0.002008032128514056,0.9997438699542381
27.63231480245405,0.0625,0.002008032128514056,0.9997438699542381
27.65865946710574,0.0625,0.002008032128514056,0.9997438699542381
27.685004131757427,0.0625,0.002008032128514056,0.9997438699542381
27.711348796409123,0.0625,0.002008032128514056,0.9997438699542381
27.73769346106081,0.0625,0.002008032128514056,0.9997438699542381
27.764038125712506,0.06666666666666667,0.002008032128514056,0.9997609452906222
27.790382790364195,0.06666666666666667,0.002008032128514056,0.9997609452906222
27.81672745501589,0.06666666666666667,0.002008032128514056,0.9997609452906222
27.84307211966758,0.06666666666666667,0.002008032128514056,0.9997609452906222
27.869416784319274,0.06666666666666667,0.002008032128514056,0.9997609452906222
27.895761448970962,0.06666666666666667,0.002008032128514056,0.9997609452906222
27.92210611362265,0.07142857142857142,0.002008032128514056,0.9997780206270064
27.948450778274346,0.07142857142857142,0.002008032128514056,0.9997780206270064
27.974795442926034,0.07142857142857142,0.002008032128514056,0.9997780206270064
28.00114010757773,0.07142857142857142,0.002008032128514056,0.9997780206270064
28.027484772229418,0.0,0.0,0.9997780206270064
28.053829436881113,0.0,0.0,0.9997780206270064
28.0801741015328,0.0,0.0,0.9997950959633904
28.106518766184497,0.0,0.0,0.9998121712997746
28.132863430836185,0.0,0.0,0.9998121712997746
28.159208095487873,0.0,0.0,0.9998121712997746
28.18555276013957,0.0,0.0,0.9998121712997746
28.211897424791257,0.0,0.0,0.9998121712997746
28.238242089442952,0.0,0.0,0.9998292466361587
28.26458675409464,0.0,0.0,0.9998292466361587
28.290931418746336,0.0,0.0,0.9998292466361587
28.317276083398024,0.0,0.0,0.9998292466361587
28.34362074804972,0.0,0.0,0.9998292466361587
28.369965412701408,0.0,0.0,0.9998292466361587
28.396310077353103,0.0,0.0,0.9998292466361587
28.42265474200479,0.0,0.0,0.9998292466361587
28.44899940665648,0.0,0.0,0.9998292466361587
28.475344071308175,0.0,0.0,0.9998292466361587
28.501688735959863,0.0,0.0,0.9998292466361587
28.52803340061156,0.0,0.0,0.9998292466361587
28.554378065263247,0.0,0.0,0.9998292466361587
28.580722729914942,0.0,0.0,0.9998292466361587
28.60706739456663,0.0,0.0,0.9998292466361587
28.633412059218326,0.0,0.0,0.9998292466361587
28.659756723870014,0.0,0.0,0.9998292466361587
28.686101388521703,0.0,0.0,0.9998292466361587
28.712446053173398,0.0,0.0,0.9998292466361587
28.738790717825086,0.0,0.0,0.9998463219725429
28.76513538247678,0.0,0.0,0.9998463219725429
28.79148004712847,0.0,0.0,0.9998463219725429
28.817824711780165,0.0,0.0,0.9998804726453111
28.844169376431854,0.0,0.0,0.9998804726453111
28.87051404108355,0.0,0.0,0.9998804726453111
28.896858705735237,0.0,0.0,0.9998804726453111
28.923203370386926,0.0,0.0,0.9998804726453111
28.94954803503862,0.0,0.0,0.9998804726453111
28.97589269969031,0.0,0.0,0.9998804726453111
29.002237364342005,0.0,0.0,0.9998804726453111
29.028582028993693,0.0,0.0,0.9998804726453111
29.05492669364539,0.0,0.0,0.9998804726453111
29.081271358297077,0.0,0.0,0.9998804726453111
29.107616022948772,0.0,0.0,0.9998975479816953
29.13396068760046,0.0,0.0,0.9998975479816953
29.160305352252156,0.0,0.0,0.9998975479816953
29.186650016903844,0.0,0.0,0.9998975479816953
29.212994681555532,0.0,0.0,0.9998975479816953
29.239339346207228,0.0,0.0,0.9998975479816953
29.265684010858916,0.0,0.0,0.9998975479816953
29.29202867551061,0.0,0.0,0.9998975479816953
29.3183733401623,0.0,0.0,0.9998975479816953
29.344718004813995,0.0,0.0,0.9998975479816953
29.371062669465683,0.0,0.0,0.9998975479816953
29.39740733411738,0.0,0.0,0.9998975479816953
29.423751998769067,0.0,0.0,0.9998975479816953
29.450096663420755,0.0,0.0,0.9998975479816953
29.47644132807245,0.0,0.0,0.9998975479816953
29.50278599272414,0.0,0.0,0.9998975479816953
29.529130657375834,0.0,0.0,0.9998975479816953
29.555475322027522,0.0,0.0,0.9998975479816953
29.581819986679218,0.0,0.0,0.9998975479816953
29.608164651330906,0.0,0.0,0.9998975479816953
29.6345093159826,0.0,0.0,0.9998975479816953
29.66085398063429,0.0,0.0,0.9998975479816953
29.687198645285978,0.0,0.0,0.9999146233180793
29.713543309937673,0.0,0.0,0.9999146233180793
29.73988797458936,0.0,0.0,0.9999146233180793
29.766232639241057,0.0,0.0,0.9999146233180793
29.792577303892745,0.0,0.0,0.9999146233180793
29.81892196854444,0.0,0.0,0.9999146233180793
29.84526663319613,0.0,0.0,0.9999146233180793
29.871611297847824,0.0,0.0,0.9999146233180793
29.897955962499513,0.0,0.0,0.9999487739908476
29.924300627151208,0.0,0.0,0.9999487739908476
29.950645291802896,0.0,0.0,0.9999487739908476
29.976989956454585,0.0,0.0,0.9999487739908476
30.00333462110628,0.0,0.0,0.9999487739908476
30.029679285757968,0.0,0.0,0.9999487739908476
30.056023950409664,0.0,0.0,0.9999487739908476
30.082368615061352,0.0,0.0,0.9999487739908476
30.108713279713047,0.0,0.0,0.9999487739908476
30.135057944364736,0.0,0.0,0.9999658493272318
30.16140260901643,0.0,0.0,0.9999658493272318
30.18774727366812,0.0,0.0,0.9999658493272318
30.214091938319807,0.0,0.0,0.9999658493272318
30.240436602971503,0.0,0.0,0.9999658493272318
30.26678126762319,0.0,0.0,0.9999658493272318
30.293125932274886,0.0,0.0,0.9999658493272318
30.319470596926575,0.0,0.0,0.9999658493272318
30.34581526157827,0.0,0.0,0.9999658493272318
30.37215992622996,0.0,0.0,0.9999658493272318
30.398504590881654,0.0,0.0,0.9999658493272318
30.424849255533342,0.0,0.0,0.9999658493272318
30.45119392018503,0.0,0.0,0.9999658493272318
30.477538584836726,0.0,0.0,0.9999658493272318
30.503883249488414,0.0,0.0,0.9999658493272318
30.53022791414011,0.0,0.0,0.9999658493272318
30.556572578791798,0.0,0.0,0.9999658493272318
30.582917243443493,0.0,0.0,0.9999658493272318
30.60926190809518,0.0,0.0,0.9999658493272318
30.635606572746877,0.0,0.0,0.9999658493272318
30.661951237398565,0.0,0.0,0.9999658493272318
30.68829590205026,0.0,0.0,0.9999658493272318
30.71464056670195,0.0,0.0,0.9999658493272318
30.740985231353637,0.0,0.0,0.9999658493272318
30.767329896005332,0.0,0.0,0.9999658493272318
30.79367456065702,0.0,0.0,0.9999658493272318
30.820019225308716,0.0,0.0,0.9999658493272318
30.846363889960404,0.0,0.0,0.9999658493272318
30.8727085546121,0.0,0.0,0.9999658493272318
30.899053219263788,0.0,0.0,0.9999658493272318
30.925397883915483,0.0,0.0,0.9999658493272318
30.95174254856717,0.0,0.0,0.9999658493272318
30.97808721321886,0.0,0.0,0.9999658493272318
31.004431877870555,0.0,0.0,0.9999658493272318
31.030776542522243,0.0,0.0,0.9999658493272318
31.05712120717394,0.0,0.0,0.9999658493272318
31.083465871825627,0.0,0.0,0.9999658493272318
31.109810536477323,0.0,0.0,0.9999658493272318
31.13615520112901,0.0,0.0,0.9999658493272318
31.162499865780706,0.0,0.0,0.9999658493272318
31.188844530432394,0.0,0.0,0.9999658493272318
31.215189195084083,0.0,0.0,0.9999658493272318
31.241533859735778,0.0,0.0,0.9999658493272318
31.267878524387466,0.0,0.0,0.9999658493272318
31.294223189039162,0.0,0.0,0.9999658493272318
31.32056785369085,0.0,0.0,0.9999658493272318
31.346912518342545,0.0,0.0,0.9999658493272318
31.373257182994234,0.0,0.0,0.9999658493272318
31.39960184764593,0.0,0.0,0.9999658493272318
31.425946512297617,0.0,0.0,0.9999658493272318
31.452291176949313,0.0,0.0,0.9999658493272318
31.478635841601,0.0,0.0,0.9999658493272318
31.50498050625269,0.0,0.0,0.9999658493272318
31.531325170904385,0.0,0.0,0.9999658493272318
31.557669835556073,0.0,0.0,0.9999658493272318
31.58401450020777,0.0,0.0,0.9999658493272318
31.610359164859457,0.0,0.0,0.9999658493272318
31.636703829511152,0.0,0.0,0.9999658493272318
31.66304849416284,0.0,0.0,0.9999658493272318
31.689393158814536,0.0,0.0,0.9999658493272318
31.715737823466224,0.0,0.0,0.9999658493272318
31.742082488117912,0.0,0.0,0.9999658493272318
31.768427152769608,0.0,0.0,0.9999658493272318
31.794771817421296,0.0,0.0,0.9999658493272318
31.82111648207299,0.0,0.0,0.9999658493272318
31.84746114672468,0.0,0.0,0.9999658493272318
31.873805811376375,0.0,0.0,0.9999658493272318
31.900150476028063,0.0,0.0,0.9999658493272318
31.92649514067976,0.0,0.0,0.9999658493272318
31.952839805331447,0.0,0.0,0.9999658493272318
31.979184469983135,0.0,0.0,0.9999658493272318
32.00552913463483,0.0,0.0,0.9999658493272318
32.031873799286515,0.0,0.0,0.9999658493272318
32.05821846393822,0.0,0.0,0.9999658493272318
32.084563128589906,0.0,0.0,0.9999658493272318
32.110907793241594,0.0,0.0,0.9999658493272318
32.13725245789328,0.0,0.0,0.9999658493272318
32.163597122544985,0.0,0.0,0.9999658493272318
32.18994178719667,0.0,0.0,0.9999658493272318
32.21628645184836,0.0,0.0,0.9999658493272318
32.24263111650005,0.0,0.0,0.9999658493272318
32.26897578115174,0.0,0.0,0.9999658493272318
32.29532044580344,0.0,0.0,0.9999829246636158
32.32166511045513,0.0,0.0,0.9999829246636158
32.34800977510682,0.0,0.0,0.9999829246636158
32.374354439758505,0.0,0.0,0.9999829246636158
32.40069910441021,0.0,0.0,0.9999829246636158
32.427043769061896,0.0,0.0,0.9999829246636158
32.453388433713585,0.0,0.0,0.9999829246636158
32.47973309836527,0.0,0.0,0.9999829246636158
32.50607776301696,0.0,0.0,0.9999829246636158
32.53242242766866,0.0,0.0,0.9999829246636158
32.55876709232035,0.0,0.0,0.9999829246636158
32.58511175697204,0.0,0.0,0.9999829246636158
32.61145642162373,0.0,0.0,0.9999829246636158
32.63780108627543,0.0,0.0,0.9999829246636158
32.66414575092712,0.0,0.0,0.9999829246636158
32.69049041557881,0.0,0.0,0.9999829246636158
32.716835080230496,0.0,0.0,0.9999829246636158
32.743179744882184,0.0,0.0,0.9999829246636158
32.76952440953389,0.0,0.0,0.9999829246636158
32.795869074185575,0.0,0.0,0.9999829246636158
32.82221373883726,0.0,0.0,0.9999829246636158
32.84855840348895,0.0,0.0,0.9999829246636158
32.874903068140654,0.0,0.0,0.9999829246636158
32.90124773279234,0.0,0.0,0.9999829246636158
32.92759239744403,0.0,0.0,0.9999829246636158
32.95393706209572,0.0,0.0,0.9999829246636158
32.98028172674742,0.0,0.0,0.9999829246636158
33.00662639139911,0.0,0.0,0.9999829246636158
33.0329710560508,0.0,0.0,0.9999829246636158
33.059315720702486,0.0,0.0,0.9999829246636158
33.085660385354174,0.0,0.0,0.9999829246636158
33.11200505000588,0.0,0.0,0.9999829246636158
33.138349714657565,0.0,0.0,0.9999829246636158
33.16469437930925,0.0,0.0,0.9999829246636158
33.19103904396094,0.0,0.0,0.9999829246636158
33.217383708612644,0.0,0.0,0.9999829246636158
33.24372837326433,0.0,0.0,0.9999829246636158
33.27007303791602,0.0,0.0,0.9999829246636158
33.29641770256771,0.0,0.0,0.9999829246636158
33.3227623672194,0.0,0.0,0.9999829246636158
33.3491070318711,0.0,0.0,0.9999829246636158
33.37545169652279,0.0,0.0,0.9999829246636158
33.401796361174476,0.0,0.0,0.9999829246636158
33.428141025826164,0.0,0.0,0.9999829246636158
33.45448569047787,0.0,0.0,0.9999829246636158
33.480830355129555,0.0,0.0,0.9999829246636158
33.50717501978124,0.0,0.0,0.9999829246636158
33.53351968443293,0.0,0.0,0.9999829246636158
33.55986434908462,0.0,0.0,0.9999829246636158
33.58620901373632,0.0,0.0,0.9999829246636158
33.61255367838801,0.0,0.0,0.9999829246636158
33.6388983430397,0.0,0.0,0.9999829246636158
33.66524300769139,0.0,0.0,0.9999829246636158
33.69158767234309,0.0,0.0,0.9999829246636158
33.71793233699478,0.0,0.0,0.9999829246636158
33.744277001646466,0.0,0.0,0.9999829246636158
33.770621666298155,0.0,0.0,0.9999829246636158
33.79696633094984,0.0,0.0,0.9999829246636158
33.823310995601545,0.0,0.0,0.9999829246636158
33.849655660253234,0.0,0.0,0.9999829246636158
33.87600032490492,0.0,0.0,0.9999829246636158
33.90234498955661,0.0,0.0,0.9999829246636158
33.92868965420831,0.0,0.0,0.9999829246636158
33.95503431886,0.0,0.0,0.9999829246636158
33.98137898351169,0.0,0.0,0.9999829246636158
34.00772364816338,0.0,0.0,0.9999829246636158
34.034068312815066,0.0,0.0,0.9999829246636158
34.06041297746677,0.0,0.0,0.9999829246636158
34.08675764211846,0.0,0.0,0.9999829246636158
34.113102306770145,0.0,0.0,0.9999829246636158
34.13944697142183,0.0,0.0,0.9999829246636158
34.165791636073536,0.0,0.0,0.9999829246636158
34.192136300725224,0.0,0.0,0.9999829246636158
34.21848096537691,0.0,0.0,0.9999829246636158
34.2448256300286,0.0,0.0,0.9999829246636158
34.27117029468029,0.0,0.0,0.9999829246636158
34.29751495933199,0.0,0.0,0.9999829246636158
34.32385962398368,0.0,0.0,0.9999829246636158
34.35020428863537,0.0,0.0,0.9999829246636158
34.376548953287056,0.0,0.0,0.9999829246636158
34.40289361793876,0.0,0.0,0.9999829246636158
34.42923828259045,0.0,0.0,0.9999829246636158
34.455582947242135,0.0,0.0,0.9999829246636158
34.48192761189382,0.0,0.0,0.9999829246636158
34.508272276545526,0.0,0.0,0.9999829246636158
34.534616941197214,0.0,0.0,0.9999829246636158
34.5609616058489,0.0,0.0,0.9999829246636158
34.58730627050059,0.0,0.0,0.9999829246636158
34.61365093515228,0.0,0.0,0.9999829246636158
34.63999559980398,0.0,0.0,0.9999829246636158
34.66634026445567,0.0,0.0,0.9999829246636158
34.69268492910736,0.0,0.0,0.9999829246636158
34.719029593759046,0.0,0.0,0.9999829246636158
34.74537425841075,0.0,0.0,0.9999829246636158
34.77171892306244,0.0,0.0,0.9999829246636158
34.798063587714125,0.0,0.0,0.9999829246636158
34.824408252365814,0.0,0.0,0.9999829246636158
34.8507529170175,0.0,0.0,0.9999829246636158
34.877097581669204,0.0,0.0,0.9999829246636158
34.90344224632089,0.0,0.0,0.9999829246636158
34.92978691097258,0.0,0.0,0.9999829246636158
34.95613157562427,0.0,0.0,0.9999829246636158
34.98247624027597,0.0,0.0,0.9999829246636158
35.00882090492765,0.0,0.0,0.9999829246636158
