Threshold,Precision,Recall,Specificity
-18.018011716563755,0.007839219802918967,1.0,0.0
-17.992616185198184,0.007839352533820964,1.0,1.706513763033499e-05
-17.967220653832612,0.007839352533820964,1.0,1.706513763033499e-05
-17.941825122467044,0.007839352533820964,1.0,1.706513763033499e-05
-17.916429591101473,0.007839352533820964,1.0,1.706513763033499e-05
-17.8910340597359,0.007839352533820964,1.0,1.706513763033499e-05
-17.865638528370333,0.007839352533820964,1.0,1.706513763033499e-05
-17.84024299700476,0.007839352533820964,1.0,1.706513763033499e-05
-17.81484746563919,0.007839352533820964,1.0,1.706513763033499e-05
-17.789451934273618,0.007839352533820964,1.0,1.706513763033499e-05
-17.764056402908047,0.007839352533820964,1.0,1.706513763033499e-05
-17.73866087154248,0.007839352533820964,1.0,1.706513763033499e-05
-17.713265340176907,0.007839352533820964,1.0,1.706513763033499e-05
-17.687869808811335,0.007839352533820964,1.0,1.706513763033499e-05
-17.662474277445767,0.007839352533820964,1.0,1.706513763033499e-05
-17.637078746080196,0.007839352533820964,1.0,1.706513763033499e-05
-17.611683214714624,0.007839352533820964,1.0,1.706513763033499e-05
-17.586287683349052,0.007839352533820964,1.0,1.706513763033499e-05
-17.56089215198348,0.007839352533820964,1.0,1.706513763033499e-05
-17.535496620617913,0.007839352533820964,1.0,1.706513763033499e-05
-17.51010108925234,0.007839352533820964,1.0,1.706513763033499e-05
-17.48470555788677,0.007839352533820964,1.0,1.706513763033499e-05
-17.4593100265212,0.007839352533820964,1.0,1.706513763033499e-05
-17.43391449515563,0.007839352533820964,1.0,1.706513763033499e-05
-17.40851896379006,0.007839352533820964,1.0,1.706513763033499e-05
-17.383123432424487,0.007839352533820964,1.0,1.706513763033499e-05
-17.357727901058915,0.007839352533820964,1.0,1.706513763033499e-05
-17.332332369693347,0.007839352533820964,1.0,1.706513763033499e-05
-17.306936838327776,0.007839352533820964,1.0,1.706513763033499e-05
-17.281541306962204,0.007839352533820964,1.0,1.706513763033499e-05
-17.256145775596636,0.007839352533820964,1.0,1.706513763033499e-05
-17.230750244231064,0.007839352533820964,1.0,1.706513763033499e-05
-17.205354712865493,0.007839352533820964,1.0,1.706513763033499e-05
-17.17995918149992,0.007839352533820964,1.0,1.706513763033499e-05
-17.15456365013435,0.007839352533820964,1.0,1.706513763033499e-05
-17.12916811876878,0.007839352533820964,1.0,1.706513763033499e-05
-17.10377258740321,0.007839352533820964,1.0,1.706513763033499e-05
-17.07837705603764,0.007839352533820964,1.0,1.706513763033499e-05
-17.05298152467207,0.007839352533820964,1.0,1.706513763033499e-05
-17.0275859933065,0.007839352533820964,1.0,1.706513763033499e-05
-17.002190461940927,0.007839352533820964,1.0,1.706513763033499e-05
-16.976794930575355,0.007839352533820964,1.0,1.706513763033499e-05
-16.951399399209784,0.007839352533820964,1.0,1.706513763033499e-05
-16.926003867844216,0.007839618009109534,1.0,5.119541289100497e-05
-16.900608336478644,0.007839750753496563,1.0,6.826055052133995e-05
-16.875212805113073,0.007839750753496563,1.0,6.826055052133995e-05
-16.849817273747504,0.007839750753496563,1.0,6.826055052133995e-05
-16.824421742381933,0.007839750753496563,1.0,6.826055052133995e-05
-16.79902621101636,0.007839750753496563,1.0,6.826055052133995e-05
-16.77363067965079,0.007839750753496563,1.0,6.826055052133995e-05
-16.748235148285218,0.007839750753496563,1.0,6.826055052133995e-05
-16.72283961691965,0.007839750753496563,1.0,6.826055052133995e-05
-16.69744408555408,0.007839750753496563,1.0,6.826055052133995e-05
-16.672048554188507,0.007839750753496563,1.0,6.826055052133995e-05
-16.64665302282294,0.007839750753496563,1.0,6.826055052133995e-05
-16.621257491457367,0.007839750753496563,1.0,6.826055052133995e-05
-16.595861960091796,0.007839883502379057,1.0,8.532568815167494e-05
-16.570466428726224,0.007839883502379057,1.0,8.532568815167494e-05
-16.545070897360652,0.007839883502379057,1.0,8.532568815167494e-05
-16.519675365995084,0.007840016255757247,1.0,0.00010239082578200994
-16.494279834629513,0.007840016255757247,1.0,0.00010239082578200994
-16.46888430326394,0.007840016255757247,1.0,0.00010239082578200994
-16.443488771898373,0.007840149013631361,1.0,0.00011945596341234492
-16.4180932405328,0.007840149013631361,1.0,0.00011945596341234492
-16.39269770916723,0.007840149013631361,1.0,0.00011945596341234492
-16.36730217780166,0.007840149013631361,1.0,0.00011945596341234492
-16.341906646436087,0.007840149013631361,1.0,0.00011945596341234492
-16.31651111507052,0.007840149013631361,1.0,0.00011945596341234492
-16.291115583704947,0.007840149013631361,1.0,0.00011945596341234492
-16.265720052339375,0.007840149013631361,1.0,0.00011945596341234492
-16.240324520973807,0.007840149013631361,1.0,0.00011945596341234492
-16.214928989608236,0.007840149013631361,1.0,0.00011945596341234492
-16.189533458242664,0.007840149013631361,1.0,0.00011945596341234492
-16.164137926877093,0.007840149013631361,1.0,0.00011945596341234492
-16.13874239551152,0.007840149013631361,1.0,0.00011945596341234492
-16.113346864145953,0.007840149013631361,1.0,0.00011945596341234492
-16.08795133278038,0.007840149013631361,1.0,0.00011945596341234492
-16.06255580141481,0.007840149013631361,1.0,0.00011945596341234492
-16.03716027004924,0.007840149013631361,1.0,0.00011945596341234492
-16.01176473868367,0.007840149013631361,1.0,0.00011945596341234492
-15.986369207318099,0.007840414542868272,1.0,0.0001535862386730149
-15.960973675952527,0.007840414542868272,1.0,0.0001535862386730149
-15.935578144586957,0.007840414542868272,1.0,0.0001535862386730149
-15.910182613221387,0.007840414542868272,1.0,0.0001535862386730149
-15.884787081855816,0.007840547314231524,1.0,0.00017065137630334988
-15.859391550490244,0.007840547314231524,1.0,0.00017065137630334988
-15.833996019124674,0.007840547314231524,1.0,0.00017065137630334988
-15.808600487759104,0.007840547314231524,1.0,0.00017065137630334988
-15.783204956393533,0.007840547314231524,1.0,0.00017065137630334988
-15.757809425027961,0.007840547314231524,1.0,0.00017065137630334988
-15.732413893662391,0.007840680090091616,1.0,0.00018771651393368488
-15.707018362296822,0.007840680090091616,1.0,0.00018771651393368488
-15.68162283093125,0.007840680090091616,1.0,0.00018771651393368488
-15.656227299565678,0.007840680090091616,1.0,0.00018771651393368488
-15.630831768200109,0.007840680090091616,1.0,0.00018771651393368488
-15.605436236834539,0.007840680090091616,1.0,0.00018771651393368488
-15.580040705468967,0.007840680090091616,1.0,0.00018771651393368488
-15.554645174103396,0.007840680090091616,1.0,0.00018771651393368488
-15.529249642737826,0.007840680090091616,1.0,0.00018771651393368488
-15.503854111372256,0.007840812870448773,1.0,0.00020478165156401988
-15.478458580006684,0.007840812870448773,1.0,0.00020478165156401988
-15.453063048641113,0.007840945655303223,1.0,0.00022184678919435485
-15.427667517275543,0.007840945655303223,1.0,0.00022184678919435485
-15.402271985909973,0.007841078444655196,1.0,0.00023891192682468985
-15.376876454544401,0.00784121123850492,1.0,0.0002559770644550248
-15.35148092317883,0.007841344036852623,1.0,0.0002730422020853598
-15.32608539181326,0.007841609647042884,1.0,0.0003071724773460298
-15.30068986044769,0.007841742458885897,1.0,0.00032423761497636476
-15.275294329082119,0.007842008096068833,1.0,0.00035836789023703476
-15.249898797716547,0.007842140921409214,1.0,0.00037543302786736976
-15.224503266350977,0.007842273751249174,1.0,0.00039249816549770476
-15.199107734985407,0.007842273751249174,1.0,0.00039249816549770476
-15.173712203619836,0.007842273751249174,1.0,0.00039249816549770476
-15.148316672254264,0.007842406585588943,1.0,0.00040956330312803975
-15.122921140888694,0.007842406585588943,1.0,0.00040956330312803975
-15.097525609523125,0.00784267226776882,1.0,0.0004436935783887097
-15.072130078157553,0.007842805115609384,1.0,0.0004607587160190447
-15.046734546791981,0.007842805115609384,1.0,0.0004607587160190447
-15.021339015426411,0.007843070824792912,1.0,0.0004948889912797146
-14.995943484060842,0.007843336551981163,1.0,0.0005290192665403846
-14.97054795269527,0.007843735176526393,1.0,0.0005802146794313896
-14.945152421329698,0.007844000948734456,1.0,0.0006143449546920596
-14.919756889964129,0.007844133841592545,1.0,0.0006314100923223946
-14.894361358598559,0.007844133841592545,1.0,0.0006314100923223946
-14.868965827232987,0.007844133841592545,1.0,0.0006314100923223946
-14.843570295867416,0.007844133841592545,1.0,0.0006314100923223946
-14.818174764501846,0.007844133841592545,1.0,0.0006314100923223946
-14.792779233136276,0.007844266738953646,1.0,0.0006484752299527295
-14.767383701770704,0.007844266738953646,1.0,0.0006484752299527295
-14.741988170405133,0.007844399640817986,1.0,0.0006655403675830645
-14.716592639039563,0.007844532547185794,1.0,0.0006826055052133995
-14.691197107673993,0.007844798373432734,1.0,0.0007167357804740695
-14.665801576308422,0.007845064217696296,1.0,0.0007508660557347395
-14.64040604494285,0.007845330079978311,1.0,0.0007849963309954095
-14.61501051357728,0.007845330079978311,1.0,0.0007849963309954095
-14.58961498221171,0.007845463017876812,1.0,0.0008020614686257445
-14.564219450846139,0.007845728907189941,1.0,0.0008361917438864144
-14.538823919480567,0.007846127774953398,1.0,0.0008873871567774194
-14.513428388114997,0.007846393709327548,1.0,0.0009215174320380894
-14.488032856749427,0.007846659661729316,1.0,0.0009556477072987594
-14.462637325383856,0.007846925632160532,1.0,0.0009897779825594293
-14.437241794018284,0.007846925632160532,1.0,0.0009897779825594293
-14.411846262652714,0.007847723651649208,1.0,0.0010921688083414393
-14.386450731287145,0.007847989694216557,1.0,0.0011262990836021093
-14.361055199921573,0.007848388791890563,1.0,0.0011774944964931143
-14.335659668556001,0.007848521833468946,1.0,0.0011945596341234493
-14.310264137190432,0.007849187109024023,1.0,0.001279885322275124
-14.284868605824862,0.007849719410677653,1.0,0.001348145872796464
-14.25947307445929,0.007849985588579373,1.0,0.001382276148057134
-14.234077543093719,0.007850251784533477,1.0,0.001416406423317804
-14.208682011728149,0.007850384889280748,1.0,0.001433471560948139
-14.183286480362579,0.007850784230606188,1.0,0.001484666973839144
-14.157890948997007,0.007850917353409977,1.0,0.001501732111469479
-14.132495417631436,0.007851183612561893,1.0,0.001535862386730149
-14.107099886265866,0.007851316748910481,1.0,0.001552927524360484
-14.081704354900296,0.007851316748910481,1.0,0.001552927524360484
-14.056308823534724,0.007851716185049519,1.0,0.001604122937251489
-14.030913292169153,0.007851982498388902,1.0,0.001638253212512159
-14.005517760803583,0.007851982498388902,1.0,0.001638253212512159
-13.980122229438013,0.007852115661833291,1.0,0.0016553183501424938
-13.954726698072442,0.007852248829794451,1.0,0.0016723834877728288
-13.92933116670687,0.007853047932426473,1.0,0.0017747743135548388
-13.9039356353413,0.007853580757879024,1.0,0.0018430348640761788
-13.87854010397573,0.007854513376422888,1.0,0.0019624908274885238
-13.853144572610159,0.007854779879548732,1.0,0.0019966211027491938
-13.827749041244587,0.007855446216491348,1.0,0.0020819467909008686
-13.802353509879017,0.007856379278163338,1.0,0.0022014027543132133
-13.776957978513448,0.00785664590792622,1.0,0.0022355330295738833
-13.751562447147876,0.007857179221748944,1.0,0.0023037935800952233
-13.726166915782304,0.007857312561517836,1.0,0.0023208587177255585
-13.700771384416734,0.007858246066633854,1.0,0.0024403146811379033
-13.675375853051165,0.007858912991818583,1.0,0.0025256403692895785
-13.649980321685593,0.007859313201269712,1.0,0.0025768357821805833
-13.624584790320021,0.007859580030216097,1.0,0.0026109660574412533
-13.599189258954452,0.007860780984719864,1.0,0.002764552296114268
-13.573793727588882,0.007862115809135676,1.0,0.002935203672417618
-13.54839819622331,0.007862783391356033,1.0,0.003020529360569293
-13.523002664857739,0.007863851758751294,1.0,0.003157050461611973
-13.497607133492169,0.007864252471379556,1.0,0.003208245874502978
-13.472211602126599,0.007865187626344132,1.0,0.003327701837915323
-13.446816070761027,0.00786585573035235,1.0,0.0034130275260669976
-13.421420539395456,0.007866657605002039,1.0,0.0035154183518490076
-13.396025008029886,0.007867459643160577,1.0,0.0036178091776310176
-13.370629476664316,0.007868529281805514,1.0,0.0037543302786736976
-13.345233945298745,0.007869732972991348,1.0,0.003907916517346712
-13.319838413933173,0.007870535638397335,1.0,0.004010307343128723
-13.294442882567603,0.007871070839637557,1.0,0.004078567893650062
-13.269047351202033,0.007872007616974973,1.0,0.0041980238570624075
-13.243651819836462,0.007872676880175478,1.0,0.004283349545214082
-13.21825628847089,0.007873480146246068,1.0,0.004385740370996092
-13.19286075710532,0.007874283576251296,1.0,0.004488131196778102
-13.16746522573975,0.007874819287354368,1.0,0.004556391747299442
-13.142069694374179,0.007876024903888681,1.0,0.004709977985972457
-13.116674163008607,0.00787682885335148,1.0,0.004812368811754467
-13.091278631643037,0.0078780350853312,1.0,0.004965955050427482
-13.065883100277468,0.007878839445248021,1.0,0.005068345876209491
-13.040487568911896,0.007879643969434469,1.0,0.005170736701991502
-13.015092037546324,0.007881253510817574,1.0,0.005375518353555522
-12.989696506180755,0.007882863709883375,1.0,0.005580300005119541
-12.964300974815185,0.007884206045125585,1.0,0.005750951381422891
-12.938905443449613,0.007885548837605382,1.0,0.005921602757726241
-12.913509912084042,0.007886220405382388,1.0,0.006006928445877916
-12.888114380718472,0.007887698257210515,1.0,0.006194644959811601
-12.862718849352902,0.007888638996796838,1.0,0.006314100923223946
-12.83732331798733,0.007889848848900023,1.0,0.006467687161896961
-12.811927786621759,0.007891193564331123,1.0,0.00663833853820031
-12.786532255256189,0.007892942379815889,1.0,0.006860185327394666
-12.761136723890619,0.007893884370790923,1.0,0.00697964129080701
-12.735741192525047,0.007895499735679814,1.0,0.00718442294237103
-12.710345661159476,0.007897115761824353,1.0,0.00738920459393505
-12.684950129793906,0.007899001961955131,1.0,0.00762811652075974
-12.659554598428336,0.007900349799505161,1.0,0.0077987678970630895
-12.634159067062765,0.007901563246637995,1.0,0.007952354135736105
-12.608763535697193,0.007903586487086257,1.0,0.00820833120019113
-12.583368004331623,0.007905340800437099,1.0,0.008430177989385484
-12.557972472966053,0.007907095892750406,1.0,0.008652024778579839
-12.532576941600482,0.007908716669798269,1.0,0.00885680643014386
-12.50718141023491,0.007910338111428132,1.0,0.009061588081707879
-12.48178587886934,0.007911689820748108,1.0,0.00923223945801123
-12.45639034750377,0.007913312481840401,1.0,0.009437021109575248
-12.430994816138199,0.007915071115973742,1.0,0.009658867898769604
-12.405599284772627,0.007917507438694894,1.0,0.009966040376115634
-12.380203753407057,0.00791980978772173,1.0,0.010256147715831328
-12.354808222041488,0.007922655715263517,1.0,0.010614515606068364
-12.329412690675916,0.007924825414213337,1.0,0.010887557808153724
-12.304017159310344,0.007927674948204715,1.0,0.011245925698390757
-12.278621627944775,0.007929711584572173,1.0,0.011501902762845783
-12.253226096579205,0.007915431665153254,0.9978401727861771,0.011843205515452482
-12.227830565213633,0.007916923709644252,0.9978401727861771,0.012030922029386167
-12.202435033848062,0.007918823489081623,0.9978401727861771,0.012269833956210856
-12.177039502482492,0.007921267402784446,0.9978401727861771,0.012577006433556887
-12.151643971116922,0.007922897516806146,0.9978401727861771,0.012781788085120906
-12.12624843975135,0.007925479903247388,0.9978401727861771,0.013106025700097272
-12.100852908385779,0.007927383791760325,0.9978401727861771,0.013344937626921962
-12.075457377020209,0.00792983299291121,0.9978401727861771,0.01365211010426799
-12.05006184565464,0.007932147517340843,0.9978401727861771,0.013942217443983686
-12.024666314289068,0.007935281084144897,0.9978401727861771,0.01433471560948139
-11.999270782923496,0.007937598790461136,0.9978401727861771,0.014624822949197085
-11.973875251557926,0.007941282637468416,0.9978401727861771,0.01508558166521613
-11.948479720192356,0.007927500343926263,0.9956803455723542,0.01549514496834417
-11.923084188826785,0.007929409336406481,0.9956803455723542,0.01573405689516886
-11.897688657461213,0.007931455706002788,0.9956803455723542,0.015990033959623885
-11.872293126095643,0.007933776202113378,0.9956803455723542,0.01628014129933958
-11.846897594730073,0.007938011192423591,0.9956803455723542,0.016809160565879964
-11.821502063364502,0.007941429801894918,0.9956803455723542,0.017235789006638337
-11.79610653199893,0.007945399079643577,0.9956803455723542,0.017730677997918054
-11.77071100063336,0.007931444729899822,0.9935205183585313,0.018123176163415758
-11.74531546926779,0.007935001983750497,0.9935205183585313,0.01856686974180447
-11.719919937902219,0.00793815144612411,0.9935205183585313,0.018959367907302172
-11.694524406536647,0.00794089214196934,0.9935205183585313,0.019300670659908873
-11.669128875171078,0.00794514396255419,0.9935205183585313,0.019829689926449255
-11.643733343805508,0.007947340232546085,0.9935205183585313,0.020102732128534615
-11.618337812439936,0.007950362087142882,0.9935205183585313,0.020478165156401985
-11.592942281074365,0.007953936333926997,0.9935205183585313,0.020921858734790695
-11.567546749708795,0.007957651454866276,0.9935205183585313,0.02138261745080974
-11.542151218343225,0.007960681157413817,0.9935205183585313,0.02175805047867711
-11.516755686977653,0.007963575299066876,0.9935205183585313,0.022116418368914145
-11.491360155612082,0.007967989468396528,0.9935205183585313,0.022662502773084865
-11.465964624246512,0.007973375858004577,0.9935205183585313,0.02332804314066793
-11.440569092880942,0.007977109165004768,0.9935205183585313,0.023788801856686973
-11.41517356151537,0.007979876832335848,0.9935205183585313,0.024130104609293674
-11.389778030149799,0.007984309096905213,0.9935205183585313,0.024676189013464394
-11.364382498784229,0.007990133921592469,0.9935205183585313,0.025392924793938464
-11.33898696741866,0.007994438651372959,0.9935205183585313,0.025921944060478846
-11.313591436053088,0.00799888711135842,0.9935205183585313,0.026468028464649566
-11.288195904687516,0.008003201280512205,0.9935205183585313,0.026997047731189952
-11.262800373321946,0.008007798899798064,0.9935205183585313,0.027560197272991006
-11.237404841956376,0.00801351845722349,0.9935205183585313,0.028259867915834742
-11.212009310590805,0.008018267705555264,0.9935205183585313,0.02884008259526613
-11.186613779225233,0.00802344240563734,0.9935205183585313,0.029471492687588526
-11.161218247859663,0.008029044194651959,0.9935205183585313,0.030154098192801924
-11.135822716494093,0.008033390964181555,0.9935205183585313,0.03068311745934231
-11.110427185128522,0.008038585209003215,0.9935205183585313,0.0313145275516647
-11.08503165376295,0.008044630209335268,0.9935205183585313,0.032048328469769106
-11.05963612239738,0.008049557274349911,0.9935205183585313,0.032645608286830836
-11.03424059103181,0.00805519560116275,0.9935205183585313,0.03332821379204423
-11.008845059666239,0.008060418090381818,0.9935205183585313,0.03395962388436663
-10.983449528300667,0.008065364519409476,0.9935205183585313,0.03455690370142835
-10.958053996935098,0.008072016424798639,0.9935205183585313,0.035358965170054095
-10.932658465569528,0.00807825369228878,0.9935205183585313,0.036109831225788834
-10.907262934203956,0.008084074373484237,0.9935205183585313,0.03680950186863257
-10.881867402838385,0.008089049888335942,0.9935205183585313,0.03740678168569429
-10.856471871472815,0.008096310898338496,0.9935205183585313,0.03827710370484138
-10.831076340107245,0.008101444170482565,0.9935205183585313,0.03889144865953344
-10.805680808741673,0.008090529321558881,0.9913606911447084,0.03967644499052885
-10.780285277376102,0.008096808904725784,0.9913606911447084,0.04042731104626359
-10.754889746010532,0.008103670486043678,0.9913606911447084,0.04124643765251967
-10.729494214644962,0.00809315968970331,0.9892008639308856,0.042082629396406085
-10.70409868327939,0.00809960032539879,0.9892008639308856,0.04285056058977116
-10.678703151913819,0.00810935231417543,0.9892008639308856,0.044010989948633936
-10.653307620548249,0.008117544885769483,0.9892008639308856,0.04498370279356303
-10.62791208918268,0.008125754027393371,0.9892008639308856,0.04595641563849213
-10.602516557817108,0.008115931733825854,0.9870410367170627,0.04687793307053022
-10.577121026451536,0.008124011163849039,0.9870410367170627,0.047833580777828975
-10.551725495085966,0.00813355402495239,0.9870410367170627,0.048959879861431084
-10.526329963720396,0.008123708401624742,0.9848812095032398,0.049881397293469174
-10.500934432354825,0.008132691278758694,0.9848812095032398,0.05093943582654994
-10.475538900989253,0.008140967275453912,0.9848812095032398,0.05191214867147904
-10.450143369623683,0.008147949611364246,0.9848812095032398,0.052731275277735114
-10.424747838258114,0.008156986208253583,0.9848812095032398,0.053789313810815885
-10.399352306892542,0.00816531175017011,0.9848812095032398,0.05476202665574498
-10.37395677552697,0.008154560281018693,0.9827213822894169,0.05558115326200106
-10.3485612441614,0.008163338536340313,0.9827213822894169,0.056605061519821157
-10.32316571279583,0.008172429277054333,0.9827213822894169,0.05766310005290193
-10.29777018143026,0.008181393174380552,0.9827213822894169,0.05870407344835236
-10.272374650064688,0.00819022932642114,0.9827213822894169,0.05972798170617246
-10.246979118699118,0.00819967561722833,0.9827213822894169,0.0608201505145139
-10.221583587333548,0.008210032479249368,0.9827213822894169,0.062014710148637346
-10.196188055967976,0.008220415537488708,0.9827213822894169,0.0632092697827608
-10.170792524602405,0.008211992403002622,0.980561555075594,0.06430143859110224
-10.145396993236835,0.008222403332427783,0.980561555075594,0.06549599822522569
-10.120001461871265,0.008231049549467883,0.980561555075594,0.06648577620778512
-10.094605930505693,0.008241359279697939,0.980561555075594,0.06766327070427823
-10.069210399140122,0.008254995727039657,0.980561555075594,0.06921619822863871
-10.043814867774552,0.008263560247542774,0.980561555075594,0.07018891107356781
-10.018419336408982,0.008273800845604315,0.980561555075594,0.07134934043243059
-9.99302380504341,0.008267026790276662,0.978401727861771,0.0726292257547057
-9.967628273677839,0.008278206205913527,0.978401727861771,0.0738920459393505
-9.94223274231227,0.008291388304200604,0.978401727861771,0.07537671291318965
-9.9168372109467,0.008301264431006048,0.978401727861771,0.07648594685916142
-9.891441679581128,0.008314977973568283,0.978401727861771,0.07802180924589157
-9.866046148215556,0.0083270528115292,0.978401727861771,0.07936995511868804
-9.840650616849986,0.008322132822712795,0.9762419006479481,0.08085462209252718
-9.815255085484416,0.00833364062096685,0.9762419006479481,0.0821345074148023
-9.789859554118845,0.008345642540620384,0.9762419006479481,0.08346558814996843
-9.764464022753273,0.008358606405799246,0.9762419006479481,0.08489905971091657
-9.739068491387703,0.008371145476433002,0.9762419006479481,0.0862813358589737
-9.713672960022134,0.008385899814471243,0.9762419006479481,0.08790252393385553
-9.688277428656562,0.008380718772066748,0.9740820734341252,0.089353060632434
-9.66288189729099,0.008396164944615099,0.9740820734341252,0.09104250925783716
-9.63748636592542,0.008409785932721712,0.9740820734341252,0.0925271762316763
-9.61209083455985,0.00840398909348971,0.9719222462203023,0.09390945237973344
-9.58669530319428,0.008418138281951511,0.9719222462203023,0.09544531476646359
-9.561299771828708,0.00843249320715825,0.9719222462203023,0.09699824229082407
-9.535904240463138,0.00844610446892772,0.9719222462203023,0.09846584412703288
-9.510508709097568,0.008462464269595306,0.9719222462203023,0.10022355330295739
-9.485113177731996,0.00847904733192644,0.9719222462203023,0.10199832761651223
-9.459717646366425,0.008494733265375467,0.9719222462203023,0.10367071110428505
-9.434322115000855,0.008514341935972149,0.9719222462203023,0.10575265789518593
-9.408926583635285,0.008529835468951398,0.9719222462203023,0.10739091110769808
-9.383531052269714,0.008545385491834409,0.9719222462203023,0.10902916432021025
-9.358135520904142,0.008561155185206323,0.9719222462203023,0.11068448267035273
-9.332739989538572,0.008578781812982557,0.9719222462203023,0.11252751753442891
-9.307344458173002,0.00857803335689586,0.9697624190064795,0.1144217478113961
-9.28194892680743,0.008592150333926555,0.9697624190064795,0.1158893496476049
-9.256553395441859,0.008589780462084173,0.9676025917926566,0.11761292854826874
-9.23115786407629,0.008605620545919053,0.9676025917926566,0.1192511817607809
-9.20576233271072,0.008622846694254643,0.9676025917926566,0.12102595607433574
-9.180366801345148,0.008638809078462754,0.9676025917926566,0.1226642092868479
-9.154971269979576,0.008661188980183664,0.9676025917926566,0.12495093772931279
-9.129575738614006,0.00867931107968305,0.9676025917926566,0.12679397259338895
-9.104180207248437,0.008698015765153574,0.9676025917926566,0.12868820287035615
-9.078784675882865,0.008718497616035808,0.9676025917926566,0.1307530845236267
-9.053389144517293,0.008738394320043691,0.9676025917926566,0.13274970562637586
-9.027993613151724,0.008757868397388279,0.9676025917926566,0.13469513131623406
-9.002598081786154,0.008778117407320324,0.9676025917926566,0.1367088175566136
-8.977202550420582,0.008775546263030802,0.9654427645788337,0.13838120104438642
-8.95180701905501,0.008792981351797938,0.9654427645788337,0.14010477994505025
-8.92641148768944,0.008811701624349471,0.9654427645788337,0.14194781480912644
-8.90101595632387,0.008833817513487876,0.9654427645788337,0.14411508728817898
-8.8756204249583,0.008856922070974261,0.9654427645788337,0.1463676854553832
-8.850224893592728,0.00887873671665508,0.9654427645788337,0.14848376252154474
-8.824829362227158,0.00890136806260828,0.9654427645788337,0.15066810013822762
-8.799433830861588,0.008922155688622754,0.9654427645788337,0.1526647212409768
-8.774038299496016,0.00894679956767143,0.9654427645788337,0.15501971023396305
-8.748642768130445,0.00897013966928881,0.9654427645788337,0.1572381781259066
-8.723247236764875,0.008991430985235548,0.9654427645788337,0.1592518643662861
-8.697851705399305,0.008994474246763199,0.9632829373650108,0.16141913684533865
-8.672456174033734,0.00902213051745762,0.9632829373650108,0.16401303776514958
-8.647060642668162,0.009046102671237044,0.9632829373650108,0.16624857079472347
-8.621665111302592,0.009046922013499227,0.9611231101511879,0.16819399648458164
-8.596269579937022,0.009073485033847157,0.9611231101511879,0.1706513763033499
-8.57087404857145,0.009081240284709155,0.958963282937365,0.17322821208553046
-8.54547851720588,0.009085874848739668,0.9568034557235421,0.17551494052799535
-8.52008298584031,0.009112976219863409,0.9568034557235421,0.17798938548439394
-8.49468745447474,0.009140616940059836,0.9568034557235421,0.18049796071605317
-8.469291923109168,0.00914545830746948,0.9546436285097192,0.18278468915851806
-8.443896391743596,0.009174692793091997,0.9546436285097192,0.18541272035358966
-8.418500860378026,0.009180996793937628,0.9524838012958964,0.1878189047594669
-8.393105329012457,0.009211488250652742,0.9524838012958964,0.19053226164269016
-8.367709797646885,0.009233088373845864,0.9524838012958964,0.19244355705728766
-8.342314266281313,0.009263732801176348,0.9524838012958964,0.1951398488028806
-8.316918734915744,0.009295364964272917,0.9524838012958964,0.19790440109899488
-8.291523203550174,0.009303112313937753,0.9503239740820735,0.20039591119302377
-8.266127672184602,0.009333107076192093,0.9503239740820735,0.20298981211283468
-8.24073214081903,0.009363096631413189,0.9503239740820735,0.20556664789501528
-8.21533660945346,0.009349983989753442,0.9460043196544277,0.20805815798904417
-8.189941078087891,0.009379416677373763,0.9460043196544277,0.21056673322070343
-8.16454554672232,0.009408631022705304,0.9460043196544277,0.213041178177102
-8.139150015356748,0.009395741746401173,0.9416846652267818,0.21554975340876123
-8.113754483991178,0.0094049987027588,0.9395248380129589,0.21812658919094183
-8.088358952625608,0.00941268326537694,0.937365010799136,0.22056690387207972
-8.062963421260037,0.00944196671380398,0.937365010799136,0.22300721855321765
-8.037567889894465,0.009475568752456224,0.937365010799136,0.22578883598696223
-8.012172358528895,0.009503164071908734,0.937365010799136,0.22805849929179678
-7.986776827163325,0.009510004172981045,0.9352051835853131,0.23039642314715267
-7.961381295797754,0.009499460007493774,0.9308855291576674,0.2330927148927456
-7.935985764432182,0.0094875821040759,0.9265658747300216,0.23568661581255654
-7.910590233066612,0.009518949143516465,0.9265658747300216,0.23822932131947644
-7.885194701701042,0.009554140127388535,0.9265658747300216,0.24106213416611205
-7.859799170335471,0.00956980592075843,0.9244060475161987,0.24408266352668134
-7.834403638969899,0.0096033028181655,0.9244060475161987,0.2467448249970136
-7.809008107604329,0.009612787032868077,0.9222462203023758,0.24925340022867284
-7.78361257623876,0.009645793801391524,0.9222462203023758,0.25184730114848375
-7.758217044873188,0.00968122250940915,0.9222462203023758,0.254611853444598
-7.732821513507616,0.009695700662311946,0.9200863930885529,0.2574787965664943
-7.7074259821420465,0.009708516081871345,0.91792656587473,0.2602092185873479
-7.682030450776477,0.009722986607961842,0.9157667386609071,0.26305909657161386
-7.656634919410905,0.009756322050668446,0.9157667386609071,0.2656018020785338
-7.6312393880453335,0.009774696707105719,0.9136069114470843,0.2687247222648851
-7.605843856679764,0.0098150683342228,0.9136069114470843,0.2717623167630847
-7.580448325314194,0.009854167637329358,0.9136069114470843,0.274680455297872
-7.555052793948622,0.009886642514900082,0.9136069114470843,0.2770866397037492
-7.529657262583051,0.009922356970279843,0.9136069114470843,0.2797146708988208
-7.504261731217481,0.00993478823834075,0.9114470842332614,0.28232563695626206
-7.478866199851911,0.009944725279916852,0.9092872570194385,0.2847488864997696
-7.453470668486339,0.009920022782827444,0.9028077753779697,0.2880595232000546
-7.428075137120768,0.009966856625098356,0.9028077753779697,0.29143842045086094
-7.402679605755198,0.009986110445902582,0.9006479481641468,0.29451014522432123
-7.377284074389628,0.009999038553985195,0.8984881209503239,0.2971211112817625
-7.351888543024057,0.009994447529150472,0.8941684665226782,0.30017577091759245
-7.326493011658485,0.010032715376226827,0.8941684665226782,0.3028720626631854
-7.301097480292915,0.010055757103552386,0.8920086393088553,0.30616563422584003
-7.275701948927345,0.01009385081630658,0.8920086393088553,0.30881073055854197
-7.250306417561774,0.010108692985254067,0.8898488120950324,0.3115070223041349
-7.224910886196202,0.010148283166658455,0.8898488120950324,0.3142203791873581
-7.199515354830632,0.010189948555599525,0.8898488120950324,0.31705319203399374
-7.1741198234650625,0.010211687537268933,0.8876889848812095,0.32017611222034503
-7.148724292099491,0.010226479098074429,0.8855291576673866,0.32282120855304697
-7.123328760733919,0.010226589131742531,0.8812095032397408,0.32613184525333194
-7.0979332293683495,0.01027578390630903,0.8812095032397408,0.32939128654072597
-7.07253769800278,0.01031475161167994,0.8812095032397408,0.3319510571852762
-7.047142166637208,0.010285975516838523,0.8747300215982722,0.3349886516834758
-7.0217466352716364,0.01027720398847321,0.8704103671706264,0.3377020085666991
-6.996351103906067,0.010303201168721327,0.8682505399568035,0.34102971040461444
-6.970955572540497,0.010350420968614021,0.8682505399568035,0.34406730490281406
-6.945560041174925,0.010394849119540766,0.8682505399568035,0.3469001177494497
-6.920164509809354,0.010438847052713581,0.8682505399568035,0.34968173518319423
-6.894768978443784,0.010482125629057912,0.8682505399568035,0.3523950920664175
-6.869373447078214,0.010532383148186964,0.8682505399568035,0.3555180122527688
-6.843977915712642,0.010582567720535972,0.8682505399568035,0.35860680216385943
-6.818582384347071,0.010553601184965747,0.8617710583153347,0.3616273315244287
-6.793186852981501,0.010521281683405069,0.8552915766738661,0.36446014437106433
-6.767791321615931,0.010542329454467812,0.8531317494600432,0.36734415263059095
-6.7423957902503595,0.010570937969521356,0.8509719222462203,0.3706718544685063
-6.717000258884788,0.010594990968646375,0.8488120950323974,0.37370944896670594
-6.691604727519218,0.01059706751226387,0.8444924406047516,0.3770200856669909
-6.666209196153648,0.010648148148148148,0.8444924406047516,0.3800406150275602
-6.640813664788077,0.010706755387606452,0.8444924406047516,0.3834707076912575
-6.615418133422505,0.01075564602646274,0.8444924406047516,0.38630352053789313
-6.590022602056935,0.010775564335645015,0.8423326133909287,0.3890168774211164
-6.564627070691365,0.010826416456153013,0.8423326133909287,0.39191795081827335
-6.539231539325794,0.010822873082287307,0.838012958963283,0.39483608935306064
-6.513836007960222,0.010846412556053812,0.8358531317494601,0.39772009761258725
-6.488440476594652,0.010899873257287706,0.8358531317494601,0.4007064966978959
-6.463044945229083,0.01095696489241223,0.8358531317494601,0.40386354715950784
-6.437649413863511,0.01101058381700239,0.8358531317494601,0.40679875083192546
-6.412253882497939,0.011060935177775236,0.8358531317494601,0.40952917285277907
-6.3868583511323695,0.011087175068217723,0.8336933045356372,0.4124643765251967
-6.3614628197668,0.011145117514581047,0.8336933045356372,0.4155531664362873
-6.336067288401228,0.011174968071519796,0.8315334773218143,0.41864195634737794
-6.3106717570356565,0.011235299267516853,0.8315334773218143,0.4217990068089899
-6.285276225670087,0.011266613854414223,0.8293736501079914,0.4249219269953412
-6.259880694304517,0.011304604486422669,0.8272138228941684,0.4283690847966689
-6.234485162938945,0.011335311572700298,0.8250539956803455,0.43142374443249887
-6.209089631573374,0.011394141860048917,0.8250539956803455,0.43439307838017716
-6.183694100207804,0.011455303325636488,0.8250539956803455,0.4374477380160071
-6.158298568842234,0.011483167063504024,0.8228941684665226,0.44029761600027306
-6.132903037476662,0.011513407059536435,0.8207343412526998,0.443249884810321
-6.107507506111091,0.011569845329436123,0.8207343412526998,0.4459973719688049
-6.082111974745521,0.011601922429362966,0.8185745140388769,0.4490008361917439
-6.056716443379951,0.011665845850775671,0.8185745140388769,0.45205549582757387
-6.03132091201438,0.011700250719658278,0.816414686825054,0.45512722060103417
-6.005925380648808,0.011771300448430493,0.816414686825054,0.4584549224389495
-5.980529849283238,0.011799687010954617,0.8142548596112311,0.4612024095974334
-5.955134317917668,0.011841773746535651,0.8120950323974082,0.4645642417106094
-5.929738786552097,0.011908532336732754,0.8120950323974082,0.467601836208809
-5.904343255186525,0.011973759633144386,0.8120950323974082,0.47053703988122664
-5.878947723820955,0.012051282051282051,0.8120950323974082,0.4739841976825543
-5.8535521924553855,0.012117305833064775,0.8120950323974082,0.47688527107971124
-5.828156661089814,0.01215835035502383,0.8099352051835853,0.4800593866789536
-5.802761129724242,0.012195917302550055,0.8077753779697624,0.48306285090189255
-5.7773655983586725,0.012272354388843314,0.8077753779697624,0.4863222921892865
-5.751970066993103,0.012309012309012308,0.8056155507559395,0.4892404307240738
-5.726574535627531,0.012313717680639914,0.8012958963282938,0.4921756343964914
-5.7011790042619594,0.012385658008947052,0.8012958963282938,0.49516203348180005
-5.67578347289639,0.012422777330110126,0.7991360691144709,0.49804604174132666
-5.65038794153082,0.012463689792609606,0.796976241900648,0.5010665711018959
-5.624992410165248,0.012475355224692366,0.7926565874730022,0.5042406867011382
-5.599596878799677,0.012453811413712879,0.7861771058315334,0.5074318674380109
-5.574201347434107,0.01251633312702015,0.7861771058315334,0.5099233775320398
-5.548805816068537,0.012458471760797342,0.7775377969762419,0.5130292325807607
-5.523410284702965,0.012461709830130882,0.7732181425485961,0.5158620454273963
-5.498014753337394,0.01253545292202108,0.7732181425485961,0.518746053686923
-5.472619221971824,0.012621188083906222,0.7732181425485961,0.5220566903872079
-5.447223690606254,0.012635763469865833,0.7688984881209503,0.5252820013993413
-5.4218281592406825,0.0126148018439767,0.7624190064794817,0.5284902472738443
-5.396432627875111,0.012659138315471481,0.7602591792656588,0.5314937114967833
-5.371037096509541,0.012728719172633254,0.7602591792656588,0.5340876124165942
-5.345641565143971,0.012805587892898719,0.7602591792656588,0.5369204252632297
-5.3202460337784,0.012846319950225085,0.7580993520518359,0.5397191078346046
-5.294850502412828,0.012892294091645794,0.755939524838013,0.5426884417822829
-5.269454971047258,0.012897965234794856,0.7516198704103672,0.5455041894912882
-5.244059439681688,0.012971522290144625,0.7516198704103672,0.5481151555487295
-5.218663908316117,0.013018683874840549,0.7494600431965442,0.5510674243587774
-5.193268376950545,0.013102745157270702,0.7494600431965442,0.5539855628935647
-5.167872845584975,0.013188400288852571,0.7494600431965442,0.5569207665659823
-5.142477314219406,0.013237938554539542,0.7473002159827213,0.5598730353760303
-5.117081782853834,0.013316911708105611,0.7473002159827213,0.5625181317087322
-5.091686251488262,0.013359148112294288,0.7451403887688985,0.5651802931790645
-5.0662907201226925,0.01344819521322211,0.7451403887688985,0.5680984317138518
-5.040895188757123,0.013423345631525238,0.7386609071274298,0.5710507005238997
-5.015499657391551,0.013510310500118512,0.7386609071274298,0.5738493830952747
-4.9901041260259795,0.013515125014906388,0.734341252699784,0.5764944794279766
-4.96470859466041,0.013612523521639908,0.734341252699784,0.5795662042014369
-4.93931306329484,0.01362628502318081,0.7300215982721382,0.5824672775985938
-4.913917531929268,0.013630278690519654,0.7257019438444925,0.5850611785184048
-4.888522000563697,0.013672353277283488,0.7235421166306696,0.5875868188876944
-4.863126469198127,0.013758830294069328,0.7235421166306696,0.5902148500827659
-4.837730937832557,0.013801082599892567,0.7213822894168467,0.5927063601767948
-4.812335406466985,0.013846729593746101,0.7192224622030238,0.5952831959589754
-4.786939875101414,0.013942971988443662,0.7192224622030238,0.598116008805611
-4.761544343735844,0.014003121177611877,0.7170626349892009,0.601068277615659
-4.736148812370274,0.01404744726902347,0.714902807775378,0.6035427225720575
-4.710753281004703,0.014136841206115998,0.714902807775378,0.6060854280789775
-4.685357749639131,0.014187446259673258,0.712742980561555,0.6086963941364187
-4.659962218273561,0.014260326817216418,0.7105831533477321,0.6119046400109217
-4.634566686907991,0.014304404709986916,0.7084233261339092,0.6142937592791686
-4.60917115554242,0.014307658547289884,0.7041036717062635,0.6167340739603064
-4.583775624176848,0.014360832486412444,0.7019438444924406,0.6193450400177477
-4.558380092811278,0.014454080498109851,0.7019438444924406,0.6218365501117766
-4.5329845614457085,0.014559627273541797,0.7019438444924406,0.6246181675455212
-4.507589030080137,0.014554794520547944,0.6976241900647948,0.6268025051622041
-4.482193498714565,0.014604499274310595,0.6954643628509719,0.6292428198433421
-4.4567979673489955,0.014713273931916838,0.6954643628509719,0.6320244372770867
-4.431402435983426,0.01475929927812773,0.693304535637149,0.6343282308571818
-4.406006904617854,0.014860423128558863,0.693304535637149,0.6368538712264714
-4.3806113732522824,0.014967128269688068,0.693304535637149,0.639481902421543
-4.355215841886713,0.015065471441310367,0.693304535637149,0.6418710216897899
-4.329820310521143,0.015069204969530918,0.6889848812095032,0.6441918804075155
-4.304424779155571,0.01512988866685698,0.6868250539956804,0.6467516510520658
-4.27902924779,0.015187083792459158,0.6846652267818575,0.6492090308708339
-4.25363371642443,0.015253910021239622,0.6825053995680346,0.6518711923411662
-4.22823818505886,0.015345020152478997,0.6825053995680346,0.6539702042696974
-4.202842653693288,0.015407943650948934,0.6803455723542117,0.656495844638987
-4.177447122327717,0.015513420339817778,0.6803455723542117,0.6588678987696036
-4.152051590962147,0.015607194173314175,0.6803455723542117,0.6609498455605044
-4.126656059596577,0.015720916304836054,0.6803455723542117,0.6634413556545333
-4.1012605282310055,0.01583949313621964,0.6803455723542117,0.6660011262990836
-4.075864996865434,0.015948559566604223,0.6803455723542117,0.6683219850168092
-4.050469465499864,0.016048502139800285,0.6803455723542117,0.6704209969453404
-4.025073934134294,0.016113306306768615,0.6781857451403888,0.6728101162135872
-3.9996784027687227,0.016224874696429494,0.6781857451403888,0.6750968446560521
-3.974282871403151,0.01627242006758513,0.6760259179265659,0.6770934657588014
-3.9488873400375812,0.01638571877290336,0.6760259179265659,0.6793631290636359
-3.9234918086720114,0.016490174384911228,0.6760259179265659,0.6814280107169064
-3.89809627730644,0.016557872950167172,0.673866090712743,0.6837659345722623
-3.872700745940868,0.016577540106951873,0.6695464362850972,0.6861721189781396
-3.8473052145752984,0.016597510373443983,0.6652267818574514,0.6885783033840168
-3.8219096832097286,0.016618693314506057,0.6609071274298056,0.6910015529275244
-3.796514151844157,0.016737774860518542,0.6609071274298056,0.6932370859570982
-3.7711186204785854,0.01680625964293586,0.6587473002159827,0.6955067492619328
-3.7457230891130155,0.016937857499861163,0.6587473002159827,0.69791293366781
-3.7203275577474457,0.016998434354730484,0.6565874730021598,0.6999948804587109
-3.694932026381874,0.016956791166694834,0.6501079913606912,0.7022133483506544
-3.6695364950163025,0.01707317073170732,0.6501079913606912,0.704278230003925
-3.6441409636507327,0.01712622024319233,0.6479481641468683,0.7061895254185225
-3.618745432285163,0.017250301880282905,0.6479481641468683,0.7083397327599447
-3.5933499009195913,0.01737518823120584,0.6479481641468683,0.7104728749637366
-3.5679543695540197,0.017474370922646785,0.6479481641468683,0.7121452584515094
-3.54255883818845,0.017597372125762553,0.6479481641468683,0.7141930749671496
-3.51716330682288,0.017701203681850367,0.6479481641468683,0.7158995887301831
-3.4917677754573084,0.01776800570477775,0.6457883369330454,0.717930340108193
-3.466372244091737,0.017719245734809937,0.6393088552915767,0.7199781566238331
-3.440976712726167,0.017869000905523694,0.6393088552915767,0.72236727589208
-3.415581181360597,0.017930950644298567,0.6371490280777538,0.7242785713066776
-3.3901856499950256,0.017947932618683,0.6328293736501079,0.7264117135104695
-3.364790118629454,0.018073032321736984,0.6328293736501079,0.7283400740626973
-3.339394587263884,0.01807677972418934,0.6285097192224622,0.7302513694772949
-3.3139990558983143,0.018145413590289074,0.6263498920086393,0.7322138603047833
-3.2886035245327427,0.018219644433236665,0.6241900647948164,0.7342446116827932
-3.263207993167171,0.018349206349206348,0.6241900647948164,0.7361559070973908
-3.2378124618016013,0.018413144939581867,0.6220302375809935,0.7379989419614669
-3.2124169304360315,0.018442094402888833,0.6177105831533477,0.7402344749910408
-3.18702139907046,0.018591952154976273,0.6177105831533477,0.7423676171948327
-3.1616258677048883,0.018581523161476054,0.6133909287257019,0.7440229355449751
-3.1362303363393185,0.018740926488055958,0.6133909287257019,0.7462414034369187
-3.1108348049737486,0.018886746026468046,0.6133909287257019,0.7482380245396679
-3.085439273608177,0.019033576838013537,0.6133909287257019,0.7502175805047868
-3.0600437422426054,0.01911000067526504,0.6112311015118791,0.7521118107817539
-3.0346482108770356,0.019118247380596,0.6069114470842333,0.7539719107834605
-3.009252679511466,0.019246575342465752,0.6069114470842333,0.7556442942712333
-2.983857148145894,0.01932233800289835,0.6047516198704104,0.7574873291353095
-2.9584616167803226,0.01946607341490545,0.6047516198704104,0.7593132988617554
-2.9330660854147528,0.01960372470769446,0.6047516198704104,0.7610368777624191
-2.907670554049183,0.01966173361522199,0.6025917926565875,0.76260687042441
-2.8822750226836114,0.019819563827520068,0.6025917926565875,0.7645352309766378
-2.8568794913180398,0.01987986270022883,0.6004319654427646,0.7661052236386287
-2.83148395995247,0.020011517420097897,0.6004319654427646,0.7676752163006194
-2.8060884285869,0.020015954746537095,0.5961123110151187,0.7693987952012833
-2.7806928972213285,0.020147456018687497,0.5961123110151187,0.7709346575880135
-2.755297365855757,0.020204246565278083,0.593952483801296,0.7724193245618526
-2.729901834490187,0.020343246042313953,0.593952483801296,0.7740063823614738
-2.7045063031246173,0.02034125624022055,0.5896328293736501,0.7756275704363556
-2.6791107717590457,0.020493956910141883,0.5896328293736501,0.7773340841993891
-2.653715240393474,0.02055467392125746,0.5874730021598272,0.7788187511732282
-2.6283197090279042,0.020554202192448235,0.5831533477321814,0.7804399392481101
-2.6029241776623344,0.02070075902783102,0.5831533477321814,0.7820269970477312
-2.577528646296763,0.020759376446982558,0.5809935205183585,0.7834604686086794
-2.552133114931191,0.020681076037941223,0.5745140388768899,0.7850475264083004
-2.5267375835656214,0.02070263488080301,0.5701943844492441,0.7868905612723767
-2.5013420522000516,0.020782299486369026,0.5680345572354212,0.7885288144848889
-2.47594652083448,0.020946161197833706,0.5680345572354212,0.790218263110292
-2.4505509894689084,0.02099190769970355,0.5658747300215983,0.7914810832949368
-2.4251554581033385,0.021120515920999595,0.5658747300215983,0.7927780337548422
-2.3997599267377687,0.021264507750994237,0.5658747300215983,0.7942115053157903
-2.374364395372197,0.021093941623742948,0.5572354211663066,0.7956791071519992
-2.3489688640066255,0.02123806387882779,0.5572354211663066,0.7970955135753169
-2.3235733326410557,0.021405459221770513,0.5572354211663066,0.7987167016501988
-2.298177801275486,0.021475724910169632,0.5550755939524838,0.8001672383487772
-2.2727822699099143,0.021471876052542943,0.550755939524838,0.8016860355978771
-2.2473867385443427,0.021635839131172577,0.550755939524838,0.8032218979846072
-2.221991207178773,0.021739130434782608,0.5485961123110151,0.8049454768852711
-2.196595675813203,0.021810344827586207,0.5464362850971922,0.8063618833085889
-2.1712001444476314,0.02187120291616039,0.5442764578833693,0.8076758989061247
-2.14580461308206,0.02195783396028344,0.5421166306695464,0.8092117612928549
-2.12040908171649,0.022135990828115355,0.5421166306695464,0.8107817539548456
-2.09501355035092,0.022281402574345317,0.5421166306695464,0.8120445741394904
-2.0696180189853486,0.02242873737825038,0.5421166306695464,0.8133073943241352
-2.044222487619777,0.022428391280850297,0.5377969762419006,0.8147920612979743
-2.018826956254207,0.022613749886477158,0.5377969762419006,0.8163449888223349
-1.9934314248886373,0.022706464017579198,0.5356371490280778,0.8178467209338043
-1.9680358935230657,0.022855036402174914,0.5356371490280778,0.8190583457055581
-1.9426403621574941,0.022824271664501763,0.531317494600432,0.8202699704773119
-1.9172448307919225,0.02267214032468744,0.5248380129589633,0.821242683322241
-1.8918492994263545,0.02273154236332895,0.5226781857451404,0.8224543080939948
-1.866453768060783,0.02261116367076632,0.5161987041036717,0.8237000631410092
-1.8410582366952113,0.02278794813119756,0.5161987041036717,0.8250994044266967
-1.8156627053296432,0.022764383824800692,0.5118790496760259,0.8263792897489718
-1.7902671739640716,0.02294066402090795,0.5118790496760259,0.8277445007593986
-1.7648716425985,0.02304012496338963,0.509719222462203,0.8292291677332377
-1.7394761112329284,0.023095823095823097,0.5075593952483801,0.8303725319544702
-1.7140805798673568,0.023276545166402537,0.5075593952483801,0.8317206778272667
-1.6886850485017888,0.02345777600319425,0.5075593952483801,0.8330517585624329
-1.6632895171362172,0.023658512030605053,0.5075593952483801,0.8345022952610113
-1.6378939857706456,0.02382642198114164,0.5075593952483801,0.8356968548951347
-1.6124984544050776,0.02402126137176735,0.5075593952483801,0.8370620659055615
-1.587102923039506,0.024191887996705786,0.5075593952483801,0.8382395604020546
-1.5617073916739344,0.02434476328602507,0.5075593952483801,0.8392805337975051
-1.5363118603083628,0.024441194902861917,0.5053995680345572,0.8406116145326712
-1.5109163289427912,0.024639359797830895,0.5053995680345572,0.841925630130207
-1.485520797577223,0.024840764331210193,0.5053995680345572,0.8432396457277428
-1.4601252662116515,0.024917121163511923,0.5032397408207343,0.8444000750866055
-1.43472973484608,0.025086132644272178,0.5032397408207343,0.8454751787573167
-1.4093342034805119,0.025048796356538713,0.49892008639308855,0.8465673475656581
-1.3839386721149403,0.02513111888111888,0.49676025917926564,0.8477448420621513
-1.3585431407493687,0.025277503022310143,0.49676025917926564,0.848649294356559
-1.333147609383797,0.0254312251216276,0.49676025917926564,0.8495878769262274
-1.3077520780182255,0.025384101536406144,0.4924406047516199,0.8506117851840476
-1.2823565466526574,0.02547985183522281,0.490280777537797,0.8518404750934316
-1.2569610152870858,0.0256874504922485,0.490280777537797,0.8530691650028157
-1.2315654839215142,0.0257227407238789,0.48812095032397407,0.8539224218843325
-1.2061699525559462,0.025929325378614042,0.48812095032397407,0.8551169815184559
-1.1807744211903746,0.025860078503809742,0.4838012958963283,0.8560043686752333
-1.155378889824803,0.02605257036520121,0.4838012958963283,0.8570965374835748
-1.1299833584592314,0.026106298290798406,0.4816414686825054,0.8580351200532432
-1.1045878270936598,0.026256917461438833,0.4816414686825054,0.8588713117971296
-1.0791922957280917,0.026100367777909597,0.47516198704103674,0.8599122851925801
-1.0537967643625201,0.026271793647002627,0.47516198704103674,0.8608508677622485
-1.0284012329969485,0.026458208057727,0.47516198704103674,0.8618577108824382
-1.0030057016313805,0.02666020358700921,0.47516198704103674,0.8629328145531494
-0.9776101702658089,0.026585365853658536,0.4708423326133909,0.8637860714346661
-0.9522146389002373,0.0264387604525332,0.46436285097192226,0.8648953053806379
-0.9268191075346657,0.026622090143635462,0.46436285097192226,0.8658509530879367
-0.9014235761690941,0.02670993509735397,0.46220302375809935,0.8669260567586478
-0.876028044803526,0.02652753331657028,0.4557235421166307,0.8678646393283161
-0.8506325134379544,0.026725775807473085,0.4557235421166307,0.868871482448506
-0.8252369820723828,0.02690983292947328,0.4557235421166307,0.869792999880544
-0.7998414507068148,0.02706863373957665,0.4557235421166307,0.8705779962115394
-0.7744459193412432,0.027093278286672687,0.4535637149028078,0.8713117971296439
-0.7490503879756716,0.027279812938425563,0.4535637149028078,0.8722162494240516
-0.7236548566101,0.027468933943754086,0.4535637149028078,0.8731207017184593
-0.6982593252445284,0.027521727679747168,0.4514038876889849,0.8739739585999761
-0.6728637938789603,0.027586206896551724,0.44924406047516197,0.8748784108943839
-0.6474682625133887,0.027607361963190184,0.4470842332613391,0.8755780815372276
-0.6220727311478171,0.027710519235942966,0.4449244060475162,0.8766531852079387
-0.5966771997822491,0.02760113651738601,0.4406047516198704,0.8773528558507825
-0.5712816684166775,0.02770952770952771,0.43844492440604754,0.8784450246591239
-0.5458861370511059,0.027678816114003836,0.43628509719222464,0.8789057833751429
-0.5204906056855343,0.02776243093922652,0.43412526997840173,0.879878496220072
-0.4950950743199627,0.02772359988854834,0.4298056155507559,0.8809024044778921
-0.46969954295439464,0.02775052557813595,0.42764578833693306,0.8816191402583662
-0.44430401158882304,0.02797005226726939,0.42764578833693306,0.8825747879656649
-0.41890848022325144,0.028185053380782917,0.42764578833693306,0.8834963053977031
-0.3935129488576834,0.02823158498137002,0.42548596112311016,0.8842813017286985
-0.3681174174921118,0.028410729737525238,0.42548596112311016,0.8850321677844332
-0.3427218861265402,0.028418152820066697,0.42332613390928725,0.8856465127391252
-0.3173263547609686,0.028450539830755763,0.42116630669546434,0.8863632485195994
-0.291930823395397,0.0286427732079906,0.42116630669546434,0.8871482448505947
-0.26653529202982895,0.028871779686111935,0.42116630669546434,0.8880697622826328
-0.24113976066425735,0.029039463886820552,0.42116630669546434,0.8887353026502158
-0.21574422929868575,0.02909854507274636,0.4190064794816415,0.8895373641188417
-0.1903486979331177,0.029154078549848944,0.4168466522678186,0.890322360449837
-0.1649531665675461,0.029214850882531954,0.4146868250539957,0.8911244219184628
-0.1395576352019745,0.029425287356321838,0.4146868250539957,0.8919264833870885
-0.1141621038364029,0.029466214131440915,0.41252699784017277,0.8926432191675626
-0.0887665724708313,0.029621588089330023,0.41252699784017277,0.893223433846994
-0.06337104110526326,0.02983908764255585,0.41252699784017277,0.8940254953156197
-0.03797550973969166,0.029907130489532505,0.4103671706263499,0.8948275567842454
-0.01257997837412006,0.029909795853774332,0.408207343412527,0.8953907063260466
0.012815552991447987,0.0299601593625498,0.4060475161987041,0.8961245072441509
0.03821108435701959,0.030152365677626303,0.4060475161987041,0.8968071127493643
0.06360661572259119,0.030171022910616328,0.4038876889848812,0.8974214577040563
0.08900214708816279,0.03036700227346541,0.4038876889848812,0.8981040632092698
0.11439767845373439,0.03053559764859569,0.4038876889848812,0.8986842778887012
0.13979320981930243,0.030711118410247987,0.4038876889848812,0.8992815577057629
0.16518874118487403,0.030257936507936508,0.3952483801295896,0.8999129677980853
0.19058427255044563,0.03013151323455968,0.39092872570194387,0.9005785081656683
0.21597980391601368,0.030425281559926038,0.39092872570194387,0.9015682861482278
0.24137533528158528,0.03056916061476102,0.39092872570194387,0.9020461100018772
0.2667708666471569,0.030735269145865173,0.39092872570194387,0.9025921944060479
0.2921663980127285,0.030811365970558027,0.38876889848812096,0.9033771907370433
0.3175619293783001,0.030927835051546393,0.38876889848812096,0.9037526237649106
0.3429574607438681,0.0308673909294706,0.38660907127429806,0.9040939265175174
0.3683529921094397,0.031049436253252384,0.38660907127429806,0.9046741411969488
0.3937485234750113,0.031239092495637,0.38660907127429806,0.9052714210140105
0.41914405484057937,0.03138698930387515,0.38660907127429806,0.9057321797300295
0.44453958620615097,0.031409917063702136,0.38444924406047515,0.9063294595470912
0.46993511757172257,0.03139411138701667,0.38228941684665224,0.9068072834007407
0.49533064893729417,0.03137254901960784,0.3801295896328294,0.9072680421167597
0.5207261803028658,0.03133954154727794,0.3779697624190065,0.9076946705575181
0.5461217116684338,0.03136265320836337,0.3758099352051836,0.9082919503745798
0.5715172430340054,0.031198984219118448,0.3714902807775378,0.9088550999163808
0.596912774399577,0.03127286027798098,0.3693304535637149,0.9096059659721155
0.6223083057651451,0.03147432357813363,0.3693304535637149,0.9102032457891773
0.6477038371307167,0.03169014084507042,0.3693304535637149,0.9108346558814997
0.6730993684962883,0.03187325256290773,0.3693304535637149,0.9113636751480401
0.6984948998618599,0.03204647676161919,0.3693304535637149,0.9118585641393198
0.7238904312274315,0.03220338983050847,0.3693304535637149,0.9123022577177085
0.7492859625929995,0.03220917014020462,0.367170626349892,0.9128312769842489
0.7746814939585711,0.03217821782178218,0.3650107991360691,0.9132579054250073
0.8000770253241427,0.0323444976076555,0.3650107991360691,0.9137186641410263
0.8254725566897108,0.032320123124278566,0.36285097192224625,0.914162357719415
0.8508680880552824,0.03251403135281595,0.36285097192224625,0.9146913769859554
0.876263619420854,0.03264671589584143,0.36285097192224625,0.9150497448761924
0.9016591507864256,0.03247896693406378,0.35853131749460043,0.9156128944179934
0.9270546821519972,0.032473922456209406,0.3563714902807775,0.9161077834092732
0.9524502135175652,0.03250099088386841,0.3542116630669546,0.9166879980887046
0.9778457448831368,0.03247658896194461,0.35205183585313177,0.9171316916670933
1.0032412762487084,0.03269809428284855,0.35205183585313177,0.9177119063465247
1.0286368076142764,0.03290270488494146,0.35205183585313177,0.918240925613065
1.054032338979848,0.033016001620417255,0.35205183585313177,0.9185310329527807
1.0794278703454196,0.033204318598492565,0.35205183585313177,0.9190088568064302
1.1048234017109912,0.03341533415334153,0.35205183585313177,0.9195378760729706
1.1302189330765628,0.03363598844407759,0.35205183585313177,0.9200839604771412
1.155614464442131,0.033700852922820886,0.34989200863930886,0.920732435707094
1.1810099958077025,0.0337384744341995,0.34773218142548595,0.9213126503865253
1.206405527173274,0.03388047138047138,0.34773218142548595,0.9216539531391321
1.2318010585388421,0.033927056827820185,0.34557235421166305,0.9222512329561938
1.2571965899044137,0.03393810032017076,0.3434125269978402,0.9227631870851039
1.2825921212699853,0.033941997851772286,0.3412526997840173,0.9232580760763835
1.307987652635557,0.03393127296304301,0.3390928725701944,0.9237188347924026
1.3333831840011285,0.03391304347826087,0.3369330453563715,0.9241625283707913
1.3587787153666966,0.03409090909090909,0.3369330453563715,0.9245720916739194
1.3841742467322682,0.03422553751645459,0.3369330453563715,0.9248792641512654
1.4095697780978398,0.03411842394893242,0.3347732181425486,0.9251181760780901
1.4349653094634078,0.03409342483949524,0.3326133909287257,0.9255448045188485
1.4603608408289794,0.03426791277258567,0.3326133909287257,0.9259373026843462
1.485756372194551,0.0343980343980344,0.3326133909287257,0.9262274100240618
1.5111519035601226,0.034614520116880196,0.3326133909287257,0.9267052338777112
1.5365474349256942,0.03483374802080977,0.3326133909287257,0.9271830577313606
1.5619429662912623,0.03504779244424215,0.3326133909287257,0.9276438164473797
1.5873384976568339,0.035240274599542334,0.3326133909287257,0.9280533797505077
1.6127340290224055,0.03522910430577941,0.3304535637149028,0.9284970733288964
1.6381295603879735,0.035474147924878276,0.3304535637149028,0.9290090274578064
1.6635250917535451,0.035730966837926204,0.3304535637149028,0.9295380467243468
1.6889206231191167,0.036016949152542374,0.3304535637149028,0.9301182614037782
1.7143161544846883,0.03624733475479744,0.3304535637149028,0.9305790201197973
1.73971168585026,0.03613884926295768,0.3282937365010799,0.930817932046622
1.765107217215828,0.036337556777432466,0.3282937365010799,0.9312104302121197
1.7905027485813996,0.03654724693435922,0.3282937365010799,0.9316199935152477
1.8158982799469712,0.03677715944834261,0.3282937365010799,0.9320636870936364
1.8412938113125392,0.036982968369829686,0.3282937365010799,0.9324561852591341
1.8666893426781108,0.03715472989489123,0.3282937365010799,0.9327804228741104
1.8920848740436824,0.037456875308033516,0.3282937365010799,0.9333435724159115
1.917480405409254,0.03766105054509415,0.3282937365010799,0.933719005443779
1.9428759367748256,0.037543510691198406,0.326133909287257,0.9339408522329733
1.9682714681403937,0.03768405290741203,0.326133909287257,0.9341968292974283
1.9936669995059653,0.037873087534487086,0.326133909287257,0.934538132050035
2.019062530871537,0.03779289493575208,0.32397408207343414,0.9348282393897507
2.044458062237105,0.03795546558704453,0.32397408207343414,0.9351183467294664
2.0698535936026765,0.03811944091486658,0.32397408207343414,0.935408454069182
2.095249124968248,0.038097673229353105,0.32181425485961124,0.9358009522346797
2.1206446563338197,0.03831319105168424,0.32181425485961124,0.9361763852625471
2.1460401876993913,0.03807303807303807,0.3174946004319654,0.9366200788409359
2.1714357190649594,0.038301198540906724,0.3174946004319654,0.9370125770064336
2.196831250430531,0.03829006031995804,0.31533477321814257,0.9374221403095616
2.2222267817961026,0.03828888302086084,0.31317494600431967,0.93784876875032
2.2476223131616706,0.038206420801273545,0.31101511879049676,0.9381388760900357
2.273017844527242,0.0384204909284952,0.31101511879049676,0.9384972439802727
2.298413375892814,0.038657718120805366,0.31101511879049676,0.9388897421457704
2.3238089072583854,0.03881401617250674,0.31101511879049676,0.9391457192102254
2.349204438623957,0.03872190630923369,0.30885529157667385,0.9394187614123108
2.374599969989525,0.03862894450489663,0.30669546436285094,0.9396918036143962
2.3999955013550966,0.03870436453472413,0.3045356371490281,0.9402378880185669
2.4253910327206682,0.03870611003594139,0.3023758099352052,0.9406645164593253
2.4507865640862363,0.038834951456310676,0.3023758099352052,0.9408692981108893
2.476182095451808,0.03871866295264624,0.3002159827213823,0.9411082100377139
2.5015776268173795,0.038364603752450294,0.2958963282937365,0.9413983173774296
2.526973158182951,0.038288288288288286,0.2937365010799136,0.9417054898547756
2.5523686895485227,0.038494197565808096,0.2937365010799136,0.942029727469752
2.5777642209140907,0.03870233352305066,0.2937365010799136,0.9423539650847285
2.6031597522796623,0.038935012882908675,0.2937365010799136,0.9427123329749655
2.628555283645234,0.03914795624640184,0.2937365010799136,0.9430365705899418
2.653950815010802,0.03909643788010426,0.2915766738660907,0.9433778733425485
2.6793463463763736,0.038976148923792905,0.2894168466522678,0.9436167852693732
2.704741877741945,0.03920421299005266,0.2894168466522678,0.9439580880219799
2.730137409107517,0.0393885949441505,0.2894168466522678,0.9442311302240652
2.7555329404730884,0.03956303513433717,0.2894168466522678,0.9444871072885203
2.7809284718386564,0.03909952606635071,0.28509719222462204,0.9446406935271933
2.806324003204228,0.03870199464126228,0.28077753779697623,0.9448966705916483
2.8317195345697996,0.03888722704157942,0.28077753779697623,0.9451697127937336
2.8571150659353677,0.03905076599579453,0.28077753779697623,0.9454086247205584
2.8825105973009393,0.0391684242241639,0.28077753779697623,0.9455792760968618
2.907906128666511,0.039429784652714586,0.28077753779697623,0.9459547091247291
2.9333016600320825,0.03882604708040355,0.27429805615550756,0.9463472072902268
2.958697191397654,0.03906490310673639,0.27429805615550756,0.9466885100428335
2.984092722763222,0.039258114374034,0.27429805615550756,0.9469615522449188
3.0094882541287937,0.0391425908667288,0.27213822894168466,0.9472175293093739
3.0348837854943653,0.03932584269662921,0.27213822894168466,0.9474735063738289
3.0602793168599334,0.03924646781789639,0.26997840172786175,0.9477806788511749
3.085674848225505,0.039277795375356354,0.2678185745140389,0.948241437567194
3.1110703795910766,0.03946530872056015,0.2678185745140389,0.948497414631649
3.136465910956648,0.0393852065321806,0.265658747300216,0.9488045871089951
3.1618614423222198,0.03961352657004831,0.265658747300216,0.9491117595863411
3.187256973687788,0.039805825242718446,0.265658747300216,0.9493677366507961
3.2126525050533594,0.03996101364522417,0.265658747300216,0.9495725183023601
3.238048036418931,0.04005210029306415,0.265658747300216,0.9496919742657725
3.263443567784499,0.040235525024533855,0.265658747300216,0.9499308861925971
3.2888390991500707,0.03981572885817703,0.2613390928725702,0.9502039283946825
3.3142346305156423,0.040066225165562915,0.2613390928725702,0.9505281660096588
3.339630161881214,0.04019933554817276,0.2613390928725702,0.9506988173859622
3.3650256932467855,0.04036024016010674,0.2613390928725702,0.9509035990375262
3.3904212246123535,0.040563191418035535,0.2613390928725702,0.9511595761019812
3.415816755977925,0.040809443507588535,0.2613390928725702,0.9514667485793273
3.4412122873434967,0.04096140825998646,0.2613390928725702,0.951654465093261
3.4666078187090648,0.04088586030664395,0.2591792656587473,0.951961637570607
3.4920033500746364,0.040508067284586335,0.2548596112311015,0.9523029403232137
3.517398881440208,0.04085872576177285,0.2548596112311015,0.9527295687639721
3.5427944128057796,0.040667361835245046,0.2526997840172786,0.9529002201402754
3.568189944171351,0.040880503144654086,0.2526997840172786,0.9531561972047304
3.593585475536919,0.04121169425854174,0.2526997840172786,0.9535486953702281
3.618981006902491,0.04141592920353982,0.2526997840172786,0.9537876072970528
3.6443765382680624,0.04117855875044373,0.2505399568034557,0.9539070632604651
3.6697720696336305,0.0408017179670723,0.24622030237580994,0.9542654311507023
3.695167600999202,0.040977713874910136,0.24622030237580994,0.9544702128022663
3.7205631323647737,0.0410958904109589,0.24622030237580994,0.954606733903309
3.7459586637303453,0.04128938790293372,0.24622030237580994,0.9548285806925033
3.771354195095917,0.041075972373682296,0.24406047516198703,0.9549821669311763
3.796749726461485,0.04137678506041743,0.24406047516198703,0.955323469683783
3.8221452578270565,0.04157468727005151,0.24406047516198703,0.9555453164729774
3.847540789192628,0.04172821270310192,0.24406047516198703,0.9557159678492807
3.872936320558196,0.04154302670623145,0.24190064794816415,0.9559036843632144
3.8983318519237677,0.04174431606410734,0.24190064794816415,0.9561255311524087
3.9237273832893393,0.041916167664670656,0.24190064794816415,0.9563132476663424
3.949122914654911,0.04220045214770158,0.24190064794816415,0.9566204201436884
3.9745184460204825,0.042488619119878605,0.24190064794816415,0.9569275926210344
3.9999139773860506,0.04265041888804265,0.24190064794816415,0.9570982439973378
4.025309508751622,0.04257767548906789,0.23974082073434125,0.9574054164746839
4.050705040117194,0.04235656526761648,0.23758099352051837,0.9575590027133569
4.076100571482762,0.04252029377657519,0.23758099352051837,0.9577296540896603
4.101496102848333,0.042685292976329066,0.23758099352051837,0.9579003054659636
4.126891634213905,0.042138119391338276,0.23326133909287258,0.9581050871175276
4.152287165579477,0.041944335554684437,0.23110151187904968,0.9582928036314613
4.177682696945048,0.04212598425196851,0.23110151187904968,0.958480520145395
4.203078228310616,0.04249404289118348,0.23110151187904968,0.9588559531732623
4.228473759676188,0.04283426741393114,0.23110151187904968,0.959197255925869
4.2538692910417595,0.043058350100603625,0.23110151187904968,0.9594191027150634
4.2792648224073275,0.043249797898140666,0.23110151187904968,0.959606819228997
4.304660353772899,0.04339010543390105,0.23110151187904968,0.9597433403300397
4.330055885138471,0.04365565075479396,0.23110151187904968,0.9599993173944947
4.355451416504042,0.04383449405981155,0.23110151187904968,0.9601699687707982
4.380846947869614,0.04401480872069107,0.23110151187904968,0.9603406201471015
4.406242479235182,0.044123711340206186,0.23110151187904968,0.9604430109728835
4.431638010600754,0.04426975589573852,0.23110151187904968,0.9605795320739262
4.457033541966325,0.04447215295095595,0.23110151187904968,0.9607672485878599
4.482429073331893,0.04471374843292938,0.23110151187904968,0.9609890953770542
4.507824604697465,0.044099118017639646,0.2267818574514039,0.9611597467533576
4.533220136063036,0.04395604395604396,0.22462203023758098,0.9613986586801823
4.558615667428608,0.04423649510846448,0.22462203023758098,0.9616546357446373
4.58401119879418,0.044444444444444446,0.22462203023758098,0.961842352258571
4.609406730159748,0.04476969436074042,0.22462203023758098,0.9621324595982866
4.634802261525319,0.04453091223519239,0.2224622030237581,0.9622860458369596
4.660197792890891,0.04476314645806171,0.2224622030237581,0.9624908274885237
4.685593324256459,0.045076586433260395,0.2224622030237581,0.962763869690609
4.7109888556220305,0.04535446939674152,0.2224622030237581,0.9630027816174337
4.736384386987602,0.04521276595744681,0.2203023758099352,0.9632416935442585
4.761779918353174,0.04539385847797063,0.2203023758099352,0.9633952797829315
4.787175449718745,0.045576407506702415,0.2203023758099352,0.9635488660216045
4.812570981084313,0.04588394062078273,0.2203023758099352,0.9638048430860595
4.837966512449885,0.046028880866425995,0.2203023758099352,0.9639242990494719
4.863362043815457,0.046216583597643864,0.2203023758099352,0.9640778852881449
4.888757575181025,0.04646924829157175,0.2203023758099352,0.9642826669397089
4.914153106546596,0.04666056724611162,0.2203023758099352,0.9644362531783819
4.939548637912168,0.04696132596685083,0.2203023758099352,0.9646751651052066
4.964944169277739,0.047069681587448085,0.2203023758099352,0.9647604907933582
4.990339700643311,0.047244094488188976,0.2203023758099352,0.9648970118944009
5.015735232008879,0.04748603351955307,0.2203023758099352,0.9650847284083346
5.041130763374451,0.04766355140186916,0.2203023758099352,0.9652212495093773
5.066526294740022,0.04779756326148079,0.2203023758099352,0.9653236403351593
5.09192182610559,0.048,0.2203023758099352,0.9654772265738323
5.117317357471162,0.04773156899810964,0.21814254859611232,0.965613747674875
5.1427128888367335,0.04807234650166587,0.21814254859611232,0.96586972473933
5.168108420202305,0.04770992366412214,0.2159827213822894,0.9659379852898513
5.193503951567877,0.04789272030651341,0.2159827213822894,0.9660745063908941
5.218899482933445,0.04807692307692308,0.2159827213822894,0.9662110274919368
5.244295014299016,0.04826254826254826,0.2159827213822894,0.9663475485929794
5.269690545664588,0.048058252427184464,0.21382289416846653,0.9665352651069131
5.295086077030156,0.04815175097276265,0.21382289416846653,0.9666035256574345
5.320481608395728,0.047968673519334315,0.21166306695464362,0.9668083073089985
5.345877139761299,0.04822834645669291,0.21166306695464362,0.9669960238229321
5.371272671126871,0.04846686449060336,0.21166306695464362,0.9671666751992355
5.396668202492442,0.04861111111111111,0.21166306695464362,0.9672690660250175
5.42206373385801,0.04880478087649402,0.21166306695464362,0.9674055871260602
5.447459265223582,0.04912280701754386,0.21166306695464362,0.9676274339152545
5.472854796589154,0.048265460030165915,0.20734341252699784,0.9676956944657759
5.498250327954722,0.048484848484848485,0.20734341252699784,0.9678492807044489
5.523645859320293,0.0486322188449848,0.20734341252699784,0.9679516715302309
5.549041390685865,0.04880528723945094,0.20734341252699784,0.9680711274936432
5.5744369220514365,0.049079754601226995,0.20734341252699784,0.9682588440075769
5.599832453417008,0.04925602873268343,0.20734341252699784,0.9683782999709892
5.625227984782576,0.04951005673027334,0.20734341252699784,0.9685489513472926
5.650623516148148,0.04912099276111686,0.20518358531317496,0.9686172118978139
5.676019047513719,0.04890738813735692,0.20302375809935205,0.9688049284117476
5.701414578879287,0.04911180773249739,0.20302375809935205,0.9689414495127904
5.726810110244859,0.04936974789915966,0.20302375809935205,0.9691121008890937
5.752205641610431,0.049473684210526316,0.20302375809935205,0.9691803614396151
5.777601172976002,0.049682875264270614,0.20302375809935205,0.9693168825406577
5.802996704341574,0.04994686503719448,0.20302375809935205,0.9694875339169611
5.828392235707142,0.050106609808102345,0.20302375809935205,0.9695899247427431
5.853787767072713,0.050483351235230935,0.20302375809935205,0.9698288366695678
5.879183298438285,0.050673854447439354,0.20302375809935205,0.9699482926329801
5.904578829803853,0.049783549783549784,0.19870410367170627,0.9700336183211318
5.929974361169425,0.0494028230184582,0.19654427645788336,0.9701189440092834
5.955369892534996,0.04904632152588556,0.19438444924406048,0.9702213348350655
5.980765423900568,0.04928806133625411,0.19438444924406048,0.9703749210737385
6.0061609552661395,0.048954895489548955,0.19222462203023757,0.9704943770371508
6.0315564866317075,0.04814609850581074,0.1879049676025918,0.9706479632758238
6.056952017997279,0.04830649639089395,0.1879049676025918,0.9707503541016058
6.082347549362851,0.04793756967670011,0.1857451403887689,0.9708527449273878
6.107743080728419,0.0480178671133445,0.1857451403887689,0.9709039403402788
6.13313861209399,0.048179271708683476,0.1857451403887689,0.9710063311660608
6.158534143459562,0.04834176503653738,0.1857451403887689,0.9711087219918428
6.183929674825134,0.048560135516657256,0.1857451403887689,0.9712452430928855
6.209325206190705,0.0488358886996025,0.1857451403887689,0.9714158944691889
6.234720737556273,0.049002849002849,0.1857451403887689,0.9715182852949709
6.260116268921845,0.04911479154768703,0.1857451403887689,0.9715865458454922
6.285511800287416,0.04922724670864339,0.1857451403887689,0.9716548063960135
6.3109073316529845,0.04931192660550459,0.1857451403887689,0.9717060018089045
6.336302863018556,0.04939689833429064,0.1857451403887689,0.9717571972217955
6.361698394384128,0.049132947976878616,0.183585313174946,0.971927848598099
6.387093925749699,0.049303944315545245,0.183585313174946,0.972030239423881
6.412489457115271,0.04941860465116279,0.183585313174946,0.9720984999744023
6.437884988480839,0.049765807962529274,0.183585313174946,0.9723032816259664
6.4632805198464105,0.04941176470588235,0.18142548596112312,0.9724227375893787
6.488676051211982,0.049557522123893805,0.18142548596112312,0.9725080632775304
6.51407158257755,0.0497335701598579,0.18142548596112312,0.9726104541033124
6.539467113943122,0.049970255800118976,0.18142548596112312,0.972746975204355
6.564862645308693,0.050119331742243436,0.18142548596112312,0.9728323008925067
6.590258176674265,0.050359712230215826,0.18142548596112312,0.9729688219935494
6.6156537080398365,0.04993983152827918,0.17926565874730022,0.9730541476817011
6.641049239405405,0.05033353547604609,0.17926565874730022,0.9732759944708954
6.666444770770976,0.0505173463177115,0.17926565874730022,0.9733783852966774
6.691840302136548,0.050061050061050064,0.1771058315334773,0.9734466458471988
6.717235833502116,0.05033763044812769,0.1771058315334773,0.9736002320858718
6.742631364867687,0.049876847290640396,0.17494600431965443,0.9736684926363931
6.768026896233259,0.04938271604938271,0.17278617710583152,0.9737196880492841
6.793422427598831,0.04894671623296159,0.17062634989200864,0.9738050137374358
6.818817958964402,0.049129353233830844,0.17062634989200864,0.9739074045632178
6.84421349032997,0.049282595134123516,0.17062634989200864,0.9739927302513695
6.869609021695542,0.048841577958672514,0.16846652267818574,0.9740780559395211
6.8950045530611135,0.04902576995600252,0.16846652267818574,0.9741804467653031
6.9204000844266815,0.04924242424242424,0.16846652267818574,0.9742999027287155
6.945795615792253,0.04946100190234623,0.16846652267818574,0.9744193586921278
6.971191147157825,0.0497131931166348,0.16846652267818574,0.9745558797931705
6.996586678523396,0.04935897435897436,0.16630669546436286,0.9746924008942132
7.021982209888968,0.049517684887459806,0.16630669546436286,0.9747777265823648
7.047377741254536,0.04974160206718346,0.16630669546436286,0.9748971825457773
7.072773272620108,0.04993514915693904,0.16630669546436286,0.9749995733715593
7.098168803985679,0.05,0.16630669546436286,0.97503370364682
7.123564335351247,0.04957599478147423,0.16414686825053995,0.975136094472602
7.148959866716819,0.04980340760157274,0.16414686825053995,0.9752555504360143
7.17435539808239,0.050032916392363395,0.16414686825053995,0.9753750063994266
7.199750929447962,0.05029781601588352,0.16414686825053995,0.9755115275004693
7.225146460813534,0.050431320504313204,0.16414686825053995,0.9755797880509907
7.250541992179102,0.050700466977985324,0.16414686825053995,0.9757163091520333
7.275937523544673,0.05097250167672703,0.16414686825053995,0.975852830253076
7.301333054910245,0.05124747134187458,0.16414686825053995,0.9759893513541187
7.326728586275813,0.0508130081300813,0.16198704103671707,0.9760917421799007
7.3521241176413845,0.05102040816326531,0.16198704103671707,0.9761941330056827
7.377519649006956,0.05115961800818554,0.16198704103671707,0.976262393556204
7.402915180372528,0.05136986301369863,0.16198704103671707,0.976364784381986
7.428310711738099,0.05103448275862069,0.15982721382289417,0.976518370620659
7.453706243103667,0.05131761442441054,0.15982721382289417,0.9766548917217017
7.479101774469239,0.05160390516039052,0.15982721382289417,0.9767914128227444
7.504497305834811,0.051336146272855133,0.15766738660907129,0.9769791293366781
7.529892837200379,0.051517290049400144,0.15766738660907129,0.9770644550248297
7.55528836856595,0.0511000709723208,0.15550755939524838,0.9771839109882421
7.580683899931522,0.051209103840682786,0.15550755939524838,0.9772351064011331
7.606079431297093,0.05146533238027162,0.15550755939524838,0.9773545623645454
7.631474962662665,0.05164992826398852,0.15550755939524838,0.9774398880526971
7.656870494028233,0.05172413793103448,0.15550755939524838,0.9774740183279578
7.682266025393805,0.05198555956678701,0.15550755939524838,0.9775934742913701
7.707661556759376,0.05217391304347826,0.15550755939524838,0.9776787999795218
7.733057088124944,0.0525164113785558,0.15550755939524838,0.9778323862181949
7.758452619490516,0.05282465150403522,0.15550755939524838,0.9779689073192376
7.7838481508560875,0.05325443786982249,0.15550755939524838,0.9781566238331713
7.809243682221659,0.053452115812917596,0.15550755939524838,0.9782419495213229
7.834639213587231,0.0537714712471994,0.15550755939524838,0.9783784706223656
7.860034744952799,0.0533033033033033,0.15334773218142547,0.9784808614481476
7.88543027631837,0.053544494720965306,0.15334773218142547,0.9785832522739296
7.910825807683942,0.052312357846853674,0.1490280777537797,0.9786685779620813
7.93622133904951,0.05243161094224924,0.1490280777537797,0.9787197733749723
7.961616870415082,0.05251141552511415,0.1490280777537797,0.978753903650233
7.987012401780653,0.05202754399387911,0.1468682505399568,0.978856294476015
8.012407933146225,0.05210727969348659,0.1468682505399568,0.9788904247512756
8.037803464511796,0.05238828967642527,0.1468682505399568,0.979009880714688
8.063198995877364,0.05263157894736842,0.1468682505399568,0.97911227154047
8.088594527242936,0.052795031055900624,0.1468682505399568,0.9791805320909913
8.113990058608508,0.05291828793774319,0.1468682505399568,0.9792317275038823
8.139385589974076,0.053125,0.1468682505399568,0.979317053192034
8.164781121339647,0.05333333333333334,0.1468682505399568,0.9794023788801857
8.190176652705219,0.05200945626477541,0.14254859611231102,0.979470639430707
8.21557218407079,0.05146476642913698,0.14038876889848811,0.9795559651188587
8.240967715436362,0.050833995234312944,0.13822894168466524,0.9796071605317497
8.26636324680193,0.05099601593625498,0.13822894168466524,0.979675421082271
8.291758778167502,0.05132317562149158,0.13822894168466524,0.9798119421833137
8.317154309533073,0.05144694533762058,0.13822894168466524,0.9798631375962047
8.342549840898641,0.05161290322580645,0.13822894168466524,0.979931398146726
8.367945372264213,0.051053484602917344,0.13606911447084233,0.9800167238348777
8.393340903629785,0.05113636363636364,0.13606911447084233,0.9800508541101384
8.418736434995356,0.05121951219512195,0.13606911447084233,0.980084984385399
8.444131966360928,0.05155482815057283,0.13606911447084233,0.9802215054864417
8.469527497726496,0.05172413793103448,0.13606911447084233,0.980289766036963
8.494923029092067,0.05193734542456719,0.13606911447084233,0.9803750917251147
8.520318560457639,0.05228215767634855,0.13606911447084233,0.9805116128261574
8.545714091823207,0.05254378648874062,0.13606911447084233,0.9806140036519394
8.571109623188779,0.05289672544080604,0.13606911447084233,0.9807505247529821
8.59650515455435,0.05218855218855219,0.13390928725701945,0.9807846550282429
8.621900685919922,0.05223251895534962,0.13390928725701945,0.9808017201658732
8.647296217285493,0.05152027027027027,0.13174946004319654,0.9808358504411339
8.672691748651062,0.05187074829931973,0.13174946004319654,0.9809723715421765
8.698087280016633,0.052226027397260275,0.13174946004319654,0.9811088926432192
8.723482811382205,0.05154639175257732,0.12958963282937366,0.9811600880561102
8.748878342747773,0.05185825410544512,0.12958963282937366,0.9812795440195226
8.774273874113344,0.051215277777777776,0.12742980561555076,0.9813478045700439
8.799669405478916,0.05148342059336824,0.12742980561555076,0.9814501953958259
8.825064936844488,0.051709027169149865,0.12742980561555076,0.9815355210839776
8.85046046821006,0.051982378854625554,0.12742980561555076,0.9816379119097596
8.875855999575627,0.05230496453900709,0.12742980561555076,0.9817573678731719
8.901251530941199,0.052397868561278864,0.12742980561555076,0.9817914981484326
8.92664706230677,0.05263157894736842,0.12742980561555076,0.9818768238365843
8.952042593672338,0.0528673835125448,0.12742980561555076,0.9819621495247359
8.97743812503791,0.05310531053105311,0.12742980561555076,0.9820474752128876
9.002833656403482,0.05334538878842676,0.12742980561555076,0.9821328009010393
9.028229187769053,0.053587647593097185,0.12742980561555076,0.9822181265891909
9.053624719134625,0.053881278538812784,0.12742980561555076,0.982320517414973
9.079020250500193,0.05402930402930403,0.12742980561555076,0.982371712827864
9.104415781865765,0.053406998158379376,0.12526997840172785,0.9824570385160156
9.129811313231336,0.05272895467160037,0.12311015118790497,0.982525299066537
9.155206844596904,0.052924791086350974,0.12311015118790497,0.9825935596170583
9.180602375962476,0.052434456928838954,0.12095032397408208,0.982730080718101
9.205997907328047,0.05258215962441314,0.12095032397408208,0.982781276130992
9.231393438693619,0.052930056710775046,0.12095032397408208,0.9829007320944043
9.25678897005919,0.05303030303030303,0.12095032397408208,0.982934862369665
9.282184501424759,0.053231939163498096,0.12095032397408208,0.9830031229201863
9.30758003279033,0.05363984674329502,0.12095032397408208,0.983139644021229
9.332975564155902,0.053691275167785234,0.12095032397408208,0.9831567091588593
9.35837109552147,0.05410628019323672,0.12095032397408208,0.983293230259902
9.383766626887041,0.05436893203883495,0.12095032397408208,0.9833785559480537
9.409162158252613,0.0546875,0.12095032397408208,0.9834809467738357
9.434557689618185,0.05484818805093046,0.12095032397408208,0.9835321421867267
9.459953220983756,0.05506391347099312,0.12095032397408208,0.983600402737248
9.485348752349324,0.055281342546890426,0.12095032397408208,0.9836686632877694
9.510744283714896,0.05450941526263627,0.11879049676025918,0.9837198587006604
9.536139815080467,0.05450941526263627,0.11879049676025918,0.9837198587006604
9.561535346446036,0.054780876494023904,0.11879049676025918,0.9838051843888121
9.586930877811607,0.05511022044088176,0.11879049676025918,0.9839075752145942
9.612326409177179,0.05533199195171026,0.11879049676025918,0.9839758357651155
9.63772194054275,0.055611729019211326,0.11879049676025918,0.9840611614532672
9.663117471908322,0.054933875890132246,0.11663066954643629,0.9841464871414188
9.68851300327389,0.054136874361593465,0.11447084233261338,0.9841976825543098
9.713908534639462,0.05452674897119342,0.11447084233261338,0.9843171385177222
9.739304066005033,0.054695562435500514,0.11447084233261338,0.9843683339306132
9.764699597370601,0.054865424430641824,0.11447084233261338,0.9844195293435042
9.790095128736173,0.05526590198123045,0.11447084233261338,0.9845389853069165
9.815490660101744,0.05543933054393305,0.11447084233261338,0.9845901807198075
9.840886191467316,0.05555555555555555,0.11447084233261338,0.9846243109950682
9.866281722832888,0.05573080967402734,0.11447084233261338,0.9846755064079592
9.891677254198456,0.05508474576271186,0.11231101511879049,0.9847778972337412
9.917072785564027,0.05526036131774708,0.11231101511879049,0.9848290926466322
9.942468316929599,0.05561497326203209,0.11231101511879049,0.9849314834724142
9.967863848295167,0.055793991416309016,0.11231101511879049,0.9849826788853052
9.993259379660739,0.0552546045503792,0.1101511879049676,0.9851191999863479
10.01865491102631,0.055676855895196505,0.1101511879049676,0.9852386559497602
10.044050442391882,0.05616740088105727,0.1101511879049676,0.9853751770508029
10.069445973757453,0.05647840531561462,0.1101511879049676,0.9854605027389546
10.094841505123021,0.0565410199556541,0.1101511879049676,0.9854775678765849
10.120237036488593,0.05698324022346369,0.1101511879049676,0.9855970238399973
10.145632567854165,0.05730337078651685,0.1101511879049676,0.9856823495281489
10.171028099219733,0.056625141562853906,0.1079913606911447,0.9857847403539309
10.196423630585304,0.05688282138794084,0.1079913606911447,0.9858530009044523
10.221819161950876,0.056,0.10583153347732181,0.9859041963173433
10.247214693316447,0.056128293241695305,0.10583153347732181,0.9859383265926039
10.272610224682019,0.05651672433679354,0.10583153347732181,0.986040717418386
10.298005756047587,0.056976744186046514,0.10583153347732181,0.9861601733817983
10.323401287413159,0.05710955710955711,0.10583153347732181,0.986194303657059
10.34879681877873,0.05627198124267292,0.10367170626349892,0.9862625642075803
10.374192350144298,0.05653710247349823,0.10367170626349892,0.9863308247581016
10.39958788150987,0.05680473372781065,0.10367170626349892,0.986399085308623
10.424983412875442,0.057210965435041714,0.10367170626349892,0.986501476134405
10.450378944241013,0.05748502994011976,0.10367170626349892,0.9865697366849263
10.475774475606585,0.057692307692307696,0.10367170626349892,0.9866209320978173
10.501170006972153,0.056831922611850064,0.10151187904967603,0.9866891926483388
10.526565538337724,0.05703883495145631,0.10151187904967603,0.9867403880612298
10.551961069703296,0.057387057387057384,0.10151187904967603,0.9868257137493814
10.577356601068864,0.05752753977968176,0.10151187904967603,0.9868598440246421
10.602752132434436,0.05788177339901478,0.10151187904967603,0.9869451697127938
10.628147663800007,0.058385093167701865,0.10151187904967603,0.9870646256762061
10.653543195165579,0.057356608478802994,0.09935205183585313,0.9870987559514668
10.67893872653115,0.057571964956195244,0.09935205183585313,0.9871499513643578
10.704334257896718,0.05786163522012579,0.09935205183585313,0.9872182119148791
10.72972978926229,0.058007566204287514,0.09935205183585313,0.9872523421901398
10.755125320627862,0.0583756345177665,0.09935205183585313,0.9873376678782915
10.78052085199343,0.05859872611464968,0.09935205183585313,0.9873888632911825
10.805916383359001,0.05739795918367347,0.09719222462203024,0.9873888632911825
10.831311914724573,0.057692307692307696,0.09719222462203024,0.9874571238417038
10.856707446090144,0.05821474773609314,0.09719222462203024,0.9875765798051162
10.882102977455716,0.058900523560209424,0.09719222462203024,0.9877301660437892
10.907498508821284,0.05913272010512484,0.09719222462203024,0.9877813614566802
10.932894040186856,0.059445178335535004,0.09719222462203024,0.9878496220072015
10.958289571552427,0.05952380952380952,0.09719222462203024,0.9878666871448318
10.983685102917995,0.058666666666666666,0.09503239740820735,0.9879520128329835
11.009080634283567,0.058981233243967826,0.09503239740820735,0.9880202733835048
11.034476165649139,0.05929919137466307,0.09503239740820735,0.9880885339340262
11.05987169701471,0.059379217273954114,0.09503239740820735,0.9881055990716565
11.085267228380282,0.05994550408719346,0.09503239740820735,0.9882250550350689
11.11066275974585,0.06035665294924554,0.09503239740820735,0.9883103807232205
11.136058291111421,0.06077348066298342,0.09503239740820735,0.9883957064113722
11.161453822476993,0.061196105702364396,0.09503239740820735,0.9884810320995239
11.186849353842561,0.061366806136680614,0.09503239740820735,0.9885151623747845
11.212244885208133,0.061711079943899017,0.09503239740820735,0.9885834229253059
11.237640416573704,0.06188466947960619,0.09503239740820735,0.9886175532005665
11.263035947939276,0.06232294617563739,0.09503239740820735,0.9887028788887182
11.288431479304847,0.062411347517730496,0.09503239740820735,0.9887199440263486
11.313827010670416,0.0625,0.09503239740820735,0.9887370091639789
11.339222542035987,0.06276747503566334,0.09503239740820735,0.9887882045768699
11.364618073401559,0.06349206349206349,0.09503239740820735,0.9889247256779126
11.390013604767127,0.06367583212735166,0.09503239740820735,0.9889588559531732
11.415409136132698,0.06376811594202898,0.09503239740820735,0.9889759210908036
11.44080466749827,0.06404657933042213,0.09503239740820735,0.9890271165036946
11.466200198863842,0.06286549707602339,0.09287257019438445,0.9890612467789552
11.491595730229413,0.06304985337243402,0.09287257019438445,0.9890953770542159
11.516991261594981,0.06342182890855458,0.09287257019438445,0.9891636376047372
11.542386792960553,0.06379821958456973,0.09287257019438445,0.9892318981552586
11.567782324326124,0.06427503736920777,0.09287257019438445,0.9893172238434103
11.593177855691692,0.06485671191553545,0.09287257019438445,0.9894196146691923
11.618573387057264,0.0649546827794562,0.09287257019438445,0.9894366798068226
11.643968918422836,0.0654490106544901,0.09287257019438445,0.9895220054949743
11.669364449788407,0.06666666666666667,0.09287257019438445,0.9897267871465384
11.694759981153979,0.0671875,0.09287257019438445,0.9898121128346901
11.720155512519547,0.0660377358490566,0.09071274298056156,0.9898633082475811
11.745551043885119,0.06624605678233439,0.09071274298056156,0.9898974385228417
11.77094657525069,0.06645569620253164,0.09071274298056156,0.9899315687981024
11.796342106616258,0.06507936507936508,0.08855291576673865,0.9899486339357327
11.82173763798183,0.06549520766773163,0.08855291576673865,0.9900168944862541
11.847133169347401,0.06591639871382636,0.08855291576673865,0.9900851550367754
11.872528700712973,0.06472491909385113,0.08639308855291576,0.9901363504496664
11.897924232078545,0.06493506493506493,0.08639308855291576,0.9901704807249271
11.923319763444113,0.06514657980456026,0.08639308855291576,0.9902046110001878
11.948715294809684,0.06568144499178982,0.08639308855291576,0.9902899366883394
11.974110826175256,0.06622516556291391,0.08639308855291576,0.9903752623764911
11.999506357540824,0.06655574043261231,0.08639308855291576,0.9904264577893821
12.024901888906395,0.0667779632721202,0.08639308855291576,0.9904605880646428
12.050297420271967,0.06711409395973154,0.08639308855291576,0.9905117834775338
12.075692951637539,0.0676818950930626,0.08639308855291576,0.9905971091656854
12.10108848300311,0.06814310051107325,0.08639308855291576,0.9906653697162068
12.126484014368678,0.06837606837606838,0.08639308855291576,0.9906994999914674
12.15187954573425,0.06701030927835051,0.08423326133909287,0.9907336302667281
12.177275077099821,0.06724137931034482,0.08423326133909287,0.9907677605419888
12.20267060846539,0.06735751295336788,0.08423326133909287,0.9907848256796191
12.228066139830961,0.06759098786828423,0.08423326133909287,0.9908189559548798
12.253461671196533,0.06770833333333333,0.08423326133909287,0.9908360210925101
12.278857202562104,0.06806282722513089,0.08423326133909287,0.9908872165054011
12.304252733927676,0.06830122591943957,0.08423326133909287,0.9909213467806618
12.329648265293244,0.06854130052724078,0.08423326133909287,0.9909554770559225
12.355043796658816,0.06878306878306878,0.08423326133909287,0.9909896073311831
12.380439328024387,0.06914893617021277,0.08423326133909287,0.9910408027440741
12.405834859389955,0.06914893617021277,0.08423326133909287,0.9910408027440741
12.431230390755527,0.06927175843694494,0.08423326133909287,0.9910578678817045
12.456625922121098,0.06761565836298933,0.08207343412526998,0.9910578678817045
12.48202145348667,0.06785714285714285,0.08207343412526998,0.9910919981569651
12.507416984852242,0.06797853309481217,0.08207343412526998,0.9911090632945955
12.53281251621781,0.06810035842293907,0.08207343412526998,0.9911261284322258
12.558208047583381,0.06859205776173286,0.08207343412526998,0.9911943889827471
12.583603578948953,0.06896551724137931,0.08207343412526998,0.9912455843956381
12.608999110314521,0.0692167577413479,0.08207343412526998,0.9912797146708988
12.634394641680093,0.06934306569343066,0.08207343412526998,0.9912967798085291
12.659790173045664,0.0695970695970696,0.08207343412526998,0.9913309100837898
12.685185704411236,0.06972477064220184,0.08207343412526998,0.9913479752214202
12.710581235776807,0.07037037037037037,0.08207343412526998,0.9914333009095718
12.735976767142375,0.0708955223880597,0.08207343412526998,0.9915015614600932
12.761372298507947,0.07102803738317758,0.08207343412526998,0.9915186265977235
12.786767829873519,0.07102803738317758,0.08207343412526998,0.9915186265977235
12.812163361239087,0.06954887218045112,0.07991360691144708,0.9915527568729842
12.837558892604658,0.07020872865275142,0.07991360691144708,0.9916380825611358
12.86295442397023,0.07047619047619047,0.07991360691144708,0.9916722128363965
12.888349955335801,0.07088122605363985,0.07991360691144708,0.9917234082492875
12.913745486701373,0.07088122605363985,0.07991360691144708,0.9917234082492875
12.939141018066941,0.07088122605363985,0.07991360691144708,0.9917234082492875
12.964536549432513,0.0710172744721689,0.07991360691144708,0.9917404733869178
12.989932080798084,0.07142857142857142,0.07991360691144708,0.9917916687998088
13.015327612163652,0.07156673114119923,0.07991360691144708,0.9918087339374392
13.040723143529224,0.07198443579766536,0.07991360691144708,0.9918599293503302
13.066118674894796,0.072265625,0.07991360691144708,0.9918940596255909
13.091514206260367,0.07100591715976332,0.07775377969762419,0.9919623201761122
13.116909737625939,0.06944444444444445,0.0755939524838013,0.9919964504513729
13.142305268991507,0.0697211155378486,0.0755939524838013,0.9920305807266335
13.167700800357078,0.06986027944111776,0.0755939524838013,0.9920476458642639
13.19309633172265,0.07014028056112225,0.0755939524838013,0.9920817761395245
13.218491863088218,0.06827309236947791,0.0734341252699784,0.9920817761395245
13.24388739445379,0.06854838709677419,0.0734341252699784,0.9921159064147852
13.269282925819361,0.06868686868686869,0.0734341252699784,0.9921329715524155
13.294678457184933,0.06896551724137931,0.0734341252699784,0.9921671018276762
13.320073988550504,0.06720977596741344,0.07127429805615551,0.9921841669653065
13.345469519916072,0.06720977596741344,0.07127429805615551,0.9921841669653065
13.370865051281644,0.0673469387755102,0.07127429805615551,0.9922012321029369
13.396260582647216,0.06776180698151951,0.07127429805615551,0.9922524275158279
13.421656114012784,0.06804123711340206,0.07127429805615551,0.9922865577910885
13.447051645378355,0.06860706860706861,0.07127429805615551,0.9923548183416099
13.472447176743927,0.06903765690376569,0.07127429805615551,0.9924060137545009
13.497842708109498,0.06708595387840671,0.06911447084233262,0.9924060137545009
13.52323823947507,0.06722689075630252,0.06911447084233262,0.9924230788921312
13.548633770840638,0.06779661016949153,0.06911447084233262,0.9924913394426526
13.57402930220621,0.06581740976645435,0.06695464362850972,0.9924913394426526
13.599424833571781,0.06623931623931624,0.06695464362850972,0.9925425348555436
13.62482036493735,0.06623931623931624,0.06695464362850972,0.9925425348555436
13.650215896302921,0.06695464362850972,0.06695464362850972,0.9926278605436953
13.675611427668493,0.06724511930585683,0.06695464362850972,0.992661990818956
13.701006959034064,0.06724511930585683,0.06695464362850972,0.992661990818956
13.726402490399636,0.06724511930585683,0.06695464362850972,0.992661990818956
13.751798021765204,0.06753812636165578,0.06695464362850972,0.9926961210942167
13.777193553130775,0.06783369803063458,0.06695464362850972,0.9927302513694773
13.802589084496347,0.06798245614035088,0.06695464362850972,0.9927473165071077
13.827984615861915,0.0684326710816777,0.06695464362850972,0.9927985119199987
13.853380147227487,0.06873614190687362,0.06695464362850972,0.9928326421952594
13.878775678593058,0.06904231625835189,0.06695464362850972,0.99286677247052
13.90417120995863,0.06981981981981981,0.06695464362850972,0.9929520981586717
13.929566741324201,0.07013574660633484,0.06695464362850972,0.9929862284339324
13.95496227268977,0.07029478458049887,0.06695464362850972,0.9930032935715627
13.980357804055341,0.07077625570776255,0.06695464362850972,0.9930544889844537
14.005753335420913,0.07110091743119266,0.06695464362850972,0.9930886192597144
14.03114886678648,0.07142857142857142,0.06695464362850972,0.993122749534975
14.056544398152056,0.07175925925925926,0.06695464362850972,0.9931568798102357
14.081939929517624,0.07242990654205607,0.06695464362850972,0.993225140360757
14.107335460883192,0.07276995305164319,0.06695464362850972,0.9932592706360177
14.132730992248767,0.07276995305164319,0.06695464362850972,0.9932592706360177
14.158126523614335,0.07328605200945626,0.06695464362850972,0.9933104660489087
14.18352205497991,0.07363420427553444,0.06695464362850972,0.9933445963241694
14.208917586345478,0.07177033492822966,0.06479481641468683,0.99337872659943
14.234313117711046,0.07228915662650602,0.06479481641468683,0.993429922012321
14.259708649076622,0.07263922518159806,0.06479481641468683,0.9934640522875817
14.28510418044219,0.07281553398058252,0.06479481641468683,0.9934811174252121
14.310499711807758,0.07281553398058252,0.06479481641468683,0.9934811174252121
14.335895243173333,0.07317073170731707,0.06479481641468683,0.9935152477004727
14.361290774538901,0.07352941176470588,0.06479481641468683,0.9935493779757334
14.386686305904469,0.07371007371007371,0.06479481641468683,0.9935664431133637
14.412081837270044,0.07444168734491315,0.06479481641468683,0.9936347036638851
14.437477368635612,0.07556675062972293,0.06479481641468683,0.9937370944896671
14.462872900001187,0.07323232323232323,0.06263498920086392,0.9937370944896671
14.488268431366755,0.07341772151898734,0.06263498920086392,0.9937541596272974
14.513663962732323,0.07360406091370558,0.06263498920086392,0.9937712247649277
14.539059494097899,0.07142857142857142,0.06047516198704104,0.9937882899025581
14.564455025463467,0.07179487179487179,0.06047516198704104,0.9938224201778187
14.589850556829042,0.07216494845360824,0.06047516198704104,0.9938565504530794
14.61524608819461,0.07253886010362694,0.06047516198704104,0.9938906807283401
14.640641619560178,0.07253886010362694,0.06047516198704104,0.9938906807283401
14.666037150925753,0.07272727272727272,0.06047516198704104,0.9939077458659704
14.691432682291321,0.07349081364829396,0.06047516198704104,0.9939760064164918
14.716828213656889,0.07387862796833773,0.06047516198704104,0.9940101366917524
14.742223745022464,0.07407407407407407,0.06047516198704104,0.9940272018293828
14.767619276388032,0.0748663101604278,0.06047516198704104,0.9940954623799041
14.7930148077536,0.07506702412868632,0.06047516198704104,0.9941125275175344
14.818410339119175,0.07547169811320754,0.06047516198704104,0.9941466577927951
14.843805870484744,0.07567567567567568,0.06047516198704104,0.9941637229304254
14.869201401850319,0.07629427792915532,0.06047516198704104,0.9942149183433164
14.894596933215887,0.07629427792915532,0.06047516198704104,0.9942149183433164
14.919992464581455,0.07671232876712329,0.06047516198704104,0.9942490486185771
14.94538799594703,0.07202216066481995,0.056155507559395246,0.9942831788938378
14.970783527312598,0.07222222222222222,0.056155507559395246,0.9943002440314681
14.996179058678173,0.06722689075630252,0.05183585313174946,0.9943173091690984
15.021574590043741,0.06741573033707865,0.05183585313174946,0.9943343743067288
15.04697012140931,0.06497175141242938,0.04967602591792657,0.9943514394443591
15.072365652774884,0.06497175141242938,0.04967602591792657,0.9943514394443591
15.097761184140452,0.06497175141242938,0.04967602591792657,0.9943514394443591
15.12315671550602,0.06515580736543909,0.04967602591792657,0.9943685045819894
15.148552246871596,0.06515580736543909,0.04967602591792657,0.9943685045819894
15.173947778237164,0.06515580736543909,0.04967602591792657,0.9943685045819894
15.199343309602732,0.06267806267806268,0.047516198704103674,0.9943855697196198
15.224738840968307,0.06340057636887608,0.047516198704103674,0.9944538302701411
15.250134372333875,0.06376811594202898,0.047516198704103674,0.9944879605454018
15.27552990369945,0.06376811594202898,0.047516198704103674,0.9944879605454018
15.300925435065018,0.06395348837209303,0.047516198704103674,0.9945050256830321
15.326320966430586,0.06432748538011696,0.047516198704103674,0.9945391559582928
15.351716497796161,0.06470588235294118,0.047516198704103674,0.9945732862335535
15.37711202916173,0.06489675516224189,0.047516198704103674,0.9945903513711838
15.402507560527305,0.0650887573964497,0.047516198704103674,0.9946074165088141
15.427903091892873,0.0650887573964497,0.047516198704103674,0.9946074165088141
15.45329862325844,0.06528189910979229,0.047516198704103674,0.9946244816464445
15.478694154624016,0.06567164179104477,0.047516198704103674,0.9946586119217051
15.504089685989584,0.06567164179104477,0.047516198704103674,0.9946586119217051
15.529485217355152,0.06567164179104477,0.047516198704103674,0.9946586119217051
15.554880748720727,0.0658682634730539,0.047516198704103674,0.9946756770593355
15.580276280086295,0.0658682634730539,0.047516198704103674,0.9946756770593355
15.605671811451863,0.06666666666666667,0.047516198704103674,0.9947439376098568
15.631067342817438,0.06666666666666667,0.047516198704103674,0.9947439376098568
15.656462874183006,0.0668693009118541,0.047516198704103674,0.9947610027474871
15.681858405548581,0.06707317073170732,0.047516198704103674,0.9947780678851175
15.70725393691415,0.0672782874617737,0.047516198704103674,0.9947951330227478
15.732649468279718,0.06769230769230769,0.047516198704103674,0.9948292632980085
15.758044999645293,0.06832298136645963,0.047516198704103674,0.9948804587108995
15.78344053101086,0.06875,0.047516198704103674,0.9949145889861601
15.808836062376436,0.06896551724137931,0.047516198704103674,0.9949316541237905
15.834231593742004,0.06624605678233439,0.04535637149028078,0.9949487192614208
15.859627125107572,0.06624605678233439,0.04535637149028078,0.9949487192614208
15.885022656473147,0.06666666666666667,0.04535637149028078,0.9949828495366815
15.910418187838715,0.0670926517571885,0.04535637149028078,0.9950169798119421
15.935813719204283,0.06774193548387097,0.04535637149028078,0.9950681752248332
15.961209250569858,0.06472491909385113,0.04319654427645788,0.9950681752248332
15.986604781935426,0.06229508196721312,0.04103671706263499,0.9951193706377242
16.012000313300994,0.06229508196721312,0.04103671706263499,0.9951193706377242
16.03739584466657,0.06229508196721312,0.04103671706263499,0.9951193706377242
16.062791376032138,0.0625,0.04103671706263499,0.9951364357753545
16.088186907397713,0.0627062706270627,0.04103671706263499,0.9951535009129848
16.11358243876328,0.059602649006622516,0.038876889848812095,0.9951535009129848
16.13897797012885,0.06,0.038876889848812095,0.9951876311882455
16.164373501494424,0.06040268456375839,0.038876889848812095,0.9952217614635062
16.189769032859992,0.06040268456375839,0.038876889848812095,0.9952217614635062
16.215164564225567,0.06060606060606061,0.038876889848812095,0.9952388266011365
16.240560095591135,0.06164383561643835,0.038876889848812095,0.9953241522892882
16.265955626956703,0.06228373702422145,0.038876889848812095,0.9953753477021792
16.29135115832228,0.0627177700348432,0.038876889848812095,0.9954094779774398
16.316746689687847,0.06315789473684211,0.038876889848812095,0.9954436082527005
16.342142221053415,0.06315789473684211,0.038876889848812095,0.9954436082527005
16.36753775241899,0.06338028169014084,0.038876889848812095,0.9954606733903308
16.392933283784558,0.06338028169014084,0.038876889848812095,0.9954606733903308
16.418328815150126,0.0636042402826855,0.038876889848812095,0.9954777385279612
16.4437243465157,0.0636042402826855,0.038876889848812095,0.9954777385279612
16.46911987788127,0.06428571428571428,0.038876889848812095,0.9955289339408522
16.494515409246844,0.06474820143884892,0.038876889848812095,0.995563064216113
16.519910940612412,0.06521739130434782,0.038876889848812095,0.9955971944913736
16.54530647197798,0.06545454545454546,0.038876889848812095,0.995614259629004
16.570702003343555,0.06642066420664207,0.038876889848812095,0.9956825201795253
16.596097534709124,0.06642066420664207,0.038876889848812095,0.9956825201795253
16.6214930660747,0.06343283582089553,0.0367170626349892,0.995716650454786
16.646888597440267,0.06367041198501873,0.0367170626349892,0.9957337155924163
16.672284128805835,0.06390977443609022,0.0367170626349892,0.9957507807300466
16.69767966017141,0.06439393939393939,0.0367170626349892,0.9957849110053073
16.723075191536978,0.06463878326996197,0.0367170626349892,0.9958019761429376
16.748470722902546,0.06538461538461539,0.0367170626349892,0.9958531715558286
16.77386625426812,0.06538461538461539,0.0367170626349892,0.9958531715558286
16.79926178563369,0.06640625,0.0367170626349892,0.99592143210635
16.824657316999257,0.06640625,0.0367170626349892,0.99592143210635
16.850052848364832,0.06299212598425197,0.03455723542116631,0.9959384972439803
16.8754483797304,0.06324110671936758,0.03455723542116631,0.9959555623816106
16.900843911095976,0.06349206349206349,0.03455723542116631,0.995972627519241
16.926239442461544,0.064,0.03455723542116631,0.9960067577945017
16.95163497382711,0.064,0.03455723542116631,0.9960067577945017
16.977030505192687,0.0642570281124498,0.03455723542116631,0.996023822932132
17.002426036558255,0.06504065040650407,0.03455723542116631,0.996075018345023
17.02782156792383,0.06557377049180328,0.03455723542116631,0.9961091486202837
17.053217099289398,0.06584362139917696,0.03455723542116631,0.996126213757914
17.078612630654966,0.06584362139917696,0.03455723542116631,0.996126213757914
17.10400816202054,0.06639004149377593,0.03455723542116631,0.9961603440331747
17.12940369338611,0.06694560669456066,0.03455723542116631,0.9961944743084353
17.154799224751677,0.06751054852320675,0.03455723542116631,0.996228604583696
17.180194756117253,0.0635593220338983,0.032397408207343416,0.996228604583696
17.20559028748282,0.0635593220338983,0.032397408207343416,0.996228604583696
17.23098581884839,0.06437768240343347,0.032397408207343416,0.996279799996587
17.256381350213964,0.06521739130434782,0.032397408207343416,0.996330995409478
17.281776881579532,0.06521739130434782,0.032397408207343416,0.996330995409478
17.307172412945107,0.06637168141592921,0.032397408207343416,0.9963992559599993
17.332567944310675,0.06696428571428571,0.032397408207343416,0.99643338623526
17.357963475676243,0.06696428571428571,0.032397408207343416,0.99643338623526
17.38335900704182,0.06726457399103139,0.032397408207343416,0.9964504513728903
17.408754538407386,0.06756756756756757,0.032397408207343416,0.9964675165105207
17.43415006977296,0.06756756756756757,0.032397408207343416,0.9964675165105207
17.45954560113853,0.06787330316742081,0.032397408207343416,0.996484581648151
17.484941132504098,0.06818181818181818,0.032397408207343416,0.9965016467857813
17.510336663869673,0.0684931506849315,0.032397408207343416,0.9965187119234117
17.53573219523524,0.06451612903225806,0.03023758099352052,0.996535777061042
17.56112772660081,0.06481481481481481,0.03023758099352052,0.9965528421986724
17.586523257966384,0.06511627906976744,0.03023758099352052,0.9965699073363027
17.611918789331952,0.06511627906976744,0.03023758099352052,0.9965699073363027
17.63731432069752,0.06511627906976744,0.03023758099352052,0.9965699073363027
17.662709852063095,0.06511627906976744,0.03023758099352052,0.9965699073363027
17.688105383428663,0.06511627906976744,0.03023758099352052,0.9965699073363027
17.71350091479424,0.06542056074766354,0.03023758099352052,0.996586972473933
17.738896446159806,0.06635071090047394,0.03023758099352052,0.996638167886824
17.764291977525374,0.06635071090047394,0.03023758099352052,0.996638167886824
17.78968750889095,0.06666666666666667,0.03023758099352052,0.9966552330244544
17.815083040256518,0.06666666666666667,0.03023758099352052,0.9966552330244544
17.840478571622093,0.0673076923076923,0.03023758099352052,0.996689363299715
17.86587410298766,0.06796116504854369,0.03023758099352052,0.9967234935749757
17.89126963435323,0.06862745098039216,0.03023758099352052,0.9967576238502364
17.916665165718804,0.06862745098039216,0.03023758099352052,0.9967576238502364
17.942060697084372,0.06862745098039216,0.03023758099352052,0.9967576238502364
17.96745622844994,0.06930693069306931,0.03023758099352052,0.996791754125497
17.992851759815515,0.06965174129353234,0.03023758099352052,0.9968088192631274
18.018247291181083,0.07035175879396985,0.03023758099352052,0.996842949538388
18.04364282254665,0.07106598984771574,0.03023758099352052,0.9968770798136487
18.069038353912227,0.07106598984771574,0.03023758099352052,0.9968770798136487
18.094433885277795,0.07142857142857142,0.03023758099352052,0.996894144951279
18.11982941664337,0.07142857142857142,0.03023758099352052,0.996894144951279
18.145224948008938,0.07216494845360824,0.03023758099352052,0.9969282752265397
18.170620479374506,0.07253886010362694,0.03023758099352052,0.99694534036417
18.19601601074008,0.07253886010362694,0.03023758099352052,0.99694534036417
18.22141154210565,0.07329842931937172,0.03023758099352052,0.9969794706394307
18.246807073471224,0.07368421052631578,0.03023758099352052,0.996996535777061
18.272202604836792,0.07407407407407407,0.03023758099352052,0.9970136009146914
18.29759813620236,0.07407407407407407,0.03023758099352052,0.9970136009146914
18.322993667567935,0.07407407407407407,0.03023758099352052,0.9970136009146914
18.348389198933504,0.07567567567567568,0.03023758099352052,0.9970818614652127
18.37378473029907,0.07608695652173914,0.03023758099352052,0.997098926602843
18.399180261664647,0.07650273224043716,0.03023758099352052,0.9971159917404734
18.424575793030215,0.07650273224043716,0.03023758099352052,0.9971159917404734
18.449971324395783,0.07650273224043716,0.03023758099352052,0.9971159917404734
18.475366855761358,0.07734806629834254,0.03023758099352052,0.997150122015734
18.500762387126926,0.07734806629834254,0.03023758099352052,0.997150122015734
18.5261579184925,0.07734806629834254,0.03023758099352052,0.997150122015734
18.55155344985807,0.07734806629834254,0.03023758099352052,0.997150122015734
18.576948981223637,0.0782122905027933,0.03023758099352052,0.9971842522909947
18.602344512589212,0.07865168539325842,0.03023758099352052,0.9972013174286251
18.62774004395478,0.07909604519774012,0.03023758099352052,0.9972183825662554
18.653135575320356,0.07386363636363637,0.028077753779697623,0.9972183825662554
18.678531106685924,0.07428571428571429,0.028077753779697623,0.9972354477038857
18.70392663805149,0.07471264367816093,0.028077753779697623,0.9972525128415161
18.729322169417067,0.07514450867052024,0.028077753779697623,0.9972695779791464
18.754717700782635,0.0755813953488372,0.028077753779697623,0.9972866431167767
18.780113232148203,0.0755813953488372,0.028077753779697623,0.9972866431167767
18.805508763513778,0.07058823529411765,0.02591792656587473,0.9973037082544071
18.830904294879346,0.07100591715976332,0.02591792656587473,0.9973207733920374
18.856299826244914,0.07100591715976332,0.02591792656587473,0.9973207733920374
18.88169535761049,0.07142857142857142,0.02591792656587473,0.9973378385296677
18.907090888976057,0.07228915662650602,0.02591792656587473,0.9973719688049284
18.932486420341633,0.07272727272727272,0.02591792656587473,0.9973890339425587
18.9578819517072,0.07317073170731707,0.02591792656587473,0.9974060990801891
18.98327748307277,0.0736196319018405,0.02591792656587473,0.9974231642178194
19.008673014438344,0.07453416149068323,0.02591792656587473,0.9974572944930801
19.034068545803912,0.07547169811320754,0.02591792656587473,0.9974914247683407
19.059464077169487,0.07643312101910828,0.02591792656587473,0.9975255550436014
19.084859608535055,0.07643312101910828,0.02591792656587473,0.9975255550436014
19.110255139900623,0.07692307692307693,0.02591792656587473,0.9975426201812317
19.1356506712662,0.07692307692307693,0.02591792656587473,0.9975426201812317
19.161046202631766,0.07792207792207792,0.02591792656587473,0.9975767504564924
19.186441733997334,0.0784313725490196,0.02591792656587473,0.9975938155941227
19.21183726536291,0.0784313725490196,0.02591792656587473,0.9975938155941227
19.237232796728478,0.0784313725490196,0.02591792656587473,0.9975938155941227
19.262628328094046,0.0784313725490196,0.02591792656587473,0.9975938155941227
19.28802385945962,0.07894736842105263,0.02591792656587473,0.9976108807317531
19.31341939082519,0.07894736842105263,0.02591792656587473,0.9976108807317531
19.338814922190764,0.07894736842105263,0.02591792656587473,0.9976108807317531
19.364210453556332,0.07947019867549669,0.02591792656587473,0.9976279458693834
19.3896059849219,0.08,0.02591792656587473,0.9976450110070137
19.415001516287475,0.08053691275167785,0.02591792656587473,0.9976620761446441
19.440397047653043,0.08053691275167785,0.02591792656587473,0.9976620761446441
19.46579257901862,0.08053691275167785,0.02591792656587473,0.9976620761446441
19.491188110384186,0.08053691275167785,0.02591792656587473,0.9976620761446441
19.516583641749754,0.08108108108108109,0.02591792656587473,0.9976791412822744
19.54197917311533,0.08108108108108109,0.02591792656587473,0.9976791412822744
19.567374704480898,0.08108108108108109,0.02591792656587473,0.9976791412822744
19.592770235846466,0.08163265306122448,0.02591792656587473,0.9976962064199048
19.61816576721204,0.08275862068965517,0.02591792656587473,0.9977303366951654
19.64356129857761,0.08275862068965517,0.02591792656587473,0.9977303366951654
19.668956829943177,0.07692307692307693,0.023758099352051837,0.9977474018327958
19.694352361308752,0.07746478873239436,0.023758099352051837,0.9977644669704261
19.71974789267432,0.07746478873239436,0.023758099352051837,0.9977644669704261
19.745143424039895,0.07801418439716312,0.023758099352051837,0.9977815321080564
19.770538955405463,0.07857142857142857,0.023758099352051837,0.9977985972456868
19.79593448677103,0.07246376811594203,0.02159827213822894,0.9978156623833171
19.821330018136607,0.07246376811594203,0.02159827213822894,0.9978156623833171
19.846725549502175,0.07246376811594203,0.02159827213822894,0.9978156623833171
19.87212108086775,0.072992700729927,0.02159827213822894,0.9978327275209474
19.897516612233318,0.072992700729927,0.02159827213822894,0.9978327275209474
19.922912143598886,0.072992700729927,0.02159827213822894,0.9978327275209474
19.94830767496446,0.072992700729927,0.02159827213822894,0.9978327275209474
19.97370320633003,0.072992700729927,0.02159827213822894,0.9978327275209474
19.999098737695597,0.07407407407407407,0.02159827213822894,0.9978668577962081
20.024494269061172,0.07407407407407407,0.02159827213822894,0.9978668577962081
20.04988980042674,0.07407407407407407,0.02159827213822894,0.9978668577962081
20.07528533179231,0.07407407407407407,0.02159827213822894,0.9978668577962081
20.100680863157883,0.07462686567164178,0.02159827213822894,0.9978839229338384
20.12607639452345,0.07518796992481203,0.02159827213822894,0.9979009880714688
20.151471925889027,0.07575757575757576,0.02159827213822894,0.9979180532090991
20.176867457254595,0.07575757575757576,0.02159827213822894,0.9979180532090991
20.202262988620163,0.07633587786259542,0.02159827213822894,0.9979351183467294
20.227658519985738,0.07633587786259542,0.02159827213822894,0.9979351183467294
20.253054051351306,0.07633587786259542,0.02159827213822894,0.9979351183467294
20.27844958271688,0.07633587786259542,0.02159827213822894,0.9979351183467294
20.30384511408245,0.07692307692307693,0.02159827213822894,0.9979521834843598
20.329240645448017,0.07692307692307693,0.02159827213822894,0.9979521834843598
20.354636176813592,0.07751937984496124,0.02159827213822894,0.9979692486219901
20.38003170817916,0.07751937984496124,0.02159827213822894,0.9979692486219901
20.40542723954473,0.07751937984496124,0.02159827213822894,0.9979692486219901
20.430822770910304,0.07751937984496124,0.02159827213822894,0.9979692486219901
20.45621830227587,0.07751937984496124,0.02159827213822894,0.9979692486219901
20.48161383364144,0.078125,0.02159827213822894,0.9979863137596204
20.507009365007015,0.078125,0.02159827213822894,0.9979863137596204
20.532404896372583,0.078125,0.02159827213822894,0.9979863137596204
20.557800427738158,0.07874015748031496,0.02159827213822894,0.9980033788972508
20.583195959103726,0.07936507936507936,0.02159827213822894,0.9980204440348811
20.608591490469294,0.08064516129032258,0.02159827213822894,0.9980545743101418
20.63398702183487,0.08064516129032258,0.02159827213822894,0.9980545743101418
20.659382553200437,0.08064516129032258,0.02159827213822894,0.9980545743101418
20.684778084566013,0.08064516129032258,0.02159827213822894,0.9980545743101418
20.71017361593158,0.08130081300813008,0.02159827213822894,0.9980716394477721
20.73556914729715,0.08196721311475409,0.02159827213822894,0.9980887045854024
20.760964678662724,0.08196721311475409,0.02159827213822894,0.9980887045854024
20.786360210028292,0.08196721311475409,0.02159827213822894,0.9980887045854024
20.81175574139386,0.08264462809917356,0.02159827213822894,0.9981057697230328
20.837151272759435,0.08333333333333333,0.02159827213822894,0.9981228348606631
20.862546804125003,0.08403361344537816,0.02159827213822894,0.9981398999982934
20.88794233549057,0.08695652173913043,0.02159827213822894,0.9982081605488148
20.913337866856146,0.07894736842105263,0.019438444924406047,0.9982081605488148
20.938733398221714,0.07894736842105263,0.019438444924406047,0.9982081605488148
20.96412892958729,0.07964601769911504,0.019438444924406047,0.9982252256864451
20.989524460952858,0.08181818181818182,0.019438444924406047,0.9982764210993361
21.014919992318426,0.08333333333333333,0.019438444924406047,0.9983105513745968
21.040315523684,0.08333333333333333,0.019438444924406047,0.9983105513745968
21.06571105504957,0.08490566037735849,0.019438444924406047,0.9983446816498575
21.091106586415144,0.08571428571428572,0.019438444924406047,0.9983617467874878
21.116502117780712,0.08571428571428572,0.019438444924406047,0.9983617467874878
21.14189764914628,0.08653846153846154,0.019438444924406047,0.9983788119251181
21.167293180511855,0.08653846153846154,0.019438444924406047,0.9983788119251181
21.192688711877423,0.08737864077669903,0.019438444924406047,0.9983958770627485
21.21808424324299,0.08823529411764706,0.019438444924406047,0.9984129422003788
21.243479774608566,0.09,0.019438444924406047,0.9984470724756395
21.268875305974134,0.09090909090909091,0.019438444924406047,0.9984641376132698
21.294270837339702,0.09183673469387756,0.019438444924406047,0.9984812027509001
21.319666368705278,0.09183673469387756,0.019438444924406047,0.9984812027509001
21.345061900070846,0.09278350515463918,0.019438444924406047,0.9984982678885305
21.37045743143642,0.09375,0.019438444924406047,0.9985153330261608
21.39585296280199,0.09473684210526316,0.019438444924406047,0.9985323981637912
21.421248494167557,0.09574468085106383,0.019438444924406047,0.9985494633014216
21.446644025533132,0.09782608695652174,0.019438444924406047,0.9985835935766822
21.4720395568987,0.09782608695652174,0.019438444924406047,0.9985835935766822
21.497435088264275,0.09782608695652174,0.019438444924406047,0.9985835935766822
21.522830619629843,0.0989010989010989,0.019438444924406047,0.9986006587143126
21.54822615099541,0.0989010989010989,0.019438444924406047,0.9986006587143126
21.573621682360987,0.08888888888888889,0.017278617710583154,0.9986006587143126
21.599017213726555,0.08888888888888889,0.017278617710583154,0.9986006587143126
21.624412745092123,0.08888888888888889,0.017278617710583154,0.9986006587143126
21.649808276457698,0.08888888888888889,0.017278617710583154,0.9986006587143126
21.675203807823266,0.0898876404494382,0.017278617710583154,0.9986177238519429
21.700599339188834,0.09302325581395349,0.017278617710583154,0.9986689192648339
21.72599487055441,0.09302325581395349,0.017278617710583154,0.9986689192648339
21.751390401919977,0.09302325581395349,0.017278617710583154,0.9986689192648339
21.776785933285552,0.09302325581395349,0.017278617710583154,0.9986689192648339
21.80218146465112,0.09302325581395349,0.017278617710583154,0.9986689192648339
21.82757699601669,0.09302325581395349,0.017278617710583154,0.9986689192648339
21.852972527382263,0.09411764705882353,0.017278617710583154,0.9986859844024643
21.87836805874783,0.0963855421686747,0.017278617710583154,0.9987201146777249
21.903763590113407,0.0963855421686747,0.017278617710583154,0.9987201146777249
21.929159121478975,0.0963855421686747,0.017278617710583154,0.9987201146777249
21.954554652844543,0.0963855421686747,0.017278617710583154,0.9987201146777249
21.979950184210118,0.0963855421686747,0.017278617710583154,0.9987201146777249
22.005345715575686,0.0975609756097561,0.017278617710583154,0.9987371798153553
22.030741246941254,0.0975609756097561,0.017278617710583154,0.9987371798153553
22.05613677830683,0.0975609756097561,0.017278617710583154,0.9987371798153553
22.081532309672397,0.0975609756097561,0.017278617710583154,0.9987371798153553
22.106927841037965,0.0975609756097561,0.017278617710583154,0.9987371798153553
22.13232337240354,0.09876543209876543,0.017278617710583154,0.9987542449529856
22.15771890376911,0.09876543209876543,0.017278617710583154,0.9987542449529856
22.183114435134684,0.09876543209876543,0.017278617710583154,0.9987542449529856
22.20850996650025,0.09876543209876543,0.017278617710583154,0.9987542449529856
22.23390549786582,0.10126582278481013,0.017278617710583154,0.9987883752282463
22.259301029231395,0.10256410256410256,0.017278617710583154,0.9988054403658766
22.284696560596963,0.10256410256410256,0.017278617710583154,0.9988054403658766
22.310092091962538,0.10256410256410256,0.017278617710583154,0.9988054403658766
22.335487623328106,0.1038961038961039,0.017278617710583154,0.9988225055035069
22.360883154693674,0.10526315789473684,0.017278617710583154,0.9988395706411373
22.38627868605925,0.10666666666666667,0.017278617710583154,0.9988566357787676
22.411674217424817,0.10666666666666667,0.017278617710583154,0.9988566357787676
22.437069748790385,0.10666666666666667,0.017278617710583154,0.9988566357787676
22.46246528015596,0.10666666666666667,0.017278617710583154,0.9988566357787676
22.48786081152153,0.10666666666666667,0.017278617710583154,0.9988566357787676
22.513256342887097,0.10666666666666667,0.017278617710583154,0.9988566357787676
22.538651874252672,0.10666666666666667,0.017278617710583154,0.9988566357787676
22.56404740561824,0.10666666666666667,0.017278617710583154,0.9988566357787676
22.589442936983815,0.1111111111111111,0.017278617710583154,0.9989078311916586
22.614838468349383,0.11267605633802817,0.017278617710583154,0.9989248963292889
22.64023399971495,0.11267605633802817,0.017278617710583154,0.9989248963292889
22.665629531080526,0.11267605633802817,0.017278617710583154,0.9989248963292889
22.691025062446094,0.1,0.01511879049676026,0.9989248963292889
22.71642059381167,0.1,0.01511879049676026,0.9989248963292889
22.741816125177237,0.10144927536231885,0.01511879049676026,0.9989419614669193
22.767211656542806,0.10144927536231885,0.01511879049676026,0.9989419614669193
22.79260718790838,0.10144927536231885,0.01511879049676026,0.9989419614669193
22.81800271927395,0.10144927536231885,0.01511879049676026,0.9989419614669193
22.843398250639517,0.10144927536231885,0.01511879049676026,0.9989419614669193
22.868793782005092,0.10144927536231885,0.01511879049676026,0.9989419614669193
22.89418931337066,0.10144927536231885,0.01511879049676026,0.9989419614669193
22.919584844736228,0.10294117647058823,0.01511879049676026,0.9989590266045496
22.944980376101803,0.10294117647058823,0.01511879049676026,0.9989590266045496
22.97037590746737,0.10294117647058823,0.01511879049676026,0.9989590266045496
22.995771438832946,0.10294117647058823,0.01511879049676026,0.9989590266045496
23.021166970198514,0.10294117647058823,0.01511879049676026,0.9989590266045496
23.046562501564082,0.10294117647058823,0.01511879049676026,0.9989590266045496
23.071958032929658,0.1044776119402985,0.01511879049676026,0.9989760917421799
23.097353564295226,0.1044776119402985,0.01511879049676026,0.9989760917421799
23.1227490956608,0.109375,0.01511879049676026,0.9990272871550709
23.14814462702637,0.109375,0.01511879049676026,0.9990272871550709
23.173540158391937,0.109375,0.01511879049676026,0.9990272871550709
23.198935689757512,0.109375,0.01511879049676026,0.9990272871550709
23.22433122112308,0.1111111111111111,0.01511879049676026,0.9990443522927013
23.249726752488648,0.1111111111111111,0.01511879049676026,0.9990443522927013
23.275122283854223,0.1111111111111111,0.01511879049676026,0.9990443522927013
23.30051781521979,0.1111111111111111,0.01511879049676026,0.9990443522927013
23.32591334658536,0.1111111111111111,0.01511879049676026,0.9990443522927013
23.351308877950935,0.1111111111111111,0.01511879049676026,0.9990443522927013
23.376704409316503,0.1111111111111111,0.01511879049676026,0.9990443522927013
23.402099940682078,0.11290322580645161,0.01511879049676026,0.9990614174303316
23.427495472047646,0.11290322580645161,0.01511879049676026,0.9990614174303316
23.452891003413214,0.11475409836065574,0.01511879049676026,0.999078482567962
23.47828653477879,0.11475409836065574,0.01511879049676026,0.999078482567962
23.503682066144357,0.11475409836065574,0.01511879049676026,0.999078482567962
23.529077597509932,0.11475409836065574,0.01511879049676026,0.999078482567962
23.5544731288755,0.11666666666666667,0.01511879049676026,0.9990955477055923
23.57986866024107,0.11666666666666667,0.01511879049676026,0.9990955477055923
23.605264191606643,0.11666666666666667,0.01511879049676026,0.9990955477055923
23.63065972297221,0.11666666666666667,0.01511879049676026,0.9990955477055923
23.65605525433778,0.1016949152542373,0.012958963282937365,0.9990955477055923
23.681450785703355,0.10344827586206896,0.012958963282937365,0.9991126128432226
23.706846317068923,0.10526315789473684,0.012958963282937365,0.999129677980853
23.73224184843449,0.10714285714285714,0.012958963282937365,0.9991467431184833
23.757637379800066,0.10714285714285714,0.012958963282937365,0.9991467431184833
23.783032911165634,0.1111111111111111,0.012958963282937365,0.999180873393744
23.80842844253121,0.11320754716981132,0.012958963282937365,0.9991979385313743
23.833823973896777,0.11320754716981132,0.012958963282937365,0.9991979385313743
23.859219505262345,0.11538461538461539,0.012958963282937365,0.9992150036690046
23.88461503662792,0.11538461538461539,0.012958963282937365,0.9992150036690046
23.91001056799349,0.11538461538461539,0.012958963282937365,0.9992150036690046
23.935406099359064,0.11764705882352941,0.012958963282937365,0.999232068806635
23.96080163072463,0.11764705882352941,0.012958963282937365,0.999232068806635
23.9861971620902,0.12244897959183673,0.012958963282937365,0.9992661990818956
24.011592693455775,0.12244897959183673,0.012958963282937365,0.9992661990818956
24.036988224821343,0.125,0.012958963282937365,0.999283264219526
24.06238375618691,0.125,0.012958963282937365,0.999283264219526
24.087779287552486,0.125,0.012958963282937365,0.999283264219526
24.113174818918054,0.125,0.012958963282937365,0.999283264219526
24.138570350283622,0.125,0.012958963282937365,0.999283264219526
24.163965881649197,0.125,0.012958963282937365,0.999283264219526
24.189361413014765,0.10869565217391304,0.01079913606911447,0.9993003293571563
24.21475694438034,0.10869565217391304,0.01079913606911447,0.9993003293571563
24.24015247574591,0.10869565217391304,0.01079913606911447,0.9993003293571563
24.265548007111477,0.10869565217391304,0.01079913606911447,0.9993003293571563
24.290943538477052,0.10869565217391304,0.01079913606911447,0.9993003293571563
24.31633906984262,0.10869565217391304,0.01079913606911447,0.9993003293571563
24.341734601208195,0.10869565217391304,0.01079913606911447,0.9993003293571563
24.367130132573763,0.1111111111111111,0.01079913606911447,0.9993173944947866
24.39252566393933,0.1111111111111111,0.01079913606911447,0.9993173944947866
24.417921195304906,0.1111111111111111,0.01079913606911447,0.9993173944947866
24.443316726670474,0.1111111111111111,0.01079913606911447,0.9993173944947866
24.468712258036042,0.1111111111111111,0.01079913606911447,0.9993173944947866
24.494107789401617,0.1111111111111111,0.01079913606911447,0.9993173944947866
24.519503320767186,0.09090909090909091,0.008639308855291577,0.9993173944947866
24.544898852132754,0.09090909090909091,0.008639308855291577,0.9993173944947866
24.57029438349833,0.09302325581395349,0.008639308855291577,0.999334459632417
24.595689914863897,0.09302325581395349,0.008639308855291577,0.999334459632417
24.621085446229472,0.09302325581395349,0.008639308855291577,0.999334459632417
24.64648097759504,0.09302325581395349,0.008639308855291577,0.999334459632417
24.671876508960608,0.09302325581395349,0.008639308855291577,0.999334459632417
24.697272040326183,0.09302325581395349,0.008639308855291577,0.999334459632417
24.72266757169175,0.0975609756097561,0.008639308855291577,0.9993685899076776
24.748063103057326,0.0975609756097561,0.008639308855291577,0.9993685899076776
24.773458634422894,0.1,0.008639308855291577,0.999385655045308
24.798854165788462,0.10526315789473684,0.008639308855291577,0.9994197853205686
24.824249697154038,0.10810810810810811,0.008639308855291577,0.999436850458199
24.849645228519606,0.1111111111111111,0.008639308855291577,0.9994539155958293
24.875040759885174,0.11428571428571428,0.008639308855291577,0.9994709807334596
24.90043629125075,0.11764705882352941,0.008639308855291577,0.99948804587109
24.925831822616317,0.11764705882352941,0.008639308855291577,0.99948804587109
24.951227353981885,0.11764705882352941,0.008639308855291577,0.99948804587109
24.97662288534746,0.12121212121212122,0.008639308855291577,0.9995051110087203
25.002018416713028,0.12121212121212122,0.008639308855291577,0.9995051110087203
25.027413948078603,0.125,0.008639308855291577,0.9995221761463506
25.05280947944417,0.12903225806451613,0.008639308855291577,0.999539241283981
25.07820501080974,0.13333333333333333,0.008639308855291577,0.9995563064216113
25.103600542175315,0.13333333333333333,0.008639308855291577,0.9995563064216113
25.128996073540883,0.13333333333333333,0.008639308855291577,0.9995563064216113
25.154391604906458,0.13333333333333333,0.008639308855291577,0.9995563064216113
25.179787136272026,0.13333333333333333,0.008639308855291577,0.9995563064216113
25.205182667637594,0.13333333333333333,0.008639308855291577,0.9995563064216113
25.23057819900317,0.13333333333333333,0.008639308855291577,0.9995563064216113
25.255973730368737,0.13333333333333333,0.008639308855291577,0.9995563064216113
25.281369261734305,0.13793103448275862,0.008639308855291577,0.9995733715592416
25.30676479309988,0.14285714285714285,0.008639308855291577,0.999590436696872
25.33216032446545,0.14285714285714285,0.008639308855291577,0.999590436696872
25.357555855831016,0.14814814814814814,0.008639308855291577,0.9996075018345023
25.38295138719659,0.14814814814814814,0.008639308855291577,0.9996075018345023
25.40834691856216,0.14814814814814814,0.008639308855291577,0.9996075018345023
25.433742449927735,0.14814814814814814,0.008639308855291577,0.9996075018345023
25.459137981293303,0.14814814814814814,0.008639308855291577,0.9996075018345023
25.48453351265887,0.14814814814814814,0.008639308855291577,0.9996075018345023
25.509929044024446,0.15384615384615385,0.008639308855291577,0.9996245669721326
25.535324575390014,0.15384615384615385,0.008639308855291577,0.9996245669721326
25.56072010675559,0.15384615384615385,0.008639308855291577,0.9996245669721326
25.586115638121157,0.15384615384615385,0.008639308855291577,0.9996245669721326
25.611511169486725,0.15384615384615385,0.008639308855291577,0.9996245669721326
25.6369067008523,0.15384615384615385,0.008639308855291577,0.9996245669721326
25.66230223221787,0.15384615384615385,0.008639308855291577,0.9996245669721326
25.687697763583436,0.15384615384615385,0.008639308855291577,0.9996245669721326
25.71309329494901,0.15384615384615385,0.008639308855291577,0.9996245669721326
25.73848882631458,0.15384615384615385,0.008639308855291577,0.9996245669721326
25.763884357680148,0.15384615384615385,0.008639308855291577,0.9996245669721326
25.789279889045723,0.16,0.008639308855291577,0.999641632109763
25.81467542041129,0.16,0.008639308855291577,0.999641632109763
25.840070951776866,0.16,0.008639308855291577,0.999641632109763
25.865466483142434,0.16,0.008639308855291577,0.999641632109763
25.890862014508002,0.16,0.008639308855291577,0.999641632109763
25.916257545873577,0.16,0.008639308855291577,0.999641632109763
25.941653077239145,0.16,0.008639308855291577,0.999641632109763
25.96704860860472,0.16,0.008639308855291577,0.999641632109763
25.99244413997029,0.18181818181818182,0.008639308855291577,0.999692827522654
26.017839671335857,0.19047619047619047,0.008639308855291577,0.9997098926602843
26.04323520270143,0.19047619047619047,0.008639308855291577,0.9997098926602843
26.068630734067,0.19047619047619047,0.008639308855291577,0.9997098926602843
26.094026265432568,0.19047619047619047,0.008639308855291577,0.9997098926602843
26.119421796798143,0.15,0.0064794816414686825,0.9997098926602843
26.14481732816371,0.15,0.0064794816414686825,0.9997098926602843
26.17021285952928,0.15,0.0064794816414686825,0.9997098926602843
26.195608390894854,0.15,0.0064794816414686825,0.9997098926602843
26.221003922260422,0.15,0.0064794816414686825,0.9997098926602843
26.246399453625997,0.15,0.0064794816414686825,0.9997098926602843
26.271794984991566,0.15,0.0064794816414686825,0.9997098926602843
26.297190516357134,0.15,0.0064794816414686825,0.9997098926602843
26.32258604772271,0.15789473684210525,0.0064794816414686825,0.9997269577979147
26.347981579088277,0.15789473684210525,0.0064794816414686825,0.9997269577979147
26.373377110453852,0.16666666666666666,0.0064794816414686825,0.999744022935545
26.39877264181942,0.16666666666666666,0.0064794816414686825,0.999744022935545
26.424168173184988,0.16666666666666666,0.0064794816414686825,0.999744022935545
26.449563704550563,0.16666666666666666,0.0064794816414686825,0.999744022935545
26.47495923591613,0.17647058823529413,0.0064794816414686825,0.9997610880731753
26.5003547672817,0.17647058823529413,0.0064794816414686825,0.9997610880731753
26.525750298647274,0.17647058823529413,0.0064794816414686825,0.9997610880731753
26.551145830012842,0.17647058823529413,0.0064794816414686825,0.9997610880731753
26.57654136137841,0.17647058823529413,0.0064794816414686825,0.9997610880731753
26.601936892743986,0.17647058823529413,0.0064794816414686825,0.9997610880731753
26.627332424109554,0.17647058823529413,0.0064794816414686825,0.9997610880731753
26.65272795547513,0.17647058823529413,0.0064794816414686825,0.9997610880731753
26.678123486840697,0.17647058823529413,0.0064794816414686825,0.9997610880731753
26.703519018206265,0.17647058823529413,0.0064794816414686825,0.9997610880731753
26.72891454957184,0.17647058823529413,0.0064794816414686825,0.9997610880731753
26.754310080937408,0.17647058823529413,0.0064794816414686825,0.9997610880731753
26.779705612302983,0.1875,0.0064794816414686825,0.9997781532108057
26.80510114366855,0.1875,0.0064794816414686825,0.9997781532108057
26.83049667503412,0.1875,0.0064794816414686825,0.9997781532108057
26.855892206399695,0.1875,0.0064794816414686825,0.9997781532108057
26.881287737765263,0.2,0.0064794816414686825,0.999795218348436
26.90668326913083,0.2,0.0064794816414686825,0.999795218348436
26.932078800496406,0.2,0.0064794816414686825,0.999795218348436
26.957474331861974,0.2,0.0064794816414686825,0.999795218348436
26.982869863227542,0.2,0.0064794816414686825,0.999795218348436
27.008265394593117,0.2,0.0064794816414686825,0.999795218348436
27.033660925958685,0.2,0.0064794816414686825,0.999795218348436
27.05905645732426,0.2,0.0064794816414686825,0.999795218348436
27.08445198868983,0.2,0.0064794816414686825,0.999795218348436
27.109847520055396,0.2,0.0064794816414686825,0.999795218348436
27.13524305142097,0.2,0.0064794816414686825,0.999795218348436
27.16063858278654,0.21428571428571427,0.0064794816414686825,0.9998122834860663
27.186034114152115,0.21428571428571427,0.0064794816414686825,0.9998122834860663
27.211429645517683,0.21428571428571427,0.0064794816414686825,0.9998122834860663
27.23682517688325,0.21428571428571427,0.0064794816414686825,0.9998122834860663
27.262220708248826,0.21428571428571427,0.0064794816414686825,0.9998122834860663
27.287616239614394,0.15384615384615385,0.004319654427645789,0.9998122834860663
27.313011770979962,0.15384615384615385,0.004319654427645789,0.9998122834860663
27.338407302345537,0.15384615384615385,0.004319654427645789,0.9998122834860663
27.363802833711105,0.15384615384615385,0.004319654427645789,0.9998122834860663
27.389198365076673,0.15384615384615385,0.004319654427645789,0.9998122834860663
27.41459389644225,0.15384615384615385,0.004319654427645789,0.9998122834860663
27.439989427807816,0.15384615384615385,0.004319654427645789,0.9998122834860663
27.46538495917339,0.16666666666666666,0.004319654427645789,0.9998293486236967
27.49078049053896,0.16666666666666666,0.004319654427645789,0.9998293486236967
27.516176021904528,0.16666666666666666,0.004319654427645789,0.9998293486236967
27.541571553270103,0.18181818181818182,0.004319654427645789,0.999846413761327
27.56696708463567,0.18181818181818182,0.004319654427645789,0.999846413761327
27.592362616001246,0.18181818181818182,0.004319654427645789,0.999846413761327
27.617758147366814,0.18181818181818182,0.004319654427645789,0.999846413761327
27.643153678732382,0.2,0.004319654427645789,0.9998634788989573
27.668549210097957,0.2,0.004319654427645789,0.9998634788989573
27.693944741463525,0.2,0.004319654427645789,0.9998634788989573
27.719340272829093,0.2,0.004319654427645789,0.9998634788989573
27.74473580419467,0.2,0.004319654427645789,0.9998634788989573
27.770131335560237,0.2,0.004319654427645789,0.9998634788989573
27.795526866925805,0.2,0.004319654427645789,0.9998634788989573
27.82092239829138,0.2,0.004319654427645789,0.9998634788989573
27.846317929656948,0.2222222222222222,0.004319654427645789,0.9998805440365877
27.871713461022523,0.2222222222222222,0.004319654427645789,0.9998805440365877
27.89710899238809,0.2222222222222222,0.004319654427645789,0.9998805440365877
27.92250452375366,0.25,0.004319654427645789,0.999897609174218
27.947900055119234,0.25,0.004319654427645789,0.999897609174218
27.973295586484802,0.25,0.004319654427645789,0.999897609174218
27.998691117850377,0.25,0.004319654427645789,0.999897609174218
28.024086649215945,0.25,0.004319654427645789,0.999897609174218
28.049482180581514,0.25,0.004319654427645789,0.999897609174218
28.07487771194709,0.25,0.004319654427645789,0.999897609174218
28.100273243312657,0.25,0.004319654427645789,0.999897609174218
28.125668774678225,0.25,0.004319654427645789,0.999897609174218
28.1510643060438,0.25,0.004319654427645789,0.999897609174218
28.176459837409368,0.25,0.004319654427645789,0.999897609174218
28.201855368774936,0.25,0.004319654427645789,0.999897609174218
28.22725090014051,0.25,0.004319654427645789,0.999897609174218
28.25264643150608,0.25,0.004319654427645789,0.999897609174218
28.278041962871654,0.25,0.004319654427645789,0.999897609174218
28.303437494237222,0.25,0.004319654427645789,0.999897609174218
28.32883302560279,0.25,0.004319654427645789,0.999897609174218
28.354228556968366,0.25,0.004319654427645789,0.999897609174218
28.379624088333934,0.25,0.004319654427645789,0.999897609174218
28.40501961969951,0.25,0.004319654427645789,0.999897609174218
28.430415151065077,0.25,0.004319654427645789,0.999897609174218
28.455810682430645,0.25,0.004319654427645789,0.999897609174218
28.48120621379622,0.25,0.004319654427645789,0.999897609174218
28.506601745161788,0.25,0.004319654427645789,0.999897609174218
28.531997276527356,0.25,0.004319654427645789,0.999897609174218
28.55739280789293,0.25,0.004319654427645789,0.999897609174218
28.5827883392585,0.25,0.004319654427645789,0.999897609174218
28.608183870624067,0.2857142857142857,0.004319654427645789,0.9999146743118483
28.633579401989643,0.2857142857142857,0.004319654427645789,0.9999146743118483
28.65897493335521,0.3333333333333333,0.004319654427645789,0.9999317394494787
28.684370464720786,0.3333333333333333,0.004319654427645789,0.9999317394494787
28.709765996086354,0.3333333333333333,0.004319654427645789,0.9999317394494787
28.735161527451922,0.3333333333333333,0.004319654427645789,0.9999317394494787
28.760557058817497,0.3333333333333333,0.004319654427645789,0.9999317394494787
28.785952590183065,0.3333333333333333,0.004319654427645789,0.9999317394494787
28.81134812154864,0.3333333333333333,0.004319654427645789,0.9999317394494787
28.83674365291421,0.3333333333333333,0.004319654427645789,0.9999317394494787
28.862139184279776,0.3333333333333333,0.004319654427645789,0.9999317394494787
28.88753471564535,0.3333333333333333,0.004319654427645789,0.9999317394494787
28.91293024701092,0.3333333333333333,0.004319654427645789,0.9999317394494787
28.938325778376488,0.3333333333333333,0.004319654427645789,0.9999317394494787
28.963721309742063,0.3333333333333333,0.004319654427645789,0.9999317394494787
28.98911684110763,0.3333333333333333,0.004319654427645789,0.9999317394494787
29.0145123724732,0.3333333333333333,0.004319654427645789,0.9999317394494787
29.039907903838774,0.3333333333333333,0.004319654427645789,0.9999317394494787
29.065303435204342,0.4,0.004319654427645789,0.999948804587109
29.090698966569917,0.4,0.004319654427645789,0.999948804587109
29.116094497935485,0.4,0.004319654427645789,0.999948804587109
29.141490029301053,0.4,0.004319654427645789,0.999948804587109
29.16688556066663,0.4,0.004319654427645789,0.999948804587109
29.192281092032196,0.4,0.004319654427645789,0.999948804587109
29.21767662339777,0.4,0.004319654427645789,0.999948804587109
29.24307215476334,0.4,0.004319654427645789,0.999948804587109
29.268467686128908,0.4,0.004319654427645789,0.999948804587109
29.293863217494483,0.4,0.004319654427645789,0.999948804587109
29.31925874886005,0.4,0.004319654427645789,0.999948804587109
29.34465428022562,0.4,0.004319654427645789,0.999948804587109
29.370049811591194,0.4,0.004319654427645789,0.999948804587109
29.395445342956762,0.4,0.004319654427645789,0.999948804587109
29.42084087432233,0.4,0.004319654427645789,0.999948804587109
29.446236405687905,0.25,0.0021598272138228943,0.999948804587109
29.471631937053473,0.25,0.0021598272138228943,0.999948804587109
29.49702746841905,0.25,0.0021598272138228943,0.999948804587109
29.522422999784617,0.25,0.0021598272138228943,0.999948804587109
29.547818531150185,0.3333333333333333,0.0021598272138228943,0.9999658697247393
29.57321406251576,0.3333333333333333,0.0021598272138228943,0.9999658697247393
29.598609593881328,0.3333333333333333,0.0021598272138228943,0.9999658697247393
29.624005125246903,0.3333333333333333,0.0021598272138228943,0.9999658697247393
29.64940065661247,0.3333333333333333,0.0021598272138228943,0.9999658697247393
29.67479618797804,0.3333333333333333,0.0021598272138228943,0.9999658697247393
29.700191719343614,0.3333333333333333,0.0021598272138228943,0.9999658697247393
29.725587250709182,0.3333333333333333,0.0021598272138228943,0.9999658697247393
29.75098278207475,0.3333333333333333,0.0021598272138228943,0.9999658697247393
29.776378313440325,0.3333333333333333,0.0021598272138228943,0.9999658697247393
29.801773844805894,0.3333333333333333,0.0021598272138228943,0.9999658697247393
29.82716937617146,0.3333333333333333,0.0021598272138228943,0.9999658697247393
29.852564907537037,0.3333333333333333,0.0021598272138228943,0.9999658697247393
29.877960438902605,0.3333333333333333,0.0021598272138228943,0.9999658697247393
29.90335597026818,0.3333333333333333,0.0021598272138228943,0.9999658697247393
29.928751501633748,0.3333333333333333,0.0021598272138228943,0.9999658697247393
29.954147032999316,0.3333333333333333,0.0021598272138228943,0.9999658697247393
29.97954256436489,0.3333333333333333,0.0021598272138228943,0.9999658697247393
30.00493809573046,0.3333333333333333,0.0021598272138228943,0.9999658697247393
30.030333627096034,0.3333333333333333,0.0021598272138228943,0.9999658697247393
30.055729158461602,0.3333333333333333,0.0021598272138228943,0.9999658697247393
30.08112468982717,0.3333333333333333,0.0021598272138228943,0.9999658697247393
30.106520221192746,0.3333333333333333,0.0021598272138228943,0.9999658697247393
30.131915752558314,0.3333333333333333,0.0021598272138228943,0.9999658697247393
30.15731128392388,0.3333333333333333,0.0021598272138228943,0.9999658697247393
30.182706815289457,0.3333333333333333,0.0021598272138228943,0.9999658697247393
30.208102346655025,0.3333333333333333,0.0021598272138228943,0.9999658697247393
30.233497878020593,0.3333333333333333,0.0021598272138228943,0.9999658697247393
30.258893409386168,0.3333333333333333,0.0021598272138228943,0.9999658697247393
30.284288940751736,0.3333333333333333,0.0021598272138228943,0.9999658697247393
30.30968447211731,0.3333333333333333,0.0021598272138228943,0.9999658697247393
30.33508000348288,0.3333333333333333,0.0021598272138228943,0.9999658697247393
30.360475534848447,0.3333333333333333,0.0021598272138228943,0.9999658697247393
30.385871066214023,0.3333333333333333,0.0021598272138228943,0.9999658697247393
30.41126659757959,0.0,0.0,0.9999658697247393
30.436662128945166,0.0,0.0,0.9999658697247393
30.462057660310734,0.0,0.0,0.9999658697247393
30.487453191676302,0.0,0.0,0.9999658697247393
30.512848723041877,0.0,0.0,0.9999658697247393
30.538244254407445,0.0,0.0,0.9999658697247393
30.563639785773013,0.0,0.0,0.9999658697247393
30.58903531713859,0.0,0.0,0.9999658697247393
30.614430848504156,0.0,0.0,0.9999658697247393
30.639826379869724,0.0,0.0,0.9999658697247393
30.6652219112353,0.0,0.0,0.9999658697247393
30.690617442600868,0.0,0.0,0.9999658697247393
30.716012973966443,0.0,0.0,0.9999658697247393
30.74140850533201,0.0,0.0,0.9999658697247393
30.76680403669758,0.0,0.0,0.9999658697247393
30.792199568063154,0.0,0.0,0.9999658697247393
30.817595099428722,0.0,0.0,0.9999658697247393
30.842990630794297,0.0,0.0,0.9999658697247393
30.868386162159865,0.0,0.0,0.9999658697247393
30.893781693525433,0.0,0.0,0.9999658697247393
30.91917722489101,0.0,0.0,0.9999658697247393
30.944572756256576,0.0,0.0,0.9999658697247393
30.969968287622144,0.0,0.0,0.9999658697247393
30.99536381898772,0.0,0.0,0.9999658697247393
31.020759350353288,0.0,0.0,0.9999658697247393
31.046154881718856,0.0,0.0,0.9999658697247393
31.07155041308443,0.0,0.0,0.9999658697247393
31.09694594445,0.0,0.0,0.9999658697247393
31.122341475815574,0.0,0.0,0.9999658697247393
31.147737007181142,0.0,0.0,0.9999658697247393
31.17313253854671,0.0,0.0,0.9999658697247393
31.198528069912285,0.0,0.0,0.9999658697247393
31.223923601277853,0.0,0.0,0.9999658697247393
31.24931913264343,0.0,0.0,0.9999658697247393
31.274714664008997,0.0,0.0,0.9999658697247393
31.300110195374565,0.0,0.0,0.9999658697247393
31.32550572674014,0.0,0.0,0.9999658697247393
31.350901258105708,0.0,0.0,0.9999658697247393
31.376296789471276,0.0,0.0,0.9999658697247393
31.40169232083685,0.0,0.0,0.9999658697247393
31.42708785220242,0.0,0.0,0.9999658697247393
31.452483383567987,0.0,0.0,0.9999658697247393
31.477878914933562,0.0,0.0,0.9999658697247393
31.50327444629913,0.0,0.0,0.9999658697247393
31.528669977664705,0.0,0.0,0.9999658697247393
31.554065509030274,0.0,0.0,0.9999658697247393
31.57946104039584,0.0,0.0,0.9999658697247393
31.604856571761417,0.0,0.0,0.9999658697247393
31.630252103126985,0.0,0.0,0.9999658697247393
31.65564763449256,0.0,0.0,0.9999658697247393
31.681043165858128,0.0,0.0,0.9999658697247393
31.706438697223696,0.0,0.0,0.9999658697247393
31.73183422858927,0.0,0.0,0.9999658697247393
31.75722975995484,0.0,0.0,0.9999658697247393
31.782625291320407,0.0,0.0,0.9999658697247393
31.808020822685982,0.0,0.0,0.9999658697247393
31.83341635405155,0.0,0.0,0.9999658697247393
31.85881188541712,0.0,0.0,0.9999658697247393
31.884207416782694,0.0,0.0,0.9999658697247393
31.90960294814826,0.0,0.0,0.9999658697247393
31.934998479513837,0.0,0.0,0.9999658697247393
31.960394010879405,0.0,0.0,0.9999658697247393
31.985789542244973,0.0,0.0,0.9999658697247393
32.01118507361055,0.0,0.0,0.9999658697247393
32.036580604976116,0.0,0.0,0.9999658697247393
32.06197613634169,0.0,0.0,0.9999658697247393
32.08737166770726,0.0,0.0,0.9999658697247393
32.11276719907283,0.0,0.0,0.9999658697247393
32.1381627304384,0.0,0.0,0.9999658697247393
32.16355826180397,0.0,0.0,0.9999658697247393
32.18895379316954,0.0,0.0,0.9999658697247393
32.214349324535114,0.0,0.0,0.9999658697247393
32.23974485590068,0.0,0.0,0.9999658697247393
32.26514038726625,0.0,0.0,0.9999658697247393
32.290535918631825,0.0,0.0,0.9999658697247393
32.31593144999739,0.0,0.0,0.9999658697247393
32.34132698136297,0.0,0.0,0.9999829348623697
32.366722512728536,0.0,0.0,0.9999829348623697
32.392118044094104,0.0,0.0,0.9999829348623697
32.41751357545968,0.0,0.0,0.9999829348623697
32.44290910682525,0.0,0.0,0.9999829348623697
32.46830463819082,0.0,0.0,0.9999829348623697
32.49370016955639,0.0,0.0,0.9999829348623697
32.51909570092196,0.0,0.0,0.9999829348623697
32.544491232287534,0.0,0.0,0.9999829348623697
32.5698867636531,0.0,0.0,0.9999829348623697
32.59528229501867,0.0,0.0,0.9999829348623697
32.620677826384245,0.0,0.0,0.9999829348623697
32.64607335774981,0.0,0.0,0.9999829348623697
32.67146888911538,0.0,0.0,0.9999829348623697
32.696864420480956,0.0,0.0,0.9999829348623697
32.722259951846524,0.0,0.0,0.9999829348623697
32.7476554832121,0.0,0.0,0.9999829348623697
