Threshold,Precision,Recall,Specificity
-31.307278275767935,0.008431817412210897,1.0,0.0
-31.274430010687063,0.008431960176766394,1.0,1.7075336384126766e-05
-31.241581745606194,0.008431960176766394,1.0,1.7075336384126766e-05
-31.20873348052532,0.008431960176766394,1.0,1.7075336384126766e-05
-31.17588521544445,0.008431960176766394,1.0,1.7075336384126766e-05
-31.143036950363577,0.008431960176766394,1.0,1.7075336384126766e-05
-31.110188685282708,0.008431960176766394,1.0,1.7075336384126766e-05
-31.077340420201836,0.008431960176766394,1.0,1.7075336384126766e-05
-31.044492155120963,0.008431960176766394,1.0,1.7075336384126766e-05
-31.01164389004009,0.008431960176766394,1.0,1.7075336384126766e-05
-30.978795624959222,0.008431960176766394,1.0,1.7075336384126766e-05
-30.94594735987835,0.008431960176766394,1.0,1.7075336384126766e-05
-30.913099094797477,0.008431960176766394,1.0,1.7075336384126766e-05
-30.880250829716605,0.008431960176766394,1.0,1.7075336384126766e-05
-30.847402564635736,0.008431960176766394,1.0,1.7075336384126766e-05
-30.814554299554864,0.008431960176766394,1.0,1.7075336384126766e-05
-30.78170603447399,0.008431960176766394,1.0,1.7075336384126766e-05
-30.74885776939312,0.008431960176766394,1.0,1.7075336384126766e-05
-30.71600950431225,0.008431960176766394,1.0,1.7075336384126766e-05
-30.683161239231378,0.008431960176766394,1.0,1.7075336384126766e-05
-30.650312974150506,0.008431960176766394,1.0,1.7075336384126766e-05
-30.617464709069633,0.008431960176766394,1.0,1.7075336384126766e-05
-30.584616443988764,0.008431960176766394,1.0,1.7075336384126766e-05
-30.551768178907892,0.008431960176766394,1.0,1.7075336384126766e-05
-30.51891991382702,0.008431960176766394,1.0,1.7075336384126766e-05
-30.486071648746147,0.008431960176766394,1.0,1.7075336384126766e-05
-30.45322338366528,0.008431960176766394,1.0,1.7075336384126766e-05
-30.420375118584406,0.008431960176766394,1.0,1.7075336384126766e-05
-30.387526853503534,0.008431960176766394,1.0,1.7075336384126766e-05
-30.354678588422665,0.008431960176766394,1.0,1.7075336384126766e-05
-30.321830323341793,0.008431960176766394,1.0,1.7075336384126766e-05
-30.28898205826092,0.008431960176766394,1.0,1.7075336384126766e-05
-30.256133793180048,0.008431960176766394,1.0,1.7075336384126766e-05
-30.22328552809918,0.008431960176766394,1.0,1.7075336384126766e-05
-30.190437263018307,0.008431960176766394,1.0,1.7075336384126766e-05
-30.157588997937435,0.008431960176766394,1.0,1.7075336384126766e-05
-30.124740732856562,0.008431960176766394,1.0,1.7075336384126766e-05
-30.091892467775693,0.008431960176766394,1.0,1.7075336384126766e-05
-30.05904420269482,0.008431960176766394,1.0,1.7075336384126766e-05
-30.02619593761395,0.008431960176766394,1.0,1.7075336384126766e-05
-29.993347672533076,0.008431960176766394,1.0,1.7075336384126766e-05
-29.960499407452208,0.00843210294615645,1.0,3.415067276825353e-05
-29.927651142371335,0.00843210294615645,1.0,3.415067276825353e-05
-29.894802877290463,0.00843210294615645,1.0,3.415067276825353e-05
-29.86195461220959,0.00843210294615645,1.0,3.415067276825353e-05
-29.82910634712872,0.00843210294615645,1.0,3.415067276825353e-05
-29.79625808204785,0.00843210294615645,1.0,3.415067276825353e-05
-29.763409816966977,0.00843210294615645,1.0,3.415067276825353e-05
-29.730561551886105,0.00843210294615645,1.0,3.415067276825353e-05
-29.697713286805236,0.00843210294615645,1.0,3.415067276825353e-05
-29.664865021724363,0.00843210294615645,1.0,3.415067276825353e-05
-29.63201675664349,0.00843210294615645,1.0,3.415067276825353e-05
-29.599168491562622,0.00843210294615645,1.0,3.415067276825353e-05
-29.56632022648175,0.00843210294615645,1.0,3.415067276825353e-05
-29.533471961400878,0.00843210294615645,1.0,3.415067276825353e-05
-29.500623696320005,0.008432245720381313,1.0,5.1226009152380304e-05
-29.467775431239136,0.008432245720381313,1.0,5.1226009152380304e-05
-29.434927166158264,0.008432245720381313,1.0,5.1226009152380304e-05
-29.40207890107739,0.008432245720381313,1.0,5.1226009152380304e-05
-29.36923063599652,0.008432245720381313,1.0,5.1226009152380304e-05
-29.33638237091565,0.008432245720381313,1.0,5.1226009152380304e-05
-29.30353410583478,0.008432245720381313,1.0,5.1226009152380304e-05
-29.270685840753906,0.008432245720381313,1.0,5.1226009152380304e-05
-29.237837575673034,0.008432388499441227,1.0,6.830134553650706e-05
-29.204989310592165,0.008432388499441227,1.0,6.830134553650706e-05
-29.172141045511292,0.008432531283336438,1.0,8.537668192063384e-05
-29.13929278043042,0.008432531283336438,1.0,8.537668192063384e-05
-29.106444515349548,0.008432531283336438,1.0,8.537668192063384e-05
-29.07359625026868,0.00843267407206719,1.0,0.00010245201830476061
-29.040747985187807,0.00843267407206719,1.0,0.00010245201830476061
-29.007899720106934,0.00843267407206719,1.0,0.00010245201830476061
-28.975051455026062,0.00843267407206719,1.0,0.00010245201830476061
-28.942203189945193,0.00843267407206719,1.0,0.00010245201830476061
-28.90935492486432,0.00843267407206719,1.0,0.00010245201830476061
-28.87650665978345,0.00843267407206719,1.0,0.00010245201830476061
-28.84365839470258,0.00843267407206719,1.0,0.00010245201830476061
-28.810810129621707,0.00843267407206719,1.0,0.00010245201830476061
-28.777961864540835,0.00843267407206719,1.0,0.00010245201830476061
-28.745113599459962,0.00843267407206719,1.0,0.00010245201830476061
-28.71226533437909,0.00843267407206719,1.0,0.00010245201830476061
-28.67941706929822,0.00843267407206719,1.0,0.00010245201830476061
-28.64656880421735,0.00843267407206719,1.0,0.00010245201830476061
-28.613720539136477,0.00843267407206719,1.0,0.00010245201830476061
-28.580872274055608,0.008432959664036305,1.0,0.00013660269107301413
-28.548024008974735,0.008432959664036305,1.0,0.00013660269107301413
-28.515175743893863,0.008432959664036305,1.0,0.00013660269107301413
-28.48232747881299,0.008432959664036305,1.0,0.00013660269107301413
-28.449479213732122,0.008432959664036305,1.0,0.00013660269107301413
-28.41663094865125,0.008432959664036305,1.0,0.00013660269107301413
-28.383782683570377,0.00843310246727516,1.0,0.00015367802745714092
-28.350934418489505,0.008433245275350538,1.0,0.00017075336384126768
-28.318086153408636,0.008433245275350538,1.0,0.00017075336384126768
-28.285237888327764,0.008433245275350538,1.0,0.00017075336384126768
-28.25238962324689,0.008433245275350538,1.0,0.00017075336384126768
-28.21954135816602,0.008433245275350538,1.0,0.00017075336384126768
-28.18669309308515,0.008433245275350538,1.0,0.00017075336384126768
-28.153844828004278,0.008433245275350538,1.0,0.00017075336384126768
-28.120996562923406,0.008433245275350538,1.0,0.00017075336384126768
-28.088148297842537,0.008433388088262689,1.0,0.00018782870022539445
-28.055300032761664,0.008433388088262689,1.0,0.00018782870022539445
-28.022451767680792,0.008433530906011854,1.0,0.00020490403660952122
-27.98960350259992,0.008433530906011854,1.0,0.00020490403660952122
-27.956755237519047,0.008433530906011854,1.0,0.00020490403660952122
-27.92390697243818,0.008433673728598283,1.0,0.00022197937299364798
-27.891058707357306,0.008433673728598283,1.0,0.00022197937299364798
-27.858210442276434,0.008433673728598283,1.0,0.00022197937299364798
-27.825362177195565,0.008433673728598283,1.0,0.00022197937299364798
-27.792513912114693,0.008433673728598283,1.0,0.00022197937299364798
-27.75966564703382,0.008433673728598283,1.0,0.00022197937299364798
-27.726817381952948,0.008433673728598283,1.0,0.00022197937299364798
-27.69396911687208,0.008433673728598283,1.0,0.00022197937299364798
-27.661120851791207,0.00843381655602222,1.0,0.00023905470937777475
-27.628272586710334,0.00843381655602222,1.0,0.00023905470937777475
-27.595424321629462,0.00843381655602222,1.0,0.00023905470937777475
-27.562576056548593,0.00843381655602222,1.0,0.00023905470937777475
-27.52972779146772,0.00843381655602222,1.0,0.00023905470937777475
-27.49687952638685,0.00843381655602222,1.0,0.00023905470937777475
-27.464031261305976,0.00843381655602222,1.0,0.00023905470937777475
-27.431182996225107,0.00843381655602222,1.0,0.00023905470937777475
-27.398334731144235,0.00843381655602222,1.0,0.00023905470937777475
-27.365486466063363,0.00843395938828391,1.0,0.0002561300457619015
-27.33263820098249,0.00843395938828391,1.0,0.0002561300457619015
-27.29978993590162,0.0084341022253836,1.0,0.00027320538214602825
-27.26694167082075,0.0084341022253836,1.0,0.00027320538214602825
-27.234093405739877,0.00843438791409796,1.0,0.00030735605491428184
-27.201245140659005,0.00843438791409796,1.0,0.00030735605491428184
-27.168396875578136,0.00843438791409796,1.0,0.00030735605491428184
-27.135548610497263,0.00843438791409796,1.0,0.00030735605491428184
-27.10270034541639,0.008434530765713124,1.0,0.0003244313912984086
-27.069852080335522,0.008434673622167271,1.0,0.00034150672768253537
-27.03700381525465,0.008434673622167271,1.0,0.00034150672768253537
-27.004155550173778,0.008434959349593495,1.0,0.0003756574004507889
-26.971307285092905,0.008434959349593495,1.0,0.0003756574004507889
-26.938459020012033,0.008435102220566067,1.0,0.00039273273683491564
-26.905610754931164,0.008435387977031352,1.0,0.00042688340960316917
-26.87276248985029,0.008435387977031352,1.0,0.00042688340960316917
-26.83991422476942,0.008435387977031352,1.0,0.00042688340960316917
-26.80706595968855,0.00843553086252456,1.0,0.00044395874598729596
-26.774217694607678,0.00843553086252456,1.0,0.00044395874598729596
-26.741369429526806,0.008435673752858475,1.0,0.0004610340823714227
-26.708521164445933,0.008435816648033338,1.0,0.0004781094187555495
-26.675672899365065,0.008435959548049396,1.0,0.0004951847551396762
-26.642824634284192,0.008436102452906899,1.0,0.000512260091523803
-26.60997636920332,0.008436245362606088,1.0,0.0005293354279079298
-26.57712810412245,0.008436245362606088,1.0,0.0005293354279079298
-26.54427983904158,0.008436245362606088,1.0,0.0005293354279079298
-26.511431573960706,0.008436531196530518,1.0,0.0005634861006761833
-26.478583308879834,0.008436531196530518,1.0,0.0005634861006761833
-26.445735043798962,0.008436531196530518,1.0,0.0005634861006761833
-26.412886778718093,0.008436817049824656,1.0,0.0005976367734444369
-26.38003851363722,0.00843710292249047,1.0,0.0006317874462126904
-26.34719024855635,0.00843710292249047,1.0,0.0006317874462126904
-26.31434198347548,0.008437531767815391,1.0,0.0006830134553650707
-26.281493718394607,0.008437674725945003,1.0,0.0007000887917491974
-26.248645453313735,0.00843781768891901,1.0,0.0007171641281333242
-26.215797188232862,0.00843796065673766,1.0,0.000734239464517451
-26.18294892315199,0.00843796065673766,1.0,0.000734239464517451
-26.15010065807112,0.00843796065673766,1.0,0.000734239464517451
-26.11725239299025,0.008438246606909873,1.0,0.0007683901372857045
-26.084404127909377,0.008438389589263929,1.0,0.0007854654736698313
-26.051555862828508,0.008438389589263929,1.0,0.0007854654736698313
-26.018707597747635,0.008438389589263929,1.0,0.0007854654736698313
-25.985859332666763,0.008438389589263929,1.0,0.0007854654736698313
-25.95301106758589,0.008438389589263929,1.0,0.0007854654736698313
-25.92016280250502,0.008438818565400843,1.0,0.0008366914828222115
-25.88731453742415,0.008438961567138886,1.0,0.0008537668192063383
-25.854466272343277,0.008438961567138886,1.0,0.0008537668192063383
-25.82161800726241,0.008439104573723544,1.0,0.0008708421555904651
-25.788769742181536,0.008439104573723544,1.0,0.0008708421555904651
-25.755921477100664,0.008439247585155059,1.0,0.0008879174919745919
-25.72307321201979,0.008439676648533226,1.0,0.0009391435011269722
-25.69022494693892,0.008440248800908429,1.0,0.0010074448466634793
-25.65737668185805,0.00844039185112369,1.0,0.001024520183047606
-25.624528416777178,0.008440677966101696,1.0,0.0010586708558158596
-25.591680151696306,0.008441250254254526,1.0,0.0011269722013523666
-25.558831886615437,0.00844139333841851,1.0,0.0011440475377364934
-25.525983621534564,0.008441536427433298,1.0,0.0011611228741206202
-25.493135356453692,0.008442251945277934,1.0,0.001246499556041254
-25.46028709137282,0.008442395063402726,1.0,0.0012635748924253807
-25.427438826291947,0.00844253818638005,1.0,0.0012806502288095075
-25.39459056121108,0.008442681314210151,1.0,0.0012977255651936343
-25.361742296130206,0.008443253874063274,1.0,0.0013660269107301415
-25.328894031049334,0.008443397026160968,1.0,0.001383102247114268
-25.296045765968465,0.008443683344919378,1.0,0.0014172529198825216
-25.263197500887593,0.008444112859468259,1.0,0.001468478929034902
-25.23034923580672,0.008444542417716583,1.0,0.0015197049381872824
-25.197500970725848,0.008444828814162893,1.0,0.0015538556109555358
-25.164652705644976,0.008444972019671019,1.0,0.0015709309473396626
-25.131804440564107,0.008444972019671019,1.0,0.0015709309473396626
-25.098956175483234,0.008445544890275752,1.0,0.0016392322928761697
-25.066107910402362,0.008445688120071229,1.0,0.0016563076292602965
-25.033259645321493,0.008445974594237064,1.0,0.0016904583020285499
-25.00041138024062,0.008446261087837723,1.0,0.0017246089747968035
-24.96756311515975,0.008446547600875185,1.0,0.001758759647565057
-24.934714850078876,0.008447120685268424,1.0,0.001827060993101564
-24.901866584998007,0.008447263968517827,1.0,0.0018441363294856908
-24.869018319917135,0.008447837150127226,1.0,0.001912437675022198
-24.836170054836263,0.00844798045768376,1.0,0.0019295130114063248
-24.803321789755394,0.008448267087383582,1.0,0.001963663684174578
-24.77047352467452,0.008448410409527363,1.0,0.001980739020558705
-24.73762525959365,0.008448840405137166,1.0,0.0020319650297110853
-24.704776994512777,0.008448983746734078,1.0,0.002049040366095212
-24.671928729431905,0.008449413800709208,1.0,0.0021002663752475925
-24.639080464351036,0.00844998727411555,1.0,0.0021685677207840997
-24.606232199270163,0.008450274040011538,1.0,0.002202718393552353
-24.57338393418929,0.008451134454494543,1.0,0.0023051704118571136
-24.540535669108422,0.008451708161498905,1.0,0.0023734717573936207
-24.50768740402755,0.008452281946400991,1.0,0.002441773102930128
-24.474839138946678,0.008452281946400991,1.0,0.002441773102930128
-24.441990873865805,0.008452712336207481,1.0,0.002492999112082508
-24.409142608784933,0.008453142769847063,1.0,0.0025442251212348882
-24.376294343704064,0.008453429749961806,1.0,0.002578375794003142
-24.34344607862319,0.008453716749562886,1.0,0.0026125264667713954
-24.31059781354232,0.008454003768652282,1.0,0.002646677139539649
-24.27774954846145,0.008454577865303974,1.0,0.002714978485076156
-24.244901283380578,0.00845486494287024,1.0,0.0027491291578444097
-24.212053018299706,0.008455008488964346,1.0,0.002766204494228536
-24.179204753218833,0.008455295595775748,1.0,0.0028003551669967897
-24.146356488137965,0.008456444218033623,1.0,0.002936957858069804
-24.113508223057092,0.008457162265432623,1.0,0.003022334539990438
-24.08065995797622,0.008458167736675837,1.0,0.003141861894679325
-24.04781169289535,0.00845902975947819,1.0,0.003244313912984086
-24.01496342781448,0.008459173447028248,1.0,0.0032613892493682127
-23.982115162733606,0.008460035674849231,1.0,0.003363841267672973
-23.949266897652734,0.008460898078458689,1.0,0.0034662932859777337
-23.91641863257186,0.008461185585401907,1.0,0.0035004439587459873
-23.883570367490993,0.008461904438251885,1.0,0.0035858206406666213
-23.85072210241012,0.008462479608482872,1.0,0.003654121986203128
-23.81787383732925,0.008463054856909796,1.0,0.003722423331739635
-23.78502557224838,0.008463774027430785,1.0,0.003807800013660269
-23.752177307167507,0.0084647810715257,1.0,0.003927327368349156
-23.719329042086635,0.008465500535468407,1.0,0.004012704050269791
-23.686480777005762,0.008466076194685751,1.0,0.004081005395806297
-23.65363251192489,0.008466651932198779,1.0,0.004149306741342804
-23.62078424684402,0.008467083786724701,1.0,0.004200532750495185
-23.58793598176315,0.00846794762795443,1.0,0.004302984768799946
-23.555087716682277,0.008468379614671723,1.0,0.004354210777952326
-23.522239451601408,0.008468811645466295,1.0,0.004405436787104706
-23.489391186520535,0.008469243720344893,1.0,0.004456662796257086
-23.456542921439663,0.008470108002381155,1.0,0.004559114814561847
-23.42369465635879,0.008470684288411492,1.0,0.004627416160098354
-23.39084639127792,0.008471116554398857,1.0,0.004678642169250734
-23.35799812619705,0.00847198121874043,1.0,0.004781094187555495
-23.325149861116177,0.008472701907208603,1.0,0.004866470869476129
-23.29230159603531,0.008473566895237447,1.0,0.004968922887780889
-23.259453330954436,0.008474287853520744,1.0,0.005054299569701523
-23.226605065873564,0.008475441641989176,1.0,0.005190902260774537
-23.19375680079269,0.008476595744680852,1.0,0.0053275049518475516
-23.16090853571182,0.008477461527985838,1.0,0.005429956970152312
-23.128060270630947,0.008479049256806225,1.0,0.005617785670377707
-23.095212005550078,0.00848005993937949,1.0,0.005737313025066594
-23.062363740469205,0.008481070862923415,1.0,0.005856840379755481
-23.029515475388337,0.008481648641744017,1.0,0.005925141725291988
-22.996667210307464,0.00848352696671323,1.0,0.006147121098285636
-22.963818945226592,0.008484249620934631,1.0,0.00623249778020627
-22.93097068014572,0.008485550708833152,1.0,0.006386175807663411
-22.898122415064847,0.008486273707888145,1.0,0.0064715524895840445
-22.86527414998398,0.00848699683015781,1.0,0.006556929171504679
-22.832425884903106,0.00848829876084474,1.0,0.00671060719896182
-22.799577619822237,0.008488877524929685,1.0,0.006778908544498327
-22.766729354741365,0.0084897458190559,1.0,0.0068813605628030875
-22.733881089660493,0.008490614290829113,1.0,0.0069838125811078474
-22.70103282457962,0.008492641416122377,1.0,0.0072228672904856225
-22.668184559498748,0.008494089955482781,1.0,0.0073936206543268905
-22.635336294417876,0.008494669509594883,1.0,0.007461921999863398
-22.602488029337007,0.00849611874093662,1.0,0.007632675363704665
-22.569639764256134,0.008497133497133496,1.0,0.007752202718393553
-22.536791499175266,0.008498293515358362,1.0,0.007888805409466567
-22.503943234094393,0.008499889057672943,1.0,0.008076634109691961
-22.47109496901352,0.008500614502253175,1.0,0.008162010791612594
-22.43824670393265,0.008502356074574882,1.0,0.008366914828222115
-22.405398438851776,0.008503662722196608,1.0,0.008520592855679257
-22.372550173770904,0.00850496977149298,1.0,0.008674270883136399
-22.339701908690035,0.008490791676632385,0.9979919678714859,0.008998702274434806
-22.306853643609163,0.008491952294706626,0.9979919678714859,0.00913530496550782
-22.274005378528294,0.00849311323011723,0.9979919678714859,0.009271907656580834
-22.24115711344742,0.008494129309018817,0.9979919678714859,0.009391435011269721
-22.20830884836655,0.00849514563106796,0.9979919678714859,0.00951096236595861
-22.175460583285677,0.00849674320004103,0.9979919678714859,0.009698791066184004
-22.142612318204804,0.00848051703797425,0.9959839357429718,0.009784167748104637
-22.109764053123932,0.008482402435270377,0.9959839357429718,0.010006147121098286
-22.076915788043063,0.008484869220110509,0.9959839357429718,0.01029642783962844
-22.044067522962195,0.008485885372112917,0.9959839357429718,0.010415955194317329
-22.011219257881322,0.008487482674241516,0.9959839357429718,0.010603783894542723
-21.97837099280045,0.008489080577805163,0.9959839357429718,0.010791612594768117
-21.945522727719577,0.008490243067442657,0.9959839357429718,0.010928215285841132
-21.912674462638705,0.00849198739898644,0.9959839357429718,0.011133119322450652
-21.879826197557833,0.008493150684931507,0.9959839357429718,0.011269722013523666
-21.846977932476964,0.008494168821605329,0.9959839357429718,0.011389249368212553
-21.81412966739609,0.008496205827437948,0.9959839357429718,0.011628304077590329
-21.781281402315223,0.00849780701754386,0.9959839357429718,0.011816132777815723
-21.74843313723435,0.008499700111387199,0.9959839357429718,0.01203811215080937
-21.715584872153478,0.008501739771344337,0.9959839357429718,0.012277166860187146
-21.682736607072606,0.00850450944754981,0.9959839357429718,0.012601598251485555
-21.649888341991733,0.008506113769271665,0.9959839357429718,0.01278942695171095
-21.61704007691086,0.008507426846420363,0.9959839357429718,0.012943104979168089
-21.584191811829992,0.00850961620944636,0.9959839357429718,0.01319923502492999
-21.55134354674912,0.008511514569104576,0.9959839357429718,0.01342121439792364
-21.51849528166825,0.00851399831779872,0.9959839357429718,0.013711495116453793
-21.48564701658738,0.008515313830517787,0.9959839357429718,0.013865173143910935
-21.452798751506506,0.008516337288164696,0.9959839357429718,0.013984700498599822
-21.419950486425634,0.008519262808952096,0.9959839357429718,0.014326207226282358
-21.38710222134476,0.008521604673138047,0.9959839357429718,0.014599412608428387
-21.35425395626389,0.008524533814557016,0.9959839357429718,0.01494091933611092
-21.32140569118302,0.008526878577936702,0.9959839357429718,0.01521412471825695
-21.288557426102148,0.008528637997145658,0.9959839357429718,0.015419028754866471
-21.25570916102128,0.008530691570782381,0.9959839357429718,0.015658083464244247
-21.222860895940407,0.008534067446662078,0.9959839357429718,0.016050816201079163
-21.190012630859535,0.008518620499759069,0.9939759036144579,0.016238644901304555
-21.157164365778662,0.008521846916640843,0.9939759036144579,0.016614302301755344
-21.12431610069779,0.008524194937144826,0.9939759036144579,0.016887507683901373
-21.09146783561692,0.008526397381793126,0.9939759036144579,0.017143637729663274
-21.05861957053605,0.00853007065311046,0.9939759036144579,0.017570521139266444
-21.02577130545518,0.008532717368820244,0.9939759036144579,0.017877877194180724
-20.992923040374308,0.008518563225328069,0.9919678714859438,0.01821938392186326
-20.960074775293435,0.008521355136962672,0.9919678714859438,0.01854381531316167
-20.927226510212563,0.008523560570767983,0.9919678714859438,0.01879994535892357
-20.89437824513169,0.0085269444540339,0.9919678714859438,0.019192678095758486
-20.86152998005082,0.008529005524861879,0.9919678714859438,0.01943173280513626
-20.82868171496995,0.008531656937584195,0.9919678714859438,0.019739088860050543
-20.795833449889077,0.008535194719928125,0.9919678714859438,0.020148896933269586
-20.76298518480821,0.008520125123135682,0.9899598393574297,0.02038795164264736
-20.730136919727336,0.008523218422599494,0.9899598393574297,0.02074653370671402
-20.697288654646464,0.00852646143203044,0.9899598393574297,0.02112219110716481
-20.66444038956559,0.008529264199581322,0.9899598393574297,0.02144662249846322
-20.63159212448472,0.00853413654618474,0.9899598393574297,0.022010108599139402
-20.598743859403847,0.00853738787102137,0.9899598393574297,0.02238576599959019
-20.565895594322978,0.008540049889135254,0.9899598393574297,0.022693122054504473
-20.533047329242105,0.008542861598710772,0.9899598393574297,0.023017553445802884
-20.500199064161237,0.008545527031946058,0.9899598393574297,0.023324909500717163
-20.467350799080364,0.008548638807005375,0.9899598393574297,0.023683491564783825
-20.434502533999492,0.008551307847082495,0.9899598393574297,0.023990847619698108
-20.40165426891862,0.00855457227138643,0.9899598393574297,0.024366505020148897
-20.368806003837747,0.008541370091316274,0.9879518072289156,0.02482753910252032
-20.33595773875688,0.008544336771907888,0.9879518072289156,0.025169045830202855
-20.303109473676006,0.008547602501737318,0.9879518072289156,0.025544703230653644
-20.270261208595137,0.008551316589901799,0.9879518072289156,0.025971586640256814
-20.237412943514265,0.008554290185169086,0.9879518072289156,0.02631309336793935
-20.204564678433393,0.008541952993162958,0.9859437751004017,0.026876579468615533
-20.17171641335252,0.008545074834667595,0.9859437751004017,0.027235161532682194
-20.138868148271648,0.008548645448847413,0.9859437751004017,0.027644969605901237
-20.106019883190775,0.008553857946725666,0.9859437751004017,0.028242606379345673
-20.073171618109907,0.008555944726157493,0.9859437751004017,0.028481661088723447
-20.040323353029034,0.00855982287617022,0.9859437751004017,0.028925619834710745
-20.007475087948166,0.008564003279088832,0.9859437751004017,0.029403729253466293
-19.974626822867293,0.008568038250793983,0.9859437751004017,0.029864763335837714
-19.94177855778642,0.0085720770264844,0.9859437751004017,0.03032579741820914
-19.90893029270555,0.008576119611541954,0.9859437751004017,0.03078683150058056
-19.876082027624676,0.008580315951349084,0.9859437751004017,0.03126494091933611
-19.843233762543804,0.008584816589152708,0.9859437751004017,0.031777201010859915
-19.810385497462935,0.00859037388246409,0.9859437751004017,0.0324089884570726
-19.777537232382063,0.008594283313787612,0.9859437751004017,0.0328529472030599
-19.744688967301194,0.008597895179224964,0.9859437751004017,0.03326275527627894
-19.71184070222032,0.008602414282460535,0.9859437751004017,0.033775015367802745
-19.67899243713945,0.0086075416790842,0.9859437751004017,0.03435557680486306
-19.646144172058577,0.008612977353658322,0.9859437751004017,0.034970288914691616
-19.613295906977704,0.008618571177812884,0.9859437751004017,0.03560207636090431
-19.580447641896832,0.0086215978928885,0.9859437751004017,0.03594358308858685
-19.547599376815963,0.008627506106025197,0.9859437751004017,0.03660952120756779
-19.514751111735094,0.008632967032967034,0.9859437751004017,0.037224233317396355
-19.481902846654222,0.008637523089101944,0.9859437751004017,0.03773649340892016
-19.44905458157335,0.008642692436323951,0.9859437751004017,0.03831705484598046
-19.416206316492477,0.008647563359692844,0.9859437751004017,0.03886346561027252
-19.383358051411605,0.00863649182177101,0.9839357429718876,0.03958062973840585
-19.350509786330733,0.008639842014317452,0.9839357429718876,0.039956287138856635
-19.317661521249864,0.008646855368108986,0.9839357429718876,0.040741752612526466
-19.28481325616899,0.008652199247788392,0.9839357429718876,0.041339389385970905
-19.251964991088123,0.008658161642576951,0.9839357429718876,0.042005327504951846
-19.21911672600725,0.008664285461682639,0.9839357429718876,0.04268834096031692
-19.186268460926378,0.008669957711838915,0.9839357429718876,0.04332012840652961
-19.153420195845506,0.008675791001965333,0.9839357429718876,0.04396899118912643
-19.120571930764633,0.008681170717879669,0.9839357429718876,0.04456662796257086
-19.08772366568376,0.008686095157058782,0.9839357429718876,0.04511303872686292
-19.054875400602892,0.008691641833404285,0.9839357429718876,0.045727750836691484
-19.02202713552202,0.00869873957038878,0.9839357429718876,0.046513216310361316
-18.98917887044115,0.00870476630367199,0.9839357429718876,0.04717915442934226
-18.95633060536028,0.008710336858945872,0.9839357429718876,0.04779386653917082
-18.923482340279406,0.008716069586253513,0.9839357429718876,0.04842565398538351
-18.890634075198534,0.00872165462247695,0.9839357429718876,0.049040366095212076
-18.85778581011766,0.008727246820788659,0.9839357429718876,0.04965507820504064
-18.82493754503679,0.008734091476239707,0.9839357429718876,0.05040639300594222
-18.79208927995592,0.00874141468200874,0.9839357429718876,0.05120893381599618
-18.759241014875048,0.008747344556116893,0.9839357429718876,0.05185779659859299
-18.72639274979418,0.008753907994640464,0.9839357429718876,0.052574960726726315
-18.693544484713307,0.008742759064578417,0.9819277108433735,0.05329212485485964
-18.660696219632435,0.008730499499069701,0.9799196787148594,0.05388976162830408
-18.627847954551562,0.008702347485093201,0.9759036144578314,0.054692302438358036
-18.59499968947069,0.0087093652557256,0.9759036144578314,0.05546069257564374
-18.56215142438982,0.008716863364063566,0.9759036144578314,0.056280308722081826
-18.52930315930895,0.00870579788188835,0.9738955823293173,0.057014548186599276
-18.49645489422808,0.008713774951041161,0.9738955823293173,0.057885390342189744
-18.463606629147208,0.008721296146445847,0.9738955823293173,0.05870500648862782
-18.430758364066335,0.008710989525215075,0.9718875502008032,0.05952462263506591
-18.397910098985463,0.008718835567084594,0.9718875502008032,0.06037838945427225
-18.36506183390459,0.008725122584366888,0.9718875502008032,0.06106140290963732
-18.332213568823718,0.008713692946058092,0.9698795180722891,0.06176149170138652
-18.29936530374285,0.008722662669532082,0.9698795180722891,0.06273478587528174
-18.266517038661977,0.008712312920251609,0.9678714859437751,0.06355440202171983
-18.23366877358111,0.008719089741502505,0.9678714859437751,0.06428864148623728
-18.200820508500236,0.008727773150327744,0.9678714859437751,0.06522778498736426
-18.167972243419364,0.00873409922806509,0.9678714859437751,0.06591079844272932
-18.13512397833849,0.008742019733023796,0.9678714859437751,0.06676456526193567
-18.10227571325762,0.008750113461014796,0.9678714859437751,0.06763540741752612
-18.069427448176747,0.00875885880428857,0.9678714859437751,0.0685745509186531
-18.036579183095878,0.008751341811764278,0.9658634538152611,0.06970152312000547
-18.003730918015005,0.008761065170667735,0.9658634538152611,0.07074311863943719
-17.970882652934137,0.00877017048044489,0.9658634538152611,0.07171641281333242
-17.938034387853264,0.008779935747663552,0.9658634538152611,0.07275800833276415
-17.905186122772392,0.008789080344254208,0.9658634538152611,0.07373130250665938
-17.87233785769152,0.00878027365186215,0.963855421686747,0.07472167201693873
-17.839489592610647,0.00877016313601992,0.9618473895582329,0.07557543883614508
-17.80664132752978,0.008761478820316367,0.9598393574297188,0.07658288368280855
-17.773793062448906,0.00875309661436829,0.9578313253012049,0.07762447920224029
-17.740944797368037,0.008762261655461259,0.9578313253012049,0.07859777337613551
-17.708096532287165,0.008770962047661077,0.9578313253012049,0.07951984154087835
-17.675248267206292,0.008780002945074363,0.9578313253012049,0.08047606037838946
-17.64240000212542,0.008790196259098867,0.9578313253012049,0.08155180657058944
-17.609551737044548,0.008798627635437994,0.9578313253012049,0.08243972406256403
-17.576703471963675,0.008808213613029508,0.9578313253012049,0.08344716890922751
-17.543855206882807,0.008817820500970516,0.9578313253012049,0.08445461375589099
-17.511006941801934,0.008828101865561148,0.9578313253012049,0.08553035994809098
-17.478158676721065,0.008839389952374776,0.9578313253012049,0.08670855815859572
-17.445310411640193,0.008849557522123894,0.9578313253012049,0.08776722901441159
-17.41246214655932,0.008859583952451709,0.9578313253012049,0.08880882453384331
-17.37961388147845,0.008867984160330179,0.9578313253012049,0.08967966668943378
-17.346765616397576,0.008879539827621512,0.9578313253012049,0.09087494023632266
-17.313917351316704,0.008891622860977519,0.9578313253012049,0.09212143979236391
-17.281069086235835,0.008900748259969025,0.9578313253012049,0.09306058329349089
-17.248220821154963,0.008911057557585608,0.9578313253012049,0.09411925414930675
-17.215372556074094,0.008923393508558601,0.9578313253012049,0.09538282904173212
-17.18252429099322,0.008915527252294437,0.9558232931726908,0.09647565057031623
-17.14967602591235,0.008929911451298215,0.9558232931726908,0.09794412949935113
-17.116827760831477,0.008939974457215836,0.9558232931726908,0.09896864968239874
-17.083979495750604,0.008952080042127435,0.9558232931726908,0.10019807390205587
-17.051131230669732,0.008964049641249694,0.9558232931726908,0.10141042278532887
-17.018282965588863,0.008977744247453791,0.9558232931726908,0.10279352503244314
-16.985434700507994,0.008988764044943821,0.9558232931726908,0.10390342189741138
-16.952586435427122,0.008998790078644889,0.9558232931726908,0.10491086674407486
-16.91973817034625,0.009011567369038829,0.9558232931726908,0.10619151697288437
-16.886889905265377,0.009025407660219947,0.9558232931726908,0.10757461921999864
-16.854041640184505,0.009037231113895693,0.9558232931726908,0.10875281743050338
-16.821193375103633,0.0090483975211953,0.9558232931726908,0.10986271429547162
-16.788345110022764,0.009044690290762991,0.9538152610441767,0.11136534389727477
-16.75549684494189,0.009019832189168573,0.9497991967871486,0.11264599412608428
-16.722648579861023,0.00901348203032502,0.9477911646586346,0.11389249368212553
-16.68980031478015,0.00902623728294959,0.9477911646586346,0.11515606857455092
-16.656952049699278,0.00903954802259887,0.9477911646586346,0.11647086947612868
-16.624103784618406,0.009050814956855226,0.9477911646586346,0.11758076634109692
-16.591255519537533,0.009064720568465526,0.9477911646586346,0.11894679325182705
-16.55840725445666,0.009061526030243565,0.9457831325301205,0.1205006488627826
-16.525558989375792,0.009055004334842501,0.9437751004016064,0.12173007308243973
-16.49271072429492,0.009069857197993053,0.9437751004016064,0.1231814766750905
-16.45986245921405,0.009082652134423252,0.9437751004016064,0.12442797623113175
-16.42701419413318,0.009079645332404074,0.9417670682730924,0.12599890717847143
-16.394165929052306,0.009095140208664624,0.9417670682730924,0.12750153678027457
-16.361317663971434,0.00911121903836814,0.9417670682730924,0.1290553923912301
-16.32846939889056,0.009127354818620582,0.9417670682730924,0.13060924800218565
-16.29562113380969,0.009142656633786892,0.9417670682730924,0.13207772693122055
-16.26277286872882,0.009118066267059766,0.9377510040160643,0.13342667850556655
-16.229924603647948,0.009133223812876477,0.9377510040160643,0.13487808209821733
-16.19707633856708,0.009149686520376175,0.9377510040160643,0.136449013045557
-16.164228073486207,0.009165668976075052,0.9377510040160643,0.13796871798374427
-16.131379808405335,0.009183332350107171,0.9377510040160643,0.1396421009493887
-16.098531543324462,0.009178648808351389,0.9357429718875502,0.1410422785328871
-16.06568327824359,0.00919585594474593,0.9357429718875502,0.14266443548937915
-16.03283501316272,0.009215860773262138,0.9357429718875502,0.14454272249163308
-15.999986748081849,0.009234854640217198,0.9357429718875502,0.14631855747558226
-15.967138483000978,0.009231868808195516,0.9337349397590361,0.1478724130865378
-15.934290217920106,0.009251522024591143,0.9337349397590361,0.14969947407963938
-15.901441952839235,0.009269780515519407,0.9337349397590361,0.15138993238166792
-15.868593687758363,0.009287183686512613,0.9337349397590361,0.15299501400177584
-15.835745422677492,0.009306887096451374,0.9337349397590361,0.15480499965849326
-15.80289715759662,0.009325364992780362,0.9337349397590361,0.15649545796052183
-15.77004889251575,0.009345230917641384,0.9337349397590361,0.15830544361723925
-15.737200627434877,0.009343159759977447,0.9317269076305221,0.15992760057373132
-15.704352362354006,0.009343342616135933,0.929718875502008,0.16175466156683288
-15.671504097273134,0.009362235612892789,0.929718875502008,0.16346219520524555
-15.638655832192264,0.009381395254594452,0.929718875502008,0.16518680418004233
-15.605807567111391,0.009398915978157164,0.929718875502008,0.166757735127382
-15.57295930203052,0.009423785390079584,0.929718875502008,0.16897752885731848
-15.540111036949648,0.009444353785900783,0.929718875502008,0.17080458985042005
-15.507262771868778,0.009443990188062142,0.927710843373494,0.1725633494979851
-15.474414506787905,0.009445366443338045,0.9257028112449799,0.1744757871730073
-15.441566241707035,0.009446943092436284,0.9236947791164659,0.17640530018441364
-15.408717976626162,0.009467553049169531,0.9236947791164659,0.17821528584113108
-15.375869711545292,0.009466064468229908,0.9216867469879518,0.17987159347039136
-15.34302144646442,0.009489941489031779,0.9216867469879518,0.18195478450925484
-15.310173181383549,0.009509996892157879,0.9216867469879518,0.18369646882043575
-15.277324916302678,0.009511546768566206,0.9196787148594378,0.18560890649545797
-15.244476651221806,0.009510134432097224,0.9176706827309237,0.18726521412471825
-15.211628386140934,0.009534340315446883,0.9176706827309237,0.18934840516358173
-15.178780121060065,0.009514449416586508,0.9136546184738956,0.1911925414930674
-15.145931855979192,0.009538384134837114,0.9136546184738956,0.19324158185916263
-15.11308359089832,0.009561635775228007,0.9136546184738956,0.19522232087972133
-15.080235325817448,0.00956554717458177,0.9116465863453815,0.19732258725496893
-15.047387060736579,0.009566447743543175,0.9096385542168675,0.1991667235844546
-15.014538795655707,0.009584461746784022,0.9096385542168675,0.2006864285226419
-14.981690530574834,0.009610488798370672,0.9096385542168675,0.20287207157981013
-14.948842265493962,0.009632559326358765,0.9096385542168675,0.20471620790929582
-14.915994000413093,0.009652262848376374,0.9096385542168675,0.20635544020217197
-14.88314573533222,0.009676799179715036,0.9096385542168675,0.20838740523188307
-14.850297470251348,0.009702291711287213,0.9096385542168675,0.21048767160713067
-14.817449205170476,0.009704777241009125,0.9076305220883534,0.2124342599549211
-14.784600940089607,0.009704768462730246,0.9056224899598394,0.21417594426610204
-14.751752675008735,0.009706853038245,0.9036144578313253,0.21608838194112423
-14.718904409927863,0.009708737864077669,0.9016064257028112,0.2179837442797623
-14.68605614484699,0.009735472679965308,0.9016064257028112,0.2201523120005464
-14.653207879766121,0.009759384441498034,0.9016064257028112,0.22208182501195273
-14.620359614685249,0.009781282676890903,0.9016064257028112,0.22384058465951778
-14.587511349604377,0.009807562089076254,0.9016064257028112,0.22594085103476538
-14.554663084523504,0.009809073392888421,0.8995983935742972,0.22778498736425107
-14.521814819442636,0.00983512985444886,0.8995983935742972,0.22985110306673043
-14.488966554361763,0.009860673959456782,0.8995983935742972,0.23186599276005737
-14.45611828928089,0.00986885680222546,0.8975903614457831,0.23422238918106686
-14.423270024200022,0.009895510493225892,0.8975903614457831,0.23630558021993034
-14.39042175911915,0.00992098721590909,0.8975903614457831,0.23828631924048904
-14.357573494038277,0.00994504638796805,0.8975903614457831,0.24014753090635885
-14.324725228957405,0.00994780746754695,0.8955823293172691,0.24205996858138104
-14.291876963876536,0.009972274394061354,0.8955823293172691,0.243938255583635
-14.259028698795664,0.009982502579747858,0.893574297188755,0.24641417935933338
-14.226180433714791,0.010008996851102115,0.893574297188755,0.24842906905266035
-14.193332168633919,0.010034048118334122,0.893574297188755,0.2503244313912984
-14.16048390355305,0.010039570378745054,0.891566265060241,0.252424697766546
-14.127635638472178,0.010029498525073746,0.8875502008032129,0.25503722423331737
-14.094787373391306,0.01006466891338009,0.8875502008032129,0.2576668260364729
-14.061939108310433,0.01009639544976929,0.8875502008032129,0.26002322245748244
-14.029090843229564,0.010082262092985954,0.8835341365461847,0.2623283928693395
-13.996242578148692,0.010070586071321821,0.8795180722891566,0.264821391981422
-13.96339431306782,0.010101010101010102,0.8795180722891566,0.26705826104774266
-13.930546047986947,0.010106616711764842,0.8775100401606426,0.2691414520866061
-13.897697782906079,0.010140622824523136,0.8775100401606426,0.2716173758623045
-13.864849517825206,0.010170122646559147,0.8775100401606426,0.2737517929103203
-13.832001252744334,0.010201937667795027,0.8775100401606426,0.2760398879857933
-13.799152987663462,0.010235870048954161,0.8775100401606426,0.27846458575233934
-13.766304722582593,0.010224708537044002,0.8734939759036144,0.28097466020080597
-13.73345645750172,0.010260159916975257,0.8734939759036144,0.2834847346492726
-13.700608192420848,0.01024949107607821,0.8694779116465864,0.28602895977050746
-13.667759927339976,0.010262257696693273,0.8674698795180723,0.2885731848917424
-13.634911662259107,0.010294047562312348,0.8674698795180723,0.29079297862167885
-13.602063397178235,0.010306320093737296,0.8654618473895582,0.29328597773376136
-13.569215132097362,0.010341931613677264,0.8654618473895582,0.2957448261730756
-13.536366867016493,0.010347482914621235,0.8634538152610441,0.29775971586640254
-13.503518601935621,0.010360066652177063,0.8614457831325302,0.3002527149784851
-13.470670336854749,0.010396975425330813,0.8614457831325302,0.30276278942695173
-13.437822071773876,0.010434655705008148,0.8614457831325302,0.3053070145481866
-13.404973806693008,0.01042505920554701,0.857429718875502,0.3079024656785739
-13.372125541612135,0.010461583692669542,0.857429718875502,0.310344238781504
-13.339277276531263,0.010500688569742279,0.857429718875502,0.31293968991189125
-13.30642901145039,0.010512548429287071,0.8554216867469879,0.31533023700566903
-13.273580746369522,0.010552913198573127,0.8554216867469879,0.3179769141452087
-13.24073248128865,0.010590692124105011,0.8554216867469879,0.3204357625845229
-13.207884216207777,0.010607232884917763,0.8534136546184738,0.3230995150604467
-13.175035951126905,0.010622040734524137,0.8514056224899599,0.3256437401816816
-13.142187686046036,0.010662643027788255,0.8514056224899599,0.32823919131206886
-13.109339420965163,0.010707611495530078,0.8514056224899599,0.331090772488218
-13.076491155884291,0.010741791649777057,0.8514056224899599,0.333242264872618
-13.043642890803419,0.010754055016016678,0.8493975903614458,0.33558158595724336
-13.01079462572255,0.010794671566375747,0.8493975903614458,0.3381087357420941
-12.977946360641678,0.010806104680938237,0.8473895582329317,0.340379755481183
-12.945098095560805,0.010848050178658647,0.8473895582329317,0.3429581312751861
-12.912249830479933,0.01089482108741674,0.8473895582329317,0.3458097124513353
-12.879401565399064,0.01094171333748185,0.8473895582329317,0.3486442182911003
-12.846553300318192,0.010951563394204255,0.8453815261044176,0.3507786353391162
-12.81370503523732,0.010968348480100282,0.8433734939759037,0.35332286046035105
-12.78085677015645,0.010963359299184305,0.8393574297188755,0.3561061402909637
-12.748008505075578,0.010982354490387147,0.8373493975903614,0.35876989276688753
-12.715160239994706,0.010999471179270227,0.8353413654618473,0.3613141178881224
-12.682311974913834,0.011008833594185214,0.8333333333333334,0.36339730892698585
-12.649463709832965,0.011029411764705883,0.8313253012048193,0.36612936274844615
-12.616615444752092,0.011072479272532763,0.8313253012048193,0.36862236186052866
-12.58376717967122,0.011093800365316429,0.8293172690763052,0.3713714910183731
-12.550918914590348,0.011115307829277506,0.8273092369477911,0.37412062017621744
-12.518070649509479,0.01116077475281051,0.8273092369477911,0.3766989959702206
-12.485222384428607,0.011208444420262255,0.8273092369477911,0.3793798237825285
-12.452374119347734,0.011193927976629263,0.8232931726907631,0.38158254217608084
-12.419525854266862,0.011214389514957089,0.821285140562249,0.38422921931562054
-12.386677589185993,0.011260083142912205,0.821285140562249,0.3867563691004713
-12.35382932410512,0.011274767181584548,0.8192771084337349,0.3890615395123284
-12.320981059024248,0.011295515097690941,0.8172690763052208,0.39169114131548394
-12.288132793943376,0.011310452418096724,0.8152610441767069,0.393996311727341
-12.255284528862507,0.01132993901415543,0.8132530120481928,0.39654053684857593
-12.222436263781635,0.011350227566443783,0.8112449799196787,0.39911891264257904
-12.189587998700762,0.011318730947273344,0.8052208835341366,0.4019021924731917
-12.15673973361989,0.011368146510177467,0.8052208835341366,0.4045317942763472
-12.123891468539021,0.011416370106761565,0.8052208835341366,0.40707601939758215
-12.091043203458149,0.011410106093968943,0.8012048192771084,0.40970562120073767
-12.058194938377277,0.011432839250833046,0.7991967871485943,0.41236937367666143
-12.025346673296404,0.01148132121736622,0.7991967871485943,0.41487944812512806
-11.992498408215535,0.011506579328734567,0.7971887550200804,0.4176456526193566
-11.959650143134663,0.011550771021239453,0.7971887550200804,0.4198995970220613
-11.92680187805379,0.011574886004910558,0.7951807228915663,0.42258042483436925
-11.893953612972922,0.011626200052846364,0.7951807228915663,0.42515880062837236
-11.86110534789205,0.01167728237791932,0.7951807228915663,0.4277030257496073
-11.828257082811177,0.011727078891257996,0.7951807228915663,0.43016187418892154
-11.795408817730305,0.011776251226692836,0.7951807228915663,0.4325694966190834
-11.762560552649436,0.011743261817964501,0.7891566265060241,0.4352673997677754
-11.729712287568564,0.011794717887154861,0.7891566265060241,0.43776039887985796
-11.696864022487691,0.011794871794871795,0.785140562248996,0.4406290553923912
-11.664015757406819,0.011848484848484848,0.785140562248996,0.44319035585001026
-11.63116749232595,0.011841344251316551,0.7811244979919679,0.4457004302984769
-11.598319227245078,0.01186798397210412,0.7791164658634538,0.4483812581107848
-11.565470962164206,0.01192195421723767,0.7791164658634538,0.4509084078956355
-11.532622697083333,0.011978266238577426,0.7791164658634538,0.4535209343624069
-11.499774432002464,0.012038847001148035,0.7791164658634538,0.4563042141930196
-11.466926166921592,0.01206622392666729,0.7771084337349398,0.45895089133255923
-11.43407790184072,0.012060647829083391,0.7730923694779116,0.46149511645379415
-11.401229636759847,0.012129804662885948,0.7730923694779116,0.4646028276757052
-11.368381371678979,0.012189330378344151,0.7730923694779116,0.46724950481524485
-11.335533106598106,0.012174189446916719,0.7690763052208835,0.4693497711904924
-11.302684841517234,0.012232904276725543,0.7690763052208835,0.4719281469844956
-11.269836576436361,0.01226718047527296,0.7670682730923695,0.4747968034970289
-11.236988311355493,0.012331729993220776,0.7670682730923695,0.47758008332764157
-11.20414004627462,0.012356489589414283,0.7650602409638554,0.48000478109418754
-11.171291781193748,0.01242783051179176,0.7650602409638554,0.483027115634178
-11.138443516112876,0.012423785484822657,0.7610441767068273,0.48557134075541286
-11.105595251032007,0.012489701763058164,0.7610441767068273,0.4883204699132573
-11.072746985951134,0.012553825770122557,0.7610441767068273,0.4909671470527969
-11.039898720870262,0.012611893115037768,0.7610441767068273,0.49334061881019053
-11.007050455789393,0.01267643320623453,0.7610441767068273,0.49595314527696194
-10.974202190708521,0.012708018154311648,0.7590361445783133,0.4985485964073492
-10.941353925627649,0.012737777477447039,0.7570281124497992,0.5010586708558159
-10.908505660546776,0.012708984640478456,0.751004016064257,0.5038931766955809
-10.875657395465907,0.012741682038669126,0.748995983935743,0.5065057031623523
-10.842809130385035,0.012770778262212915,0.7469879518072289,0.5089645516016665
-10.809960865304163,0.012797957846079547,0.7449799196787149,0.5113380233590602
-10.77711260022329,0.012860956078621694,0.7449799196787149,0.5137627211256062
-10.744264335142422,0.01289243527649047,0.7429718875502008,0.5162727955740728
-10.71141607006155,0.012925598991172762,0.7409638554216867,0.5188340960316918
-10.678567804980677,0.012954553455134297,0.7389558232931727,0.5212246431254696
-10.645719539899805,0.012958045671800318,0.7349397590361446,0.5239566969469298
-10.612871274818936,0.012890819742183606,0.7269076305220884,0.526671675432006
-10.580023009738063,0.012802174224002288,0.7188755020080321,0.5286182637797965
-10.547174744657191,0.012867977427123397,0.7188755020080321,0.5310600368827266
-10.514326479576319,0.012906257908246267,0.7168674698795181,0.5337750153678027
-10.48147821449545,0.012951105937136205,0.714859437751004,0.5367119732258725
-10.448629949414578,0.01298273844353423,0.7128514056224899,0.5391537463288026
-10.415781684333705,0.013055310385407472,0.7128514056224899,0.5417491974591899
-10.382933419252833,0.013122389383802165,0.7128514056224899,0.5441226692165836
-10.350085154171964,0.01318771128199413,0.7128514056224899,0.5464107642920566
-10.317236889091092,0.013227710933413048,0.7108433734939759,0.5490745167679804
-10.28438862401022,0.013311773775053586,0.7108433734939759,0.5519602486168977
-10.25154035892935,0.013389817686663136,0.7108433734939759,0.5546069257564374
-10.218692093848478,0.013393706479966516,0.7068273092369478,0.557253602895977
-10.185843828767606,0.013407393219689714,0.7028112449799196,0.5602247114268151
-10.152995563686734,0.01349371578379212,0.7028112449799196,0.5630762926029643
-10.120147298605865,0.01351089024342897,0.6987951807228916,0.566132777815723
-10.087299033524992,0.013586319981260248,0.6987951807228916,0.568574550918653
-10.05445076844412,0.01361959337467619,0.6967871485943775,0.5708797213305102
-10.021602503363248,0.013697548651955946,0.6967871485943775,0.5733556451062086
-9.988754238282379,0.013743793445878848,0.6947791164658634,0.5760364729185165
-9.955905973201506,0.013827278903408863,0.6947791164658634,0.5786319240489037
-9.923057708120634,0.013871019620456738,0.6927710843373494,0.5811932245065228
-9.890209443039762,0.013904045915686513,0.6907630522088354,0.5834130182364593
-9.857361177958893,0.013945923968286237,0.6887550200803213,0.5858889420121577
-9.82451291287802,0.014049315966248874,0.6887550200803213,0.5889795778976846
-9.791664647797148,0.014105419450631032,0.6867469879518072,0.5918311590738338
-9.758816382716276,0.014194405246119366,0.6867469879518072,0.594426610204221
-9.725968117635407,0.014245728370305384,0.6847389558232931,0.5970903626801448
-9.693119852554535,0.014327129112222175,0.6847389558232931,0.5994126084283861
-9.660271587473662,0.014367816091954023,0.6827309236947792,0.6017348541766273
-9.62742332239279,0.014419396001701404,0.6807228915662651,0.6043473806433987
-9.594575057311921,0.014511365095672274,0.6807228915662651,0.6068916057646335
-9.561726792231049,0.014596340150699678,0.6807228915662651,0.6092138515128748
-9.528878527150177,0.014699505680339953,0.6807228915662651,0.6119971313434874
-9.496030262069304,0.014609044524878986,0.6726907630522089,0.6141656990642715
-9.463181996988435,0.014702655255650647,0.6726907630522089,0.6166586981763541
-9.430333731907563,0.014783759929390997,0.6726907630522089,0.61879311522437
-9.39748546682669,0.014881613433432543,0.6726907630522089,0.6213373403456048
-9.364637201745822,0.014924039320822162,0.6706827309236948,0.6235571340755413
-9.33178893666495,0.01483679525222552,0.6626506024096386,0.6258452291510143
-9.298940671584077,0.014865353334538225,0.6606425702811245,0.6277064408168841
-9.266092406503205,0.014954545454545455,0.6606425702811245,0.6299603852195889
-9.233244141422336,0.015003201902845119,0.6586345381526104,0.6322997063042142
-9.200395876341464,0.0151075491686242,0.6586345381526104,0.6348780820982174
-9.167547611260591,0.015107980350356844,0.6546184738955824,0.637114951164538
-9.134699346179719,0.01515363454096144,0.6526104417670683,0.6393347448944744
-9.10185108109885,0.015259648793313926,0.6526104417670683,0.6418789700157093
-9.069002816017978,0.015354088911985638,0.6526104417670683,0.64411583908203
-9.036154550937106,0.015419760137064534,0.6506024096385542,0.6467454408851855
-9.003306285856233,0.01542810598438024,0.6465863453815262,0.649118912642579
-8.970458020775364,0.015389068454821747,0.6405622489959839,0.6514923843999727
-8.937609755694492,0.015477172383678618,0.6405622489959839,0.6535072740932997
-8.90476149061362,0.015578453875079357,0.6405622489959839,0.6557953691687727
-8.871913225532747,0.015594254230617867,0.6365461847389559,0.6583054436172393
-8.839064960451879,0.015699286846275754,0.6365461847389559,0.6606276893654806
-8.806216695371006,0.015810473815461346,0.6365461847389559,0.6630523871320265
-8.773368430290134,0.01591924873198413,0.6365461847389559,0.6653917082166518
-8.740520165209261,0.016027909798766306,0.6365461847389559,0.667696878628509
-8.707671900128393,0.016142173337407067,0.6365461847389559,0.6700874257222867
-8.67482363504752,0.016191012963057846,0.6345381526104418,0.672136466088382
-8.641975369966648,0.016301263863812226,0.6345381526104418,0.6743904104910867
-8.609127104885776,0.016361086583909,0.6325301204819277,0.6766272795574073
-8.576278839804907,0.016432047726202312,0.6305220883534136,0.6790690526603375
-8.543430574724034,0.01650756816623596,0.6285140562248996,0.6815791271088041
-8.510582309643162,0.016517074725158,0.6244979919678715,0.6837989208387405
-8.477734044562293,0.01663724388808645,0.6244979919678715,0.6861211665869817
-8.444885779481421,0.016703486179212242,0.6224899598393574,0.6883921863260706
-8.412037514400549,0.016829533116178068,0.6224899598393574,0.6907656580834642
-8.379189249319676,0.01689724941215071,0.6204819277108434,0.693019602486169
-8.346340984238807,0.017026669605466168,0.6204819277108434,0.6953930742435626
-8.313492719157935,0.017144759474005438,0.6204819277108434,0.6975274912915784
-8.280644454077063,0.017204781588649312,0.6184738955823293,0.6995765316576736
-8.24779618899619,0.017324783440206996,0.6184738955823293,0.7016938733693053
-8.214947923915322,0.017378998018681008,0.6164658634538153,0.7036063110443276
-8.18209965883445,0.017444843509492047,0.6144578313253012,0.7057065774195752
-8.149251393753577,0.017479300827966882,0.6104417670682731,0.7082166518680418
-8.116403128672705,0.01761195759226001,0.6104417670682731,0.7104535209343624
-8.083554863591836,0.017605223271540165,0.606425702811245,0.7122464312546957
-8.050706598510963,0.017670541270400377,0.6044176706827309,0.7142783962844068
-8.017858333430091,0.017801170974037495,0.6044176706827309,0.7164128133324227
-7.985010068349219,0.01786777843954735,0.6024096385542169,0.7184277030257497
-7.95216180326835,0.01794717887154862,0.6004016064257028,0.720630421419302
-7.9193135381874775,0.018028918869865084,0.5983935742971888,0.7228502151492384
-7.886465273106605,0.01809430973559157,0.5963855421686747,0.7247968034970289
-7.853617008025733,0.018174003806717014,0.5943775100401606,0.7269482958814288
-7.820768742944864,0.018223375339757847,0.5923694779116466,0.7286216788470733
-7.787920477863992,0.0183143337693889,0.5903614457831325,0.7309097739225463
-7.755072212783119,0.018371057746567183,0.5883534136546185,0.7326685335701113
-7.7222239477022505,0.01831733198585144,0.5823293172690763,0.7346151219179018
-7.689375682621378,0.01832410765413247,0.5783132530120482,0.7365446349293081
-7.656527417540506,0.01845089371516433,0.5783132530120482,0.7383887712587938
-7.6236791524596335,0.01853047520661157,0.5763052208835341,0.740437811624889
-7.590830887378765,0.018673954063374326,0.5763052208835341,0.7424697766546001
-7.557982622297892,0.018667714678718805,0.572289156626506,0.7441773102930128
-7.52513435721702,0.018596676338696914,0.5662650602409639,0.7458848439314254
-7.492286092136148,0.018648792142288293,0.5642570281124498,0.7475070008879174
-7.459437827055279,0.018714075658334446,0.5622489959839357,0.7492999112082508
-7.4265895619744065,0.01869913230645053,0.5582329317269076,0.7508879174919746
-7.393741296893534,0.018749153919046975,0.5562248995983936,0.7524588484393142
-7.360893031812662,0.018740629685157422,0.5522088353413654,0.7541322314049587
-7.328044766731793,0.018774499690530223,0.5481927710843374,0.7563691004712793
-7.295196501650921,0.018856152512998266,0.5461847389558233,0.7583327641554538
-7.262348236570048,0.01892986867840179,0.5441767068273092,0.7601769004849396
-7.229499971489176,0.019016762924355543,0.5421686746987951,0.7621747148418824
-7.196651706408307,0.019157088122605363,0.5421686746987951,0.7639505498258315
-7.163803441327435,0.01914832809374107,0.5381526104417671,0.7655897821187078
-7.130955176246562,0.019221078396083797,0.536144578313253,0.7673656171026569
-7.09810691116569,0.01936326057001958,0.536144578313253,0.7691073014138379
-7.065258646084821,0.019213909994155464,0.5281124497991968,0.7707636090430982
-7.032410381003949,0.019378131447096963,0.5281124497991968,0.7727443480636569
-6.9995621159230765,0.019517625231910946,0.5281124497991968,0.7744006556929172
-6.966713850842204,0.019588785046728972,0.5261044176706827,0.7760911139949457
-6.933865585761335,0.019655094510128774,0.5240963855421686,0.7777132709514377
-6.901017320680463,0.019817767653758544,0.5240963855421686,0.7795744826173076
-6.868169055599591,0.01998162609095085,0.5240963855421686,0.7814186189467932
-6.835320790518722,0.0201063092211694,0.5240963855421686,0.7828017211939076
-6.8024725254378495,0.020246683732836862,0.5240963855421686,0.7843385014684789
-6.769624260356977,0.020337922403003753,0.5220883534136547,0.7861484871251964
-6.736775995276105,0.02048050413548641,0.5220883534136547,0.7876681920633837
-6.703927730195236,0.020497338523873837,0.5180722891566265,0.7894781777201011
-6.671079465114364,0.020521042084168335,0.5140562248995983,0.791356464722355
-6.638231200033491,0.020459323952773733,0.5080321285140562,0.7931664503790725
-6.605382934952619,0.020663181966677557,0.5080321285140562,0.795249641417936
-6.57253466987175,0.020824759239443574,0.5080321285140562,0.796871798374428
-6.539686404790878,0.02066904623557732,0.5,0.7985451813400724
-6.5068381397100055,0.020840308001339135,0.5,0.800235639642101
-6.473989874629133,0.020954795099281793,0.4979919678714859,0.8021480773171231
-6.441141609548264,0.021035598705501618,0.4959839357429719,0.8037190082644629
-6.408293344467392,0.021112255406797117,0.4939759036144578,0.8052387132026501
-6.37544507938652,0.02122130792550888,0.4919678714859438,0.8070486988593675
-6.342596814305647,0.021293306571254035,0.4899598393574297,0.8085001024520183
-6.3097485492247785,0.021463757916959886,0.4899598393574297,0.8100539580629739
-6.276900284143906,0.021638879035118838,0.4899598393574297,0.8116248890103135
-6.244052019063034,0.021620655766997232,0.4859437751004016,0.8130079912574277
-6.211203753982161,0.021676560532469868,0.4839357429718876,0.8142715661498532
-6.178355488901293,0.021711482558139535,0.4799196787148594,0.8161157024793388
-6.14550722382042,0.021878432808495055,0.4799196787148594,0.8175500307356055
-6.112658958739548,0.02207852193995381,0.4799196787148594,0.819240489037634
-6.079810693658679,0.022255331036409347,0.4799196787148594,0.8207089679666689
-6.046962428577807,0.022336931018301268,0.4779116465863454,0.8221262208865515
-6.014114163496934,0.022503782148260213,0.4779116465863454,0.8234751724608975
-5.981265898416062,0.022582181991424487,0.4759036144578313,0.8248411993716276
-5.948417633335193,0.022687944626033456,0.4738955823293173,0.8264121303189673
-5.915569368254321,0.022694210066918824,0.46987951807228917,0.8279318352571545
-5.8827211031734485,0.02289628180039139,0.46987951807228917,0.8294856908681101
-5.849872838092576,0.02298283685144999,0.4678714859437751,0.8308687931152243
-5.817024573011707,0.02308917197452229,0.46586345381526106,0.8323884980534116
-5.784176307930835,0.02326047724082615,0.46586345381526106,0.833652072945837
-5.751328042849963,0.023462783171521034,0.46586345381526106,0.8351205518748719
-5.71847977776909,0.023547400611620795,0.463855421686747,0.8364353527764496
-5.6856315126882215,0.023738567464803205,0.463855421686747,0.8377843043507958
-5.652783247607349,0.023814454338372332,0.46184738955823296,0.8390137285704529
-5.619934982526477,0.024005844901367288,0.46184738955823296,0.8403285294720306
-5.5870867174456045,0.024,0.4578313253012048,0.8416774810463766
-5.554238452364736,0.024059353471118178,0.45582329317269077,0.8427703025749608
-5.521390187283863,0.024056452475141665,0.45180722891566266,0.8441363294856908
-5.488541922202991,0.02404312668463612,0.44779116465863456,0.8454340550508845
-5.455693657122119,0.02428400304911249,0.44779116465863456,0.8470049859982242
-5.42284539204125,0.02436882546652031,0.4457831325301205,0.8482344102178813
-5.3899971269603775,0.02445231245850852,0.44377510040160645,0.8494467591011543
-5.357148861879505,0.024623955431754874,0.44377510040160645,0.8505225052933543
-5.324300596798633,0.024806375575260973,0.44377510040160645,0.8516494774947067
-5.291452331717764,0.025022644927536232,0.44377510040160645,0.8529642783962844
-5.258604066636892,0.02517370998974826,0.44377510040160645,0.8538692712246432
-5.225755801556019,0.025416906267970097,0.44377510040160645,0.8553035994809097
-5.1929075364751505,0.025527964724994197,0.44176706827309237,0.8566013250461034
-5.160059271394278,0.02559906487434249,0.4397590361445783,0.8576599959019192
-5.127211006313406,0.02582547169811321,0.4397590361445783,0.8589406461307287
-5.094362741232533,0.026077637532745893,0.4397590361445783,0.8603408237142272
-5.061514476151665,0.02628736046092906,0.4397590361445783,0.8614848712519637
-5.028666211070792,0.02615962213879133,0.43373493975903615,0.8626972201352366
-4.99581794598992,0.026351104062461876,0.43373493975903615,0.8637217403182843
-4.9629696809090476,0.026445264452644526,0.43172690763052207,0.8648487125196367
-4.930121415828179,0.0265015479876161,0.42971887550200805,0.8657707806843795
-4.897273150747306,0.026660022424317927,0.42971887550200805,0.8665903968308176
-4.864424885666434,0.026904702036711088,0.42971887550200805,0.8678368963868588
-4.831576620585562,0.02712294043092522,0.42971887550200805,0.8689297179154429
-4.798728355504693,0.0272552783109405,0.42771084337349397,0.8701932928078683
-4.7658800904238205,0.027250419733953247,0.42369477911646586,0.8713885663547571
-4.733031825342948,0.027477536137517907,0.42369477911646586,0.8724813878833413
-4.700183560262076,0.027686655294580764,0.42369477911646586,0.8734717573936207
-4.667335295181207,0.027895293495505024,0.42369477911646586,0.8744450515675158
-4.634487030100335,0.02796271637816245,0.42168674698795183,0.8753500443958746
-4.601638765019462,0.02806122448979592,0.41967871485943775,0.8763916399153063
-4.56879049993859,0.028304442036836405,0.41967871485943775,0.8774844614438905
-4.535942234857721,0.028388153405213595,0.41767068273092367,0.8784406802814015
-4.503093969776849,0.028508469907726208,0.41566265060240964,0.8795505771463697
-4.4702457046959765,0.02875,0.41566265060240964,0.8805921726658015
-4.437397439615104,0.028916339135317236,0.41365461847389556,0.881872822894611
-4.404549174534235,0.028882910944357923,0.40963855421686746,0.8828802677412745
-4.371700909453363,0.02885302099700043,0.40562248995983935,0.8839047879243221
-4.338852644372491,0.028772838440512156,0.40160642570281124,0.8847244040707601
-4.306004379291622,0.02902336380786533,0.40160642570281124,0.8857489242538078
-4.2731561142107495,0.02932551319648094,0.40160642570281124,0.8869612731370808
-4.240307849129877,0.029459659511472985,0.39959839357429716,0.8880540946656649
-4.207459584049005,0.02957872721840454,0.39759036144578314,0.8890786148487125
-4.174611318968136,0.029673143545714716,0.39558232931726905,0.8900006830134554
-4.141763053887264,0.029889242906994386,0.39558232931726905,0.8908202991598935
-4.108914788806391,0.030076335877862594,0.39558232931726905,0.8915203879516427
-4.076066523725519,0.030204962243797196,0.39357429718875503,0.8925449081346902
-4.04321825864465,0.03030774013055642,0.39156626506024095,0.8934669762994331
-4.010369993563778,0.03025552594450541,0.38755020080321284,0.8943719691277918
-3.9775217284829054,0.03053314348995412,0.38755020080321284,0.8953623386380711
-3.944673463402033,0.030776590655397864,0.38755020080321284,0.8962161054572775
-3.9118251983211643,0.030927835051546393,0.3855421686746988,0.8972747763130934
-3.878976933240292,0.031189083820662766,0.3855421686746988,0.898162693805068
-3.8461286681594196,0.03143418467583497,0.3855421686746988,0.8989823099515061
-3.813280403078547,0.03153896961690885,0.38353413654618473,0.8998531521070965
-3.7804321379976784,0.03165084124604364,0.3815261044176707,0.9007410695990711
-3.747583872916806,0.03146029609690444,0.3755020080321285,0.9016972884365823
-3.7147356078359337,0.03149872988992379,0.37349397590361444,0.902346151219179
-3.6818873427550614,0.031767719897523486,0.37349397590361444,0.9031999180383854
-3.6490390776741926,0.031874569262577535,0.3714859437751004,0.9040536848575917
-3.61619081259332,0.03194444444444444,0.36947791164658633,0.9047879243221092
-3.583342547512448,0.0322524101665206,0.36947791164658633,0.9057270678232361
-3.550494282431579,0.0325433321542271,0.36947791164658633,0.9065979099788266
-3.5176460173507067,0.032505804607965705,0.3654618473895582,0.9075029028071853
-3.4847977522698343,0.03257739380849532,0.3634538152610442,0.9082200669353186
-3.451949487188962,0.03249228535124342,0.35943775100401604,0.9089884570726043
-3.419101222108093,0.03276587955335896,0.35943775100401604,0.9097739225462742
-3.386252957027221,0.032908116102791644,0.357429718875502,0.9106789153746329
-3.3534046919463485,0.0331780055917987,0.357429718875502,0.9114302301755345
-3.320556426865476,0.033496424538953705,0.357429718875502,0.9123010723311249
-3.2877081617846073,0.03373768006065201,0.357429718875502,0.9129499351137217
-3.254859896703735,0.03386263631145973,0.35542168674698793,0.9137695512601598
-3.2220116316228626,0.03415010611614895,0.35542168674698793,0.9145208660610614
-3.1891633665419903,0.034241245136186774,0.3534136546184739,0.9152380301891947
-3.1563151014611215,0.03444227005870842,0.3534136546184739,0.9157502902807185
-3.123466836380249,0.03451676528599606,0.3514056224899598,0.9164162283996995
-3.090618571299377,0.034818941504178275,0.3514056224899598,0.917167543200601
-3.0577703062185044,0.035091237216763584,0.3514056224899598,0.917833481319582
-3.0249220411376356,0.03532498990714574,0.3514056224899598,0.9183969674202582
-2.9920737760567633,0.035401831129196336,0.3493975903614458,0.919045830202855
-2.959225510975891,0.03563383166086422,0.3493975903614458,0.9195922409671471
-2.9263772458950186,0.03566274994846423,0.3473895582329317,0.920121576395055
-2.8935289808141498,0.03595926002909998,0.3473895582329317,0.92080458985042
-2.8606807157332774,0.03606626127070665,0.3453815261044177,0.9215046786421692
-2.827832450652405,0.03637901861252115,0.3453815261044177,0.9222047674339184
-2.7949841855715327,0.03630926954293037,0.3413654618473896,0.9229560822348201
-2.762135920490664,0.036414565826330535,0.3393574297188755,0.9236390956901851
-2.7292876554097916,0.03673913043478261,0.3393574297188755,0.9243391844819343
-2.696439390328919,0.036687170474516695,0.3353413654618474,0.9251246499556042
-2.6635911252480504,0.03675819309123118,0.3333333333333333,0.9257222867290485
-2.630742860167178,0.036574487065120426,0.3293172690763052,0.9262345468205724
-2.5978945950863057,0.03663744661721735,0.3273092369477912,0.9268151082576327
-2.5650463300054334,0.036709721278042146,0.3253012048192771,0.9274127450310771
-2.5321980649245646,0.036766385019410826,0.3232931726907631,0.9279762311317533
-2.499349799843692,0.036447520184544405,0.3172690763052209,0.9286763199235025
-2.46650153476282,0.03672710367271037,0.3172690763052209,0.9292398060241787
-2.4336532696819475,0.03670797287818564,0.3152610441767068,0.9296496140973978
-2.4008050046010787,0.0370195708559302,0.3152610441767068,0.9302643262072263
-2.3679567395202064,0.03713401571054511,0.3132530120481928,0.9309302643262072
-2.335108474439334,0.037223823246878,0.3112449799196787,0.9315449764360358
-2.3022602093584617,0.03728813559322034,0.3092369477911647,0.932108462536712
-2.269411944277593,0.03734439834024896,0.3072289156626506,0.932654873301004
-2.2365636791967205,0.03742920462940163,0.30522088353413657,0.9332525100744484
-2.203715414115848,0.03751552795031056,0.3032128514056225,0.9338501468478929
-2.170867149034976,0.037641154328732745,0.30120481927710846,0.9345160849668739
-2.138018883954107,0.03756345177664975,0.2971887550200803,0.9352503244313913
-2.1051706188732346,0.037595907928388746,0.29518072289156627,0.935745509186531
-2.0723223537923623,0.03783783783783784,0.29518072289156627,0.9361723925961342
-2.03947408871149,0.037863070539419084,0.2931726907630522,0.9366505020148896
-2.006625823630621,0.037948181104422926,0.29116465863453816,0.93723106345195
-1.9737775585497488,0.038188043191993676,0.29116465863453816,0.9376408715251691
-1.9409292934688764,0.03842077371489136,0.29116465863453816,0.938033604262004
-1.908081028388004,0.03837953091684435,0.2891566265060241,0.9383921863260706
-1.8752327633071353,0.03863697343708076,0.2891566265060241,0.9388190697356738
-1.842384498226263,0.03870094722598105,0.28714859437751006,0.9393484051635818
-1.8095362331453906,0.03844056706652126,0.28313253012048195,0.9397752885731849
-1.7766879680645218,0.03873626373626374,0.28313253012048195,0.9402533979919404
-1.7438397029836494,0.039025740381954055,0.28313253012048195,0.9407144320743118
-1.710991437902777,0.039029829941455256,0.28112449799196787,0.941141315483915
-1.6781431728219047,0.038796738824852406,0.27710843373493976,0.9416194249026706
-1.645294907741036,0.03903818953323904,0.27710843373493976,0.9419950823031213
-1.6124466426601636,0.03934987168520103,0.27710843373493976,0.9424731917218769
-1.5795983775792912,0.03903559127439724,0.27309236947791166,0.9428317737859436
-1.5467501124984189,0.03930635838150289,0.27309236947791166,0.9432415818591626
-1.51390184741755,0.038976148923792905,0.26907630522088355,0.9435830885868451
-1.4810535823366777,0.03929618768328446,0.26907630522088355,0.9440611980056007
-1.4482053172558054,0.03966844286560095,0.26907630522088355,0.9446076087698928
-1.415357052174933,0.03968964488212474,0.26706827309236947,0.94505156751588
-1.3825087870940642,0.039711191335740074,0.26506024096385544,0.9454955262618674
-1.3496605220131919,0.03946569520340012,0.26104417670682734,0.9459736356806229
-1.3168122569323195,0.0392638036809816,0.2570281124497992,0.9465200464449149
-1.2839639918514472,0.03948180135718692,0.2570281124497992,0.9468274024998292
-1.2511157267705784,0.038880248833592534,0.25100401606425704,0.9472372105730483
-1.218267461689706,0.038834951456310676,0.24899598393574296,0.9475957926371149
-1.1854191966088337,0.03852226081465109,0.24497991967871485,0.948005600710334
-1.1525709315279613,0.03848600508905852,0.2429718875502008,0.9483812581107848
-1.1197226664470925,0.03816549069916613,0.2389558232931727,0.9487910661840038
-1.0868744013662202,0.037962362102530824,0.23493975903614459,0.9493716276210641
-1.0540261362853478,0.03823529411764706,0.23493975903614459,0.949747285021515
-1.021177871204479,0.038562953197099535,0.23493975903614459,0.9501912437675022
-0.9883296061236067,0.03860232945091514,0.23293172690763053,0.9506693531862578
-0.9554813410427343,0.0388739946380697,0.23293172690763053,0.9510279352503245
-0.922633075961862,0.03869448183041723,0.23092369477911648,0.9512157639505499
-0.8897848108809931,0.03881201484981438,0.23092369477911648,0.951369441978007
-0.8569365458001208,0.039195637355146556,0.23092369477911648,0.9518646267331466
-0.8240882807192484,0.039242685025817556,0.2289156626506024,0.9523427361519022
-0.7912400156383761,0.03916811091854419,0.22690763052208834,0.9526671675432006
-0.7583917505575073,0.03872993719469644,0.22289156626506024,0.9529574482617308
-0.7255434854766349,0.038974719101123594,0.22289156626506024,0.9532648043166451
-0.6926952203957626,0.03941761363636364,0.22289156626506024,0.9538112150809371
-0.6598469553148902,0.03961456102783726,0.22289156626506024,0.9540502697903148
-0.6269986902340214,0.039913700107874865,0.22289156626506024,0.9544088518543815
-0.5941504251531491,0.040290381125226864,0.22289156626506024,0.9548528106003689
-0.5613021600722767,0.04065934065934066,0.22289156626506024,0.955279694009972
-0.5284538949914044,0.039571005917159764,0.21485943775100402,0.9556553514104228
-0.4956056299105356,0.0395227442207308,0.21285140562248997,0.9560139334744895
-0.46275736482966323,0.03983464862833521,0.21285140562248997,0.9563725155385561
-0.4299090997487909,0.03975766755017039,0.21084337349397592,0.9566969469298545
-0.3970608346679185,0.03966437833714721,0.20883534136546184,0.9570043029847688
-0.36421256958704973,0.04013894249324585,0.20883534136546184,0.9575336384126767
-0.3313643045061774,0.04051421893260616,0.20883534136546184,0.9579434464858958
-0.298516039425305,0.040455616653574236,0.20682730923694778,0.9582849532135783
-0.2656677743444327,0.040792079207920794,0.20682730923694778,0.958643535277645
-0.23281950926356387,0.04111776447105788,0.20682730923694778,0.9589850420053275
-0.19997124418269152,0.04136546184738956,0.20682730923694778,0.9592411720510894
-0.16712297910181917,0.041666666666666664,0.20682730923694778,0.9595485281060037
-0.13427471402095037,0.041972290138549306,0.20682730923694778,0.9598558841609179
-0.10142644894007802,0.042265080016413624,0.20682730923694778,0.9601461648794481
-0.06857818385920567,0.042218543046357616,0.20481927710843373,0.9604876716071307
-0.035729918778333314,0.042153589315525875,0.20281124497991967,0.9608121029984291
-0.0028816536974645146,0.04252631578947368,0.20281124497991967,0.9611706850624957
0.029966611383407837,0.04281475201356507,0.20281124497991967,0.9614438904446417
0.06281487646428019,0.04316239316239316,0.20281124497991967,0.9617683218359402
0.09566314154515254,0.042764578833693306,0.19879518072289157,0.9621610545727751
0.12851140662602134,0.043118466898954703,0.19879518072289157,0.9624854859640735
0.1613596717068937,0.043345008756567424,0.19879518072289157,0.962690390000683
0.19420793678776604,0.04286345558992488,0.19477911646586346,0.9630148213919815
0.2270562018686384,0.043264942016057094,0.19477911646586346,0.963373403456048
0.2599044669495072,0.04359550561797753,0.19477911646586346,0.9636636841745783
0.29275273203037955,0.04300588501584427,0.19076305220883535,0.9639027388839561
0.3256009971112519,0.04278561675011379,0.18875502008032127,0.9640905675841814
0.35844926219212425,0.043139054612207434,0.18875502008032127,0.9643979236390957
0.39129752727299305,0.04343807763401109,0.18875502008032127,0.9646540536848576
0.4241457923538654,0.04317548746518106,0.18674698795180722,0.9648077317123147
0.45699405743473775,0.042642924086223055,0.1827309236947791,0.965115087767229
0.4898423225156101,0.04247286455875413,0.18072289156626506,0.9653541424766068
0.5226905875964789,0.042796005706134094,0.18072289156626506,0.9656273478587528
0.5555388526773513,0.04230769230769231,0.17670682730923695,0.9659859299228195
0.5883871177582236,0.04269771955361475,0.17670682730923695,0.9663103613141178
0.621235382839096,0.04298974108451392,0.17670682730923695,0.9665494160234956
0.6540836479199648,0.043047996041563584,0.1746987951807229,0.9669762994330988
0.6869319130008371,0.0428073668491787,0.17269076305220885,0.9671641281333242
0.7197801780817059,0.04312938816449348,0.17269076305220885,0.9674202581790862
0.7526284431625783,0.04314720812182741,0.1706827309236948,0.967812990915921
0.7854767082434506,0.043478260869565216,0.1706827309236948,0.968069120961683
0.818324973324323,0.04276146316331788,0.16666666666666666,0.9682740249982925
0.8511732384051953,0.04316172646905876,0.16666666666666666,0.9685813810532068
0.8840215034860677,0.04350104821802935,0.16666666666666666,0.9688375110989687
0.91686976856694,0.04386892177589852,0.16666666666666666,0.9691107164811147
0.9497180336478053,0.04431393486385478,0.16666666666666666,0.9694351478724131
0.9825662987286776,0.044743935309973046,0.16666666666666666,0.9697425039273274
1.01541456380955,0.044986449864498644,0.16666666666666666,0.9699132572911686
1.0482628288904223,0.04540481400437637,0.16666666666666666,0.9702035380096988
1.0811110939712947,0.0456043956043956,0.16666666666666666,0.9703401407007718
1.113959359052167,0.045932484781405644,0.16666666666666666,0.9705621200737654
1.1468076241330394,0.04626532887402453,0.16666666666666666,0.9707840994467591
1.1796558892139117,0.04652466367713005,0.16666666666666666,0.9709548528106003
1.212504154294777,0.046919163369135104,0.16666666666666666,0.9712109828563623
1.2453524193756493,0.04713231118682567,0.16666666666666666,0.9713475855474353
1.2782006844565217,0.04683038263849229,0.1646586345381526,0.9715012635748924
1.311048949537394,0.046964490263459335,0.1646586345381526,0.9715866402568131
1.3438972146182664,0.04734411085450346,0.1646586345381526,0.9718256949661909
1.3767454796991387,0.0472027972027972,0.16265060240963855,0.9720818250119527
1.409593744780011,0.04700352526439483,0.1606425702811245,0.9723038043849463
1.4424420098608834,0.047337278106508875,0.1606425702811245,0.9725087084215559
1.4752902749417487,0.047647409172126266,0.1606425702811245,0.9726965371217813
1.508138540022621,0.04799040191961608,0.1606425702811245,0.9729014411583908
1.5409868051034934,0.04825090470446321,0.1606425702811245,0.973055119185848
1.5738350701843657,0.04860267314702309,0.1606425702811245,0.9732600232224575
1.606683335265238,0.04895960832313342,0.1606425702811245,0.973464927259067
1.6395316003461105,0.04929143561306223,0.1606425702811245,0.9736527559592923
1.6723798654269828,0.04959702417854929,0.1606425702811245,0.9738235093231337
1.705228130507848,0.04984423676012461,0.1606425702811245,0.9739601120142066
1.7380763955887204,0.050093926111458985,0.1606425702811245,0.9740967147052797
1.7709246606695928,0.050031665611146296,0.15863453815261044,0.9743869954238098
1.803772925750465,0.049586776859504134,0.1566265060240964,0.9744723721057305
1.8366211908313375,0.04980842911877394,0.1566265060240964,0.9745918994604194
1.8694694559122098,0.05016077170418006,0.1566265060240964,0.9747797281606447
1.9023177209930822,0.04993514915693904,0.15461847389558234,0.9749846321972543
1.9351659860739545,0.0502283105022831,0.15461847389558234,0.9751383102247114
1.9680142511548198,0.05069124423963134,0.15461847389558234,0.9753773649340892
2.000862516235692,0.05099337748344371,0.15461847389558234,0.9755310429615464
2.0337107813165645,0.050734312416555405,0.15261044176706828,0.9757188716617717
2.066559046397437,0.050505050505050504,0.15060240963855423,0.9759237756983813
2.099407311478309,0.050203527815468114,0.14859437751004015,0.9760945290622225
2.1322555765591815,0.04989747095010253,0.1465863453815261,0.9762652824260638
2.165103841640054,0.05044920525224603,0.1465863453815261,0.9765384878082098
2.1979521067209262,0.050871080139372825,0.1465863453815261,0.9767433918448194
2.2308003718017915,0.05063291139240506,0.14457831325301204,0.9769482958814288
2.263648636882664,0.05091937765205092,0.14457831325301204,0.9770848985725019
2.296496901963536,0.05067808708065667,0.142570281124498,0.9772898026091114
2.3293451670444085,0.05100574712643678,0.142570281124498,0.9774434806365685
2.362193432125281,0.051226551226551224,0.142570281124498,0.9775459326548733
2.3950416972061532,0.05141202027516292,0.142570281124498,0.977631309336794
2.4278899622870256,0.050254916241806266,0.13855421686746988,0.9777337613550987
2.460738227367891,0.05084745762711865,0.13855421686746988,0.9780069667372447
2.493586492448763,0.051224944320712694,0.13855421686746988,0.978177720101086
2.5264347575296355,0.0515695067264574,0.13855421686746988,0.9783313981285431
2.559283022610508,0.0518796992481203,0.13855421686746988,0.9784680008196162
2.5921312876913802,0.05235204855842185,0.13855421686746988,0.9786729048562257
2.6249795527722526,0.05198776758409786,0.13654618473895583,0.9788265828836828
2.657827817853125,0.05161787365177196,0.13453815261044177,0.97898026091114
2.6906760829339973,0.05108359133126935,0.13253012048192772,0.9790656375930605
2.7235243480148625,0.051361867704280154,0.13253012048192772,0.9791851649477494
2.756372613095735,0.05180533751962323,0.13253012048192772,0.9793729936479748
2.7892208781766072,0.05221518987341772,0.13253012048192772,0.9795437470118161
2.8220691432574796,0.05187549880287311,0.13052208835341367,0.9797145003756574
2.854917408338352,0.052461662631154156,0.13052208835341367,0.9799535550850351
2.8877656734192243,0.052759740259740256,0.13052208835341367,0.980073082439724
2.9206139385000967,0.05237315875613748,0.1285140562248996,0.9802267604671812
2.953462203580969,0.05267489711934156,0.1285140562248996,0.98034628782187
2.9863104686618342,0.05324459234608985,0.1285140562248996,0.9805682671948638
3.0191587337427066,0.05360134003350084,0.1285140562248996,0.9807048698859367
3.052006998823579,0.05409974640743871,0.1285140562248996,0.9808926985861621
3.0848552639044513,0.05366269165247019,0.12650602409638553,0.9810293012772352
3.1177035289853237,0.05407725321888412,0.12650602409638553,0.9811829793046923
3.150551794066196,0.054357204486626405,0.12650602409638553,0.9812854313229971
3.1834000591470684,0.05464006938421509,0.12650602409638553,0.9813878833413018
3.2162483242279336,0.05502183406113537,0.12650602409638553,0.9815244860323749
3.249096589308806,0.055506607929515416,0.12650602409638553,0.9816952393962161
3.2819448543896783,0.055013309671694766,0.12449799196787148,0.981814766750905
3.3147931194705507,0.05525846702317291,0.12449799196787148,0.9819001434328256
3.347641384551423,0.055705300988319856,0.12449799196787148,0.9820538214602827
3.3804896496322954,0.05605786618444846,0.12449799196787148,0.9821733488149716
3.4133379147131677,0.056466302367941715,0.12449799196787148,0.9823099515060447
3.44618617979404,0.05688073394495413,0.12449799196787148,0.9824465541971177
3.4790344448749053,0.05627306273062731,0.12248995983935743,0.9825319308790383
3.5118827099557777,0.05488372093023256,0.11847389558232932,0.9826514582337272
3.54473097503665,0.054307116104868915,0.11646586345381527,0.982753910252032
3.5775792401175224,0.05372290292177191,0.1144578313253012,0.9828563622703367
3.6104275051983947,0.05423406279733587,0.1144578313253012,0.983027115634178
3.643275770279267,0.05465004793863854,0.1144578313253012,0.983163718325251
3.6761240353601394,0.05517909002904162,0.1144578313253012,0.9833344716890923
3.708972300441012,0.05582761998041136,0.1144578313253012,0.9835393757257018
3.741820565521877,0.05621301775147929,0.1144578313253012,0.9836589030803907
3.7746688306027494,0.05649157581764123,0.1144578313253012,0.9837442797623113
3.8075170956836217,0.056716417910447764,0.1144578313253012,0.9838125811078479
3.840365360764494,0.05711422845691383,0.1144578313253012,0.9839321084625368
3.8732136258453664,0.056338028169014086,0.11244979919678715,0.9839833344716891
3.906061890926239,0.056622851365015166,0.11244979919678715,0.9840687111536097
3.938910156007111,0.056968463886063074,0.11244979919678715,0.9841711631719144
3.9717584210879835,0.05635245901639344,0.11044176706827309,0.9842736151902193
4.004606686168849,0.05675954592363261,0.11044176706827309,0.9843931425449082
4.037454951249721,0.05711318795430945,0.11044176706827309,0.9844955945632129
4.070303216330593,0.05735140771637122,0.11044176706827309,0.9845638959087494
4.103151481411466,0.05771248688352571,0.11044176706827309,0.9846663479270542
4.135999746492338,0.05783385909568875,0.11044176706827309,0.9847004985998224
4.1688480115732105,0.05807814149947202,0.11044176706827309,0.9847687999453589
4.201696276654083,0.05800214822771214,0.10843373493975904,0.9850249299911208
4.234544541734948,0.05806451612903226,0.10843373493975904,0.985042005327505
4.2673928068158204,0.058695652173913045,0.10843373493975904,0.9852127586913462
4.300241071896693,0.05908096280087528,0.10843373493975904,0.985315210709651
4.333089336977565,0.0594059405940594,0.10843373493975904,0.9854005873915717
4.3659376020584375,0.059800664451827246,0.10843373493975904,0.9855030394098764
4.39878586713931,0.058954393770856504,0.10642570281124498,0.9855542654190288
4.431634132220182,0.05902004454342984,0.10642570281124498,0.9855713407554129
4.464482397301055,0.05948372615039282,0.10642570281124498,0.9856908681101018
4.49733066238192,0.05895691609977324,0.10441767068273092,0.9858274708011748
4.530178927462792,0.05956471935853379,0.10441767068273092,0.985981148828632
4.5630271925436645,0.05983889528193326,0.10441767068273092,0.9860494501741685
4.595875457624537,0.06004618937644342,0.10441767068273092,0.9861006761833208
4.628723722705409,0.06060606060606061,0.10441767068273092,0.9862372788743938
4.661571987786282,0.059788980070339975,0.10240963855421686,0.9863055802199303
4.694420252867154,0.0591016548463357,0.10040160642570281,0.9864080322382351
4.727268517948026,0.059665871121718374,0.10040160642570281,0.9865446349293081
4.7601167830288915,0.05995203836930456,0.10040160642570281,0.9866129362748446
4.792965048109764,0.06053268765133172,0.10040160642570281,0.9867495389659177
4.825813313190636,0.058465286236297195,0.0963855421686747,0.98680076497507
4.858661578271509,0.05896805896805897,0.0963855421686747,0.9869202923297589
4.891509843352381,0.059332509270704575,0.0963855421686747,0.9870056690116795
4.924358108433253,0.05860349127182045,0.09437751004016064,0.9871081210299842
4.957206373514126,0.05897114178168131,0.09437751004016064,0.9871934977119049
4.990054638594991,0.05972045743329098,0.09437751004016064,0.9873642510757462
5.022902903675863,0.05874840357598978,0.09236947791164658,0.9874154770848985
5.055751168756736,0.05912596401028278,0.09236947791164658,0.9875008537668192
5.088599433837608,0.059431524547803614,0.09236947791164658,0.9875691551123558
5.12144769891848,0.059895833333333336,0.09236947791164658,0.9876716071306605
5.154295963999353,0.06028833551769332,0.09236947791164658,0.9877569838125811
5.187144229080225,0.06068601583113457,0.09236947791164658,0.9878423604945017
5.219992494161097,0.06084656084656084,0.09236947791164658,0.98787651116727
5.252840759241963,0.061170212765957445,0.09236947791164658,0.9879448125128065
5.285689024322835,0.06174496644295302,0.09236947791164658,0.9880643398674954
5.318537289403707,0.0620782726045884,0.09236947791164658,0.9881326412130319
5.35138555448458,0.060109289617486336,0.08835341365461848,0.9882521685677208
5.384233819565452,0.06060606060606061,0.08835341365461848,0.9883546205860255
5.417082084646324,0.06077348066298342,0.08835341365461848,0.9883887712587938
5.449930349727197,0.059805285118219746,0.08634538152610442,0.9884570726043304
5.482778614808069,0.06005586592178771,0.08634538152610442,0.9885082986134827
5.515626879888934,0.060393258426966294,0.08634538152610442,0.9885765999590191
5.548475144969807,0.059490084985835696,0.08433734939759036,0.9886619766409398
5.581323410050679,0.059743954480796585,0.08433734939759036,0.9887132026500922
5.614171675131551,0.05991440798858773,0.08433734939759036,0.9887473533228605
5.647019940212424,0.0603448275862069,0.08433734939759036,0.9888327300047811
5.679868205293296,0.059506531204644414,0.0823293172690763,0.9889351820230858
5.712716470374168,0.060117302052785926,0.0823293172690763,0.9890547093777747
5.745564735455034,0.060382916053019146,0.0823293172690763,0.9891059353869271
5.778413000535906,0.05934718100890208,0.08032128514056225,0.9891742367324636
5.811261265616778,0.05970149253731343,0.08032128514056225,0.9892425380780001
5.844109530697651,0.059880239520958084,0.08032128514056225,0.9892766887507684
5.876957795778523,0.060240963855421686,0.08032128514056225,0.9893449900963049
5.909806060859395,0.06060606060606061,0.08032128514056225,0.9894132914418414
5.942654325940268,0.060882800608828,0.08032128514056225,0.9894645174509937
5.97550259102114,0.061068702290076333,0.08032128514056225,0.9894986681237621
6.008350856102005,0.06153846153846154,0.08032128514056225,0.9895840448056826
6.041199121182878,0.062111801242236024,0.08032128514056225,0.9896864968239875
6.07404738626375,0.06259780907668232,0.08032128514056225,0.9897718735059081
6.106895651344622,0.06329113924050633,0.08032128514056225,0.9898914008605969
6.139743916425495,0.06369426751592357,0.08032128514056225,0.9899597022061335
6.172592181506367,0.0641025641025641,0.08032128514056225,0.99002800355167
6.2054404465872395,0.06472491909385113,0.08032128514056225,0.9901304555699747
6.238288711668112,0.06188925081433225,0.07630522088353414,0.9901646062427429
6.271136976748977,0.0625,0.07630522088353414,0.9902670582610478
6.303985241829849,0.061461794019933555,0.07429718875502007,0.9903524349429684
6.336833506910722,0.061872909698996656,0.07429718875502007,0.9904207362885049
6.369681771991594,0.06228956228956229,0.07429718875502007,0.9904890376340414
6.4025300370724665,0.06281833616298811,0.07429718875502007,0.990574414315962
6.435378302153339,0.06412478336221837,0.07429718875502007,0.9907793183525715
6.468226567234211,0.0647985989492119,0.07429718875502007,0.9908817703708763
6.5010748323150835,0.06537102473498234,0.07429718875502007,0.990967147052797
6.533923097395949,0.06642728904847396,0.07429718875502007,0.9911208250802541
6.566771362476821,0.06569343065693431,0.07228915662650602,0.9912574277713271
6.5996196275576935,0.06642066420664207,0.07228915662650602,0.9913598797896318
6.632467892638566,0.06679035250463822,0.07228915662650602,0.9914111057987842
6.665316157719438,0.06716417910447761,0.07228915662650602,0.9914623318079366
6.6981644228003105,0.06741573033707865,0.07228915662650602,0.9914964824807049
6.731012687881183,0.0675422138836773,0.07228915662650602,0.9915135578170889
6.763860952962048,0.06818181818181818,0.07228915662650602,0.9915989344990096
6.7967092180429205,0.06870229007633588,0.07228915662650602,0.9916672358445462
6.829557483123793,0.0694980694980695,0.07228915662650602,0.9917696878628509
6.862405748204665,0.06990291262135923,0.07228915662650602,0.9918209138720033
6.8952540132855376,0.07072691552062868,0.07228915662650602,0.991923365890308
6.92810227836641,0.07128712871287128,0.07228915662650602,0.9919916672358445
6.960950543447282,0.07243460764587525,0.07228915662650602,0.9921282699269176
6.993798808528155,0.07302231237322515,0.07228915662650602,0.9921965712724541
7.02664707360902,0.07302231237322515,0.07228915662650602,0.9921965712724541
7.059495338689892,0.0736196319018405,0.07228915662650602,0.9922648726179906
7.092343603770765,0.0743801652892562,0.07228915662650602,0.9923502492999112
7.125191868851637,0.07291666666666667,0.07028112449799197,0.9924014753090636
7.158040133932509,0.07306889352818371,0.07028112449799197,0.9924185506454477
7.190888399013382,0.07157894736842105,0.06827309236947791,0.9924697766546001
7.223736664094254,0.07249466950959488,0.06827309236947791,0.9925722286729048
7.256584929175126,0.0734341252699784,0.06827309236947791,0.9926746806912096
7.289433194255992,0.0737527114967462,0.06827309236947791,0.9927088313639779
7.322281459336864,0.07221006564551423,0.06626506024096386,0.9927600573731302
7.355129724417736,0.07111111111111111,0.0642570281124498,0.992862509391435
7.387977989498609,0.07239819004524888,0.0642570281124498,0.992999112082508
7.420826254579481,0.0730593607305936,0.0642570281124498,0.9930674134280445
7.453674519660353,0.07339449541284404,0.0642570281124498,0.9931015641008127
7.486522784741226,0.07142857142857142,0.06224899598393574,0.9931186394371969
7.519371049822091,0.06960556844547564,0.060240963855421686,0.9931527901099652
7.552219314902963,0.0702576112412178,0.060240963855421686,0.9932210914555016
7.585067579983836,0.06904761904761905,0.05823293172690763,0.9933235434738065
7.617915845064708,0.0671462829736211,0.05622489959839357,0.9933576941465747
7.65076411014558,0.0673076923076923,0.05622489959839357,0.9933747694829588
7.683612375226453,0.06779661016949153,0.05622489959839357,0.9934259954921112
7.716460640307325,0.06796116504854369,0.05622489959839357,0.9934430708284954
7.749308905388197,0.06845965770171149,0.05622489959839357,0.9934942968376477
7.782157170469063,0.06896551724137931,0.05622489959839357,0.9935455228468001
7.815005435549935,0.06716417910447761,0.05421686746987952,0.9935967488559525
7.847853700630807,0.0675,0.05421686746987952,0.9936308995287207
7.88070196571168,0.06801007556675064,0.05421686746987952,0.993682125537873
7.913550230792552,0.06818181818181818,0.05421686746987952,0.9936992008742572
7.946398495873424,0.06905370843989769,0.05421686746987952,0.9937845775561779
7.979246760954297,0.06718346253229975,0.05220883534136546,0.9938358035653302
8.012095026035169,0.06788511749347259,0.05220883534136546,0.9939041049108668
8.044943291116034,0.06860158311345646,0.05220883534136546,0.9939724062564033
8.077791556196907,0.06878306878306878,0.05220883534136546,0.9939894815927873
8.110639821277779,0.06648936170212766,0.050200803212851405,0.9940065569291715
8.143488086358651,0.06684491978609626,0.050200803212851405,0.9940407076019397
8.176336351439524,0.06756756756756757,0.050200803212851405,0.9941090089474762
8.209184616520396,0.06756756756756757,0.050200803212851405,0.9941090089474762
8.242032881601268,0.0653950953678474,0.04819277108433735,0.9941431596202445
8.274881146682134,0.0653950953678474,0.04819277108433735,0.9941431596202445
8.307729411763006,0.06593406593406594,0.04819277108433735,0.9941943856293969
8.340577676843878,0.06629834254143646,0.04819277108433735,0.9942285363021651
8.37342594192475,0.06722689075630252,0.04819277108433735,0.9943139129840858
8.406274207005623,0.06779661016949153,0.04819277108433735,0.9943651389932382
8.439122472086495,0.0679886685552408,0.04819277108433735,0.9943822143296223
8.471970737167368,0.06818181818181818,0.04819277108433735,0.9943992896660064
8.50481900224824,0.06837606837606838,0.04819277108433735,0.9944163650023905
8.537667267329105,0.06666666666666667,0.04618473895582329,0.9945017416843112
8.570515532409978,0.06725146198830409,0.04618473895582329,0.9945529676934636
8.60336379749085,0.06744868035190615,0.04618473895582329,0.9945700430298476
8.636212062571722,0.06764705882352941,0.04618473895582329,0.9945871183662318
8.669060327652595,0.06845238095238096,0.04618473895582329,0.9946554197117683
8.701908592733467,0.06927710843373494,0.04618473895582329,0.9947237210573048
8.73475685781434,0.0696969696969697,0.04618473895582329,0.9947578717300731
8.767605122895212,0.07098765432098765,0.04618473895582329,0.9948603237483779
8.800453387976077,0.07142857142857142,0.04618473895582329,0.9948944744211461
8.83330165305695,0.071875,0.04618473895582329,0.9949286250939143
8.866149918137822,0.07255520504731862,0.04618473895582329,0.9949798511030667
8.898998183218694,0.07278481012658228,0.04618473895582329,0.9949969264394508
8.931846448299567,0.07301587301587302,0.04618473895582329,0.995014001775835
8.964694713380439,0.0732484076433121,0.04618473895582329,0.9950310771122192
8.997542978461311,0.07371794871794872,0.04618473895582329,0.9950652277849874
9.030391243542184,0.07419354838709677,0.04618473895582329,0.9950993784577556
9.063239508623049,0.0744336569579288,0.04618473895582329,0.9951164537941397
9.096087773703921,0.0749185667752443,0.04618473895582329,0.995150604466908
9.128936038784794,0.0749185667752443,0.04618473895582329,0.995150604466908
9.161784303865666,0.07540983606557378,0.04618473895582329,0.9951847551396763
9.194632568946538,0.07641196013289037,0.04618473895582329,0.9952530564852128
9.22748083402741,0.07641196013289037,0.04618473895582329,0.9952530564852128
9.260329099108283,0.07718120805369127,0.04618473895582329,0.9953042824943651
9.293177364189148,0.07718120805369127,0.04618473895582329,0.9953042824943651
9.32602562927002,0.0777027027027027,0.04618473895582329,0.9953384331671334
9.358873894350893,0.0777027027027027,0.04618473895582329,0.9953384331671334
9.391722159431765,0.0782312925170068,0.04618473895582329,0.9953725838399017
9.424570424512638,0.07876712328767123,0.04618473895582329,0.9954067345126699
9.45741868959351,0.0798611111111111,0.04618473895582329,0.9954750358582064
9.490266954674382,0.08098591549295775,0.04618473895582329,0.9955433372037429
9.523115219755255,0.08098591549295775,0.04618473895582329,0.9955433372037429
9.55596348483612,0.08185053380782918,0.04618473895582329,0.9955945632128953
9.588811749916992,0.08243727598566308,0.04618473895582329,0.9956287138856635
9.621660014997865,0.08333333333333333,0.04618473895582329,0.995679939894816
9.654508280078737,0.08363636363636363,0.04618473895582329,0.9956970152312
9.68735654515961,0.08363636363636363,0.04618473895582329,0.9956970152312
9.720204810240482,0.08424908424908426,0.04618473895582329,0.9957311659039683
9.753053075321354,0.08424908424908426,0.04618473895582329,0.9957311659039683
9.785901340402226,0.08455882352941177,0.04618473895582329,0.9957482412403524
9.818749605483092,0.08487084870848709,0.04618473895582329,0.9957653165767366
9.851597870563964,0.08208955223880597,0.04417670682730924,0.9957994672495049
9.884446135644836,0.07954545454545454,0.04216867469879518,0.9958506932586572
9.917294400725709,0.07984790874524715,0.04216867469879518,0.9958677685950413
9.950142665806581,0.08045977011494253,0.04216867469879518,0.9959019192678096
9.982990930887453,0.08171206225680934,0.04216867469879518,0.9959702206133461
10.015839195968326,0.08267716535433071,0.04216867469879518,0.9960214466224985
10.048687461049191,0.08333333333333333,0.04216867469879518,0.9960555972952667
10.081535726130063,0.08366533864541832,0.04216867469879518,0.9960726726316509
10.114383991210936,0.08433734939759036,0.04216867469879518,0.9961068233044191
10.147232256291808,0.08536585365853659,0.04216867469879518,0.9961580493135714
10.18008052137268,0.0860655737704918,0.04216867469879518,0.9961921999863397
10.212928786453553,0.08677685950413223,0.04216867469879518,0.996226350659108
10.245777051534425,0.0875,0.04216867469879518,0.9962605013318763
10.278625316615297,0.08403361344537816,0.040160642570281124,0.9962775766682603
10.311473581696163,0.0847457627118644,0.040160642570281124,0.9963117273410286
10.344321846777035,0.0851063829787234,0.040160642570281124,0.9963288026774128
10.377170111857907,0.08583690987124463,0.040160642570281124,0.996362953350181
10.41001837693878,0.08620689655172414,0.040160642570281124,0.9963800286865652
10.442866642019652,0.08620689655172414,0.040160642570281124,0.9963800286865652
10.475714907100524,0.08695652173913043,0.040160642570281124,0.9964141793593334
10.508563172181397,0.08695652173913043,0.040160642570281124,0.9964141793593334
10.54141143726227,0.08849557522123894,0.040160642570281124,0.9964824807048699
10.574259702343134,0.08444444444444445,0.03815261044176707,0.9964824807048699
10.607107967424007,0.08444444444444445,0.03815261044176707,0.9964824807048699
10.639956232504879,0.08482142857142858,0.03815261044176707,0.9964995560412541
10.672804497585751,0.08597285067873303,0.03815261044176707,0.9965507820504064
10.705652762666624,0.0867579908675799,0.03815261044176707,0.9965849327231746
10.738501027747496,0.0867579908675799,0.03815261044176707,0.9965849327231746
10.771349292828369,0.08755760368663594,0.03815261044176707,0.9966190833959429
10.804197557909234,0.08755760368663594,0.03815261044176707,0.9966190833959429
10.837045822990106,0.08796296296296297,0.03815261044176707,0.996636158732327
10.869894088070978,0.08962264150943396,0.03815261044176707,0.9967044600778635
10.90274235315185,0.09004739336492891,0.03815261044176707,0.9967215354142477
10.935590618232723,0.09047619047619047,0.03815261044176707,0.9967386107506317
10.968438883313596,0.09268292682926829,0.03815261044176707,0.9968239874325524
11.001287148394468,0.09359605911330049,0.03815261044176707,0.9968581381053206
11.03413541347534,0.09359605911330049,0.03815261044176707,0.9968581381053206
11.066983678556205,0.09359605911330049,0.03815261044176707,0.9968581381053206
11.099831943637078,0.0945273631840796,0.03815261044176707,0.9968922887780889
11.13268020871795,0.095,0.03815261044176707,0.9969093641144731
11.165528473798823,0.09547738693467336,0.03815261044176707,0.9969264394508571
11.198376738879695,0.09090909090909091,0.03614457831325301,0.9969264394508571
11.231225003960567,0.08629441624365482,0.03413654618473896,0.9969264394508571
11.26407326904144,0.08717948717948718,0.03413654618473896,0.9969605901236255
11.296921534122312,0.08762886597938144,0.03413654618473896,0.9969776654600095
11.329769799203177,0.08994708994708994,0.03413654618473896,0.9970630421419302
11.36261806428405,0.09042553191489362,0.03413654618473896,0.9970801174783144
11.395466329364922,0.0918918918918919,0.03413654618473896,0.9971313434874667
11.428314594445794,0.0918918918918919,0.03413654618473896,0.9971313434874667
11.461162859526667,0.0918918918918919,0.03413654618473896,0.9971313434874667
11.494011124607539,0.09239130434782608,0.03413654618473896,0.9971484188238509
11.526859389688411,0.09340659340659341,0.03413654618473896,0.9971825694966191
11.559707654769284,0.09340659340659341,0.03413654618473896,0.9971825694966191
11.592555919850149,0.09444444444444444,0.03413654618473896,0.9972167201693873
11.625404184931021,0.09550561797752809,0.03413654618473896,0.9972508708421556
11.658252450011894,0.09550561797752809,0.03413654618473896,0.9972508708421556
11.691100715092766,0.09659090909090909,0.03413654618473896,0.9972850215149238
11.723948980173638,0.09659090909090909,0.03413654618473896,0.9972850215149238
11.75679724525451,0.09883720930232558,0.03413654618473896,0.9973533228604603
11.789645510335383,0.1,0.03413654618473896,0.9973874735332287
11.822493775416248,0.1,0.03413654618473896,0.9973874735332287
11.85534204049712,0.1,0.03413654618473896,0.9973874735332287
11.888190305577993,0.09523809523809523,0.0321285140562249,0.9974045488696127
11.921038570658865,0.09580838323353294,0.0321285140562249,0.9974216242059969
11.953886835739738,0.0975609756097561,0.0321285140562249,0.9974728502151492
11.98673510082061,0.09202453987730061,0.030120481927710843,0.9974728502151492
12.019583365901482,0.09259259259259259,0.030120481927710843,0.9974899255515334
12.052431630982355,0.09259259259259259,0.030120481927710843,0.9974899255515334
12.08527989606322,0.09316770186335403,0.030120481927710843,0.9975070008879174
12.118128161144092,0.0949367088607595,0.030120481927710843,0.9975582268970699
12.150976426224965,0.09554140127388536,0.030120481927710843,0.997575302233454
12.183824691305837,0.09615384615384616,0.030120481927710843,0.9975923775698381
12.21667295638671,0.09803921568627451,0.030120481927710843,0.9976436035789905
12.249521221467582,0.09933774834437085,0.030120481927710843,0.9976777542517588
12.282369486548454,0.10067114093959731,0.030120481927710843,0.997711904924527
12.315217751629326,0.10135135135135136,0.030120481927710843,0.9977289802609112
12.348066016710192,0.10135135135135136,0.030120481927710843,0.9977289802609112
12.380914281791064,0.10135135135135136,0.030120481927710843,0.9977289802609112
12.413762546871936,0.10135135135135136,0.030120481927710843,0.9977289802609112
12.446610811952809,0.10204081632653061,0.030120481927710843,0.9977460555972952
12.479459077033681,0.1048951048951049,0.030120481927710843,0.9978143569428318
12.512307342114553,0.1048951048951049,0.030120481927710843,0.9978143569428318
12.545155607195426,0.10638297872340426,0.030120481927710843,0.9978485076156001
12.578003872276291,0.10638297872340426,0.030120481927710843,0.9978485076156001
12.610852137357163,0.10638297872340426,0.030120481927710843,0.9978485076156001
12.643700402438036,0.10869565217391304,0.030120481927710843,0.9978997336247524
12.676548667518908,0.1037037037037037,0.028112449799196786,0.9979338842975206
12.70939693259978,0.1044776119402985,0.028112449799196786,0.9979509596339048
12.742245197680653,0.10526315789473684,0.028112449799196786,0.997968034970289
12.775093462761525,0.10606060606060606,0.028112449799196786,0.997985110306673
12.807941727842397,0.1076923076923077,0.028112449799196786,0.9980192609794413
12.840789992923263,0.1076923076923077,0.028112449799196786,0.9980192609794413
12.873638258004135,0.10852713178294573,0.028112449799196786,0.9980363363158254
12.906486523085007,0.11023622047244094,0.028112449799196786,0.9980704869885937
12.93933478816588,0.112,0.028112449799196786,0.9981046376613619
12.972183053246752,0.11290322580645161,0.028112449799196786,0.9981217129977461
13.005031318327624,0.11290322580645161,0.028112449799196786,0.9981217129977461
13.037879583408497,0.11382113821138211,0.028112449799196786,0.9981387883341302
13.07072784848937,0.11382113821138211,0.028112449799196786,0.9981387883341302
13.103576113570234,0.11475409836065574,0.028112449799196786,0.9981558636705143
13.136424378651107,0.11475409836065574,0.028112449799196786,0.9981558636705143
13.16927264373198,0.11764705882352941,0.028112449799196786,0.9982070896796666
13.202120908812851,0.11764705882352941,0.028112449799196786,0.9982070896796666
13.234969173893724,0.12389380530973451,0.028112449799196786,0.9983095416979715
13.267817438974596,0.125,0.028112449799196786,0.9983266170343555
13.300665704055469,0.12727272727272726,0.028112449799196786,0.9983607677071238
13.333513969136334,0.12962962962962962,0.028112449799196786,0.9983949183798921
13.366362234217206,0.1308411214953271,0.028112449799196786,0.9984119937162762
13.399210499298079,0.1320754716981132,0.028112449799196786,0.9984290690526604
13.43205876437895,0.1320754716981132,0.028112449799196786,0.9984290690526604
13.464907029459823,0.1320754716981132,0.028112449799196786,0.9984290690526604
13.497755294540696,0.125,0.02610441767068273,0.9984461443890444
13.530603559621568,0.1262135922330097,0.02610441767068273,0.9984632197254286
13.56345182470244,0.12871287128712872,0.02610441767068273,0.9984973703981969
13.596300089783306,0.13,0.02610441767068273,0.9985144457345809
13.629148354864178,0.1326530612244898,0.02610441767068273,0.9985485964073493
13.66199661994505,0.1368421052631579,0.02610441767068273,0.9985998224165016
13.694844885025923,0.1368421052631579,0.02610441767068273,0.9985998224165016
13.727693150106795,0.1368421052631579,0.02610441767068273,0.9985998224165016
13.760541415187667,0.13829787234042554,0.02610441767068273,0.9986168977528858
13.79338968026854,0.13829787234042554,0.02610441767068273,0.9986168977528858
13.826237945349412,0.13829787234042554,0.02610441767068273,0.9986168977528858
13.859086210430277,0.14130434782608695,0.02610441767068273,0.998651048425654
13.89193447551115,0.14130434782608695,0.02610441767068273,0.998651048425654
13.924782740592022,0.14606741573033707,0.02610441767068273,0.9987022744348064
13.957631005672894,0.14772727272727273,0.02610441767068273,0.9987193497711905
13.990479270753767,0.1511627906976744,0.02610441767068273,0.9987535004439587
14.023327535834639,0.1511627906976744,0.02610441767068273,0.9987535004439587
14.056175800915511,0.15294117647058825,0.02610441767068273,0.9987705757803429
14.089024065996384,0.15476190476190477,0.02610441767068273,0.998787651116727
14.121872331077249,0.15476190476190477,0.02610441767068273,0.998787651116727
14.154720596158121,0.15476190476190477,0.02610441767068273,0.998787651116727
14.187568861238994,0.1566265060240964,0.02610441767068273,0.9988047264531111
14.220417126319866,0.15853658536585366,0.02610441767068273,0.9988218017894952
14.253265391400738,0.16049382716049382,0.02610441767068273,0.9988388771258794
14.28611365648161,0.16049382716049382,0.02610441767068273,0.9988388771258794
14.318961921562483,0.16049382716049382,0.02610441767068273,0.9988388771258794
14.351810186643348,0.16455696202531644,0.02610441767068273,0.9988730277986476
14.38465845172422,0.16455696202531644,0.02610441767068273,0.9988730277986476
14.417506716805093,0.16666666666666666,0.02610441767068273,0.9988901031350318
14.450354981885965,0.16666666666666666,0.02610441767068273,0.9988901031350318
14.483203246966838,0.17105263157894737,0.02610441767068273,0.9989242538078
14.51605151204771,0.17105263157894737,0.02610441767068273,0.9989242538078
14.548899777128582,0.17333333333333334,0.02610441767068273,0.9989413291441841
14.581748042209455,0.17333333333333334,0.02610441767068273,0.9989413291441841
14.61459630729032,0.17567567567567569,0.02610441767068273,0.9989584044805683
14.647444572371192,0.1643835616438356,0.024096385542168676,0.9989584044805683
14.680292837452065,0.16666666666666666,0.024096385542168676,0.9989754798169523
14.713141102532937,0.16901408450704225,0.024096385542168676,0.9989925551533365
14.74598936761381,0.17391304347826086,0.024096385542168676,0.9990267058261048
14.778837632694682,0.16417910447761194,0.02208835341365462,0.9990437811624889
14.811685897775554,0.16417910447761194,0.02208835341365462,0.9990437811624889
14.844534162856426,0.16666666666666666,0.02208835341365462,0.999060856498873
14.877382427937292,0.171875,0.02208835341365462,0.9990950071716412
14.910230693018164,0.18032786885245902,0.02208835341365462,0.9991462331807937
14.943078958099036,0.18333333333333332,0.02208835341365462,0.9991633085171778
14.975927223179909,0.1694915254237288,0.020080321285140562,0.9991633085171778
15.008775488260781,0.1724137931034483,0.020080321285140562,0.9991803838535619
15.041623753341653,0.1724137931034483,0.020080321285140562,0.9991803838535619
15.074472018422526,0.17543859649122806,0.020080321285140562,0.9991974591899461
15.107320283503391,0.17543859649122806,0.020080321285140562,0.9991974591899461
15.140168548584263,0.17543859649122806,0.020080321285140562,0.9991974591899461
15.173016813665136,0.17857142857142858,0.020080321285140562,0.9992145345263301
15.205865078746008,0.17857142857142858,0.020080321285140562,0.9992145345263301
15.23871334382688,0.17857142857142858,0.020080321285140562,0.9992145345263301
15.271561608907753,0.17857142857142858,0.020080321285140562,0.9992145345263301
15.304409873988625,0.17857142857142858,0.020080321285140562,0.9992145345263301
15.337258139069498,0.17857142857142858,0.020080321285140562,0.9992145345263301
15.370106404150363,0.17857142857142858,0.020080321285140562,0.9992145345263301
15.402954669231235,0.18181818181818182,0.020080321285140562,0.9992316098627143
15.435802934312107,0.18867924528301888,0.020080321285140562,0.9992657605354826
15.46865119939298,0.19230769230769232,0.020080321285140562,0.9992828358718667
15.501499464473852,0.19230769230769232,0.020080321285140562,0.9992828358718667
15.534347729554725,0.17647058823529413,0.018072289156626505,0.9992828358718667
15.567195994635597,0.18,0.018072289156626505,0.9992999112082508
15.60004425971647,0.18,0.018072289156626505,0.9992999112082508
15.632892524797334,0.1836734693877551,0.018072289156626505,0.999316986544635
15.665740789878207,0.1836734693877551,0.018072289156626505,0.999316986544635
15.69858905495908,0.1836734693877551,0.018072289156626505,0.999316986544635
15.731437320039952,0.1836734693877551,0.018072289156626505,0.999316986544635
15.764285585120824,0.1836734693877551,0.018072289156626505,0.999316986544635
15.797133850201696,0.1702127659574468,0.01606425702811245,0.999334061881019
15.829982115282569,0.1702127659574468,0.01606425702811245,0.999334061881019
15.862830380363434,0.1702127659574468,0.01606425702811245,0.999334061881019
15.895678645444306,0.17391304347826086,0.01606425702811245,0.9993511372174032
15.928526910525179,0.17777777777777778,0.01606425702811245,0.9993682125537873
15.961375175606051,0.18181818181818182,0.01606425702811245,0.9993852878901714
15.994223440686923,0.18604651162790697,0.01606425702811245,0.9994023632265555
16.027071705767796,0.18604651162790697,0.01606425702811245,0.9994023632265555
16.059919970848668,0.18604651162790697,0.01606425702811245,0.9994023632265555
16.09276823592954,0.18604651162790697,0.01606425702811245,0.9994023632265555
16.125616501010406,0.18604651162790697,0.01606425702811245,0.9994023632265555
16.158464766091278,0.18604651162790697,0.01606425702811245,0.9994023632265555
16.19131303117215,0.18604651162790697,0.01606425702811245,0.9994023632265555
16.224161296253023,0.19047619047619047,0.01606425702811245,0.9994194385629397
16.257009561333895,0.19047619047619047,0.01606425702811245,0.9994194385629397
16.289857826414767,0.19047619047619047,0.01606425702811245,0.9994194385629397
16.32270609149564,0.1951219512195122,0.01606425702811245,0.9994365138993239
16.355554356576512,0.1951219512195122,0.01606425702811245,0.9994365138993239
16.388402621657377,0.1951219512195122,0.01606425702811245,0.9994365138993239
16.42125088673825,0.20512820512820512,0.01606425702811245,0.9994706645720921
16.454099151819122,0.18421052631578946,0.014056224899598393,0.9994706645720921
16.486947416899994,0.18421052631578946,0.014056224899598393,0.9994706645720921
16.519795681980867,0.18421052631578946,0.014056224899598393,0.9994706645720921
16.55264394706174,0.1891891891891892,0.014056224899598393,0.9994877399084762
16.58549221214261,0.1891891891891892,0.014056224899598393,0.9994877399084762
16.618340477223484,0.1891891891891892,0.014056224899598393,0.9994877399084762
16.65118874230435,0.1891891891891892,0.014056224899598393,0.9994877399084762
16.68403700738522,0.1891891891891892,0.014056224899598393,0.9994877399084762
16.716885272466094,0.19444444444444445,0.014056224899598393,0.9995048152448603
16.749733537546966,0.2,0.014056224899598393,0.9995218905812444
16.78258180262784,0.17647058823529413,0.012048192771084338,0.9995218905812444
16.81543006770871,0.17647058823529413,0.012048192771084338,0.9995218905812444
16.848278332789583,0.17647058823529413,0.012048192771084338,0.9995218905812444
16.88112659787045,0.18181818181818182,0.012048192771084338,0.9995389659176286
16.91397486295132,0.18181818181818182,0.012048192771084338,0.9995389659176286
16.946823128032193,0.1875,0.012048192771084338,0.9995560412540127
16.979671393113065,0.1875,0.012048192771084338,0.9995560412540127
17.012519658193938,0.1875,0.012048192771084338,0.9995560412540127
17.04536792327481,0.16129032258064516,0.010040160642570281,0.9995560412540127
17.078216188355682,0.16129032258064516,0.010040160642570281,0.9995560412540127
17.111064453436555,0.16129032258064516,0.010040160642570281,0.9995560412540127
17.14391271851742,0.16666666666666666,0.010040160642570281,0.9995731165903968
17.176760983598292,0.16666666666666666,0.010040160642570281,0.9995731165903968
17.209609248679165,0.1724137931034483,0.010040160642570281,0.999590191926781
17.242457513760037,0.17857142857142858,0.010040160642570281,0.9996072672631651
17.27530577884091,0.17857142857142858,0.010040160642570281,0.9996072672631651
17.308154043921782,0.18518518518518517,0.010040160642570281,0.9996243425995492
17.341002309002654,0.18518518518518517,0.010040160642570281,0.9996243425995492
17.373850574083527,0.18518518518518517,0.010040160642570281,0.9996243425995492
17.40669883916439,0.18518518518518517,0.010040160642570281,0.9996243425995492
17.439547104245264,0.19230769230769232,0.010040160642570281,0.9996414179359333
17.472395369326136,0.19230769230769232,0.010040160642570281,0.9996414179359333
17.50524363440701,0.19230769230769232,0.010040160642570281,0.9996414179359333
17.53809189948788,0.2,0.010040160642570281,0.9996584932723175
17.570940164568754,0.2,0.010040160642570281,0.9996584932723175
17.603788429649626,0.2,0.010040160642570281,0.9996584932723175
17.63663669473049,0.2,0.010040160642570281,0.9996584932723175
17.669484959811363,0.2,0.010040160642570281,0.9996584932723175
17.702333224892236,0.2,0.010040160642570281,0.9996584932723175
17.735181489973108,0.2,0.010040160642570281,0.9996584932723175
17.76802975505398,0.2,0.010040160642570281,0.9996584932723175
17.800878020134853,0.2,0.010040160642570281,0.9996584932723175
17.833726285215725,0.20833333333333334,0.010040160642570281,0.9996755686087015
17.866574550296598,0.20833333333333334,0.010040160642570281,0.9996755686087015
17.899422815377463,0.20833333333333334,0.010040160642570281,0.9996755686087015
17.932271080458335,0.20833333333333334,0.010040160642570281,0.9996755686087015
17.965119345539208,0.20833333333333334,0.010040160642570281,0.9996755686087015
17.99796761062008,0.21739130434782608,0.010040160642570281,0.9996926439450857
18.030815875700952,0.19047619047619047,0.008032128514056224,0.9997097192814699
18.063664140781825,0.19047619047619047,0.008032128514056224,0.9997097192814699
18.096512405862697,0.19047619047619047,0.008032128514056224,0.9997097192814699
18.12936067094357,0.19047619047619047,0.008032128514056224,0.9997097192814699
18.162208936024435,0.19047619047619047,0.008032128514056224,0.9997097192814699
18.195057201105307,0.2,0.008032128514056224,0.999726794617854
18.22790546618618,0.2,0.008032128514056224,0.999726794617854
18.26075373126705,0.2,0.008032128514056224,0.999726794617854
18.293601996347924,0.2,0.008032128514056224,0.999726794617854
18.326450261428796,0.21052631578947367,0.008032128514056224,0.9997438699542381
18.35929852650967,0.21052631578947367,0.008032128514056224,0.9997438699542381
18.392146791590534,0.21052631578947367,0.008032128514056224,0.9997438699542381
18.424995056671406,0.2222222222222222,0.008032128514056224,0.9997609452906222
18.45784332175228,0.2222222222222222,0.008032128514056224,0.9997609452906222
18.49069158683315,0.2222222222222222,0.008032128514056224,0.9997609452906222
18.523539851914023,0.2222222222222222,0.008032128514056224,0.9997609452906222
18.556388116994896,0.23529411764705882,0.008032128514056224,0.9997780206270064
18.589236382075768,0.23529411764705882,0.008032128514056224,0.9997780206270064
18.62208464715664,0.25,0.008032128514056224,0.9997950959633904
18.654932912237506,0.25,0.008032128514056224,0.9997950959633904
18.687781177318378,0.25,0.008032128514056224,0.9997950959633904
18.72062944239925,0.25,0.008032128514056224,0.9997950959633904
18.753477707480123,0.2,0.006024096385542169,0.9997950959633904
18.786325972560995,0.2,0.006024096385542169,0.9997950959633904
18.819174237641867,0.2,0.006024096385542169,0.9997950959633904
18.85202250272274,0.2,0.006024096385542169,0.9997950959633904
18.884870767803612,0.2,0.006024096385542169,0.9997950959633904
18.917719032884477,0.2,0.006024096385542169,0.9997950959633904
18.95056729796535,0.2,0.006024096385542169,0.9997950959633904
18.983415563046222,0.2,0.006024096385542169,0.9997950959633904
19.016263828127094,0.21428571428571427,0.006024096385542169,0.9998121712997746
19.049112093207967,0.23076923076923078,0.006024096385542169,0.9998292466361587
19.08196035828884,0.23076923076923078,0.006024096385542169,0.9998292466361587
19.11480862336971,0.23076923076923078,0.006024096385542169,0.9998292466361587
19.147656888450577,0.23076923076923078,0.006024096385542169,0.9998292466361587
19.18050515353145,0.23076923076923078,0.006024096385542169,0.9998292466361587
19.21335341861232,0.23076923076923078,0.006024096385542169,0.9998292466361587
19.246201683693194,0.23076923076923078,0.006024096385542169,0.9998292466361587
19.279049948774066,0.23076923076923078,0.006024096385542169,0.9998292466361587
19.31189821385494,0.23076923076923078,0.006024096385542169,0.9998292466361587
19.34474647893581,0.23076923076923078,0.006024096385542169,0.9998292466361587
19.377594744016683,0.23076923076923078,0.006024096385542169,0.9998292466361587
19.41044300909755,0.16666666666666666,0.004016064257028112,0.9998292466361587
19.44329127417842,0.16666666666666666,0.004016064257028112,0.9998292466361587
19.476139539259293,0.16666666666666666,0.004016064257028112,0.9998292466361587
19.508987804340165,0.16666666666666666,0.004016064257028112,0.9998292466361587
19.541836069421038,0.16666666666666666,0.004016064257028112,0.9998292466361587
19.57468433450191,0.18181818181818182,0.004016064257028112,0.9998463219725429
19.607532599582782,0.18181818181818182,0.004016064257028112,0.9998463219725429
19.640380864663655,0.18181818181818182,0.004016064257028112,0.9998463219725429
19.67322912974452,0.18181818181818182,0.004016064257028112,0.9998463219725429
19.706077394825392,0.1,0.002008032128514056,0.9998463219725429
19.738925659906265,0.1111111111111111,0.002008032128514056,0.999863397308927
19.771773924987137,0.125,0.002008032128514056,0.9998804726453111
19.80462219006801,0.125,0.002008032128514056,0.9998804726453111
19.837470455148882,0.125,0.002008032128514056,0.9998804726453111
19.870318720229754,0.125,0.002008032128514056,0.9998804726453111
19.903166985310627,0.125,0.002008032128514056,0.9998804726453111
19.936015250391492,0.125,0.002008032128514056,0.9998804726453111
19.968863515472364,0.125,0.002008032128514056,0.9998804726453111
20.001711780553237,0.125,0.002008032128514056,0.9998804726453111
20.03456004563411,0.125,0.002008032128514056,0.9998804726453111
20.06740831071498,0.125,0.002008032128514056,0.9998804726453111
20.100256575795854,0.125,0.002008032128514056,0.9998804726453111
20.133104840876726,0.125,0.002008032128514056,0.9998804726453111
20.16595310595759,0.14285714285714285,0.002008032128514056,0.9998975479816953
20.198801371038464,0.14285714285714285,0.002008032128514056,0.9998975479816953
20.231649636119336,0.14285714285714285,0.002008032128514056,0.9998975479816953
20.264497901200208,0.14285714285714285,0.002008032128514056,0.9998975479816953
20.29734616628108,0.14285714285714285,0.002008032128514056,0.9998975479816953
20.330194431361953,0.14285714285714285,0.002008032128514056,0.9998975479816953
20.363042696442825,0.14285714285714285,0.002008032128514056,0.9998975479816953
20.395890961523698,0.14285714285714285,0.002008032128514056,0.9998975479816953
20.428739226604563,0.14285714285714285,0.002008032128514056,0.9998975479816953
20.461587491685435,0.14285714285714285,0.002008032128514056,0.9998975479816953
20.494435756766308,0.14285714285714285,0.002008032128514056,0.9998975479816953
20.52728402184718,0.14285714285714285,0.002008032128514056,0.9998975479816953
20.560132286928052,0.14285714285714285,0.002008032128514056,0.9998975479816953
20.592980552008925,0.14285714285714285,0.002008032128514056,0.9998975479816953
20.625828817089797,0.14285714285714285,0.002008032128514056,0.9998975479816953
20.65867708217067,0.14285714285714285,0.002008032128514056,0.9998975479816953
20.691525347251535,0.14285714285714285,0.002008032128514056,0.9998975479816953
20.724373612332407,0.14285714285714285,0.002008032128514056,0.9998975479816953
20.75722187741328,0.14285714285714285,0.002008032128514056,0.9998975479816953
20.79007014249415,0.14285714285714285,0.002008032128514056,0.9998975479816953
20.822918407575024,0.14285714285714285,0.002008032128514056,0.9998975479816953
20.855766672655896,0.14285714285714285,0.002008032128514056,0.9998975479816953
20.88861493773677,0.14285714285714285,0.002008032128514056,0.9998975479816953
20.921463202817634,0.14285714285714285,0.002008032128514056,0.9998975479816953
20.954311467898506,0.14285714285714285,0.002008032128514056,0.9998975479816953
20.98715973297938,0.14285714285714285,0.002008032128514056,0.9998975479816953
21.02000799806025,0.14285714285714285,0.002008032128514056,0.9998975479816953
21.052856263141123,0.14285714285714285,0.002008032128514056,0.9998975479816953
21.085704528221996,0.14285714285714285,0.002008032128514056,0.9998975479816953
21.118552793302868,0.14285714285714285,0.002008032128514056,0.9998975479816953
21.15140105838374,0.14285714285714285,0.002008032128514056,0.9998975479816953
21.184249323464606,0.14285714285714285,0.002008032128514056,0.9998975479816953
21.217097588545478,0.14285714285714285,0.002008032128514056,0.9998975479816953
21.24994585362635,0.14285714285714285,0.002008032128514056,0.9998975479816953
21.282794118707223,0.14285714285714285,0.002008032128514056,0.9998975479816953
21.315642383788095,0.14285714285714285,0.002008032128514056,0.9998975479816953
21.348490648868967,0.14285714285714285,0.002008032128514056,0.9998975479816953
21.38133891394984,0.14285714285714285,0.002008032128514056,0.9998975479816953
21.414187179030712,0.14285714285714285,0.002008032128514056,0.9998975479816953
21.447035444111577,0.14285714285714285,0.002008032128514056,0.9998975479816953
21.47988370919245,0.14285714285714285,0.002008032128514056,0.9998975479816953
21.512731974273322,0.14285714285714285,0.002008032128514056,0.9998975479816953
21.545580239354194,0.14285714285714285,0.002008032128514056,0.9998975479816953
21.578428504435067,0.14285714285714285,0.002008032128514056,0.9998975479816953
21.61127676951594,0.14285714285714285,0.002008032128514056,0.9998975479816953
21.64412503459681,0.14285714285714285,0.002008032128514056,0.9998975479816953
21.676973299677677,0.14285714285714285,0.002008032128514056,0.9998975479816953
21.70982156475855,0.16666666666666666,0.002008032128514056,0.9999146233180793
21.74266982983942,0.16666666666666666,0.002008032128514056,0.9999146233180793
21.775518094920294,0.16666666666666666,0.002008032128514056,0.9999146233180793
21.808366360001166,0.16666666666666666,0.002008032128514056,0.9999146233180793
21.84121462508204,0.16666666666666666,0.002008032128514056,0.9999146233180793
21.87406289016291,0.16666666666666666,0.002008032128514056,0.9999146233180793
21.906911155243783,0.2,0.002008032128514056,0.9999316986544635
21.93975942032465,0.2,0.002008032128514056,0.9999316986544635
21.97260768540552,0.25,0.002008032128514056,0.9999487739908476
22.005455950486393,0.25,0.002008032128514056,0.9999487739908476
22.038304215567265,0.25,0.002008032128514056,0.9999487739908476
22.071152480648138,0.25,0.002008032128514056,0.9999487739908476
22.10400074572901,0.25,0.002008032128514056,0.9999487739908476
22.136849010809883,0.25,0.002008032128514056,0.9999487739908476
22.169697275890755,0.25,0.002008032128514056,0.9999487739908476
22.20254554097162,0.25,0.002008032128514056,0.9999487739908476
22.235393806052492,0.25,0.002008032128514056,0.9999487739908476
22.268242071133365,0.25,0.002008032128514056,0.9999487739908476
22.301090336214237,0.25,0.002008032128514056,0.9999487739908476
22.33393860129511,0.25,0.002008032128514056,0.9999487739908476
22.366786866375982,0.25,0.002008032128514056,0.9999487739908476
22.399635131456854,0.25,0.002008032128514056,0.9999487739908476
22.432483396537727,0.25,0.002008032128514056,0.9999487739908476
22.465331661618592,0.25,0.002008032128514056,0.9999487739908476
22.498179926699464,0.25,0.002008032128514056,0.9999487739908476
22.531028191780337,0.0,0.0,0.9999487739908476
22.56387645686121,0.0,0.0,0.9999487739908476
22.59672472194208,0.0,0.0,0.9999487739908476
22.629572987022954,0.0,0.0,0.9999487739908476
22.662421252103826,0.0,0.0,0.9999487739908476
22.69526951718469,0.0,0.0,0.9999487739908476
22.728117782265564,0.0,0.0,0.9999487739908476
22.760966047346436,0.0,0.0,0.9999487739908476
22.79381431242731,0.0,0.0,0.9999487739908476
22.82666257750818,0.0,0.0,0.9999487739908476
22.859510842589053,0.0,0.0,0.9999487739908476
22.892359107669925,0.0,0.0,0.9999487739908476
22.925207372750798,0.0,0.0,0.9999487739908476
22.958055637831663,0.0,0.0,0.9999487739908476
22.990903902912535,0.0,0.0,0.9999487739908476
23.023752167993408,0.0,0.0,0.9999487739908476
23.05660043307428,0.0,0.0,0.9999487739908476
23.089448698155152,0.0,0.0,0.9999487739908476
23.122296963236025,0.0,0.0,0.9999487739908476
23.155145228316897,0.0,0.0,0.9999487739908476
23.18799349339777,0.0,0.0,0.9999487739908476
23.220841758478635,0.0,0.0,0.9999487739908476
23.253690023559507,0.0,0.0,0.9999487739908476
23.28653828864038,0.0,0.0,0.9999487739908476
23.31938655372125,0.0,0.0,0.9999487739908476
23.352234818802124,0.0,0.0,0.9999487739908476
23.385083083882996,0.0,0.0,0.9999487739908476
23.41793134896387,0.0,0.0,0.9999487739908476
23.450779614044734,0.0,0.0,0.9999487739908476
23.483627879125606,0.0,0.0,0.9999487739908476
23.51647614420648,0.0,0.0,0.9999487739908476
23.54932440928735,0.0,0.0,0.9999487739908476
23.582172674368223,0.0,0.0,0.9999487739908476
23.615020939449096,0.0,0.0,0.9999487739908476
23.647869204529968,0.0,0.0,0.9999487739908476
23.68071746961084,0.0,0.0,0.9999487739908476
23.713565734691706,0.0,0.0,0.9999487739908476
23.746413999772578,0.0,0.0,0.9999487739908476
23.77926226485345,0.0,0.0,0.9999487739908476
23.812110529934323,0.0,0.0,0.9999487739908476
23.844958795015195,0.0,0.0,0.9999487739908476
23.877807060096067,0.0,0.0,0.9999487739908476
23.91065532517694,0.0,0.0,0.9999487739908476
23.943503590257812,0.0,0.0,0.9999487739908476
23.976351855338677,0.0,0.0,0.9999487739908476
24.00920012041955,0.0,0.0,0.9999487739908476
24.042048385500422,0.0,0.0,0.9999487739908476
24.074896650581294,0.0,0.0,0.9999487739908476
24.107744915662167,0.0,0.0,0.9999487739908476
24.14059318074304,0.0,0.0,0.9999487739908476
24.17344144582391,0.0,0.0,0.9999487739908476
24.206289710904777,0.0,0.0,0.9999487739908476
24.23913797598565,0.0,0.0,0.9999487739908476
24.27198624106652,0.0,0.0,0.9999487739908476
24.304834506147394,0.0,0.0,0.9999487739908476
24.337682771228266,0.0,0.0,0.9999487739908476
24.37053103630914,0.0,0.0,0.9999487739908476
24.40337930139001,0.0,0.0,0.9999487739908476
24.436227566470883,0.0,0.0,0.9999487739908476
24.46907583155175,0.0,0.0,0.9999487739908476
24.50192409663262,0.0,0.0,0.9999487739908476
24.534772361713493,0.0,0.0,0.9999487739908476
24.567620626794366,0.0,0.0,0.9999487739908476
24.600468891875238,0.0,0.0,0.9999487739908476
24.63331715695611,0.0,0.0,0.9999487739908476
24.666165422036983,0.0,0.0,0.9999487739908476
24.699013687117855,0.0,0.0,0.9999487739908476
24.73186195219872,0.0,0.0,0.9999487739908476
24.764710217279593,0.0,0.0,0.9999487739908476
24.797558482360465,0.0,0.0,0.9999487739908476
24.830406747441337,0.0,0.0,0.9999487739908476
24.86325501252221,0.0,0.0,0.9999487739908476
24.896103277603082,0.0,0.0,0.9999487739908476
24.928951542683954,0.0,0.0,0.9999487739908476
24.961799807764827,0.0,0.0,0.9999487739908476
24.994648072845692,0.0,0.0,0.9999487739908476
25.027496337926564,0.0,0.0,0.9999487739908476
25.060344603007437,0.0,0.0,0.9999487739908476
25.09319286808831,0.0,0.0,0.9999487739908476
25.12604113316918,0.0,0.0,0.9999487739908476
25.158889398250054,0.0,0.0,0.9999487739908476
25.191737663330926,0.0,0.0,0.9999487739908476
25.22458592841179,0.0,0.0,0.9999487739908476
25.257434193492664,0.0,0.0,0.9999487739908476
25.290282458573536,0.0,0.0,0.9999658493272318
25.32313072365441,0.0,0.0,0.9999658493272318
25.35597898873528,0.0,0.0,0.9999829246636158
25.388827253816153,0.0,0.0,0.9999829246636158
25.421675518897025,0.0,0.0,0.9999829246636158
25.454523783977898,0.0,0.0,0.9999829246636158
25.487372049058763,0.0,0.0,0.9999829246636158
25.520220314139635,0.0,0.0,0.9999829246636158
25.553068579220508,0.0,0.0,0.9999829246636158
25.58591684430138,0.0,0.0,0.9999829246636158
25.618765109382252,0.0,0.0,0.9999829246636158
25.651613374463125,0.0,0.0,0.9999829246636158
25.684461639543997,0.0,0.0,0.9999829246636158
25.71730990462487,0.0,0.0,0.9999829246636158
25.750158169705735,0.0,0.0,0.9999829246636158
25.783006434786607,0.0,0.0,0.9999829246636158
25.81585469986748,0.0,0.0,0.9999829246636158
25.84870296494835,0.0,0.0,0.9999829246636158
25.881551230029224,0.0,0.0,0.9999829246636158
25.914399495110096,0.0,0.0,0.9999829246636158
25.94724776019097,0.0,0.0,0.9999829246636158
25.980096025271834,0.0,0.0,0.9999829246636158
26.012944290352706,0.0,0.0,0.9999829246636158
26.04579255543358,0.0,0.0,0.9999829246636158
26.07864082051445,0.0,0.0,0.9999829246636158
26.111489085595323,0.0,0.0,0.9999829246636158
26.144337350676196,0.0,0.0,0.9999829246636158
26.177185615757068,0.0,0.0,0.9999829246636158
26.21003388083794,0.0,0.0,0.9999829246636158
26.242882145918806,0.0,0.0,0.9999829246636158
26.275730410999678,0.0,0.0,0.9999829246636158
26.30857867608055,0.0,0.0,0.9999829246636158
26.341426941161423,0.0,0.0,0.9999829246636158
26.374275206242295,0.0,0.0,0.9999829246636158
26.407123471323168,0.0,0.0,0.9999829246636158
26.43997173640404,0.0,0.0,0.9999829246636158
26.472820001484912,0.0,0.0,0.9999829246636158
26.505668266565777,0.0,0.0,0.9999829246636158
26.53851653164665,0.0,0.0,0.9999829246636158
26.571364796727522,0.0,0.0,0.9999829246636158
26.604213061808395,0.0,0.0,0.9999829246636158
26.637061326889267,0.0,0.0,0.9999829246636158
26.66990959197014,0.0,0.0,0.9999829246636158
26.70275785705101,0.0,0.0,0.9999829246636158
26.735606122131877,0.0,0.0,0.9999829246636158
26.76845438721275,0.0,0.0,0.9999829246636158
26.80130265229362,0.0,0.0,0.9999829246636158
26.834150917374494,0.0,0.0,0.9999829246636158
26.866999182455366,0.0,0.0,0.9999829246636158
26.89984744753624,0.0,0.0,0.9999829246636158
26.93269571261711,0.0,0.0,0.9999829246636158
26.965543977697983,0.0,0.0,0.9999829246636158
26.99839224277885,0.0,0.0,0.9999829246636158
27.03124050785972,0.0,0.0,0.9999829246636158
27.064088772940593,0.0,0.0,0.9999829246636158
27.096937038021466,0.0,0.0,0.9999829246636158
27.129785303102338,0.0,0.0,0.9999829246636158
27.16263356818321,0.0,0.0,0.9999829246636158
27.195481833264083,0.0,0.0,0.9999829246636158
27.228330098344955,0.0,0.0,0.9999829246636158
27.26117836342582,0.0,0.0,0.9999829246636158
27.294026628506693,0.0,0.0,0.9999829246636158
27.326874893587565,0.0,0.0,0.9999829246636158
27.359723158668437,0.0,0.0,0.9999829246636158
27.39257142374931,0.0,0.0,0.9999829246636158
27.425419688830182,0.0,0.0,0.9999829246636158
27.458267953911054,0.0,0.0,0.9999829246636158
27.491116218991927,0.0,0.0,0.9999829246636158
27.523964484072792,0.0,0.0,0.9999829246636158
27.556812749153664,0.0,0.0,0.9999829246636158
27.589661014234537,0.0,0.0,0.9999829246636158
27.62250927931541,0.0,0.0,0.9999829246636158
27.65535754439628,0.0,0.0,0.9999829246636158
27.688205809477154,0.0,0.0,0.9999829246636158
27.721054074558026,0.0,0.0,0.9999829246636158
27.75390233963889,0.0,0.0,0.9999829246636158
27.786750604719764,0.0,0.0,0.9999829246636158
27.819598869800636,0.0,0.0,0.9999829246636158
27.85244713488151,0.0,0.0,0.9999829246636158
27.88529539996238,0.0,0.0,0.9999829246636158
27.918143665043253,0.0,0.0,0.9999829246636158
27.950991930124125,0.0,0.0,0.9999829246636158
27.983840195204998,0.0,0.0,0.9999829246636158
28.016688460285863,0.0,0.0,0.9999829246636158
28.049536725366735,0.0,0.0,0.9999829246636158
28.082384990447608,0.0,0.0,0.9999829246636158
28.11523325552848,0.0,0.0,0.9999829246636158
28.148081520609352,0.0,0.0,0.9999829246636158
28.180929785690225,0.0,0.0,0.9999829246636158
28.213778050771097,0.0,0.0,0.9999829246636158
28.24662631585197,0.0,0.0,0.9999829246636158
28.279474580932835,0.0,0.0,0.9999829246636158
28.312322846013707,0.0,0.0,0.9999829246636158
28.34517111109458,0.0,0.0,0.9999829246636158
28.378019376175452,0.0,0.0,0.9999829246636158
28.410867641256324,0.0,0.0,0.9999829246636158
28.443715906337196,0.0,0.0,0.9999829246636158
28.47656417141807,0.0,0.0,0.9999829246636158
28.509412436498934,0.0,0.0,0.9999829246636158
28.542260701579806,0.0,0.0,0.9999829246636158
28.57510896666068,0.0,0.0,0.9999829246636158
28.60795723174155,0.0,0.0,0.9999829246636158
28.640805496822423,0.0,0.0,0.9999829246636158
28.673653761903296,0.0,0.0,0.9999829246636158
28.706502026984168,0.0,0.0,0.9999829246636158
28.73935029206504,0.0,0.0,0.9999829246636158
28.772198557145906,0.0,0.0,0.9999829246636158
28.805046822226778,0.0,0.0,0.9999829246636158
28.83789508730765,0.0,0.0,0.9999829246636158
28.870743352388523,0.0,0.0,0.9999829246636158
28.903591617469395,0.0,0.0,0.9999829246636158
28.936439882550268,0.0,0.0,0.9999829246636158
28.96928814763114,0.0,0.0,0.9999829246636158
29.002136412712012,0.0,0.0,0.9999829246636158
29.034984677792878,0.0,0.0,0.9999829246636158
29.06783294287375,0.0,0.0,0.9999829246636158
29.100681207954622,0.0,0.0,0.9999829246636158
29.133529473035495,0.0,0.0,0.9999829246636158
29.166377738116367,0.0,0.0,0.9999829246636158
29.19922600319724,0.0,0.0,0.9999829246636158
29.23207426827811,0.0,0.0,0.9999829246636158
29.264922533358977,0.0,0.0,0.9999829246636158
29.29777079843985,0.0,0.0,0.9999829246636158
29.33061906352072,0.0,0.0,0.9999829246636158
29.363467328601594,0.0,0.0,0.9999829246636158
29.396315593682466,0.0,0.0,0.9999829246636158
29.42916385876334,0.0,0.0,0.9999829246636158
29.46201212384421,0.0,0.0,0.9999829246636158
29.494860388925083,0.0,0.0,0.9999829246636158
29.52770865400595,0.0,0.0,0.9999829246636158
29.56055691908682,0.0,0.0,0.9999829246636158
29.593405184167693,0.0,0.0,0.9999829246636158
29.626253449248566,0.0,0.0,0.9999829246636158
29.659101714329438,0.0,0.0,0.9999829246636158
29.69194997941031,0.0,0.0,0.9999829246636158
29.724798244491183,0.0,0.0,0.9999829246636158
29.757646509572055,0.0,0.0,0.9999829246636158
29.79049477465292,0.0,0.0,0.9999829246636158
29.823343039733793,0.0,0.0,0.9999829246636158
29.856191304814665,0.0,0.0,0.9999829246636158
29.889039569895537,0.0,0.0,0.9999829246636158
29.92188783497641,0.0,0.0,0.9999829246636158
29.954736100057282,0.0,0.0,0.9999829246636158
29.987584365138154,0.0,0.0,0.9999829246636158
30.020432630219027,0.0,0.0,0.9999829246636158
30.053280895299892,0.0,0.0,0.9999829246636158
30.086129160380764,0.0,0.0,0.9999829246636158
30.118977425461637,0.0,0.0,0.9999829246636158
30.15182569054251,0.0,0.0,0.9999829246636158
30.18467395562338,0.0,0.0,0.9999829246636158
30.217522220704254,0.0,0.0,0.9999829246636158
30.250370485785126,0.0,0.0,0.9999829246636158
30.28321875086599,0.0,0.0,0.9999829246636158
30.316067015946864,0.0,0.0,0.9999829246636158
30.348915281027736,0.0,0.0,0.9999829246636158
30.38176354610861,0.0,0.0,0.9999829246636158
30.41461181118948,0.0,0.0,0.9999829246636158
30.447460076270353,0.0,0.0,0.9999829246636158
30.480308341351225,0.0,0.0,0.9999829246636158
30.513156606432098,0.0,0.0,0.9999829246636158
30.546004871512963,0.0,0.0,0.9999829246636158
30.578853136593835,0.0,0.0,0.9999829246636158
30.611701401674708,0.0,0.0,0.9999829246636158
30.64454966675558,0.0,0.0,0.9999829246636158
30.677397931836452,0.0,0.0,0.9999829246636158
30.710246196917325,0.0,0.0,0.9999829246636158
30.743094461998197,0.0,0.0,0.9999829246636158
30.77594272707907,0.0,0.0,0.9999829246636158
30.808790992159935,0.0,0.0,0.9999829246636158
30.841639257240807,0.0,0.0,0.9999829246636158
30.87448752232168,0.0,0.0,0.9999829246636158
30.907335787402552,0.0,0.0,0.9999829246636158
30.940184052483424,0.0,0.0,0.9999829246636158
30.973032317564297,0.0,0.0,0.9999829246636158
31.00588058264517,0.0,0.0,0.9999829246636158
31.038728847726034,0.0,0.0,0.9999829246636158
31.071577112806906,0.0,0.0,0.9999829246636158
31.10442537788778,0.0,0.0,0.9999829246636158
31.13727364296865,0.0,0.0,0.9999829246636158
31.170121908049524,0.0,0.0,0.9999829246636158
31.202970173130396,0.0,0.0,0.9999829246636158
31.23581843821127,0.0,0.0,0.9999829246636158
31.26866670329214,0.0,0.0,0.9999829246636158
31.301514968373006,0.0,0.0,0.9999829246636158
31.334363233453878,0.0,0.0,0.9999829246636158
31.36721149853475,0.0,0.0,0.9999829246636158
31.400059763615623,0.0,0.0,0.9999829246636158
31.432908028696495,0.0,0.0,0.9999829246636158
31.465756293777368,0.0,0.0,0.9999829246636158
31.49860455885824,0.0,0.0,0.9999829246636158
31.531452823939112,0.0,0.0,0.9999829246636158
31.564301089019978,0.0,0.0,0.9999829246636158
31.59714935410085,0.0,0.0,0.9999829246636158
31.629997619181722,0.0,0.0,0.9999829246636158
31.662845884262595,0.0,0.0,0.9999829246636158
31.695694149343467,0.0,0.0,0.9999829246636158
31.72854241442434,0.0,0.0,0.9999829246636158
31.76139067950521,0.0,0.0,0.9999829246636158
31.794238944586077,0.0,0.0,0.9999829246636158
31.82708720966695,0.0,0.0,0.9999829246636158
31.85993547474782,0.0,0.0,0.9999829246636158
31.892783739828694,0.0,0.0,0.9999829246636158
31.925632004909566,0.0,0.0,0.9999829246636158
31.95848026999044,0.0,0.0,0.9999829246636158
31.99132853507131,0.0,0.0,0.9999829246636158
32.02417680015218,0.0,0.0,0.9999829246636158
32.05702506523305,0.0,0.0,0.9999829246636158
32.08987333031392,0.0,0.0,0.9999829246636158
32.12272159539479,0.0,0.0,0.9999829246636158
32.155569860475666,0.0,0.0,0.9999829246636158
32.18841812555654,0.0,0.0,0.9999829246636158
32.22126639063741,0.0,0.0,0.9999829246636158
32.25411465571828,0.0,0.0,0.9999829246636158
32.286962920799155,0.0,0.0,0.9999829246636158
32.31981118588002,0.0,0.0,0.9999829246636158
32.35265945096089,0.0,0.0,0.9999829246636158
32.385507716041765,0.0,0.0,0.9999829246636158
32.41835598112264,0.0,0.0,0.9999829246636158
32.45120424620351,0.0,0.0,0.9999829246636158
32.48405251128438,0.0,0.0,0.9999829246636158
32.516900776365254,0.0,0.0,0.9999829246636158
32.54974904144613,0.0,0.0,0.9999829246636158
32.58259730652699,0.0,0.0,0.9999829246636158
32.615445571607864,0.0,0.0,0.9999829246636158
32.64829383668874,0.0,0.0,0.9999829246636158
32.68114210176961,0.0,0.0,0.9999829246636158
32.713990366850474,0.0,0.0,0.9999829246636158
32.74683863193135,0.0,0.0,0.9999829246636158
32.77968689701222,0.0,0.0,0.9999829246636158
32.81253516209309,0.0,0.0,0.9999829246636158
32.845383427173964,0.0,0.0,0.9999829246636158
32.878231692254836,0.0,0.0,0.9999829246636158
32.91107995733571,0.0,0.0,0.9999829246636158
32.94392822241658,0.0,0.0,0.9999829246636158
32.97677648749745,0.0,0.0,0.9999829246636158
33.009624752578326,0.0,0.0,0.9999829246636158
33.0424730176592,0.0,0.0,0.9999829246636158
33.07532128274007,0.0,0.0,0.9999829246636158
33.10816954782094,0.0,0.0,0.9999829246636158
33.141017812901815,0.0,0.0,0.9999829246636158
33.17386607798269,0.0,0.0,0.9999829246636158
33.206714343063545,0.0,0.0,0.9999829246636158
33.23956260814442,0.0,0.0,0.9999829246636158
33.27241087322529,0.0,0.0,0.9999829246636158
33.30525913830616,0.0,0.0,0.9999829246636158
33.338107403387035,0.0,0.0,0.9999829246636158
33.37095566846791,0.0,0.0,0.9999829246636158
33.40380393354878,0.0,0.0,0.9999829246636158
33.43665219862965,0.0,0.0,0.9999829246636158
33.469500463710524,0.0,0.0,0.9999829246636158
33.5023487287914,0.0,0.0,0.9999829246636158
33.53519699387227,0.0,0.0,0.9999829246636158
33.56804525895314,0.0,0.0,0.9999829246636158
33.600893524034014,0.0,0.0,0.9999829246636158
33.633741789114886,0.0,0.0,0.9999829246636158
33.66659005419576,0.0,0.0,0.9999829246636158
33.69943831927662,0.0,0.0,0.9999829246636158
33.73228658435749,0.0,0.0,0.9999829246636158
33.76513484943836,0.0,0.0,0.9999829246636158
33.79798311451923,0.0,0.0,0.9999829246636158
33.830831379600106,0.0,0.0,0.9999829246636158
33.86367964468098,0.0,0.0,0.9999829246636158
33.89652790976185,0.0,0.0,0.9999829246636158
33.92937617484272,0.0,0.0,0.9999829246636158
33.962224439923595,0.0,0.0,0.9999829246636158
33.99507270500447,0.0,0.0,0.9999829246636158
34.02792097008534,0.0,0.0,0.9999829246636158
34.06076923516621,0.0,0.0,0.9999829246636158
34.093617500247085,0.0,0.0,0.9999829246636158
34.12646576532796,0.0,0.0,0.9999829246636158
34.15931403040883,0.0,0.0,0.9999829246636158
34.1921622954897,0.0,0.0,0.9999829246636158
34.22501056057056,0.0,0.0,0.9999829246636158
34.25785882565143,0.0,0.0,0.9999829246636158
34.290707090732305,0.0,0.0,0.9999829246636158
34.32355535581318,0.0,0.0,0.9999829246636158
34.35640362089404,0.0,0.0,0.9999829246636158
