Threshold,Precision,Recall,Specificity
-29.230969451851372,0.008363950358092207,1.0,0.0
-29.203147666234255,0.008364091971148962,1.0,1.707387867301815e-05
-29.175325880617137,0.008364091971148962,1.0,1.707387867301815e-05
-29.14750409500002,0.008364091971148962,1.0,1.707387867301815e-05
-29.119682309382902,0.008364091971148962,1.0,1.707387867301815e-05
-29.09186052376579,0.008364091971148962,1.0,1.707387867301815e-05
-29.06403873814867,0.008364091971148962,1.0,1.707387867301815e-05
-29.036216952531554,0.008364091971148962,1.0,1.707387867301815e-05
-29.008395166914436,0.008364091971148962,1.0,1.707387867301815e-05
-28.98057338129732,0.008364091971148962,1.0,1.707387867301815e-05
-28.9527515956802,0.008364091971148962,1.0,1.707387867301815e-05
-28.924929810063084,0.008364091971148962,1.0,1.707387867301815e-05
-28.897108024445966,0.008364233589001202,1.0,3.41477573460363e-05
-28.869286238828852,0.008364233589001202,1.0,3.41477573460363e-05
-28.841464453211735,0.008364233589001202,1.0,3.41477573460363e-05
-28.813642667594618,0.008364233589001202,1.0,3.41477573460363e-05
-28.7858208819775,0.008364233589001202,1.0,3.41477573460363e-05
-28.757999096360383,0.008364233589001202,1.0,3.41477573460363e-05
-28.730177310743265,0.00836437521164917,1.0,5.122163601905445e-05
-28.702355525126148,0.00836451683909311,1.0,6.82955146920726e-05
-28.67453373950903,0.00836451683909311,1.0,6.82955146920726e-05
-28.646711953891916,0.00836451683909311,1.0,6.82955146920726e-05
-28.6188901682748,0.00836451683909311,1.0,6.82955146920726e-05
-28.59106838265768,0.00836451683909311,1.0,6.82955146920726e-05
-28.563246597040564,0.00836451683909311,1.0,6.82955146920726e-05
-28.535424811423447,0.00836451683909311,1.0,6.82955146920726e-05
-28.50760302580633,0.00836451683909311,1.0,6.82955146920726e-05
-28.47978124018921,0.00836451683909311,1.0,6.82955146920726e-05
-28.451959454572094,0.00836451683909311,1.0,6.82955146920726e-05
-28.424137668954977,0.00836451683909311,1.0,6.82955146920726e-05
-28.396315883337863,0.00836451683909311,1.0,6.82955146920726e-05
-28.368494097720745,0.00836451683909311,1.0,6.82955146920726e-05
-28.340672312103628,0.00836451683909311,1.0,6.82955146920726e-05
-28.31285052648651,0.008364658471333266,1.0,8.536939336509075e-05
-28.285028740869393,0.008364658471333266,1.0,8.536939336509075e-05
-28.257206955252276,0.008364658471333266,1.0,8.536939336509075e-05
-28.229385169635158,0.00836480010836988,1.0,0.0001024432720381089
-28.20156338401804,0.008364941750203197,1.0,0.00011951715071112705
-28.173741598400927,0.008364941750203197,1.0,0.00011951715071112705
-28.14591981278381,0.008364941750203197,1.0,0.00011951715071112705
-28.118098027166692,0.008364941750203197,1.0,0.00011951715071112705
-28.090276241549574,0.008364941750203197,1.0,0.00011951715071112705
-28.062454455932457,0.008364941750203197,1.0,0.00011951715071112705
-28.03463267031534,0.008364941750203197,1.0,0.00011951715071112705
-28.006810884698222,0.008364941750203197,1.0,0.00011951715071112705
-27.978989099081105,0.00836508339683346,1.0,0.0001365910293841452
-27.95116731346399,0.00836508339683346,1.0,0.0001365910293841452
-27.923345527846873,0.00836508339683346,1.0,0.0001365910293841452
-27.895523742229756,0.00836508339683346,1.0,0.0001365910293841452
-27.86770195661264,0.00836508339683346,1.0,0.0001365910293841452
-27.83988017099552,0.00836508339683346,1.0,0.0001365910293841452
-27.812058385378403,0.00836508339683346,1.0,0.0001365910293841452
-27.784236599761286,0.00836508339683346,1.0,0.0001365910293841452
-27.75641481414417,0.00836508339683346,1.0,0.0001365910293841452
-27.72859302852705,0.00836508339683346,1.0,0.0001365910293841452
-27.700771242909937,0.00836508339683346,1.0,0.0001365910293841452
-27.67294945729282,0.008365225048260913,1.0,0.00015366490805716334
-27.645127671675702,0.008365225048260913,1.0,0.00015366490805716334
-27.617305886058585,0.008365225048260913,1.0,0.00015366490805716334
-27.589484100441467,0.0083653667044858,1.0,0.0001707387867301815
-27.56166231482435,0.0083653667044858,1.0,0.0001707387867301815
-27.533840529207232,0.0083653667044858,1.0,0.0001707387867301815
-27.506018743590115,0.0083653667044858,1.0,0.0001707387867301815
-27.478196957973,0.0083653667044858,1.0,0.0001707387867301815
-27.450375172355884,0.0083653667044858,1.0,0.0001707387867301815
-27.422553386738766,0.0083653667044858,1.0,0.0001707387867301815
-27.39473160112165,0.0083653667044858,1.0,0.0001707387867301815
-27.36690981550453,0.0083653667044858,1.0,0.0001707387867301815
-27.339088029887414,0.0083653667044858,1.0,0.0001707387867301815
-27.311266244270296,0.0083653667044858,1.0,0.0001707387867301815
-27.28344445865318,0.0083653667044858,1.0,0.0001707387867301815
-27.255622673036065,0.0083653667044858,1.0,0.0001707387867301815
-27.227800887418947,0.0083653667044858,1.0,0.0001707387867301815
-27.19997910180183,0.0083653667044858,1.0,0.0001707387867301815
-27.172157316184713,0.0083653667044858,1.0,0.0001707387867301815
-27.144335530567595,0.0083653667044858,1.0,0.0001707387867301815
-27.116513744950478,0.0083653667044858,1.0,0.0001707387867301815
-27.08869195933336,0.0083653667044858,1.0,0.0001707387867301815
-27.060870173716243,0.008365508365508366,1.0,0.00018781266540319965
-27.033048388099125,0.008365508365508366,1.0,0.00018781266540319965
-27.00522660248201,0.008365508365508366,1.0,0.00018781266540319965
-26.977404816864894,0.008365508365508366,1.0,0.00018781266540319965
-26.949583031247776,0.008365650031328851,1.0,0.0002048865440762178
-26.92176124563066,0.008365650031328851,1.0,0.0002048865440762178
-26.89393946001354,0.008365650031328851,1.0,0.0002048865440762178
-26.866117674396424,0.008365650031328851,1.0,0.0002048865440762178
-26.838295888779307,0.008365791701947503,1.0,0.00022196042274923595
-26.810474103162193,0.008365933377364562,1.0,0.0002390343014222541
-26.782652317545075,0.008365933377364562,1.0,0.0002390343014222541
-26.754830531927958,0.008366075057580274,1.0,0.00025610818009527225
-26.72700874631084,0.008366075057580274,1.0,0.00025610818009527225
-26.699186960693723,0.008366216742594882,1.0,0.0002731820587682904
-26.671365175076605,0.008366500127021764,1.0,0.0003073298161143267
-26.643543389459488,0.008366500127021764,1.0,0.0003073298161143267
-26.61572160384237,0.008366783530647156,1.0,0.000341477573460363
-26.587899818225253,0.008366925239659904,1.0,0.00035855145213338117
-26.56007803260814,0.008366925239659904,1.0,0.00035855145213338117
-26.53225624699102,0.008366925239659904,1.0,0.00035855145213338117
-26.504434461373904,0.00836706695347301,1.0,0.0003756253308063993
-26.476612675756787,0.00836720867208672,1.0,0.0003926992094794174
-26.44879089013967,0.008367350395501278,1.0,0.0004097730881524356
-26.420969104522552,0.008367492123716928,1.0,0.0004268469668254537
-26.393147318905434,0.008367633856733912,1.0,0.0004439208454984719
-26.365325533288317,0.008367633856733912,1.0,0.0004439208454984719
-26.3375037476712,0.008367775594552476,1.0,0.00046099472417149
-26.309681962054086,0.008367775594552476,1.0,0.00046099472417149
-26.281860176436968,0.008367775594552476,1.0,0.00046099472417149
-26.25403839081985,0.008367775594552476,1.0,0.00046099472417149
-26.226216605202733,0.008368059084595317,1.0,0.0004951424815175263
-26.198394819585616,0.008368059084595317,1.0,0.0004951424815175263
-26.1705730339685,0.008368059084595317,1.0,0.0004951424815175263
-26.14275124835138,0.008368342593847404,1.0,0.0005292902388635627
-26.114929462734267,0.008368484355677525,1.0,0.0005463641175365808
-26.08710767711715,0.00836862612231069,1.0,0.0005634379962095989
-26.059285891500032,0.00836862612231069,1.0,0.0005634379962095989
-26.031464105882915,0.00836862612231069,1.0,0.0005634379962095989
-26.003642320265797,0.008369051451030883,1.0,0.0006146596322286534
-25.97582053464868,0.008369051451030883,1.0,0.0006146596322286534
-25.947998749031562,0.008369051451030883,1.0,0.0006146596322286534
-25.920176963414445,0.008369193236878663,1.0,0.0006317335109016715
-25.892355177797327,0.008369193236878663,1.0,0.0006317335109016715
-25.864533392180213,0.008369335027530707,1.0,0.0006488073895746897
-25.836711606563096,0.008369476822987259,1.0,0.0006658812682477078
-25.80888982094598,0.008369618623248564,1.0,0.000682955146920726
-25.78106803532886,0.008369760428314865,1.0,0.0007000290255937442
-25.753246249711744,0.008369760428314865,1.0,0.0007000290255937442
-25.725424464094626,0.008370185872346194,1.0,0.0007512506616127986
-25.69760267847751,0.008370185872346194,1.0,0.0007512506616127986
-25.66978089286039,0.008370185872346194,1.0,0.0007512506616127986
-25.641959107243274,0.008370327696634925,1.0,0.0007683245402858168
-25.61413732162616,0.008370469525729875,1.0,0.0007853984189588348
-25.586315536009042,0.008370611359631287,1.0,0.000802472297631853
-25.558493750391925,0.008370611359631287,1.0,0.000802472297631853
-25.530671964774807,0.008370753198339406,1.0,0.0008195461763048712
-25.50285017915769,0.008371036890176741,1.0,0.0008536939336509074
-25.475028393540573,0.008371320601243836,1.0,0.0008878416909969438
-25.447206607923455,0.008372029963054604,1.0,0.0009732110843620345
-25.41938482230634,0.008372029963054604,1.0,0.0009732110843620345
-25.391563036689224,0.008372313741441258,1.0,0.0010073588417080707
-25.363741251072106,0.008372739445094151,1.0,0.0010585804777271254
-25.33591946545499,0.008373165192040408,1.0,0.0011098021137461798
-25.30809767983787,0.008373165192040408,1.0,0.0011098021137461798
-25.280275894220754,0.008373590982286634,1.0,0.0011610237497652342
-25.252454108603636,0.008373732921992068,1.0,0.0011780976284382523
-25.22463232298652,0.008373732921992068,1.0,0.0011780976284382523
-25.1968105373694,0.008373732921992068,1.0,0.0011780976284382523
-25.168988751752288,0.008373874866509586,1.0,0.0011951715071112704
-25.14116696613517,0.008374300728937108,1.0,0.001246393143130325
-25.113345180518053,0.008374584661287042,1.0,0.0012805409004763612
-25.085523394900935,0.008374726634682219,1.0,0.0012976147791493794
-25.057701609283818,0.008374868612891195,1.0,0.0013146886578223975
-25.0298798236667,0.00837529457640337,1.0,0.001365910293841452
-25.002058038049583,0.008375578576151642,1.0,0.0014000580511874883
-24.97423625243247,0.008375720583248559,1.0,0.0014171319298605064
-24.946414466815348,0.008375720583248559,1.0,0.0014171319298605064
-24.918592681198234,0.00837586259516099,1.0,0.0014342058085335247
-24.890770895581117,0.008376288659793814,1.0,0.001485427444552579
-24.862949109964,0.008376288659793814,1.0,0.001485427444552579
-24.83512732434688,0.008376288659793814,1.0,0.001485427444552579
-24.807305538729764,0.008376572726964425,1.0,0.0015195752018986152
-24.779483753112647,0.008376572726964425,1.0,0.0015195752018986152
-24.75166196749553,0.00837685681340297,1.0,0.0015537229592446516
-24.723840181878415,0.00837742504409171,1.0,0.0016220184739367243
-24.696018396261294,0.00837756711380942,1.0,0.0016390923526097424
-24.66819661064418,0.008377709188345826,1.0,0.0016561662312827605
-24.640374825027063,0.008377993351875722,1.0,0.0016903139886287968
-24.612553039409946,0.008378561736770693,1.0,0.0017586095033208693
-24.584731253792828,0.008378845958139692,1.0,0.0017927572606669057
-24.55690946817571,0.008379272326350606,1.0,0.00184397889668596
-24.529087682558593,0.008379556595932354,1.0,0.0018781266540319965
-24.501265896941476,0.008379983036471587,1.0,0.0019293482900510509
-24.473444111324362,0.008380693867164305,1.0,0.0020147176834161415
-24.445622325707244,0.008380693867164305,1.0,0.0020147176834161415
-24.417800540090127,0.008381262618550754,1.0,0.002083013198108214
-24.38997875447301,0.00838140481845945,1.0,0.0021000870767812325
-24.362156968855892,0.00838183144713847,1.0,0.002151308712800287
-24.334335183238775,0.008382115890387716,1.0,0.002185456470146323
-24.306513397621657,0.008382258119252044,1.0,0.0022025303488193413
-24.278691612004543,0.008382542591461345,1.0,0.0022366781061653775
-24.250869826387422,0.008382827082979806,1.0,0.002270825863511414
-24.22304804077031,0.008383111593809394,1.0,0.00230497362085745
-24.19522625515319,0.008383680673409817,1.0,0.002373269135549523
-24.167404469536073,0.008384107533816467,1.0,0.0024244907715685773
-24.139582683918956,0.00838439213157046,1.0,0.0024586385289146135
-24.11176089830184,0.008385246040771985,1.0,0.0025610818009527223
-24.08393911268472,0.008385388375882673,1.0,0.0025781556796257406
-24.056117327067604,0.008385388375882673,1.0,0.0025781556796257406
-24.02829554145049,0.008385957764649963,1.0,0.0026464511943178133
-24.00047375583337,0.008386384856973092,1.0,0.0026976728303368678
-23.972651970216255,0.008386811992801602,1.0,0.002748894466355922
-23.944830184599137,0.008387096774193548,1.0,0.0027830422237019583
-23.91700839898202,0.008387808812293064,1.0,0.0028684116170670493
-23.889186613364902,0.008388093661385904,1.0,0.0029025593744130855
-23.861364827747785,0.008388378529826289,1.0,0.0029367071317591216
-23.833543042130668,0.008389090785585708,1.0,0.0030220765251242126
-23.80572125651355,0.008389090785585708,1.0,0.0030220765251242126
-23.777899470896436,0.008389660677286777,1.0,0.003090372039816285
-23.75007768527932,0.008390088146877495,1.0,0.0031415936758353393
-23.7222558996622,0.008390373150805918,1.0,0.003175741433181376
-23.694434114045084,0.008391228278779025,1.0,0.0032781847052194848
-23.666612328427966,0.008391513360172586,1.0,0.003312332462565521
-23.63879054281085,0.008392083581075342,1.0,0.0033806279772575936
-23.61096875719373,0.008392653879478773,1.0,0.0034489234919496663
-23.583146971576618,0.008393366861492457,1.0,0.003534292885314757
-23.555325185959497,0.008393794708850866,1.0,0.0035855145213338113
-23.527503400342383,0.008393937334330184,1.0,0.0036025884000068296
-23.499681614725265,0.008394079964656506,1.0,0.003619662278679848
-23.471859829108148,0.008394507884719956,1.0,0.0036708839146989023
-23.44403804349103,0.008394507884719956,1.0,0.0036708839146989023
-23.416216257873913,0.00839465053443676,1.0,0.00368795779337192
-23.388394472256795,0.00839579190672853,1.0,0.0038245488227560656
-23.360572686639678,0.00839607729829869,1.0,0.0038586965801021018
-23.332750901022564,0.008397076321604623,1.0,0.003978213730813229
-23.304929115405443,0.008397647298813449,1.0,0.004046509245505301
-23.27710732978833,0.008398503910234613,1.0,0.00414895251754341
-23.24928554417121,0.008399503511128493,1.0,0.004268469668254537
-23.221463758554094,0.008399646330680813,1.0,0.0042855435469275555
-23.193641972936977,0.00840021765746157,1.0,0.004353839061619628
-23.16582018731986,0.00840064620355412,1.0,0.004405060697638683
-23.137998401702742,0.008401646314500494,1.0,0.00452457784834981
-23.110176616085624,0.008402932521390056,1.0,0.004678242756406973
-23.08235483046851,0.008403218398625546,1.0,0.004712390513753009
-23.054533044851393,0.008403933176822836,1.0,0.0047977599071181
-23.026711259234276,0.008404648076628614,1.0,0.00488312930048319
-22.998889473617158,0.008404934070608251,1.0,0.004917277057829227
-22.97106768800004,0.008406364332510848,1.0,0.005088015844559409
-22.943245902382923,0.008407365805507334,1.0,0.005207532995270535
-22.915424116765806,0.008408796895213453,1.0,0.005378271782000717
-22.887602331148692,0.00840965578291512,1.0,0.005480715054038826
-22.85978054553157,0.008410801239486499,1.0,0.0056173060834229715
-22.831958759914457,0.008412376751868945,1.0,0.005805118748826171
-22.80413697429734,0.008413093089001669,1.0,0.0058904881421912615
-22.776315188680222,0.008414239482200648,1.0,0.006027079171575407
-22.748493403063105,0.00841452612931798,1.0,0.006061226928921443
-22.720671617445987,0.00841495613661528,1.0,0.0061124485649404975
-22.69284983182887,0.008415816283071262,1.0,0.006214891836978606
-22.665028046211752,0.008400211283204688,0.9979757085020243,0.00636855674503577
-22.63720626059464,0.00840078384595723,0.9979757085020243,0.006436852259727842
-22.609384474977517,0.008401213319246106,0.9979757085020243,0.006488073895746897
-22.581562689360403,0.008402072397573113,0.9979757085020243,0.006590517167785006
-22.553740903743286,0.008403361344537815,0.9979757085020243,0.006744182075842169
-22.52591911812617,0.008404507407217989,0.9979757085020243,0.006880773105226314
-22.49809733250905,0.008404793971733979,0.9979757085020243,0.006914920862572351
-22.470275546891934,0.008406227087489556,0.9979757085020243,0.007085659649302532
-22.442453761274816,0.008406800470644408,0.9979757085020243,0.007153955163994604
-22.4146319756577,0.008407373932024762,0.9979757085020243,0.0072222506786866775
-22.386810190040585,0.008408090868779207,0.9979757085020243,0.007307620072051768
-22.358988404423467,0.008408807927817293,0.9979757085020243,0.007392989465416859
-22.33116661880635,0.008409094785678953,0.9979757085020243,0.007427137222762895
-22.303344833189232,0.008393469471313782,0.9959514170040485,0.007580802130820058
-22.275523047572115,0.008394185491025729,0.9959514170040485,0.0076661715241851495
-22.247701261954997,0.008394901632910744,0.9959514170040485,0.00775154091755024
-22.21987947633788,0.008395474634404381,0.9959514170040485,0.007819836432242313
-22.192057690720766,0.00839647757526111,0.9959514170040485,0.007939353582953439
-22.164235905103645,0.008397480755773267,0.9959514170040485,0.008058870733664566
-22.13641411948653,0.008398197460057353,0.9959514170040485,0.008144240127029658
-22.108592333869414,0.00839934444140945,0.9959514170040485,0.008280831156413803
-22.080770548252296,0.0084012089544593,0.9959514170040485,0.008502791579163038
-22.05294876263518,0.008402787266019947,0.9959514170040485,0.008690604244566238
-22.02512697701806,0.008403074295473954,0.9959514170040485,0.008724752001912275
-21.997305191400944,0.00840494046500504,0.9959514170040485,0.00894671242466151
-21.969483405783826,0.008405802053612615,0.9959514170040485,0.00904915569669962
-21.941661620166713,0.008407382091592619,0.9959514170040485,0.009236968362102818
-21.91383983454959,0.00840910644698161,0.9959514170040485,0.009441854906179036
-21.886018048932478,0.008410831509846827,0.9959514170040485,0.009646741450255255
-21.85819626331536,0.008412269602981911,0.9959514170040485,0.009817480236985436
-21.830374477698243,0.008413708187974553,0.9959514170040485,0.009988219023715618
-21.802552692081125,0.008415003335214737,0.9959514170040485,0.010141883931772781
-21.774730906464008,0.008415723033765523,0.9959514170040485,0.010227253325137872
-21.74690912084689,0.008417738844785107,0.9959514170040485,0.010466287626560126
-21.719087335229773,0.008420043811610076,0.9959514170040485,0.010739469685328415
-21.69126554961266,0.008421340910257947,0.9959514170040485,0.010893134593385579
-21.66344376399554,0.008422061693313705,0.9959514170040485,0.01097850398675067
-21.635621978378424,0.00842335941378897,0.9959514170040485,0.011132168894807833
-21.607800192761307,0.00842436902845793,0.9959514170040485,0.01125168604551896
-21.57997840714419,0.00842523460510994,0.9959514170040485,0.01135412931755707
-21.55215662152707,0.008426821957694614,0.9959514170040485,0.011541941982960269
-21.524334835909954,0.008428698691153293,0.9959514170040485,0.011763902405709506
-21.49651305029284,0.008429854019601123,0.9959514170040485,0.01190049343509365
-21.46869126467572,0.008431443113464603,0.9959514170040485,0.01208830610049685
-21.440869479058605,0.008432454666986597,0.9959514170040485,0.012207823251207978
-21.413047693441488,0.008433900164563905,0.9959514170040485,0.012378562037938159
-21.38522590782437,0.008435201536166784,0.9959514170040485,0.012532226945995322
-21.357404122207253,0.008436069340374821,0.9959514170040485,0.01263467021803343
-21.329582336590136,0.008436937323158707,0.9959514170040485,0.01273711349007154
-21.301760550973018,0.008438963311092434,0.9959514170040485,0.012976147791493794
-21.2739387653559,0.008440266245797022,0.9959514170040485,0.013129812699550956
-21.246116979738787,0.008440700646777264,0.9959514170040485,0.013181034335570012
-21.218295194121666,0.008442004118050789,0.9959514170040485,0.013334699243627174
-21.190473408504552,0.00844316309719934,0.9959514170040485,0.01347129027301132
-21.162651622887434,0.00844475721323012,0.9959514170040485,0.013659102938414519
-21.134829837270317,0.008446351931330472,0.9959514170040485,0.01384691560381772
-21.1070080516532,0.008448672596764777,0.9959514170040485,0.01412009766258601
-21.079186266036082,0.008433527997251803,0.9939271255060729,0.014342058085335245
-21.051364480418968,0.008434542112586535,0.9939271255060729,0.014461575236046373
-21.023542694801847,0.008435991271927564,0.9939271255060729,0.014632314022776554
-20.995720909184733,0.008437730920589094,0.9939271255060729,0.014837200566852771
-20.967899123567612,0.008439616349822958,0.9939271255060729,0.015059160989602008
-20.9400773379505,0.0084413574940687,0.9939271255060729,0.015264047533678226
-20.91225555233338,0.008442954174189665,0.9939271255060729,0.015451860199081425
-20.884433766716263,0.00844513243894049,0.9939271255060729,0.015707968379176696
-20.856611981099146,0.008446439937382809,0.9939271255060729,0.01586163328723386
-20.82879019548203,0.008449201541850221,0.9939271255060729,0.016186036982021205
-20.800968409864915,0.008451819465004992,0.9939271255060729,0.016493366798135532
-20.773146624247794,0.008454875759819538,0.9939271255060729,0.016851918250268914
-20.74532483863068,0.008456331915333345,0.9939271255060729,0.017022657036999095
-20.717503053013562,0.008457497200930152,0.9939271255060729,0.01715924806638324
-20.689681267396445,0.00845924573161277,0.9939271255060729,0.017364134610459457
-20.661859481779327,0.008460994985438817,0.9939271255060729,0.017569021154535677
-20.63403769616221,0.008463182570325427,0.9939271255060729,0.017825129334630947
-20.606215910545092,0.008465663201089674,0.9939271255060729,0.01811538527207226
-20.578394124927975,0.008468291336817233,0.9939271255060729,0.018422715088186582
-20.55057233931086,0.008453231204499189,0.9919028340080972,0.018661749389608837
-20.52275055369374,0.008456440701366837,0.9919028340080972,0.019037374720415237
-20.494928768076626,0.008458338368058552,0.9919028340080972,0.019259335143164472
-20.46710698245951,0.008460675127341794,0.9919028340080972,0.01953251720193276
-20.43928519684239,0.008463159349200318,0.9919028340080972,0.019822773139374073
-20.411463411225274,0.00846564503032083,0.9919028340080972,0.02011302907681538
-20.383641625608156,0.008468132171989492,0.9919028340080972,0.02040328501425669
-20.355819839991042,0.008470327922695293,0.9919028340080972,0.02065939319435196
-20.32799805437392,0.008473257362223105,0.9919028340080972,0.021000870767812325
-20.300176268756807,0.008476922012317487,0.9919028340080972,0.021427717734637777
-20.272354483139686,0.008479709267110842,0.9919028340080972,0.021752121429425123
-20.244532697522573,0.008482792050412021,0.9919028340080972,0.022110672881558505
-20.216710911905455,0.00848514234259195,0.9919028340080972,0.022383854940326794
-20.188889126288338,0.008488964346349746,0.9919028340080972,0.022827775785825268
-20.16106734067122,0.008491170915140277,0.9919028340080972,0.023083883965920537
-20.133245555054103,0.008477220719783648,0.9898785425101214,0.023459509296726938
-20.10542376943699,0.008480307996462202,0.9898785425101214,0.02381806074886032
-20.077601983819868,0.00848442786501258,0.9898785425101214,0.024296129351704828
-20.049780198202754,0.00848707846642484,0.9898785425101214,0.024603459167819152
-20.021958412585636,0.008489878120768082,0.9898785425101214,0.0249278628626065
-19.99413662696852,0.008494007295466389,0.9898785425101214,0.025405931465451007
-19.9663148413514,0.008496516254582732,0.9898785425101214,0.025696187402892316
-19.938493055734284,0.008500356354407495,0.9898785425101214,0.026140108248390786
-19.910671270117167,0.008504199926957792,0.9898785425101214,0.02658402909388926
-19.88284948450005,0.008507306889352818,0.9898785425101214,0.02694258054602264
-19.855027698882935,0.008510268012530455,0.9898785425101214,0.027284058119483003
-19.827205913265814,0.008513527629792123,0.9898785425101214,0.027659683450289404
-19.7993841276487,0.008516344763928317,0.9898785425101214,0.027984087145076747
-19.771562342031583,0.008519163763066202,0.9898785425101214,0.028308490839864094
-19.743740556414465,0.008523767191340272,0.9898785425101214,0.028837781078727656
-19.715918770797348,0.008528226861298593,0.9898785425101214,0.0293499974389182
-19.68809698518023,0.008530904903961899,0.9898785425101214,0.029657327255032527
-19.660275199563117,0.008518214665991727,0.9878542510121457,0.03018661749389609
-19.632453413945996,0.008520891899914442,0.9878542510121457,0.030493947310010414
-19.60463162832888,0.008525059832643293,0.9878542510121457,0.030972015912854922
-19.57680984271176,0.008528039424706849,0.9878542510121457,0.031313493486315284
-19.548988057094647,0.008531468531468531,0.9878542510121457,0.0317061926957947
-19.52116627147753,0.008534004861584737,0.9878542510121457,0.03199644863323601
-19.493344485860412,0.008537588131352893,0.9878542510121457,0.03240622172138845
-19.465522700243294,0.008540875439732573,0.9878542510121457,0.03278184705219485
-19.437700914626177,0.008544314879013902,0.9878542510121457,0.033174546261674265
-19.409879129009063,0.008548056543292052,0.9878542510121457,0.03360139322849972
-19.382057343391942,0.008552101223230872,0.9878542510121457,0.034062387952671205
-19.354235557774828,0.008556749837807508,0.9878542510121457,0.03459167819153477
-19.32641377215771,0.008561553711468623,0.9878542510121457,0.03513804230907135
-19.298591986540593,0.008565310492505354,0.9878542510121457,0.03556488927589681
-19.270770200923476,0.008568468737379945,0.9878542510121457,0.035923440728030186
-19.24294841530636,0.00857147875573042,0.9878542510121457,0.03626491830149055
-19.21512662968924,0.00857629918630604,0.9878542510121457,0.03681128241902713
-19.187304844072123,0.008582181421687594,0.9878542510121457,0.037477163687274835
-19.15948305845501,0.008587618343715905,0.9878542510121457,0.03809182331950349
-19.13166127283789,0.00859275954359769,0.9878542510121457,0.03867233519438611
-19.103839487220775,0.008597603946441155,0.9878542510121457,0.03921869931192269
-19.076017701603657,0.008601392438530009,0.9878542510121457,0.039645546278748146
-19.04819591598654,0.008587702128409952,0.9858299595141701,0.040072393245573594
-19.020374130369422,0.008574755637107873,0.9838056680161943,0.04058460960576414
-18.992552344752305,0.00857853953012197,0.9838056680161943,0.041011456572589595
-18.96473055913519,0.008582781456953643,0.9838056680161943,0.041489525175434104
-18.93690877351807,0.008587331036310628,0.9838056680161943,0.04200174153562465
-18.909086987900956,0.008591733550189159,0.9838056680161943,0.042496884017142175
-18.881265202283835,0.008597052944402186,0.9838056680161943,0.04309446977069781
-18.85344341666672,0.008600856546207482,0.9838056680161943,0.04352131673752326
-18.825621631049604,0.00860649205758912,0.9838056680161943,0.04415305024842493
-18.797799845432486,0.00861106681549992,0.9838056680161943,0.04466526660861548
-18.76997805981537,0.008599748213557459,0.9817813765182186,0.04536529563420923
-18.74215627419825,0.008605851979345954,0.9817813765182186,0.04604825078112995
-18.714334488581137,0.008611046996786392,0.9817813765182186,0.04662876265601257
-18.686512702964016,0.008616248290074437,0.9817813765182186,0.047209274530895184
-18.658690917346902,0.008603220875253297,0.979757085020243,0.04772149089108573
-18.630869131729785,0.008609035930273923,0.979757085020243,0.04837029828066042
-18.603047346112668,0.008614858851589477,0.979757085020243,0.049019105670235104
-18.57522556049555,0.00862007551471112,0.979757085020243,0.04959961754511773
-18.547403774878433,0.008625605930995152,0.979757085020243,0.050214277177346375
-18.519581989261315,0.00863052781740371,0.979757085020243,0.05076064129488296
-18.491760203644198,0.008635301254259665,0.979757085020243,0.05128993153374652
-18.463938418027084,0.008623614062025746,0.9777327935222672,0.05195581280199423
-18.436116632409963,0.008628543866230774,0.9777327935222672,0.05250217691953081
-18.40829484679285,0.008616836798541217,0.9757085020242915,0.05316805818777852
-18.38047306117573,0.008623465846065768,0.9757085020242915,0.0539022349707183
-18.352651275558614,0.008592603200744692,0.97165991902834,0.054414451330908845
-18.324829489941497,0.008598914387058634,0.97165991902834,0.055114480356502585
-18.29700770432438,0.00860292140872838,0.97165991902834,0.05555840120200106
-18.269185918707265,0.008608630151727106,0.97165991902834,0.05619013471290273
-18.241364133090144,0.008614191881124151,0.97165991902834,0.05680479434513138
-18.21354234747303,0.008619141677141317,0.97165991902834,0.057351158462667966
-18.18572056185591,0.008623477417268514,0.97165991902834,0.057829227065512474
-18.157898776238795,0.008628903230445647,0.97165991902834,0.05842681281906811
-18.130076990621678,0.008635423225690384,0.97165991902834,0.05914391572333487
-18.10225520500456,0.008641486335649732,0.97165991902834,0.05980979699158258
-18.074433419387443,0.008647090614303729,0.97165991902834,0.06042445662381123
-18.046611633770326,0.008652702166780834,0.97165991902834,0.06103911625603988
-18.01878984815321,0.008658789573374221,0.97165991902834,0.06170499752428759
-17.99096806253609,0.008666137069401314,0.97165991902834,0.06250746982191945
-17.963146276918977,0.008655896490657414,0.9696356275303644,0.06334408987689734
-17.93532449130186,0.008662471064814815,0.9696356275303644,0.0640611927811641
-17.907502705684742,0.008669369434590603,0.9696356275303644,0.0648124434427769
-17.879680920067624,0.008658322314199286,0.9676113360323887,0.0655636941043897
-17.851859134450507,0.008648354636932282,0.9655870445344129,0.06643446191671362
-17.82403734883339,0.008656201796570184,0.9655870445344129,0.06728815585036453
-17.796215563216272,0.008644172447608324,0.9635627530364372,0.06793696323993921
-17.768393777599158,0.00865171398451416,0.9635627530364372,0.06875650941624409
-17.740571991982037,0.008658638629170153,0.9635627530364372,0.06950776007785689
-17.712750206364923,0.008666994410152765,0.9635627530364372,0.07041267564752685
-17.684928420747806,0.008673785487809322,0.9635627530364372,0.07114685243046663
-17.65710663513069,0.008682487277237656,0.9635627530364372,0.07208591575748263
-17.62928484951357,0.008689619920406002,0.9635627530364372,0.07285424029776845
-17.601463063896453,0.008695811030526681,0.9635627530364372,0.07352012156601616
-17.57364127827934,0.008704875461760726,0.9635627530364372,0.07449333265037819
-17.54581949266222,0.008712842290232831,0.9635627530364372,0.0753470265840291
-17.517997707045105,0.008721782468484315,0.9635627530364372,0.0763031637897181
-17.490175921427983,0.008729139922978177,0.9635627530364372,0.07708856220867695
-17.46235413581087,0.008737953189536485,0.9635627530364372,0.07802762553569294
-17.434532350193752,0.00874630211491465,0.9635627530364372,0.07891546722668989
-17.406710564576635,0.00875337906177017,0.9635627530364372,0.07966671788830268
-17.378888778959517,0.008762080073630924,0.9635627530364372,0.08058870733664567
-17.3510669933424,0.00876982884094552,0.9635627530364372,0.08140825351295054
-17.323245207725286,0.008779210239952784,0.9635627530364372,0.08239853847598559
-17.295423422108165,0.008788936280211969,0.9635627530364372,0.08342297119636669
-17.26760163649105,0.00878003696857671,0.9615384615384616,0.08441325615940173
-17.239779850873933,0.008789622693880571,0.9615384615384616,0.0854206150011098
-17.211958065256816,0.008798088499509159,0.9615384615384616,0.08630845669210675
-17.1841362796397,0.00880853036624942,0.9615384615384616,0.08740118492717991
-17.15631449402258,0.008817523668089846,0.9615384615384616,0.08834024825419591
-17.128492708405467,0.008826207332255608,0.9615384615384616,0.08924516382386587
-17.100670922788346,0.008833265146725184,0.9615384615384616,0.08997934060680565
-17.072849137171232,0.008840827873734365,0.9615384615384616,0.09076473902576448
-17.04502735155411,0.008851866346135927,0.9615384615384616,0.0919086888968567
-17.017205565936997,0.008841798951668563,0.9595141700404858,0.09277945670918063
-16.98938378031988,0.008851540616246498,0.9595141700404858,0.09378681555088869
-16.961561994702762,0.008842113134183273,0.9574898785425101,0.09472587887790469
-16.933740209085645,0.00885270447314243,0.9574898785425101,0.09581860711297785
-16.905918423468528,0.00886332121575535,0.9574898785425101,0.09691133534805102
-16.878096637851414,0.008854371846099012,0.9554655870445344,0.09790162031108607
-16.850274852234293,0.008864349165211186,0.9554655870445344,0.09892605303146716
-16.82245306661718,0.008876351669017395,0.9554655870445344,0.10015537229592447
-16.794631281000058,0.00888738255286298,0.9554655870445344,0.10128224828834366
-16.766809495382944,0.008879253464039966,0.9534412955465587,0.1023579026447438
-16.738987709765826,0.008889476068247018,0.9534412955465587,0.10339940924379791
-16.71116592414871,0.00889972223796837,0.9534412955465587,0.10444091584285202
-16.68334413853159,0.008911340674310365,0.9534412955465587,0.10561901347129027
-16.655522352914474,0.008923158532888754,0.9534412955465587,0.10681418497840155
-16.62770056729736,0.008936533535717673,0.9534412955465587,0.10816302139356998
-16.59987878168024,0.008946888534305903,0.9534412955465587,0.10920452799262409
-16.572056996063125,0.008959482594635724,0.9534412955465587,0.11046799501442743
-16.544235210446008,0.008973479652491997,0.9534412955465587,0.11186805306561491
-16.51641342482889,0.008984605993552448,0.9534412955465587,0.1129778551793611
-16.488591639211773,0.00899438567009128,0.9534412955465587,0.11395106626372313
-16.460769853594655,0.008985584827744426,0.951417004048583,0.1149584251054312
-16.43294806797754,0.00899676499301315,0.951417004048583,0.11606822721917738
-16.40512628236042,0.009008318319469468,0.951417004048583,0.1172121770902696
-16.377304496743307,0.0090183436948346,0.951417004048583,0.11820246205330465
-16.349482711126186,0.00903203489824548,0.951417004048583,0.11955129846847308
-16.32166092550907,0.009043853066251033,0.951417004048583,0.12071232221823831
-16.293839139891954,0.009037131240726824,0.9493927125506073,0.12192456760402261
-16.266017354274837,0.009050559629486685,0.9493927125506073,0.12323925626184501
-16.23819556865772,0.009060700900274332,0.9493927125506073,0.12422954122488006
-16.210373783040602,0.009054150786434251,0.9473684210526315,0.12545886048933735
-16.182551997423488,0.009068537213943845,0.9473684210526315,0.12685891854052486
-16.154730211806367,0.009081559389129296,0.9473684210526315,0.1281223855623282
-16.126908426189253,0.009074657028487039,0.9453441295546559,0.12931755706943945
-16.099086640572132,0.009070029973918798,0.9433198380566802,0.13073468899929996
-16.071264854955018,0.00908187328253201,0.9433198380566802,0.1318786388703922
-16.0434430693379,0.009096587803544937,0.9433198380566802,0.1332957708002527
-16.015621283720783,0.009110637549121194,0.9433198380566802,0.13464460721542112
-15.987799498103666,0.009123837493881546,0.9433198380566802,0.13590807423722448
-15.95997771248655,0.009138329999607796,0.9433198380566802,0.13729105840973893
-15.932155926869433,0.009152149576762181,0.9433198380566802,0.13860574706756135
-15.904334141252315,0.009165830727169018,0.9433198380566802,0.1399033618467107
-15.876512355635198,0.009159312953041286,0.9412955465587044,0.14113268111116803
-15.848690570018082,0.00917033151241446,0.9412955465587044,0.14217418771022214
-15.820868784400965,0.00916145082630758,0.9392712550607287,0.1431815465519302
-15.793046998783847,0.009176126250840485,0.9392712550607287,0.14456453072444467
-15.76522521316673,0.009170495959435905,0.937246963562753,0.14587921938226706
-15.737403427549614,0.009185049992064752,0.937246963562753,0.14724512967610853
-15.709581641932497,0.009198188175460902,0.937246963562753,0.14847444894056583
-15.681759856315379,0.009216131215414626,0.937246963562753,0.15014768905052162
-15.653938070698262,0.009230094493839958,0.937246963562753,0.15144530382967097
-15.626116285081144,0.009247423504034513,0.937246963562753,0.1530502484249347
-15.598294499464028,0.00924536231013988,0.9352226720647774,0.15468934077754443
-15.570472713846911,0.00926148664902574,0.9352226720647774,0.15617476822209703
-15.542650928229794,0.009276177090653549,0.9352226720647774,0.15752360463726545
-15.514829142612676,0.009291101055806938,0.9352226720647774,0.1588895149311069
-15.48700735699556,0.009306448038998449,0.9352226720647774,0.16028957298229438
-15.459185571378443,0.009328056856727508,0.9352226720647774,0.16225306902969147
-15.431363785761326,0.009343715239154617,0.9352226720647774,0.16367020095955198
-15.403542000144208,0.00933897858720094,0.9331983805668016,0.16505318513206646
-15.375720214527092,0.009356416553347811,0.9331983805668016,0.16662398196998413
-15.347898428909975,0.009371823541370197,0.9331983805668016,0.1680069661424986
-15.320076643292857,0.009386707932888093,0.9331983805668016,0.169338728678994
-15.29225485767574,0.009403173826133072,0.9331983805668016,0.17080708224487356
-15.264433072058624,0.009405029646289103,0.9311740890688259,0.17277057829227066
-15.236611286441507,0.009424105222183524,0.9311740890688259,0.17446089228089945
-15.20878950082439,0.009440738840430991,0.9311740890688259,0.17592924584677902
-15.180967715207272,0.009457042412779343,0.9311740890688259,0.17736345165531253
-15.153145929590156,0.009453976231179584,0.9291497975708503,0.17888302685721116
-15.125324143973039,0.009469189033069956,0.9291497975708503,0.18021478939370658
-15.097502358355921,0.009490922625201605,0.9291497975708503,0.1821099899264116
-15.069680572738804,0.009466793719186312,0.9251012145748988,0.18357834349229116
-15.041858787121688,0.009486444970315939,0.9251012145748988,0.18528573135959295
-15.01403700150457,0.009486758066865001,0.9230769230769231,0.1870955624989329
-14.986215215887453,0.009482722687674545,0.9210526315789473,0.1885297683074664
-14.958393430270336,0.009499947802484601,0.9210526315789473,0.19001519575201897
-14.930571644653218,0.009518629317378298,0.9210526315789473,0.1916201403472827
-14.902749859036103,0.009537584370938665,0.9210526315789473,0.19324215882121942
-14.874928073418985,0.009538817102636831,0.9190283400809717,0.19512028547525143
-14.847106287801868,0.009533229513026643,0.917004048582996,0.19641790025440078
-14.81928450218475,0.009552931252636019,0.917004048582996,0.19809114036435657
-14.791462716567635,0.009571703256069474,0.917004048582996,0.19967901108094727
-14.763640930950517,0.00959420535411725,0.917004048582996,0.20157421161365227
-14.7358191453334,0.0096166093491275,0.917004048582996,0.20345233826768427
-14.707997359716282,0.009615384615384616,0.9149797570850202,0.20510850449896703
-14.680175574099167,0.009635883005031124,0.9149797570850202,0.20681589236626885
-14.65235378848205,0.009659358037355216,0.9149797570850202,0.20876231453499292
-14.624532002864932,0.00963659335717498,0.9109311740890689,0.21038433300892964
-14.596710217247814,0.009635606678398214,0.9089068825910931,0.21205757311888543
-14.568888431630699,0.009654668214853997,0.9089068825910931,0.2136283699568031
-14.541066646013581,0.009677349828652714,0.9089068825910931,0.21548942273216207
-14.513244860396464,0.009702443978650301,0.9089068825910931,0.21753828817292425
-14.485423074779346,0.00970179959720207,0.9068825910931174,0.21922860216155304
-14.45760128916223,0.009726021449350876,0.9068825910931174,0.22119209820895014
-14.429779503545113,0.009747182455071581,0.9068825910931174,0.22289948607625193
-14.401957717927996,0.00976715793145548,0.9068825910931174,0.22450443067151565
-14.374135932310878,0.009746716492930352,0.902834008097166,0.2263313356895286
-14.346314146693762,0.009768277191291778,0.902834008097166,0.22805579743550342
-14.318492361076645,0.00979186791955739,0.902834008097166,0.22993392408953542
-14.290670575459528,0.009795073848253396,0.9008097165991903,0.23191449401560552
-14.26284878984241,0.009815599082406918,0.9008097165991903,0.23353651248954224
-14.235027004225293,0.009842737386919112,0.9008097165991903,0.23567074732366952
-14.207205218608177,0.009866743531185562,0.9008097165991903,0.23754887397770152
-14.17938343299106,0.009890647226173542,0.9008097165991903,0.2394099267530605
-14.151561647373942,0.009868567609712631,0.8967611336032388,0.24111731462036232
-14.123739861756825,0.009894797971901454,0.8967611336032388,0.24314910618245147
-14.095918076139709,0.009916726361031518,0.8967611336032388,0.24483942017108026
-14.068096290522591,0.00991564967695621,0.8947368421052632,0.246461438645017
-14.040274504905474,0.009940402563814236,0.8947368421052632,0.248356639177722
-14.012452719288357,0.009965953417059368,0.8947368421052632,0.2503030613464461
-13.98463093367124,0.009989829359249632,0.8947368421052632,0.252112892485786
-13.956809148054123,0.009972349394859708,0.8906882591093117,0.2541788318052212
-13.928987362437006,0.00997545900745319,0.888663967611336,0.25610818009527225
-13.901165576819889,0.01000068341800123,0.888663967611336,0.25800338062797723
-13.873343791202773,0.010000228315714971,0.8866396761133604,0.25965954685926
-13.845522005585655,0.010026095316577393,0.8866396761133604,0.26158889514931105
-13.817700219968538,0.010047254209294858,0.8866396761133604,0.2631596919872287
-13.78987843435142,0.0100522163181745,0.8846153846153846,0.26520855742799093
-13.762056648734305,0.010078413284132842,0.8846153846153846,0.26713790571804197
-13.734234863117187,0.010106616711764842,0.8846153846153846,0.2692038450374772
-13.70641307750007,0.010135448557380092,0.8846153846153846,0.2713039321142584
-13.678591291882952,0.010164918238701123,0.8846153846153846,0.2734381669483857
-13.650769506265837,0.010165302744165442,0.8825910931174089,0.2751284809370145
-13.62294772064872,0.010168065262616582,0.8805668016194332,0.27698953371237345
-13.595125935031602,0.010167029774872912,0.8785425101214575,0.2785774044289641
-13.567304149414484,0.010193057447508102,0.8785425101214575,0.2804384572043231
-13.539482363797367,0.010221866314946535,0.8785425101214575,0.2824873226450853
-13.511660578180251,0.01024938598148498,0.8785425101214575,0.28443374481380934
-13.483838792563134,0.010280462383930263,0.8785425101214575,0.2866192012839557
-13.456017006946016,0.010306830056046356,0.8785425101214575,0.28846318018064165
-13.428195221328899,0.010311733466695245,0.8765182186234818,0.29044375010671175
-13.400373435711783,0.010337336166352329,0.8765182186234818,0.2922194334887056
-13.372551650094666,0.010365050867743865,0.8765182186234818,0.29413170790008364
-13.344729864477548,0.010394161985693024,0.8765182186234818,0.2961293517048268
-13.31690807886043,0.0103971119133574,0.8744939271255061,0.2979562567228397
-13.289086293243315,0.010386975216194019,0.8704453441295547,0.3005173385237925
-13.261264507626198,0.010392441860465116,0.868421052631579,0.3025149823285356
-13.23344272200908,0.010397687243398197,0.8663967611336032,0.3044955522546057
-13.205620936391963,0.010401948842874544,0.8643724696356275,0.3064078266659837
-13.177799150774845,0.01043270053018642,0.8643724696356275,0.3084737659854189
-13.149977365157728,0.010432227256030366,0.8623481781376519,0.3100616367020096
-13.122155579540614,0.010464773508892602,0.8623481781376519,0.3122300192934829
-13.094333793923497,0.010466949069057235,0.8603238866396761,0.3139886287968038
-13.066512008306379,0.010500827712302029,0.8603238866396761,0.3162253069029691
-13.038690222689262,0.010530488862459426,0.8603238866396761,0.3181717290716932
-13.010868437072144,0.01056845874571045,0.8603238866396761,0.32064744147928087
-12.983046651455027,0.0105979751633335,0.8603238866396761,0.3225597158906589
-12.95522486583791,0.010629517544956607,0.8603238866396761,0.32459150745274806
-12.927403080220792,0.010664458496436817,0.8603238866396761,0.3268281855589134
-12.899581294603678,0.010669887764859831,0.8582995951417004,0.32875753384896444
-12.87175950898656,0.010653875284019187,0.854251012145749,0.3309088425617648
-12.843937723369443,0.010689227184072544,0.854251012145749,0.33314552066793013
-12.816115937752325,0.010722361968645984,0.854251012145749,0.33522853386603835
-12.788294152135208,0.01075707366811114,0.854251012145749,0.33739691645751163
-12.76047236651809,0.010797533454443108,0.854251012145749,0.33990677662244534
-12.732650580900973,0.010835515842448518,0.854251012145749,0.3422458980006488
-12.704828795283856,0.010870125186749782,0.854251012145749,0.3443630589561031
-12.677007009666738,0.01085804400093069,0.8502024291497976,0.34673632809165256
-12.649185224049624,0.010868719358771498,0.8481781376518218,0.3489388584404719
-12.621363438432507,0.010902656709427284,0.8481781376518218,0.3509877238812341
-12.59354165281539,0.010913268236645606,0.8461538461538461,0.3531731803513804
-12.565719867198272,0.010950148010373825,0.8461538461538461,0.35537571070019974
-12.537898081581154,0.010987566700838525,0.8461538461538461,0.35759531492769214
-12.510076295964037,0.011024951205359498,0.8461538461538461,0.3597978452765115
-12.48225451034692,0.011058493610942088,0.8461538461538461,0.3617613413239085
-12.454432724729802,0.01109577404969208,0.8461538461538461,0.36392972391538186
-12.426610939112688,0.01110785541141685,0.8441295546558705,0.3661493281428742
-12.39878915349557,0.01114258230012826,0.8441295546558705,0.36814697194761736
-12.370967367878453,0.011162091818937991,0.8421052631578947,0.37077634926326214
-12.343145582261336,0.011168223041524261,0.840080971659919,0.3726374020386211
-12.315323796644218,0.01118133203694701,0.8380566801619433,0.3748911540234595
-12.287502011027101,0.011192715249735766,0.8360323886639676,0.3770424627362598
-12.259680225409983,0.011202044645042007,0.8340080971659919,0.37907425429834896
-12.231858439792866,0.01123810043370339,0.8340080971659919,0.3810889719817651
-12.204036654175752,0.011279636423369654,0.8340080971659919,0.3833939456026225
-12.176214868558635,0.011315261871412486,0.8340080971659919,0.3853574416500196
-12.148393082941517,0.011362696158195207,0.8340080971659919,0.3879526712083184
-12.1205712973244,0.011399479829561176,0.8340080971659919,0.38995031501306154
-12.092749511707282,0.011439042674292695,0.8340080971659919,0.39208454984718877
-12.064927726090165,0.011483680352314854,0.8340080971659919,0.39447489286141135
-12.037105940473047,0.011440879465159865,0.8279352226720648,0.3966091276955386
-12.00928415485593,0.011487150681084118,0.8279352226720648,0.3990677662244532
-11.981462369238812,0.011529570953374303,0.8279352226720648,0.40130444433061857
-11.953640583621699,0.011574598143536338,0.8279352226720648,0.4036606395874951
-11.925818798004581,0.01162195953625824,0.8279352226720648,0.4061192781164097
-11.897997012387464,0.01163586584531143,0.8259109311740891,0.408287660707883
-11.870175226770346,0.011679835108210237,0.8259109311740891,0.41054141269272143
-11.842353441153229,0.01172683375488618,0.8259109311740891,0.41293175570694396
-11.814531655536111,0.011771834155630573,0.8259109311740891,0.41520258157045536
-11.786709869918994,0.011816154536766196,0.8259109311740891,0.4174221857979477
-11.758888084301876,0.011866329290637816,0.8259109311740891,0.41991497208420836
-11.731066298684762,0.01187800963081862,0.8238866396761133,0.4219126158889515
-11.703244513067645,0.01189151192080136,0.8218623481781376,0.42399562908705973
-11.675422727450528,0.011918425002207116,0.819838056680162,0.42672744967474263
-11.64760094183341,0.011965256440557787,0.819838056680162,0.42899827553825404
-11.619779156216293,0.012013169993770948,0.819838056680162,0.4313032491591115
-11.591957370599175,0.012035630232073167,0.8178137651821862,0.4337789615666991
-11.564135584982058,0.012085315145532322,0.8178137651821862,0.4361351568235756
-11.53631379936494,0.012106101114482262,0.8157894736842105,0.43850842595912515
-11.508492013747826,0.012094341898902159,0.8117408906882592,0.4407451040652905
-11.480670228130709,0.012120477546815344,0.8097165991902834,0.44335740750226227
-11.452848442513591,0.012172484099692646,0.8097165991902834,0.44576482439515785
-11.425026656896474,0.012224565263897803,0.8097165991902834,0.4481551674093804
-11.397204871279357,0.012246777163904236,0.8076923076923077,0.4505455104236029
-11.369383085662239,0.012301146873843876,0.8076923076923077,0.45300414895251756
-11.341561300045122,0.012347971404697799,0.8076923076923077,0.4551042360292988
-11.313739514428004,0.012368699111193983,0.805668016194332,0.4573921357714832
-11.285917728810887,0.012421197178702952,0.805668016194332,0.45971418327101365
-11.258095943193773,0.012439291869027104,0.8036437246963563,0.46186549198381394
-11.230274157576655,0.012398514695701428,0.7975708502024291,0.4641533917259984
-11.202452371959538,0.012419416003033751,0.7955465587044535,0.4664242175895098
-11.17463058634242,0.012483323804078522,0.7955465587044535,0.46919018593453876
-11.146808800725303,0.012536285048964878,0.7955465587044535,0.47146101179805017
-11.118987015108186,0.012588487779877639,0.7955465587044535,0.4736806160255425
-11.091165229491068,0.012639094359040329,0.7955465587044535,0.4758148508596698
-11.06334344387395,0.012685603615235635,0.7955465587044535,0.4777612730283939
-11.035521658256837,0.012741124979737397,0.7955465587044535,0.4800662466492513
-11.00769987263972,0.012702341790704492,0.7894736842105263,0.4824395157848008
-10.979878087022602,0.012756353645373369,0.7894736842105263,0.48465912001229317
-10.952056301405484,0.012804517696500099,0.7894736842105263,0.48662261605969026
-10.924234515788367,0.012855165139429098,0.7894736842105263,0.4886714815004525
-10.89641273017125,0.012819238795587797,0.7834008097165992,0.4911642677867131
-10.868590944554132,0.012880250282899554,0.7834008097165992,0.4936058324369547
-10.840769158937015,0.012936653852582317,0.7834008097165992,0.49584251054312006
-10.8129473733199,0.013002721499848805,0.7834008097165992,0.49843774010141884
-10.785125587702783,0.013029975695382123,0.7813765182186235,0.5007939353582953
-10.757303802085666,0.01309140240800407,0.7813765182186235,0.5031672044938449
-10.729482016468548,0.013087488497324563,0.7773279352226721,0.5055916952654135
-10.70166023085143,0.013143483023001095,0.7773279352226721,0.5077259300995407
-10.673838445234313,0.013131660364386387,0.7732793522267206,0.5098430910549949
-10.646016659617196,0.013183779119930975,0.7732793522267206,0.511806587102392
-10.618194874000078,0.013245492371705964,0.7732793522267206,0.5141115607232495
-10.590373088382961,0.013241802278983866,0.7692307692307693,0.5165189776161451
-10.562551302765847,0.013233440694580592,0.7651821862348178,0.5187556557223104
-10.53472951714873,0.013294879009566685,0.7651821862348178,0.5210094077071489
-10.506907731531612,0.013358778625954198,0.7651821862348178,0.5233314552066793
-10.479085945914495,0.013378282469836763,0.7631578947368421,0.5252949512540764
-10.451264160297377,0.013446517102400399,0.7631578947368421,0.527736515904318
-10.42344237468026,0.013476219490340847,0.7611336032388664,0.5300414895251754
-10.395620589063142,0.01353784114639591,0.7611336032388664,0.5322098721166487
-10.367798803446025,0.01358479658934894,0.7611336032388664,0.5338489644692584
-10.339977017828911,0.013618041180956532,0.7591093117408907,0.536239307483481
-10.312155232211794,0.013680140084634466,0.7591093117408907,0.5383735423176083
-10.284333446594676,0.013742807930516363,0.7591093117408907,0.5405077771517356
-10.256511660977559,0.013780905707653193,0.757085020242915,0.5430176373166692
-10.228689875360441,0.013843135803383056,0.757085020242915,0.5451006505147774
-10.200868089743324,0.013906964637638047,0.757085020242915,0.5472178114702317
-10.173046304126206,0.013861904050216709,0.7510121457489879,0.549369120183032
-10.145224518509089,0.013932702418506835,0.7510121457489879,0.5516911676825624
-10.117402732891975,0.013853761654901665,0.742914979757085,0.5539619935460739
-10.089580947274857,0.013896799179861032,0.7408906882591093,0.5565742969830456
-10.06175916165774,0.013849147304566784,0.7348178137651822,0.5586743840598268
-10.033937376040623,0.013871326206077327,0.7327935222672065,0.5606037323498779
-10.006115590423505,0.013939697331433633,0.7327935222672065,0.5627891888200243
-9.978293804806388,0.013976537999922567,0.7307692307692307,0.5651624579555737
-9.95047201918927,0.014038498930585262,0.7307692307692307,0.5671088801242978
-9.922650233572153,0.014106521824078778,0.7307692307692307,0.569226041079752
-9.894828447955035,0.014172981037258059,0.7307692307692307,0.5712749065205143
-9.867006662337921,0.01421407983574841,0.728744939271255,0.5737164711707559
-9.839184876720804,0.014252252967565207,0.7267206477732794,0.5760555925489593
-9.811363091103686,0.014317619845258036,0.7267206477732794,0.5780190885963564
-9.783541305486569,0.014388200873712476,0.7267206477732794,0.5801191756731376
-9.755719519869452,0.01446006364039151,0.7267206477732794,0.5822363366285919
-9.727897734252334,0.014527355131110392,0.7267206477732794,0.584199832675989
-9.700075948635217,0.014601212022613577,0.7267206477732794,0.5863340675101163
-9.6722541630181,0.014588696824813044,0.7226720647773279,0.5882804896788404
-9.644432377400985,0.014582648701938877,0.7186234817813765,0.5904147245129676
-9.616610591783868,0.014616623312275485,0.7165991902834008,0.5925318854684218
-9.58878880616675,0.01469001576894348,0.7165991902834008,0.594597824787857
-9.560967020549633,0.014778942094935917,0.7165991902834008,0.5970735371954446
-9.533145234932515,0.014847124942331083,0.7165991902834008,0.5989516638494767
-9.505323449315398,0.01487004507350773,0.7145748987854251,0.6007102733527976
-9.47750166369828,0.014869730989197204,0.7105263157894737,0.6029640253376359
-9.449679878081163,0.014944437348320348,0.7105263157894737,0.6049787430210521
-9.42185809246405,0.015018612810748363,0.7105263157894737,0.6069593129471222
-9.394036306846932,0.015055706112616682,0.708502024291498,0.6090594000239035
-9.366214521229814,0.01512532411408816,0.708502024291498,0.6108863050419163
-9.338392735612697,0.01512254475925604,0.7044534412955465,0.6130376137547167
-9.31057094999558,0.01519982528936449,0.7044534412955465,0.6150352575594598
-9.282749164378462,0.015287295730100159,0.7044534412955465,0.6172719356656252
-9.254927378761344,0.015294169650355833,0.7004048582995951,0.6196452048011747
-9.227105593144227,0.0153894053284704,0.7004048582995951,0.6220355478153973
-9.19928380752711,0.015454707879221012,0.7004048582995951,0.623657566289334
-9.171462021909996,0.015507011866235168,0.6983805668016194,0.6260308354248835
-9.143640236292878,0.01560662263638831,0.6983805668016194,0.6284553261964521
-9.11581845067576,0.0156982299676935,0.6983805668016194,0.6306578565452714
-9.087996665058643,0.015791641873026046,0.6983805668016194,0.6328774607727637
-9.060174879441526,0.015850343270515595,0.6963562753036437,0.6353190254230053
-9.032353093824408,0.01589876703439325,0.694331983805668,0.6375044818931517
-9.00453130820729,0.01592920353982301,0.6923076923076923,0.6392630913964725
-8.976709522590173,0.016008987501755372,0.6923076923076923,0.6410899964144855
-8.94888773697306,0.016090331686661963,0.6923076923076923,0.6429339753111715
-8.921065951355942,0.016037468066988362,0.6862348178137652,0.6448803974798956
-8.893244165738825,0.016127497621313037,0.6862348178137652,0.6468951151633117
-8.865422380121707,0.016182314358213244,0.6842105263157895,0.64914886714815
-8.83760059450459,0.016240963855421685,0.6821862348178138,0.6514709146476805
-8.809778808887472,0.01633385032958511,0.6821862348178138,0.6534856323310967
-8.781957023270355,0.016389444417345495,0.680161943319838,0.655705236558589
-8.754135237653237,0.01644010403886735,0.6781376518218624,0.6578053236353703
-8.726313452036123,0.016503607075798003,0.6761133603238867,0.6601615188922467
-8.698491666419006,0.016610304356475036,0.6761133603238867,0.6623811231197391
-8.670669880801888,0.01670919005452999,0.6761133603238867,0.6644129146818283
-8.642848095184771,0.016662471683866097,0.6700404858299596,0.6664788540012635
-8.615026309567654,0.01670378619153675,0.6680161943319838,0.6683228328979495
-8.587204523950536,0.016696360397047593,0.6639676113360324,0.6701838856733084
-8.559382738333419,0.01675376575468798,0.6619433198380567,0.6723351943861087
-8.531560952716301,0.01684959035399598,0.6619433198380567,0.6742303949188138
-8.503739167099184,0.01684025079019638,0.6578947368421053,0.6760402260581536
-8.47591738148207,0.016952688957279225,0.6578947368421053,0.6782256825283
-8.448095595864952,0.017051416579223506,0.6578947368421053,0.6801208830610049
-8.420273810247835,0.017150395778364115,0.6578947368421053,0.681999009715037
-8.392452024630717,0.017151656754460492,0.6538461538461539,0.6839795796411071
-8.3646302390136,0.017254273504273505,0.6538461538461539,0.6858918540524851
-8.336808453396483,0.01730996667025051,0.6518218623481782,0.6878894978572282
-8.308986667779365,0.017361674509167615,0.6497975708502024,0.6898017722686063
-8.281164882162248,0.017360544217687075,0.645748987854251,0.6917140466799843
-8.253343096545134,0.017467009801237474,0.645748987854251,0.6936263210913624
-8.225521310928016,0.017563177889115236,0.645748987854251,0.6953337089586641
-8.197699525310899,0.01768292682926829,0.645748987854251,0.6974337960354454
-8.169877739693781,0.01775742684833594,0.6437246963562753,0.6996704741416108
-8.142055954076664,0.01782300685932756,0.6417004048582996,0.701736413461046
-8.114234168459546,0.01795016987542469,0.6417004048582996,0.7038877221738462
-8.086412382842429,0.018054448114819457,0.6417004048582996,0.7056292577984941
-8.058590597225312,0.018107844822646265,0.6396761133603239,0.707439088937834
-8.030768811608198,0.018223760092272202,0.6396761133603239,0.709334289470539
-8.00294702599108,0.018155452436194895,0.6336032388663968,0.7109904557018217
-7.975125240373963,0.018208345491683688,0.631578947368421,0.7127661390838157
-7.947303454756845,0.018325991189427314,0.631578947368421,0.7146442657378477
-7.919481669139728,0.018384960983684084,0.6295546558704453,0.7164882446345336
-7.89165988352261,0.01850529572771629,0.6295546558704453,0.7183663712885656
-7.863838097905493,0.01861829501915709,0.6295546558704453,0.7201079069132135
-7.8360163122883755,0.018665703275529865,0.6275303643724697,0.7217299253871502
-7.808194526671258,0.018725003029935766,0.6255060728744939,0.723522682647817
-7.780372741054144,0.01877133105802048,0.6234817813765182,0.7251105533644078
-7.752550955437027,0.018894546346849887,0.6234817813765182,0.7269374583824207
-7.724729169819909,0.01895880936207003,0.6214574898785425,0.7287643634004337
-7.696907384202792,0.01905117669032499,0.6194331983805668,0.7309839676279261
-7.669085598585674,0.018995674252397968,0.6133603238866396,0.732827946524612
-7.641263812968557,0.019046417759838546,0.611336032388664,0.7344328911198758
-7.613442027351439,0.019108684611477907,0.6093117408906883,0.7361915006231966
-7.585620241734322,0.01921726361488859,0.6093117408906883,0.7377110758250952
-7.557798456117208,0.019269060312158776,0.6072874493927125,0.7392989465416858
-7.529976670500091,0.019350245922857882,0.6052631578947368,0.741279516467756
-7.502154884882973,0.0194585448392555,0.6052631578947368,0.7427478700336355
-7.474333099265856,0.019516667758202894,0.6032388663967612,0.7443869623862452
-7.446511313648738,0.019436025826854657,0.597165991902834,0.7458894637094708
-7.418689528031621,0.01956752454231892,0.597165991902834,0.7476309993341187
-7.390867742414503,0.019678473750917216,0.597165991902834,0.7490822790213253
-7.363045956797386,0.019617064158548875,0.5910931174089069,0.7508408885246461
-7.335224171180272,0.019631735716219876,0.5870445344129555,0.7527360890573511
-7.3074023855631545,0.01974669753506741,0.5870445344129555,0.7542044426232307
-7.279580599946037,0.019871179936960394,0.5870445344129555,0.7557752394611484
-7.2517588143289196,0.020015183932638552,0.5870445344129555,0.7575679967218153
-7.223937028711802,0.020080600333518623,0.5850202429149798,0.759207089074425
-7.196115243094685,0.020223932820153955,0.5850202429149798,0.7609486246990729
-7.168293457477567,0.02028169014084507,0.582995951417004,0.7624681999009715
-7.14047167186045,0.020358941618784137,0.5809716599190283,0.7642097355256193
-7.112649886243332,0.020443173695496784,0.5789473684210527,0.7660195666649593
-7.084828100626218,0.020425776754890677,0.5748987854251012,0.7674537724734928
-7.057006315009101,0.020499818906193408,0.5728744939271255,0.7691270125834486
-7.0291845293919835,0.020631333381934826,0.5728744939271255,0.7706295139066742
-7.001362743774866,0.02078131884270818,0.5728744939271255,0.772319827895303
-6.9735409581577485,0.02083949157552468,0.5708502024291497,0.7737711075825096
-6.945719172540631,0.02090462728760601,0.5688259109311741,0.7752906827844082
-6.917897386923514,0.02100840336134454,0.5668016194331984,0.7772200310744591
-6.890075601306396,0.021014437977171365,0.562753036437247,0.778876197305742
-6.862253815689282,0.021177725299002057,0.562753036437247,0.7806177329303898
-6.834432030072165,0.021082490033731985,0.5566801619433198,0.7819836432242312
-6.806610244455047,0.021204410517387615,0.5566801619433198,0.7832641841247077
-6.77878845883793,0.021222014925373133,0.5526315789473685,0.7850227936280285
-6.7509666732208125,0.021293251917958354,0.5506072874493927,0.7865423688299271
-6.723144887603695,0.0214358893529829,0.5506072874493927,0.7879936485171336
-6.6953231019865775,0.021568471968916026,0.5506072874493927,0.7893254110536291
-6.66750131636946,0.021704436642195978,0.5506072874493927,0.7906742474687974
-6.639679530752346,0.021856167135395742,0.5506072874493927,0.79215967491335
-6.611857745135229,0.02200825309491059,0.5506072874493927,0.7936280284792296
-6.584035959518111,0.021994134897360705,0.5465587044534413,0.7950110126517441
-6.556214173900994,0.021961812669015816,0.5425101214574899,0.7962232580375284
-6.528392388283876,0.02203333883479122,0.5404858299595142,0.797657463846062
-6.500570602666759,0.02209852953393703,0.5384615384615384,0.7990233741399033
-6.4727488170496414,0.022246382871957848,0.5384615384615384,0.8003892844337448
-6.444927031432524,0.02239057239057239,0.5384615384615384,0.8017039730915672
-6.4171052458154065,0.022571064913025032,0.5384615384615384,0.8033259915655039
-6.389283460198293,0.022721448705902453,0.5384615384615384,0.8046577541019994
-6.361461674581175,0.022825150732127476,0.5364372469635628,0.8062968464546091
-6.333639888964058,0.022841757859996526,0.5323886639676113,0.8079017910498728
-6.30581810334694,0.022818674593460396,0.52834008097166,0.8091652580716762
-6.277996317729823,0.02297130786833304,0.52834008097166,0.8104628728508255
-6.250174532112705,0.023132145705929273,0.52834008097166,0.811811709265994
-6.222352746495588,0.023208069267160583,0.5263157894736842,0.8131605456811624
-6.19453096087847,0.023220232202322024,0.5222672064777328,0.8146971947617341
-6.1667091752613565,0.02334841628959276,0.5222672064777328,0.8157387013607881
-6.138887389644239,0.023503689532659196,0.5222672064777328,0.8169850945039184
-6.111065604027122,0.023577981651376145,0.520242914979757,0.8182827092830678
-6.083243818410004,0.023728187609639,0.520242914979757,0.8194608069115061
-6.055422032792887,0.023893640758646337,0.520242914979757,0.8207413478119825
-6.027600247175769,0.024056912852195075,0.520242914979757,0.8219877409551127
-5.999778461558652,0.024215584660322247,0.520242914979757,0.8231829124622241
-5.971956675941534,0.024211925560197495,0.5161943319838057,0.8245317488773924
-5.94413489032442,0.02437392467979354,0.5161943319838057,0.8257269203845038
-5.916313104707303,0.024364406779661018,0.5121457489878543,0.8270245351636532
-5.8884913190901855,0.024553571428571428,0.5121457489878543,0.8283904454574946
-5.860669533473068,0.024552479702631323,0.5080971659919028,0.829739281872663
-5.832847747855951,0.024596615505706416,0.5060728744939271,0.8307295668356981
-5.805025962238833,0.024692582308607696,0.5040485829959515,0.8320784032508665
-5.777204176621716,0.024897510248975102,0.5040485829959515,0.833495535180727
-5.749382391004598,0.02505282221551464,0.5040485829959515,0.8345541156584542
-5.721560605387481,0.02524330900243309,0.5040485829959515,0.8358346565589305
-5.693738819770367,0.025421133231240428,0.5040485829959515,0.8370127541873688
-5.665917034153249,0.025403681991154992,0.5,0.83820792569448
-5.638095248536132,0.02557200538358008,0.5,0.8393006539295532
-5.6102734629190145,0.02557144348189124,0.4959514170040486,0.8405982687087026
-5.582451677301897,0.0255359394703657,0.49190283400809715,0.8416739230651027
-5.55462989168478,0.025499947095545445,0.48785425101214575,0.8427495774215028
-5.526808106067662,0.025671069450362165,0.48785425101214575,0.843825231777903
-5.498986320450545,0.02585004826772498,0.48785425101214575,0.8449350338916491
-5.471164534833431,0.025901143967191884,0.48582995951417,0.8458911710973381
-5.443342749216313,0.025978260869565218,0.48380566801619435,0.8470009732110844
-5.415520963599196,0.025975449364313896,0.4797570850202429,0.8482644402328877
-5.387699177982078,0.0260514405563528,0.4777327935222672,0.8493571684679608
-5.359877392364961,0.026040507456042732,0.47368421052631576,0.8505694138537452
-5.3320556067478435,0.026244952893674293,0.47368421052631576,0.8517645853608564
-5.304233821130726,0.026179192055969306,0.46963562753036436,0.8526524270518534
-5.276412035513609,0.026267909938594496,0.4676113360323887,0.8537963769229456
-5.248590249896495,0.02639430801009869,0.46558704453441296,0.855145213338114
-5.220768464279377,0.026349243037096962,0.46153846153846156,0.8561525721798221
-5.19294667866226,0.02653322471779355,0.46153846153846156,0.8571770049002032
-5.165124893045142,0.026744868035190616,0.46153846153846156,0.8583380286499684
-5.137303107428025,0.02684801892371378,0.45951417004048584,0.8595161262784067
-5.109481321810907,0.027065696911887444,0.45951417004048584,0.8606771500281719
-5.08165953619379,0.02713410973706327,0.4574898785425101,0.8616503611125339
-5.0538377505766725,0.026974718761340267,0.451417004048583,0.862657719954242
-5.026015964959559,0.027161997563946407,0.451417004048583,0.863630931038604
-4.998194179342441,0.02736196319018405,0.451417004048583,0.8646553637589851
-4.970372393725324,0.02742772424017791,0.4493927125506073,0.8655944270860011
-4.942550608108206,0.02752179327521793,0.4473684210526316,0.8666700814424013
-4.914728822491089,0.027739425128655706,0.4473684210526316,0.8677457357988014
-4.886907036873971,0.027967603138445964,0.4473684210526316,0.8688555379125475
-4.859085251256854,0.028195968359275327,0.4473684210526316,0.8699482661476208
-4.831263465639736,0.02829581993569132,0.44534412955465585,0.8710068466253479
-4.803441680022619,0.02848633950537356,0.44534412955465585,0.8718946883163449
-4.775619894405505,0.028724376550463507,0.44534412955465585,0.872987416551418
-4.747798108788388,0.02892073090574471,0.44534412955465585,0.873875258242415
-4.71997632317127,0.02913521387895643,0.44534412955465585,0.874831395448104
-4.692154537554153,0.02932551319648094,0.44534412955465585,0.8756680155030818
-4.664332751937035,0.02955400322407308,0.44534412955465585,0.8766583004661169
-4.636510966319918,0.029515299214730572,0.44129554655870445,0.8776144376718059
-4.6086891807028,0.02947598253275109,0.43724696356275305,0.8785705748774949
-4.580867395085683,0.029532967032967032,0.4352226720647773,0.8793730471751268
-4.553045609468569,0.029774269491760146,0.4352226720647773,0.8803804060168349
-4.5252238238514515,0.029973511780287187,0.4352226720647773,0.8811999521931397
-4.497402038234334,0.030251864359082593,0.4352226720647773,0.882326828185559
-4.469580252617217,0.03031161473087819,0.4331983805668016,0.8831122266045177
-4.441758467000099,0.030203732725459467,0.4291497975708502,0.8837781078727655
-4.413936681382982,0.03012912482065997,0.4251012145748988,0.8845805801703973
-4.386114895765864,0.030215411305479254,0.4230769230769231,0.8854684218613943
-4.358293110148747,0.030439848528983397,0.4230769230769231,0.8863391896737182
-4.330471324531633,0.03055229142185664,0.42105263157894735,0.8873124007580803
-4.302649538914515,0.030796564998519398,0.42105263157894735,0.8882343902064231
-4.274827753297398,0.03085407661350425,0.4190283400809717,0.888985640868036
-4.2470059676802805,0.0310391363022942,0.4190283400809717,0.8896685960149567
-4.219184182063163,0.031108426457263666,0.41700404858299595,0.8904539944339156
-4.191362396446046,0.03133556434438698,0.41700404858299595,0.8912735406102205
-4.163540610828928,0.031566043518234756,0.41700404858299595,0.8920930867865253
-4.135718825211811,0.03175092478421702,0.41700404858299595,0.8927418941761
-4.107897039594693,0.03185208203853325,0.4149797570850202,0.8936126619884239
-4.080075253977579,0.03176341730558598,0.4109311740890688,0.8943468387713637
-4.052253468360462,0.03205938092229943,0.4109311740890688,0.8953541976130718
-4.024431682743344,0.03212468193384224,0.4089068825910931,0.8960883743960115
-3.996609897126227,0.03235623898766619,0.4089068825910931,0.8968566989362974
-3.9687881115091095,0.03237757731958763,0.4068825910931174,0.89743721081118
-3.940966325891992,0.03242016534284325,0.4048582995951417,0.8980860182007546
-3.9131445402748746,0.03205233033524121,0.3967611336032389,0.8989397121344056
-3.885322754657757,0.03220478943022296,0.39473684210526316,0.8999470709761136
-3.857500969040643,0.032451323015476784,0.39473684210526316,0.9007324693950725
-3.8296791834235258,0.032701660238135165,0.39473684210526316,0.9015178678140313
-3.8018573978064083,0.03288918873334458,0.39473684210526316,0.9020983796889139
-3.774035612189291,0.03295956506965681,0.39271255060728744,0.9028154825931807
-3.7462138265721734,0.0328654570352619,0.38866396761133604,0.9035325854974474
-3.718392040955056,0.03310915675116399,0.38866396761133604,0.9042667622803873
-3.6905702553379385,0.03329864724245578,0.38866396761133604,0.9048302002765969
-3.662748469720821,0.033560566334556896,0.38866396761133604,0.9055985248168826
-3.634926684103707,0.03362084140116177,0.3866396761133603,0.9062644060851304
-3.6071048984865897,0.03384724437356016,0.3866396761133603,0.906913213474705
-3.579283112869472,0.03384999109210761,0.38461538461538464,0.9074083559562226
-3.5514613272523547,0.03390742734122713,0.3825910931174089,0.9080571633457972
-3.5236395416352373,0.033610408384531984,0.3765182186234818,0.908688896856699
-3.49581775601812,0.03387361136405027,0.3765182186234818,0.9094230736396387
-3.4679959704010024,0.033736707004033736,0.3724696356275304,0.9100206593931943
-3.440174184783885,0.03395460417051117,0.3724696356275304,0.9106182451467499
-3.4123523991667675,0.03422619047619048,0.3724696356275304,0.9113524219296898
-3.3845306135496536,0.03424401197604791,0.37044534412955465,0.9118817121685533
-3.356708827932536,0.034554380664652565,0.37044534412955465,0.9127012583448582
-3.3288870423154187,0.034738041002277904,0.37044534412955465,0.9131793269477028
-3.301065256698301,0.03493699885452463,0.37044534412955465,0.9136915433078933
-3.2732434710811837,0.034993270524899055,0.3684210526315789,0.9143062029401219
-3.2454216854640663,0.035063928709802406,0.36639676113360325,0.9149550103296966
-3.217599899846949,0.03528953012283096,0.36639676113360325,0.9155184483259062
-3.1897781142298314,0.03537735849056604,0.3643724696356275,0.916201403472827
-3.1619563286127175,0.03558718861209965,0.3643724696356275,0.9167136198330175
-3.1341345429956,0.035657370517928284,0.3623481781376518,0.9173453533439191
-3.1063127573784826,0.03586455620116209,0.3623481781376518,0.9178404958254367
-3.078490971761365,0.035815459328207205,0.3582995951417004,0.9186429681230686
-3.0506691861442476,0.03612244897959184,0.3582995951417004,0.9193600710273353
-3.02284740052713,0.036352433764633395,0.3582995951417004,0.9198893612661988
-2.9950256149100127,0.036585365853658534,0.3582995951417004,0.9204186515050624
-2.9672038292928953,0.036390101892285295,0.354251012145749,0.9208796462292339
-2.9393820436757814,0.03635603844546594,0.3522267206477733,0.9212552715600403
-2.911560258058664,0.036616161616161616,0.3522267206477733,0.9218357834349229
-2.8837384724415465,0.03668363019508058,0.35020242914979755,0.9224333691884785
-2.855916686824429,0.037005347593582885,0.35020242914979755,0.9231333982140723
-2.8280949012073116,0.037292519939642166,0.35020242914979755,0.923748057846301
-2.800273115590194,0.03761687323331159,0.35020242914979755,0.9244310129932217
-2.7724513299730766,0.037644998905668636,0.3481781376518219,0.9249261554747392
-2.744629544355959,0.0376817981489643,0.34615384615384615,0.9254383718349297
-2.7168077587388417,0.03794940079893475,0.34615384615384615,0.9259847359524663
-2.688985973121728,0.0380653828929691,0.3441295546558704,0.9266506172207141
-2.6611641875046104,0.038271049076992344,0.3441295546558704,0.9270603903088664
-2.633342401887493,0.038077969174977334,0.340080971659919,0.9275384589117109
-2.6055206162703755,0.038356164383561646,0.340080971659919,0.9280848230292476
-2.577698830653258,0.038629570016095655,0.340080971659919,0.9286141132681112
-2.5498770450361405,0.038933951332560834,0.340080971659919,0.9291946251429938
-2.522055259419023,0.03925233644859813,0.340080971659919,0.9297922108965494
-2.4942334738019056,0.03929411764705883,0.33805668016194335,0.9302873533780669
-2.4664116881847917,0.039327173655531865,0.3360323886639676,0.9307654219809114
-2.4385899025676743,0.039285714285714285,0.3340080971659919,0.9311068995543718
-2.410768116950557,0.03961584633853541,0.3340080971659919,0.9317044853079274
-2.3829463313334394,0.03936247283264912,0.3299595141700405,0.9320801106387337
-2.355124545716322,0.03927787265186631,0.3259109311740891,0.9327630657856545
-2.3273027600992044,0.0396356474643033,0.3259109311740891,0.9333947992965562
-2.299480974482087,0.039950372208436724,0.3259109311740891,0.9339411634140928
-2.2716591888649695,0.04013961605584642,0.3259109311740891,0.9342655671088801
-2.2438374032478556,0.040421792618629174,0.3259109311740891,0.9347436357117246
-2.216015617630738,0.04043467273186758,0.32388663967611336,0.9351704826785501
-2.1881938320136207,0.03994910941475827,0.31781376518218624,0.9355802557667026
-2.1603720463965033,0.03971304125032027,0.31376518218623484,0.9360071027335279
-2.132550260779386,0.039660056657223795,0.3117408906882591,0.9363315064283153
-2.1047284751622684,0.039886039886039885,0.3117408906882591,0.9367071317591217
-2.076906689545151,0.03985412867934358,0.3097165991902834,0.937065683211255
-2.0490849039280334,0.040104849279161206,0.3097165991902834,0.9374754562994075
-2.021263118310916,0.04050833995234313,0.3097165991902834,0.9381242636889823
-1.993441332693802,0.04054414510536143,0.3076923076923077,0.9385852584131538
-1.9656195470766846,0.04040948275862069,0.30364372469635625,0.9391828441667094
-1.9377977614595672,0.040206465634338495,0.29959514170040485,0.9396779866482269
-1.9099759758424497,0.04024089789214345,0.2975708502024291,0.9401389813723984
-1.8821541902253323,0.04029809550096605,0.29554655870445345,0.9406341238539159
-1.8543324046082148,0.04054429325187448,0.29554655870445345,0.9410097491847222
-1.8265106189910973,0.040268456375838924,0.291497975708502,0.9414024483942017
-1.79868883337398,0.04047217537942664,0.291497975708502,0.941709778210316
-1.770867047756866,0.04071246819338423,0.291497975708502,0.9420683296624495
-1.7430452621397485,0.040978941377347755,0.291497975708502,0.9424610288719288
-1.715223476522631,0.041189931350114416,0.291497975708502,0.9427683586880432
-1.6874016909055136,0.04139120436907157,0.291497975708502,0.9430586146254845
-1.6595799052883962,0.041606472117885006,0.291497975708502,0.9433659444415988
-1.6317581196712787,0.04194581998252257,0.291497975708502,0.9438440130444433
-1.6039363340541613,0.04196009389671362,0.2894736842105263,0.9442537861325957
-1.5761145484370438,0.041986989946777055,0.2874493927125506,0.9446806330994212
-1.54829276281993,0.042261904761904764,0.2874493927125506,0.9450562584302276
-1.5204709772028124,0.04254044337926902,0.2874493927125506,0.945431883761034
-1.492649191585695,0.042598187311178246,0.2854251012145749,0.9458928784852055
-1.4648274059685775,0.04289625798600548,0.2854251012145749,0.9462855776946849
-1.43700562035146,0.042971147943523635,0.2834008097165992,0.9467636462975294
-1.4091838347343426,0.043357076494270674,0.2834008097165992,0.9472587887790469
-1.3813620491172252,0.04307116104868914,0.2793522267206478,0.9476514879885264
-1.3535402635001077,0.04345088161209068,0.2793522267206478,0.9481295565913709
-1.3257184778829902,0.04375396322130628,0.2793522267206478,0.9485051819221773
-1.2978966922658763,0.043963045555909526,0.2793522267206478,0.9487612901022725
-1.2700749066487589,0.044372990353697746,0.2793522267206478,0.9492564325837901
-1.2422531210316414,0.04474708171206226,0.2793522267206478,0.9497003534292885
-1.214431335414524,0.04469820554649266,0.2773279352226721,0.9500076832454029
-1.1866095497974065,0.045050970075633016,0.2773279352226721,0.9504174563335553
-1.158787764180289,0.04489930670188181,0.27530364372469635,0.9506052689989585
-1.1309659785631716,0.044850498338870434,0.2732793522267207,0.9509125988150728
-1.1031441929460541,0.04489112227805695,0.27125506072874495,0.9513223719032252
-1.0753224073289402,0.04523970290344362,0.27125506072874495,0.9517150711127047
-1.0475006217118228,0.04520734194425561,0.2692307692307692,0.9520394748074921
-1.0196788360947053,0.045423497267759565,0.2692307692307692,0.9522785091089143
-0.9918570504775879,0.045470203238029624,0.26720647773279355,0.9526882821970667
-0.9640352648604704,0.04539154539154539,0.2651821862348178,0.952961464255835
-0.936213479243353,0.045199719691660825,0.2611336032388664,0.9534736806160256
-0.9083916936262355,0.04499121265377856,0.2591093117408907,0.9536102716454097
-0.880569908009118,0.045373980857851826,0.2591093117408907,0.9540200447335622
-0.8527481223920041,0.045584045584045586,0.2591093117408907,0.9542420051563114
-0.8249263367748867,0.04547081990691013,0.25708502024291496,0.9544810394577337
-0.7971045511577692,0.045898084568124324,0.25708502024291496,0.954924960303232
-0.7692827655406518,0.04590163934426229,0.2550607287449393,0.9552835117553654
-0.7414609799235343,0.045737285034760336,0.25303643724696356,0.9554713244207687
-0.7136391943064169,0.045638571954361426,0.25101214574898784,0.9557274326008639
-0.6858174086892994,0.04579025110782865,0.25101214574898784,0.9558810975089211
-0.657995623072182,0.04606240713224369,0.25101214574898784,0.9561542795676894
-0.6301738374550645,0.04635514018691589,0.25101214574898784,0.9564445355051308
-0.6023520518379506,0.046546546546546545,0.25101214574898784,0.9566323481705339
-0.5745302662208331,0.046485260770975055,0.24898785425101214,0.9569226041079752
-0.5467084806037157,0.046476190476190476,0.24696356275303644,0.9572640816814356
-0.5188866949865982,0.04683301343570057,0.24696356275303644,0.957605559254896
-0.4910649093694808,0.04712244109694863,0.24696356275303644,0.9578787413136642
-0.4632431237523633,0.047231900890437474,0.24696356275303644,0.9579811845857024
-0.43542133813524586,0.04672897196261682,0.242914979757085,0.9582031450084516
-0.4075995525181284,0.04631083202511774,0.2388663967611336,0.9585104748245659
-0.3797777669010145,0.04660347551342812,0.2388663967611336,0.9587836568833342
-0.35195598128389705,0.046974522292993634,0.2388663967611336,0.9591251344567946
-0.3241341956667796,0.046875,0.23684210526315788,0.9593812426368898
-0.29631241004966213,0.046906591184795794,0.23481781376518218,0.9597568679676962
-0.2684906244325447,0.047192839707078924,0.23481781376518218,0.9600129761477915
-0.24066883881542722,0.047404985696771554,0.23481781376518218,0.9602007888131947
-0.21284705319830977,0.047736625514403296,0.23481781376518218,0.960491044750636
-0.1850252675811923,0.04807293825113966,0.23481781376518218,0.9607813006880773
-0.1572034819640784,0.047976637463496036,0.23279352226720648,0.9610374088681726
-0.12938169634696095,0.04829903401931961,0.23279352226720648,0.9613105909269408
-0.1015599107298435,0.04858470637938318,0.23279352226720648,0.9615496252283632
-0.07373812511272604,0.047619047619047616,0.22672064777327935,0.9617545117724393
-0.04591633949560858,0.04790419161676647,0.22672064777327935,0.9619935460738616
-0.018094553878491126,0.047311827956989246,0.22267206477732793,0.9621813587392648
0.00972723173862633,0.04759844223279965,0.22267206477732793,0.962420393040687
0.037549017355743786,0.04778453518679409,0.22267206477732793,0.9625740579487442
0.06537080297286124,0.04780701754385965,0.22064777327935223,0.9629326094008775
0.09319258858997514,0.0481661511268228,0.22064777327935223,0.9632228653383189
0.1210143742070926,0.04855233853006682,0.22064777327935223,0.9635301951544333
0.14883615982421006,0.04832214765100671,0.21862348178137653,0.9636838600624904
0.1766579454413275,0.04826341903473162,0.2165991902834008,0.9639741159999317
0.20447973105844497,0.04863636363636364,0.2165991902834008,0.964264371937373
0.23230151667556243,0.048836147877681424,0.2165991902834008,0.9644180368454301
0.2601233022926799,0.04908256880733945,0.2165991902834008,0.9646058495108334
0.28794508790979734,0.04905136510874595,0.2145748987854251,0.9649131793269478
0.31576687352691124,0.049394221808014914,0.2145748987854251,0.965169287507043
0.3435886591440287,0.049602246139447824,0.2145748987854251,0.9653229524151001
0.37141044476114615,0.05002359603586597,0.2145748987854251,0.9656302822312145
0.3992322303782636,0.04983388704318937,0.2125506072874494,0.9658180948966176
0.42705401599538106,0.04973696795791487,0.21052631578947367,0.966074203076713
0.4548758016124985,0.04956689124157844,0.20850202429149797,0.9662790896207891
0.482697587229616,0.049830672472181904,0.20850202429149797,0.9664669022861924
0.5105193728467334,0.05031753786028334,0.20850202429149797,0.9668083798596527
0.5383411584638473,0.05019685039370079,0.20647773279352227,0.967047414161075
0.5661629440809648,0.050595238095238096,0.20647773279352227,0.9673205962198432
0.5939847296980822,0.050323866467364226,0.20445344129554655,0.9674571872492274
0.6218065153151997,0.05075376884422111,0.20445344129554655,0.9677474431866687
0.6496283009323172,0.051061678463094035,0.20445344129554655,0.967952329730745
0.6774500865494346,0.0508646998982706,0.20242914979757085,0.9681401423961481
0.7052718721665521,0.05066530194472876,0.20040485829959515,0.9683279550615513
0.7330936577836695,0.05137519460300986,0.20040485829959515,0.9687889497857228
0.760915443400787,0.0515625,0.20040485829959515,0.968908466936434
0.7887372290179009,0.05180533751962323,0.20040485829959515,0.9690621318444911
0.8165590146350183,0.05224274406332454,0.20040485829959515,0.9693353139032594
0.8443808002521358,0.05263157894736842,0.20040485829959515,0.9695743482046817
0.8722025858692533,0.052434456928838954,0.19838056680161945,0.9697621608700848
0.9000243714863707,0.05268817204301075,0.19838056680161945,0.9699158257781421
0.9278461571034882,0.05303030303030303,0.19838056680161945,0.9701207123222182
0.9556679427206056,0.0528322440087146,0.19635627530364372,0.9703085249876214
0.9834897283377231,0.052976515565264885,0.19635627530364372,0.9703938943809866
1.011311513954837,0.05326743547501373,0.19635627530364372,0.9705646331677167
1.0391332995719544,0.05368013281682346,0.19635627530364372,0.9708036674691389
1.066955085189072,0.053631284916201116,0.19433198380566802,0.9710768495279073
1.0947768708061894,0.05390230207748456,0.19433198380566802,0.9712305144359644
1.1225986564233068,0.05423728813559322,0.19433198380566802,0.9714183271013677
1.1504204420404243,0.05454545454545454,0.19433198380566802,0.9715890658880978
1.1782422276575417,0.05434782608695652,0.19230769230769232,0.971776878553501
1.2060640132746592,0.05469199769717904,0.19230769230769232,0.9719646912189042
1.233885798891773,0.05516840882694541,0.19230769230769232,0.9722207993989995
1.2617075845088905,0.05481049562682216,0.1902834008097166,0.9723232426710375
1.289529370126008,0.05509964830011723,0.1902834008097166,0.9724769075790948
1.3173511557431254,0.0553918680023571,0.1902834008097166,0.9726305724871519
1.345172941360243,0.055819477434679333,0.1902834008097166,0.9728525329099011
1.3729947269773604,0.05555555555555555,0.1882591093117409,0.9730061978179583
1.4008165125944778,0.05472038484666266,0.18421052631578946,0.9731598627260155
1.4286382982115953,0.05495169082125604,0.18421052631578946,0.9732793798767266
1.4564600838287127,0.05461165048543689,0.18218623481781376,0.9733988970274378
1.4842818694458266,0.054434250764525995,0.18016194331983806,0.9736037835715139
1.512103655062944,0.05415384615384616,0.17813765182186234,0.9737574484795711
1.5399254406800615,0.05455672659640422,0.17813765182186234,0.9739623350236474
1.567747226297179,0.05444305381727159,0.17611336032388664,0.9742013693250696
1.5955690119142965,0.054682589566310495,0.17611336032388664,0.9743208864757807
1.623390797531414,0.05432722678458623,0.17408906882591094,0.9744404036264919
1.6512125831485314,0.0540368722186904,0.1720647773279352,0.974594068534549
1.6790343687656488,0.05448717948717949,0.1720647773279352,0.9748160289572982
1.7068561543827627,0.054980595084087966,0.1720647773279352,0.9750550632587205
1.7346779399998802,0.05458089668615984,0.1700404858299595,0.9751575065307586
1.7624997256169976,0.05504587155963303,0.1700404858299595,0.9753794669535079
1.790321511234115,0.055408970976253295,0.1700404858299595,0.975550205740238
1.8181432968512325,0.05444887118193891,0.1659919028340081,0.9756867967696221
1.84596508246835,0.05473965287049399,0.1659919028340081,0.9758233877990063
1.8737868680854675,0.055070517125587644,0.1659919028340081,0.9759770527070635
1.901608653702585,0.05548037889039242,0.1659919028340081,0.9761648653724667
1.9294304393196988,0.05593451568894952,0.1659919028340081,0.9763697519165428
1.9572522249368163,0.056164383561643834,0.1659919028340081,0.976472195188581
1.9850740105539337,0.05659075224292615,0.1659919028340081,0.9766600078539842
2.012895796171051,0.05694444444444444,0.1659919028340081,0.9768136727620413
2.0407175817881686,0.0573025856044724,0.1659919028340081,0.9769673376700985
2.068539367405286,0.057705840957072485,0.1659919028340081,0.9771380764568287
2.0963611530224036,0.05803255484784147,0.1659919028340081,0.9772746674862128
2.124182938639521,0.0584045584045584,0.1659919028340081,0.97742833239427
2.1520047242566385,0.05857142857142857,0.1659919028340081,0.9774966279089621
2.1798265098737524,0.05793991416309013,0.16396761133603238,0.9775137017876351
2.20764829549087,0.05695746214852199,0.15991902834008098,0.9776673666956922
2.2354700811079873,0.056439942112879886,0.15789473684210525,0.9777356622103843
2.2632918667251047,0.05693430656934306,0.15789473684210525,0.9779405487544606
2.291113652342222,0.05726872246696035,0.15789473684210525,0.9780771397838447
2.3189354379593397,0.0568685376661743,0.15587044534412955,0.9781966569345558
2.346757223576457,0.057206537890044575,0.15587044534412955,0.97833324796394
2.3745790091935746,0.05675877520537715,0.15384615384615385,0.9784356912359781
2.4024007948106885,0.05718585402558315,0.15384615384615385,0.9786064300227083
2.430222580427806,0.05757575757575758,0.15384615384615385,0.9787600949307654
2.4580443660449234,0.057971014492753624,0.15384615384615385,0.9789137598388226
2.485866151662041,0.05846153846153846,0.15384615384615385,0.9791015725042258
2.5136879372791583,0.059006211180124224,0.15384615384615385,0.979306459048302
2.5415097228962757,0.059190031152647975,0.15384615384615385,0.979374754562994
2.569331508513393,0.05785770132916341,0.14979757085020243,0.9794259761990132
2.5971532941305107,0.05803921568627451,0.14979757085020243,0.9794942717137052
2.6249750797476246,0.057570977917981075,0.14777327935222673,0.9795967149857433
2.652796865364742,0.05789056304520222,0.14777327935222673,0.9797162321364544
2.6806186509818595,0.058353317346123104,0.14777327935222673,0.9798869709231847
2.708440436598977,0.058823529411764705,0.14777327935222673,0.9800577097099148
2.7362622222160944,0.05915721231766612,0.14777327935222673,0.9801772268606259
2.764084007833212,0.05954323001631321,0.14777327935222673,0.98031381789001
2.7919057934503257,0.05988515176374077,0.14777327935222673,0.9804333350407212
2.8197275790674468,0.06028075970272502,0.14777327935222673,0.9805699260701053
2.8475493646845607,0.06048053024026512,0.14777327935222673,0.9806382215847974
2.8753711503016817,0.06073211314475874,0.14777327935222673,0.9807235909781625
2.9031929359187956,0.06134453781512605,0.14777327935222673,0.9809284775222388
2.9310147215359166,0.06165540540540541,0.14777327935222673,0.9810309207942768
2.9588365071530305,0.06186440677966102,0.14777327935222673,0.9810992163089689
2.9866582927701444,0.06143344709897611,0.145748987854251,0.98121873345968
3.0144800783872654,0.061855670103092786,0.145748987854251,0.9813553244890642
3.0423018640043793,0.06233766233766234,0.145748987854251,0.9815089893971214
3.0701236496215003,0.062882096069869,0.145748987854251,0.9816797281838515
3.097945435238614,0.0632688927943761,0.145748987854251,0.9817992453345626
3.125767220855735,0.06371681415929203,0.145748987854251,0.9819358363639468
3.153589006472849,0.06311111111111112,0.1437246963562753,0.9820041318786389
3.18141079208997,0.06367713004484304,0.1437246963562753,0.982174870665369
3.209232577707084,0.06413730803974707,0.1437246963562753,0.9823114616947533
3.237054363324198,0.06442831215970962,0.1437246963562753,0.9823968310881183
3.264876148941319,0.06381039197812215,0.1417004048582996,0.9824651266028104
3.292697934558433,0.0641025641025641,0.1417004048582996,0.9825504959961755
3.320519720175554,0.06439742410303588,0.1417004048582996,0.9826358653895405
3.3483415057926678,0.06475485661424607,0.1417004048582996,0.9827383086615786
3.3761632914097888,0.0641860465116279,0.1396761133603239,0.9828236780549438
3.4039850770269027,0.06454630495790459,0.1396761133603239,0.9829261213269819
3.4318068626440166,0.06515580736543909,0.1396761133603239,0.983096860113712
3.4596286482611376,0.06571428571428571,0.1396761133603239,0.9832505250217692
3.4874504338782515,0.06621880998080615,0.1396761133603239,0.9833871160511534
3.5152722194953725,0.06634615384615385,0.1396761133603239,0.9834212638084994
3.5430940051124864,0.06712062256809338,0.1396761133603239,0.9836261503525756
3.5709157907296074,0.06679764243614932,0.13765182186234817,0.9837798152606327
3.5987375763467213,0.06699507389162561,0.13765182186234817,0.9838310368966519
3.6265593619638423,0.06726013847675569,0.13765182186234817,0.9838993324113439
3.6543811475809562,0.06686626746506986,0.13562753036437247,0.984035923440728
3.68220293319807,0.06706706706706707,0.13562753036437247,0.9840871450767471
3.710024718815191,0.06740442655935613,0.13562753036437247,0.9841725144701122
3.737846504432305,0.06788247213779129,0.13562753036437247,0.9842920316208233
3.765668290049426,0.06836734693877551,0.13562753036437247,0.9844115487715345
3.79349007566654,0.06893004115226338,0.13562753036437247,0.9845481398009186
3.821311861283661,0.06928645294725956,0.13562753036437247,0.9846335091942837
3.849133646900775,0.06964656964656965,0.13562753036437247,0.9847188785876487
3.876955432517896,0.06903765690376569,0.13360323886639677,0.9848042479810138
3.9047772181350098,0.06925498426023086,0.13360323886639677,0.9848554696170329
3.9325990037521237,0.06954689146469968,0.13360323886639677,0.984923765131725
3.9604207893692447,0.07006369426751592,0.13360323886639677,0.9850432822824361
3.9882425749863586,0.06944444444444445,0.13157894736842105,0.9851286516758012
4.01606436060348,0.069593147751606,0.13157894736842105,0.9851627994331472
4.0438861462205935,0.06996770721205597,0.13157894736842105,0.9852481688265123
4.0717079318377145,0.07049891540130152,0.13157894736842105,0.9853676859772235
4.099529717454828,0.07119386637458927,0.13157894736842105,0.9855213508852806
4.127351503071942,0.07150715071507151,0.13157894736842105,0.9855896463999727
4.155173288689063,0.07087486157253599,0.12955465587044535,0.9856750157933378
4.182995074306177,0.07150837988826815,0.12955465587044535,0.985811606822722
4.210816859923298,0.0719910011248594,0.12955465587044535,0.9859140500947601
4.238638645540412,0.07281001137656427,0.12955465587044535,0.9860847888814902
4.266460431157533,0.07331042382588775,0.12955465587044535,0.9861872321535283
4.294282216774647,0.07364787111622555,0.12955465587044535,0.9862555276682204
4.322104002391768,0.07381776239907728,0.12955465587044535,0.9862896754255664
4.349925788008882,0.0743321718931475,0.12955465587044535,0.9863921186976046
4.377747573625996,0.07467911318553092,0.12955465587044535,0.9864604142122966
4.405569359243117,0.07377049180327869,0.12753036437246965,0.9864945619696427
4.433391144860231,0.07345971563981042,0.12550607287449392,0.9866482268776998
4.461212930477352,0.07389749702026222,0.12550607287449392,0.9867335962710649
4.489034716094466,0.07434052757793765,0.12550607287449392,0.98681896566443
4.516856501711587,0.07451923076923077,0.12550607287449392,0.9868531134217761
4.544678287328701,0.0735826296743064,0.12348178137651822,0.9868872611791221
4.572500072945822,0.07290400972053462,0.1214574898785425,0.9869726305724872
4.6003218585629355,0.07212713936430318,0.1194331983805668,0.9870409260871792
4.628143644180049,0.07134071340713408,0.11740890688259109,0.9871092216018713
4.65596542979717,0.07178217821782178,0.11740890688259109,0.9871945909952364
4.683787215414284,0.07196029776674938,0.11740890688259109,0.9872287387525824
4.711609001031405,0.07259073842302878,0.11740890688259109,0.9873482559032936
4.739430786648519,0.0729559748427673,0.11740890688259109,0.9874165514179857
4.76725257226564,0.07332490518331226,0.11740890688259109,0.9874848469326777
4.795074357882754,0.0737913486005089,0.11740890688259109,0.9875702163260428
4.822896143499868,0.07435897435897436,0.11740890688259109,0.9876726595980809
4.850717929116989,0.07503234152652005,0.11740890688259109,0.987792176748792
4.878539714734103,0.07552083333333333,0.11740890688259109,0.9878775461421571
4.906361500351224,0.07631578947368421,0.11740890688259109,0.9880141371715413
4.934183285968338,0.07682119205298013,0.11740890688259109,0.9880995065649063
4.962005071585459,0.07733333333333334,0.11740890688259109,0.9881848759582714
4.989826857202573,0.07806191117092867,0.11740890688259109,0.9883043931089825
5.017648642819694,0.07901907356948229,0.11740890688259109,0.9884580580170397
5.045470428436808,0.08011049723756906,0.11740890688259109,0.9886287968037699
5.073292214053922,0.0807799442896936,0.11740890688259109,0.988731240075808
5.101113999671043,0.08146067415730338,0.11740890688259109,0.9888336833478462
5.1289357852881565,0.08169014084507042,0.11740890688259109,0.9888678311051922
5.1567575709052775,0.08203677510608204,0.11740890688259109,0.9889190527412112
5.184579356522391,0.08262108262108261,0.11740890688259109,0.9890044221345763
5.2124011421395124,0.0815450643776824,0.11538461538461539,0.9890385698919224
5.240222927756626,0.08045977011494253,0.11336032388663968,0.9890727176492684
5.268044713373747,0.0792507204610951,0.11133603238866396,0.9890897915279414
5.295866498990861,0.07947976878612717,0.11133603238866396,0.9891239392852874
5.323688284607975,0.07860262008733625,0.10931174089068826,0.9891922347999795
5.351510070225096,0.07917888563049853,0.10931174089068826,0.9892776041933447
5.37933185584221,0.07941176470588235,0.10931174089068826,0.9893117519506907
5.407153641459331,0.07988165680473373,0.10931174089068826,0.9893800474653827
5.434975427076445,0.08035714285714286,0.10931174089068826,0.9894483429800748
5.462797212693566,0.08108108108108109,0.10931174089068826,0.9895507862521129
5.49061899831068,0.07993966817496229,0.10728744939271255,0.9895849340094589
5.518440783927794,0.08054711246200608,0.10728744939271255,0.989670303402824
5.546262569544915,0.07987711213517665,0.10526315789473684,0.9897727466748621
5.574084355162029,0.07906976744186046,0.10323886639676114,0.9898581160682273
5.60190614077915,0.0794392523364486,0.10323886639676114,0.9899093377042463
5.629727926396264,0.0796875,0.10323886639676114,0.9899434854615923
5.657549712013385,0.0796875,0.10323886639676114,0.9899434854615923
5.6853714976304985,0.08006279434850863,0.10323886639676114,0.9899947070976114
5.7131932832476195,0.0804416403785489,0.10323886639676114,0.9900459287336304
5.7410150688647335,0.08095238095238096,0.10323886639676114,0.9901142242483225
5.768836854481847,0.08108108108108109,0.10323886639676114,0.9901312981269955
5.796658640098968,0.08,0.10121457489878542,0.9901825197630145
5.824480425716082,0.07568438003220612,0.0951417004048583,0.9901995936416876
5.852302211333203,0.07592891760904685,0.0951417004048583,0.9902337413990336
5.880123996950317,0.0762987012987013,0.0951417004048583,0.9902849630350526
5.907945782567438,0.07679738562091504,0.0951417004048583,0.9903532585497448
5.935767568184552,0.07679738562091504,0.0951417004048583,0.9903532585497448
5.963589353801673,0.07730263157894737,0.0951417004048583,0.9904215540644368
5.991411139418787,0.07768595041322314,0.0951417004048583,0.9904727757004559
6.019232925035901,0.07833333333333334,0.0951417004048583,0.990558145093821
6.047054710653022,0.07885906040268456,0.0951417004048583,0.990626440608513
6.074876496270136,0.07939189189189189,0.0951417004048583,0.9906947361232051
6.102698281887257,0.07979626485568761,0.0951417004048583,0.9907459577592241
6.130520067504371,0.08034188034188035,0.0951417004048583,0.9908142532739163
6.158341853121492,0.08117443868739206,0.0951417004048583,0.9909166965459544
6.186163638738606,0.08,0.0931174089068826,0.9909679181819734
6.2139854243557195,0.08027923211169284,0.0931174089068826,0.9910020659393194
6.2418072099728406,0.0812720848056537,0.0931174089068826,0.9911215830900305
6.2696289955899545,0.08199643493761141,0.0931174089068826,0.9912069524833956
6.2974507812070755,0.08228980322003578,0.0931174089068826,0.9912411002407416
6.325272566824189,0.08258527827648116,0.0931174089068826,0.9912752479980877
6.35309435244131,0.08303249097472924,0.0931174089068826,0.9913264696341068
6.380916138058424,0.08333333333333333,0.0931174089068826,0.9913606173914529
6.408737923675545,0.08394160583941605,0.0931174089068826,0.9914289129061449
6.436559709292659,0.08409506398537477,0.0931174089068826,0.9914459867848179
6.464381494909773,0.08409506398537477,0.0931174089068826,0.9914459867848179
6.492203280526894,0.08256880733944955,0.09109311740890688,0.9914630606634909
6.520025066144008,0.08302583025830258,0.09109311740890688,0.99151428229951
6.547846851761129,0.08364312267657993,0.09109311740890688,0.991582577814202
6.575668637378243,0.08411214953271028,0.09109311740890688,0.9916337994502211
6.603490422995364,0.08333333333333333,0.08906882591093117,0.9917362427222592
6.631312208612478,0.08365019011406843,0.08906882591093117,0.9917703904796052
6.659133994229599,0.0841300191204589,0.08906882591093117,0.9918216121156243
6.686955779846713,0.08253358925143954,0.08704453441295547,0.9918386859942974
6.714777565463827,0.08253358925143954,0.08704453441295547,0.9918386859942974
6.742599351080948,0.08301158301158301,0.08704453441295547,0.9918899076303164
6.770421136698062,0.08139534883720931,0.08502024291497975,0.9919069815089894
6.798242922315183,0.0821917808219178,0.08502024291497975,0.9919923509023545
6.8260647079322965,0.08284023668639054,0.08502024291497975,0.9920606464170466
6.8538864935494175,0.08316831683168317,0.08502024291497975,0.9920947941743926
6.881708279166531,0.08216432865731463,0.08299595141700405,0.9921801635677577
6.909530064783645,0.08080808080808081,0.08097165991902834,0.9922313852037767
6.937351850400766,0.08130081300813008,0.08097165991902834,0.9922826068397957
6.96517363601788,0.07991803278688525,0.07894736842105263,0.9923338284758149
6.992995421635001,0.07835051546391752,0.07692307692307693,0.9923679762331609
7.020817207252115,0.07867494824016563,0.07692307692307693,0.9924021239905069
7.048638992869236,0.079002079002079,0.07692307692307693,0.992436271747853
7.07646077848635,0.07740585774058577,0.07489878542510121,0.992470419505199
7.104282564103471,0.07789473684210527,0.07489878542510121,0.9925216411412181
7.132104349720585,0.07822410147991543,0.07489878542510121,0.9925557888985641
7.159926135337699,0.07889125799573561,0.07489878542510121,0.9926240844132561
7.18774792095482,0.07939914163090128,0.07489878542510121,0.9926753060492752
7.215569706571934,0.07758620689655173,0.0728744939271255,0.9926923799279482
7.243391492189055,0.07809110629067245,0.0728744939271255,0.9927436015639672
7.271213277806169,0.0784313725490196,0.0728744939271255,0.9927777493213134
7.29903506342329,0.07912087912087912,0.0728744939271255,0.9928460448360054
7.326856849040404,0.0801781737193764,0.0728744939271255,0.9929484881080435
7.354678634657525,0.08071748878923767,0.0728744939271255,0.9929997097440626
7.3825004202746385,0.08144796380090498,0.0728744939271255,0.9930680052587546
7.410322205891752,0.08237986270022883,0.0728744939271255,0.9931533746521197
7.438143991508873,0.08064516129032258,0.0708502024291498,0.9931875224094657
7.465965777125987,0.08196721311475409,0.0708502024291498,0.9933070395601769
7.493787562743108,0.08215962441314555,0.0708502024291498,0.9933241134388499
7.521609348360222,0.08274231678486997,0.0708502024291498,0.993375335074869
7.549431133977343,0.07932692307692307,0.06680161943319839,0.9934607044682341
7.577252919594457,0.07951807228915662,0.06680161943319839,0.9934777783469071
7.605074705211571,0.07990314769975787,0.06680161943319839,0.9935119261042531
7.632896490828692,0.08029197080291971,0.06680161943319839,0.9935460738615991
7.660718276445806,0.08068459657701711,0.06680161943319839,0.9935802216189452
7.688540062062927,0.08068459657701711,0.06680161943319839,0.9935802216189452
7.716361847680041,0.08188585607940446,0.06680161943319839,0.9936826648909833
7.744183633297162,0.08270676691729323,0.06680161943319839,0.9937509604056753
7.772005418914276,0.08270676691729323,0.06680161943319839,0.9937509604056753
7.799827204531397,0.0810126582278481,0.06477732793522267,0.9938021820416945
7.827648990148511,0.08205128205128205,0.06477732793522267,0.9938875514350595
7.855470775765625,0.08247422680412371,0.06477732793522267,0.9939216991924056
7.883292561382746,0.08247422680412371,0.06477732793522267,0.9939216991924056
7.9111143469998595,0.08311688311688312,0.06477732793522267,0.9939729208284246
7.9389361326169805,0.08333333333333333,0.06477732793522267,0.9939899947070976
7.966757918234094,0.08376963350785341,0.06477732793522267,0.9940241424644436
7.994579703851215,0.08443271767810026,0.06477732793522267,0.9940753641004627
8.02240148946833,0.08465608465608465,0.06477732793522267,0.9940924379791357
8.05022327508545,0.0855614973262032,0.06477732793522267,0.9941607334938278
8.078045060702564,0.08579088471849866,0.06477732793522267,0.9941778073725008
8.105866846319678,0.08579088471849866,0.06477732793522267,0.9941778073725008
8.1336886319368,0.08401084010840108,0.06275303643724696,0.9942290290085198
8.161510417553913,0.08493150684931507,0.06275303643724696,0.994297324523212
8.189332203171034,0.0856353591160221,0.06275303643724696,0.994348546159231
8.217153988788148,0.08683473389355742,0.06275303643724696,0.9944339155525961
8.244975774405269,0.08781869688385269,0.06275303643724696,0.9945022110672882
8.272797560022383,0.08857142857142856,0.06275303643724696,0.9945534327033072
8.300619345639497,0.08670520231213873,0.06072874493927125,0.9946046543393262
8.328441131256618,0.08771929824561403,0.06072874493927125,0.9946729498540183
8.356262916873732,0.08823529411764706,0.06072874493927125,0.9947070976113643
8.384084702490853,0.08849557522123894,0.06072874493927125,0.9947241714900374
8.411906488107967,0.08902077151335312,0.06072874493927125,0.9947583192473834
8.439728273725088,0.08955223880597014,0.06072874493927125,0.9947924670047295
8.467550059342202,0.09009009009009009,0.06072874493927125,0.9948266147620755
8.495371844959323,0.09036144578313253,0.06072874493927125,0.9948436886407486
8.523193630576436,0.09063444108761329,0.06072874493927125,0.9948607625194216
8.55101541619355,0.09146341463414634,0.06072874493927125,0.9949119841554406
8.578837201810671,0.09174311926605505,0.06072874493927125,0.9949290580341136
8.606658987427785,0.09259259259259259,0.06072874493927125,0.9949802796701327
8.634480773044906,0.09345794392523364,0.06072874493927125,0.9950315013061517
8.66230255866202,0.09404388714733543,0.06072874493927125,0.9950656490634977
8.690124344279141,0.09523809523809523,0.06072874493927125,0.9951339445781898
8.717946129896255,0.09523809523809523,0.06072874493927125,0.9951339445781898
8.745767915513376,0.0967741935483871,0.06072874493927125,0.9952193139715549
8.77358970113049,0.0970873786407767,0.06072874493927125,0.9952363878502279
8.801411486747604,0.0970873786407767,0.06072874493927125,0.9952363878502279
8.829233272364725,0.09740259740259741,0.06072874493927125,0.995253461728901
8.857055057981839,0.09771986970684039,0.06072874493927125,0.995270535607574
8.88487684359896,0.09868421052631579,0.06072874493927125,0.9953217572435931
8.912698629216074,0.09933774834437085,0.06072874493927125,0.9953559050009391
8.940520414833195,0.1,0.06072874493927125,0.9953900527582851
8.968342200450309,0.09764309764309764,0.058704453441295545,0.9954242005156312
8.996163986067423,0.09556313993174062,0.05668016194331984,0.9954754221516502
9.023985771684544,0.09621993127147767,0.05668016194331984,0.9955095699089962
9.051807557301657,0.09621993127147767,0.05668016194331984,0.9955095699089962
9.079629342918778,0.0975609756097561,0.05668016194331984,0.9955778654236883
9.107451128535892,0.0975609756097561,0.05668016194331984,0.9955778654236883
9.135272914153013,0.09824561403508772,0.05668016194331984,0.9956120131810343
9.163094699770127,0.09859154929577464,0.05668016194331984,0.9956290870597073
9.190916485387248,0.099644128113879,0.05668016194331984,0.9956803086957264
9.218738271004362,0.099644128113879,0.05668016194331984,0.9956803086957264
9.246560056621476,0.10071942446043165,0.05668016194331984,0.9957315303317454
9.274381842238597,0.10108303249097472,0.05668016194331984,0.9957486042104184
9.302203627855711,0.10108303249097472,0.05668016194331984,0.9957486042104184
9.330025413472832,0.10181818181818182,0.05668016194331984,0.9957827519677646
9.357847199089946,0.10294117647058823,0.05668016194331984,0.9958339736037836
9.385668984707067,0.1033210332103321,0.05668016194331984,0.9958510474824566
9.41349077032418,0.1037037037037037,0.05668016194331984,0.9958681213611296
9.441312555941302,0.1037037037037037,0.05668016194331984,0.9958681213611296
9.469134341558416,0.10486891385767791,0.05668016194331984,0.9959193429971487
9.49695612717553,0.10606060606060606,0.05668016194331984,0.9959705646331677
9.52477791279265,0.10727969348659004,0.05668016194331984,0.9960217862691868
9.552599698409765,0.10727969348659004,0.05668016194331984,0.9960217862691868
9.580421484026886,0.10852713178294573,0.05668016194331984,0.9960730079052058
9.608243269644,0.10894941634241245,0.05668016194331984,0.9960900817838788
9.63606505526112,0.11067193675889328,0.05668016194331984,0.9961583772985709
9.663886840878234,0.112,0.05668016194331984,0.9962095989345899
9.691708626495348,0.11290322580645161,0.05668016194331984,0.996243746691936
9.71953041211247,0.10975609756097561,0.05465587044534413,0.996260820570609
9.747352197729583,0.10975609756097561,0.05465587044534413,0.996260820570609
9.775173983346704,0.10975609756097561,0.05465587044534413,0.996260820570609
9.802995768963818,0.10975609756097561,0.05465587044534413,0.996260820570609
9.830817554580939,0.1115702479338843,0.05465587044534413,0.9963291160853011
9.858639340198053,0.1125,0.05465587044534413,0.9963632638426472
9.886461125815174,0.1134453781512605,0.05465587044534413,0.9963974115999932
9.914282911432288,0.11063829787234042,0.05263157894736842,0.9964315593573392
9.942104697049402,0.11063829787234042,0.05263157894736842,0.9964315593573392
9.969926482666523,0.11158798283261803,0.05263157894736842,0.9964657071146853
9.997748268283637,0.11206896551724138,0.05263157894736842,0.9964827809933583
10.025570053900758,0.11255411255411256,0.05263157894736842,0.9964998548720313
10.053391839517872,0.11353711790393013,0.05263157894736842,0.9965340026293773
10.081213625134993,0.1145374449339207,0.05263157894736842,0.9965681503867233
10.109035410752107,0.11504424778761062,0.05263157894736842,0.9965852242653964
10.136857196369228,0.11504424778761062,0.05263157894736842,0.9965852242653964
10.164678981986341,0.11504424778761062,0.05263157894736842,0.9965852242653964
10.192500767603455,0.11160714285714286,0.05060728744939271,0.9966022981440694
10.220322553220576,0.11261261261261261,0.05060728744939271,0.9966364459014154
10.24814433883769,0.11363636363636363,0.05060728744939271,0.9966705936587614
10.275966124454811,0.1141552511415525,0.05060728744939271,0.9966876675374344
10.303787910071925,0.11162790697674418,0.048582995951417005,0.9967388891734535
10.331609695689046,0.11320754716981132,0.048582995951417005,0.9967901108094726
10.35943148130616,0.10952380952380952,0.0465587044534413,0.9968071846881456
10.387253266923274,0.11004784688995216,0.0465587044534413,0.9968242585668187
10.415075052540395,0.1111111111111111,0.0465587044534413,0.9968584063241647
10.442896838157509,0.1111111111111111,0.0465587044534413,0.9968584063241647
10.47071862377463,0.11165048543689321,0.0465587044534413,0.9968754802028377
10.498540409391744,0.11219512195121951,0.0465587044534413,0.9968925540815107
10.526362195008865,0.11219512195121951,0.0465587044534413,0.9968925540815107
10.554183980625979,0.11219512195121951,0.0465587044534413,0.9968925540815107
10.5820057662431,0.11219512195121951,0.0465587044534413,0.9968925540815107
10.609827551860214,0.11219512195121951,0.0465587044534413,0.9968925540815107
10.637649337477328,0.11274509803921569,0.0465587044534413,0.9969096279601837
10.665471123094449,0.10837438423645321,0.044534412955465584,0.9969096279601837
10.693292908711562,0.11055276381909548,0.044534412955465584,0.9969779234748758
10.721114694328683,0.11055276381909548,0.044534412955465584,0.9969779234748758
10.748936479945797,0.1116751269035533,0.044534412955465584,0.9970120712322218
10.776758265562918,0.1134020618556701,0.044534412955465584,0.9970632928682409
10.804580051180032,0.1134020618556701,0.044534412955465584,0.9970632928682409
10.832401836797153,0.11458333333333333,0.044534412955465584,0.9970974406255869
10.860223622414267,0.11518324607329843,0.044534412955465584,0.9971145145042599
10.888045408031381,0.11578947368421053,0.044534412955465584,0.9971315883829329
10.915867193648502,0.1164021164021164,0.044534412955465584,0.9971486622616059
10.943688979265616,0.11702127659574468,0.044534412955465584,0.997165736140279
10.971510764882737,0.11764705882352941,0.044534412955465584,0.997182810018952
10.999332550499851,0.11956521739130435,0.044534412955465584,0.997234031654971
11.027154336116972,0.12021857923497267,0.044534412955465584,0.997251105533644
11.054976121734086,0.12087912087912088,0.044534412955465584,0.997268179412317
11.0827979073512,0.11602209944751381,0.04251012145748988,0.997268179412317
11.11061969296832,0.11731843575418995,0.04251012145748988,0.9973023271696632
11.138441478585435,0.11797752808988764,0.04251012145748988,0.9973194010483362
11.166263264202556,0.11864406779661017,0.04251012145748988,0.9973364749270092
11.19408504981967,0.12,0.04251012145748988,0.9973706226843552
11.22190683543679,0.12138728323699421,0.04251012145748988,0.9974047704417013
11.249728621053904,0.12138728323699421,0.04251012145748988,0.9974047704417013
11.277550406671025,0.12209302325581395,0.04251012145748988,0.9974218443203743
11.30537219228814,0.11976047904191617,0.04048582995951417,0.9974901398350663
11.333193977905253,0.12048192771084337,0.04048582995951417,0.9975072137137394
11.361015763522374,0.12048192771084337,0.04048582995951417,0.9975072137137394
11.388837549139488,0.12048192771084337,0.04048582995951417,0.9975072137137394
11.41665933475661,0.11585365853658537,0.038461538461538464,0.9975242875924124
11.444481120373723,0.11801242236024845,0.038461538461538464,0.9975755092284314
11.472302905990844,0.11949685534591195,0.038461538461538464,0.9976096569857774
11.500124691607958,0.12025316455696203,0.038461538461538464,0.9976267308644505
11.527946477225079,0.12179487179487179,0.038461538461538464,0.9976608786217965
11.555768262842193,0.12337662337662338,0.038461538461538464,0.9976950263791425
11.583590048459307,0.12418300653594772,0.038461538461538464,0.9977121002578155
11.611411834076428,0.11920529801324503,0.03643724696356275,0.9977291741364885
11.639233619693542,0.11920529801324503,0.03643724696356275,0.9977291741364885
11.667055405310663,0.11920529801324503,0.03643724696356275,0.9977291741364885
11.694877190927777,0.11409395973154363,0.03441295546558704,0.9977462480151617
11.722698976544898,0.11409395973154363,0.03441295546558704,0.9977462480151617
11.750520762162012,0.11409395973154363,0.03441295546558704,0.9977462480151617
11.778342547779125,0.11409395973154363,0.03441295546558704,0.9977462480151617
11.806164333396246,0.11486486486486487,0.03441295546558704,0.9977633218938347
11.83398611901336,0.11486486486486487,0.03441295546558704,0.9977633218938347
11.861807904630481,0.11486486486486487,0.03441295546558704,0.9977633218938347
11.889629690247595,0.11564625850340136,0.03441295546558704,0.9977803957725077
11.917451475864716,0.11971830985915492,0.03441295546558704,0.9978657651658728
11.94527326148183,0.12142857142857143,0.03441295546558704,0.9978999129232188
11.973095047098951,0.12142857142857143,0.03441295546558704,0.9978999129232188
12.000916832716065,0.12142857142857143,0.03441295546558704,0.9978999129232188
12.028738618333179,0.11594202898550725,0.032388663967611336,0.9979169868018918
12.0565604039503,0.10948905109489052,0.030364372469635626,0.9979169868018918
12.084382189567414,0.10948905109489052,0.030364372469635626,0.9979169868018918
12.112203975184535,0.11029411764705882,0.030364372469635626,0.9979340606805648
12.140025760801649,0.11029411764705882,0.030364372469635626,0.9979340606805648
12.16784754641877,0.11029411764705882,0.030364372469635626,0.9979340606805648
12.195669332035884,0.1111111111111111,0.030364372469635626,0.9979511345592378
12.223491117653005,0.1111111111111111,0.030364372469635626,0.9979511345592378
12.251312903270119,0.11194029850746269,0.030364372469635626,0.9979682084379108
12.279134688887233,0.11194029850746269,0.030364372469635626,0.9979682084379108
12.306956474504354,0.11278195488721804,0.030364372469635626,0.9979852823165839
12.334778260121467,0.11363636363636363,0.030364372469635626,0.9980023561952569
12.362600045738589,0.11450381679389313,0.030364372469635626,0.9980194300739299
12.390421831355702,0.11538461538461539,0.030364372469635626,0.9980365039526029
12.418243616972823,0.11538461538461539,0.030364372469635626,0.9980365039526029
12.446065402589937,0.11538461538461539,0.030364372469635626,0.9980365039526029
12.473887188207051,0.11627906976744186,0.030364372469635626,0.9980535778312759
12.501708973824172,0.11023622047244094,0.02834008097165992,0.9980706517099489
12.529530759441286,0.1111111111111111,0.02834008097165992,0.998087725588622
12.557352545058407,0.112,0.02834008097165992,0.998104799467295
12.585174330675521,0.11290322580645161,0.02834008097165992,0.998121873345968
12.612996116292642,0.11290322580645161,0.02834008097165992,0.998121873345968
12.640817901909756,0.11290322580645161,0.02834008097165992,0.998121873345968
12.668639687526877,0.10655737704918032,0.02631578947368421,0.998138947224641
12.69646147314399,0.10655737704918032,0.02631578947368421,0.998138947224641
12.724283258761105,0.10743801652892562,0.02631578947368421,0.998156021103314
12.752105044378226,0.11016949152542373,0.02631578947368421,0.9982072427393331
12.77992682999534,0.1111111111111111,0.02631578947368421,0.9982243166180061
12.80774861561246,0.1111111111111111,0.02631578947368421,0.9982243166180061
12.835570401229575,0.1111111111111111,0.02631578947368421,0.9982243166180061
12.863392186846696,0.11206896551724138,0.02631578947368421,0.9982413904966791
12.89121397246381,0.11206896551724138,0.02631578947368421,0.9982413904966791
12.91903575808093,0.11206896551724138,0.02631578947368421,0.9982413904966791
12.946857543698044,0.11304347826086956,0.02631578947368421,0.9982584643753522
12.974679329315158,0.11403508771929824,0.02631578947368421,0.9982755382540252
13.00250111493228,0.11403508771929824,0.02631578947368421,0.9982755382540252
13.030322900549393,0.11607142857142858,0.02631578947368421,0.9983096860113712
13.058144686166514,0.11607142857142858,0.02631578947368421,0.9983096860113712
13.085966471783628,0.11607142857142858,0.02631578947368421,0.9983096860113712
13.11378825740075,0.11607142857142858,0.02631578947368421,0.9983096860113712
13.141610043017863,0.11818181818181818,0.02631578947368421,0.9983438337687173
13.169431828634977,0.11214953271028037,0.024291497975708502,0.9983779815260633
13.197253614252098,0.11214953271028037,0.024291497975708502,0.9983779815260633
13.225075399869212,0.11538461538461539,0.024291497975708502,0.9984292031620823
13.252897185486333,0.11538461538461539,0.024291497975708502,0.9984292031620823
13.280718971103447,0.11650485436893204,0.024291497975708502,0.9984462770407554
13.308540756720568,0.11650485436893204,0.024291497975708502,0.9984462770407554
13.336362542337682,0.11764705882352941,0.024291497975708502,0.9984633509194284
13.364184327954803,0.1188118811881188,0.024291497975708502,0.9984804247981014
13.392006113571917,0.12,0.024291497975708502,0.9984974986767744
13.41982789918903,0.12,0.024291497975708502,0.9984974986767744
13.447649684806152,0.12244897959183673,0.024291497975708502,0.9985316464341204
13.475471470423265,0.125,0.024291497975708502,0.9985657941914665
13.503293256040386,0.12631578947368421,0.024291497975708502,0.9985828680701395
13.5311150416575,0.1276595744680851,0.024291497975708502,0.9985999419488125
13.558936827274621,0.12903225806451613,0.024291497975708502,0.9986170158274855
13.586758612891735,0.11956521739130435,0.022267206477732792,0.9986170158274855
13.614580398508856,0.11956521739130435,0.022267206477732792,0.9986170158274855
13.64240218412597,0.12087912087912088,0.022267206477732792,0.9986340897061585
13.670223969743084,0.12087912087912088,0.022267206477732792,0.9986340897061585
13.698045755360205,0.12087912087912088,0.022267206477732792,0.9986340897061585
13.725867540977319,0.12087912087912088,0.022267206477732792,0.9986340897061585
13.75368932659444,0.125,0.022267206477732792,0.9986853113421776
13.781511112211554,0.12941176470588237,0.022267206477732792,0.9987365329781966
13.809332897828675,0.13095238095238096,0.022267206477732792,0.9987536068568696
13.837154683445789,0.13253012048192772,0.022267206477732792,0.9987706807355426
13.864976469062903,0.13253012048192772,0.022267206477732792,0.9987706807355426
13.892798254680024,0.13580246913580246,0.022267206477732792,0.9988048284928888
13.920620040297138,0.13580246913580246,0.022267206477732792,0.9988048284928888
13.948441825914259,0.13580246913580246,0.022267206477732792,0.9988048284928888
13.976263611531373,0.13924050632911392,0.022267206477732792,0.9988389762502348
14.004085397148494,0.13924050632911392,0.022267206477732792,0.9988389762502348
14.031907182765607,0.13924050632911392,0.022267206477732792,0.9988389762502348
14.059728968382728,0.13924050632911392,0.022267206477732792,0.9988389762502348
14.087550753999842,0.13924050632911392,0.022267206477732792,0.9988389762502348
14.115372539616956,0.13924050632911392,0.022267206477732792,0.9988389762502348
14.143194325234077,0.14102564102564102,0.022267206477732792,0.9988560501289078
14.171016110851191,0.14102564102564102,0.022267206477732792,0.9988560501289078
14.198837896468312,0.14102564102564102,0.022267206477732792,0.9988560501289078
14.226659682085426,0.14102564102564102,0.022267206477732792,0.9988560501289078
14.254481467702547,0.14102564102564102,0.022267206477732792,0.9988560501289078
14.282303253319661,0.14102564102564102,0.022267206477732792,0.9988560501289078
14.310125038936782,0.14102564102564102,0.022267206477732792,0.9988560501289078
14.337946824553896,0.14102564102564102,0.022267206477732792,0.9988560501289078
14.36576861017101,0.14102564102564102,0.022267206477732792,0.9988560501289078
14.39359039578813,0.14102564102564102,0.022267206477732792,0.9988560501289078
14.421412181405245,0.14102564102564102,0.022267206477732792,0.9988560501289078
14.449233967022366,0.14285714285714285,0.022267206477732792,0.9988731240075808
14.47705575263948,0.14473684210526316,0.022267206477732792,0.9988901978862538
14.5048775382566,0.14666666666666667,0.022267206477732792,0.9989072717649269
14.532699323873715,0.14864864864864866,0.022267206477732792,0.9989243456435999
14.560521109490828,0.1506849315068493,0.022267206477732792,0.9989414195222729
14.58834289510795,0.15492957746478872,0.022267206477732792,0.9989755672796189
14.616164680725063,0.15714285714285714,0.022267206477732792,0.9989926411582919
14.643986466342184,0.15714285714285714,0.022267206477732792,0.9989926411582919
14.671808251959298,0.15942028985507245,0.022267206477732792,0.9990097150369649
14.69963003757642,0.16176470588235295,0.022267206477732792,0.999026788915638
14.727451823193533,0.16417910447761194,0.022267206477732792,0.999043862794311
14.755273608810654,0.15384615384615385,0.020242914979757085,0.999060936672984
14.783095394427768,0.15384615384615385,0.020242914979757085,0.999060936672984
14.810917180044882,0.15873015873015872,0.020242914979757085,0.99909508443033
14.838738965662003,0.15873015873015872,0.020242914979757085,0.99909508443033
14.866560751279117,0.15873015873015872,0.020242914979757085,0.99909508443033
14.894382536896238,0.15873015873015872,0.020242914979757085,0.99909508443033
14.922204322513352,0.15873015873015872,0.020242914979757085,0.99909508443033
14.950026108130473,0.15873015873015872,0.020242914979757085,0.99909508443033
14.977847893747587,0.16393442622950818,0.020242914979757085,0.999129232187676
15.005669679364708,0.16393442622950818,0.020242914979757085,0.999129232187676
15.033491464981822,0.16666666666666666,0.020242914979757085,0.9991463060663491
15.061313250598936,0.1694915254237288,0.020242914979757085,0.9991633799450221
15.089135036216057,0.1694915254237288,0.020242914979757085,0.9991633799450221
15.11695682183317,0.1694915254237288,0.020242914979757085,0.9991633799450221
15.144778607450291,0.1694915254237288,0.020242914979757085,0.9991633799450221
15.172600393067405,0.1694915254237288,0.020242914979757085,0.9991633799450221
15.200422178684526,0.1694915254237288,0.020242914979757085,0.9991633799450221
15.22824396430164,0.17543859649122806,0.020242914979757085,0.9991975277023681
15.256065749918754,0.17543859649122806,0.020242914979757085,0.9991975277023681
15.283887535535875,0.16071428571428573,0.018218623481781375,0.9991975277023681
15.311709321152989,0.16071428571428573,0.018218623481781375,0.9991975277023681
15.33953110677011,0.16071428571428573,0.018218623481781375,0.9991975277023681
15.367352892387224,0.16071428571428573,0.018218623481781375,0.9991975277023681
15.395174678004345,0.16363636363636364,0.018218623481781375,0.9992146015810411
15.422996463621459,0.16363636363636364,0.018218623481781375,0.9992146015810411
15.45081824923858,0.16363636363636364,0.018218623481781375,0.9992146015810411
15.478640034855694,0.16363636363636364,0.018218623481781375,0.9992146015810411
15.506461820472808,0.16363636363636364,0.018218623481781375,0.9992146015810411
15.534283606089929,0.16666666666666666,0.018218623481781375,0.9992316754597141
15.562105391707043,0.16666666666666666,0.018218623481781375,0.9992316754597141
15.589927177324164,0.1509433962264151,0.016194331983805668,0.9992316754597141
15.617748962941278,0.15384615384615385,0.016194331983805668,0.9992487493383873
15.645570748558399,0.15384615384615385,0.016194331983805668,0.9992487493383873
15.673392534175512,0.15384615384615385,0.016194331983805668,0.9992487493383873
15.701214319792633,0.15384615384615385,0.016194331983805668,0.9992487493383873
15.729036105409747,0.15384615384615385,0.016194331983805668,0.9992487493383873
15.756857891026861,0.15384615384615385,0.016194331983805668,0.9992487493383873
15.784679676643982,0.15384615384615385,0.016194331983805668,0.9992487493383873
15.812501462261096,0.15384615384615385,0.016194331983805668,0.9992487493383873
15.840323247878217,0.15384615384615385,0.016194331983805668,0.9992487493383873
15.868145033495331,0.15384615384615385,0.016194331983805668,0.9992487493383873
15.895966819112452,0.1568627450980392,0.016194331983805668,0.9992658232170603
15.923788604729566,0.1568627450980392,0.016194331983805668,0.9992658232170603
15.95161039034668,0.1568627450980392,0.016194331983805668,0.9992658232170603
15.979432175963801,0.1568627450980392,0.016194331983805668,0.9992658232170603
16.007253961580915,0.1568627450980392,0.016194331983805668,0.9992658232170603
16.035075747198036,0.1568627450980392,0.016194331983805668,0.9992658232170603
16.06289753281515,0.1568627450980392,0.016194331983805668,0.9992658232170603
16.09071931843227,0.16,0.016194331983805668,0.9992828970957333
16.118541104049385,0.16,0.016194331983805668,0.9992828970957333
16.146362889666506,0.16,0.016194331983805668,0.9992828970957333
16.17418467528362,0.16326530612244897,0.016194331983805668,0.9992999709744063
16.202006460900733,0.16326530612244897,0.016194331983805668,0.9992999709744063
16.229828246517854,0.1702127659574468,0.016194331983805668,0.9993341187317523
16.25765003213497,0.1702127659574468,0.016194331983805668,0.9993341187317523
16.28547181775209,0.1702127659574468,0.016194331983805668,0.9993341187317523
16.313293603369203,0.1702127659574468,0.016194331983805668,0.9993341187317523
16.341115388986324,0.17391304347826086,0.016194331983805668,0.9993511926104253
16.368937174603438,0.17391304347826086,0.016194331983805668,0.9993511926104253
16.39675896022056,0.17777777777777778,0.016194331983805668,0.9993682664890984
16.424580745837673,0.17777777777777778,0.016194331983805668,0.9993682664890984
16.452402531454787,0.17777777777777778,0.016194331983805668,0.9993682664890984
16.480224317071908,0.18181818181818182,0.016194331983805668,0.9993853403677714
16.508046102689022,0.18181818181818182,0.016194331983805668,0.9993853403677714
16.535867888306143,0.18181818181818182,0.016194331983805668,0.9993853403677714
16.563689673923257,0.18604651162790697,0.016194331983805668,0.9994024142464444
16.591511459540378,0.18604651162790697,0.016194331983805668,0.9994024142464444
16.61933324515749,0.17073170731707318,0.01417004048582996,0.9994194881251174
16.647155030774606,0.175,0.01417004048582996,0.9994365620037904
16.674976816391727,0.175,0.01417004048582996,0.9994365620037904
16.70279860200884,0.175,0.01417004048582996,0.9994365620037904
16.73062038762596,0.175,0.01417004048582996,0.9994365620037904
16.758442173243076,0.175,0.01417004048582996,0.9994365620037904
16.786263958860197,0.175,0.01417004048582996,0.9994365620037904
16.81408574447731,0.175,0.01417004048582996,0.9994365620037904
16.84190753009443,0.1794871794871795,0.01417004048582996,0.9994536358824634
16.869729315711545,0.1794871794871795,0.01417004048582996,0.9994536358824634
16.89755110132866,0.18421052631578946,0.01417004048582996,0.9994707097611364
16.92537288694578,0.18421052631578946,0.01417004048582996,0.9994707097611364
16.953194672562894,0.1891891891891892,0.01417004048582996,0.9994877836398095
16.981016458180015,0.1891891891891892,0.01417004048582996,0.9994877836398095
17.00883824379713,0.1891891891891892,0.01417004048582996,0.9994877836398095
17.03666002941425,0.1891891891891892,0.01417004048582996,0.9994877836398095
17.064481815031364,0.19444444444444445,0.01417004048582996,0.9995048575184825
17.092303600648485,0.19444444444444445,0.01417004048582996,0.9995048575184825
17.1201253862656,0.19444444444444445,0.01417004048582996,0.9995048575184825
17.147947171882713,0.19444444444444445,0.01417004048582996,0.9995048575184825
17.175768957499834,0.19444444444444445,0.01417004048582996,0.9995048575184825
17.203590743116948,0.19444444444444445,0.01417004048582996,0.9995048575184825
17.23141252873407,0.19444444444444445,0.01417004048582996,0.9995048575184825
17.259234314351183,0.19444444444444445,0.01417004048582996,0.9995048575184825
17.287056099968304,0.19444444444444445,0.01417004048582996,0.9995048575184825
17.314877885585418,0.19444444444444445,0.01417004048582996,0.9995048575184825
17.34269967120253,0.19444444444444445,0.01417004048582996,0.9995048575184825
17.370521456819652,0.19444444444444445,0.01417004048582996,0.9995048575184825
17.398343242436766,0.19444444444444445,0.01417004048582996,0.9995048575184825
17.426165028053887,0.19444444444444445,0.01417004048582996,0.9995048575184825
17.453986813671,0.19444444444444445,0.01417004048582996,0.9995048575184825
17.481808599288122,0.2,0.01417004048582996,0.9995219313971555
17.509630384905236,0.20588235294117646,0.01417004048582996,0.9995390052758285
17.537452170522357,0.21212121212121213,0.01417004048582996,0.9995560791545015
17.56527395613947,0.21212121212121213,0.01417004048582996,0.9995560791545015
17.593095741756585,0.22580645161290322,0.01417004048582996,0.9995902269118475
17.620917527373706,0.23333333333333334,0.01417004048582996,0.9996073007905206
17.64873931299082,0.23333333333333334,0.01417004048582996,0.9996073007905206
17.67656109860794,0.23333333333333334,0.01417004048582996,0.9996073007905206
17.704382884225055,0.23333333333333334,0.01417004048582996,0.9996073007905206
17.732204669842176,0.21428571428571427,0.012145748987854251,0.9996243746691936
17.76002645545929,0.21428571428571427,0.012145748987854251,0.9996243746691936
17.78784824107641,0.21428571428571427,0.012145748987854251,0.9996243746691936
17.815670026693525,0.21428571428571427,0.012145748987854251,0.9996243746691936
17.84349181231064,0.21428571428571427,0.012145748987854251,0.9996243746691936
17.87131359792776,0.21428571428571427,0.012145748987854251,0.9996243746691936
17.899135383544873,0.21428571428571427,0.012145748987854251,0.9996243746691936
17.926957169161994,0.21428571428571427,0.012145748987854251,0.9996243746691936
17.95477895477911,0.21428571428571427,0.012145748987854251,0.9996243746691936
17.98260074039623,0.21428571428571427,0.012145748987854251,0.9996243746691936
18.010422526013343,0.21428571428571427,0.012145748987854251,0.9996243746691936
18.038244311630457,0.21428571428571427,0.012145748987854251,0.9996243746691936
18.066066097247578,0.21428571428571427,0.012145748987854251,0.9996243746691936
18.093887882864692,0.21428571428571427,0.012145748987854251,0.9996243746691936
18.121709668481813,0.2222222222222222,0.012145748987854251,0.9996414485478666
18.149531454098927,0.2222222222222222,0.012145748987854251,0.9996414485478666
18.177353239716048,0.2222222222222222,0.012145748987854251,0.9996414485478666
18.205175025333162,0.24,0.012145748987854251,0.9996755963052126
18.232996810950283,0.24,0.012145748987854251,0.9996755963052126
18.260818596567397,0.24,0.012145748987854251,0.9996755963052126
18.28864038218451,0.24,0.012145748987854251,0.9996755963052126
18.31646216780163,0.24,0.012145748987854251,0.9996755963052126
18.344283953418746,0.24,0.012145748987854251,0.9996755963052126
18.372105739035867,0.24,0.012145748987854251,0.9996755963052126
18.39992752465298,0.25,0.012145748987854251,0.9996926701838856
18.4277493102701,0.22727272727272727,0.010121457489878543,0.9997097440625586
18.455571095887215,0.22727272727272727,0.010121457489878543,0.9997097440625586
18.48339288150433,0.22727272727272727,0.010121457489878543,0.9997097440625586
18.51121466712145,0.23809523809523808,0.010121457489878543,0.9997268179412317
18.539036452738564,0.23809523809523808,0.010121457489878543,0.9997268179412317
18.566858238355685,0.23809523809523808,0.010121457489878543,0.9997268179412317
18.5946800239728,0.25,0.010121457489878543,0.9997438918199048
18.62250180958992,0.25,0.010121457489878543,0.9997438918199048
18.650323595207034,0.25,0.010121457489878543,0.9997438918199048
18.678145380824155,0.25,0.010121457489878543,0.9997438918199048
18.70596716644127,0.25,0.010121457489878543,0.9997438918199048
18.733788952058383,0.25,0.010121457489878543,0.9997438918199048
18.761610737675504,0.25,0.010121457489878543,0.9997438918199048
18.789432523292618,0.2631578947368421,0.010121457489878543,0.9997609656985778
18.81725430890974,0.2777777777777778,0.010121457489878543,0.9997780395772508
18.845076094526853,0.2777777777777778,0.010121457489878543,0.9997780395772508
18.872897880143974,0.2777777777777778,0.010121457489878543,0.9997780395772508
18.900719665761088,0.2777777777777778,0.010121457489878543,0.9997780395772508
18.92854145137821,0.29411764705882354,0.010121457489878543,0.9997951134559238
18.956363236995323,0.3125,0.010121457489878543,0.9998121873345968
18.984185022612436,0.3125,0.010121457489878543,0.9998121873345968
19.012006808229557,0.3125,0.010121457489878543,0.9998121873345968
19.03982859384667,0.3125,0.010121457489878543,0.9998121873345968
19.067650379463792,0.26666666666666666,0.008097165991902834,0.9998121873345968
19.095472165080906,0.26666666666666666,0.008097165991902834,0.9998121873345968
19.123293950698027,0.26666666666666666,0.008097165991902834,0.9998121873345968
19.15111573631514,0.2857142857142857,0.008097165991902834,0.9998292612132699
19.178937521932255,0.2857142857142857,0.008097165991902834,0.9998292612132699
19.206759307549376,0.3076923076923077,0.008097165991902834,0.9998463350919429
19.23458109316649,0.3076923076923077,0.008097165991902834,0.9998463350919429
19.26240287878361,0.3076923076923077,0.008097165991902834,0.9998463350919429
19.290224664400725,0.3076923076923077,0.008097165991902834,0.9998463350919429
19.318046450017846,0.3076923076923077,0.008097165991902834,0.9998463350919429
19.34586823563496,0.3076923076923077,0.008097165991902834,0.9998463350919429
19.37369002125208,0.3076923076923077,0.008097165991902834,0.9998463350919429
19.401511806869195,0.3076923076923077,0.008097165991902834,0.9998463350919429
19.42933359248631,0.3333333333333333,0.008097165991902834,0.9998634089706159
19.45715537810343,0.3333333333333333,0.008097165991902834,0.9998634089706159
19.484977163720544,0.3333333333333333,0.008097165991902834,0.9998634089706159
19.512798949337665,0.3333333333333333,0.008097165991902834,0.9998634089706159
19.54062073495478,0.3333333333333333,0.008097165991902834,0.9998634089706159
19.5684425205719,0.36363636363636365,0.008097165991902834,0.9998804828492889
19.596264306189013,0.36363636363636365,0.008097165991902834,0.9998804828492889
19.624086091806134,0.36363636363636365,0.008097165991902834,0.9998804828492889
19.65190787742325,0.36363636363636365,0.008097165991902834,0.9998804828492889
19.679729663040362,0.36363636363636365,0.008097165991902834,0.9998804828492889
19.707551448657483,0.36363636363636365,0.008097165991902834,0.9998804828492889
19.735373234274597,0.3,0.006072874493927126,0.9998804828492889
19.763195019891718,0.3,0.006072874493927126,0.9998804828492889
19.791016805508832,0.3,0.006072874493927126,0.9998804828492889
19.818838591125953,0.3,0.006072874493927126,0.9998804828492889
19.846660376743067,0.3,0.006072874493927126,0.9998804828492889
19.87448216236018,0.3,0.006072874493927126,0.9998804828492889
19.902303947977302,0.3,0.006072874493927126,0.9998804828492889
19.930125733594416,0.3,0.006072874493927126,0.9998804828492889
19.957947519211537,0.3,0.006072874493927126,0.9998804828492889
19.98576930482865,0.3,0.006072874493927126,0.9998804828492889
20.01359109044577,0.3,0.006072874493927126,0.9998804828492889
20.041412876062886,0.3,0.006072874493927126,0.9998804828492889
20.069234661680007,0.3333333333333333,0.006072874493927126,0.9998975567279619
20.09705644729712,0.3333333333333333,0.006072874493927126,0.9998975567279619
20.124878232914234,0.3333333333333333,0.006072874493927126,0.9998975567279619
20.152700018531355,0.3333333333333333,0.006072874493927126,0.9998975567279619
20.18052180414847,0.3333333333333333,0.006072874493927126,0.9998975567279619
20.20834358976559,0.3333333333333333,0.006072874493927126,0.9998975567279619
20.236165375382704,0.3333333333333333,0.006072874493927126,0.9998975567279619
20.263987160999825,0.3333333333333333,0.006072874493927126,0.9998975567279619
20.29180894661694,0.3333333333333333,0.006072874493927126,0.9998975567279619
20.31963073223406,0.3333333333333333,0.006072874493927126,0.9998975567279619
20.347452517851174,0.3333333333333333,0.006072874493927126,0.9998975567279619
20.375274303468288,0.3333333333333333,0.006072874493927126,0.9998975567279619
20.40309608908541,0.3333333333333333,0.006072874493927126,0.9998975567279619
20.430917874702523,0.3333333333333333,0.006072874493927126,0.9998975567279619
20.458739660319644,0.3333333333333333,0.006072874493927126,0.9998975567279619
20.486561445936758,0.3333333333333333,0.006072874493927126,0.9998975567279619
20.51438323155388,0.3333333333333333,0.006072874493927126,0.9998975567279619
20.542205017170993,0.3333333333333333,0.006072874493927126,0.9998975567279619
20.570026802788107,0.375,0.006072874493927126,0.9999146306066349
20.597848588405228,0.375,0.006072874493927126,0.9999146306066349
20.62567037402234,0.375,0.006072874493927126,0.9999146306066349
20.653492159639462,0.375,0.006072874493927126,0.9999146306066349
20.681313945256576,0.375,0.006072874493927126,0.9999146306066349
20.709135730873697,0.375,0.006072874493927126,0.9999146306066349
20.73695751649081,0.375,0.006072874493927126,0.9999146306066349
20.764779302107932,0.375,0.006072874493927126,0.9999146306066349
20.792601087725046,0.375,0.006072874493927126,0.9999146306066349
20.82042287334216,0.375,0.006072874493927126,0.9999146306066349
20.84824465895928,0.375,0.006072874493927126,0.9999146306066349
20.876066444576395,0.375,0.006072874493927126,0.9999146306066349
20.903888230193516,0.375,0.006072874493927126,0.9999146306066349
20.93171001581063,0.375,0.006072874493927126,0.9999146306066349
20.95953180142775,0.375,0.006072874493927126,0.9999146306066349
20.987353587044865,0.375,0.006072874493927126,0.9999146306066349
21.015175372661986,0.375,0.006072874493927126,0.9999146306066349
21.0429971582791,0.16666666666666666,0.0020242914979757085,0.9999146306066349
21.070818943896214,0.16666666666666666,0.0020242914979757085,0.9999146306066349
21.098640729513335,0.16666666666666666,0.0020242914979757085,0.9999146306066349
21.12646251513045,0.16666666666666666,0.0020242914979757085,0.9999146306066349
21.15428430074757,0.16666666666666666,0.0020242914979757085,0.9999146306066349
21.182106086364684,0.16666666666666666,0.0020242914979757085,0.9999146306066349
21.209927871981805,0.16666666666666666,0.0020242914979757085,0.9999146306066349
21.23774965759892,0.16666666666666666,0.0020242914979757085,0.9999146306066349
21.265571443216032,0.16666666666666666,0.0020242914979757085,0.9999146306066349
21.293393228833153,0.16666666666666666,0.0020242914979757085,0.9999146306066349
21.321215014450267,0.16666666666666666,0.0020242914979757085,0.9999146306066349
21.34903680006739,0.16666666666666666,0.0020242914979757085,0.9999146306066349
21.376858585684502,0.16666666666666666,0.0020242914979757085,0.9999146306066349
21.404680371301623,0.2,0.0020242914979757085,0.9999317044853079
21.432502156918737,0.2,0.0020242914979757085,0.9999317044853079
21.460323942535858,0.2,0.0020242914979757085,0.9999317044853079
21.488145728152972,0.2,0.0020242914979757085,0.9999317044853079
21.515967513770086,0.2,0.0020242914979757085,0.9999317044853079
21.543789299387207,0.2,0.0020242914979757085,0.9999317044853079
21.57161108500432,0.2,0.0020242914979757085,0.9999317044853079
21.599432870621442,0.2,0.0020242914979757085,0.9999317044853079
21.627254656238556,0.25,0.0020242914979757085,0.999948778363981
21.655076441855677,0.25,0.0020242914979757085,0.999948778363981
21.68289822747279,0.25,0.0020242914979757085,0.999948778363981
21.71072001308991,0.25,0.0020242914979757085,0.999948778363981
21.738541798707026,0.25,0.0020242914979757085,0.999948778363981
21.76636358432414,0.25,0.0020242914979757085,0.999948778363981
21.79418536994126,0.25,0.0020242914979757085,0.999948778363981
21.822007155558374,0.25,0.0020242914979757085,0.999948778363981
21.849828941175495,0.25,0.0020242914979757085,0.999948778363981
21.87765072679261,0.25,0.0020242914979757085,0.999948778363981
21.90547251240973,0.25,0.0020242914979757085,0.999948778363981
21.933294298026844,0.25,0.0020242914979757085,0.999948778363981
21.961116083643958,0.25,0.0020242914979757085,0.999948778363981
21.98893786926108,0.25,0.0020242914979757085,0.999948778363981
22.016759654878193,0.25,0.0020242914979757085,0.999948778363981
22.044581440495314,0.25,0.0020242914979757085,0.999948778363981
22.072403226112428,0.25,0.0020242914979757085,0.999948778363981
22.10022501172955,0.25,0.0020242914979757085,0.999948778363981
22.128046797346663,0.25,0.0020242914979757085,0.999948778363981
22.155868582963784,0.25,0.0020242914979757085,0.999948778363981
22.183690368580898,0.25,0.0020242914979757085,0.999948778363981
22.21151215419801,0.25,0.0020242914979757085,0.999948778363981
22.239333939815133,0.25,0.0020242914979757085,0.999948778363981
22.267155725432247,0.25,0.0020242914979757085,0.999948778363981
22.294977511049368,0.25,0.0020242914979757085,0.999948778363981
22.32279929666648,0.25,0.0020242914979757085,0.999948778363981
22.350621082283602,0.25,0.0020242914979757085,0.999948778363981
22.378442867900716,0.25,0.0020242914979757085,0.999948778363981
22.406264653517837,0.25,0.0020242914979757085,0.999948778363981
22.43408643913495,0.25,0.0020242914979757085,0.999948778363981
22.461908224752065,0.25,0.0020242914979757085,0.999948778363981
22.489730010369186,0.25,0.0020242914979757085,0.999948778363981
22.5175517959863,0.25,0.0020242914979757085,0.999948778363981
22.54537358160342,0.25,0.0020242914979757085,0.999948778363981
22.573195367220535,0.25,0.0020242914979757085,0.999948778363981
22.601017152837656,0.3333333333333333,0.0020242914979757085,0.999965852242654
22.62883893845477,0.3333333333333333,0.0020242914979757085,0.999965852242654
22.656660724071884,0.3333333333333333,0.0020242914979757085,0.999965852242654
22.684482509689005,0.3333333333333333,0.0020242914979757085,0.999965852242654
22.71230429530612,0.3333333333333333,0.0020242914979757085,0.999965852242654
22.74012608092324,0.3333333333333333,0.0020242914979757085,0.999965852242654
22.767947866540354,0.3333333333333333,0.0020242914979757085,0.999965852242654
22.795769652157475,0.3333333333333333,0.0020242914979757085,0.999965852242654
22.82359143777459,0.3333333333333333,0.0020242914979757085,0.999965852242654
22.85141322339171,0.3333333333333333,0.0020242914979757085,0.999965852242654
22.879235009008823,0.3333333333333333,0.0020242914979757085,0.999965852242654
22.907056794625937,0.3333333333333333,0.0020242914979757085,0.999965852242654
22.93487858024306,0.3333333333333333,0.0020242914979757085,0.999965852242654
22.962700365860172,0.3333333333333333,0.0020242914979757085,0.999965852242654
22.990522151477293,0.3333333333333333,0.0020242914979757085,0.999965852242654
23.018343937094407,0.3333333333333333,0.0020242914979757085,0.999965852242654
23.046165722711528,0.3333333333333333,0.0020242914979757085,0.999965852242654
23.073987508328642,0.3333333333333333,0.0020242914979757085,0.999965852242654
23.101809293945763,0.3333333333333333,0.0020242914979757085,0.999965852242654
23.129631079562877,0.3333333333333333,0.0020242914979757085,0.999965852242654
23.15745286517999,0.3333333333333333,0.0020242914979757085,0.999965852242654
23.185274650797112,0.3333333333333333,0.0020242914979757085,0.999965852242654
23.213096436414226,0.3333333333333333,0.0020242914979757085,0.999965852242654
23.240918222031347,0.3333333333333333,0.0020242914979757085,0.999965852242654
23.26874000764846,0.3333333333333333,0.0020242914979757085,0.999965852242654
23.29656179326558,0.3333333333333333,0.0020242914979757085,0.999965852242654
23.324383578882696,0.3333333333333333,0.0020242914979757085,0.999965852242654
23.35220536449981,0.3333333333333333,0.0020242914979757085,0.999965852242654
23.38002715011693,0.3333333333333333,0.0020242914979757085,0.999965852242654
23.407848935734044,0.3333333333333333,0.0020242914979757085,0.999965852242654
23.435670721351165,0.3333333333333333,0.0020242914979757085,0.999965852242654
23.46349250696828,0.3333333333333333,0.0020242914979757085,0.999965852242654
23.4913142925854,0.3333333333333333,0.0020242914979757085,0.999965852242654
23.519136078202514,0.3333333333333333,0.0020242914979757085,0.999965852242654
23.546957863819635,0.3333333333333333,0.0020242914979757085,0.999965852242654
23.57477964943675,0.3333333333333333,0.0020242914979757085,0.999965852242654
23.602601435053863,0.3333333333333333,0.0020242914979757085,0.999965852242654
23.630423220670984,0.3333333333333333,0.0020242914979757085,0.999965852242654
23.658245006288098,0.3333333333333333,0.0020242914979757085,0.999965852242654
23.68606679190522,0.3333333333333333,0.0020242914979757085,0.999965852242654
23.713888577522333,0.3333333333333333,0.0020242914979757085,0.999965852242654
23.741710363139454,0.3333333333333333,0.0020242914979757085,0.999965852242654
23.769532148756568,0.3333333333333333,0.0020242914979757085,0.999965852242654
23.79735393437369,0.3333333333333333,0.0020242914979757085,0.999965852242654
23.825175719990803,0.3333333333333333,0.0020242914979757085,0.999965852242654
23.852997505607917,0.3333333333333333,0.0020242914979757085,0.999965852242654
23.880819291225038,0.3333333333333333,0.0020242914979757085,0.999965852242654
23.90864107684215,0.3333333333333333,0.0020242914979757085,0.999965852242654
23.936462862459273,0.3333333333333333,0.0020242914979757085,0.999965852242654
23.964284648076386,0.3333333333333333,0.0020242914979757085,0.999965852242654
23.992106433693507,0.3333333333333333,0.0020242914979757085,0.999965852242654
24.01992821931062,0.0,0.0,0.999965852242654
24.047750004927735,0.0,0.0,0.999965852242654
24.075571790544856,0.0,0.0,0.999965852242654
24.10339357616197,0.0,0.0,0.999965852242654
24.13121536177909,0.0,0.0,0.999965852242654
24.159037147396205,0.0,0.0,0.999965852242654
24.186858933013326,0.0,0.0,0.999965852242654
24.21468071863044,0.0,0.0,0.999965852242654
24.24250250424756,0.0,0.0,0.999965852242654
24.270324289864675,0.0,0.0,0.999965852242654
24.29814607548179,0.0,0.0,0.999965852242654
24.32596786109891,0.0,0.0,0.999965852242654
24.353789646716024,0.0,0.0,0.999982926121327
24.381611432333145,0.0,0.0,0.999982926121327
24.40943321795026,0.0,0.0,0.999982926121327
24.43725500356738,0.0,0.0,0.999982926121327
24.465076789184494,0.0,0.0,0.999982926121327
24.492898574801615,0.0,0.0,0.999982926121327
24.52072036041873,0.0,0.0,0.999982926121327
24.548542146035842,0.0,0.0,0.999982926121327
24.576363931652963,0.0,0.0,0.999982926121327
24.604185717270077,0.0,0.0,0.999982926121327
24.6320075028872,0.0,0.0,0.999982926121327
24.659829288504312,0.0,0.0,0.999982926121327
24.687651074121433,0.0,0.0,0.999982926121327
24.715472859738547,0.0,0.0,0.999982926121327
24.74329464535566,0.0,0.0,0.999982926121327
24.771116430972782,0.0,0.0,0.999982926121327
24.798938216589896,0.0,0.0,0.999982926121327
24.826760002207017,0.0,0.0,0.999982926121327
24.85458178782413,0.0,0.0,0.999982926121327
24.882403573441252,0.0,0.0,0.999982926121327
24.910225359058366,0.0,0.0,0.999982926121327
24.938047144675487,0.0,0.0,0.999982926121327
24.9658689302926,0.0,0.0,0.999982926121327
24.993690715909715,0.0,0.0,0.999982926121327
25.021512501526836,0.0,0.0,0.999982926121327
25.04933428714395,0.0,0.0,0.999982926121327
25.07715607276107,0.0,0.0,0.999982926121327
25.104977858378184,0.0,0.0,0.999982926121327
25.132799643995305,0.0,0.0,0.999982926121327
25.16062142961242,0.0,0.0,0.999982926121327
25.18844321522954,0.0,0.0,0.999982926121327
25.216265000846654,0.0,0.0,0.999982926121327
25.244086786463768,0.0,0.0,0.999982926121327
25.27190857208089,0.0,0.0,0.999982926121327
25.299730357698003,0.0,0.0,0.999982926121327
25.327552143315124,0.0,0.0,0.999982926121327
25.355373928932238,0.0,0.0,0.999982926121327
25.38319571454936,0.0,0.0,0.999982926121327
25.411017500166473,0.0,0.0,0.999982926121327
25.438839285783587,0.0,0.0,0.999982926121327
25.466661071400708,0.0,0.0,0.999982926121327
25.49448285701782,0.0,0.0,0.999982926121327
25.522304642634943,0.0,0.0,0.999982926121327
25.550126428252057,0.0,0.0,0.999982926121327
25.577948213869178,0.0,0.0,0.999982926121327
25.60576999948629,0.0,0.0,0.999982926121327
25.633591785103413,0.0,0.0,0.999982926121327
25.661413570720526,0.0,0.0,0.999982926121327
25.68923535633764,0.0,0.0,0.999982926121327
25.71705714195476,0.0,0.0,0.999982926121327
25.744878927571875,0.0,0.0,0.999982926121327
25.772700713188996,0.0,0.0,0.999982926121327
25.80052249880611,0.0,0.0,0.999982926121327
25.82834428442323,0.0,0.0,0.999982926121327
25.856166070040345,0.0,0.0,0.999982926121327
25.883987855657466,0.0,0.0,0.999982926121327
25.91180964127458,0.0,0.0,0.999982926121327
25.939631426891694,0.0,0.0,0.999982926121327
25.967453212508815,0.0,0.0,0.999982926121327
25.99527499812593,0.0,0.0,0.999982926121327
26.02309678374305,0.0,0.0,0.999982926121327
26.050918569360164,0.0,0.0,0.999982926121327
26.078740354977285,0.0,0.0,0.999982926121327
26.1065621405944,0.0,0.0,0.999982926121327
26.134383926211513,0.0,0.0,0.999982926121327
26.162205711828634,0.0,0.0,0.999982926121327
26.190027497445747,0.0,0.0,0.999982926121327
26.21784928306287,0.0,0.0,0.999982926121327
26.245671068679982,0.0,0.0,0.999982926121327
26.273492854297103,0.0,0.0,0.999982926121327
26.301314639914217,0.0,0.0,0.999982926121327
26.32913642553134,0.0,0.0,0.999982926121327
26.356958211148452,0.0,0.0,0.999982926121327
26.38477999676557,0.0,0.0,0.999982926121327
