Threshold,Precision,Recall,Specificity
-30.73023396815886,0.007839219802918967,1.0,0.0
-30.703349726448764,0.007839352533820964,1.0,1.706513763033499e-05
-30.676465484738667,0.007839352533820964,1.0,1.706513763033499e-05
-30.649581243028575,0.007839352533820964,1.0,1.706513763033499e-05
-30.62269700131848,0.007839352533820964,1.0,1.706513763033499e-05
-30.595812759608382,0.007839352533820964,1.0,1.706513763033499e-05
-30.568928517898286,0.007839352533820964,1.0,1.706513763033499e-05
-30.542044276188193,0.007839352533820964,1.0,1.706513763033499e-05
-30.515160034478097,0.007839352533820964,1.0,1.706513763033499e-05
-30.488275792768,0.007839352533820964,1.0,1.706513763033499e-05
-30.461391551057904,0.007839352533820964,1.0,1.706513763033499e-05
-30.43450730934781,0.007839352533820964,1.0,1.706513763033499e-05
-30.407623067637715,0.007839485269217746,1.0,3.413027526066998e-05
-30.38073882592762,0.007839485269217746,1.0,3.413027526066998e-05
-30.353854584217522,0.007839485269217746,1.0,3.413027526066998e-05
-30.32697034250743,0.007839485269217746,1.0,3.413027526066998e-05
-30.300086100797333,0.007839485269217746,1.0,3.413027526066998e-05
-30.273201859087237,0.007839485269217746,1.0,3.413027526066998e-05
-30.24631761737714,0.007839485269217746,1.0,3.413027526066998e-05
-30.219433375667045,0.007839485269217746,1.0,3.413027526066998e-05
-30.192549133956952,0.007839485269217746,1.0,3.413027526066998e-05
-30.165664892246856,0.007839485269217746,1.0,3.413027526066998e-05
-30.13878065053676,0.007839485269217746,1.0,3.413027526066998e-05
-30.111896408826663,0.007839485269217746,1.0,3.413027526066998e-05
-30.08501216711657,0.007839485269217746,1.0,3.413027526066998e-05
-30.058127925406474,0.007839485269217746,1.0,3.413027526066998e-05
-30.031243683696378,0.007839485269217746,1.0,3.413027526066998e-05
-30.00435944198628,0.007839485269217746,1.0,3.413027526066998e-05
-29.97747520027619,0.007839485269217746,1.0,3.413027526066998e-05
-29.950590958566092,0.007839485269217746,1.0,3.413027526066998e-05
-29.923706716855996,0.007839485269217746,1.0,3.413027526066998e-05
-29.8968224751459,0.007839485269217746,1.0,3.413027526066998e-05
-29.869938233435807,0.007839485269217746,1.0,3.413027526066998e-05
-29.84305399172571,0.007839485269217746,1.0,3.413027526066998e-05
-29.816169750015614,0.007839618009109534,1.0,5.119541289100497e-05
-29.789285508305518,0.007839618009109534,1.0,5.119541289100497e-05
-29.762401266595422,0.007839618009109534,1.0,5.119541289100497e-05
-29.73551702488533,0.007839618009109534,1.0,5.119541289100497e-05
-29.708632783175233,0.007839618009109534,1.0,5.119541289100497e-05
-29.681748541465137,0.007839618009109534,1.0,5.119541289100497e-05
-29.65486429975504,0.007839750753496563,1.0,6.826055052133995e-05
-29.627980058044947,0.007839750753496563,1.0,6.826055052133995e-05
-29.60109581633485,0.007839883502379057,1.0,8.532568815167494e-05
-29.574211574624755,0.007839883502379057,1.0,8.532568815167494e-05
-29.54732733291466,0.007839883502379057,1.0,8.532568815167494e-05
-29.520443091204566,0.007839883502379057,1.0,8.532568815167494e-05
-29.49355884949447,0.007839883502379057,1.0,8.532568815167494e-05
-29.466674607784373,0.007839883502379057,1.0,8.532568815167494e-05
-29.439790366074277,0.007839883502379057,1.0,8.532568815167494e-05
-29.412906124364184,0.007839883502379057,1.0,8.532568815167494e-05
-29.386021882654088,0.007839883502379057,1.0,8.532568815167494e-05
-29.35913764094399,0.007839883502379057,1.0,8.532568815167494e-05
-29.332253399233895,0.007839883502379057,1.0,8.532568815167494e-05
-29.3053691575238,0.007839883502379057,1.0,8.532568815167494e-05
-29.278484915813706,0.007839883502379057,1.0,8.532568815167494e-05
-29.25160067410361,0.007839883502379057,1.0,8.532568815167494e-05
-29.224716432393514,0.007839883502379057,1.0,8.532568815167494e-05
-29.197832190683418,0.007839883502379057,1.0,8.532568815167494e-05
-29.170947948973325,0.007839883502379057,1.0,8.532568815167494e-05
-29.14406370726323,0.007839883502379057,1.0,8.532568815167494e-05
-29.117179465553132,0.007839883502379057,1.0,8.532568815167494e-05
-29.090295223843036,0.007840016255757247,1.0,0.00010239082578200994
-29.063410982132943,0.007840016255757247,1.0,0.00010239082578200994
-29.036526740422847,0.007840016255757247,1.0,0.00010239082578200994
-29.00964249871275,0.007840016255757247,1.0,0.00010239082578200994
-28.982758257002654,0.007840016255757247,1.0,0.00010239082578200994
-28.95587401529256,0.007840016255757247,1.0,0.00010239082578200994
-28.928989773582465,0.007840016255757247,1.0,0.00010239082578200994
-28.90210553187237,0.007840016255757247,1.0,0.00010239082578200994
-28.875221290162273,0.007840016255757247,1.0,0.00010239082578200994
-28.84833704845218,0.007840149013631361,1.0,0.00011945596341234492
-28.821452806742084,0.007840149013631361,1.0,0.00011945596341234492
-28.794568565031987,0.007840149013631361,1.0,0.00011945596341234492
-28.76768432332189,0.007840149013631361,1.0,0.00011945596341234492
-28.740800081611795,0.007840149013631361,1.0,0.00011945596341234492
-28.713915839901702,0.007840149013631361,1.0,0.00011945596341234492
-28.687031598191606,0.007840149013631361,1.0,0.00011945596341234492
-28.66014735648151,0.007840281776001625,1.0,0.0001365211010426799
-28.633263114771413,0.007840281776001625,1.0,0.0001365211010426799
-28.60637887306132,0.007840281776001625,1.0,0.0001365211010426799
-28.579494631351224,0.007840281776001625,1.0,0.0001365211010426799
-28.552610389641128,0.007840281776001625,1.0,0.0001365211010426799
-28.52572614793103,0.007840281776001625,1.0,0.0001365211010426799
-28.49884190622094,0.007840281776001625,1.0,0.0001365211010426799
-28.471957664510843,0.007840281776001625,1.0,0.0001365211010426799
-28.445073422800746,0.007840281776001625,1.0,0.0001365211010426799
-28.41818918109065,0.007840281776001625,1.0,0.0001365211010426799
-28.391304939380554,0.007840281776001625,1.0,0.0001365211010426799
-28.36442069767046,0.007840281776001625,1.0,0.0001365211010426799
-28.337536455960365,0.007840281776001625,1.0,0.0001365211010426799
-28.31065221425027,0.007840281776001625,1.0,0.0001365211010426799
-28.283767972540172,0.007840281776001625,1.0,0.0001365211010426799
-28.25688373083008,0.007840281776001625,1.0,0.0001365211010426799
-28.229999489119983,0.007840281776001625,1.0,0.0001365211010426799
-28.203115247409887,0.007840281776001625,1.0,0.0001365211010426799
-28.17623100569979,0.007840281776001625,1.0,0.0001365211010426799
-28.149346763989698,0.007840281776001625,1.0,0.0001365211010426799
-28.1224625222796,0.007840281776001625,1.0,0.0001365211010426799
-28.095578280569505,0.007840281776001625,1.0,0.0001365211010426799
-28.06869403885941,0.007840281776001625,1.0,0.0001365211010426799
-28.041809797149313,0.007840281776001625,1.0,0.0001365211010426799
-28.01492555543922,0.007840281776001625,1.0,0.0001365211010426799
-27.988041313729124,0.007840281776001625,1.0,0.0001365211010426799
-27.961157072019027,0.007840281776001625,1.0,0.0001365211010426799
-27.934272830308934,0.007840281776001625,1.0,0.0001365211010426799
-27.907388588598838,0.007840281776001625,1.0,0.0001365211010426799
-27.880504346888742,0.007840281776001625,1.0,0.0001365211010426799
-27.853620105178646,0.007840281776001625,1.0,0.0001365211010426799
-27.82673586346855,0.007840281776001625,1.0,0.0001365211010426799
-27.799851621758457,0.007840281776001625,1.0,0.0001365211010426799
-27.77296738004836,0.007840281776001625,1.0,0.0001365211010426799
-27.746083138338264,0.007840281776001625,1.0,0.0001365211010426799
-27.719198896628168,0.007840281776001625,1.0,0.0001365211010426799
-27.692314654918075,0.007840414542868272,1.0,0.0001535862386730149
-27.66543041320798,0.007840414542868272,1.0,0.0001535862386730149
-27.638546171497882,0.007840414542868272,1.0,0.0001535862386730149
-27.611661929787786,0.007840414542868272,1.0,0.0001535862386730149
-27.584777688077693,0.007840414542868272,1.0,0.0001535862386730149
-27.557893446367597,0.007840414542868272,1.0,0.0001535862386730149
-27.5310092046575,0.007840414542868272,1.0,0.0001535862386730149
-27.504124962947404,0.007840414542868272,1.0,0.0001535862386730149
-27.477240721237308,0.007840414542868272,1.0,0.0001535862386730149
-27.450356479527215,0.007840414542868272,1.0,0.0001535862386730149
-27.42347223781712,0.007840414542868272,1.0,0.0001535862386730149
-27.396587996107023,0.007840547314231524,1.0,0.00017065137630334988
-27.369703754396927,0.007840547314231524,1.0,0.00017065137630334988
-27.342819512686834,0.007840680090091616,1.0,0.00018771651393368488
-27.315935270976738,0.007840680090091616,1.0,0.00018771651393368488
-27.28905102926664,0.007840680090091616,1.0,0.00018771651393368488
-27.262166787556545,0.007840680090091616,1.0,0.00018771651393368488
-27.235282545846452,0.007840680090091616,1.0,0.00018771651393368488
-27.208398304136356,0.007840680090091616,1.0,0.00018771651393368488
-27.18151406242626,0.007840812870448773,1.0,0.00020478165156401988
-27.154629820716163,0.007840812870448773,1.0,0.00020478165156401988
-27.127745579006067,0.007840812870448773,1.0,0.00020478165156401988
-27.100861337295974,0.007840812870448773,1.0,0.00020478165156401988
-27.073977095585878,0.007840812870448773,1.0,0.00020478165156401988
-27.04709285387578,0.007840812870448773,1.0,0.00020478165156401988
-27.02020861216569,0.007840812870448773,1.0,0.00020478165156401988
-26.993324370455593,0.007840812870448773,1.0,0.00020478165156401988
-26.966440128745496,0.007840812870448773,1.0,0.00020478165156401988
-26.9395558870354,0.007841078444655196,1.0,0.00023891192682468985
-26.912671645325304,0.00784121123850492,1.0,0.0002559770644550248
-26.88578740361521,0.00784121123850492,1.0,0.0002559770644550248
-26.858903161905115,0.007841609647042884,1.0,0.0003071724773460298
-26.83201892019502,0.007841609647042884,1.0,0.0003071724773460298
-26.805134678484922,0.007841609647042884,1.0,0.0003071724773460298
-26.77825043677483,0.007841742458885897,1.0,0.00032423761497636476
-26.751366195064733,0.007841875275227804,1.0,0.00034130275260669976
-26.724481953354637,0.007842008096068833,1.0,0.00035836789023703476
-26.69759771164454,0.007842140921409214,1.0,0.00037543302786736976
-26.670713469934448,0.007842273751249174,1.0,0.00039249816549770476
-26.64382922822435,0.007842406585588943,1.0,0.00040956330312803975
-26.616944986514255,0.007842406585588943,1.0,0.00040956330312803975
-26.59006074480416,0.007842539424428748,1.0,0.0004266284407583747
-26.563176503094063,0.007842539424428748,1.0,0.0004266284407583747
-26.53629226138397,0.007842539424428748,1.0,0.0004266284407583747
-26.509408019673874,0.00784267226776882,1.0,0.0004436935783887097
-26.482523777963777,0.00784267226776882,1.0,0.0004436935783887097
-26.455639536253685,0.00784267226776882,1.0,0.0004436935783887097
-26.42875529454359,0.00784267226776882,1.0,0.0004436935783887097
-26.401871052833492,0.007842937967950672,1.0,0.0004778238536493797
-26.374986811123396,0.007842937967950672,1.0,0.0004778238536493797
-26.3481025694133,0.007842937967950672,1.0,0.0004778238536493797
-26.321218327703207,0.007843203686136333,1.0,0.0005119541289100496
-26.29433408599311,0.007843336551981163,1.0,0.0005290192665403846
-26.267449844283014,0.007843602297175964,1.0,0.0005631495418010546
-26.240565602572918,0.007843602297175964,1.0,0.0005631495418010546
-26.21368136086282,0.007843735176526393,1.0,0.0005802146794313896
-26.18679711915273,0.007843735176526393,1.0,0.0005802146794313896
-26.159912877442633,0.007843735176526393,1.0,0.0005802146794313896
-26.133028635732536,0.007843735176526393,1.0,0.0005802146794313896
-26.106144394022444,0.007843735176526393,1.0,0.0005802146794313896
-26.079260152312347,0.007843735176526393,1.0,0.0005802146794313896
-26.05237591060225,0.007843735176526393,1.0,0.0005802146794313896
-26.025491668892155,0.007843868060379148,1.0,0.0005972798170617246
-25.99860742718206,0.007844000948734456,1.0,0.0006143449546920596
-25.971723185471966,0.007844133841592545,1.0,0.0006314100923223946
-25.94483894376187,0.007844399640817986,1.0,0.0006655403675830645
-25.917954702051773,0.007844532547185794,1.0,0.0006826055052133995
-25.891070460341677,0.007844665458057301,1.0,0.0006996706428437345
-25.86418621863158,0.007844798373432734,1.0,0.0007167357804740695
-25.837301976921488,0.007844798373432734,1.0,0.0007167357804740695
-25.81041773521139,0.007845064217696296,1.0,0.0007508660557347395
-25.783533493501295,0.007845197146584883,1.0,0.0007679311933650745
-25.756649251791202,0.007845463017876812,1.0,0.0008020614686257445
-25.729765010081106,0.007845463017876812,1.0,0.0008020614686257445
-25.70288076837101,0.00784559596028061,1.0,0.0008191266062560795
-25.675996526660914,0.00784559596028061,1.0,0.0008191266062560795
-25.649112284950817,0.00784559596028061,1.0,0.0008191266062560795
-25.622228043240725,0.00784559596028061,1.0,0.0008191266062560795
-25.59534380153063,0.00784559596028061,1.0,0.0008191266062560795
-25.568459559820532,0.00784586185860503,1.0,0.0008532568815167494
-25.54157531811044,0.007845994814526105,1.0,0.0008703220191470844
-25.514691076400343,0.007846260739887137,1.0,0.0009044522944077544
-25.487806834690247,0.007846260739887137,1.0,0.0009044522944077544
-25.46092259298015,0.007846393709327548,1.0,0.0009215174320380894
-25.434038351270054,0.007846659661729316,1.0,0.0009556477072987594
-25.40715410955996,0.007846659661729316,1.0,0.0009556477072987594
-25.380269867849865,0.007846792644691129,1.0,0.0009727128449290944
-25.35338562613977,0.007846792644691129,1.0,0.0009727128449290944
-25.326501384429672,0.007846925632160532,1.0,0.0009897779825594293
-25.299617142719576,0.00784719162062303,1.0,0.0010239082578200993
-25.272732901009483,0.00784719162062303,1.0,0.0010239082578200993
-25.245848659299387,0.007847324621616582,1.0,0.0010409733954504343
-25.21896441758929,0.007847457627118644,1.0,0.0010580385330807693
-25.192080175879198,0.007847590637129443,1.0,0.0010751036707111043
-25.165195934169102,0.00784785667067817,1.0,0.0011092339459717743
-25.138311692459006,0.007848122722264598,1.0,0.0011433642212324443
-25.11142745074891,0.007848122722264598,1.0,0.0011433642212324443
-25.084543209038813,0.007848255754822524,1.0,0.0011604293588627793
-25.05765896732872,0.007848388791890563,1.0,0.0011774944964931143
-25.030774725618624,0.007848521833468946,1.0,0.0011945596341234493
-25.003890483908528,0.007848654879557899,1.0,0.0012116247717537843
-24.97700624219843,0.007848787930157653,1.0,0.0012286899093841193
-24.950122000488335,0.00784892098526844,1.0,0.0012457550470144543
-24.923237758778242,0.00784892098526844,1.0,0.0012457550470144543
-24.896353517068146,0.007849187109024023,1.0,0.001279885322275124
-24.86946927535805,0.007849586328495863,1.0,0.001331080735166129
-24.842585033647957,0.007850251784533477,1.0,0.001416406423317804
-24.81570079193786,0.007850384889280748,1.0,0.001433471560948139
-24.788816550227764,0.007850384889280748,1.0,0.001433471560948139
-24.761932308517668,0.007850917353409977,1.0,0.001501732111469479
-24.735048066807572,0.00785105048072847,1.0,0.001518797249099814
-24.70816382509748,0.007851583035154064,1.0,0.001587057799621154
-24.681279583387383,0.007851982498388902,1.0,0.001638253212512159
-24.654395341677287,0.007852382002272612,1.0,0.0016894486254031638
-24.627511099967194,0.007852648360780855,1.0,0.0017235789006638338
-24.600626858257097,0.007852781546811398,1.0,0.0017406440382941688
-24.573742616547,0.007852781546811398,1.0,0.0017406440382941688
-24.546858374836905,0.007853447544737512,1.0,0.0018259697264458438
-24.51997413312681,0.007853713975539836,1.0,0.0018601000017065138
-24.493089891416716,0.007854380131641447,1.0,0.0019454256898581888
-24.46620564970662,0.007854380131641447,1.0,0.0019454256898581888
-24.439321407996523,0.00785464662572524,1.0,0.0019795559651188586
-24.412437166286427,0.007854779879548732,1.0,0.0019966211027491938
-24.38555292457633,0.007855312940058702,1.0,0.0020648816532705338
-24.358668682866238,0.00785571278292443,1.0,0.0021160770661615385
-24.33178444115614,0.007856245970068211,1.0,0.0021843376166828785
-24.304900199446045,0.007856779229594433,1.0,0.0022525981672042185
-24.278015957735953,0.007856779229594433,1.0,0.0022525981672042185
-24.251131716025856,0.007858112695179905,1.0,0.0024232495435075685
-24.22424747431576,0.007858646208160772,1.0,0.0024915100940289085
-24.197363232605664,0.007859446613478187,1.0,0.002593900919810918
-24.170478990895568,0.007859446613478187,1.0,0.002593900919810918
-24.143594749185475,0.007859846877281139,1.0,0.0026450963327019233
-24.11671050747538,0.007860113742466684,1.0,0.0026792266079625933
-24.089826265765282,0.007860514074224985,1.0,0.002730422020853598
-24.062942024055186,0.0078609144467648,1.0,0.0027816174337446033
-24.03605778234509,0.00786118138445082,1.0,0.0028157477090052733
-24.009173540634997,0.007861448340266575,1.0,0.0028498779842659433
-23.9822892989249,0.00786198230629468,1.0,0.0029181385347872833
-23.955405057214804,0.007862382828420052,1.0,0.002969333947678288
-23.92852081550471,0.007862783391356033,1.0,0.003020529360569293
-23.901636573794615,0.007862916921404796,1.0,0.003037594498199628
-23.87475233208452,0.007863718196949625,1.0,0.003139985323981638
-23.847868090374423,0.007863718196949625,1.0,0.003139985323981638
-23.820983848664326,0.00786411889596603,1.0,0.003191180736872643
-23.794099606954234,0.007864786818413454,1.0,0.003276506425024318
-23.767215365244137,0.00786585573035235,1.0,0.0034130275260669976
-23.74033112353404,0.00786652394787366,1.0,0.003498353214218673
-23.71344688182395,0.007867994426129218,1.0,0.0036860697281523576
-23.686562640113852,0.007868930471286052,1.0,0.0038055256915647023
-23.659678398403756,0.007869465454236424,1.0,0.0038737862420860423
-23.63279415669366,0.007869732972991348,1.0,0.003907916517346712
-23.605909914983563,0.007870134285228625,1.0,0.003959111930237717
-23.57902567327347,0.00787026806506995,1.0,0.003976177067868052
-23.552141431563374,0.00787066943188386,1.0,0.004027372480759057
-23.525257189853278,0.007870803229919251,1.0,0.004044437618389392
-23.49837294814318,0.007871070839637557,1.0,0.004078567893650062
-23.471488706433085,0.007871338467554105,1.0,0.004112698168910732
-23.444604464722993,0.007872007616974973,1.0,0.0041980238570624075
-23.417720223012896,0.007872409161239862,1.0,0.004249219269953412
-23.3908359813028,0.007872944617320477,1.0,0.004317479820474752
-23.363951739592707,0.007874015748031496,1.0,0.004454000921517432
-23.33706749788261,0.007874551422691634,1.0,0.004522261472038772
-23.310183256172515,0.007874819287354368,1.0,0.004556391747299442
-23.28329901446242,0.007858479333219936,0.9978401727861771,0.004624652297820782
-23.256414772752322,0.007858880364706482,0.9978401727861771,0.004675847710711787
-23.22953053104223,0.007859014050964515,0.9978401727861771,0.004692912848342122
-23.202646289332133,0.007859682550484,0.9978401727861771,0.004778238536493797
-23.175762047622037,0.007860083704787505,0.9978401727861771,0.004829433949384802
-23.14887780591194,0.007860618640895635,0.9978401727861771,0.004897694499906142
-23.121993564201844,0.007861287413432252,0.9978401727861771,0.004983020188057817
-23.09510932249175,0.007861956299775373,0.9978401727861771,0.005068345876209491
-23.068225080781655,0.007862759113652609,0.9978401727861771,0.005170736701991502
-23.04134083907156,0.007863428250472317,0.9978401727861771,0.005256062390143176
-23.014456597361466,0.007863695937090432,0.9978401727861771,0.005290192665403847
-22.98757235565137,0.007864365233377591,0.9978401727861771,0.005375518353555522
-22.960688113941274,0.007865034643604978,0.9978401727861771,0.005460844041707196
-22.933803872231177,0.007865838086319911,0.9978401727861771,0.005563234867489207
-22.90691963052108,0.007866239869236532,0.9978401727861771,0.005614430280380211
-22.880035388810988,0.007866507747318237,0.9978401727861771,0.005648560555640881
-22.853151147100892,0.007866909598651387,0.9978401727861771,0.0056997559685318866
-22.826266905390796,0.007867847411444142,0.9978401727861771,0.005819211931944231
-22.799382663680703,0.007868919471317619,0.9978401727861771,0.005955733032986911
-22.772498421970607,0.007869053499344246,0.9978401727861771,0.005972798170617246
-22.74561418026051,0.007870125887944397,0.9978401727861771,0.006109319271659926
-22.718729938550414,0.007871332674549357,0.9978401727861771,0.006262905510332941
-22.691845696840318,0.007872405684490338,0.9978401727861771,0.006399426611375621
-22.664961455130225,0.007873076464272934,0.9978401727861771,0.006484752299527296
-22.63807721342013,0.007873344808193732,0.9978401727861771,0.006518882574787966
-22.611192971710032,0.00787428415598582,0.9978401727861771,0.00663833853820031
-22.58430872999994,0.007875357970816855,0.9978401727861771,0.00677485963924299
-22.55742448828984,0.007876029253822943,0.9978401727861771,0.006860185327394666
-22.530540246579747,0.007877103544696595,0.9978401727861771,0.006996706428437346
-22.50365600486965,0.007877909455196522,0.9978401727861771,0.007099097254219355
-22.476771763159554,0.007878715530619553,0.9978401727861771,0.007201488080001366
-22.44988752144946,0.007879387386158202,0.9978401727861771,0.00728681376815304
-22.423003279739362,0.007880059356291255,0.9978401727861771,0.007372139456304715
-22.39611903802927,0.00786380772051925,0.9956803455723542,0.00745746514445639
-22.369234796319173,0.007864478487836501,0.9956803455723542,0.007542790832608065
-22.342350554609077,0.007865551953591537,0.9956803455723542,0.007679311933650745
-22.315466312898984,0.007866894197952218,0.9956803455723542,0.007849963309954095
-22.288582071188888,0.00786796832332059,0.9956803455723542,0.007986484410996775
-22.26169782947879,0.007868505496006008,0.9956803455723542,0.008054744961518114
-22.2348135877687,0.007869714402772324,0.9956803455723542,0.00820833120019113
-22.2079293460586,0.007870923681065392,0.9956803455723542,0.008361917438864145
-22.181045104348506,0.00787132685642085,0.9956803455723542,0.00841311285175515
-22.15416086263841,0.00787199890714115,0.9956803455723542,0.008498438539906825
-22.127276620928313,0.007873074427024626,0.9956803455723542,0.008634959640949505
-22.10039237921822,0.007873343352917065,0.9956803455723542,0.008669089916210175
-22.073508137508124,0.007874419240229571,0.9956803455723542,0.008805611017252853
-22.046623895798028,0.007875360882860413,0.9956803455723542,0.008925066980665199
-22.019739654087935,0.007876033622633774,0.9956803455723542,0.009010392668816874
-21.992855412377835,0.007876437321669599,0.9956803455723542,0.009061588081707879
-21.965971170667743,0.007876975651431013,0.9956803455723542,0.009129848632229218
-21.939086928957646,0.00787886038522671,0.9956803455723542,0.00936876055905391
-21.91220268724755,0.007879937780968497,0.9956803455723542,0.00950528166009659
-21.885318445537457,0.007880746021163478,0.9956803455723542,0.009607672485878599
-21.858434203827358,0.007881958692381343,0.9956803455723542,0.009761258724551613
-21.831549962117265,0.007882902139156307,0.9956803455723542,0.009880714687963959
-21.80466572040717,0.007867282367025824,0.9935205183585313,0.010051366064267308
-21.777781478697072,0.007867955186863935,0.9935205183585313,0.010136691752418983
-21.75089723698698,0.00786862812179268,0.9935205183585313,0.010222017440570658
-21.724012995276883,0.007869705057140903,0.9935205183585313,0.010358538541613338
-21.697128753566787,0.007870782287317774,0.9935205183585313,0.010495059642656018
-21.670244511856694,0.007872398685651698,0.9935205183585313,0.010699841294220037
-21.643360270146594,0.007873746191503201,0.9935205183585313,0.010870492670523388
-21.6164760284365,0.00787522898084265,0.9935205183585313,0.011058209184457072
-21.589591786726405,0.007875903160634181,0.9935205183585313,0.011143534872608747
-21.56270754501631,0.007877116975187082,0.9935205183585313,0.011297121111281762
-21.535823303306216,0.007877791478284697,0.9935205183585313,0.011382446799433437
-21.508939061596116,0.007879140831078072,0.9935205183585313,0.011553098175736787
-21.482054819886024,0.007880490646200233,0.9935205183585313,0.011723749552040138
-21.455170578175927,0.007881570831334384,0.9935205183585313,0.011860270653082818
-21.42828633646583,0.007882921479247353,0.9935205183585313,0.012030922029386167
-21.40140209475574,0.007884002330922428,0.9935205183585313,0.012167443130428847
-21.374517853045642,0.007886435331230283,0.9935205183585313,0.012474615607774877
-21.347633611335546,0.007888193432221555,0.9935205183585313,0.012696462396969232
-21.320749369625453,0.007888734544082591,0.9935205183585313,0.012764722947490571
-21.293865127915353,0.007890222984562607,0.9935205183585313,0.012952439461424256
-21.26698088620526,0.007892253581538989,0.9935205183585313,0.013208416525879282
-21.240096644495164,0.007892930679478381,0.9935205183585313,0.013293742214030957
-21.213212402785068,0.007894962670556938,0.9935205183585313,0.01354971927848598
-21.186328161074975,0.007896182367481462,0.9935205183585313,0.013703305517158995
-21.15944391936488,0.00789794481740295,0.9935205183585313,0.01392515230635335
-21.132559677654783,0.00789970805426756,0.9935205183585313,0.014146999095547706
-21.10567543594469,0.00790052212146194,0.9935205183585313,0.014249389921329715
-21.07879119423459,0.007902015013828527,0.9935205183585313,0.0144371064352634
-21.051906952524497,0.007903644267280631,0.9935205183585313,0.01464188808682742
-21.0250227108144,0.007905002491794265,0.9935205183585313,0.01481253946313077
-20.998138469104305,0.007907720341751044,0.9935205183585313,0.01515384221573747
-20.971254227394212,0.00791003198404237,0.9935205183585313,0.015443949555453165
-20.944369985684112,0.007911256341903861,0.9935205183585313,0.015597535794126179
-20.91748574397402,0.007912072791069678,0.9935205183585313,0.01569992661990819
-20.890601502263923,0.007912889408769545,0.9935205183585313,0.0158023174456902
-20.863717260553827,0.007913978494623657,0.9935205183585313,0.015938838546732878
-20.836833018843734,0.007916157565953638,0.9935205183585313,0.016211880748818238
-20.809948777133638,0.007918065237972286,0.9935205183585313,0.01645079267564293
-20.78306453542354,0.007919701117366527,0.9935205183585313,0.01665557432720695
-20.75618029371345,0.007921201267392203,0.9935205183585313,0.016843290841140633
-20.72929605200335,0.007923384318588949,0.9935205183585313,0.017116333043225993
-20.702411810293256,0.00792543202219121,0.9935205183585313,0.01737231010768102
-20.67552756858316,0.00791079245803316,0.9913606911447084,0.017679482585027047
-20.648643326873064,0.007912838105745858,0.9913606911447084,0.017935459649482073
-20.62175908516297,0.007914748331695205,0.9913606911447084,0.018174371576306764
-20.59487484345287,0.007916796026078858,0.9913606911447084,0.018430348640761787
-20.56799060174278,0.00791843494462271,0.9913606911447084,0.01863513029232581
-20.541106360032682,0.007921304685477608,0.9913606911447084,0.01899349818256284
-20.514222118322586,0.007924176507147296,0.9913606911447084,0.019351866072799876
-20.487337876612493,0.007926639726453218,0.9913606911447084,0.019659038550145908
-20.460453634902397,0.007928556622676709,0.9913606911447084,0.019897950476970596
-20.4335693931923,0.007930611469150094,0.9913606911447084,0.02015392754142562
-20.406685151482208,0.007931570762052876,0.9913606911447084,0.020273383504837966
-20.379800909772108,0.007934587194025722,0.9913606911447084,0.020648816532705335
-20.352916668062015,0.007937331396555301,0.9913606911447084,0.020990119285312036
-20.32603242635192,0.007938704209761666,0.9913606911447084,0.021160770661615386
-20.299148184641822,0.007940489577026208,0.9913606911447084,0.02138261745080974
-20.27226394293173,0.007943375328810743,0.9913606911447084,0.021740985341046775
-20.245379701221633,0.007945850500294291,0.9913606911447084,0.022048157818392804
-20.218495459511537,0.007948051948051949,0.9913606911447084,0.022321200020478164
-20.191611217801444,0.00794984152276703,0.9913606911447084,0.02254304680967252
-20.164726976091345,0.007952182952182953,0.9913606911447084,0.022833154149388215
-20.137842734381252,0.007954112224032164,0.9913606911447084,0.023072066076212906
-20.110958492671156,0.007956869951114656,0.9913606911447084,0.023413368828819604
-20.08407425096106,0.007959905660377358,0.9913606911447084,0.023788801856686973
-20.057190009250967,0.007962529274004685,0.9913606911447084,0.02411303947166334
-20.030305767540867,0.007964601769911504,0.9913606911447084,0.024369016536118365
-20.003421525830774,0.007966813621689172,0.9913606911447084,0.024642058738203725
-19.976537284120678,0.007969026702316053,0.9913606911447084,0.024915100940289082
-19.94965304241058,0.007971933237230144,0.9913606911447084,0.025273468830526117
-19.92276880070049,0.007974703337561026,0.9913606911447084,0.025614771583132818
-19.895884558990392,0.00797567332754127,0.9913606911447084,0.02573422754654516
-19.869000317280296,0.007977198074349571,0.9913606911447084,0.025921944060478846
-19.842116075570203,0.007979278214310548,0.9913606911447084,0.026177921124933872
-19.815231833860103,0.007982053422370617,0.9913606911447084,0.026519223877540573
-19.78834759215001,0.00798483056154756,0.9913606911447084,0.026860526630147274
-19.761463350439914,0.007987053664648152,0.9913606911447084,0.02713356883223263
-19.734579108729818,0.007988860847619876,0.9913606911447084,0.027355415621426987
-19.707694867019725,0.007992199334853999,0.9913606911447084,0.027764978924555025
-19.680810625309626,0.007995540613514032,0.9913606911447084,0.028174542227683067
-19.653926383599533,0.007998327147263317,0.9913606911447084,0.028515844980289765
-19.627042141889437,0.008000139435981456,0.9913606911447084,0.02873769176948412
-19.60015790017934,0.008004185194873135,0.9913606911447084,0.029232580760763835
-19.573273658469247,0.008007396810997523,0.9913606911447084,0.02962507892626154
-19.54638941675915,0.008011729591035242,0.9913606911447084,0.030154098192801924
-19.519505175049055,0.008016207059152273,0.9913606911447084,0.030700182596972644
-19.492620933338962,0.008018447670457523,0.9913606911447084,0.030973224799058004
-19.465736691628862,0.008022091336490903,0.9913606911447084,0.031416918377446715
-19.43885244991877,0.008027563048725034,0.9913606911447084,0.03208245874502978
-19.411968208208673,0.00803037195143287,0.9913606911447084,0.032423761497636476
-19.385083966498577,0.008033042230350548,0.9913606911447084,0.03274799911261284
-19.358199724788484,0.008036839893542513,0.9913606911447084,0.03320875782863189
-19.331315483078388,0.008041063732875513,0.9913606911447084,0.033720711957541935
-19.30443124136829,0.008044586991955413,0.9913606911447084,0.034147340398300315
-19.2775469996582,0.008031705948372615,0.9892008639308856,0.034693424802471035
-19.2506627579481,0.008035510640910926,0.9892008639308856,0.035154183518490076
-19.223778516238006,0.008039883439244461,0.9892008639308856,0.03568320278503046
-19.19689427452791,0.008043695885069988,0.9892008639308856,0.0361439615010495
-19.170010032817814,0.008047087762452781,0.9892008639308856,0.03655352480417755
-19.14312579110772,0.00803332864576009,0.9870410367170627,0.036997218382566255
-19.11624154939762,0.008037850007035318,0.9870410367170627,0.037543302786736975
-19.08935730768753,0.00804124436936937,0.9870410367170627,0.03795286608986501
-19.062473065977432,0.008044924831883956,0.9870410367170627,0.03839655966825373
-19.035588824267336,0.008048892176547254,0.9870410367170627,0.0388743835219031
-19.008704582557243,0.008051444679351656,0.9870410367170627,0.039181555999249135
-18.981820340847147,0.008055560451957483,0.9870410367170627,0.03967644499052885
-18.95493609913705,0.00805953829603372,0.9870410367170627,0.04015426884417823
-18.928051857426958,0.00806366234957829,0.9870410367170627,0.040649157835457944
-18.901167615716858,0.0080669361529364,0.9870410367170627,0.04104165600095565
-18.874283374006765,0.008070640176600441,0.9870410367170627,0.041485349579344355
-18.84739913229667,0.008074347603314547,0.9870410367170627,0.04192904315773307
-18.820514890586573,0.008077772867874504,0.9870410367170627,0.04233860646086111
-18.79363064887648,0.008082058537448051,0.9870410367170627,0.04285056058977116
-18.76674640716638,0.008087493584865591,0.9870410367170627,0.043499035819723884
-18.739862165456287,0.00809264932443201,0.9870410367170627,0.04411338077441595
-18.71297792374619,0.008096807342050247,0.9870410367170627,0.04460826976569566
-18.686093682036095,0.00808467634700282,0.9848812095032398,0.04525674499564839
-18.659209440326002,0.008088261378551917,0.9848812095032398,0.045683373436406764
-18.632325198615906,0.008092424000425917,0.9848812095032398,0.04617826242768648
-18.60544095690581,0.008096734672135513,0.9848812095032398,0.04669021655659653
-18.578556715195717,0.008103065304309195,0.9848812095032398,0.04744108261233127
-18.551672473485617,0.008109550062244354,0.9848812095032398,0.048209013805696345
-18.524788231775524,0.008114023381198954,0.9848812095032398,0.04873803307223673
-18.497903990065428,0.008101996118164497,0.9827213822894169,0.04940357343981979
-18.47101974835533,0.008107482047718323,0.9827213822894169,0.050052048669772524
-18.44413550664524,0.008113264742069507,0.9827213822894169,0.05073465417498592
-18.417251264935143,0.00810222364992683,0.980561555075594,0.05151965050598133
-18.390367023225046,0.00810931499508797,0.980561555075594,0.052355842249867744
-18.363482781514954,0.008115693319747591,0.980561555075594,0.05310670830560248
-18.336598539804854,0.008121209952954225,0.980561555075594,0.053755183535555216
-18.30971429809476,0.008108253235246738,0.978401727861771,0.05431833307735627
-18.282830056384665,0.008111883102929589,0.978401727861771,0.05474496151811464
-18.25594581467457,0.008115952415078113,0.978401727861771,0.055222785371764026
-18.229061572964476,0.008120753634619867,0.978401727861771,0.05578593491356508
-18.202177331254376,0.008108786911126261,0.9762419006479481,0.056468540418778475
-18.175293089544283,0.008114755569917954,0.9762419006479481,0.05716821106162221
-18.148408847834187,0.0081195659984192,0.9762419006479481,0.057731360603423265
-18.12152460612409,0.008124528166229284,0.9762419006479481,0.058311575282854654
-18.094640364413998,0.00813125134921206,0.9762419006479481,0.05909657161385007
-18.0677561227039,0.00813739963273683,0.9762419006479481,0.05981330739432413
-18.040871880993805,0.008141943618841754,0.9762419006479481,0.06034232666086452
-18.013987639283712,0.008147520594120087,0.9762419006479481,0.06099080189081725
-17.987103397573613,0.008152664045308611,0.9762419006479481,0.061588081707878974
-17.96021915586352,0.00816002310803004,0.9762419006479481,0.062441338589395726
-17.933334914153424,0.008164887371520439,0.9762419006479481,0.06300448813119677
-17.906450672443327,0.008172120773820285,0.9762419006479481,0.0638406798750832
-17.879566430733234,0.008177443282555994,0.9762419006479481,0.06445502482977525
-17.852682189023135,0.008183069012962561,0.9762419006479481,0.06510350005972798
-17.825797947313042,0.008190037869865371,0.9762419006479481,0.06590556152835372
-17.798913705602946,0.008197761938444239,0.9762419006479481,0.06679294868513115
-17.77202946389285,0.008169786314700169,0.9719222462203023,0.06771446611716923
-17.745145222182757,0.008177209209354728,0.9719222462203023,0.06856772299868598
-17.71826098047266,0.00818390135670898,0.9719222462203023,0.06933565419205105
-17.691376738762564,0.008192244675040962,0.9719222462203023,0.07029130189934982
-17.66449249705247,0.008199260244520161,0.9719222462203023,0.07109336336797556
-17.63760825534237,0.008206138191367143,0.9719222462203023,0.07187835969897097
-17.61072401363228,0.008216626800810707,0.9719222462203023,0.07307291933309443
-17.583839771922182,0.008223834499899486,0.9719222462203023,0.0738920459393505
-17.556955530212086,0.00819372302289853,0.9676025917926566,0.07459171658219424
-17.530071288501993,0.008201673287809165,0.9676025917926566,0.07549616887660199
-17.503187046791897,0.008207533343104206,0.9676025917926566,0.07616170924418506
-17.4763028050818,0.008214004143671733,0.9676025917926566,0.07689551016228946
-17.449418563371708,0.008224408870612425,0.9676025917926566,0.07807300465878257
-17.422534321661608,0.008231662501837425,0.9676025917926566,0.07889213126503865
-17.395650079951515,0.008239535054807621,0.9676025917926566,0.07977951842181608
-17.36876583824142,0.008247422680412371,0.9676025917926566,0.08066690557859349
-17.341881596531323,0.008237201931227657,0.9654427645788337,0.08157135787300125
-17.31499735482123,0.008247384638092953,0.9654427645788337,0.0827147220942337
-17.28811311311113,0.008236836759192569,0.9632829373650108,0.08358504411338077
-17.261228871401038,0.008244144993437957,0.9632829373650108,0.08440417071963685
-17.23434462969094,0.008253145817912658,0.9632829373650108,0.08541101383982662
-17.207460387980845,0.008262166317778477,0.9632829373650108,0.08641785696001639
-17.180576146270752,0.008271820171371342,0.9632829373650108,0.08749296063072749
-17.153691904560656,0.008281189074772082,0.9632829373650108,0.08853393402617792
-17.12680766285056,0.008288422226351979,0.9632829373650108,0.08933599549480367
-17.099923421140467,0.00829813757046905,0.9632829373650108,0.09041109916551476
-17.073039179430367,0.008306947289998137,0.9632829373650108,0.09138381201044386
-17.046154937720274,0.0082983682983683,0.9611231101511879,0.0924759808187853
-17.019270696010178,0.008307353407881718,0.9611231101511879,0.09346575880134474
-16.99238645430008,0.008317446076782177,0.9611231101511879,0.09457499274731651
-16.96550221258999,0.008326316774253906,0.9611231101511879,0.0955477055922456
-16.93861797087989,0.00833442586106793,0.9611231101511879,0.09643509274902302
-16.911733729169796,0.008344740937986386,0.9611231101511879,0.09756139183262513
-16.8848494874597,0.008355395332244315,0.9611231101511879,0.09872182119148791
-16.857965245749604,0.008364347204992293,0.9611231101511879,0.09969453403641701
-16.83108100403951,0.008355445153277253,0.958963282937365,0.10075257256949777
-16.804196762329415,0.008366308648954211,0.958963282937365,0.10193006706599089
-16.77731252061932,0.008377358490566037,0.958963282937365,0.10312462670011434
-16.750428278909226,0.008387011466026937,0.958963282937365,0.10416560009556478
-16.723544037199126,0.008396527922237561,0.958963282937365,0.10518950835338486
-16.696659795489033,0.00838538709066818,0.9568034557235421,0.10600863495964095
-16.669775553778937,0.008396194230696334,0.9568034557235421,0.10716906431850373
-16.64289131206884,0.008405274641874586,0.9568034557235421,0.10814177716343282
-16.616007070358748,0.008414854212175894,0.9568034557235421,0.10916568542125292
-16.58912282864865,0.008423975051342512,0.9568034557235421,0.11013839826618202
-16.562238586938555,0.008432634103628127,0.9568034557235421,0.1110599156982201
-16.535354345228463,0.008425306418101066,0.9546436285097192,0.11228860560760423
-16.508470103518363,0.008436241482640812,0.9546436285097192,0.11344903496646701
-16.48158586180827,0.0084478507673783,0.9546436285097192,0.11467772487585112
-16.454701620098174,0.008461111430157545,0.9546436285097192,0.1160770661615386
-16.427817378388077,0.008472951731012536,0.9546436285097192,0.11732282120855304
-16.400933136677985,0.008485965518565449,0.9546436285097192,0.11868803221897985
-16.374048894967885,0.008497222062018186,0.9546436285097192,0.11986552671547296
-16.347164653257792,0.008489095074014899,0.9524838012958964,0.1210088909367054
-16.320280411547696,0.008501696483652066,0.9524838012958964,0.1223229065342412
-16.2933961698376,0.008512198888202593,0.9524838012958964,0.12341507534258264
-16.266511928127507,0.008524539462238804,0.9524838012958964,0.12469496066485776
-16.23962768641741,0.008537246399256621,0.9524838012958964,0.12600897626239355
-16.212743444707314,0.008550488599348535,0.9524838012958964,0.12737418727282035
-16.18585920299722,0.008559948756769348,0.9524838012958964,0.12834690011774946
-16.15897496128712,0.008569263354254513,0.9524838012958964,0.12930254782504821
-16.13209071957703,0.00858177006304974,0.9524838012958964,0.13058243314732335
-16.105206477866933,0.00857482509305634,0.9503239740820735,0.13184525333196812
-16.078322236156836,0.00858704137392662,0.9503239740820735,0.13309100837898258
-16.051437994446744,0.00859677230276269,0.9503239740820735,0.134080786361542
-16.024553752736644,0.008590998043052838,0.9481641468682506,0.13546306250959914
-15.997669511026551,0.008583354563091575,0.9460043196544277,0.1366576221437226
-15.970785269316455,0.008599363882671693,0.9460043196544277,0.13827881021860441
-15.94390102760636,0.008611198490091223,0.9460043196544277,0.13947336985272787
-15.917016785896264,0.00862459387614453,0.9460043196544277,0.14082151572552432
-15.89013254418617,0.00863837172609656,0.9460043196544277,0.14220379187358145
-15.863248302476073,0.008631075823112323,0.9438444924406048,0.14343248178296558
-15.836364060765979,0.008642341540591318,0.9438444924406048,0.14455878086656768
-15.809479819055882,0.00865415082382763,0.9438444924406048,0.1457362753630608
-15.782595577345788,0.008646333240788482,0.9416846652267818,0.14691376985955393
-15.755711335635691,0.008658180590583237,0.9416846652267818,0.14809126435604703
-15.728827093925597,0.008670405281788172,0.9416846652267818,0.14930288912780082
-15.7019428522155,0.00868370212511701,0.9416846652267818,0.15061690472533662
-15.675058610505406,0.00867778487073093,0.9395248380129589,0.1519821157357634
-15.64817436879531,0.008689051794738629,0.9395248380129589,0.15309134968173518
-15.621290127085215,0.0087008700870087,0.9395248380129589,0.15425177904059797
-15.594405885375119,0.008716910806965513,0.9395248380129589,0.1558217717025888
-15.567521643665023,0.00872862990609198,0.9395248380129589,0.15696513592382122
-15.540637401954928,0.008742664201302356,0.9395248380129589,0.15833034693424802
-15.513753160244832,0.008759388655081453,0.9395248380129589,0.15995153500912984
-15.486868918534737,0.008775646069115779,0.9395248380129589,0.16152152767112066
-15.459984676824641,0.008771575245563684,0.937365010799136,0.1630573900578508
-15.433100435114547,0.008786136529273625,0.937365010799136,0.16445673134353828
-15.40621619340445,0.008803781163153945,0.937365010799136,0.16614617996894146
-15.379331951694356,0.008819345661450925,0.937365010799136,0.1676308469427806
-15.35244770998426,0.008813352330551598,0.9352051835853131,0.16897899281557704
-15.325563468274165,0.008788206267968925,0.9308855291576674,0.17042952951415552
-15.298679226564069,0.008803284380808431,0.9308855291576674,0.17186300107510366
-15.271794984853974,0.008820038472557606,0.9308855291576674,0.17345005887472484
-15.244910743143878,0.008834863889799935,0.9308855291576674,0.17484940016041228
-15.218026501433783,0.008850829636931165,0.9308855291576674,0.17635113227188176
-15.191142259723687,0.008844278985581768,0.9287257019438445,0.17764808273178723
-15.164258018013593,0.008859038279286332,0.9287257019438445,0.17903035887984436
-15.137373776303496,0.008874579489402101,0.9287257019438445,0.18048089557842284
-15.1104895345934,0.008894220824887271,0.9287257019438445,0.18230686530486867
-15.083605292883306,0.008911917098445596,0.9287257019438445,0.18394511851738085
-15.05672105117321,0.00892949849444502,0.9287257019438445,0.18556630659226267
-15.029836809463115,0.008925227811758831,0.9265658747300216,0.18706803870373215
-15.002952567753018,0.008943835216611767,0.9265658747300216,0.18877455246676564
-14.976068326042924,0.008936961015639682,0.9244060475161987,0.19003737265141044
-14.949184084332828,0.008934362772790994,0.9222462203023758,0.19169269100155292
-14.922299842622733,0.008951781970649894,0.9222462203023758,0.19327974880117407
-14.895415600912637,0.008968138953647113,0.9222462203023758,0.19476441577501322
-14.868531359202542,0.008987959922539361,0.9222462203023758,0.1965562552261984
-14.841647117492446,0.009007108654840003,0.9222462203023758,0.19827983412686223
-14.814762875782352,0.009024812951769032,0.9222462203023758,0.19986689192648338
-14.787878634072255,0.009045077105575327,0.9222462203023758,0.2016757965152989
-14.76099439236216,0.00906158482237596,0.9222462203023758,0.20314339835150771
-14.734110150652064,0.009057470286819892,0.9200863930885529,0.2046451304629772
-14.707225908941968,0.009075415423945462,0.9200863930885529,0.20623218826259834
-14.680341667231875,0.009094984948440403,0.9200863930885529,0.20795576716326217
-14.653457425521779,0.009093437747394998,0.91792656587473,0.209679346063926
-14.626573183811683,0.009031233911103484,0.9092872570194385,0.2116759671666752
-14.599688942101587,0.009050260114364331,0.9092872570194385,0.21334835065444802
-14.57280470039149,0.0090482140548925,0.9071274298056156,0.2150377992798512
-14.545920458681397,0.009064813415923856,0.9071274298056156,0.21648833597842967
-14.519036216971301,0.009085402786190187,0.9071274298056156,0.21828017542961484
-14.492151975261205,0.009079680152555962,0.9049676025917927,0.21964538644004164
-14.465267733551109,0.009078075795417527,0.9028077753779697,0.22136896534070546
-14.438383491841016,0.009074094222609075,0.9006479481641468,0.22288776258980528
-14.41149925013092,0.009093089687956562,0.9006479481641468,0.22452601580231746
-14.384615008420823,0.009113160540233402,0.9006479481641468,0.22624959470298128
-14.357730766710727,0.009128521704866355,0.9006479481641468,0.22756361030051708
-14.330846525000634,0.009152363811948554,0.9006479481641468,0.22959436167852693
-14.303962283290538,0.009151304500857934,0.8984881209503239,0.23135207085445145
-14.277078041580442,0.009149231685001874,0.896328293736501,0.23302445434222427
-14.250193799870345,0.009168839202863328,0.896328293736501,0.23467977269236676
-14.223309558160253,0.009188734390222301,0.896328293736501,0.2363521561801396
-14.196425316450156,0.00920994229915668,0.896328293736501,0.23812693049369443
-14.16954107474006,0.009231864391697996,0.896328293736501,0.23995290022014026
-14.142656833029964,0.009254097446761067,0.896328293736501,0.24179593508421646
-14.115772591319868,0.009277474738442279,0.896328293736501,0.24372429563644432
-14.088888349609775,0.009276271566211068,0.8941684665226782,0.24544787453710815
-14.062004107899678,0.0092973118641784,0.8941684665226782,0.24717145343777197
-14.035119866189582,0.009318238087735489,0.8941684665226782,0.24887796720080546
-14.008235624479486,0.009320484755478324,0.8920086393088553,0.2508745883035547
-13.981351382769393,0.009345371438915666,0.8920086393088553,0.2528882745439342
-13.954467141059297,0.009341768133687051,0.8898488120950324,0.254407071793034
-13.9275828993492,0.009362997977410631,0.8898488120950324,0.2561135855560675
-13.900698657639104,0.009362826616853087,0.8876889848812095,0.25790542500725266
-13.873814415929012,0.009386561914767277,0.8876889848812095,0.2597996552842199
-13.846930174218915,0.009410417859187179,0.8876889848812095,0.26169388556118706
-13.820045932508819,0.009409064830751577,0.8855291576673866,0.2633833341865902
-13.793161690798723,0.009436133486766397,0.8855291576673866,0.26551647639038206
-13.76627744908863,0.009436356505087326,0.8833693304535637,0.2673253809791976
-13.739393207378534,0.009437017162418466,0.8812095032397408,0.2691684158432738
-13.712508965668437,0.009439432242502956,0.8790496760259179,0.2711479718083926
-13.685624723958341,0.00946423588503395,0.8790496760259179,0.2730763323606205
-13.658740482248245,0.009491825835490566,0.8790496760259179,0.27520947456441236
-13.631856240538152,0.009515570934256055,0.8790496760259179,0.2770354442908582
-13.604971998828056,0.009540105949088181,0.8790496760259179,0.2789126094301951
-13.57808775711796,0.009515530285230956,0.8747300215982722,0.2805849929179679
-13.551203515407863,0.009539737127243604,0.8747300215982722,0.28242802778204407
-13.52431927369777,0.009542029807033704,0.8725701943844493,0.28437345347190224
-13.497435031987674,0.009568471413007438,0.8725701943844493,0.28637007457465147
-13.470550790277578,0.009595287858635759,0.8725701943844493,0.288383760815031
-13.443666548567482,0.009621109285323046,0.8725701943844493,0.2903121213672588
-13.416782306857389,0.00964845242644249,0.8725701943844493,0.2923428727452687
-13.389898065147293,0.009677110280732011,0.8725701943844493,0.2944589498114302
-13.363013823437196,0.009705705705705706,0.8725701943844493,0.2965579617399614
-13.3361295817271,0.009738929199913218,0.8725701943844493,0.298981211283469
-13.309245340017007,0.009717891072594097,0.8682505399568035,0.30092663697332717
-13.282361098306911,0.009747108600247315,0.8682505399568035,0.30304271403948874
-13.255476856596815,0.009774838301804211,0.8682505399568035,0.3050393351422379
-13.228592614886718,0.009778102901731285,0.8660907127429806,0.30700182596972647
-13.201708373176622,0.009808237941493004,0.8660907127429806,0.30915203331114866
-13.17482413146653,0.009832046095378202,0.8660907127429806,0.3108414819365518
-13.147939889756433,0.009813084112149532,0.8617710583153347,0.31294049386508305
-13.121055648046337,0.00979400518070803,0.857451403887689,0.3150395057936142
-13.09417140633624,0.009820655534941249,0.857451403887689,0.31691667093295106
-13.067287164626148,0.009849650176152434,0.857451403887689,0.31894742231096096
-13.040402922916051,0.009876604637277341,0.857451403887689,0.3208245874502978
-13.013518681205955,0.009910629587098707,0.857451403887689,0.323179576443284
-12.986634439495859,0.009914127631875422,0.8552915766738661,0.3251250021331422
-12.959750197785766,0.00994050756834099,0.8552915766738661,0.3269339067219577
-12.93286595607567,0.00994536344638316,0.8531317494600432,0.32896465809996756
-12.905981714365574,0.009974243725064391,0.8531317494600432,0.3309271489274561
-12.879097472655477,0.010001265983035827,0.8531317494600432,0.33275311865390195
-12.852213230945384,0.010030981766468586,0.8531317494600432,0.3347497397566511
-12.825328989235288,0.010060105949470252,0.8531317494600432,0.33669516544650935
-12.798444747525192,0.01009507258229401,0.8531317494600432,0.3390160241642349
-12.771560505815096,0.010128984280842116,0.8531317494600432,0.3412515571938088
-12.744676264105,0.010160510340570018,0.8531317494600432,0.3433164388470793
-12.717792022394907,0.010192759270250045,0.8531317494600432,0.34541545077561053
-12.69090778068481,0.010223890254950175,0.8531317494600432,0.34742913701599004
-12.664023538974714,0.010231374483886883,0.8509719222462203,0.3495622792197819
-12.637139297264618,0.010260683871975833,0.8509719222462203,0.3514394443591188
-12.610255055554525,0.010273704023213866,0.8488120950323974,0.3539138893155173
-12.583370813844429,0.01028385539640065,0.8466522678185745,0.35620061775798223
-12.556486572134332,0.010291911242136296,0.8444924406047516,0.3583508250994044
-12.529602330424236,0.01032834086166363,0.8444924406047516,0.3606375535418693
-12.502718088714143,0.010335506439815552,0.8423326133909287,0.3627195003327702
-12.475833847004047,0.01036544850498339,0.8423326133909287,0.3645796003344767
-12.44894960529395,0.010401664266282605,0.8423326133909287,0.3668151333640506
-12.422065363583854,0.010429480665347383,0.8423326133909287,0.3685216471270841
-12.395181121873762,0.010411635270756186,0.838012958963283,0.3706718544685063
-12.368296880163665,0.010445270015614063,0.838012958963283,0.3727196709841465
-12.34141263845357,0.010485919680017296,0.838012958963283,0.37517705080291475
-12.314528396743473,0.010520322117079255,0.838012958963283,0.37724193245618526
-12.287644155033377,0.010528320365634692,0.8358531317494601,0.3793238792470861
-12.260759913323284,0.01056655290102389,0.8358531317494601,0.3815935425519207
-12.233875671613188,0.01060797105421852,0.8358531317494601,0.3840338572330586
-12.206991429903091,0.010645321010067668,0.8358531317494601,0.38621819484974146
-12.180107188192995,0.010683524734982332,0.8358531317494601,0.38843666274168503
-12.153222946482902,0.010717846460618146,0.8358531317494601,0.3904162187068039
-12.126338704772806,0.010727586015229837,0.8336933045356372,0.3925493609105957
-12.09945446306271,0.010708608717476784,0.8293736501079914,0.3946142425638663
-12.072570221352613,0.010718983515714646,0.8272138228941684,0.3967815150429188
-12.04568597964252,0.010752688172043012,0.8272138228941684,0.39869281045751637
-12.018801737932424,0.010739957716701902,0.8228941684665226,0.4011160600010239
-11.991917496222328,0.010780984719864177,0.8228941684665226,0.40341985358111915
-11.965033254512232,0.010825401335416963,0.8228941684665226,0.4058942985375177
-11.938149012802139,0.010864915732740184,0.8228941684665226,0.4080786361542006
-11.911264771092043,0.010846235297484475,0.8185745140388769,0.41016058294510144
-11.884380529381946,0.010857077205882353,0.816414686825054,0.4123107902865237
-11.85749628767185,0.010838233598524155,0.8120950323974082,0.4143927370774245
-11.830612045961754,0.0108164386731064,0.8077753779697624,0.41632109762965236
-11.803727804251661,0.010861042543923333,0.8077753779697624,0.41874434717315995
-11.776843562541565,0.010900929785187561,0.8077753779697624,0.4208945545145822
-11.749959320831469,0.010939190967855159,0.8077753779697624,0.42294237103022236
-11.723075079121372,0.010948048136190196,0.8056155507559395,0.4249560572706019
-11.69619083741128,0.010955999293161336,0.8034557235421166,0.42691854809809043
-11.669306595701183,0.01096757028409259,0.8012958963282938,0.4290687554395126
-11.642422353991087,0.011007922143429369,0.8012958963282938,0.43118483250567413
-11.61553811228099,0.011018135255054943,0.7991360691144709,0.4332497141589447
-11.588653870570898,0.011031719931836527,0.796976241900648,0.43548524718851855
-11.561769628860802,0.011074762147723521,0.796976241900648,0.43770371508046213
-11.534885387150705,0.01106421465179379,0.7926565874730022,0.4402122903121214
-11.508001145440609,0.01111481268360641,0.7926565874730022,0.44278912609430193
-11.481116903730516,0.011120901826137158,0.7904967602591793,0.4446150958207478
-11.45423266202042,0.01116262047090399,0.7904967602591793,0.446714107749279
-11.427348420310324,0.011207054932941392,0.7904967602591793,0.4489325756412225
-11.400464178600227,0.011246312684365782,0.7904967602591793,0.45087800133108075
-11.373579936890131,0.011262998734841238,0.7883369330453563,0.4531988600488063
-11.346695695180038,0.011308712355930103,0.7883369330453563,0.4554343930783802
-11.319811453469942,0.011360806772908367,0.7883369330453563,0.4579600334476698
-11.292927211759846,0.011379267225209454,0.7861771058315334,0.4603320875782863
-11.26604297004975,0.011424267152093402,0.7861771058315334,0.46248229491970855
-11.239158728339657,0.011465289152072572,0.7861771058315334,0.4644277206095667
-11.21227448662956,0.011479712849056007,0.7840172786177105,0.4665779279509889
-11.185390244919464,0.011518690105984641,0.7840172786177105,0.4684038976774348
-11.158506003209368,0.011576731725985457,0.7840172786177105,0.47110018942302767
-11.131621761499275,0.011630514882573452,0.7840172786177105,0.47357463437942626
-11.104737519789179,0.011643989835633183,0.7818574514038877,0.47563951603269683
-11.077853278079083,0.011666612804188346,0.7796976241900648,0.47811396098909537
-11.050969036368986,0.011714313528247396,0.7796976241900648,0.4802641683305176
-11.024084794658894,0.011770459732637756,0.7796976241900648,0.4827727435621768
-10.997200552948797,0.011816693944353519,0.7796976241900648,0.48482056007781704
-10.970316311238701,0.011767412812674622,0.7732181425485961,0.48693663714397856
-10.943432069528605,0.0118147915910366,0.7732181425485961,0.48901858393487946
-10.916547827818508,0.011870813714437297,0.7732181425485961,0.4914588986160173
-10.889663586108416,0.011917046702839452,0.7732181425485961,0.49345551971876656
-10.86277934439832,0.011972042938835569,0.7732181425485961,0.49581050871175275
-10.835895102688223,0.011954331766286097,0.7688984881209503,0.4978753903650233
-10.809010860978127,0.01193566876833339,0.7645788336933045,0.49990614174303316
-10.782126619268034,0.011991463703804071,0.7645788336933045,0.5022611307360194
-10.755242377557938,0.012043274137579097,0.7645788336933045,0.5044284032150719
-10.728358135847841,0.012099254904641466,0.7645788336933045,0.5067492619327975
-10.701473894137745,0.012025838372732271,0.755939524838013,0.5093090325773477
-10.674589652427652,0.012049024684964613,0.7537796976241901,0.511664021570334
-10.647705410717556,0.012095376724197684,0.7537796976241901,0.5135582518473012
-10.62082116900746,0.012124168205414069,0.7516198704103672,0.5161180224918513
-10.593936927297364,0.012105097435538607,0.7473002159827213,0.5181317087322309
-10.56705268558727,0.012162542182227221,0.7473002159827213,0.5204355023123262
-10.540168443877175,0.012185645662616559,0.7451403887688985,0.5227392958924214
-10.513284202167078,0.012250115399637823,0.7451403887688985,0.5252820013993413
-10.486399960456982,0.012236452499018943,0.7408207343412527,0.5275004692912848
-10.459515718746886,0.012286420460651216,0.7408207343412527,0.529445894981143
-10.432631477036793,0.012355907780979827,0.7408207343412527,0.5321251215891056
-10.405747235326697,0.012379642365887207,0.7386609071274298,0.5343947848939402
-10.3788629936166,0.012447679708826206,0.7386609071274298,0.5369716206761207
-10.351978751906504,0.012507314218841428,0.7386609071274298,0.5392071537056946
-10.325094510196411,0.01256244490155745,0.7386609071274298,0.5412549702213348
-10.298210268486315,0.01258999446187927,0.7365010799136069,0.5436099592143211
-10.271326026776219,0.01264367816091954,0.7365010799136069,0.5455724500418095
-10.244441785066122,0.012709653373089824,0.7365010799136069,0.5479615693100565
-10.21755754335603,0.01273265176197431,0.734341252699784,0.5501117766514787
-10.190673301645933,0.012799277217286553,0.734341252699784,0.5524838307820953
-10.163789059935837,0.012821967547940542,0.7321814254859611,0.5545999078482567
-10.13690481822574,0.012845849802371542,0.7300215982721382,0.556750115189679
-10.110020576515648,0.01291308500477555,0.7300215982721382,0.5590880390450349
-10.083136334805552,0.012961613682555509,0.7300215982721382,0.5607604225328078
-10.056252093095456,0.012980509976118944,0.7278617710583153,0.5627058482226659
-10.02936785138536,0.013011656275413392,0.7257019438444925,0.5650608372156521
-10.002483609675263,0.01303755594473633,0.7235421166306696,0.5672281096947047
-9.97559936796517,0.01306013920387894,0.7213822894168467,0.5692759262103448
-9.948715126255074,0.013038014451775055,0.7170626349892009,0.5711189610744211
-9.921830884544978,0.013095097227152606,0.7170626349892009,0.5730131913513883
-9.894946642834881,0.013082259663032706,0.712742980561555,0.5751633986928104
-9.868062401124789,0.013069291150336693,0.7084233261339092,0.5773136060342327
-9.841178159414692,0.013118305451919604,0.7062634989200864,0.5801976142937593
-9.814293917704596,0.013156301707090682,0.7041036717062635,0.5827061895254185
-9.7874096759945,0.013142416744412445,0.6997840172786177,0.5848222665915801
-9.760525434284407,0.013165403114045814,0.6976241900647948,0.5868359528319596
-9.73364119257431,0.013194558269136207,0.6954643628509719,0.5890373555862728
-9.706756950864214,0.013263036493945135,0.6954643628509719,0.591187562927695
-9.679872709154118,0.01324722636198046,0.6911447084233261,0.5932353794433353
-9.652988467444025,0.013315579227696404,0.6911447084233261,0.5953514565094967
-9.626104225733929,0.013348397355427232,0.6889848812095032,0.5976211198143313
-9.599219984023833,0.013379333557724672,0.6868250539956804,0.5998225225686445
-9.572335742313737,0.01340663988158173,0.6846652267818575,0.6019044693595453
-9.54545150060364,0.013464724121819649,0.6846652267818575,0.6036451133978396
-9.518567258893547,0.013537173848059102,0.6846652267818575,0.6057953207392618
-9.491683017183451,0.013566307474348517,0.6825053995680346,0.6078943326677929
-9.464798775473355,0.01355317679558011,0.6781857451403888,0.6099933445963241
-9.437914533763259,0.013611339893363389,0.6781857451403888,0.6116827932217274
-9.411030292053166,0.013683705931058526,0.6781857451403888,0.6137647400126282
-9.38414605034307,0.013710631214683078,0.6760259179265659,0.6157613611153774
-9.357261808632973,0.013688380281690142,0.67170626349892,0.6175873308418233
-9.330377566922877,0.013705897957379079,0.6695464362850972,0.619310909742487
-9.303493325212784,0.013796786683875562,0.6695464362850972,0.621853615249407
-9.276609083502688,0.01386776415853986,0.6695464362850972,0.6238161060768955
-9.249724841792592,0.013852658091211658,0.6652267818574514,0.6258297923172751
-9.222840600082495,0.013890145688173016,0.6630669546436285,0.6280653253468489
-9.195956358372403,0.01391415060021826,0.6609071274298056,0.6299254253485554
-9.169072116662306,0.013981540710956777,0.6609071274298056,0.631734329937371
-9.14218787495221,0.013915679250482227,0.6544276457883369,0.6335944299390774
-9.115303633242114,0.013944683012420927,0.652267818574514,0.6355739859041963
-9.088419391532017,0.014013921113689095,0.652267818574514,0.6373999556306421
-9.061535149821925,0.014096998552957101,0.652267818574514,0.6395672281096947
-9.034650908111828,0.014074595355383532,0.6479481641468683,0.6413761326985102
-9.007766666401732,0.014053289318556945,0.6436285097192225,0.6432191675625863
-8.980882424691636,0.014139305371038148,0.6436285097192225,0.6454205703168996
-8.953998182981543,0.014218235602843647,0.6436285097192225,0.6474171914196488
-8.927113941271447,0.014261019878997408,0.6414686825053996,0.6496697895868531
-8.90022969956135,0.014335360556038228,0.6414686825053996,0.6515128244509292
-8.873345457851254,0.01441607610911562,0.6414686825053996,0.6534923804160481
-8.846461216141162,0.014503369469674773,0.6414686825053996,0.6556084574822096
-8.819576974431065,0.01458957606720047,0.6414686825053996,0.6576733391354801
-8.792692732720969,0.0146230609623555,0.6393088552915767,0.6596187648253383
-8.765808491010873,0.014693472325639117,0.6393088552915767,0.6612740831754809
-8.73892424930078,0.014724967555156234,0.6371490280777538,0.6631512483148176
-8.712040007590684,0.014751630707476166,0.6349892008639308,0.6649089574907422
-8.685155765880587,0.014737054607853033,0.6306695464362851,0.6668543831806003
-8.658271524170491,0.014724549378014725,0.6263498920086393,0.6688510042833495
-8.631387282460395,0.014753177803869519,0.6241900647948164,0.6706428437345348
-8.604503040750302,0.01478363533699502,0.6220302375809935,0.6724688134609805
-8.577618799040206,0.01481596200505911,0.6198704103671706,0.6743289134626871
-8.55073455733011,0.01485791469686737,0.6177105831533477,0.6763937951159577
-8.523850315620013,0.014960506355599729,0.6177105831533477,0.6786463932831618
-8.49696607390992,0.01499210941609679,0.6155507559395248,0.6804552978719773
-8.470081832199824,0.01503361389021227,0.6133909287257019,0.6824689841123569
-8.443197590489728,0.01511522699451807,0.6133909287257019,0.684209628150651
-8.416313348779632,0.015044437305921405,0.6069114470842333,0.6860526630147272
-8.389429107069539,0.015131118410424856,0.6069114470842333,0.6878786327411731
-8.362544865359443,0.015231177841617432,0.6069114470842333,0.6899605795320739
-8.335660623649346,0.015268008070232836,0.6047516198704104,0.6918206795337805
-8.30877638193925,0.015316205533596838,0.6025917926565875,0.6939026263246814
-8.281892140229157,0.015395651694073502,0.6025917926565875,0.6955067492619328
-8.255007898519061,0.015427302996670366,0.6004319654427646,0.6972303281625967
-8.228123656808965,0.015359696157283288,0.593952483801296,0.6991586887148245
-8.201239415098868,0.015442497753818509,0.593952483801296,0.7007969419273367
-8.174355173388772,0.015540235081374322,0.593952483801296,0.7027082373419342
-8.14747093167868,0.015511363636363636,0.5896328293736501,0.7043123602791856
-8.120586689968583,0.015601783060921248,0.5896328293736501,0.7060530043174799
-8.093702448258487,0.015617822691777675,0.5874730021598272,0.7074352804655369
-8.06681820654839,0.015714368247732393,0.5874730021598272,0.7092612501919828
-8.039933964838298,0.01580843891665698,0.5874730021598272,0.7110189593679073
-8.013049723128201,0.015904572564612324,0.5874730021598272,0.7127937336814621
-7.986165481418105,0.01594680475461928,0.5853131749460043,0.714619703407908
-7.959281239708009,0.015887130238899757,0.5788336933045356,0.7167016501988088
-7.932396997997916,0.01598854551962773,0.5788336933045356,0.7185276199252547
-7.90551275628782,0.016083538378443257,0.5788336933045356,0.7202170685506578
-7.8786285145777235,0.01617673688658176,0.5788336933045356,0.72185532176317
-7.851744272867627,0.01628684290489213,0.5788336933045356,0.7237666171777676
-7.8248600311575345,0.016151728357295808,0.5701943844492441,0.725575521766583
-7.797975789447438,0.01618561142224137,0.5680345572354212,0.7271967098414649
-7.771091547737342,0.016156988981057323,0.5637149028077754,0.728783767641086
-7.744207306027246,0.016187274312040843,0.5615550755939525,0.7303366951654465
-7.717323064317149,0.016232138380546504,0.5593952483801296,0.7321285346166316
-7.690438822607057,0.016270416850602258,0.5572354211663066,0.7338009181044045
-7.66355458089696,0.016371597182562345,0.5572354211663066,0.7354733015921774
-7.636670339186864,0.01648246342554143,0.5572354211663066,0.7372822061809928
-7.609786097476768,0.01651883275485281,0.5550755939524838,0.7388863291182444
-7.582901855766675,0.016607431340872374,0.5550755939524838,0.7403027355415621
-7.556017614056579,0.016696985446985446,0.5550755939524838,0.74171914196488
-7.529133372346482,0.016728745997516826,0.5529157667386609,0.7432208740763494
-7.502249130636386,0.016823289741736216,0.5529157667386609,0.7446884759125583
-7.475364888926293,0.01693905908820221,0.5529157667386609,0.746463250226113
-7.448480647216197,0.01698867421718854,0.550755939524838,0.7482038942644073
-7.421596405506101,0.016962789138451225,0.5464362850971922,0.7497909520640283
-7.3947121637960045,0.01694457571052454,0.5421166306695464,0.7514974658270619
-7.367827922085912,0.017067863457092342,0.5421166306695464,0.7533234355535078
-7.3409436803758155,0.017188248989933576,0.5421166306695464,0.7550811447294322
-7.314059438665719,0.01729483910976366,0.5421166306695464,0.7566170071161624
-7.287175196955623,0.017325017325017324,0.5399568034557235,0.7580163484018498
-7.260290955245527,0.017362805941008298,0.5377969762419006,0.7595180805133194
-7.233406713535434,0.017463879927058494,0.5377969762419006,0.7609344869366371
-7.206522471825338,0.01753393665158371,0.5356371490280778,0.762862847488865
-7.179638230115241,0.01758257403189066,0.5334773218142549,0.7644840355637468
-7.152753988405145,0.01770355504587156,0.5334773218142549,0.766122288776259
-7.125869746695052,0.01780693533270853,0.5334773218142549,0.7675045649243161
-7.098985504984956,0.017947972678389768,0.5334773218142549,0.7693646649260226
-7.07210126327486,0.01806744203057567,0.5334773218142549,0.7709175924503832
-7.045217021564763,0.01811887751344185,0.531317494600432,0.7725046502500043
-7.018332779854671,0.018231675683687838,0.531317494600432,0.7739381218109525
-6.991448538144574,0.01835136143230138,0.531317494600432,0.7754398539224219
-6.964564296434478,0.018398918594172423,0.5291576673866091,0.7769415860338914
-6.937680054724382,0.018361795375547833,0.5248380129589633,0.7783067970443182
-6.910795813014289,0.01841985081443142,0.5226781857451404,0.7799279851192
-6.883911571304193,0.0185454824124454,0.5226781857451404,0.7814467823682998
-6.857027329594096,0.01859137545321299,0.5205183585313174,0.7828973190668783
-6.830143087884,0.0186523665190021,0.5183585313174947,0.7845185071417601
-6.803258846173904,0.01867333385420736,0.5161987041036717,0.7856618713629926
-6.776374604463811,0.018633540372670808,0.5118790496760259,0.7869929520981587
-6.749490362753715,0.018678274633953305,0.509719222462203,0.7884093585214764
-6.7226061210436185,0.018651362984218076,0.5053995680345572,0.7898940254953156
-6.695721879333522,0.018705844572896597,0.5032397408207343,0.7914128227444154
-6.6688376376234295,0.018820678513731825,0.5032397408207343,0.7927097732043209
-6.641953395913333,0.018941549467522967,0.5032397408207343,0.7940579190771173
-6.615069154203237,0.019103058129048126,0.5032397408207343,0.7958326933906722
-6.588184912493141,0.019219665099397838,0.5032397408207343,0.7970955135753169
-6.561300670783048,0.019339309428950863,0.5032397408207343,0.7983753988975921
-6.534416429072952,0.0194012376651614,0.5010799136069114,0.7998941961466919
-6.507532187362855,0.019523689304047798,0.5010799136069114,0.8011740814689671
-6.480647945652759,0.019627749576988155,0.5010799136069114,0.8022491851396781
-6.453763703942666,0.019751404733526306,0.5010799136069114,0.803512005324323
-6.42687946223257,0.019857913207224173,0.5010799136069114,0.804587108995034
-6.399995220522474,0.01990521327014218,0.49892008639308855,0.8059011245925698
-6.373110978812377,0.020036429872495445,0.49892008639308855,0.8071980750524753
-6.346226737102281,0.020115445163547314,0.49676025917926564,0.8088021979897267
-6.319342495392188,0.02008102871234807,0.4924406047516199,0.8101332787248929
-6.292458253682092,0.0200550181914988,0.48812095032397407,0.8115496851482107
-6.265574011971996,0.020094668214700365,0.48596112311015116,0.8127613099199645
-6.2386897702618995,0.020114942528735632,0.4838012958963283,0.8137852181777846
-6.211805528551807,0.02023121387283237,0.4838012958963283,0.814877386986126
-6.1849212868417105,0.020267199854585114,0.4816414686825054,0.8160378163449888
-6.158037045131614,0.020298070768949437,0.4794816414686825,0.8171470502909606
-6.131152803421518,0.02042694147957306,0.4794816414686825,0.8183245447874538
-6.104268561711425,0.02047244094488189,0.4773218142548596,0.8195532346968378
-6.077384320001329,0.020526217577906326,0.47516198704103674,0.8208501851567432
-6.050500078291233,0.020620489267972632,0.47516198704103674,0.8216863769006297
-6.023615836581136,0.020760592620552985,0.47516198704103674,0.8229150668100138
-5.996731594871044,0.02081946953132427,0.47300215982721383,0.8242290824075497
-5.969847353160947,0.020873228648027577,0.4708423326133909,0.8254919025921944
-5.942963111450851,0.020917678812415654,0.468682505399568,0.8266693970886875
-5.916078869740755,0.021001458434613516,0.46652267818574517,0.828171129200157
-5.889194628030658,0.02084352676387122,0.46004319654427644,0.8292462328708681
-5.862310386320566,0.020974889217134418,0.46004319654427644,0.8303384016792096
-5.835426144610469,0.02102965975597659,0.45788336933045354,0.831584156726224
-5.808541902900373,0.0210747103475829,0.4557235421166307,0.8327445860850867
-5.781657661190277,0.021114015684697365,0.4535637149028078,0.8338538200310586
-5.754773419480184,0.021244309559939303,0.4535637149028078,0.834894793426509
-5.727889177770088,0.02135014233428223,0.4535637149028078,0.8357309851703953
-5.7010049360599915,0.021494370522006142,0.4535637149028078,0.8368572842539975
-5.674120694349895,0.021318228630278064,0.4470842332613391,0.8378299970989266
-5.6472364526398025,0.021481942714819426,0.4470842332613391,0.8390928172835714
-5.620352210929706,0.021609771374882555,0.4470842332613391,0.8400655301285005
-5.59346796921961,0.021761984861227924,0.4470842332613391,0.8412088943497329
-5.566583727509514,0.021902444185800445,0.4470842332613391,0.8422498677451834
-5.539699485799421,0.022032996274614157,0.4470842332613391,0.8432055154524821
-5.5128152440893246,0.02206748794858061,0.4449244060475162,0.8442123585726719
-5.485931002379228,0.0221286701208981,0.4427645788336933,0.8454069182067954
-5.459046760669132,0.022270505160239002,0.4427645788336933,0.8464137613269851
-5.432162518959036,0.02230971128608924,0.4406047516198704,0.8474376695848052
-5.405278277248943,0.022459539799625675,0.4406047516198704,0.8484786429802557
-5.378394035538847,0.022583859182995682,0.4406047516198704,0.8493318998617724
-5.35150979382875,0.022615864527629235,0.43844492440604754,0.8502875475690711
-5.324625552118654,0.022770611329220414,0.43844492440604754,0.8513285209645216
-5.297741310408561,0.022804244750508015,0.43628509719222464,0.8522841686718203
-5.270857068698465,0.022869495960860166,0.43412526997840173,0.8534445980306831
-5.243972826988369,0.022922636103151862,0.4319654427645788,0.8545197017013942
-5.2170885852782725,0.02297390902793812,0.4298056155507559,0.855577740234475
-5.19020434356818,0.023123402277480828,0.4298056155507559,0.8565333879417738
-5.163320101858083,0.02292665808866534,0.42332613390928725,0.8574549053738119
-5.136435860147987,0.022951977401129944,0.42116630669546434,0.8583422925305892
-5.109551618437891,0.023112480739599383,0.42116630669546434,0.859349135650779
-5.082667376727798,0.023283582089552238,0.42116630669546434,0.8604071741838598
-5.055783135017702,0.02343186733958183,0.42116630669546434,0.8613116264782675
-5.0288988933076055,0.023587758558122656,0.42116630669546434,0.8622502090479359
-5.002014651597509,0.023556694739411695,0.4168466522678186,0.8634788989573201
-4.975130409887413,0.023724646588813767,0.4168466522678186,0.8644686769398795
-4.94824616817732,0.02342007434944238,0.408207343412527,0.86550965033533
-4.921361926467224,0.023589615576635047,0.408207343412527,0.8664994283178894
-4.894477684757128,0.02372285678423497,0.408207343412527,0.8672673595112544
-4.867593443047031,0.023728385712482647,0.4060475161987041,0.8680011604293588
-4.840709201336939,0.023812555711193173,0.4038876889848812,0.869178654925852
-4.813824959626842,0.0238553289726818,0.4017278617710583,0.8701172374955204
-4.786940717916746,0.02376646861276156,0.39740820734341253,0.8710216897899281
-4.76005647620665,0.02392406709140554,0.39740820734341253,0.8718920118090753
-4.733172234496557,0.024131147540983607,0.39740820734341253,0.8730183108926773
-4.706287992786461,0.024300052826201797,0.39740820734341253,0.8739227631870851
-4.679403751076364,0.024526792855238604,0.39740820734341253,0.8751173228212086
-4.652519509366268,0.024534119855208474,0.3952483801295896,0.8758340586016826
-4.625635267656175,0.024696356275303644,0.3952483801295896,0.876670250345569
-4.598751025946079,0.024827024827024827,0.3952483801295896,0.8773357907131522
-4.571866784235983,0.024887187200875155,0.3930885529157667,0.8783085035580812
-4.5449825425258865,0.024927695909654317,0.39092872570194387,0.8791788255772283
-4.51809830081579,0.02511098779134295,0.39092872570194387,0.880083277871636
-4.4912140591056975,0.02504897844948223,0.38660907127429806,0.8811071861294562
-4.464329817395601,0.02518998029833943,0.38660907127429806,0.8817897916346695
-4.437445575685505,0.02520532427074483,0.38444924406047515,0.8825235925527739
-4.410561333975409,0.02536696593986034,0.38444924406047515,0.8832915237461391
-4.383677092265316,0.025423728813559324,0.38228941684665224,0.8842130411781771
-4.35679285055522,0.0255632582322357,0.38228941684665224,0.8848615164081298
-4.329908608845123,0.025775447793796417,0.38228941684665224,0.8858342292530589
-4.303024367135027,0.025659824046920823,0.3779697624190065,0.886602160446424
-4.276140125424934,0.025686448184233834,0.3758099352051836,0.8873700916397891
-4.249255883714838,0.02541239411502452,0.3693304535637149,0.8880868274202631
-4.222371642004742,0.025587311087834803,0.3693304535637149,0.8888718237512585
-4.195487400294645,0.02572976226301535,0.3693304535637149,0.889503233843581
-4.168603158584553,0.025571190800423665,0.3650107991360691,0.8901005136606427
-4.141718916874456,0.02556299452221546,0.36285097192224625,0.8907148586153347
-4.11483467516436,0.025715597734578294,0.36285097192224625,0.8913803989829178
-4.087950433454264,0.02579150579150579,0.36069114470842334,0.8923531118278469
-4.0610661917441675,0.02600031138097462,0.36069114470842334,0.8932404989846243
-4.034181950034075,0.02600657997806674,0.35853131749460043,0.8939060393522074
-4.0072977083239785,0.026008827238335436,0.3563714902807775,0.8945545145821601
-3.980413466613882,0.026023484608060934,0.3542116630669546,0.8952541852250039
-3.953529224903786,0.026050823078152468,0.35205183585313177,0.8960050512807386
-3.926644983193693,0.02609956500724988,0.34989200863930886,0.896841243024625
-3.899760741483597,0.026298701298701297,0.34989200863930886,0.8976433044932507
-3.8728764997735006,0.026470588235294117,0.34989200863930886,0.8983259099984642
-3.8459922580634043,0.02649333552739839,0.34773218142548595,0.8990426457789382
-3.8191080163533115,0.026525198938992044,0.34557235421166305,0.8997935118346729
-3.7922237746432153,0.026504417402900483,0.3434125269978402,0.9003395962388436
-3.765339532933119,0.026200873362445413,0.3369330453563715,0.9010563320193178
-3.7384552912230227,0.02617801047120419,0.3347732181425486,0.9016024164234885
-3.71157104951293,0.02635158109486569,0.3347732181425486,0.9022679567910715
-3.6846868078028336,0.026360835330366313,0.3326133909287257,0.9029334971586546
-3.6578025660927374,0.026220458858030017,0.3282937365010799,0.9036672980767589
-3.630918324382641,0.02639347108873068,0.3282937365010799,0.9043157733067118
-3.6040340826725448,0.026550218340611352,0.3282937365010799,0.9048959879861431
-3.577149840962452,0.026533122474081884,0.326133909287257,0.9054591375279442
-3.5502655992523557,0.02640907479617157,0.32181425485961124,0.9062611989965699
-3.5233813575422595,0.026564449991085756,0.32181425485961124,0.906824348538371
-3.496497115832163,0.02676486437937848,0.32181425485961124,0.9075410843188451
-3.4696128741220704,0.02675343456254519,0.31965442764578833,0.9081212989982764
-3.442728632411974,0.02691887959257912,0.31965442764578833,0.9087015136777078
-3.415844390701878,0.02690336749633968,0.3174946004319654,0.9092646632195088
-3.3889601489917816,0.027101769911504425,0.3174946004319654,0.9099472687247223
-3.362075907281689,0.027267668336115748,0.3174946004319654,0.9105104182665233
-3.3351916655715925,0.027456107583115428,0.3174946004319654,0.9111418283588457
-3.3083074238614962,0.02763677382966723,0.3174946004319654,0.9117391081759074
-3.2814231821514,0.027661993179234557,0.31533477321814257,0.9124217136811208
-3.254538940441307,0.027851964898893553,0.31533477321814257,0.9130360586358129
-3.227654698731211,0.02787925398961738,0.31317494600431967,0.9137186641410263
-3.2007704570211146,0.02773467804499612,0.30885529157667385,0.9144524650591307
-3.1738862153110183,0.027896995708154508,0.30885529157667385,0.9149644191880407
-3.147001973600922,0.02791977978765238,0.30669546436285094,0.9156299595556238
-3.1201177318908293,0.027871120774856692,0.3045356371490281,0.9160736531340126
-3.093233490180733,0.028065286624203822,0.3045356371490281,0.9166709329510743
-3.0663492484706367,0.028101164191087918,0.3023758099352052,0.917370603593918
-3.0394650067605404,0.028231498285944748,0.3023758099352052,0.9177631017594157
-3.0125807650504477,0.028160453808752026,0.3002159827213823,0.918138534787283
-2.9856965233403514,0.028407929695483343,0.3002159827213823,0.9188723357053875
-2.958812281630255,0.028365878725590956,0.2980561555075594,0.9193330944214065
-2.931928039920159,0.02861289653742484,0.2980561555075594,0.9200498302018806
-2.905043798210066,0.028804007514088917,0.2980561555075594,0.9205959146060513
-2.87815955649997,0.028781512605042015,0.2958963282937365,0.9211078687349613
-2.8512753147898735,0.0287344179167547,0.2937365010799136,0.92155156231335
-2.824391073079777,0.028729516918493295,0.2915766738660907,0.9221147118551511
-2.7975068313696845,0.028945111492281305,0.2915766738660907,0.9227119916722129
-2.770622589659588,0.02918918918918919,0.2915766738660907,0.9233775320397959
-2.743738347949492,0.0293605915615485,0.2915766738660907,0.9238382907558149
-2.7168541062393956,0.02952755905511811,0.2915766738660907,0.9242819843342036
-2.6899698645292993,0.029748788012340238,0.2915766738660907,0.9248621990136351
-2.6630856228192066,0.02992021276595745,0.2915766738660907,0.9253058925920238
-2.6362013811091103,0.030133928571428572,0.2915766738660907,0.9258519769961945
-2.609317139399014,0.030085316569375842,0.2894168466522678,0.9262786054369528
-2.5824328976889177,0.030076888285843508,0.28725701943844495,0.9268076247034932
-2.555548655978825,0.030337591240875914,0.28725701943844495,0.9274560999334459
-2.5286644142687287,0.030087276067983462,0.28293736501079914,0.9279339237870954
-2.5017801725586324,0.03028901734104046,0.28293736501079914,0.9284288127783751
-2.474895930848536,0.030394431554524363,0.28293736501079914,0.9286847898428301
-2.4480116891384434,0.030621785881252923,0.28293736501079914,0.9292308742470008
-2.421127447428347,0.030338664158043274,0.2786177105831533,0.9296404375501288
-2.3942432057182508,0.030346135609293504,0.27645788336933047,0.9302035870919299
-2.3673589640081545,0.030563514804202482,0.27645788336933047,0.93071554122084
-2.3404747222980617,0.030791436131825837,0.27645788336933047,0.9312445604873804
-2.3135904805879655,0.031015265325902593,0.27645788336933047,0.9317565146162904
-2.286706238877869,0.031013431013431014,0.27429805615550756,0.9322855338828308
-2.259821997167773,0.03121159990169575,0.27429805615550756,0.9327292274612194
-2.2329377554576766,0.031412317585951026,0.27429805615550756,0.9331729210396081
-2.206053513747584,0.03089957637677548,0.2678185745140389,0.9336336797556273
-2.1791692720374876,0.031108881083793276,0.2678185745140389,0.9340944384716463
-2.1522850303273913,0.03134479271991911,0.2678185745140389,0.9346063926005563
-2.125400788617295,0.0315200813421454,0.2678185745140389,0.9349818256284237
-2.0985165469072022,0.031762295081967214,0.2678185745140389,0.9354937797573337
-2.071632305197106,0.03192584963954686,0.2678185745140389,0.9358350825099404
-2.0447480634870097,0.03180760279286268,0.265658747300216,0.9361081247120258
-2.0178638217769134,0.03177083333333333,0.2634989200863931,0.9365518182904146
-1.9909795800668206,0.03195390256678889,0.2634989200863931,0.9369272513182819
-1.9640953383567243,0.03216451357764303,0.2634989200863931,0.9373538797590403
-1.937211096646628,0.031632110579479,0.2570194384449244,0.9378317036126896
-1.9103268549365318,0.03186930905195501,0.2570194384449244,0.938309527466339
-1.883442613226439,0.03217955651703624,0.2570194384449244,0.938923872421031
-1.8565583715163427,0.032398584263544784,0.2570194384449244,0.9393505008617895
-1.8296741298062464,0.0325759649603066,0.2570194384449244,0.9396918036143962
-1.8027898880961502,0.03274628508530545,0.2570194384449244,0.9400160412293725
-1.7759056463860539,0.03305555555555555,0.2570194384449244,0.9405962559088039
-1.7490214046759611,0.03329602686066033,0.2570194384449244,0.9410399494871926
-1.7221371629658648,0.03353057199211045,0.2570194384449244,0.941466577927951
-1.6952529212557685,0.03376844494892168,0.2570194384449244,0.9418932063687093
-1.6683686795456723,0.03400971706201772,0.2570194384449244,0.9423198348094678
-1.6414844378355795,0.034165948894631065,0.2570194384449244,0.9425928770115531
-1.6146001961254832,0.0341534008683068,0.2548596112311015,0.9430536357275722
-1.587715954415387,0.034392305450306034,0.2548596112311015,0.9434631990307002
-1.5608317127052906,0.03464474456840869,0.2548596112311015,0.9438898274714586
-1.533947470995198,0.03492157443030482,0.2548596112311015,0.9443505861874776
-1.5070632292851016,0.03515043193327376,0.2548596112311015,0.9447260192153449
-1.4801789875750053,0.035382308845577214,0.2548596112311015,0.9451014522432123
-1.453294745864909,0.0352622061482821,0.2526997840172786,0.9453744944452978
-1.4264105041548163,0.03543307086614173,0.2526997840172786,0.9456475366473831
-1.39952626244472,0.03535507467235599,0.2505399568034557,0.9459888393999898
-1.3726420207346237,0.03553921568627451,0.2505399568034557,0.9462789467397055
-1.3457577790245274,0.03585780525502318,0.2505399568034557,0.9467738357309852
-1.3188735373144311,0.03608087091757387,0.2505399568034557,0.9471151384835919
-1.2919892956043384,0.03635224067690379,0.2505399568034557,0.9475247017867199
-1.265105053894242,0.03622047244094488,0.24838012958963282,0.9477806788511749
-1.2382208121841458,0.03614457831325301,0.24622030237580994,0.9481219816037816
-1.2113365704740495,0.036328871892925434,0.24622030237580994,0.948395023805867
-1.1844523287639568,0.036036036036036036,0.24190064794816415,0.9488728476595164
-1.1575680870538605,0.036257688572353515,0.24190064794816415,0.9491970852744928
-1.1306838453437642,0.03655352480417755,0.24190064794816415,0.9496237137152511
-1.103799603633668,0.03679369250985545,0.24190064794816415,0.9499650164678578
-1.0769153619235752,0.037073816617014234,0.24190064794816415,0.9503575146333555
-1.0500311202134789,0.037333333333333336,0.24190064794816415,0.9507158825235925
-1.0231468785033826,0.03765971755211836,0.24190064794816415,0.9511595761019812
-0.9962626367932863,0.037850625211220006,0.24190064794816415,0.9514155531664363
-0.9693783950831936,0.03772943575798776,0.23974082073434125,0.9516885953685217
-0.9424941533730973,0.0376325692781389,0.23758099352051837,0.9519957678458677
-0.915609911663001,0.03759917212832011,0.23542116630669546,0.9523882660113654
-0.8887256699529047,0.037396121883656507,0.23326133909287258,0.9525589173876687
-0.8618414282428084,0.03769633507853403,0.23326133909287258,0.9529514155531664
-0.8349571865327157,0.037557037557037556,0.23110151187904968,0.9532073926176214
-0.8080729448226194,0.037469070342877345,0.22894168466522677,0.9535316302325978
-0.7811887031125231,0.037776193870277974,0.22894168466522677,0.9539241283980955
-0.7543044614024268,0.03806104129263914,0.22894168466522677,0.9542824962883326
-0.7274202196923341,0.03830863751355258,0.22894168466522677,0.9545896687656786
-0.7005359779822378,0.03816793893129771,0.2267818574514039,0.9548456458301336
-0.6736517362721415,0.03847563209967021,0.2267818574514039,0.955221078858001
-0.6467674945620452,0.03802141011443337,0.2224622030237581,0.955528251335347
-0.6198832528519524,0.03789004457652303,0.2203023758099352,0.9558012935374324
-0.5929990111418562,0.03787026621672291,0.21814254859611232,0.9562108568405604
-0.5661147694317599,0.038257575757575754,0.21814254859611232,0.9566716155565794
-0.5392305277216636,0.038461538461538464,0.21814254859611232,0.9569105274834041
-0.5123462860115708,0.03875671527244819,0.21814254859611232,0.9572518302360109
-0.48546204430147455,0.03902627511591963,0.21814254859611232,0.9575590027133569
-0.45857780259137826,0.03892565200467108,0.2159827213822894,0.9578661751907029
-0.43169356088128197,0.03923107100823853,0.2159827213822894,0.9582074779433096
-0.4048093191711857,0.03946329913180742,0.2159827213822894,0.9584634550077646
-0.37792507746109294,0.039603960396039604,0.2159827213822894,0.9586170412464377
-0.35104083575099665,0.039936102236421724,0.2159827213822894,0.9589754091366747
-0.32415659404090036,0.04011231448054553,0.2159827213822894,0.9591631256506084
-0.29727235233080407,0.04048582995951417,0.2159827213822894,0.959555623816106
-0.27038811062071133,0.04079967360261118,0.2159827213822894,0.9598798614310824
-0.24350386891061504,0.041084634346754315,0.2159827213822894,0.9601699687707982
-0.21661962720051875,0.04128819157720892,0.2159827213822894,0.9603747504223622
-0.18973538549042246,0.04107883817427386,0.21382289416846653,0.9605624669362959
-0.16285114378032972,0.041474654377880185,0.21382289416846653,0.9609549651017936
-0.13596690207023343,0.04168421052631579,0.21382289416846653,0.9611597467533576
-0.10908266036013714,0.04194915254237288,0.21382289416846653,0.9614157238178126
-0.08219841865004085,0.04212765957446808,0.21382289416846653,0.9615863751941159
-0.05531417693994811,0.04236200256739409,0.21382289416846653,0.9618082219833103
-0.02842993522985182,0.04263565891472868,0.21382289416846653,0.9620641990477653
-0.001545693519755531,0.04300608166811468,0.21382289416846653,0.962405501800372
0.02533854819034076,0.04323144104803493,0.21382289416846653,0.962610283451936
0.05222278990043705,0.043497363796133566,0.21382289416846653,0.9628491953787607
0.07910703161052979,0.043670048522276135,0.21382289416846653,0.9630027816174337
0.10599127332062608,0.044,0.21382289416846653,0.9632928889571495
0.13287551503072237,0.04425569959767546,0.21382289416846653,0.9635147357463438
0.15975975674081866,0.044514388489208634,0.21382289416846653,0.9637365825355382
0.1866439984509114,0.04432383536861149,0.21166306695464362,0.9639413641871022
0.2135282401610077,0.04464692482915718,0.21166306695464362,0.9642144063891875
0.24041248187110398,0.04483074107959744,0.21166306695464362,0.9643679926278605
0.26729672358120027,0.045182111572153065,0.21166306695464362,0.9646580999675762
0.294180965291293,0.045328399629972246,0.21166306695464362,0.9647775559309886
0.3210652070013893,0.04560260586319218,0.21166306695464362,0.9649994027201829
0.3479494487114856,0.04532710280373832,0.20950323974082075,0.9651359238212256
0.3748336904215819,0.045561296383278535,0.20950323974082075,0.9653236403351593
0.4017179321316746,0.04588457899716178,0.20950323974082075,0.9655796173996143
0.4286021738417709,0.0461465271170314,0.20950323974082075,0.9657843990511783
0.4554864155518672,0.045454545454545456,0.20518358531317496,0.9659550504274816
0.4823706572619635,0.04554170661553212,0.20518358531317496,0.9660233109780031
0.5092548989720598,0.045871559633027525,0.20518358531317496,0.9662792880424581
0.5361391406821525,0.04594330400782014,0.20302375809935205,0.9666888513455861
0.5630233823922488,0.045722713864306784,0.20086393088552915,0.9668765678595198
0.5899076241023451,0.04599406528189911,0.20086393088552915,0.9670813495110838
0.6167918658124414,0.046153846153846156,0.20086393088552915,0.9672008054744962
0.6436761075225341,0.04633781763826607,0.20086393088552915,0.9673373265755388
0.6705603492326304,0.04666332162568992,0.20086393088552915,0.9675762385023635
0.6974445909427267,0.04682779456193353,0.20086393088552915,0.9676956944657759
0.724328832652823,0.04658227848101266,0.19870410367170627,0.9678663458420792
0.7512130743629157,0.04589495155532891,0.19438444924406048,0.9680711274936432
0.778097316073012,0.04608294930875576,0.19438444924406048,0.9682076485946859
0.8049815577831083,0.046248715313463515,0.19438444924406048,0.9683271045580982
0.8318657994932046,0.04655975168132437,0.19438444924406048,0.9685489513472926
0.8587500412032973,0.046875,0.19438444924406048,0.9687707981364869
0.8856342829133936,0.04612159329140461,0.1900647948164147,0.9689414495127904
0.9125185246234899,0.04636459430979979,0.1900647948164147,0.9691121008890937
0.9394027663335862,0.04665959703075292,0.1900647948164147,0.9693168825406577
0.9662870080436825,0.046908315565031986,0.1900647948164147,0.9694875339169611
0.9931712497537752,0.047337278106508875,0.1900647948164147,0.9697776412566768
1.0200554914638715,0.047800108636610536,0.1900647948164147,0.9700848137340228
1.0469397331739678,0.04798255179934569,0.1900647948164147,0.9702042696974351
1.0738239748840641,0.04764512595837897,0.1879049676025918,0.9703237256608475
1.1007082165941569,0.04680616740088106,0.183585313174946,0.9704602467618901
1.1275924583042531,0.046640755136035536,0.18142548596112312,0.9706991586887148
1.1544767000143494,0.04631696428571429,0.17926565874730022,0.9708356797897575
1.1813609417244457,0.04660303200449186,0.17926565874730022,0.9710233963036912
1.2082451834345385,0.046353872244205764,0.1771058315334773,0.9712111128176248
1.2351294251446348,0.04607508532423208,0.17494600431965443,0.9713817641939282
1.262013666854731,0.046285714285714284,0.17494600431965443,0.9715182852949709
1.2888979085648238,0.04655172413793104,0.17494600431965443,0.9716889366712742
1.3157821502749236,0.046875,0.17494600431965443,0.9718937183228383
1.3426663919850164,0.04714784633294528,0.17494600431965443,0.9720643696991417
1.369550633695109,0.04686584651435267,0.17278617710583152,0.972235021075445
1.396434875405209,0.046948356807511735,0.17278617710583152,0.972286216488336
1.4233191171153017,0.047337278106508875,0.17278617710583152,0.9725251284151607
1.4502033588254015,0.04759071980963712,0.17278617710583152,0.9726787146538337
1.4770876005354943,0.04778972520908005,0.17278617710583152,0.972798170617246
1.503971842245587,0.04807692307692308,0.17278617710583152,0.9729688219935494
1.5308560839556868,0.04839685420447671,0.17278617710583152,0.9731565385074831
1.5577403256657796,0.048573163327261686,0.17278617710583152,0.9732589293332651
1.5846245673758794,0.0488997555012225,0.17278617710583152,0.9734466458471988
1.6115088090859722,0.04914004914004914,0.17278617710583152,0.9735831669482414
1.638393050796065,0.04870530209617756,0.17062634989200864,0.9736684926363931
1.6652772925061647,0.048977061376317424,0.17062634989200864,0.9738220788750661
1.6921615342162575,0.048598130841121495,0.16846652267818574,0.9739415348384785
1.7190457759263502,0.04827586206896552,0.16630669546436286,0.9740951210771515
1.74593001763645,0.04864181933038535,0.16630669546436286,0.9742999027287155
1.7728142593465428,0.049013367281986,0.16630669546436286,0.9745046843802795
1.7996985010566426,0.04878048780487805,0.16414686825053995,0.9747094660318435
1.8265827427667354,0.04832474226804124,0.16198704103671707,0.9747947917199952
1.8534669844768281,0.048638132295719845,0.16198704103671707,0.9749654430962986
1.880351226186928,0.0489556135770235,0.16198704103671707,0.975136094472602
1.9072354678970207,0.04924491135915955,0.16198704103671707,0.975289680711275
1.9341197096071205,0.04947229551451187,0.16198704103671707,0.9754091366746873
1.9610039513172133,0.0499001996007984,0.16198704103671707,0.9756309834638817
1.987888193027306,0.04956463496316142,0.15982721382289417,0.9757845697025547
2.014772434737406,0.049966239027684,0.15982721382289417,0.9759893513541187
2.0416566764474986,0.050340136054421766,0.15982721382289417,0.9761770678680524
2.0685409181575913,0.050034270047978065,0.15766738660907129,0.9763477192443557
2.095425159867691,0.050206327372764786,0.15766738660907129,0.9764330449325074
2.122309401577784,0.05031013094417643,0.15766738660907129,0.9764842403453984
2.1491936432878838,0.05072967338429465,0.15766738660907129,0.9766890219969624
2.1760778849979765,0.05104895104895105,0.15766738660907129,0.9768426082356354
2.2029621267080692,0.05137227304714989,0.15766738660907129,0.9769961944743084
2.229846368418169,0.051590106007067135,0.15766738660907129,0.9770985853000904
2.256730610128262,0.05203136136849608,0.15766738660907129,0.9773033669516544
2.2836148518383546,0.05244252873563218,0.15766738660907129,0.9774910834655881
2.3104990935484544,0.05236363636363636,0.15550755939524838,0.9777641256676735
2.337383335258547,0.051824817518248176,0.15334773218142547,0.9778323862181949
2.364267576968647,0.05224429727740986,0.15334773218142547,0.9780201027321286
2.3911518186787397,0.052592592592592594,0.15334773218142547,0.9781736889708016
2.4180360603888325,0.052316890881913304,0.1511879049676026,0.9783614054847353
2.4449203020989323,0.05259203606311044,0.1511879049676026,0.9784808614481476
2.471804543809025,0.05120481927710843,0.1468682505399568,0.9784979265857779
2.498688785519125,0.05143721633888049,0.1468682505399568,0.97860031741156
2.5255730272292176,0.05178979436405179,0.1468682505399568,0.978753903650233
2.5524572689393104,0.05153846153846154,0.1447084233261339,0.978958685301797
2.57934151064941,0.05185758513931889,0.1447084233261339,0.9790952064028396
2.606225752359503,0.05218068535825545,0.1447084233261339,0.9792317275038823
2.6331099940695957,0.05267295597484277,0.1447084233261339,0.9794365091554463
2.6599942357796955,0.052050473186119876,0.14254859611231102,0.9794877045683373
2.6868784774897883,0.052339413164155434,0.14254859611231102,0.9796071605317497
2.713762719199888,0.052547770700636945,0.14254859611231102,0.9796924862199013
2.740646960909981,0.05275779376498801,0.14254859611231102,0.979777811908053
2.7675312026200736,0.05292702485966319,0.14254859611231102,0.9798460724585744
2.7944154443301734,0.052377115229653506,0.14038876889848811,0.979931398146726
2.821299686040266,0.052759740259740256,0.14038876889848811,0.980084984385399
2.848183927750366,0.05310457516339869,0.14038876889848811,0.9802215054864417
2.8750681694604587,0.053366174055829226,0.14038876889848811,0.9803238963122237
2.9019524111705515,0.05358615004122012,0.14038876889848811,0.9804092220003754
2.9288366528806513,0.05394190871369295,0.14038876889848811,0.9805457431014181
2.955720894590744,0.05337781484570475,0.13822894168466524,0.9806310687895697
2.982605136300837,0.053646269907795474,0.13822894168466524,0.9807334596153517
3.0094893780109366,0.05298570227081581,0.13606911447084233,0.9807846550282429
3.0363736197210294,0.053164556962025315,0.13606911447084233,0.9808529155787642
3.063257861431129,0.05343511450381679,0.13606911447084233,0.9809553064045462
3.090142103141222,0.05281090289608177,0.13390928725701945,0.9810235669550675
3.1170263448513147,0.05317324185248713,0.13390928725701945,0.9811600880561102
3.1439105865614145,0.05363321799307959,0.13390928725701945,0.9813307394324136
3.1707948282715073,0.05391304347826087,0.13390928725701945,0.9814331302581956
3.1976790699816,0.05419580419580419,0.13390928725701945,0.9815355210839776
3.2245633116917,0.05472197705207414,0.13390928725701945,0.9817232375979112
3.2514475534017926,0.054270462633451956,0.13174946004319654,0.9818597586989539
3.2783317951118924,0.053811659192825115,0.12958963282937366,0.9819962797999966
3.305216036821985,0.05405405405405406,0.12958963282937366,0.9820816054881483
3.332100278532078,0.05434782608695652,0.12958963282937366,0.9821839963139303
3.3589845202421778,0.0545950864422202,0.12958963282937366,0.982269322002082
3.3858687619522705,0.054844606946983544,0.12958963282937366,0.9823546476902336
3.4127530036623703,0.05504587155963303,0.12958963282937366,0.982422908240755
3.439637245372463,0.055248618784530384,0.12958963282937366,0.9824911687912763
3.466521487082556,0.055710306406685235,0.12958963282937366,0.9826447550299493
3.4934057287926557,0.0552434456928839,0.12742980561555076,0.982781276130992
3.5202899705027484,0.05566037735849057,0.12742980561555076,0.9829177972320347
3.547174212212841,0.0560303893637227,0.12742980561555076,0.983037253195447
3.574058453922941,0.05624404194470925,0.12742980561555076,0.9831055137459683
3.6009426956330337,0.05566218809980806,0.12526997840172785,0.9832079045717503
3.6278269373431336,0.055876685934489405,0.12526997840172785,0.9832761651222717
3.6547111790532263,0.05614714424007745,0.12526997840172785,0.9833614908104233
3.681595420763319,0.05625606207565471,0.12526997840172785,0.983395621085684
3.708479662473419,0.055609756097560976,0.12311015118790497,0.9834809467738357
3.7353639041835116,0.05577299412915851,0.12311015118790497,0.9835321421867267
3.7622481458936115,0.05539070227497527,0.12095032397408208,0.98370279356303
3.789132387603704,0.05550049554013875,0.12095032397408208,0.9837369238382908
3.816016629313797,0.05583250249252243,0.12095032397408208,0.9838393146640728
3.8429008710238968,0.05628140703517588,0.12095032397408208,0.9839758357651155
3.8697851127339895,0.056622851365015166,0.12095032397408208,0.9840782265908975
3.8966693544440822,0.05527123848515865,0.11663066954643629,0.9842488779672008
3.923553596154182,0.05567010309278351,0.11663066954643629,0.9843683339306132
3.950437837864275,0.05595854922279793,0.11663066954643629,0.9844536596187649
3.9773220795743747,0.056308654848800835,0.11663066954643629,0.9845560504445469
4.004206321284467,0.05660377358490566,0.11663066954643629,0.9846413761326985
4.03109056299456,0.05666316894018888,0.11663066954643629,0.9846584412703289
4.05797480470466,0.056782334384858045,0.11663066954643629,0.9846925715455895
4.084859046414753,0.05714285714285714,0.11663066954643629,0.9847949623713715
4.1117432881248455,0.0576307363927428,0.11663066954643629,0.9849314834724142
4.138627529834945,0.05806451612903226,0.11663066954643629,0.9850509394358266
4.165511771545038,0.058315334773218146,0.11663066954643629,0.9851191999863479
4.192396013255138,0.058823529411764705,0.11663066954643629,0.9852557210873906
4.219280254965231,0.05914567360350493,0.11663066954643629,0.9853410467755422
4.246164496675323,0.059602649006622516,0.11663066954643629,0.9854605027389546
4.273048738385423,0.05902004454342984,0.11447084233261338,0.9855799587023669
4.299932980095516,0.059684684684684686,0.11447084233261338,0.9857506100786703
4.326817221805616,0.06036446469248292,0.11447084233261338,0.9859212614549736
4.3537014635157085,0.06077981651376147,0.11447084233261338,0.9860236522807556
4.380585705225801,0.06091954022988506,0.11447084233261338,0.9860577825560163
4.407469946935901,0.059907834101382486,0.11231101511879049,0.9860748476936466
4.434354188645994,0.059027777777777776,0.1101511879049676,0.9861260431065376
4.461238430356087,0.05930232558139535,0.1101511879049676,0.986194303657059
4.488122672066186,0.059371362048894066,0.1101511879049676,0.9862113687946893
4.515006913776279,0.05992949471210341,0.1101511879049676,0.986347889895732
4.541891155486379,0.06028368794326241,0.1101511879049676,0.9864332155838836
4.568775397196472,0.05931198102016608,0.1079913606911447,0.9864673458591443
4.5956596389065645,0.059665871121718374,0.1079913606911447,0.986552671547296
4.622543880616664,0.05995203836930456,0.1079913606911447,0.9866209320978173
4.649428122326757,0.06016847172081829,0.1079913606911447,0.9866721275107083
4.676312364036857,0.060459492140266025,0.1079913606911447,0.9867403880612298
4.70319660574695,0.05953827460510328,0.10583153347732181,0.9867915834741208
4.730080847457042,0.06004901960784314,0.10583153347732181,0.9869110394375331
4.756965089167142,0.06027060270602706,0.10583153347732181,0.9869622348504241
4.783849330877235,0.06086956521739131,0.10583153347732181,0.9870987559514668
4.810733572587328,0.06132665832290363,0.10583153347732181,0.9872011467772488
4.8376178142974275,0.0617906683480454,0.10583153347732181,0.9873035376030308
4.86450205600752,0.062261753494282084,0.10583153347732181,0.9874059284288128
4.89138629771762,0.0625,0.10583153347732181,0.9874571238417038
4.918270539427713,0.06265984654731457,0.10583153347732181,0.9874912541169645
4.945154781137806,0.06217616580310881,0.10367170626349892,0.9876448403556375
4.972039022847905,0.06233766233766234,0.10367170626349892,0.9876789706308982
4.998923264557998,0.06307490144546649,0.10367170626349892,0.9878325568695712
5.025807506268091,0.062169312169312166,0.10151187904967603,0.9879008174200925
5.052691747978191,0.06275033377837116,0.10151187904967603,0.9880202733835048
5.0795759896882835,0.06308724832214765,0.10151187904967603,0.9880885339340262
5.106460231398383,0.06334231805929919,0.10151187904967603,0.9881397293469172
5.133344473108476,0.06377204884667571,0.10151187904967603,0.9882250550350689
5.160228714818569,0.06403269754768393,0.10151187904967603,0.9882762504479599
5.187112956528669,0.06464924346629987,0.10151187904967603,0.9883957064113722
5.213997198238761,0.06536856745479833,0.10151187904967603,0.9885322275124149
5.240881439948861,0.06582633053221289,0.10151187904967603,0.9886175532005665
5.267765681658954,0.06506364922206506,0.09935205183585313,0.9887199440263486
5.294649923369047,0.06543385490753911,0.09935205183585313,0.9887882045768699
5.321534165079147,0.06465517241379311,0.09719222462203024,0.9888905954026519
5.348418406789239,0.06502890173410404,0.09719222462203024,0.9889588559531732
5.375302648499332,0.06521739130434782,0.09719222462203024,0.9889929862284339
5.402186890209432,0.06559766763848396,0.09719222462203024,0.9890612467789552
5.429071131919525,0.06607929515418502,0.09719222462203024,0.9891465724671069
5.4559553736296245,0.06656804733727811,0.09719222462203024,0.9892318981552586
5.482839615339717,0.06666666666666667,0.09719222462203024,0.9892489632928889
5.50972385704981,0.06696428571428571,0.09719222462203024,0.9893001587057799
5.53660809875991,0.06756756756756757,0.09719222462203024,0.9894025495315619
5.5634923404700025,0.06818181818181818,0.09719222462203024,0.9895049403573439
5.590376582180102,0.0684931506849315,0.09719222462203024,0.9895561357702349
5.617260823890195,0.06880733944954129,0.09719222462203024,0.9896073311831259
5.644145065600288,0.06912442396313365,0.09719222462203024,0.989658526596017
5.671029307310388,0.06933744221879815,0.09719222462203024,0.9896926568712777
5.69791354902048,0.0695517774343122,0.09719222462203024,0.9897267871465384
5.724797790730573,0.06998444790046657,0.09719222462203024,0.9897950476970597
5.751682032440673,0.07020280811232449,0.09719222462203024,0.9898291779723204
5.778566274150766,0.0706436420722135,0.09719222462203024,0.9898974385228417
5.805450515860866,0.07097791798107256,0.09719222462203024,0.9899486339357327
5.832334757570958,0.06973058637083994,0.09503239740820735,0.9899827642109934
5.859218999281051,0.07017543859649122,0.09503239740820735,0.9900510247615147
5.886103240991151,0.0704,0.09503239740820735,0.9900851550367754
5.912987482701244,0.07096774193548387,0.09503239740820735,0.9901704807249271
5.939871724411336,0.07108239095315025,0.09503239740820735,0.9901875458625574
5.966755966121436,0.07119741100323625,0.09503239740820735,0.9902046110001878
5.993640207831529,0.0713128038897893,0.09503239740820735,0.9902216761378181
6.020524449541629,0.07142857142857142,0.09503239740820735,0.9902387412754484
6.0474086912517215,0.07177814029363784,0.09503239740820735,0.9902899366883394
6.074292932961814,0.0722495894909688,0.09503239740820735,0.9903581972388608
6.101177174671914,0.07272727272727272,0.09503239740820735,0.9904264577893821
6.128061416382007,0.07308970099667775,0.09503239740820735,0.9904776532022731
6.154945658092107,0.07357859531772576,0.09503239740820735,0.9905459137527944
6.181829899802199,0.0738255033557047,0.09503239740820735,0.9905800440280551
6.208714141512292,0.0727580372250423,0.09287257019438445,0.9906483045785764
6.235598383222392,0.07312925170068027,0.09287257019438445,0.9906994999914674
6.262482624932485,0.07032590051457976,0.08855291576673865,0.9907506954043585
6.2893668666425775,0.07081174438687392,0.08855291576673865,0.9908189559548798
6.316251108352677,0.07130434782608695,0.08855291576673865,0.9908872165054011
6.34313535006277,0.06854130052724078,0.08423326133909287,0.9909554770559225
6.37001959177287,0.06878306878306878,0.08423326133909287,0.9909896073311831
6.396903833482963,0.06902654867256637,0.08423326133909287,0.9910237376064438
6.423788075193055,0.06927175843694494,0.08423326133909287,0.9910578678817045
6.450672316903155,0.06976744186046512,0.08423326133909287,0.9911261284322258
6.477556558613248,0.07014388489208633,0.08423326133909287,0.9911773238451168
6.504440800323348,0.07027027027027027,0.08423326133909287,0.9911943889827471
6.5313250420334406,0.0703971119133574,0.08423326133909287,0.9912114541203775
6.558209283743533,0.07078039927404718,0.08423326133909287,0.9912626495332685
6.585093525453633,0.0712979890310786,0.08423326133909287,0.9913309100837898
6.611977767163726,0.07142857142857142,0.08423326133909287,0.9913479752214202
6.638862008873819,0.0718232044198895,0.08423326133909287,0.9913991706343112
6.6657462505839185,0.07235621521335807,0.08423326133909287,0.9914674311848325
6.692630492294011,0.07262569832402235,0.08423326133909287,0.9915015614600932
6.719514734004111,0.07303370786516854,0.08423326133909287,0.9915527568729842
6.746398975714204,0.07344632768361582,0.08423326133909287,0.9916039522858752
6.7732832174242965,0.07358490566037736,0.08423326133909287,0.9916210174235055
6.800167459134396,0.07358490566037736,0.08423326133909287,0.9916210174235055
6.827051700844489,0.07386363636363637,0.08423326133909287,0.9916551476987662
6.853935942554582,0.07442748091603053,0.08423326133909287,0.9917234082492875
6.880820184264682,0.07471264367816093,0.08423326133909287,0.9917575385245482
6.907704425974774,0.0735009671179884,0.08207343412526998,0.9918257990750695
6.934588667684874,0.07254901960784314,0.07991360691144708,0.9919281899008515
6.961472909394967,0.07297830374753451,0.07991360691144708,0.9919793853137425
6.98835715110506,0.07297830374753451,0.07991360691144708,0.9919793853137425
7.01524139281516,0.073558648111332,0.07991360691144708,0.9920476458642639
7.042125634525252,0.074,0.07991360691144708,0.9920988412771549
7.069009876235352,0.07243460764587525,0.07775377969762419,0.9921329715524155
7.095894117945445,0.0728744939271255,0.07775377969762419,0.9921841669653065
7.122778359655538,0.07346938775510205,0.07775377969762419,0.9922524275158279
7.1496626013656375,0.0736196319018405,0.07775377969762419,0.9922694926534582
7.17654684307573,0.07231404958677685,0.0755939524838013,0.9923377532039795
7.203431084785823,0.07276507276507277,0.0755939524838013,0.9923889486168705
7.230315326495923,0.07276507276507277,0.0755939524838013,0.9923889486168705
7.2571995682060155,0.07337526205450734,0.0755939524838013,0.9924572091673919
7.284083809916115,0.07383966244725738,0.0755939524838013,0.9925084045802829
7.310968051626208,0.07399577167019028,0.0755939524838013,0.9925254697179132
7.337852293336301,0.07415254237288135,0.0755939524838013,0.9925425348555436
7.364736535046401,0.07446808510638298,0.0755939524838013,0.9925766651308042
7.391620776756493,0.07446808510638298,0.0755939524838013,0.9925766651308042
7.418505018466593,0.07478632478632478,0.0755939524838013,0.992610795406065
7.445389260176686,0.07543103448275862,0.0755939524838013,0.9926790559565863
7.472273501886779,0.07543103448275862,0.0755939524838013,0.9926790559565863
7.499157743596879,0.07592190889370933,0.0755939524838013,0.9927302513694773
7.526041985306971,0.07641921397379912,0.0755939524838013,0.9927814467823683
7.552926227017064,0.07658643326039387,0.0755939524838013,0.9927985119199987
7.579810468727164,0.07675438596491228,0.0755939524838013,0.992815577057629
7.606694710437257,0.07760532150776053,0.0755939524838013,0.9929009027457807
7.6335789521473565,0.07882882882882883,0.0755939524838013,0.993020358709193
7.660463193857449,0.07936507936507936,0.0755939524838013,0.993071554122084
7.687347435567542,0.07972665148063782,0.0755939524838013,0.9931056843973447
7.714231677277642,0.07990867579908675,0.0755939524838013,0.993122749534975
7.7411159189877345,0.08027522935779817,0.0755939524838013,0.9931568798102357
7.768000160697827,0.08045977011494253,0.0755939524838013,0.993173944947866
7.794884402407927,0.07852193995381063,0.0734341252699784,0.9931910100854964
7.82176864411802,0.07925407925407925,0.0734341252699784,0.9932592706360177
7.84865288582812,0.08018867924528301,0.0734341252699784,0.9933445963241694
7.8755371275382124,0.08056872037914692,0.0734341252699784,0.99337872659943
7.902421369248305,0.081145584725537,0.0734341252699784,0.993429922012321
7.929305610958405,0.0815347721822542,0.0734341252699784,0.9934640522875817
7.956189852668498,0.0819277108433735,0.0734341252699784,0.9934981825628424
7.983074094378598,0.0819277108433735,0.0734341252699784,0.9934981825628424
8.00995833608869,0.0825242718446602,0.0734341252699784,0.9935493779757334
8.036842577798783,0.08292682926829269,0.0734341252699784,0.9935835082509941
8.063726819508883,0.08353808353808354,0.0734341252699784,0.9936347036638851
8.090611061218976,0.0794044665012407,0.06911447084233262,0.9936688339391457
8.117495302929068,0.0798004987531172,0.06911447084233262,0.9937029642144064
8.144379544639168,0.08040201005025126,0.06911447084233262,0.9937541596272974
8.171263786349261,0.08060453400503778,0.06911447084233262,0.9937712247649277
8.19814802805936,0.0810126582278481,0.06911447084233262,0.9938053550401884
8.225032269769454,0.07888040712468193,0.06695464362850972,0.9938224201778187
8.251916511479546,0.07948717948717948,0.06695464362850972,0.9938736155907097
8.278800753189646,0.08010335917312661,0.06695464362850972,0.9939248110036007
8.305684994899739,0.08010335917312661,0.06695464362850972,0.9939248110036007
8.332569236609839,0.08093994778067885,0.06695464362850972,0.9939930715541221
8.359453478319931,0.08157894736842106,0.06695464362850972,0.9940442669670131
8.386337720030024,0.08244680851063829,0.06695464362850972,0.9941125275175344
8.413221961740124,0.08333333333333333,0.06695464362850972,0.9941807880680558
8.440106203450217,0.08355795148247978,0.06695464362850972,0.9941978532056861
8.46699044516031,0.08378378378378379,0.06695464362850972,0.9942149183433164
8.49387468687041,0.08446866485013624,0.06695464362850972,0.9942661137562074
8.520758928580502,0.08493150684931507,0.06695464362850972,0.9943002440314681
8.547643170290602,0.08516483516483517,0.06695464362850972,0.9943173091690984
8.574527412000695,0.0856353591160221,0.06695464362850972,0.9943514394443591
8.601411653710787,0.08635097493036212,0.06695464362850972,0.9944026348572501
8.628295895420887,0.08707865168539326,0.06695464362850972,0.9944538302701411
8.65518013713098,0.08498583569405099,0.06479481641468683,0.9944879605454018
8.682064378841073,0.08498583569405099,0.06479481641468683,0.9944879605454018
8.708948620551173,0.08262108262108261,0.06263498920086392,0.9945050256830321
8.735832862261265,0.08357348703170028,0.06263498920086392,0.9945732862335535
8.762717103971365,0.08430232558139535,0.06263498920086392,0.9946244816464445
8.789601345681458,0.0847953216374269,0.06263498920086392,0.9946586119217051
8.81648558739155,0.08529411764705883,0.06263498920086392,0.9946927421969658
8.84336982910165,0.0855457227138643,0.06263498920086392,0.9947098073345961
8.870254070811743,0.08605341246290801,0.06263498920086392,0.9947439376098568
8.897138312521843,0.08656716417910448,0.06263498920086392,0.9947780678851175
8.924022554231936,0.08682634730538923,0.06263498920086392,0.9947951330227478
8.950906795942029,0.08682634730538923,0.06263498920086392,0.9947951330227478
8.977791037652128,0.08787878787878788,0.06263498920086392,0.9948633935732691
9.004675279362221,0.08814589665653495,0.06263498920086392,0.9948804587108995
9.031559521072314,0.08895705521472393,0.06263498920086392,0.9949316541237905
9.058443762782414,0.08978328173374613,0.06263498920086392,0.9949828495366815
9.085328004492506,0.09034267912772585,0.06263498920086392,0.9950169798119421
9.112212246202606,0.09119496855345911,0.06263498920086392,0.9950681752248332
9.139096487912699,0.08832807570977919,0.06047516198704104,0.9950681752248332
9.165980729622792,0.08974358974358974,0.06047516198704104,0.9951535009129848
9.192864971332892,0.08681672025723473,0.058315334773218146,0.9951535009129848
9.219749213042984,0.08709677419354839,0.058315334773218146,0.9951705660506152
9.246633454753084,0.08766233766233766,0.058315334773218146,0.9952046963258758
9.273517696463177,0.08766233766233766,0.058315334773218146,0.9952046963258758
9.30040193817327,0.08766233766233766,0.058315334773218146,0.9952046963258758
9.32728617988337,0.08823529411764706,0.058315334773218146,0.9952388266011365
9.354170421593462,0.08852459016393442,0.058315334773218146,0.9952558917387668
9.381054663303555,0.08881578947368421,0.058315334773218146,0.9952729568763972
9.407938905013655,0.0891089108910891,0.058315334773218146,0.9952900220140275
9.434823146723748,0.08970099667774087,0.058315334773218146,0.9953241522892882
9.461707388433847,0.09,0.058315334773218146,0.9953412174269185
9.48859163014394,0.087248322147651,0.056155507559395246,0.9953582825645488
9.515475871854033,0.08783783783783784,0.056155507559395246,0.9953924128398095
9.542360113564133,0.08873720136518772,0.056155507559395246,0.9954436082527005
9.569244355274225,0.08996539792387544,0.056155507559395246,0.9955118688032218
9.596128596984318,0.08771929824561403,0.05399568034557235,0.995563064216113
9.623012838694418,0.08833922261484099,0.05399568034557235,0.9955971944913736
9.64989708040451,0.08896797153024912,0.05399568034557235,0.9956313247666343
9.67678132211461,0.08992805755395683,0.05399568034557235,0.9956825201795253
9.703665563824703,0.09124087591240876,0.05399568034557235,0.9957507807300466
9.730549805534796,0.09124087591240876,0.05399568034557235,0.9957507807300466
9.757434047244896,0.09157509157509157,0.05399568034557235,0.995767845867677
9.784318288954989,0.09293680297397769,0.05399568034557235,0.9958361064181983
9.811202530665089,0.09433962264150944,0.05399568034557235,0.9959043669687196
9.838086772375181,0.09433962264150944,0.05399568034557235,0.9959043669687196
9.864971014085274,0.09541984732824428,0.05399568034557235,0.9959555623816106
9.891855255795374,0.09578544061302682,0.05399568034557235,0.995972627519241
9.918739497505467,0.09652509652509653,0.05399568034557235,0.9960067577945017
9.94562373921556,0.09302325581395349,0.05183585313174946,0.9960067577945017
9.97250798092566,0.09302325581395349,0.05183585313174946,0.9960067577945017
9.999392222635752,0.09411764705882353,0.05183585313174946,0.9960579532073927
10.026276464345852,0.09126984126984126,0.04967602591792657,0.9960920834826533
10.053160706055944,0.09163346613545817,0.04967602591792657,0.9961091486202837
10.080044947766037,0.09274193548387097,0.04967602591792657,0.9961603440331747
10.106929189476137,0.09387755102040816,0.04967602591792657,0.9962115394460657
10.13381343118623,0.09387755102040816,0.04967602591792657,0.9962115394460657
10.16069767289633,0.0912863070539419,0.047516198704103674,0.9962627348589567
10.187581914606422,0.09205020920502092,0.047516198704103674,0.9962968651342173
10.214466156316515,0.09243697478991597,0.047516198704103674,0.9963139302718477
10.241350398026615,0.09243697478991597,0.047516198704103674,0.9963139302718477
10.268234639736708,0.09361702127659574,0.047516198704103674,0.9963651256847387
10.2951188814468,0.09482758620689655,0.047516198704103674,0.9964163210976297
10.3220031231569,0.09482758620689655,0.047516198704103674,0.9964163210976297
10.348887364866993,0.09130434782608696,0.04535637149028078,0.99643338623526
10.375771606577093,0.09170305676855896,0.04535637149028078,0.9964504513728903
10.402655848287186,0.09170305676855896,0.04535637149028078,0.9964504513728903
10.429540089997278,0.09210526315789473,0.04535637149028078,0.9964675165105207
10.456424331707378,0.09210526315789473,0.04535637149028078,0.9964675165105207
10.483308573417471,0.09251101321585903,0.04535637149028078,0.996484581648151
10.510192815127564,0.09333333333333334,0.04535637149028078,0.9965187119234117
10.537077056837663,0.09375,0.04535637149028078,0.996535777061042
10.563961298547756,0.09417040358744394,0.04535637149028078,0.9965528421986724
10.590845540257856,0.09545454545454546,0.04535637149028078,0.9966040376115634
10.617729781967949,0.0958904109589041,0.04535637149028078,0.9966211027491937
10.644614023678042,0.09722222222222222,0.04535637149028078,0.9966722981620847
10.671498265388141,0.09302325581395349,0.04319654427645788,0.9966722981620847
10.698382507098234,0.09433962264150944,0.04319654427645788,0.9967234935749757
10.725266748808334,0.09433962264150944,0.04319654427645788,0.9967234935749757
10.752150990518427,0.0947867298578199,0.04319654427645788,0.996740558712606
10.77903523222852,0.09615384615384616,0.04319654427645788,0.996791754125497
10.80591947393862,0.0966183574879227,0.04319654427645788,0.9968088192631274
10.832803715648712,0.09852216748768473,0.04319654427645788,0.9968770798136487
10.859687957358805,0.09950248756218906,0.04319654427645788,0.9969112100889094
10.886572199068905,0.10152284263959391,0.04319654427645788,0.9969794706394307
10.913456440778997,0.10256410256410256,0.04319654427645788,0.9970136009146914
10.940340682489097,0.10362694300518134,0.04319654427645788,0.997047731189952
10.96722492419919,0.10052910052910052,0.04103671706263499,0.997098926602843
10.994109165909283,0.10106382978723404,0.04103671706263499,0.9971159917404734
11.020993407619383,0.10160427807486631,0.04103671706263499,0.9971330568781037
11.047877649329475,0.10215053763440861,0.04103671706263499,0.997150122015734
11.074761891039575,0.10215053763440861,0.04103671706263499,0.997150122015734
11.101646132749668,0.10326086956521739,0.04103671706263499,0.9971842522909947
11.12853037445976,0.10326086956521739,0.04103671706263499,0.9971842522909947
11.15541461616986,0.10326086956521739,0.04103671706263499,0.9971842522909947
11.182298857879953,0.1043956043956044,0.04103671706263499,0.9972183825662554
11.209183099590046,0.10497237569060773,0.04103671706263499,0.9972354477038857
11.236067341300146,0.10497237569060773,0.04103671706263499,0.9972354477038857
11.262951583010238,0.10555555555555556,0.04103671706263499,0.9972525128415161
11.289835824720338,0.10555555555555556,0.04103671706263499,0.9972525128415161
11.316720066430431,0.10674157303370786,0.04103671706263499,0.9972866431167767
11.343604308140524,0.10734463276836158,0.04103671706263499,0.9973037082544071
11.370488549850624,0.10734463276836158,0.04103671706263499,0.9973037082544071
11.397372791560716,0.10227272727272728,0.038876889848812095,0.9973037082544071
11.424257033270809,0.10344827586206896,0.038876889848812095,0.9973378385296677
11.451141274980909,0.10404624277456648,0.038876889848812095,0.9973549036672981
11.478025516691002,0.10465116279069768,0.038876889848812095,0.9973719688049284
11.504909758401102,0.10526315789473684,0.038876889848812095,0.9973890339425587
11.531794000111194,0.1,0.0367170626349892,0.9973890339425587
11.558678241821287,0.1,0.0367170626349892,0.9973890339425587
11.585562483531387,0.10059171597633136,0.0367170626349892,0.9974060990801891
11.61244672524148,0.10179640718562874,0.0367170626349892,0.9974402293554497
11.63933096695158,0.10179640718562874,0.0367170626349892,0.9974402293554497
11.666215208661672,0.10240963855421686,0.0367170626349892,0.9974572944930801
11.693099450371765,0.10240963855421686,0.0367170626349892,0.9974572944930801
11.719983692081865,0.10303030303030303,0.0367170626349892,0.9974743596307104
11.746867933791957,0.10365853658536585,0.0367170626349892,0.9974914247683407
11.77375217550205,0.10365853658536585,0.0367170626349892,0.9974914247683407
11.80063641721215,0.09876543209876543,0.03455723542116631,0.9975084899059711
11.827520658922243,0.09876543209876543,0.03455723542116631,0.9975084899059711
11.854404900632343,0.0949367088607595,0.032397408207343416,0.9975596853188621
11.881289142342435,0.0949367088607595,0.032397408207343416,0.9975596853188621
11.908173384052528,0.09554140127388536,0.032397408207343416,0.9975767504564924
11.935057625762628,0.09554140127388536,0.032397408207343416,0.9975767504564924
11.96194186747272,0.09615384615384616,0.032397408207343416,0.9975938155941227
11.98882610918282,0.09615384615384616,0.032397408207343416,0.9975938155941227
12.015710350892913,0.09615384615384616,0.032397408207343416,0.9975938155941227
12.042594592603006,0.0967741935483871,0.032397408207343416,0.9976108807317531
12.069478834313106,0.09090909090909091,0.03023758099352052,0.9976108807317531
12.096363076023199,0.0915032679738562,0.03023758099352052,0.9976279458693834
12.123247317733291,0.09210526315789473,0.03023758099352052,0.9976450110070137
12.150131559443391,0.09271523178807947,0.03023758099352052,0.9976620761446441
12.177015801153484,0.09271523178807947,0.03023758099352052,0.9976620761446441
12.203900042863584,0.09333333333333334,0.03023758099352052,0.9976791412822744
12.230784284573677,0.087248322147651,0.028077753779697623,0.9976791412822744
12.25766852628377,0.08843537414965986,0.028077753779697623,0.9977132715575351
12.284552767993869,0.0896551724137931,0.028077753779697623,0.9977474018327958
12.311437009703962,0.08391608391608392,0.02591792656587473,0.9977644669704261
12.338321251414055,0.07857142857142857,0.023758099352051837,0.9977985972456868
12.365205493124154,0.07857142857142857,0.023758099352051837,0.9977985972456868
12.392089734834247,0.07913669064748201,0.023758099352051837,0.9978156623833171
12.418973976544347,0.07971014492753623,0.023758099352051837,0.9978327275209474
12.44585821825444,0.07971014492753623,0.023758099352051837,0.9978327275209474
12.472742459964532,0.07971014492753623,0.023758099352051837,0.9978327275209474
12.499626701674632,0.07462686567164178,0.02159827213822894,0.9978839229338384
12.526510943384725,0.07462686567164178,0.02159827213822894,0.9978839229338384
12.553395185094825,0.07462686567164178,0.02159827213822894,0.9978839229338384
12.580279426804918,0.07518796992481203,0.02159827213822894,0.9979009880714688
12.60716366851501,0.07518796992481203,0.02159827213822894,0.9979009880714688
12.63404791022511,0.07518796992481203,0.02159827213822894,0.9979009880714688
12.660932151935203,0.07518796992481203,0.02159827213822894,0.9979009880714688
12.687816393645296,0.07518796992481203,0.02159827213822894,0.9979009880714688
12.714700635355396,0.07575757575757576,0.02159827213822894,0.9979180532090991
12.741584877065488,0.07633587786259542,0.02159827213822894,0.9979351183467294
12.768469118775588,0.07633587786259542,0.02159827213822894,0.9979351183467294
12.79535336048568,0.07751937984496124,0.02159827213822894,0.9979692486219901
12.822237602195774,0.07936507936507936,0.02159827213822894,0.9980204440348811
12.849121843905873,0.07936507936507936,0.02159827213822894,0.9980204440348811
12.876006085615966,0.07258064516129033,0.019438444924406047,0.9980375091725114
12.902890327326066,0.0743801652892562,0.019438444924406047,0.9980887045854024
12.929774569036159,0.075,0.019438444924406047,0.9981057697230328
12.956658810746251,0.07563025210084033,0.019438444924406047,0.9981228348606631
12.983543052456351,0.06779661016949153,0.017278617710583154,0.9981228348606631
13.010427294166444,0.06837606837606838,0.017278617710583154,0.9981398999982934
13.037311535876537,0.06837606837606838,0.017278617710583154,0.9981398999982934
13.064195777586637,0.06837606837606838,0.017278617710583154,0.9981398999982934
13.09108001929673,0.06086956521739131,0.01511879049676026,0.9981569651359238
13.11796426100683,0.06086956521739131,0.01511879049676026,0.9981569651359238
13.144848502716922,0.06086956521739131,0.01511879049676026,0.9981569651359238
13.171732744427015,0.06086956521739131,0.01511879049676026,0.9981569651359238
13.198616986137115,0.06140350877192982,0.01511879049676026,0.9981740302735541
13.225501227847207,0.06140350877192982,0.01511879049676026,0.9981740302735541
13.2523854695573,0.06140350877192982,0.01511879049676026,0.9981740302735541
13.2792697112674,0.061946902654867256,0.01511879049676026,0.9981910954111844
13.306153952977493,0.0625,0.01511879049676026,0.9982081605488148
13.333038194687592,0.0625,0.01511879049676026,0.9982081605488148
13.359922436397685,0.06306306306306306,0.01511879049676026,0.9982252256864451
13.386806678107778,0.06363636363636363,0.01511879049676026,0.9982422908240755
13.413690919817878,0.06363636363636363,0.01511879049676026,0.9982422908240755
13.44057516152797,0.06363636363636363,0.01511879049676026,0.9982422908240755
13.46745940323807,0.06481481481481481,0.01511879049676026,0.9982764210993361
13.494343644948163,0.06542056074766354,0.01511879049676026,0.9982934862369665
13.521227886658256,0.06542056074766354,0.01511879049676026,0.9982934862369665
13.548112128368356,0.06542056074766354,0.01511879049676026,0.9982934862369665
13.574996370078448,0.06666666666666667,0.01511879049676026,0.9983276165122271
13.601880611788541,0.06796116504854369,0.01511879049676026,0.9983617467874878
13.628764853498641,0.06796116504854369,0.01511879049676026,0.9983617467874878
13.655649095208734,0.06862745098039216,0.01511879049676026,0.9983788119251181
13.682533336918834,0.06,0.012958963282937365,0.9983958770627485
13.709417578628926,0.06,0.012958963282937365,0.9983958770627485
13.736301820339019,0.06,0.012958963282937365,0.9983958770627485
13.763186062049119,0.061224489795918366,0.012958963282937365,0.9984300073380091
13.790070303759212,0.061855670103092786,0.012958963282937365,0.9984470724756395
13.816954545469311,0.061855670103092786,0.012958963282937365,0.9984470724756395
13.843838787179404,0.061855670103092786,0.012958963282937365,0.9984470724756395
13.870723028889497,0.06315789473684211,0.012958963282937365,0.9984812027509001
13.897607270599597,0.06382978723404255,0.012958963282937365,0.9984982678885305
13.92449151230969,0.053763440860215055,0.01079913606911447,0.9984982678885305
13.951375754019782,0.05434782608695652,0.01079913606911447,0.9985153330261608
13.978259995729882,0.05434782608695652,0.01079913606911447,0.9985153330261608
14.005144237439975,0.054945054945054944,0.01079913606911447,0.9985323981637912
14.032028479150075,0.054945054945054944,0.01079913606911447,0.9985323981637912
14.058912720860167,0.054945054945054944,0.01079913606911447,0.9985323981637912
14.08579696257026,0.054945054945054944,0.01079913606911447,0.9985323981637912
14.11268120428036,0.05555555555555555,0.01079913606911447,0.9985494633014216
14.139565445990453,0.056179775280898875,0.01079913606911447,0.9985665284390519
14.166449687700545,0.056179775280898875,0.01079913606911447,0.9985665284390519
14.193333929410645,0.056179775280898875,0.01079913606911447,0.9985665284390519
14.220218171120738,0.056179775280898875,0.01079913606911447,0.9985665284390519
14.247102412830838,0.056179775280898875,0.01079913606911447,0.9985665284390519
14.27398665454093,0.056179775280898875,0.01079913606911447,0.9985665284390519
14.300870896251023,0.05747126436781609,0.01079913606911447,0.9986006587143126
14.327755137961123,0.05747126436781609,0.01079913606911447,0.9986006587143126
14.354639379671216,0.05813953488372093,0.01079913606911447,0.9986177238519429
14.381523621381316,0.058823529411764705,0.01079913606911447,0.9986347889895733
14.408407863091409,0.05952380952380952,0.01079913606911447,0.9986518541272036
14.435292104801501,0.060240963855421686,0.01079913606911447,0.9986689192648339
14.462176346511601,0.06097560975609756,0.01079913606911447,0.9986859844024643
14.489060588221694,0.06329113924050633,0.01079913606911447,0.9987371798153553
14.515944829931787,0.06329113924050633,0.01079913606911447,0.9987371798153553
14.542829071641886,0.06329113924050633,0.01079913606911447,0.9987371798153553
14.56971331335198,0.06329113924050633,0.01079913606911447,0.9987371798153553
14.596597555062079,0.0641025641025641,0.01079913606911447,0.9987542449529856
14.623481796772172,0.06493506493506493,0.01079913606911447,0.9987713100906159
14.650366038482264,0.06666666666666667,0.01079913606911447,0.9988054403658766
14.677250280192364,0.05405405405405406,0.008639308855291577,0.9988054403658766
14.704134521902457,0.05405405405405406,0.008639308855291577,0.9988054403658766
14.731018763612557,0.05405405405405406,0.008639308855291577,0.9988054403658766
14.75790300532265,0.0547945205479452,0.008639308855291577,0.9988225055035069
14.784787247032742,0.0547945205479452,0.008639308855291577,0.9988225055035069
14.811671488742842,0.0547945205479452,0.008639308855291577,0.9988225055035069
14.838555730452935,0.0547945205479452,0.008639308855291577,0.9988225055035069
14.865439972163028,0.05555555555555555,0.008639308855291577,0.9988395706411373
14.892324213873128,0.05555555555555555,0.008639308855291577,0.9988395706411373
14.91920845558322,0.056338028169014086,0.008639308855291577,0.9988566357787676
14.94609269729332,0.056338028169014086,0.008639308855291577,0.9988566357787676
14.972976939003413,0.056338028169014086,0.008639308855291577,0.9988566357787676
14.999861180713506,0.056338028169014086,0.008639308855291577,0.9988566357787676
15.026745422423605,0.056338028169014086,0.008639308855291577,0.9988566357787676
15.053629664133698,0.05714285714285714,0.008639308855291577,0.9988737009163979
15.080513905843791,0.05714285714285714,0.008639308855291577,0.9988737009163979
15.10739814755389,0.05714285714285714,0.008639308855291577,0.9988737009163979
15.134282389263984,0.057971014492753624,0.008639308855291577,0.9988907660540283
15.161166630974083,0.05970149253731343,0.008639308855291577,0.9989248963292889
15.188050872684176,0.05970149253731343,0.008639308855291577,0.9989248963292889
15.214935114394269,0.06060606060606061,0.008639308855291577,0.9989419614669193
15.241819356104369,0.06060606060606061,0.008639308855291577,0.9989419614669193
15.268703597814461,0.06153846153846154,0.008639308855291577,0.9989590266045496
15.295587839524561,0.06153846153846154,0.008639308855291577,0.9989590266045496
15.322472081234654,0.06153846153846154,0.008639308855291577,0.9989590266045496
15.349356322944747,0.06153846153846154,0.008639308855291577,0.9989590266045496
15.376240564654847,0.06153846153846154,0.008639308855291577,0.9989590266045496
15.40312480636494,0.0625,0.008639308855291577,0.9989760917421799
15.430009048075032,0.0625,0.008639308855291577,0.9989760917421799
15.456893289785132,0.0625,0.008639308855291577,0.9989760917421799
15.483777531495225,0.0625,0.008639308855291577,0.9989760917421799
15.510661773205324,0.0625,0.008639308855291577,0.9989760917421799
15.537546014915417,0.06349206349206349,0.008639308855291577,0.9989931568798103
15.56443025662551,0.06349206349206349,0.008639308855291577,0.9989931568798103
15.59131449833561,0.06451612903225806,0.008639308855291577,0.9990102220174406
15.618198740045703,0.06557377049180328,0.008639308855291577,0.9990272871550709
15.645082981755802,0.06666666666666667,0.008639308855291577,0.9990443522927013
15.671967223465895,0.06666666666666667,0.008639308855291577,0.9990443522927013
15.698851465175988,0.06666666666666667,0.008639308855291577,0.9990443522927013
15.725735706886088,0.06779661016949153,0.008639308855291577,0.9990614174303316
15.75261994859618,0.06896551724137931,0.008639308855291577,0.999078482567962
15.779504190306273,0.07017543859649122,0.008639308855291577,0.9990955477055923
15.806388432016373,0.07017543859649122,0.008639308855291577,0.9990955477055923
15.833272673726466,0.07142857142857142,0.008639308855291577,0.9991126128432226
15.860156915436566,0.07142857142857142,0.008639308855291577,0.9991126128432226
15.887041157146658,0.07407407407407407,0.008639308855291577,0.9991467431184833
15.913925398856751,0.07692307692307693,0.008639308855291577,0.999180873393744
15.940809640566851,0.07692307692307693,0.008639308855291577,0.999180873393744
15.967693882276944,0.0784313725490196,0.008639308855291577,0.9991979385313743
15.994578123987036,0.0784313725490196,0.008639308855291577,0.9991979385313743
16.021462365697136,0.0784313725490196,0.008639308855291577,0.9991979385313743
16.04834660740723,0.0784313725490196,0.008639308855291577,0.9991979385313743
16.07523084911733,0.0784313725490196,0.008639308855291577,0.9991979385313743
16.10211509082742,0.08,0.008639308855291577,0.9992150036690046
16.128999332537514,0.08,0.008639308855291577,0.9992150036690046
16.155883574247614,0.08163265306122448,0.008639308855291577,0.999232068806635
16.182767815957707,0.08163265306122448,0.008639308855291577,0.999232068806635
16.209652057667807,0.08333333333333333,0.008639308855291577,0.9992491339442653
16.2365362993779,0.0851063829787234,0.008639308855291577,0.9992661990818956
16.263420541087992,0.0851063829787234,0.008639308855291577,0.9992661990818956
16.290304782798092,0.08695652173913043,0.008639308855291577,0.999283264219526
16.317189024508185,0.08888888888888889,0.008639308855291577,0.9993003293571563
16.344073266218277,0.08888888888888889,0.008639308855291577,0.9993003293571563
16.370957507928377,0.08888888888888889,0.008639308855291577,0.9993003293571563
16.39784174963847,0.09090909090909091,0.008639308855291577,0.9993173944947866
16.42472599134857,0.09090909090909091,0.008639308855291577,0.9993173944947866
16.451610233058663,0.09090909090909091,0.008639308855291577,0.9993173944947866
16.478494474768755,0.09090909090909091,0.008639308855291577,0.9993173944947866
16.505378716478855,0.09090909090909091,0.008639308855291577,0.9993173944947866
16.532262958188948,0.09090909090909091,0.008639308855291577,0.9993173944947866
16.559147199899048,0.09090909090909091,0.008639308855291577,0.9993173944947866
16.58603144160914,0.09523809523809523,0.008639308855291577,0.9993515247700473
16.612915683319233,0.0975609756097561,0.008639308855291577,0.9993685899076776
16.639799925029333,0.0975609756097561,0.008639308855291577,0.9993685899076776
16.666684166739426,0.1,0.008639308855291577,0.999385655045308
16.69356840844952,0.1,0.008639308855291577,0.999385655045308
16.72045265015962,0.1,0.008639308855291577,0.999385655045308
16.74733689186971,0.10256410256410256,0.008639308855291577,0.9994027201829383
16.77422113357981,0.10526315789473684,0.008639308855291577,0.9994197853205686
16.801105375289904,0.10526315789473684,0.008639308855291577,0.9994197853205686
16.827989616999997,0.10810810810810811,0.008639308855291577,0.999436850458199
16.854873858710096,0.08333333333333333,0.0064794816414686825,0.999436850458199
16.88175810042019,0.08571428571428572,0.0064794816414686825,0.9994539155958293
16.908642342130282,0.08823529411764706,0.0064794816414686825,0.9994709807334596
16.93552658384038,0.08823529411764706,0.0064794816414686825,0.9994709807334596
16.962410825550474,0.08823529411764706,0.0064794816414686825,0.9994709807334596
16.989295067260574,0.09090909090909091,0.0064794816414686825,0.99948804587109
17.016179308970667,0.09090909090909091,0.0064794816414686825,0.99948804587109
17.04306355068076,0.09090909090909091,0.0064794816414686825,0.99948804587109
17.06994779239086,0.09090909090909091,0.0064794816414686825,0.99948804587109
17.096832034100952,0.09375,0.0064794816414686825,0.9995051110087203
17.123716275811052,0.09375,0.0064794816414686825,0.9995051110087203
17.150600517521145,0.09375,0.0064794816414686825,0.9995051110087203
17.177484759231238,0.0967741935483871,0.0064794816414686825,0.9995221761463506
17.204369000941337,0.0967741935483871,0.0064794816414686825,0.9995221761463506
17.23125324265143,0.0967741935483871,0.0064794816414686825,0.9995221761463506
17.258137484361523,0.0967741935483871,0.0064794816414686825,0.9995221761463506
17.285021726071623,0.0967741935483871,0.0064794816414686825,0.9995221761463506
17.311905967781716,0.1,0.0064794816414686825,0.999539241283981
17.338790209491815,0.1,0.0064794816414686825,0.999539241283981
17.365674451201908,0.10714285714285714,0.0064794816414686825,0.9995733715592416
17.392558692912,0.10714285714285714,0.0064794816414686825,0.9995733715592416
17.4194429346221,0.10714285714285714,0.0064794816414686825,0.9995733715592416
17.446327176332193,0.10714285714285714,0.0064794816414686825,0.9995733715592416
17.473211418042293,0.10714285714285714,0.0064794816414686825,0.9995733715592416
17.500095659752386,0.10714285714285714,0.0064794816414686825,0.9995733715592416
17.52697990146248,0.10714285714285714,0.0064794816414686825,0.9995733715592416
17.55386414317258,0.1111111111111111,0.0064794816414686825,0.999590436696872
17.58074838488267,0.11538461538461539,0.0064794816414686825,0.9996075018345023
17.607632626592764,0.125,0.0064794816414686825,0.999641632109763
17.634516868302864,0.13043478260869565,0.0064794816414686825,0.9996586972473933
17.661401110012957,0.13043478260869565,0.0064794816414686825,0.9996586972473933
17.688285351723056,0.13043478260869565,0.0064794816414686825,0.9996586972473933
17.71516959343315,0.13636363636363635,0.0064794816414686825,0.9996757623850236
17.742053835143242,0.13636363636363635,0.0064794816414686825,0.9996757623850236
17.768938076853342,0.13636363636363635,0.0064794816414686825,0.9996757623850236
17.795822318563435,0.13636363636363635,0.0064794816414686825,0.9996757623850236
17.822706560273527,0.13636363636363635,0.0064794816414686825,0.9996757623850236
17.849590801983627,0.13636363636363635,0.0064794816414686825,0.9996757623850236
17.87647504369372,0.13636363636363635,0.0064794816414686825,0.9996757623850236
17.90335928540382,0.14285714285714285,0.0064794816414686825,0.999692827522654
17.930243527113912,0.14285714285714285,0.0064794816414686825,0.999692827522654
17.957127768824005,0.14285714285714285,0.0064794816414686825,0.999692827522654
17.984012010534105,0.14285714285714285,0.0064794816414686825,0.999692827522654
18.010896252244198,0.14285714285714285,0.0064794816414686825,0.999692827522654
18.037780493954298,0.15,0.0064794816414686825,0.9997098926602843
18.06466473566439,0.15,0.0064794816414686825,0.9997098926602843
18.091548977374483,0.15,0.0064794816414686825,0.9997098926602843
18.118433219084583,0.15,0.0064794816414686825,0.9997098926602843
18.145317460794676,0.15,0.0064794816414686825,0.9997098926602843
18.17220170250477,0.15,0.0064794816414686825,0.9997098926602843
18.19908594421487,0.15,0.0064794816414686825,0.9997098926602843
18.22597018592496,0.15789473684210525,0.0064794816414686825,0.9997269577979147
18.25285442763506,0.15789473684210525,0.0064794816414686825,0.9997269577979147
18.279738669345154,0.1111111111111111,0.004319654427645789,0.9997269577979147
18.306622911055246,0.058823529411764705,0.0021598272138228943,0.9997269577979147
18.333507152765346,0.058823529411764705,0.0021598272138228943,0.9997269577979147
18.36039139447544,0.058823529411764705,0.0021598272138228943,0.9997269577979147
18.38727563618554,0.0625,0.0021598272138228943,0.999744022935545
18.41415987789563,0.0625,0.0021598272138228943,0.999744022935545
18.441044119605724,0.06666666666666667,0.0021598272138228943,0.9997610880731753
18.467928361315824,0.06666666666666667,0.0021598272138228943,0.9997610880731753
18.494812603025917,0.06666666666666667,0.0021598272138228943,0.9997610880731753
18.52169684473601,0.06666666666666667,0.0021598272138228943,0.9997610880731753
18.54858108644611,0.06666666666666667,0.0021598272138228943,0.9997610880731753
18.575465328156202,0.06666666666666667,0.0021598272138228943,0.9997610880731753
18.602349569866302,0.06666666666666667,0.0021598272138228943,0.9997610880731753
18.629233811576395,0.06666666666666667,0.0021598272138228943,0.9997610880731753
18.656118053286487,0.06666666666666667,0.0021598272138228943,0.9997610880731753
18.683002294996587,0.06666666666666667,0.0021598272138228943,0.9997610880731753
18.70988653670668,0.06666666666666667,0.0021598272138228943,0.9997610880731753
18.736770778416773,0.07692307692307693,0.0021598272138228943,0.999795218348436
18.763655020126873,0.07692307692307693,0.0021598272138228943,0.999795218348436
18.790539261836965,0.07692307692307693,0.0021598272138228943,0.999795218348436
18.817423503547065,0.07692307692307693,0.0021598272138228943,0.999795218348436
18.844307745257158,0.07692307692307693,0.0021598272138228943,0.999795218348436
18.87119198696725,0.07692307692307693,0.0021598272138228943,0.999795218348436
18.89807622867735,0.07692307692307693,0.0021598272138228943,0.999795218348436
18.924960470387443,0.07692307692307693,0.0021598272138228943,0.999795218348436
18.951844712097543,0.07692307692307693,0.0021598272138228943,0.999795218348436
18.978728953807636,0.07692307692307693,0.0021598272138228943,0.999795218348436
19.00561319551773,0.08333333333333333,0.0021598272138228943,0.9998122834860663
19.03249743722783,0.09090909090909091,0.0021598272138228943,0.9998293486236967
19.05938167893792,0.09090909090909091,0.0021598272138228943,0.9998293486236967
19.086265920648014,0.09090909090909091,0.0021598272138228943,0.9998293486236967
19.113150162358114,0.09090909090909091,0.0021598272138228943,0.9998293486236967
19.140034404068206,0.09090909090909091,0.0021598272138228943,0.9998293486236967
19.166918645778306,0.09090909090909091,0.0021598272138228943,0.9998293486236967
19.1938028874884,0.1,0.0021598272138228943,0.999846413761327
19.22068712919849,0.1,0.0021598272138228943,0.999846413761327
19.24757137090859,0.1111111111111111,0.0021598272138228943,0.9998634788989573
19.274455612618684,0.1111111111111111,0.0021598272138228943,0.9998634788989573
19.301339854328784,0.1111111111111111,0.0021598272138228943,0.9998634788989573
19.328224096038877,0.1111111111111111,0.0021598272138228943,0.9998634788989573
19.35510833774897,0.1111111111111111,0.0021598272138228943,0.9998634788989573
19.38199257945907,0.1111111111111111,0.0021598272138228943,0.9998634788989573
19.408876821169162,0.1111111111111111,0.0021598272138228943,0.9998634788989573
19.435761062879255,0.1111111111111111,0.0021598272138228943,0.9998634788989573
19.462645304589355,0.1111111111111111,0.0021598272138228943,0.9998634788989573
19.489529546299448,0.1111111111111111,0.0021598272138228943,0.9998634788989573
19.516413788009547,0.1111111111111111,0.0021598272138228943,0.9998634788989573
19.54329802971964,0.1111111111111111,0.0021598272138228943,0.9998634788989573
19.570182271429733,0.1111111111111111,0.0021598272138228943,0.9998634788989573
19.597066513139833,0.125,0.0021598272138228943,0.9998805440365877
19.623950754849925,0.125,0.0021598272138228943,0.9998805440365877
19.650834996560018,0.125,0.0021598272138228943,0.9998805440365877
19.677719238270118,0.125,0.0021598272138228943,0.9998805440365877
19.70460347998021,0.125,0.0021598272138228943,0.9998805440365877
19.73148772169031,0.125,0.0021598272138228943,0.9998805440365877
19.758371963400403,0.125,0.0021598272138228943,0.9998805440365877
19.785256205110496,0.0,0.0,0.9998805440365877
19.812140446820596,0.0,0.0,0.999897609174218
19.83902468853069,0.0,0.0,0.999897609174218
19.86590893024079,0.0,0.0,0.9999146743118483
19.89279317195088,0.0,0.0,0.9999146743118483
19.919677413660974,0.0,0.0,0.9999146743118483
19.946561655371074,0.0,0.0,0.9999146743118483
19.973445897081167,0.0,0.0,0.9999146743118483
20.00033013879126,0.0,0.0,0.9999146743118483
20.02721438050136,0.0,0.0,0.9999146743118483
20.054098622211452,0.0,0.0,0.9999146743118483
20.08098286392155,0.0,0.0,0.9999146743118483
20.107867105631644,0.0,0.0,0.9999146743118483
20.134751347341737,0.0,0.0,0.9999146743118483
20.161635589051837,0.0,0.0,0.9999146743118483
20.18851983076193,0.0,0.0,0.9999146743118483
20.21540407247203,0.0,0.0,0.9999146743118483
20.242288314182122,0.0,0.0,0.9999146743118483
20.269172555892215,0.0,0.0,0.9999146743118483
20.296056797602315,0.0,0.0,0.9999146743118483
20.322941039312408,0.0,0.0,0.9999146743118483
20.3498252810225,0.0,0.0,0.9999146743118483
20.3767095227326,0.0,0.0,0.9999146743118483
20.403593764442693,0.0,0.0,0.9999146743118483
20.430478006152793,0.0,0.0,0.9999146743118483
20.457362247862886,0.0,0.0,0.9999146743118483
20.48424648957298,0.0,0.0,0.9999146743118483
20.511130731283078,0.0,0.0,0.9999317394494787
20.53801497299317,0.0,0.0,0.9999317394494787
20.564899214703264,0.0,0.0,0.9999317394494787
20.591783456413363,0.0,0.0,0.9999317394494787
20.618667698123456,0.0,0.0,0.9999317394494787
20.645551939833556,0.0,0.0,0.9999317394494787
20.67243618154365,0.0,0.0,0.9999317394494787
20.69932042325374,0.0,0.0,0.9999317394494787
20.72620466496384,0.0,0.0,0.9999317394494787
20.753088906673934,0.0,0.0,0.9999317394494787
20.779973148384034,0.0,0.0,0.9999317394494787
20.806857390094127,0.0,0.0,0.9999317394494787
20.83374163180422,0.0,0.0,0.9999317394494787
20.86062587351432,0.0,0.0,0.9999317394494787
20.887510115224412,0.0,0.0,0.9999317394494787
20.914394356934505,0.0,0.0,0.9999317394494787
20.941278598644605,0.0,0.0,0.9999317394494787
20.968162840354697,0.0,0.0,0.9999317394494787
20.995047082064797,0.0,0.0,0.9999317394494787
21.02193132377489,0.0,0.0,0.9999317394494787
21.048815565484983,0.0,0.0,0.9999317394494787
21.075699807195083,0.0,0.0,0.9999317394494787
21.102584048905175,0.0,0.0,0.9999317394494787
21.129468290615275,0.0,0.0,0.9999317394494787
21.156352532325368,0.0,0.0,0.9999317394494787
21.18323677403546,0.0,0.0,0.9999317394494787
21.21012101574556,0.0,0.0,0.9999317394494787
21.237005257455653,0.0,0.0,0.9999317394494787
21.263889499165746,0.0,0.0,0.9999317394494787
21.290773740875846,0.0,0.0,0.9999317394494787
21.31765798258594,0.0,0.0,0.9999317394494787
21.34454222429604,0.0,0.0,0.9999317394494787
21.37142646600613,0.0,0.0,0.9999317394494787
21.398310707716224,0.0,0.0,0.9999317394494787
21.425194949426324,0.0,0.0,0.9999317394494787
21.452079191136416,0.0,0.0,0.9999317394494787
21.47896343284651,0.0,0.0,0.9999317394494787
21.50584767455661,0.0,0.0,0.9999317394494787
21.5327319162667,0.0,0.0,0.9999317394494787
21.5596161579768,0.0,0.0,0.9999317394494787
21.586500399686894,0.0,0.0,0.9999317394494787
21.613384641396987,0.0,0.0,0.9999317394494787
21.640268883107087,0.0,0.0,0.9999317394494787
21.66715312481718,0.0,0.0,0.9999317394494787
21.69403736652728,0.0,0.0,0.9999317394494787
21.720921608237372,0.0,0.0,0.9999317394494787
21.747805849947465,0.0,0.0,0.9999317394494787
21.774690091657565,0.0,0.0,0.9999317394494787
21.801574333367657,0.0,0.0,0.9999658697247393
21.82845857507775,0.0,0.0,0.9999658697247393
21.85534281678785,0.0,0.0,0.9999658697247393
21.882227058497943,0.0,0.0,0.9999658697247393
21.909111300208043,0.0,0.0,0.9999658697247393
21.935995541918135,0.0,0.0,0.9999658697247393
21.962879783628228,0.0,0.0,0.9999658697247393
21.989764025338328,0.0,0.0,0.9999658697247393
22.01664826704842,0.0,0.0,0.9999658697247393
22.04353250875852,0.0,0.0,0.9999658697247393
22.070416750468613,0.0,0.0,0.9999658697247393
22.097300992178706,0.0,0.0,0.9999658697247393
22.124185233888806,0.0,0.0,0.9999658697247393
22.1510694755989,0.0,0.0,0.9999658697247393
22.17795371730899,0.0,0.0,0.9999658697247393
22.20483795901909,0.0,0.0,0.9999829348623697
22.231722200729184,0.0,0.0,0.9999829348623697
22.258606442439284,0.0,0.0,0.9999829348623697
22.285490684149377,0.0,0.0,0.9999829348623697
22.31237492585947,0.0,0.0,0.9999829348623697
22.33925916756957,0.0,0.0,0.9999829348623697
22.366143409279662,0.0,0.0,0.9999829348623697
22.393027650989755,0.0,0.0,0.9999829348623697
22.419911892699854,0.0,0.0,0.9999829348623697
22.446796134409947,0.0,0.0,0.9999829348623697
22.473680376120047,0.0,0.0,0.9999829348623697
22.50056461783014,0.0,0.0,0.9999829348623697
22.527448859540232,0.0,0.0,0.9999829348623697
22.554333101250332,0.0,0.0,0.9999829348623697
22.581217342960425,0.0,0.0,0.9999829348623697
22.608101584670525,0.0,0.0,0.9999829348623697
22.634985826380618,0.0,0.0,0.9999829348623697
22.66187006809071,0.0,0.0,0.9999829348623697
22.68875430980081,0.0,0.0,0.9999829348623697
22.715638551510903,0.0,0.0,0.9999829348623697
22.742522793220996,0.0,0.0,0.9999829348623697
22.769407034931096,0.0,0.0,0.9999829348623697
22.79629127664119,0.0,0.0,0.9999829348623697
22.823175518351288,0.0,0.0,0.9999829348623697
22.85005976006138,0.0,0.0,0.9999829348623697
22.876944001771474,0.0,0.0,0.9999829348623697
22.903828243481573,0.0,0.0,0.9999829348623697
22.930712485191666,0.0,0.0,0.9999829348623697
22.957596726901766,0.0,0.0,0.9999829348623697
22.98448096861186,0.0,0.0,0.9999829348623697
23.011365210321955,0.0,0.0,0.9999829348623697
