Threshold,Precision,Recall,Specificity
-49.291086074761594,0.00958314991026379,1.0,0.0
-49.253545425494444,0.009583474432780223,1.0,3.4190371991247264e-05
-49.2160047762273,0.009583474432780223,1.0,3.4190371991247264e-05
-49.17846412696015,0.009583474432780223,1.0,3.4190371991247264e-05
-49.140923477693,0.00958363670228077,1.0,5.1285557986870895e-05
-49.10338282842586,0.00958363670228077,1.0,5.1285557986870895e-05
-49.06584217915871,0.00958363670228077,1.0,5.1285557986870895e-05
-49.02830152989156,0.00958363670228077,1.0,5.1285557986870895e-05
-48.990760880624414,0.00958363670228077,1.0,5.1285557986870895e-05
-48.953220231357264,0.00958363670228077,1.0,5.1285557986870895e-05
-48.915679582090114,0.00958363670228077,1.0,5.1285557986870895e-05
-48.87813893282297,0.00958363670228077,1.0,5.1285557986870895e-05
-48.84059828355582,0.00958363670228077,1.0,5.1285557986870895e-05
-48.80305763428867,0.00958363670228077,1.0,5.1285557986870895e-05
-48.76551698502153,0.00958363670228077,1.0,5.1285557986870895e-05
-48.72797633575438,0.00958363670228077,1.0,5.1285557986870895e-05
-48.69043568648723,0.00958363670228077,1.0,5.1285557986870895e-05
-48.652895037220084,0.00958363670228077,1.0,5.1285557986870895e-05
-48.615354387952934,0.00958363670228077,1.0,5.1285557986870895e-05
-48.57781373868579,0.00958363670228077,1.0,5.1285557986870895e-05
-48.54027308941864,0.00958363670228077,1.0,5.1285557986870895e-05
-48.50273244015149,0.00958363670228077,1.0,5.1285557986870895e-05
-48.46519179088435,0.00958363670228077,1.0,5.1285557986870895e-05
-48.4276511416172,0.00958363670228077,1.0,5.1285557986870895e-05
-48.39011049235005,0.00958363670228077,1.0,5.1285557986870895e-05
-48.352569843082904,0.00958363670228077,1.0,5.1285557986870895e-05
-48.315029193815754,0.00958363670228077,1.0,5.1285557986870895e-05
-48.2774885445486,0.00958363670228077,1.0,5.1285557986870895e-05
-48.23994789528146,0.00958363670228077,1.0,5.1285557986870895e-05
-48.20240724601431,0.00958363670228077,1.0,5.1285557986870895e-05
-48.16486659674716,0.00958363670228077,1.0,5.1285557986870895e-05
-48.12732594748002,0.00958363670228077,1.0,5.1285557986870895e-05
-48.08978529821287,0.00958363670228077,1.0,5.1285557986870895e-05
-48.05224464894572,0.00958363670228077,1.0,5.1285557986870895e-05
-48.014703999678574,0.00958363670228077,1.0,5.1285557986870895e-05
-47.97716335041142,0.00958363670228077,1.0,5.1285557986870895e-05
-47.93962270114427,0.00958363670228077,1.0,5.1285557986870895e-05
-47.90208205187713,0.009583798977276575,1.0,6.838074398249453e-05
-47.86454140260998,0.009583798977276575,1.0,6.838074398249453e-05
-47.82700075334283,0.009583798977276575,1.0,6.838074398249453e-05
-47.78946010407569,0.009583798977276575,1.0,6.838074398249453e-05
-47.75191945480854,0.009583798977276575,1.0,6.838074398249453e-05
-47.714378805541386,0.009583798977276575,1.0,6.838074398249453e-05
-47.67683815627424,0.009583798977276575,1.0,6.838074398249453e-05
-47.63929750700709,0.009583798977276575,1.0,6.838074398249453e-05
-47.60175685773994,0.009583798977276575,1.0,6.838074398249453e-05
-47.5642162084728,0.009583798977276575,1.0,6.838074398249453e-05
-47.52667555920565,0.009583798977276575,1.0,6.838074398249453e-05
-47.4891349099385,0.009583798977276575,1.0,6.838074398249453e-05
-47.45159426067136,0.009583798977276575,1.0,6.838074398249453e-05
-47.414053611404206,0.009583798977276575,1.0,6.838074398249453e-05
-47.376512962137056,0.009583798977276575,1.0,6.838074398249453e-05
-47.33897231286991,0.009583798977276575,1.0,6.838074398249453e-05
-47.30143166360276,0.009583798977276575,1.0,6.838074398249453e-05
-47.26389101433561,0.009583961257767918,1.0,8.547592997811816e-05
-47.22635036506847,0.009583961257767918,1.0,8.547592997811816e-05
-47.18880971580132,0.009583961257767918,1.0,8.547592997811816e-05
-47.15126906653418,0.009583961257767918,1.0,8.547592997811816e-05
-47.113728417267026,0.009583961257767918,1.0,8.547592997811816e-05
-47.076187767999876,0.009583961257767918,1.0,8.547592997811816e-05
-47.03864711873273,0.009583961257767918,1.0,8.547592997811816e-05
-47.00110646946558,0.009583961257767918,1.0,8.547592997811816e-05
-46.96356582019843,0.009583961257767918,1.0,8.547592997811816e-05
-46.92602517093129,0.009583961257767918,1.0,8.547592997811816e-05
-46.88848452166414,0.009583961257767918,1.0,8.547592997811816e-05
-46.85094387239699,0.009583961257767918,1.0,8.547592997811816e-05
-46.813403223129846,0.009583961257767918,1.0,8.547592997811816e-05
-46.775862573862696,0.009583961257767918,1.0,8.547592997811816e-05
-46.738321924595546,0.009583961257767918,1.0,8.547592997811816e-05
-46.7007812753284,0.009584123543755079,1.0,0.00010257111597374179
-46.66324062606125,0.009584123543755079,1.0,0.00010257111597374179
-46.6256999767941,0.009584123543755079,1.0,0.00010257111597374179
-46.58815932752696,0.009584123543755079,1.0,0.00010257111597374179
-46.55061867825981,0.009584123543755079,1.0,0.00010257111597374179
-46.51307802899266,0.009584123543755079,1.0,0.00010257111597374179
-46.475537379725516,0.009584123543755079,1.0,0.00010257111597374179
-46.437996730458366,0.009584123543755079,1.0,0.00010257111597374179
-46.400456081191216,0.009584123543755079,1.0,0.00010257111597374179
-46.36291543192407,0.009584123543755079,1.0,0.00010257111597374179
-46.32537478265692,0.009584123543755079,1.0,0.00010257111597374179
-46.28783413338977,0.009584123543755079,1.0,0.00010257111597374179
-46.25029348412263,0.009584123543755079,1.0,0.00010257111597374179
-46.21275283485548,0.009584123543755079,1.0,0.00010257111597374179
-46.17521218558833,0.009584123543755079,1.0,0.00010257111597374179
-46.137671536321186,0.009584285835238337,1.0,0.00011966630196936542
-46.100130887054036,0.009584285835238337,1.0,0.00011966630196936542
-46.06259023778689,0.009584285835238337,1.0,0.00011966630196936542
-46.02504958851974,0.009584285835238337,1.0,0.00011966630196936542
-45.98750893925259,0.00958444813221797,1.0,0.00013676148796498905
-45.94996828998545,0.00958444813221797,1.0,0.00013676148796498905
-45.9124276407183,0.00958444813221797,1.0,0.00013676148796498905
-45.87488699145115,0.00958444813221797,1.0,0.00013676148796498905
-45.837346342184006,0.00958444813221797,1.0,0.00013676148796498905
-45.799805692916856,0.00958444813221797,1.0,0.00013676148796498905
-45.762265043649705,0.00958444813221797,1.0,0.00013676148796498905
-45.72472439438256,0.009584610434694258,1.0,0.0001538566739606127
-45.68718374511541,0.009584610434694258,1.0,0.0001538566739606127
-45.64964309584826,0.009584610434694258,1.0,0.0001538566739606127
-45.61210244658112,0.009584610434694258,1.0,0.0001538566739606127
-45.57456179731397,0.009584610434694258,1.0,0.0001538566739606127
-45.53702114804682,0.009584610434694258,1.0,0.0001538566739606127
-45.499480498779675,0.009584610434694258,1.0,0.0001538566739606127
-45.461939849512525,0.009584610434694258,1.0,0.0001538566739606127
-45.424399200245375,0.009584610434694258,1.0,0.0001538566739606127
-45.38685855097823,0.00958477274266748,1.0,0.00017095185995623632
-45.34931790171108,0.00958477274266748,1.0,0.00017095185995623632
-45.31177725244393,0.009584935056137915,1.0,0.00018804704595185996
-45.27423660317679,0.009585097375105843,1.0,0.00020514223194748358
-45.23669595390964,0.009585097375105843,1.0,0.00020514223194748358
-45.19915530464249,0.009585097375105843,1.0,0.00020514223194748358
-45.161614655375345,0.009585097375105843,1.0,0.00020514223194748358
-45.124074006108195,0.009585097375105843,1.0,0.00020514223194748358
-45.086533356841045,0.009585097375105843,1.0,0.00020514223194748358
-45.0489927075739,0.009585097375105843,1.0,0.00020514223194748358
-45.01145205830675,0.009585097375105843,1.0,0.00020514223194748358
-44.9739114090396,0.009585259699571542,1.0,0.00022223741794310723
-44.93637075977246,0.009585259699571542,1.0,0.00022223741794310723
-44.89883011050531,0.009585259699571542,1.0,0.00022223741794310723
-44.86128946123816,0.009585422029535294,1.0,0.00023933260393873084
-44.823748811971015,0.009585422029535294,1.0,0.00023933260393873084
-44.786208162703865,0.009585422029535294,1.0,0.00023933260393873084
-44.748667513436715,0.009585422029535294,1.0,0.00023933260393873084
-44.71112686416957,0.009585422029535294,1.0,0.00023933260393873084
-44.67358621490242,0.009585422029535294,1.0,0.00023933260393873084
-44.63604556563527,0.009585584364997375,1.0,0.00025642778993435446
-44.59850491636813,0.009585584364997375,1.0,0.00025642778993435446
-44.56096426710098,0.009585584364997375,1.0,0.00025642778993435446
-44.52342361783383,0.009585584364997375,1.0,0.00025642778993435446
-44.485882968566685,0.009585746705958067,1.0,0.0002735229759299781
-44.448342319299535,0.009585746705958067,1.0,0.0002735229759299781
-44.410801670032384,0.009585909052417647,1.0,0.00029061816192560175
-44.37326102076524,0.009585909052417647,1.0,0.00029061816192560175
-44.33572037149809,0.009585909052417647,1.0,0.00029061816192560175
-44.29817972223095,0.009585909052417647,1.0,0.00029061816192560175
-44.2606390729638,0.009585909052417647,1.0,0.00029061816192560175
-44.22309842369665,0.009585909052417647,1.0,0.00029061816192560175
-44.185557774429505,0.009586071404376397,1.0,0.0003077133479212254
-44.148017125162355,0.009586071404376397,1.0,0.0003077133479212254
-44.110476475895204,0.009586071404376397,1.0,0.0003077133479212254
-44.07293582662806,0.009586071404376397,1.0,0.0003077133479212254
-44.03539517736091,0.009586071404376397,1.0,0.0003077133479212254
-43.99785452809376,0.009586071404376397,1.0,0.0003077133479212254
-43.96031387882662,0.009586071404376397,1.0,0.0003077133479212254
-43.92277322955947,0.009586071404376397,1.0,0.0003077133479212254
-43.88523258029232,0.009586071404376397,1.0,0.0003077133479212254
-43.847691931025174,0.009586071404376397,1.0,0.0003077133479212254
-43.810151281758024,0.009586071404376397,1.0,0.0003077133479212254
-43.772610632490874,0.009586071404376397,1.0,0.0003077133479212254
-43.73506998322373,0.009586071404376397,1.0,0.0003077133479212254
-43.69752933395658,0.009586071404376397,1.0,0.0003077133479212254
-43.65998868468943,0.009586233761834595,1.0,0.000324808533916849
-43.62244803542229,0.00958639612479252,1.0,0.00034190371991247264
-43.58490738615514,0.00958639612479252,1.0,0.00034190371991247264
-43.547366736887994,0.00958639612479252,1.0,0.00034190371991247264
-43.509826087620844,0.00958639612479252,1.0,0.00034190371991247264
-43.472285438353694,0.00958639612479252,1.0,0.00034190371991247264
-43.43474478908655,0.009586558493250453,1.0,0.0003589989059080963
-43.3972041398194,0.009586558493250453,1.0,0.0003589989059080963
-43.35966349055225,0.009586558493250453,1.0,0.0003589989059080963
-43.32212284128511,0.009586558493250453,1.0,0.0003589989059080963
-43.28458219201796,0.009586883246667456,1.0,0.00039318927789934357
-43.24704154275081,0.009586883246667456,1.0,0.00039318927789934357
-43.209500893483664,0.009587045631627088,1.0,0.00041028446389496716
-43.171960244216514,0.009587208022087844,1.0,0.0004273796498905908
-43.134419594949364,0.009587208022087844,1.0,0.0004273796498905908
-43.09687894568222,0.009587208022087844,1.0,0.0004273796498905908
-43.05933829641507,0.009587208022087844,1.0,0.0004273796498905908
-43.02179764714792,0.009587208022087844,1.0,0.0004273796498905908
-42.98425699788078,0.009587208022087844,1.0,0.0004273796498905908
-42.94671634861363,0.009587208022087844,1.0,0.0004273796498905908
-42.90917569934648,0.009587208022087844,1.0,0.0004273796498905908
-42.871635050079334,0.009587208022087844,1.0,0.0004273796498905908
-42.834094400812184,0.009587208022087844,1.0,0.0004273796498905908
-42.796553751545034,0.009587208022087844,1.0,0.0004273796498905908
-42.75901310227789,0.009587208022087844,1.0,0.0004273796498905908
-42.72147245301074,0.009587208022087844,1.0,0.0004273796498905908
-42.68393180374359,0.009587208022087844,1.0,0.0004273796498905908
-42.64639115447645,0.009587370418050004,1.0,0.00044447483588621445
-42.6088505052093,0.009587370418050004,1.0,0.00044447483588621445
-42.57130985594215,0.009587370418050004,1.0,0.00044447483588621445
-42.533769206675004,0.009587532819513848,1.0,0.0004615700218818381
-42.49622855740785,0.009587532819513848,1.0,0.0004615700218818381
-42.4586879081407,0.009587532819513848,1.0,0.0004615700218818381
-42.42114725887356,0.009587857638947707,1.0,0.0004957603938730853
-42.38360660960641,0.009587857638947707,1.0,0.0004957603938730853
-42.34606596033926,0.009587857638947707,1.0,0.0004957603938730853
-42.30852531107212,0.009588020056918282,1.0,0.0005128555798687089
-42.27098466180497,0.00958818248039166,1.0,0.0005299507658643326
-42.23344401253782,0.00958818248039166,1.0,0.0005299507658643326
-42.19590336327067,0.00958818248039166,1.0,0.0005299507658643326
-42.15836271400352,0.009588344909368118,1.0,0.0005470459518599562
-42.12082206473637,0.009588344909368118,1.0,0.0005470459518599562
-42.08328141546923,0.009588669783831402,1.0,0.0005812363238512035
-42.04574076620208,0.009588994680310372,1.0,0.0006154266958424508
-42.00820011693493,0.009589157136806439,1.0,0.0006325218818380744
-41.97065946766779,0.009589157136806439,1.0,0.0006325218818380744
-41.93311881840064,0.009589157136806439,1.0,0.0006325218818380744
-41.895578169133486,0.009589157136806439,1.0,0.0006325218818380744
-41.85803751986634,0.009589482066313132,1.0,0.0006667122538293217
-41.82049687059919,0.009589482066313132,1.0,0.0006667122538293217
-41.78295622133204,0.009589482066313132,1.0,0.0006667122538293217
-41.7454155720649,0.009589482066313132,1.0,0.0006667122538293217
-41.70787492279775,0.009589482066313132,1.0,0.0006667122538293217
-41.67033427353061,0.009589482066313132,1.0,0.0006667122538293217
-41.632793624263456,0.00958964453932432,1.0,0.0006838074398249453
-41.595252974996306,0.009589969501863775,1.0,0.0007179978118161926
-41.55771232572916,0.009589969501863775,1.0,0.0007179978118161926
-41.52017167646201,0.00959029448642787,1.0,0.0007521881838074399
-41.48263102719486,0.00959029448642787,1.0,0.0007521881838074399
-41.44509037792772,0.00959029448642787,1.0,0.0007521881838074399
-41.40754972866057,0.00959029448642787,1.0,0.0007521881838074399
-41.37000907939342,0.009590456986969855,1.0,0.0007692833698030634
-41.332468430126276,0.009590619493018843,1.0,0.0007863785557986871
-41.294927780859126,0.009590619493018843,1.0,0.0007863785557986871
-41.257387131591976,0.009590619493018843,1.0,0.0007863785557986871
-41.21984648232483,0.009590782004575108,1.0,0.0008034737417943107
-41.18230583305768,0.009590944521638934,1.0,0.0008205689277899343
-41.14476518379054,0.009590944521638934,1.0,0.0008205689277899343
-41.10722453452339,0.009590944521638934,1.0,0.0008205689277899343
-41.06968388525624,0.009590944521638934,1.0,0.0008205689277899343
-41.032143235989096,0.009591107044210598,1.0,0.000837664113785558
-40.994602586721946,0.009591107044210598,1.0,0.000837664113785558
-40.957061937454796,0.009591432105878565,1.0,0.0008718544857768052
-40.91952128818765,0.009591919739696312,1.0,0.0009231400437636762
-40.8819806389205,0.009592082295320895,1.0,0.0009402352297592998
-40.84443998965335,0.009592244856455276,1.0,0.0009573304157549234
-40.80689934038621,0.009592407423099737,1.0,0.0009744256017505471
-40.76935869111906,0.00959256999525456,1.0,0.0009915207877461707
-40.73181804185191,0.00959256999525456,1.0,0.0009915207877461707
-40.694277392584766,0.00959256999525456,1.0,0.0009915207877461707
-40.656736743317616,0.00959256999525456,1.0,0.0009915207877461707
-40.619196094050466,0.009592732572920022,1.0,0.0010086159737417943
-40.58165544478332,0.009592732572920022,1.0,0.0010086159737417943
-40.54411479551617,0.009592895156096404,1.0,0.0010257111597374179
-40.50657414624902,0.009592895156096404,1.0,0.0010257111597374179
-40.46903349698188,0.009593057744783987,1.0,0.0010428063457330417
-40.43149284771473,0.009593220338983051,1.0,0.0010599015317286653
-40.39395219844758,0.009593220338983051,1.0,0.0010599015317286653
-40.356411549180436,0.009593545543916743,1.0,0.0010940919037199124
-40.318870899913286,0.009593870770899722,1.0,0.0011282822757111598
-40.281330250646135,0.009593870770899722,1.0,0.0011282822757111598
-40.24378960137899,0.009594033392660396,1.0,0.0011453774617067834
-40.20624895211184,0.00959435865272151,1.0,0.0011795678336980306
-40.16870830284469,0.009594521291022512,1.0,0.0011966630196936542
-40.13116765357755,0.009594521291022512,1.0,0.0011966630196936542
-40.0936270043104,0.009594683934837518,1.0,0.001213758205689278
-40.05608635504325,0.009594846584166808,1.0,0.0012308533916849016
-40.018545705776106,0.009595171899369363,1.0,0.0012650437636761488
-39.981005056508955,0.00959533456524319,1.0,0.0012821389496717724
-39.943464407241805,0.00959533456524319,1.0,0.0012821389496717724
-39.90592375797466,0.00959565991353734,1.0,0.0013163293216630198
-39.86838310870751,0.009596147977349022,1.0,0.0013676148796498905
-39.83084245944036,0.009596147977349022,1.0,0.0013676148796498905
-39.79330181017322,0.009596798806334565,1.0,0.0014359956236323851
-39.75576116090607,0.009597124253933803,1.0,0.0014701859956236323
-39.71822051163892,0.009597124253933803,1.0,0.0014701859956236323
-39.680679862371775,0.009580655554236685,0.9982332155477032,0.0015043763676148797
-39.643139213104625,0.009580818015329309,0.9982332155477032,0.0015214715536105033
-39.605598563837475,0.00958114295404443,0.9982332155477032,0.0015556619256017505
-39.56805791457033,0.009581305431667487,0.9982332155477032,0.0015727571115973743
-39.53051726530318,0.009581630403445996,0.9982332155477032,0.0016069474835886215
-39.49297661603603,0.009582117902448952,0.9982332155477032,0.0016582330415754922
-39.45543596676889,0.009582117902448952,0.9982332155477032,0.0016582330415754922
-39.41789531750174,0.009582280413140444,0.9982332155477032,0.001675328227571116
-39.38035466823459,0.009582442929344324,0.9982332155477032,0.0016924234135667396
-39.342814018967445,0.009582442929344324,0.9982332155477032,0.0016924234135667396
-39.305273369700295,0.009582767978290366,0.9982332155477032,0.0017266137855579868
-39.267732720433145,0.009583418142343442,0.9982332155477032,0.0017949945295404814
-39.230192071166,0.009583743257454964,0.9982332155477032,0.0018291849015317286
-39.19265142189885,0.009584230971484793,0.9982332155477032,0.0018804704595185996
-39.1551107726317,0.009584556141749648,0.9982332155477032,0.0019146608315098468
-39.11757012336456,0.009584556141749648,0.9982332155477032,0.0019146608315098468
-39.08002947409741,0.009584556141749648,0.9982332155477032,0.0019146608315098468
-39.04248882483026,0.009584881334079767,0.9982332155477032,0.0019488512035010942
-39.004948175563115,0.009584881334079767,0.9982332155477032,0.0019488512035010942
-38.967407526295965,0.009585043938520001,0.9982332155477032,0.0019659463894967175
-38.929866877028815,0.009585206548477394,0.9982332155477032,0.0019830415754923413
-38.89232622776167,0.009585531784944777,0.9982332155477032,0.0020172319474835885
-38.85478557849452,0.009585694411455329,0.9982332155477032,0.0020343271334792123
-38.81724492922738,0.009585857043484162,0.9982332155477032,0.0020514223194748357
-38.77970427996023,0.009586182324097796,0.9982332155477032,0.0020856126914660833
-38.74216363069308,0.009586344972683158,0.9982332155477032,0.0021027078774617067
-38.704622981425935,0.009586344972683158,0.9982332155477032,0.0021027078774617067
-38.667082332158785,0.009586507626787926,0.9982332155477032,0.0021198030634573305
-38.629541682891634,0.0095868329515568,0.9982332155477032,0.0021539934354485777
-38.59200103362449,0.009586995622221468,0.9982332155477032,0.0021710886214442015
-38.55446038435734,0.009587158298406666,0.9982332155477032,0.002188183807439825
-38.5169197350902,0.009588297186301463,0.9982332155477032,0.0023078501094091902
-38.47937908582305,0.009589110843332598,0.9982332155477032,0.0023933260393873084
-38.4418384365559,0.00958943634481237,0.9982332155477032,0.002427516411378556
-38.404297787288755,0.009589599103839235,0.9982332155477032,0.0024446115973741794
-38.366757138021605,0.00959008741407112,0.9982332155477032,0.0024958971553610504
-38.329216488754454,0.00959008741407112,0.9982332155477032,0.0024958971553610504
-38.29167583948731,0.00959057577403585,0.9982332155477032,0.0025471827133479214
-38.25413519022016,0.009591064183741024,0.9982332155477032,0.002598468271334792
-38.21659454095301,0.009591552643194242,0.9982332155477032,0.002649753829321663
-38.17905389168587,0.009591715474068415,0.9982332155477032,0.0026668490153172867
-38.14151324241872,0.009591878310471275,0.9982332155477032,0.00268394420131291
-38.10397259315157,0.00959236685285479,0.9982332155477032,0.002735229759299781
-38.066431943884425,0.009592855445006621,0.9982332155477032,0.002786515317286652
-38.028891294617274,0.00959350697863959,0.9982332155477032,0.0028548960612691464
-37.991350645350124,0.009593832778645657,0.9982332155477032,0.002889086433260394
-37.95380999608298,0.009594158600781118,0.9982332155477032,0.0029232768052516412
-37.91626934681583,0.009594321520148075,0.9982332155477032,0.0029403719912472646
-37.87872869754868,0.009595299152556766,0.9982332155477032,0.0030429431072210066
-37.84118804828154,0.009595462110662001,0.9982332155477032,0.0030600382932166304
-37.80364739901439,0.00959578804347826,0.9982332155477032,0.0030942286652078776
-37.76610674974724,0.009596276984221342,0.9982332155477032,0.0031455142231947486
-37.728566100480094,0.009596928982725527,0.9982332155477032,0.003213894967177243
-37.691025451212944,0.009597581069833019,0.9982332155477032,0.0032822757111597373
-37.653484801945794,0.009598070193320422,0.9982332155477032,0.0033335612691466083
-37.61594415267865,0.009598559366664967,0.9982332155477032,0.0033848468271334793
-37.5784035034115,0.009598885509930174,0.9982332155477032,0.0034190371991247265
-37.54086285414435,0.009599537862955978,0.9982332155477032,0.003487417943107221
-37.50332220487721,0.009600353428940393,0.9982332155477032,0.003572893873085339
-37.46578155561006,0.009600679694137639,0.9982332155477032,0.0036070842450765866
-37.42824090634291,0.009601332291064813,0.9982332155477032,0.003675464989059081
-37.390700257075764,0.009602148161995887,0.9982332155477032,0.003760940919037199
-37.353159607808614,0.009602800958580486,0.9982332155477032,0.0038293216630196935
-37.315618958541464,0.009603290614270659,0.9982332155477032,0.0038806072210065645
-37.27807830927432,0.009603453843931128,0.9982332155477032,0.0038977024070021883
-37.24053766000717,0.009604759881002975,0.9982332155477032,0.004034463894967177
-37.20299701074002,0.00960524973649315,0.9982332155477032,0.004085749452954048
-37.16545636147288,0.009605576334580075,0.9982332155477032,0.004119939824945296
-37.12791571220573,0.00960639292697441,0.9982332155477032,0.004205415754923413
-37.09037506293858,0.00960737302113622,0.9982332155477032,0.004307986870897155
-37.052834413671434,0.00960786314321668,0.9982332155477032,0.004359272428884026
-37.015293764404284,0.009608516717118465,0.9982332155477032,0.004427653172866521
-36.97775311513713,0.00960900695590061,0.9982332155477032,0.004478938730853392
-36.94021246586999,0.00960982413171412,0.9982332155477032,0.0045644146608315095
-36.90267181660284,0.00960982413171412,0.9982332155477032,0.0045644146608315095
-36.86513116733569,0.009609987583555865,0.9982332155477032,0.004581509846827134
-36.82759051806855,0.009610641446529112,0.9982332155477032,0.004649890590809628
-36.7900498688014,0.00961080492617541,0.9982332155477032,0.004666985776805251
-36.75250921953425,0.009611295398486009,0.9982332155477032,0.004718271334792122
-36.714968570267104,0.009612112963593059,0.9982332155477032,0.004803747264770241
-36.67742792099995,0.009595590111778417,0.9964664310954063,0.004837937636761488
-36.6398872717328,0.009595916631220757,0.9964664310954063,0.004872128008752735
-36.60234662246566,0.009597222931236918,0.9964664310954063,0.005008889496717724
-36.56480597319851,0.009597712885440065,0.9964664310954063,0.005060175054704595
-36.52726532393136,0.009598366235534377,0.9964664310954063,0.0051285557986870895
-36.48972467466422,0.009599019674586425,0.9964664310954063,0.005196936542669584
-36.45218402539707,0.009599183048251213,0.9964664310954063,0.005214031728665208
-36.414643376129916,0.00959967320261438,0.9964664310954063,0.005265317286652079
-36.37710272686277,0.009600490237799377,0.9964664310954063,0.005350793216630197
-36.33956207759562,0.009600980525670707,0.9964664310954063,0.005402078774617068
-36.30202142832847,0.009601961251659914,0.9964664310954063,0.00550464989059081
-36.26448077906133,0.009602451689793139,0.9964664310954063,0.005555935448577681
-36.22694012979418,0.009603596240294238,0.9964664310954063,0.005675601750547046
-36.18939948052704,0.009604904632152588,0.9964664310954063,0.005812363238512035
-36.15185883125989,0.009605886160029976,0.9964664310954063,0.005914934354485777
-36.114318181992736,0.009607358828038497,0.9964664310954063,0.00606879102844639
-36.07677753272559,0.00960834085759553,0.9964664310954063,0.006171362144420131
-36.03923688345844,0.009609323087932121,0.9964664310954063,0.006273933260393873
-36.00169623419129,0.009610305519109854,0.9964664310954063,0.006376504376367615
-35.96415558492415,0.009611124365222726,0.9964664310954063,0.006461980306345733
-35.926614935657,0.009612107164769242,0.9964664310954063,0.006564551422319475
-35.88907428638985,0.009612598639919555,0.9964664310954063,0.006615836980306346
-35.85153363712271,0.009613254018306091,0.9964664310954063,0.00668421772428884
-35.813992987855556,0.009614237253464705,0.9964664310954063,0.006786788840262582
-35.77645233858841,0.009614565043214401,0.9964664310954063,0.0068209792122538295
-35.73891168932126,0.009615384615384616,0.9964664310954063,0.006906455142231947
-35.70137104005411,0.009616204327291947,0.9964664310954063,0.006991931072210066
-35.66383039078697,0.009617516157086097,0.9964664310954063,0.007128692560175055
-35.62628974151982,0.009618828344845228,0.9964664310954063,0.007265454048140043
-35.58874909225267,0.009621453794844675,0.9964664310954063,0.007538977024070022
-35.551208442985526,0.009621782076871897,0.9964664310954063,0.007573167396061269
-35.513667793718376,0.009623259623259623,0.9964664310954063,0.007727024070021882
-35.476127144451226,0.00962457337883959,0.9964664310954063,0.00786378555798687
-35.43858649518408,0.009625887493173129,0.9964664310954063,0.00800054704595186
-35.40104584591693,0.009627366300803988,0.9964664310954063,0.008154403719912473
-35.36350519664978,0.009627859337657904,0.9964664310954063,0.008205689277899343
-35.32596454738264,0.009629009953391495,0.9964664310954063,0.008325355579868708
-35.28842389811549,0.00963098307747477,0.9964664310954063,0.008530497811816192
-35.25088324884834,0.009632298942838112,0.9964664310954063,0.00866725929978118
-35.213342599581196,0.00963246345129116,0.9964664310954063,0.008684354485776806
-35.175801950314046,0.00963394428027262,0.9964664310954063,0.008838211159737418
-35.138261301046896,0.009635260954984197,0.9964664310954063,0.008974972647702407
-35.10072065177975,0.009636577989645805,0.9964664310954063,0.009111734135667396
-35.0631800025126,0.00963855421686747,0.9964664310954063,0.00931687636761488
-35.02563935324545,0.009639707390442332,0.9964664310954063,0.009436542669584245
-34.98809870397831,0.009640036919290329,0.9964664310954063,0.009470733041575492
-34.95055805471116,0.009641190447699961,0.9964664310954063,0.009590399343544857
-34.91301740544401,0.009642344252205429,0.9964664310954063,0.009710065645514224
-34.875476756176866,0.009643498332905873,0.9964664310954063,0.00982973194748359
-34.837936106909716,0.009644322845417237,0.9964664310954063,0.009915207877461706
-34.800395457642566,0.009645807323288468,0.9964664310954063,0.01006906455142232
-34.76285480837542,0.00964696223316913,0.9964664310954063,0.010188730853391685
-34.72531415910827,0.009648777650419996,0.9964664310954063,0.010376777899343544
-34.68777350984112,0.009650428622760639,0.9964664310954063,0.010547729759299782
-34.65023286057398,0.009651254320818646,0.9964664310954063,0.0106332056892779
-34.61269221130683,0.009652410535503414,0.9964664310954063,0.010752871991247265
-34.57515156203968,0.009653071353997296,0.9964664310954063,0.010821252735229759
-34.537610912772536,0.009654889071487264,0.9964664310954063,0.01100929978118162
-34.500070263505386,0.009657203520427383,0.9964664310954063,0.01124863238512035
-34.462529614238235,0.009658526560948042,0.9964664310954063,0.011385393873085339
-34.42498896497109,0.009659849964032474,0.9964664310954063,0.011522155361050328
-34.38744831570394,0.00966117372982973,0.9964664310954063,0.011658916849015316
-34.34990766643679,0.009662497858488949,0.9964664310954063,0.011795678336980307
-34.31236701716965,0.00966382235015935,0.9964664310954063,0.011932439824945296
-34.2748263679025,0.009665147204990232,0.9964664310954063,0.012069201312910284
-34.23728571863535,0.009665809768637533,0.9964664310954063,0.01213758205689278
-34.199745069368205,0.009666472423130977,0.9964664310954063,0.012205962800875273
-34.162204420101055,0.009669123949939996,0.9964664310954063,0.012479485776805252
-34.124663770833905,0.009671279386799733,0.9964664310954063,0.01270172319474836
-34.08712312156676,0.009672274527962134,0.9964664310954063,0.0128042943107221
-34.04958247229961,0.009674265424792878,0.9964664310954063,0.013009436542669584
-34.01204182303246,0.009675925131671499,0.9964664310954063,0.013180388402625821
-33.97450117376532,0.009676755198682314,0.9964664310954063,0.013265864332603938
-33.93696052449817,0.009678914039573716,0.9964664310954063,0.013488101750547045
-33.89941987523102,0.009681572397219123,0.9964664310954063,0.013761624726477024
-33.861879225963875,0.009683068365209628,0.9964664310954063,0.013915481400437637
-33.824338576696725,0.00968489739847171,0.9964664310954063,0.014103528446389497
-33.786797927429575,0.009688224684359701,0.9964664310954063,0.01444543216630197
-33.74925727816243,0.009690388646438267,0.9964664310954063,0.014667669584245077
-33.71171662889528,0.009692553575418034,0.9964664310954063,0.014889907002188184
-33.67417597962813,0.009695552766842586,0.9964664310954063,0.015197620350109409
-33.63663533036099,0.00969738651994498,0.9964664310954063,0.01538566739606127
-33.59909468109384,0.009699888210508212,0.9964664310954063,0.015642095185995623
-33.56155403182669,0.00970255810352836,0.9964664310954063,0.0159156181619256
-33.524013382559545,0.009704394507725662,0.9964664310954063,0.01610366520787746
-33.486472733292395,0.009706064569422454,0.9964664310954063,0.0162746170678337
-33.44893208402525,0.009709573570678465,0.9964664310954063,0.016633615973741793
-33.4113914347581,0.00971191431474179,0.9964664310954063,0.016872948577680524
-33.37385078549095,0.009715092844592965,0.9964664310954063,0.017197757111597375
-33.33631013622381,0.0097182734556733,0.9964664310954063,0.017522565645514222
-33.29876948695666,0.009721456150027579,0.9964664310954063,0.017847374179431073
-33.261228837689515,0.009723802627495604,0.9964664310954063,0.018086706783369804
-33.22368818842236,0.009726150237980272,0.9964664310954063,0.018326039387308535
-33.186147539155215,0.009729338094498784,0.9964664310954063,0.018650847921225382
-33.14860688988807,0.009731352554480046,0.9964664310954063,0.018855990153172866
-33.111066240620914,0.009734039799105988,0.9964664310954063,0.019129513129102844
-33.07352559135377,0.009736392355896214,0.9964664310954063,0.019368845733041574
-33.03598494208663,0.009737064723857535,0.9964664310954063,0.01943722647702407
-32.99844429281948,0.009740427957100669,0.9964664310954063,0.019779130196936542
-32.96090364355233,0.009743625181397278,0.9964664310954063,0.02010393873085339
-32.923362994285185,0.009745813965544055,0.9964664310954063,0.020326176148796497
-32.885822345018035,0.009748509204044594,0.9964664310954063,0.020599699124726478
-32.848281695750885,0.00975137452885646,0.9964664310954063,0.02089031728665208
-32.81074104648374,0.009754578944637576,0.9964664310954063,0.021215125820568927
-32.77320039721659,0.00975609756097561,0.9964664310954063,0.02136898249452954
-32.73565974794944,0.009758967348986902,0.9964664310954063,0.02165960065645514
-32.6981190986823,0.009761500917304164,0.9964664310954063,0.021916028446389495
-32.66057844941515,0.009764711992936166,0.9964664310954063,0.022240836980306346
-32.623037800148,0.009766910262182661,0.9964664310954063,0.022463074398249454
-32.585497150880855,0.009769955654101995,0.9964664310954063,0.022770787746170678
-32.547956501613704,0.009772664263931245,0.9964664310954063,0.023044310722100655
-32.510415852346554,0.009774357907871477,0.9964664310954063,0.023215262582056893
-32.47287520307941,0.00977740794674433,0.9964664310954063,0.023522975929978117
-32.43533455381226,0.009781138358017413,0.9964664310954063,0.023899070021881838
-32.39779390454511,0.009783344030252043,0.9964664310954063,0.024121307439824945
-32.36025325527797,0.009786739315275295,0.9964664310954063,0.024463211159737416
-32.32271260601082,0.009790136957767016,0.9964664310954063,0.02480511487964989
-32.28517195674367,0.009793877090315522,0.9964664310954063,0.025181208971553612
-32.247631307476524,0.009797449883611854,0.9964664310954063,0.025540207877461706
-32.210090658209374,0.00980102528455991,0.9964664310954063,0.025899206783369804
-32.172550008942224,0.009804603296015577,0.9964664310954063,0.0262582056892779
-32.13500935967508,0.009807501695445772,0.9964664310954063,0.026548823851203503
-32.09746871040793,0.009811596472000417,0.9964664310954063,0.026959108315098467
-32.05992806114078,0.009798120431604595,0.9946996466431095,0.02733520240700219
-32.02238741187364,0.009802214638902431,0.9946996466431095,0.027745486870897156
-31.984846762606487,0.009806312269212011,0.9946996466431095,0.028155771334792124
-31.94730611333934,0.009810413326827909,0.9946996466431095,0.02856605579868709
-31.90976546407219,0.009815202231520223,0.9946996466431095,0.02904472100656455
-31.872224814805044,0.009817940848214286,0.9946996466431095,0.02931824398249453
-31.834684165537897,0.009820680993580798,0.9946996466431095,0.02959176695842451
-31.797143516270747,0.009806658756194598,0.9929328621908127,0.029916575492341356
-31.7596028670036,0.009809739919706755,0.9929328621908127,0.030224288840262584
-31.722062217736454,0.009813165706303474,0.9929328621908127,0.030566192560175055
-31.684521568469307,0.009815736616889354,0.9929328621908127,0.03082262035010941
-31.646980919202157,0.00982139736464996,0.9929328621908127,0.03138676148796499
-31.60944026993501,0.009824316056288786,0.9929328621908127,0.03167737964989059
-31.571899620667864,0.009827752032875755,0.9929328621908127,0.032019283369803066
-31.534358971400714,0.009832394415479898,0.9929328621908127,0.032480853391684904
-31.496818322133567,0.009836008190839561,0.9929328621908127,0.032839852297592995
-31.45927767286642,0.009841347669246664,0.9929328621908127,0.03336980306345733
-31.42173702359927,0.00984600290824997,0.9929328621908127,0.03383137308533917
-31.384196374332124,0.009849108848425369,0.9929328621908127,0.03413908643326039
-31.346655725064977,0.009854289772229139,0.9929328621908127,0.0346519420131291
-31.309115075797827,0.009857746750627071,0.9929328621908127,0.034993845733041574
-31.27157442653068,0.009862244450293937,0.9929328621908127,0.03543832056892779
-31.234033777263534,0.00986743920639101,0.9929328621908127,0.0359511761487965
-31.196493127996384,0.009871598953118687,0.9929328621908127,0.036361460612691465
-31.158952478729237,0.009874721065485917,0.9929328621908127,0.03666917396061269
-31.12141182946209,0.009880102668682536,0.9929328621908127,0.037199124726477024
-31.08387118019494,0.009866338374956032,0.991166077738516,0.03755812363238512
-31.046330530927793,0.009872589046881599,0.991166077738516,0.03817355032822757
-31.008789881660647,0.009877630073069812,0.991166077738516,0.038669310722100655
-30.9712492323935,0.009881979918971287,0.991166077738516,0.03909669037199125
-30.93370858312635,0.009887553315238464,0.991166077738516,0.0396437363238512
-30.896167933859203,0.009891563078550648,0.991166077738516,0.040036925601750546
-30.858627284592057,0.009896099772442626,0.991166077738516,0.04048140043763676
-30.821086635324907,0.009900640629687804,0.991166077738516,0.040925875273522976
-30.78354598605776,0.009888227711758162,0.9893992932862191,0.04142163566739606
-30.746005336790613,0.00989276944547494,0.9893992932862191,0.041866110503282275
-30.708464687523463,0.00989853996535511,0.9893992932862191,0.04243025164113785
-30.670924038256317,0.009903091179175214,0.9893992932862191,0.04287472647702407
-30.63338338898917,0.009910276602898756,0.9893992932862191,0.04357562910284464
-30.59584273972202,0.00991606757091759,0.9893992932862191,0.04413977024070022
-30.558302090454873,0.00992063492063492,0.9893992932862191,0.04458424507658643
-30.520761441187727,0.009926262053318207,0.9893992932862191,0.04513129102844639
-30.483220791920576,0.009915566907904072,0.9876325088339223,0.045798003282275714
-30.44568014265343,0.009919085811626092,0.9876325088339223,0.04613990700218818
-30.408139493386283,0.009924721255592642,0.9876325088339223,0.04668695295404814
-30.370598844119137,0.00993036310665814,0.9876325088339223,0.0472339989059081
-30.333058194851986,0.009936187987699746,0.9876325088339223,0.047798140043763676
-30.29551754558484,0.009942727046351962,0.9876325088339223,0.04843066192560175
-30.257976896317693,0.009946265257464146,0.9876325088339223,0.04877256564551422
-30.220436247050543,0.009935012908394908,0.9858657243816255,0.04938799234135667
-30.182895597783396,0.009940499519008088,0.9858657243816255,0.04991794310722101
-30.14535494851625,0.00994599219293086,0.9858657243816255,0.05044789387308534
-30.1078142992491,0.009935783089546913,0.9840989399293286,0.05116589168490153
-30.070273649981953,0.009942700058906481,0.9840989399293286,0.051832603938730855
-30.032733000714806,0.00995015988138409,0.9840989399293286,0.052550601750547044
-29.995192351447656,0.00995674091022845,0.9840989399293286,0.05318312363238512
-29.95765170218051,0.009964043577037979,0.9840989399293286,0.05388402625820569
-29.920111052913363,0.009969750666738263,0.9840989399293286,0.05443107221006564
-29.882570403646213,0.009975285647766754,0.9840989399293286,0.05496102297592998
-29.845029754379066,0.009982436646474784,0.9840989399293286,0.05564483041575492
-29.80748910511192,0.009989239598278335,0.9840989399293286,0.05629444748358862
-29.76994845584477,0.009996769446139487,0.9840989399293286,0.057012445295404814
-29.732407806577623,0.010003232642505657,0.9840989399293286,0.05762787199124726
-29.694867157310476,0.01001006397814679,0.9840989399293286,0.058277489059080964
-29.65732650804333,0.01001582392289434,0.9840989399293286,0.05882453501094092
-29.61978585877618,0.010024115466292336,0.9840989399293286,0.05961091356673961
-29.582245209509033,0.010031878680907012,0.9840989399293286,0.06034600656455142
-29.544704560241886,0.01004164488272729,0.9840989399293286,0.061269146608315096
-29.507163910974736,0.01004871008479163,0.9840989399293286,0.06193585886214442
-29.46962326170759,0.010039000433338148,0.9823321554770318,0.06270514223194748
-29.432082612440443,0.01004516711833785,0.9823321554770318,0.06328637855579869
-29.394541963173292,0.010050796290605398,0.9823321554770318,0.06381632932166302
-29.357001313906146,0.010058796924468566,0.9823321554770318,0.06456851750547046
-29.319460664639,0.010066081289037748,0.9823321554770318,0.0652523249452954
-29.28192001537185,0.010075019026564708,0.9823321554770318,0.06608998905908096
-29.244379366104702,0.010083241145427177,0.9823321554770318,0.06685927242888402
-29.206838716837556,0.010092392586810913,0.9823321554770318,0.0677140317286652
-29.169298067570406,0.01008394200370653,0.980565371024735,0.06860298140043763
-29.13175741830326,0.01009292767644438,0.980565371024735,0.0694406455142232
-29.094216769036112,0.010082259590885928,0.9787985865724381,0.07012445295404814
-29.056676119768966,0.010089788187298523,0.9787985865724381,0.07082535557986872
-29.019135470501816,0.010098616453088828,0.9787985865724381,0.07164592450765864
-28.98159482123467,0.01010635386832552,0.9787985865724381,0.07236392231947483
-28.944054171967522,0.010114472459058296,0.9787985865724381,0.07311611050328228
-28.906513522700372,0.01012408398969317,0.9787985865724381,0.0740050601750547
-28.868972873433226,0.010133528443387598,0.9787985865724381,0.0748769146608315
-28.83143222416608,0.010139648955835788,0.9787985865724381,0.0754410557986871
-28.79389157489893,0.010151540138896523,0.9787985865724381,0.076535147702407
-28.756350925631782,0.010159545204474601,0.9787985865724381,0.07727024070021882
-28.718810276364636,0.010169242630052498,0.9787985865724381,0.07815919037199125
-28.681269627097485,0.010176714794812447,0.9787985865724381,0.0788429978118162
-28.64372897783034,0.0101864450410032,0.9787985865724381,0.07973194748358862
-28.606188328563192,0.010175354665390914,0.9770318021201413,0.08038156455142231
-28.568647679296042,0.0101841620626151,0.9770318021201413,0.08118503829321663
-28.531107030028895,0.010193172601931725,0.9770318021201413,0.08200560722100657
-28.49356638076175,0.01020182267645648,0.9770318021201413,0.08279198577680526
-28.4560257314946,0.010213316095669037,0.9770318021201413,0.08383479212253829
-28.418485082227452,0.010222756262131436,0.9770318021201413,0.08468955142231947
-28.380944432960305,0.010213899785360078,0.9752650176678446,0.08554431072210066
-28.34340378369316,0.01020483757454532,0.9734982332155477,0.08638197483588621
-28.30586313442601,0.010212024612647343,0.9734982332155477,0.08703159190371991
-28.268322485158862,0.0102228241711349,0.9734982332155477,0.08800601750547046
-28.230781835891715,0.010232886379675371,0.9734982332155477,0.08891206236323851
-28.193241186624565,0.010245444403123838,0.9734982332155477,0.09004034463894967
-28.15570053735742,0.010236367020286618,0.9717314487632509,0.09087800875273523
-28.118159888090272,0.010246474281349553,0.9717314487632509,0.09178405361050328
-28.08061923882312,0.010259279985077412,0.9717314487632509,0.09292943107221006
-28.043078589555975,0.010254207213433198,0.9699646643109541,0.09412609409190371
-28.00553794028883,0.010264368245896122,0.9699646643109541,0.09503213894967177
-27.96799729102168,0.010255834409447346,0.9681978798586572,0.0959210886214442
-27.93045664175453,0.010269480154417001,0.9681978798586572,0.09713484682713348
-27.892915992487385,0.010282390468148982,0.9681978798586572,0.09828022428884026
-27.855375343220235,0.010293206108304063,0.9681978798586572,0.09923755470459518
-27.81783469395309,0.0102908529931896,0.9664310954063604,0.10067355032822757
-27.78029404468594,0.010304811423834822,0.9664310954063604,0.10190440371991247
-27.742753395418795,0.010296641333660211,0.9646643109540636,0.10282754376367614
-27.705212746151645,0.010306553911205074,0.9646643109540636,0.10369939824945296
-27.6676720968845,0.010299536993291128,0.9628975265017667,0.10472510940919037
-27.63013144761735,0.010311228833601362,0.9628975265017667,0.10575082056892779
-27.5925907983502,0.010304786800780437,0.9611307420494699,0.10682781728665208
-27.555050149083055,0.01031514278129622,0.9611307420494699,0.10773386214442013
-27.517509499815908,0.010329440805088769,0.9611307420494699,0.10898181072210066
-27.479968850548758,0.010321231704999049,0.9593639575971732,0.10990495076586433
-27.44242820128161,0.01033340945421329,0.9593639575971732,0.110964852297593
-27.404887552014465,0.010348967962034725,0.9593639575971732,0.11231537199124726
-27.367346902747315,0.01036121128856832,0.9593639575971732,0.11337527352297593
-27.329806253480168,0.010371898458541058,0.9593639575971732,0.1142984135667396
-27.29226560421302,0.010385586412669267,0.9593639575971732,0.11547798140043763
-27.25472495494587,0.01039911138348399,0.9593639575971732,0.11664045404814004
-27.217184305678725,0.010412072635232306,0.9593639575971732,0.11775164113785558
-27.179643656411578,0.010424665949930887,0.9593639575971732,0.11882863785557987
-27.142103007144428,0.010420471805125642,0.9575971731448764,0.12009368161925602
-27.10456235787728,0.010414661379124475,0.9558303886925795,0.12122196389496717
-27.067021708610135,0.01041003990515297,0.9540636042402827,0.12245281728665208
-27.029481059342988,0.010426119359759041,0.9540636042402827,0.12382043216630197
-26.991940410075838,0.010440835266821345,0.9540636042402827,0.1250683807439825
-26.95439976080869,0.010452557005148851,0.9540636042402827,0.12605990153172866
-26.916859111541545,0.0104675505931612,0.9540636042402827,0.1273249452954048
-26.879318462274394,0.010485640497873745,0.9540636042402827,0.12884641684901532
-26.841777813007248,0.010501750291715286,0.9540636042402827,0.1301969365426696
-26.8042371637401,0.010515656644337124,0.9540636042402827,0.13135940919037198
-26.76669651447295,0.010529189252427563,0.9540636042402827,0.13248769146608316
-26.729155865205804,0.010527138141833167,0.9522968197879859,0.13392368708971553
-26.691615215938658,0.010543612214158565,0.9522968197879859,0.13529130196936542
-26.654074566671508,0.01056262125458073,0.9522968197879859,0.1368640590809628
-26.61653391740436,0.010578376150570133,0.9522968197879859,0.1381632932166302
-26.578993268137214,0.010594802846247591,0.9522968197879859,0.13951381291028447
-26.541452618870064,0.010590342709789178,0.950530035335689,0.14074466630196936
-26.503911969602918,0.010587330691429586,0.9487632508833922,0.14209518599562362
-26.46637132033577,0.010583055264872548,0.9469964664310954,0.14334313457330417
-26.42883067106862,0.010600846485502947,0.9469964664310954,0.14479622538293216
-26.391290021801474,0.010579285204849829,0.9434628975265018,0.14623222100656455
-26.353749372534327,0.010593766738746603,0.9434628975265018,0.14741178884026257
-26.31620872326718,0.010586319218241042,0.941696113074205,0.14840330962800874
-26.27866807400003,0.010603588907014683,0.941696113074205,0.1498051148796499
-26.241127424732884,0.010620068542281024,0.941696113074205,0.15113853938730853
-26.203586775465737,0.01063978440962172,0.941696113074205,0.15272839168490154
-26.166046126198587,0.010655524679634553,0.941696113074205,0.1539934354485777
-26.12850547693144,0.010674303566779484,0.941696113074205,0.15549781181619257
-26.090964827664294,0.010692076228686058,0.941696113074205,0.15691671225382933
-26.053424178397144,0.010709262607996786,0.941696113074205,0.1582843271334792
-26.015883529129997,0.010728231552675013,0.941696113074205,0.1597887035010941
-25.97834287986285,0.010747917968986309,0.941696113074205,0.16134436542669583
-25.9408022305957,0.010768111842902743,0.941696113074205,0.16293421772428884
-25.903261581328554,0.010788381742738589,0.941696113074205,0.16452407002188185
-25.865720932061407,0.010787136542438866,0.9399293286219081,0.16599425601750548
-25.828180282794257,0.010764481273864653,0.9363957597173145,0.16736187089715537
-25.79063963352711,0.010744810744810745,0.9328621908127208,0.16896881838074398
-25.753098984259964,0.010761893114834291,0.9328621908127208,0.17030224288840262
-25.715558334992817,0.010759493670886076,0.931095406360424,0.17168695295404815
-25.678017685725667,0.010776875728512708,0.931095406360424,0.17303747264770242
-25.64047703645852,0.010749605847785582,0.9275618374558304,0.17406318380743982
-25.602936387191374,0.010733048760466261,0.9240282685512368,0.1759265590809628
-25.565395737924224,0.010730143068574248,0.9222614840989399,0.17727707877461707
-25.527855088657077,0.01074914542234669,0.9222614840989399,0.1787472647702407
-25.49031443938993,0.0107475864345243,0.9204946996466431,0.18020035557986872
-25.45277379012278,0.010747354497354497,0.9187279151943463,0.18175601750547046
-25.415233140855634,0.01076760607127327,0.9187279151943463,0.1833116794310722
-25.377692491588487,0.010787038957806082,0.9187279151943463,0.18479896061269147
-25.340151842321337,0.01080699129205894,0.9187279151943463,0.18632043216630198
-25.30261119305419,0.010823186595899677,0.9187279151943463,0.18755128555798686
-25.265070543787044,0.010841012383771838,0.9187279151943463,0.18890180525164113
-25.227529894519893,0.010860030909318742,0.9187279151943463,0.19033780087527352
-25.189989245252747,0.010881165121680721,0.9187279151943463,0.19192765317286653
-25.1524485959856,0.01087685472378238,0.9169611307420494,0.1931585065645514
-25.11490794671845,0.010878010878010878,0.9151943462897526,0.19479964442013128
-25.077367297451303,0.010899985270290175,0.9151943462897526,0.19644078227571116
-25.039826648184157,0.010922969866942201,0.9151943462897526,0.19815030087527352
-25.00228599891701,0.010921458447758672,0.9134275618374559,0.1995862964989059
-24.96474534964986,0.010942262106332543,0.9134275618374559,0.20112486323851203
-24.927204700382713,0.010943796394485684,0.911660777385159,0.20278309628008753
-24.889664051115567,0.010940454188175812,0.9098939929328622,0.20408233041575494
-24.852123401848417,0.010919540229885057,0.9063604240282686,0.20563799234135668
-24.81458275258127,0.010917309906605825,0.9045936395759717,0.20702270240700218
-24.777042103314123,0.010937833796197394,0.9045936395759717,0.20852707877461707
-24.739501454046973,0.010937734112459598,0.9028268551236749,0.2100656455142232
-24.701960804779826,0.01093833780160858,0.901060070671378,0.2116554978118162
-24.66442015551268,0.0109524320841834,0.901060070671378,0.2126812089715536
-24.62687950624553,0.01097860248848323,0.901060070671378,0.21457877461706784
-24.589338856978383,0.010999676480103526,0.901060070671378,0.21610024617067833
-24.551798207711236,0.011020355244392583,0.901060070671378,0.21758752735229758
-24.514257558444086,0.011043263609198389,0.901060070671378,0.21922866520787745
-24.47671690917694,0.011068909386869235,0.901060070671378,0.2210578501094092
-24.439176259909793,0.011089849525963294,0.901060070671378,0.22254513129102846
-24.401635610642646,0.011094642312219365,0.8992932862190812,0.2244085065645514
-24.364094961375496,0.0111171781151032,0.8992932862190812,0.22599835886214442
-24.32655431210835,0.011140537109588742,0.8992932862190812,0.2276394967177243
-24.289013662841203,0.011142550064705754,0.8975265017667845,0.22929772975929977
-24.251473013574053,0.011165325948393336,0.8975265017667845,0.23088758205689278
-24.213932364306906,0.011192632251525766,0.8975265017667845,0.232785147702407
-24.17639171503976,0.01122007244456224,0.8975265017667845,0.23468271334792123
-24.13885106577261,0.011247398485586504,0.8975265017667845,0.23656318380743982
-24.101310416505463,0.011229721032424155,0.8939929328621908,0.2383581783369803
-24.063769767238316,0.011235955056179775,0.892226148409894,0.24028993435448578
-24.026229117971166,0.011237458193979933,0.8904593639575972,0.2418968818380744
-23.98868846870402,0.011245249273418287,0.8886925795053003,0.2439312089715536
-23.951147819436873,0.011208249271463798,0.8833922261484098,0.24593134573304157
-23.913607170169723,0.011234945173467554,0.8833922261484098,0.2477434354485777
-23.876066520902576,0.01125923257070798,0.8833922261484098,0.24938457330415756
-23.83852587163543,0.011286681715575621,0.8833922261484098,0.2512308533916849
-23.80098522236828,0.011288315801379935,0.8816254416961131,0.2528378008752735
-23.763444573101133,0.01131365347118306,0.8816254416961131,0.25453022428884026
-23.725903923833986,0.01132410123473634,0.8798586572438163,0.2567184080962801
-23.68836327456684,0.01135663952931518,0.8798586572438163,0.2588724015317287
-23.65082262529969,0.011384418434528164,0.8798586572438163,0.2607015864332604
-23.613281976032543,0.011409980296017962,0.8798586572438163,0.2623769146608315
-23.575741326765396,0.011436707697960683,0.8798586572438163,0.26412062363238514
-23.538200677498246,0.011442121742333548,0.8780918727915195,0.26594980853391686
-23.5006600282311,0.011469054322241197,0.8780918727915195,0.26769351750547044
-23.463119378963952,0.011503564484769928,0.8780918727915195,0.26991589168490154
-23.425578729696802,0.011514799767846778,0.8763250883392226,0.27210407549234134
-23.388038080429656,0.011522346368715084,0.8745583038869258,0.27405292669584247
-23.35049743116251,0.011550038500128333,0.8745583038869258,0.27581373085339167
-23.31295678189536,0.011556907240612938,0.872791519434629,0.2777112964989059
-23.275416132628212,0.011589986626938508,0.872791519434629,0.279796909190372
-23.237875483361066,0.011620248400451637,0.872791519434629,0.2816944748358862
-23.200334834093916,0.011625439196359092,0.8710247349823321,0.28347237417943105
-23.16279418482677,0.011657602270040198,0.8710247349823321,0.285472510940919
-23.125253535559622,0.011683018152519077,0.8710247349823321,0.2870452680525164
-23.087712886292476,0.011694794390301877,0.8692579505300353,0.2892163566739606
-23.050172237025325,0.011729925615105856,0.8692579505300353,0.2913703501094092
-23.01263158775818,0.011761893377958403,0.8692579505300353,0.2933192013129103
-22.975090938491032,0.011791209317931265,0.8692579505300353,0.29509710065645517
-22.937550289223882,0.011829482339929311,0.8692579505300353,0.2974049507658643
-22.900009639956735,0.01186313987413498,0.8692579505300353,0.2994221827133479
-22.86246899068959,0.011893825847314219,0.8692579505300353,0.30125136761487964
-22.82492834142244,0.011931611495089124,0.8692579505300353,0.3034908369803063
-22.787387692155292,0.011919531002943394,0.8657243816254417,0.3056106400437637
-22.749847042888145,0.011955010125161637,0.8657243816254417,0.30769625273522977
-22.712306393620995,0.011984542386146848,0.8657243816254417,0.30942286652078776
-22.67476574435385,0.01197369712434979,0.8621908127208481,0.31161105032822756
-22.637225095086702,0.011985922079200611,0.8604240282685512,0.3137308533916849
-22.599684445819552,0.011967921036397286,0.8568904593639576,0.31550875273522977
-22.562143796552405,0.012004950495049505,0.8568904593639576,0.3176456509846827
-22.52460314728526,0.01204669647292598,0.8568904593639576,0.32003897702407
-22.48706249801811,0.012082710513203787,0.8568904593639576,0.32209039934354483
-22.449521848750962,0.012043978010994503,0.8515901060070671,0.3240905361050328
-22.411981199483815,0.012086258776328986,0.8515901060070671,0.32648386214442016
-22.37444055021667,0.012125481119971825,0.8515901060070671,0.3286891411378556
-22.33689990094952,0.012136657246669359,0.8498233215547704,0.3307063730853392
-22.29935925168237,0.012174133130852948,0.8498233215547704,0.33279198577680524
-22.261818602415225,0.012191714713875696,0.8480565371024735,0.33515112144420134
-22.224277953148075,0.012204443538524255,0.8462897526501767,0.3372367341356674
-22.18673730388093,0.012242811501597443,0.8462897526501767,0.3393394420131291
-22.14919665461378,0.012285201333675302,0.8462897526501767,0.3416472921225383
-22.11165600534663,0.012323128376640083,0.8462897526501767,0.3436987144420131
-22.074115356079485,0.01236065235342692,0.8462897526501767,0.3457159463894967
-22.03657470681234,0.012400010354914701,0.8462897526501767,0.3478186542669584
-21.999034057545188,0.012416874480465502,0.8445229681978799,0.3500752188183807
-21.96149340827804,0.012454727845957424,0.8445229681978799,0.3520753555798687
-21.923952759010895,0.012494772061898788,0.8445229681978799,0.35417806345733044
-21.886412109743745,0.012534088525277952,0.8445229681978799,0.35622948577680524
-21.848871460476598,0.012544378698224851,0.842756183745583,0.35810995623632386
-21.81133081120945,0.012590070472721515,0.842756183745583,0.3604690919037199
-21.773790161942305,0.012634757502715015,0.842756183745583,0.36275984682713347
-21.736249512675155,0.012679088806783445,0.842756183745583,0.3650164113785558
-21.698708863408008,0.012720339209045575,0.842756183745583,0.3671020240700219
-21.66116821414086,0.012766299111444172,0.842756183745583,0.36940987417943105
-21.62362756487371,0.012811559948431457,0.842756183745583,0.37166643873085337
-21.586086915606565,0.012855756791720569,0.842756183745583,0.3738546225382932
-21.548546266339418,0.01287008246586454,0.8409893992932862,0.3758718544857768
-21.511005617072268,0.012914077972815323,0.8409893992932862,0.3780258479212254
-21.47346496780512,0.01292833619117607,0.8392226148409894,0.38002598468271337
-21.435924318537975,0.012922438051525832,0.8356890459363958,0.38235092997811815
-21.398383669270824,0.012883771929824562,0.8303886925795053,0.384402352297593
-21.360843020003678,0.012928426032898718,0.8303886925795053,0.3865563457330416
-21.32330237073653,0.012950077313894411,0.8286219081272085,0.388898386214442
-21.28576172146938,0.012995289553893044,0.8286219081272085,0.3910523796498906
-21.248221072202234,0.013038643313872672,0.8286219081272085,0.39310380196936545
-21.210680422935088,0.013051844828067044,0.8268551236749117,0.39501846280087527
-21.173139773667938,0.013100803403969432,0.8268551236749117,0.39730921772428884
-21.13559912440079,0.013085109370173813,0.823321554770318,0.3991554978118162
-21.098058475133644,0.013131199278629395,0.823321554770318,0.40129239606126915
-21.060517825866498,0.013187310750771146,0.823321554770318,0.40387376914660833
-21.022977176599348,0.01323600420370949,0.823321554770318,0.4060961433260394
-20.9854365273322,0.013253904913920875,0.8215547703180212,0.40818175601750545
-20.947895878065054,0.013270033747068581,0.8197879858657244,0.4101818927789934
-20.910355228797904,0.013229638982953568,0.8144876325088339,0.4121820295404814
-20.872814579530758,0.013247703251447168,0.8127208480565371,0.4142676422319475
-20.83527393026361,0.013235846602895703,0.8091872791519434,0.41628487417943105
-20.79773328099646,0.013282292210428629,0.8091872791519434,0.41835339168490154
-20.760192631729314,0.01327472271549591,0.8056537102473498,0.42055867067833697
-20.722651982462168,0.013295540880135586,0.803886925795053,0.4227468544857768
-20.685111333195017,0.013294203961848862,0.8003533568904594,0.4252256564551422
-20.64757068392787,0.013316834600200342,0.7985865724381626,0.4274822210065646
-20.610030034660724,0.01336329233680227,0.7985865724381626,0.4294994529540481
-20.572489385393574,0.013357079252003561,0.7950530035335689,0.43175601750547044
-20.534948736126427,0.013409219583420244,0.7950530035335689,0.4339954868708972
-20.49740808685928,0.01345975533155864,0.7950530035335689,0.43614948030634576
-20.45986743759213,0.013504996848834069,0.7950530035335689,0.4380641411378556
-20.422326788324984,0.013556666867506176,0.7950530035335689,0.4402352297592998
-20.384786139057837,0.013604208235080718,0.7950530035335689,0.44221827133479213
-20.34724548979069,0.01365125591554423,0.7950530035335689,0.4441671225382932
-20.30970484052354,0.013666524624094479,0.7932862190812721,0.4460304978118162
-20.272164191256394,0.013713273471382322,0.7932862190812721,0.447945158643326
-20.234623541989247,0.013733905579399141,0.7915194346289752,0.4500136761487965
-20.197082892722097,0.01376316275632736,0.7897526501766784,0.45242409737417943
-20.15954224345495,0.013817192667923712,0.7897526501766784,0.45459518599562365
-20.122001594187804,0.0138530827768287,0.7879858657243817,0.4572449398249453
-20.084460944920654,0.013908379330776188,0.7879858657243817,0.45943312363238514
-20.046920295653507,0.013962807588754617,0.7879858657243817,0.4615700218818381
-20.00937964638636,0.014017663513216205,0.7879858657243817,0.46370692013129106
-19.97183899711921,0.014069400630914827,0.7879858657243817,0.46570705689277897
-19.934298347852064,0.014121968209739726,0.7879858657243817,0.46772428884026257
-19.896757698584917,0.014184848292093379,0.7879858657243817,0.47011761487964987
-19.859217049317767,0.014210442280057481,0.7862190812720848,0.47227160831509846
-19.82167640005062,0.014252696456086287,0.784452296819788,0.4750410284463895
-19.784135750783474,0.014309655794766018,0.784452296819788,0.47716083150984684
-19.746595101516327,0.014339353919854988,0.7826855123674912,0.4794344912472648
-19.709054452249177,0.014341929818855898,0.7791519434628975,0.481879102844639
-19.67151380298203,0.014375796386447544,0.7773851590106007,0.4842895240700219
-19.633973153714884,0.014404777529859561,0.7756183745583038,0.48651189824945296
-19.596432504447733,0.014464103324437415,0.7756183745583038,0.4886487964989059
-19.558891855180587,0.014529688224002118,0.7756183745583038,0.4909908369803063
-19.52135120591344,0.01456988889628102,0.773851590106007,0.4935722100656455
-19.48381055664629,0.01462583898220189,0.773851590106007,0.4955381564551422
-19.446269907379143,0.014682220434432824,0.773851590106007,0.497504102844639
-19.408729258111997,0.014748964541872916,0.773851590106007,0.4998119529540481
-19.371188608844847,0.014813311688311688,0.773851590106007,0.5020172319474836
-19.3336479595777,0.014886819386853375,0.773851590106007,0.5045131291028446
-19.296107310310553,0.014959016393442623,0.773851590106007,0.5069406455142232
-19.258566661043403,0.014991423670668953,0.7720848056537103,0.5091459245076586
-19.221026011776257,0.015060137160974601,0.7720848056537103,0.5114195842450766
-19.18348536250911,0.015087549311371028,0.7703180212014135,0.5134368161925602
-19.14594471324196,0.015121493377828763,0.7685512367491166,0.5156591903719913
-19.108404063974813,0.015119242990327875,0.765017667844523,0.5178131838074398
-19.070863414707667,0.015194048705172292,0.765017667844523,0.5202236050328227
-19.03332276544052,0.015220914664223803,0.7632508833922261,0.5221895514223195
-18.99578211617337,0.015253937356220139,0.7614840989399293,0.524343544857768
-18.958241466906223,0.0152872582480091,0.7597173144876325,0.5264975382932167
-18.920700817639077,0.015369218671813567,0.7597173144876325,0.5290618161925602
-18.883160168371926,0.015438193372347683,0.7597173144876325,0.5311987144420132
-18.84561951910478,0.015474515745049237,0.7579505300353356,0.5334039934354485
-18.808078869837633,0.015515678810947979,0.7561837455830389,0.535746033916849
-18.770538220570483,0.015586874977238792,0.7561837455830389,0.5379000273522976
-18.732997571303336,0.015627859312666983,0.7544169611307421,0.5402078774617067
-18.69545692203619,0.01563822349781065,0.7508833922261484,0.5426695842450766
-18.65791627276904,0.015676415129219506,0.7491166077738516,0.5448748632385121
-18.620375623501893,0.015724907063197027,0.7473498233215548,0.5473707603938731
-18.582834974234746,0.0157544986186814,0.7455830388692579,0.5493025164113785
-18.545294324967596,0.0157944100543988,0.7438162544169611,0.5515248905908097
-18.50775367570045,0.015753966758376363,0.7385159010600707,0.5535592177242888
-18.470213026433303,0.015833333333333335,0.7385159010600707,0.5558328774617067
-18.432672377166156,0.015865768747859832,0.7367491166077739,0.5578159190371991
-18.395131727899006,0.015899709524537533,0.734982332155477,0.5598331509846827
-18.35759107863186,0.015900449360525405,0.7314487632508834,0.5619700492341356
-18.320050429364713,0.01589077023951865,0.7279151943462897,0.563816329321663
-18.282509780097563,0.015970849323564757,0.7279151943462897,0.5660387035010941
-18.244969130830416,0.016006542820422947,0.726148409893993,0.5680730306345733
-18.20742848156327,0.016050735984967115,0.7243816254416962,0.5703295951859956
-18.16988783229612,0.016099193072229876,0.7226148409893993,0.5726887308533917
-18.132347183028973,0.016134134767478645,0.7208480565371025,0.574671772428884
-18.094806533761826,0.016216216216216217,0.7208480565371025,0.5768599562363238
-18.057265884494676,0.01630239341511168,0.7208480565371025,0.5791336159737418
-18.01972523522753,0.016386200249005983,0.7208480565371025,0.5813217997811816
-17.982184585960383,0.01638550326902898,0.7173144876325088,0.5833561269146609
-17.944643936693232,0.016422691699444467,0.715547703180212,0.5853391684901532
-17.907103287426086,0.016468286319908692,0.7137809187279152,0.587527352297593
-17.86956263815894,0.01655330656395968,0.7137809187279152,0.5896813457330415
-17.83202198889179,0.016598706701264468,0.7120141342756183,0.5918353391684902
-17.794481339624642,0.016641828117237953,0.7102473498233216,0.5939209518599562
-17.756940690357496,0.016713091922005572,0.7102473498233216,0.5956817560175055
-17.71940004109035,0.016757208524864186,0.7084805653710248,0.5977673687089715
-17.6818593918232,0.01676541031135762,0.7049469964664311,0.599972647702407
-17.644318742556052,0.016812402314873486,0.7031802120141343,0.60210954595186
-17.606778093288906,0.01689232205763762,0.7031802120141343,0.6040242067833698
-17.569237444021756,0.016967939972714872,0.7031802120141343,0.6058192013129103
-17.53169679475461,0.01696658097686375,0.6996466431095406,0.6077680525164114
-17.494156145487462,0.017011197243755383,0.6978798586572438,0.6098023796498906
-17.456615496220312,0.017094386982299738,0.6978798586572438,0.6117341356673961
-17.419074846953166,0.017188111918541405,0.6978798586572438,0.6138881291028446
-17.38153419768602,0.017282114105705286,0.6978798586572438,0.6160250273522976
-17.34399354841887,0.01738173817381738,0.6978798586572438,0.6182644967177243
-17.306452899151722,0.017471691436659588,0.6978798586572438,0.6202646334792122
-17.268912249884572,0.01756414246965183,0.6978798586572438,0.6222989606126915
-17.23137160061743,0.017667054298237766,0.6978798586572438,0.6245384299781181
-17.19383095135028,0.01777277840269966,0.6978798586572438,0.6268120897155361
-17.15629030208313,0.017862795640573418,0.6978798586572438,0.628726750547046
-17.118749652815985,0.017858765791147868,0.6943462897526502,0.6305217450765864
-17.081209003548835,0.017853881278538812,0.6908127208480566,0.6322996444201313
-17.043668354281685,0.01790798053081091,0.6890459363957597,0.6343681619256017
-17.006127705014542,0.0180213483665265,0.6890459363957597,0.6367102024070022
-16.968587055747392,0.01801550819519896,0.6855123674911661,0.6384539113785558
-16.93104640648024,0.018030642750373693,0.6819787985865724,0.640625
-16.8935057572131,0.01812206572769953,0.6819787985865724,0.6424712800875274
-16.85596510794595,0.018164661476763388,0.6802120141342756,0.6442491794310722
-16.8184244586788,0.01826115827918228,0.6802120141342756,0.6461638402625821
-16.780883809411655,0.018267671468091197,0.676678445229682,0.6481297866520788
-16.743343160144505,0.018369304556354916,0.676678445229682,0.6501128282275711
-16.705802510877362,0.018483663915834177,0.676678445229682,0.6523181072210066
-16.668261861610212,0.018596746783199804,0.676678445229682,0.6544721006564551
-16.63072121234306,0.018701171875,0.676678445229682,0.6564380470459519
-16.59318056307592,0.018792012168195867,0.676678445229682,0.6581304704595186
-16.55563991380877,0.018831649001725414,0.6749116607773852,0.6597545131291028
-16.51809926454162,0.018890376320095197,0.6731448763250883,0.6617204595185996
-16.480558615274475,0.018855689130543224,0.6678445229681979,0.6637547866520788
-16.443017966007325,0.018872659739998996,0.6643109540636042,0.6658403993435449
-16.405477316740175,0.018975523593237446,0.6643109540636042,0.6676866794310722
-16.36793666747303,0.019036499314686026,0.6625441696113075,0.669652625820569
-16.33039601820588,0.019105026563138536,0.6607773851590106,0.671738238512035
-16.29285536893873,0.01916063081111625,0.6590106007067138,0.6735845185995624
-16.25531471967159,0.01925857083849649,0.6590106007067138,0.6752769420131292
-16.217774070404438,0.019322667774776647,0.657243816254417,0.6772428884026258
-16.180233421137288,0.019441831295076827,0.657243816254417,0.6792601203501094
-16.142692771870145,0.0195542472666106,0.657243816254417,0.681140590809628
-16.105152122602995,0.019667970815269113,0.657243816254417,0.6830210612691466
-16.067611473335845,0.019779869197639178,0.657243816254417,0.6848502461706784
-16.0300708240687,0.019853374003317815,0.6554770318021201,0.6868845733041575
-15.992530174801551,0.019968781958124765,0.6554770318021201,0.6887308533916849
-15.954989525534401,0.02002923185189195,0.6537102473498233,0.6905258479212254
-15.917448876267258,0.020140438734962712,0.6537102473498233,0.692269556892779
-15.879908227000108,0.020262869660460023,0.6537102473498233,0.6941671225382933
-15.842367577732958,0.020366598778004074,0.6537102473498233,0.6957569748358862
-15.804826928465815,0.020417196923587674,0.6519434628975265,0.6973468271334792
-15.767286279198665,0.02053422370617696,0.6519434628975265,0.6991076312910285
-15.729745629931514,0.02066185116747858,0.6519434628975265,0.7010051969365426
-15.692204980664371,0.0207828780625176,0.6519434628975265,0.7027830962800875
-15.654664331397221,0.020794379284945323,0.6484098939929329,0.7045609956236324
-15.617123682130071,0.02086540106037284,0.6466431095406361,0.7063901805251641
-15.579583032862928,0.020949319864546862,0.6448763250883393,0.708390317286652
-15.542042383595778,0.02105931225478883,0.6448763250883393,0.7099459792122538
-15.504501734328628,0.02116801020704054,0.6448763250883393,0.7114674507658644
-15.466961085061484,0.021238111908512748,0.6431095406360424,0.7132282549234136
-15.429420435794334,0.02125535787681287,0.6395759717314488,0.7150403446389497
-15.391879786527191,0.021251475796930343,0.6360424028268551,0.7165618161925602
-15.354339137260041,0.02136244956088298,0.6360424028268551,0.718066192560175
-15.316798487992891,0.0214050822122571,0.6325088339222615,0.720203090809628
-15.279257838725748,0.021426421907914536,0.6289752650176679,0.7220493708971554
-15.241717189458598,0.021490404988195412,0.627208480565371,0.7236734135667396
-15.204176540191447,0.021612078412273226,0.627208480565371,0.7252632658643327
-15.166635890924304,0.021759117376647256,0.627208480565371,0.7271608315098468
-15.129095241657154,0.02181414838550653,0.6254416961130742,0.7286310175054704
-15.091554592390004,0.021929009477792232,0.6254416961130742,0.7300841083150985
-15.054013943122861,0.021927365601445214,0.6219081272084805,0.7315884846827133
-15.01647329385571,0.022084195997239476,0.6219081272084805,0.7335373358862144
-14.97893264458856,0.022212406133653058,0.6219081272084805,0.7351100929978118
-14.941391995321418,0.022223633246555338,0.6183745583038869,0.7367512308533917
-14.903851346054267,0.02231457800511509,0.6166077738515902,0.7385975109409191
-14.866310696787117,0.022339535183158437,0.6130742049469965,0.7403925054704595
-14.828770047519974,0.022481373501781664,0.6130742049469965,0.7420678336980306
-14.791229398252824,0.0225539404210938,0.6113074204946997,0.7436576859956237
-14.753688748985674,0.022698943777471628,0.6113074204946997,0.7453330142231948
-14.71614809971853,0.022779795311984152,0.6095406360424028,0.7469912472647703
-14.67860745045138,0.022922064979071156,0.6095406360424028,0.7485981947483589
-14.64106680118423,0.022988505747126436,0.607773851590106,0.7500683807439825
-14.603526151917087,0.023150952284810553,0.607773851590106,0.751863375273523
-14.565985502649937,0.023110809894950863,0.6024734982332155,0.7535899890590809
-14.528444853382787,0.023190778255234978,0.6007067137809188,0.7551798413566739
-14.490904204115644,0.02334844114819393,0.6007067137809188,0.7568722647702407
-14.453363554848494,0.023518018952756452,0.6007067137809188,0.7586672592997812
-14.415822905581344,0.023668639053254437,0.6007067137809188,0.7602400164113785
-14.3782822563142,0.023834560112162635,0.6007067137809188,0.7619495350109409
-14.34074160704705,0.02393391697260661,0.598939929328622,0.7636590536105032
-14.3032009577799,0.023973820872163334,0.5954063604240283,0.7654540481400438
-14.265660308512757,0.024063596648284752,0.5936395759717314,0.7670439004376368
-14.228119659245607,0.024142404151052177,0.5918727915194346,0.7685140864332604
-14.190579009978457,0.02424506387921022,0.5901060070671378,0.7702065098468271
-14.153038360711314,0.024420560064341595,0.5901060070671378,0.7718989332603938
-14.115497711444164,0.02453219390010314,0.588339222614841,0.7736426422319475
-14.07795706217702,0.02467397747480735,0.588339222614841,0.7749760667396062
-14.04041641290987,0.024852600940368685,0.588339222614841,0.7766342997811816
-14.00287576364272,0.02500187701779413,0.588339222614841,0.7780019146608315
-13.965335114375577,0.025015114873035066,0.5848056537102474,0.7794550054704595
-13.927794465108427,0.025121802679658953,0.5830388692579506,0.7810790481400438
-13.890253815841277,0.025053631627336807,0.5777385159010601,0.7824637582056893
-13.852713166574134,0.025156262057257503,0.5759717314487632,0.7840365153172867
-13.815172517306983,0.02517286924092922,0.5724381625441696,0.7855067013129103
-13.777631868039833,0.025320412628946545,0.5724381625441696,0.7867888402625821
-13.74009121877269,0.025419060360431258,0.5706713780918727,0.7882932166301969
-13.70255056950554,0.0253995885424909,0.5671378091872792,0.7894385940919038
-13.66500992023839,0.025565466709143038,0.5671378091872792,0.7908403993435449
-13.627469270971247,0.025747974653084142,0.5671378091872792,0.7923618708971554
-13.589928621704097,0.025771530134108902,0.5636042402826855,0.7938491520787746
-13.552387972436946,0.025958173976727155,0.5636042402826855,0.7953706236323851
-13.514847323169803,0.026115431846090872,0.5636042402826855,0.7966356673960613
-13.477306673902653,0.026248452331820056,0.5618374558303887,0.798328090809628
-13.439766024635503,0.026409766630678514,0.5618374558303887,0.7995931345733042
-13.40222537536836,0.02659752425560388,0.5618374558303887,0.8010462253829321
-13.36468472610121,0.026571067060312106,0.5565371024734982,0.8027215536105032
-13.32714407683406,0.0267675050985724,0.5565371024734982,0.8042088347921226
-13.289603427566917,0.026872058194266153,0.5547703180212014,0.8056106400437637
-13.252062778299766,0.026901189860320744,0.5512367491166078,0.8070637308533917
-13.214522129032616,0.027022330350160745,0.549469964664311,0.8085681072210066
-13.176981479765473,0.02709079786769204,0.5477031802120141,0.809679294310722
-13.139440830498323,0.027176781002638522,0.5459363957597173,0.810910147702407
-13.101900181231173,0.027292866637128932,0.5441696113074205,0.8123461433260394
-13.06435953196403,0.027522115986060226,0.5441696113074205,0.813953090809628
-13.02681888269688,0.027670121676430823,0.5424028268551236,0.8155771334792122
-12.98927823342973,0.027873615398583622,0.5424028268551236,0.8169618435448578
-12.951737584162586,0.028067288352532457,0.5424028268551236,0.8182610776805251
-12.914196934895436,0.028079543362180076,0.5388692579505301,0.8195261214442013
-12.876656285628286,0.027999258297793435,0.5335689045936396,0.8207740700218819
-12.839115636361143,0.028203212551363467,0.5335689045936396,0.8221074945295405
-12.801574987093993,0.02820078962210942,0.5300353356890459,0.8232699671772429
-12.76403433782685,0.028298315351126254,0.5282685512367491,0.8244837253829321
-12.7264936885597,0.02848161554581825,0.5282685512367491,0.8256461980306345
-12.68895303929255,0.0285659509202454,0.5265017667844523,0.8267573851203501
-12.651412390025406,0.028648596508150864,0.5247349823321554,0.82785147702407
-12.613871740758256,0.02879097364069643,0.5229681978798587,0.829304567833698
-12.576331091491106,0.02895998434595441,0.5229681978798587,0.8303302789934355
-12.538790442223963,0.02916256157635468,0.5229681978798587,0.8315440371991247
-12.501249792956813,0.029321141039658084,0.5212014134275619,0.8330484135667396
-12.463709143689663,0.029341077508511917,0.5176678445229682,0.8342963621444202
-12.42616849442252,0.029536290322580646,0.5176678445229682,0.8354246444201313
-12.38862784515537,0.02946854994411137,0.5123674911660777,0.8367238785557987
-12.35108719588822,0.02955312404131302,0.5106007067137809,0.8377666849015317
-12.313546546621076,0.02955411389146329,0.5070671378091873,0.8388949671772429
-12.276005897353926,0.029796511627906978,0.5070671378091873,0.8402454868708972
-12.238465248086776,0.02994137353433836,0.5053003533568905,0.8415960065645515
-12.200924598819633,0.030075981426762346,0.5035335689045937,0.8428781455142232
-12.163383949552482,0.03028049298767531,0.5035335689045937,0.8439722374179431
-12.125843300285332,0.03048780487804878,0.5035335689045937,0.845066329321663
-12.08830265101819,0.030570505920344455,0.5017667844522968,0.8460407549234136
-12.050762001751039,0.03072413418738465,0.5,0.8473741794310722
-12.013221352483889,0.030809570632579483,0.49823321554770317,0.8483486050328227
-11.975680703216746,0.030950545214230643,0.49646643109540634,0.8495965536105032
-11.938140053949596,0.030934693424991683,0.4929328621908127,0.8505880743982495
-11.900599404682445,0.031019861638027228,0.4911660777385159,0.8515454048140044
-11.863058755415302,0.03126054199932531,0.4911660777385159,0.8527249726477024
-11.825518106148152,0.03137032842582106,0.48939929328621906,0.853784874179431
-11.787977456881002,0.031657142857142856,0.48939929328621906,0.8551524890590809
-11.750436807613859,0.03166743436204514,0.48586572438162545,0.8562465809628009
-11.712896158346709,0.031845653184565316,0.4840989399293286,0.8575971006564551
-11.675355509079559,0.03205428170332241,0.4840989399293286,0.8585544310722101
-11.637814859812416,0.03220478943022296,0.4823321554770318,0.8597510940919038
-11.600274210545265,0.03242280285035629,0.4823321554770318,0.8607255196936543
-11.562733561278115,0.032551460028721876,0.48056537102473496,0.8618025164113785
-11.525192912010972,0.032798745930302665,0.48056537102473496,0.8628795131291028
-11.487652262743822,0.03303376244838475,0.48056537102473496,0.8638881291028446
-11.450111613476679,0.03303964757709251,0.47703180212014135,0.8649138402625821
-11.412570964209529,0.033181201430862214,0.4752650176678445,0.866007932166302
-11.375030314942379,0.03343691733996271,0.4752650176678445,0.8670678336980306
-11.337489665675236,0.033596590196815844,0.4734982332155477,0.8682132111597374
-11.299949016408085,0.03385120626499937,0.4734982332155477,0.8692389223194749
-11.262408367140935,0.033991088478676004,0.4717314487632509,0.8702817286652079
-11.224867717873792,0.03422199436042041,0.4717314487632509,0.8711877735229759
-11.187327068606642,0.03447385409941898,0.4717314487632509,0.8721621991247265
-11.149786419339492,0.03458587959953192,0.46996466431095407,0.8730682439824945
-11.112245770072349,0.03466317854807063,0.46819787985865724,0.8738375273522976
-11.074705120805199,0.03467827004219409,0.46466431095406363,0.8748461433260394
-11.037164471538048,0.03463375796178344,0.46113074204946997,0.875632521881838
-10.999623822270905,0.03476400588313946,0.45936395759717313,0.876589852297593
-10.962083173003755,0.03501211957985457,0.45936395759717313,0.877495897155361
-10.924542523736605,0.03523035230352303,0.45936395759717313,0.8782822757111597
-10.887001874469462,0.035538545653362494,0.45936395759717313,0.8793763676148797
-10.849461225202312,0.03557639271924986,0.4558303886925795,0.8804362691466083
-10.811920575935162,0.03591314031180401,0.4558303886925795,0.8815987417943107
-10.774379926668018,0.03606005331836677,0.4540636042402827,0.8825560722100656
-10.736839277400868,0.03635077793493635,0.4540636042402827,0.8835304978118161
-10.699298628133718,0.036524468540447996,0.45229681978798586,0.8845562089715536
-10.661757978866575,0.036680092059838895,0.450530035335689,0.8855135393873085
-10.624217329599425,0.03684363214389324,0.44876325088339225,0.8864879649890591
-10.586676680332275,0.03705865188211264,0.44876325088339225,0.887171772428884
-10.549136031065132,0.036900911496618644,0.44346289752650175,0.8880094365426696
-10.511595381797981,0.03725140991392104,0.44346289752650175,0.8891035284463895
-10.474054732530831,0.037529904306220094,0.44346289752650175,0.8899582877461707
-10.436514083263688,0.03754523522316043,0.43992932862190814,0.8908814277899344
-10.398973433996538,0.03765563316125114,0.4381625441696113,0.8916507111597374
-10.361432784729388,0.03752488895696125,0.43286219081272087,0.8925738512035011
-10.323892135462245,0.03767757875231625,0.43109540636042404,0.8934628008752735
-10.286351486195095,0.038029925187032416,0.43109540636042404,0.8944885120350109
-10.248810836927944,0.03819553599497014,0.4293286219081272,0.895394556892779
-10.211270187660801,0.03832752613240418,0.4275618374558304,0.8961980306345733
-10.173729538393651,0.038412496015301244,0.42579505300353354,0.8968647428884027
-10.136188889126508,0.03862246540070808,0.42402826855123676,0.8978733588621444
-10.098648239859358,0.038760947129419396,0.42226148409893993,0.8986768326039387
-10.061107590592208,0.038984438984438985,0.4204946996466431,0.8997025437636762
-10.023566941325065,0.03941702550513415,0.4204946996466431,0.9008479212253829
-9.986026292057915,0.03973952245783937,0.4204946996466431,0.9016855853391685
-9.948485642790764,0.03981185956660507,0.41872791519434627,0.9022839168490153
-9.910944993523621,0.039939075985784396,0.4169611307420495,0.9030190098468271
-9.873404344256471,0.04026616618324518,0.4169611307420495,0.9038395787746171
-9.835863694989321,0.04051502145922747,0.4169611307420495,0.9044550054704595
-9.798323045722178,0.040678552882118746,0.41519434628975266,0.9052584792122538
-9.760782396455028,0.04075235109717868,0.4134275618374558,0.905839715536105
-9.723241747187878,0.04094903339191564,0.411660777385159,0.9067115700218819
-9.685701097920735,0.04108376128918009,0.4098939929328622,0.907429567833698
-9.648160448653584,0.041443372633083245,0.4098939929328622,0.9082672319474836
-9.610619799386434,0.04111071042192571,0.4028268551236749,0.9090878008752735
-9.573079150119291,0.04097614277909306,0.39752650176678445,0.909976750547046
-9.535538500852141,0.04127682993946065,0.39752650176678445,0.9106605579868708
-9.49799785158499,0.04152823920265781,0.39752650176678445,0.9112246991247265
-9.460457202317848,0.04162795019513102,0.3957597173144876,0.911840125820569
-9.422916553050698,0.04197114483792393,0.3957597173144876,0.9125923140043763
-9.385375903783547,0.04209135522838807,0.39399293286219084,0.9132419310722101
-9.347835254516404,0.04222940840783717,0.392226148409894,0.913925738512035
-9.310294605249254,0.042459173871277615,0.39045936395759717,0.9147975929978118
-9.272753955982104,0.04271356783919598,0.39045936395759717,0.9153275437636762
-9.23521330671496,0.042884990253411304,0.38869257950530034,0.9160626367614879
-9.19767265744781,0.043135710064999014,0.3869257950530035,0.9169515864332604
-9.16013200818066,0.043504171632896306,0.3869257950530035,0.9176866794310722
-9.122591358913517,0.04339132173565287,0.3833922261484099,0.9182166301969366
-9.085050709646367,0.043513295729250605,0.38162544169611307,0.918832056892779
-9.047510060379217,0.04367255738370912,0.37985865724381623,0.9195158643326039
-9.009969411112074,0.04373594931534846,0.37809187279151946,0.920011624726477
-8.972428761844924,0.04398100351022094,0.3763250883392226,0.9208492888402626
-8.934888112577774,0.04398582447362935,0.37279151943462896,0.92160147702407
-8.89734746331063,0.043935253310910236,0.36925795053003535,0.9222510940919038
-8.85980681404348,0.04424216765453006,0.36925795053003535,0.9228152352297593
-8.822266164776337,0.04442545920546775,0.3674911660777385,0.9235161378555798
-8.784725515509187,0.044779332615715824,0.3674911660777385,0.9241486597374179
-8.747184866242037,0.044468546637744036,0.3621908127208481,0.924695705689278
-8.709644216974894,0.04455121205503385,0.36042402826855124,0.9252085612691466
-8.672103567707744,0.04463500439753738,0.3586572438162544,0.9257214168490153
-8.634562918440594,0.04471994686738986,0.3568904593639576,0.926234272428884
-8.59702226917345,0.04514975413500223,0.3568904593639576,0.9269693654266958
-8.5594816199063,0.04556733588991654,0.3568904593639576,0.9276702680525164
-8.52194097063915,0.04565069270951624,0.3551236749116608,0.9281660284463895
-8.484400321372007,0.04576659038901602,0.35335689045936397,0.9287130743982495
-8.446859672104857,0.04592660973921071,0.35159010600706714,0.9293285010940919
-8.409319022837707,0.04625755462575546,0.35159010600706714,0.9298584518599562
-8.371778373570564,0.04621158808350927,0.3480565371024735,0.9304909737417943
-8.334237724303414,0.046313799621928164,0.3462897526501767,0.931003829321663
-8.296697075036263,0.04597427346355407,0.3409893992932862,0.9315337800875274
-8.25915642576912,0.045726598036868564,0.3374558303886926,0.9318585886214442
-8.22161577650197,0.046057390884977095,0.3374558303886926,0.9323714442013129
-8.18407512723482,0.046041412911084045,0.3339222614840989,0.9330552516411379
-8.146534477967677,0.04631217838765009,0.3339222614840989,0.9334655361050328
-8.108993828700527,0.04622991347342398,0.3303886925795053,0.934046772428884
-8.071453179433377,0.04662179007728746,0.3303886925795053,0.9346280087527352
-8.033912530166234,0.04698492462311558,0.3303886925795053,0.9351579595185996
-7.996371880899083,0.04741379310344827,0.3303886925795053,0.9357733862144421
-7.958831231631933,0.04774061781976002,0.3303886925795053,0.9362349562363238
-7.92129058236479,0.047901107391192375,0.3286219081272085,0.9367990973741794
-7.88374993309764,0.04829914307971955,0.3286219081272085,0.9373461433260394
-7.84620928383049,0.04831932773109244,0.3250883392226148,0.93804704595186
-7.808668634563347,0.04871591209954991,0.3250883392226148,0.9385769967177243
-7.7711279852961965,0.049145299145299144,0.3250883392226148,0.9391411378555798
-7.733587336029046,0.0492465016146394,0.32332155477031804,0.9396027078774617
-7.696046686761903,0.04934924078091106,0.3215547703180212,0.9400642778993435
-7.658506037494753,0.04922067268252666,0.31802120141342755,0.9405600382932167
-7.620965388227603,0.04973749654600718,0.31802120141342755,0.9412096553610503
-7.58342473896046,0.05016722408026756,0.31802120141342755,0.9417396061269147
-7.54588408969331,0.050647158131682614,0.31802120141342755,0.9423208424507659
-7.508343440426167,0.05056818181818182,0.31448763250883394,0.9428678884026258
-7.4708027911590165,0.05107604017216643,0.31448763250883394,0.9434662199124726
-7.433262141891866,0.05114128864490032,0.3127208480565371,0.943859409190372
-7.395721492624723,0.05142359093550262,0.3127208480565371,0.9441842177242888
-7.358180843357573,0.051214515657009074,0.30918727915194344,0.9445774070021882
-7.320640194090423,0.05172923440733077,0.30918727915194344,0.9451586433260394
-7.28309954482328,0.051862891207153504,0.30742049469964666,0.9456202133479212
-7.24555889555613,0.051698226630598136,0.303886925795053,0.9460646881838074
-7.2080182462889795,0.05189681335356601,0.30212014134275617,0.9465946389496718
-7.170477597021836,0.05214723926380368,0.3003533568904594,0.947175875273523
-7.132936947754686,0.05251776336113686,0.3003533568904594,0.9475690645514223
-7.095396298487536,0.05291005291005291,0.3003533568904594,0.9479793490153173
-7.057855649220393,0.05332496863237139,0.3003533568904594,0.9484067286652079
-7.020314999953243,0.053763440860215055,0.3003533568904594,0.9488512035010941
-6.982774350686093,0.054313099041533544,0.3003533568904594,0.949398249452954
-6.94523370141895,0.0546448087431694,0.3003533568904594,0.9497230579868708
-6.907693052151799,0.05514109633473889,0.3003533568904594,0.9502017231947484
-6.870152402884649,0.05561007523716061,0.3003533568904594,0.9506461980306345
-6.832611753617506,0.055665349143610016,0.29858657243816256,0.950988101750547
-6.795071104350356,0.05575838035180883,0.2968197879858657,0.9513641958424508
-6.757530455083206,0.056021469305602145,0.2950530035335689,0.9518941466083151
-6.719989805816063,0.055818673883626525,0.2915194346289753,0.9522873358862144
-6.682449156548913,0.055877342419080066,0.28975265017667845,0.9526292396061269
-6.644908507281762,0.0564155486756106,0.28975265017667845,0.9531079048140044
-6.607367858014619,0.05690492713393477,0.28975265017667845,0.953535284463895
-6.569827208747469,0.057342657342657345,0.28975265017667845,0.9539113785557987
-6.532286559480319,0.05788916343099188,0.28975265017667845,0.9543729485776805
-6.494745910213176,0.05844618674269423,0.28975265017667845,0.9548345185995624
-6.457205260946026,0.05886575735821967,0.28975265017667845,0.9551764223194749
-6.419664611678876,0.05888728323699422,0.2879858657243816,0.9554670404814004
-6.3821239624117325,0.0588021778584392,0.2862190812720848,0.955672182713348
-6.344583313144582,0.05921052631578947,0.2862190812720848,0.9559969912472648
-6.307042663877432,0.059580728208900334,0.2862190812720848,0.9562876094091903
-6.269502014610289,0.05976243504083148,0.284452296819788,0.9566978938730853
-6.231961365343139,0.0603222180591982,0.284452296819788,0.9571252735229759
-6.194420716075996,0.06089258698940998,0.284452296819788,0.9575526531728665
-6.156880066808846,0.06138009912314144,0.284452296819788,0.9579116520787746
-6.1193394175416955,0.06156213928434013,0.2826855123674912,0.9583048413566739
-6.0817987682745525,0.06201550387596899,0.2826855123674912,0.9586296498905909
-6.044258119007402,0.0625244236029699,0.2826855123674912,0.9589886487964989
-6.006717469740252,0.06218024399842582,0.2791519434628975,0.9592621717724289
-5.969176820473109,0.06279809220985691,0.2791519434628975,0.9596895514223195
-5.931636171205959,0.06314948041566747,0.2791519434628975,0.9599288840262582
-5.894095521938809,0.06381260096930533,0.2791519434628975,0.9603733588621444
-5.856554872671666,0.06421267893660532,0.2773851590106007,0.9608862144420132
-5.8190142234045155,0.06417112299465241,0.2756183745583039,0.9611084518599562
-5.781473574137365,0.06428867689755288,0.27385159010600707,0.9614332603938731
-5.743932924870222,0.0644081974069427,0.27208480565371024,0.9617580689277899
-5.706392275603072,0.06492411467116357,0.27208480565371024,0.9620828774617067
-5.668851626335922,0.06578385305425032,0.27208480565371024,0.9626128282275711
-5.631310977068779,0.06626506024096386,0.27208480565371024,0.9629034463894968
-5.593770327801629,0.06689834926151172,0.27208480565371024,0.9632795404814004
-5.5562296785344785,0.0673665791776028,0.27208480565371024,0.9635530634573304
-5.518689029267335,0.06799116997792494,0.27208480565371024,0.9639120623632386
-5.481148380000185,0.06838365896980461,0.27208480565371024,0.9641342997811816
-5.443607730733035,0.06836461126005362,0.2703180212014134,0.9643565371991247
-5.406067081465892,0.06846846846846846,0.26855123674911663,0.9646471553610503
-5.368526432198742,0.06876138433515483,0.2667844522968198,0.9650403446389497
-5.330985782931592,0.06936150666054203,0.2667844522968198,0.9653651531728665
-5.293445133664449,0.06957328385899815,0.26501766784452296,0.965707056892779
-5.255904484397298,0.06996268656716417,0.26501766784452296,0.9659121991247265
-5.218363835130148,0.06971267074894018,0.26148409893992935,0.9662370076586433
-5.180823185863005,0.07037565382786495,0.26148409893992935,0.9665789113785558
-5.143282536595855,0.07057129140662506,0.2597173144876325,0.9669037199124726
-5.105741887328705,0.07115198451113262,0.2597173144876325,0.9671943380743983
-5.068201238061562,0.07142857142857142,0.2579505300353357,0.9675533369803063
-5.030660588794412,0.07132316773241515,0.25618374558303886,0.9677242888402626
-4.993119939527261,0.07192460317460317,0.25618374558303886,0.9680149070021882
-4.955579290260118,0.07260891337005508,0.25618374558303886,0.968339715536105
-4.918038640992968,0.07250755287009064,0.254416961130742,0.9685106673960613
-4.880497991725825,0.0729113924050633,0.254416961130742,0.9686987144420132
-4.842957342458675,0.07346938775510205,0.254416961130742,0.9689551422319475
-4.805416693191525,0.073749355337803,0.25265017667844525,0.96929704595186
-4.767876043924382,0.07444039562727746,0.25265017667844525,0.9696047592997812
-4.7303353946572315,0.07454068241469816,0.2508833922261484,0.9698611870897156
-4.692794745390081,0.0746031746031746,0.24911660777385158,0.9701005196936543
-4.655254096122938,0.07536076964190272,0.24911660777385158,0.9704253282275711
-4.617713446855788,0.07613390928725702,0.24911660777385158,0.9707501367614879
-4.580172797588638,0.0768392370572207,0.24911660777385158,0.9710407549234136
-4.542632148321495,0.07730263157894737,0.24911660777385158,0.9712288019693655
-4.505091499054345,0.07756232686980609,0.24734982332155478,0.9715365153172867
-4.4675508497871945,0.07756696428571429,0.24558303886925795,0.9717416575492341
-4.4300102005200515,0.07866440294284098,0.24558303886925795,0.9721690371991247
-4.392469551252901,0.07970183486238532,0.24558303886925795,0.9725622264770241
-4.354928901985751,0.07902382335851249,0.24028268551236748,0.9729041301969366
-4.317388252718608,0.078777189888301,0.23674911660777384,0.9732118435448578
-4.279847603451458,0.07905604719764012,0.23674911660777384,0.9733144146608315
-4.242306954184308,0.07957244655581948,0.23674911660777384,0.9735024617067833
-4.204766304917165,0.07973621103117506,0.23498233215547704,0.9737588894967177
-4.1672256556500145,0.07966203983101991,0.2332155477031802,0.9739298413566739
-4.129685006382864,0.08004851425106124,0.2332155477031802,0.974066602844639
-4.092144357115721,0.08073394495412844,0.2332155477031802,0.9743059354485777
-4.054603707848571,0.08081431215299198,0.2314487632508834,0.9745281728665208
-4.017063058581421,0.0816708229426434,0.2314487632508834,0.9748187910284464
-3.979522409314278,0.08223477715003139,0.2314487632508834,0.9750068380743983
-3.9419817600471276,0.082122552116235,0.22968197879858657,0.9751606947483589
-3.9044411107799775,0.08274984086569065,0.22968197879858657,0.9753658369803063
-3.8669004615128344,0.08199871877001921,0.22614840989399293,0.9755025984682714
-3.8293598122456842,0.08209437621202327,0.22438162544169613,0.9757248358862144
-3.791819162978534,0.08203125,0.2226148409893993,0.9758957877461707
-3.754278513711391,0.0825147347740668,0.2226148409893993,0.9760496444201313
-3.716737864444241,0.08168642951251646,0.21908127208480566,0.9761693107221007
-3.6791972151770906,0.08167330677290836,0.21731448763250882,0.9763573577680525
-3.6416565659099476,0.0824396782841823,0.21731448763250882,0.9765966903719913
-3.6041159166427974,0.08243243243243244,0.21554770318021202,0.9767847374179431
-3.5665752673756472,0.08316291751874574,0.21554770318021202,0.9770069748358862
-3.529034618108504,0.08373369938229239,0.21554770318021202,0.9771779266958425
-3.491493968841354,0.08425414364640885,0.21554770318021202,0.9773317833698031
-3.453953319574211,0.08501742160278745,0.21554770318021202,0.9775540207877462
-3.4164126703070608,0.08450704225352113,0.21201413427561838,0.9777762582056893
-3.3788720210399106,0.08486562942008487,0.21201413427561838,0.977878829321663
-3.3413313717727675,0.08416547788873038,0.20848056537102475,0.9780497811816192
-3.3037907225056173,0.08513708513708514,0.20848056537102475,0.9783233041575492
-3.266250073238467,0.08527696793002916,0.2067137809187279,0.9785455415754923
-3.228709423971324,0.08602941176470588,0.2067137809187279,0.9787506838074398
-3.191168774704174,0.08543833580980684,0.20318021201413428,0.9789558260393874
-3.1536281254370238,0.08532934131736528,0.20141342756183744,0.979109682713348
-3.1160874761698807,0.08577878103837472,0.20141342756183744,0.9792293490153173
-3.0785468269027305,0.08656036446469248,0.20141342756183744,0.9794344912472648
-3.0410061776355803,0.08702290076335878,0.20141342756183744,0.9795541575492341
-3.0034655283684373,0.08742331288343558,0.20141342756183744,0.9796567286652079
-2.965924879101287,0.08789514263685427,0.20141342756183744,0.9797763949671773
-2.928384229834137,0.08885424785658613,0.20141342756183744,0.980015727571116
-2.890843580566994,0.08811959087332809,0.1978798586572438,0.9801866794310722
-2.8533029312998437,0.08874801901743265,0.1978798586572438,0.9803405361050328
-2.8157622820326935,0.08771929824561403,0.19434628975265017,0.9804431072210066
-2.7782216327655505,0.08726981585268215,0.19257950530035337,0.9805114879649891
-2.7406809834984003,0.08762057877813505,0.19257950530035337,0.9805969638949672
-2.70314033423125,0.08766233766233766,0.19081272084805653,0.9807850109409191
-2.665599684964107,0.08756137479541735,0.18904593639575973,0.9809388676148797
-2.628059035696957,0.08835672997522709,0.18904593639575973,0.9811269146608315
-2.5905183864298067,0.08931552587646077,0.18904593639575973,0.9813491520787746
-2.5529777371626636,0.08999158957106812,0.18904593639575973,0.9815030087527352
-2.5154370878955135,0.09083191850594227,0.18904593639575973,0.9816910557986871
-2.4778964386283633,0.09137489325362938,0.18904593639575973,0.9818107221006565
-2.44035578936122,0.09153713298791019,0.1872791519434629,0.9820158643326039
-2.40281514009407,0.09217391304347826,0.1872791519434629,0.982152625820569
-2.36527449082692,0.09202453987730061,0.1855123674911661,0.9822893873085339
-2.327733841559777,0.09171075837742504,0.18374558303886926,0.9823919584245077
-2.2901931922926266,0.09219858156028368,0.18374558303886926,0.9824945295404814
-2.2526525430254765,0.09310653536257833,0.18374558303886926,0.9826825765864332
-2.2151118937583334,0.09197475202885483,0.18021201413427562,0.982785147702407
-2.1775712444911832,0.09272727272727273,0.18021201413427562,0.9829390043763676
-2.14003059522404,0.09357798165137615,0.18021201413427562,0.9831099562363238
-2.10248994595689,0.09300184162062615,0.1784452296819788,0.9831612417943107
-2.06494929668974,0.09302325581395349,0.17667844522968199,0.9833321936542669
-2.0274086474225967,0.09363295880149813,0.17667844522968199,0.9834518599562363
-1.9898679981554466,0.09380863039399624,0.17667844522968199,0.9834860503282276
-1.9523273488882964,0.09357277882797732,0.17491166077738515,0.9836057166301969
-1.9147866996211533,0.09428571428571429,0.17491166077738515,0.983742478118162
-1.8772460503540032,0.09500959692898273,0.17491166077738515,0.9838792396061269
-1.839705401086853,0.09454191033138401,0.17137809187279152,0.9841185722100656
-1.80216475181971,0.09430255402750491,0.1696113074204947,0.984238238512035
-1.7646241025525597,0.09253731343283582,0.16431095406360424,0.9844091903719913
-1.7270834532854096,0.093,0.16431095406360424,0.9844946663019694
-1.6895428040182665,0.09274193548387097,0.1625441696113074,0.9846143326039387
-1.6520021547511163,0.09266802443991853,0.1607773851590106,0.9847681892778993
-1.6144615054839662,0.09342915811088295,0.1607773851590106,0.9849049507658644
-1.576920856216823,0.09381443298969072,0.1607773851590106,0.9849733315098468
-1.539380206949673,0.0945945945945946,0.1607773851590106,0.9851100929978118
-1.5018395576825228,0.0946372239747634,0.15901060070671377,0.985281044857768
-1.4642989084153797,0.09437963944856839,0.15724381625441697,0.9854007111597374
-1.4267582591482295,0.09498399146211313,0.15724381625441697,0.9855032822757112
-1.3892176098810793,0.09580193756727665,0.15724381625441697,0.9856400437636762
-1.3516769606139363,0.0967391304347826,0.15724381625441697,0.9857939004376368
-1.314136311346786,0.09617486338797815,0.15547703180212014,0.9858622811816192
-1.276595662079636,0.09691629955947137,0.15547703180212014,0.9859819474835886
-1.2390550128124929,0.09788654060066741,0.15547703180212014,0.9861358041575492
-1.2015143635453427,0.09843400447427293,0.15547703180212014,0.9862212800875274
-1.1639737142781925,0.09943502824858758,0.15547703180212014,0.9863751367614879
-1.1264330650110495,0.09988649262202043,0.15547703180212014,0.9864435175054704
-1.0888924157438993,0.10126582278481013,0.15547703180212014,0.9866486597374179
-1.051351766476749,0.0996523754345307,0.1519434628975265,0.9867170404814004
-1.013811117209606,0.09813084112149532,0.14840989399293286,0.9868025164113785
-0.9762704679424559,0.09870740305522914,0.14840989399293286,0.9868879923413567
-0.9387298186753057,0.1,0.14840989399293286,0.9870760393873085
-0.9011891694081626,0.10059880239520957,0.14840989399293286,0.9871615153172867
-0.8636485201410125,0.10108303249097472,0.14840989399293286,0.9872298960612691
-0.8261078708738694,0.10157194679564692,0.14840989399293286,0.9872982768052516
-0.7885672216067192,0.10146699266503667,0.14664310954063603,0.9874350382932167
-0.751026572339569,0.1008610086100861,0.14487632508833923,0.9875034190371991
-0.713485923072426,0.10148514851485149,0.14487632508833923,0.9875888949671773
-0.6759452738052758,0.10199004975124377,0.14487632508833923,0.9876572757111597
-0.6384046245381256,0.10327455919395466,0.14487632508833923,0.987828227571116
-0.6008639752709826,0.10419313850063533,0.14487632508833923,0.9879478938730853
-0.5633233260038324,0.10432569974554708,0.14487632508833923,0.9879649890590809
-0.5257826767366822,0.10512820512820513,0.14487632508833923,0.9880675601750547
-0.48824202746953915,0.10465116279069768,0.1431095406360424,0.9881530361050328
-0.450701378202389,0.1025974025974026,0.13957597173144876,0.9881872264770241
-0.4131607289352388,0.10326797385620914,0.13957597173144876,0.9882727024070022
-0.37562007966809574,0.10394736842105264,0.13957597173144876,0.9883581783369803
-0.33807943040094557,0.10561497326203209,0.13957597173144876,0.9885633205689278
-0.3005387811337954,0.1039136302294197,0.13604240282685512,0.9886487964989059
-0.26299813186665233,0.1044776119402985,0.13604240282685512,0.9887171772428884
-0.22545748259950216,0.1039671682626539,0.13427561837455831,0.9888026531728665
-0.18791683333235198,0.10497237569060773,0.13427561837455831,0.9889223194748359
-0.15037618406520892,0.10599721059972106,0.13427561837455831,0.9890419857768052
-0.11283553479805875,0.10548523206751055,0.13250883392226148,0.9891274617067833
-0.07529488553090857,0.10638297872340426,0.13250883392226148,0.9892300328227571
-0.037754236263765506,0.10556348074179743,0.13074204946996468,0.989281318380744
-0.00021358699661533365,0.10662824207492795,0.13074204946996468,0.9894009846827133
0.03732706227053484,0.1069364161849711,0.13074204946996468,0.9894351750547046
0.0748677115376779,0.10787172011661808,0.13074204946996468,0.9895377461706784
0.11240836080482808,0.10866372980910426,0.13074204946996468,0.9896232221006565
0.14994901007197825,0.1083086053412463,0.12897526501766785,0.9897257932166302
0.18748965933912132,0.10911808669656203,0.12897526501766785,0.9898112691466083
0.2250303086062715,0.11043872919818457,0.12897526501766785,0.9899480306345733
0.26257095787342166,0.10975609756097561,0.127208480565371,0.9900164113785558
0.30011160714056473,0.11009174311926606,0.127208480565371,0.990050601750547
0.3376522564077149,0.10736196319018405,0.12367491166077739,0.990050601750547
0.3751929056748651,0.1076923076923077,0.12367491166077739,0.9900847921225383
0.41273355494200814,0.10764430577223089,0.12190812720848057,0.9902215536105032
0.4502742042091583,0.10849056603773585,0.12190812720848057,0.9903070295404814
0.4878148534763014,0.10793650793650794,0.12014134275618374,0.9903925054704595
0.5253555027434516,0.10897435897435898,0.12014134275618374,0.9904950765864332
0.5628961520106017,0.10967741935483871,0.12014134275618374,0.9905634573304157
0.6004368012777448,0.11003236245954692,0.12014134275618374,0.990597647702407
0.637977450544895,0.11074918566775244,0.12014134275618374,0.9906660284463895
0.6755180998120451,0.1116584564860427,0.12014134275618374,0.9907515043763676
0.7130587490791882,0.11239669421487604,0.12014134275618374,0.9908198851203501
0.7505993983463384,0.11371237458193979,0.12014134275618374,0.9909395514223195
0.7881400476134885,0.11317567567567567,0.11837455830388692,0.9910250273522976
0.8256806968806316,0.11394557823129252,0.11837455830388692,0.9910934080962801
0.8632213461477818,0.11394557823129252,0.11837455830388692,0.9910934080962801
0.900761995414932,0.11472602739726027,0.11837455830388692,0.9911617888402626
0.938302644682075,0.11438474870017332,0.1166077738515901,0.9912643599562363
0.9758432939492252,0.11538461538461539,0.1166077738515901,0.9913498358862144
1.0133839432163754,0.11619718309859155,0.1166077738515901,0.9914182166301969
1.0509245924835184,0.11545293072824156,0.11484098939929328,0.9914865973741794
1.0884652417506686,0.11648745519713262,0.11484098939929328,0.9915720733041575
1.1260058910178188,0.1161524500907441,0.11307420494699646,0.9916746444201313
1.1635465402849618,0.11496350364963503,0.11130742049469965,0.9917088347921226
1.201087189552112,0.11580882352941177,0.11130742049469965,0.991777215536105
1.2386278388192622,0.11623616236162361,0.11130742049469965,0.9918114059080962
1.2761684880864053,0.11731843575418995,0.11130742049469965,0.9918968818380745
1.3137091373535554,0.11775700934579439,0.11130742049469965,0.9919310722100656
1.3512497866207056,0.11819887429643527,0.11130742049469965,0.9919652625820569
1.3887904358878487,0.11931818181818182,0.11130742049469965,0.992050738512035
1.4263310851549988,0.1183206106870229,0.10954063604240283,0.9921020240700219
1.463871734422149,0.11946050096339114,0.10954063604240283,0.9921875
1.501412383689292,0.12015503875968993,0.10954063604240283,0.9922387855579868
1.5389530329564423,0.1203883495145631,0.10954063604240283,0.9922558807439825
1.5764936822235924,0.11960784313725491,0.10777385159010601,0.992324261487965
1.6140343314907355,0.12055335968379446,0.10777385159010601,0.9923926422319475
1.6515749807578857,0.12048192771084337,0.10600706713780919,0.9925123085339168
1.6891156300250358,0.12072434607645875,0.10600706713780919,0.9925294037199125
1.726656279292179,0.1194331983805668,0.10424028268551237,0.9925635940919038
1.764196928559329,0.11967545638945233,0.10424028268551237,0.9925806892778993
1.8017375778264721,0.11885245901639344,0.10247349823321555,0.9926490700218819
1.8392782270936223,0.11776859504132231,0.10070671378091872,0.9927003555798687
1.8768188763607725,0.11850311850311851,0.10070671378091872,0.9927516411378556
1.9143595256279156,0.11899791231732777,0.10070671378091872,0.9927858315098468
1.9519001748950657,0.12,0.10070671378091872,0.9928542122538293
1.989440824162216,0.12101910828025478,0.10070671378091872,0.9929225929978118
2.026981473429359,0.12095032397408208,0.0989399293286219,0.9930422592997812
2.064522122696509,0.12200435729847495,0.0989399293286219,0.9931106400437637
2.1020627719636593,0.12362030905077263,0.0989399293286219,0.9932132111597374
2.1396034212308024,0.12472160356347439,0.0989399293286219,0.9932815919037199
2.1771440704979526,0.1258426966292135,0.0989399293286219,0.9933499726477024
2.2146847197651027,0.12698412698412698,0.0989399293286219,0.9934183533916849
2.252225369032246,0.12814645308924486,0.0989399293286219,0.9934867341356673
2.289766018299396,0.12903225806451613,0.0989399293286219,0.9935380196936543
2.327306667566546,0.12558139534883722,0.09540636042402827,0.9935722100656456
2.364847316833689,0.12646370023419204,0.09540636042402827,0.9936234956236324
2.4023879661008394,0.12735849056603774,0.09540636042402827,0.9936747811816192
2.4399286153679896,0.1276595744680851,0.09540636042402827,0.9936918763676149
2.4774692646351326,0.12796208530805686,0.09540636042402827,0.9937089715536105
2.515009913902283,0.1291866028708134,0.09540636042402827,0.993777352297593
2.552550563169433,0.13012048192771083,0.09540636042402827,0.9938286378555798
2.590091212436576,0.13106796116504854,0.09540636042402827,0.9938799234135668
2.627631861703726,0.13170731707317074,0.09540636042402827,0.9939141137855579
2.6651725109708764,0.13267813267813267,0.09540636042402827,0.9939653993435449
2.7027131602380194,0.13399503722084366,0.09540636042402827,0.9940337800875274
2.7402538095051696,0.135,0.09540636042402827,0.9940850656455142
2.77779445877232,0.13533834586466165,0.09540636042402827,0.9941021608315098
2.815335108039463,0.13383838383838384,0.09363957597173145,0.9941363512035011
2.852875757306613,0.13554987212276215,0.09363957597173145,0.9942218271334792
2.890416406573763,0.1358974358974359,0.09363957597173145,0.9942389223194749
2.9279570558409063,0.13695090439276486,0.09363957597173145,0.9942902078774617
2.9654977051080564,0.13730569948186527,0.09363957597173145,0.9943073030634574
3.0030383543752066,0.13802083333333334,0.09363957597173145,0.9943414934354485
3.0405790036423497,0.13838120104438642,0.09363957597173145,0.9943585886214442
3.0781196529095,0.13910761154855644,0.09363957597173145,0.9943927789934355
3.115660302176643,0.1402116402116402,0.09363957597173145,0.9944440645514223
3.153200951443793,0.13829787234042554,0.09187279151943463,0.9944611597374179
3.1907416007109433,0.13941018766756033,0.09187279151943463,0.9945124452954048
3.2282822499780863,0.13821138211382114,0.09010600706713781,0.9945637308533917
3.2658228992452365,0.13934426229508196,0.09010600706713781,0.9946150164113785
3.3033635485123867,0.1401098901098901,0.09010600706713781,0.9946492067833698
3.3409041977795297,0.14127423822714683,0.09010600706713781,0.9947004923413567
3.37844484704668,0.13966480446927373,0.08833922261484099,0.994734682713348
3.41598549631383,0.1400560224089636,0.08833922261484099,0.9947517778993435
3.453526145580973,0.14124293785310735,0.08833922261484099,0.9948030634573304
3.4910667948481233,0.14204545454545456,0.08833922261484099,0.9948372538293216
3.5286074441152735,0.14,0.08657243816254417,0.9948543490153173
3.5661480933824166,0.14121037463976946,0.08657243816254417,0.9949056345733042
3.6036887426495667,0.14076246334310852,0.08480565371024736,0.9949911105032823
3.641229391916717,0.1390532544378698,0.08303886925795052,0.9950253008752735
3.67877004118386,0.1407185628742515,0.08303886925795052,0.995093681619256
3.71631069045101,0.1407185628742515,0.08303886925795052,0.995093681619256
3.7538513397181603,0.14114114114114115,0.08303886925795052,0.9951107768052516
3.7913919889853034,0.14329268292682926,0.08303886925795052,0.9951962527352297
3.8289326382524536,0.14461538461538462,0.08303886925795052,0.9952475382932167
3.8664732875196037,0.14461538461538462,0.08303886925795052,0.9952475382932167
3.904013936786747,0.14330218068535824,0.0812720848056537,0.9952988238512035
3.941554586053897,0.14375,0.0812720848056537,0.9953159190371991
3.979095235321047,0.14285714285714285,0.07950530035335689,0.9953842997811816
4.01663588458819,0.14423076923076922,0.07950530035335689,0.9954355853391685
4.05417653385534,0.14469453376205788,0.07950530035335689,0.9954526805251641
4.0917171831224906,0.14332247557003258,0.07773851590106007,0.995503966083151
4.129257832389634,0.14521452145214522,0.07773851590106007,0.9955723468271335
4.166798481656784,0.14715719063545152,0.07773851590106007,0.995640727571116
4.204339130923934,0.14915254237288136,0.07773851590106007,0.9957091083150985
4.241879780191077,0.1506849315068493,0.07773851590106007,0.9957603938730853
4.279420429458227,0.15120274914089346,0.07773851590106007,0.9957774890590809
4.316961078725377,0.14930555555555555,0.07597173144876325,0.9958116794310722
4.35450172799252,0.15034965034965034,0.07597173144876325,0.9958458698030634
4.392042377259671,0.15034965034965034,0.07597173144876325,0.9958458698030634
4.429583026526814,0.14893617021276595,0.07420494699646643,0.9958971553610503
4.467123675793964,0.1494661921708185,0.07420494699646643,0.995914250547046
4.504664325061114,0.15,0.07420494699646643,0.9959313457330415
4.542204974328257,0.15162454873646208,0.07420494699646643,0.9959826312910285
4.579745623595407,0.15217391304347827,0.07420494699646643,0.9959997264770241
4.617286272862557,0.15217391304347827,0.07420494699646643,0.9959997264770241
4.6548269221297005,0.15272727272727274,0.07420494699646643,0.9960168216630197
4.692367571396851,0.15328467153284672,0.07420494699646643,0.9960339168490153
4.729908220664001,0.15441176470588236,0.07420494699646643,0.9960681072210066
4.767448869931144,0.15441176470588236,0.07420494699646643,0.9960681072210066
4.804989519198294,0.15498154981549817,0.07420494699646643,0.9960852024070022
4.842530168465444,0.15671641791044777,0.07420494699646643,0.9961364879649891
4.880070817732587,0.1590909090909091,0.07420494699646643,0.9962048687089715
4.9176114669997375,0.1596958174904943,0.07420494699646643,0.9962219638949672
4.955152116266888,0.16091954022988506,0.07420494699646643,0.9962561542669585
4.992692765534031,0.16091954022988506,0.07420494699646643,0.9962561542669585
5.030233414801181,0.16153846153846155,0.07420494699646643,0.996273249452954
5.067774064068331,0.16279069767441862,0.07420494699646643,0.9963074398249453
5.105314713335474,0.16470588235294117,0.07420494699646643,0.9963587253829321
5.142855362602624,0.16470588235294117,0.07420494699646643,0.9963587253829321
5.1803960118697745,0.16334661354581673,0.07243816254416961,0.9964100109409191
5.217936661136918,0.1646586345381526,0.07243816254416961,0.9964442013129103
5.255477310404068,0.15789473684210525,0.06890459363957598,0.9964442013129103
5.293017959671218,0.15918367346938775,0.06890459363957598,0.9964783916849015
5.330558608938361,0.16049382716049382,0.06890459363957598,0.9965125820568927
5.368099258205511,0.16182572614107885,0.06890459363957598,0.996546772428884
5.405639907472661,0.16317991631799164,0.06890459363957598,0.9965809628008753
5.443180556739804,0.16101694915254236,0.06713780918727916,0.9966151531728665
5.480721206006955,0.16170212765957448,0.06713780918727916,0.9966322483588621
5.518261855274105,0.16170212765957448,0.06713780918727916,0.9966322483588621
5.555802504541248,0.1630901287553648,0.06713780918727916,0.9966664387308534
5.593343153808398,0.1630901287553648,0.06713780918727916,0.9966664387308534
5.630883803075548,0.16379310344827586,0.06713780918727916,0.996683533916849
5.668424452342691,0.1615720524017467,0.06537102473498234,0.9967177242888403
5.705965101609841,0.16228070175438597,0.06537102473498234,0.9967348194748359
5.7435057508769845,0.16371681415929204,0.06537102473498234,0.9967690098468271
5.781046400144135,0.15625,0.061837455830388695,0.9967690098468271
5.818587049411285,0.15625,0.061837455830388695,0.9967690098468271
5.856127698678428,0.1583710407239819,0.061837455830388695,0.996820295404814
5.893668347945578,0.1598173515981735,0.061837455830388695,0.9968544857768052
5.931208997212728,0.16129032258064516,0.061837455830388695,0.9968886761487965
5.968749646479871,0.16129032258064516,0.061837455830388695,0.9968886761487965
6.0062902957470214,0.16279069767441862,0.061837455830388695,0.9969228665207878
6.043830945014172,0.16279069767441862,0.061837455830388695,0.9969228665207878
6.081371594281315,0.16279069767441862,0.061837455830388695,0.9969228665207878
6.118912243548465,0.16279069767441862,0.061837455830388695,0.9969228665207878
6.156452892815615,0.16355140186915887,0.061837455830388695,0.9969399617067833
6.193993542082758,0.16587677725118483,0.061837455830388695,0.9969912472647703
6.231534191349908,0.1674641148325359,0.061837455830388695,0.9970254376367614
6.269074840617058,0.1674641148325359,0.061837455830388695,0.9970254376367614
6.3066154898842015,0.1674641148325359,0.061837455830388695,0.9970254376367614
6.344156139151352,0.16826923076923078,0.061837455830388695,0.9970425328227571
6.381696788418502,0.16826923076923078,0.061837455830388695,0.9970425328227571
6.419237437685645,0.16990291262135923,0.061837455830388695,0.9970767231947484
6.456778086952795,0.175,0.061837455830388695,0.997179294310722
6.494318736219945,0.17676767676767677,0.061837455830388695,0.9972134846827133
6.531859385487088,0.17857142857142858,0.061837455830388695,0.9972476750547046
6.5694000347542385,0.17857142857142858,0.061837455830388695,0.9972476750547046
6.606940684021389,0.18324607329842932,0.061837455830388695,0.9973331509846827
6.644481333288532,0.18421052631578946,0.061837455830388695,0.9973502461706784
6.682021982555682,0.1827956989247312,0.06007067137809187,0.9974015317286652
6.719562631822832,0.18478260869565216,0.06007067137809187,0.9974357221006565
6.757103281089975,0.1878453038674033,0.06007067137809187,0.9974870076586433
6.794643930357125,0.18994413407821228,0.06007067137809187,0.9975211980306345
6.8321845796242755,0.1864406779661017,0.05830388692579505,0.9975382932166302
6.869725228891419,0.18857142857142858,0.05830388692579505,0.9975724835886215
6.907265878158569,0.1896551724137931,0.05830388692579505,0.9975895787746171
6.944806527425719,0.18604651162790697,0.05653710247349823,0.9976066739606126
6.982347176692862,0.18823529411764706,0.05653710247349823,0.9976408643326039
7.019887825960012,0.18823529411764706,0.05653710247349823,0.9976408643326039
7.057428475227155,0.19047619047619047,0.05653710247349823,0.9976750547045952
7.094969124494305,0.19393939393939394,0.05653710247349823,0.9977263402625821
7.132509773761456,0.1951219512195122,0.05653710247349823,0.9977434354485777
7.170050423028599,0.19631901840490798,0.05653710247349823,0.9977605306345733
7.207591072295749,0.2,0.05653710247349823,0.9978118161925602
7.245131721562899,0.1949685534591195,0.054770318021201414,0.9978118161925602
7.282672370830042,0.1987179487179487,0.054770318021201414,0.997863101750547
7.320213020097192,0.2,0.054770318021201414,0.9978801969365426
7.357753669364342,0.19607843137254902,0.053003533568904596,0.9978972921225383
7.3952943186314855,0.1986754966887417,0.053003533568904596,0.9979314824945296
7.432834967898636,0.1986754966887417,0.053003533568904596,0.9979314824945296
7.470375617165786,0.1986754966887417,0.053003533568904596,0.9979314824945296
7.507916266432929,0.20134228187919462,0.053003533568904596,0.9979656728665208
7.545456915700079,0.20270270270270271,0.053003533568904596,0.9979827680525164
7.582997564967229,0.20689655172413793,0.053003533568904596,0.9980340536105032
7.620538214234372,0.2127659574468085,0.053003533568904596,0.9981024343544858
7.6580788635015224,0.21428571428571427,0.053003533568904596,0.9981195295404814
7.695619512768673,0.2158273381294964,0.053003533568904596,0.998136624726477
7.733160162035816,0.2158273381294964,0.053003533568904596,0.998136624726477
7.770700811302966,0.21739130434782608,0.053003533568904596,0.9981537199124726
7.808241460570116,0.21323529411764705,0.05123674911660778,0.9981708150984683
7.845782109837259,0.21481481481481482,0.05123674911660778,0.9981879102844639
7.883322759104409,0.21481481481481482,0.05123674911660778,0.9981879102844639
7.9208634083715594,0.21641791044776118,0.05123674911660778,0.9982050054704595
7.9584040576387025,0.21641791044776118,0.05123674911660778,0.9982050054704595
7.995944706905853,0.22137404580152673,0.05123674911660778,0.9982562910284464
8.033485356173003,0.21705426356589147,0.04946996466431095,0.9982733862144421
8.071026005440146,0.2222222222222222,0.04946996466431095,0.9983246717724289
8.108566654707296,0.2222222222222222,0.04946996466431095,0.9983246717724289
8.146107303974446,0.2222222222222222,0.04946996466431095,0.9983246717724289
8.18364795324159,0.2222222222222222,0.04946996466431095,0.9983246717724289
8.22118860250874,0.2222222222222222,0.04946996466431095,0.9983246717724289
8.25872925177589,0.224,0.04946996466431095,0.9983417669584245
8.296269901043033,0.21951219512195122,0.04770318021201413,0.9983588621444202
8.333810550310183,0.22131147540983606,0.04770318021201413,0.9983759573304157
8.371351199577333,0.225,0.04770318021201413,0.998410147702407
8.408891848844476,0.225,0.04770318021201413,0.998410147702407
8.446432498111626,0.225,0.04770318021201413,0.998410147702407
8.48397314737877,0.2184873949579832,0.045936395759717315,0.998410147702407
8.52151379664592,0.2222222222222222,0.045936395759717315,0.9984443380743983
8.55905444591307,0.2222222222222222,0.045936395759717315,0.9984443380743983
8.596595095180213,0.2222222222222222,0.045936395759717315,0.9984443380743983
8.634135744447363,0.22608695652173913,0.045936395759717315,0.9984785284463895
8.671676393714513,0.22123893805309736,0.044169611307420496,0.9984956236323851
8.709217042981656,0.22522522522522523,0.044169611307420496,0.9985298140043763
8.746757692248806,0.22727272727272727,0.044169611307420496,0.998546909190372
8.784298341515957,0.23148148148148148,0.044169611307420496,0.9985810995623632
8.8218389907831,0.23148148148148148,0.044169611307420496,0.9985810995623632
8.85937964005025,0.2336448598130841,0.044169611307420496,0.9985981947483589
8.8969202893174,0.2336448598130841,0.044169611307420496,0.9985981947483589
8.934460938584543,0.2336448598130841,0.044169611307420496,0.9985981947483589
8.972001587851693,0.2336448598130841,0.044169611307420496,0.9985981947483589
9.009542237118843,0.2336448598130841,0.044169611307420496,0.9985981947483589
9.047082886385986,0.2336448598130841,0.044169611307420496,0.9985981947483589
9.084623535653137,0.2358490566037736,0.044169611307420496,0.9986152899343544
9.122164184920287,0.2403846153846154,0.044169611307420496,0.9986494803063457
9.15970483418743,0.2403846153846154,0.044169611307420496,0.9986494803063457
9.19724548345458,0.24271844660194175,0.044169611307420496,0.9986665754923414
9.23478613272173,0.23529411764705882,0.04240282685512368,0.9986665754923414
9.272326781988873,0.2376237623762376,0.04240282685512368,0.998683670678337
9.309867431256023,0.2376237623762376,0.04240282685512368,0.998683670678337
9.347408080523174,0.24,0.04240282685512368,0.9987007658643327
9.384948729790317,0.24242424242424243,0.04240282685512368,0.9987178610503282
9.422489379057467,0.24489795918367346,0.04240282685512368,0.9987349562363238
9.460030028324617,0.24742268041237114,0.04240282685512368,0.9987520514223195
9.49757067759176,0.24742268041237114,0.04240282685512368,0.9987520514223195
9.53511132685891,0.23958333333333334,0.04063604240282685,0.9987520514223195
9.57265197612606,0.24210526315789474,0.04063604240282685,0.9987691466083151
9.610192625393204,0.24210526315789474,0.04063604240282685,0.9987691466083151
9.647733274660354,0.24210526315789474,0.04063604240282685,0.9987691466083151
9.685273923927504,0.24210526315789474,0.04063604240282685,0.9987691466083151
9.722814573194647,0.23404255319148937,0.038869257950530034,0.9987691466083151
9.760355222461797,0.23404255319148937,0.038869257950530034,0.9987691466083151
9.79789587172894,0.23404255319148937,0.038869257950530034,0.9987691466083151
9.83543652099609,0.23655913978494625,0.038869257950530034,0.9987862417943107
9.87297717026324,0.2391304347826087,0.038869257950530034,0.9988033369803063
9.910517819530384,0.2391304347826087,0.038869257950530034,0.9988033369803063
9.948058468797534,0.2391304347826087,0.038869257950530034,0.9988033369803063
9.985599118064684,0.2391304347826087,0.038869257950530034,0.9988033369803063
10.023139767331827,0.24175824175824176,0.038869257950530034,0.998820432166302
10.060680416598977,0.24175824175824176,0.038869257950530034,0.998820432166302
10.098221065866127,0.24175824175824176,0.038869257950530034,0.998820432166302
10.13576171513327,0.24719101123595505,0.038869257950530034,0.9988546225382933
10.17330236440042,0.25,0.038869257950530034,0.9988717177242888
10.21084301366757,0.2558139534883721,0.038869257950530034,0.9989059080962801
10.248383662934714,0.25882352941176473,0.038869257950530034,0.9989230032822757
10.285924312201864,0.26506024096385544,0.038869257950530034,0.9989571936542669
10.323464961469014,0.26506024096385544,0.038869257950530034,0.9989571936542669
10.361005610736157,0.26506024096385544,0.038869257950530034,0.9989571936542669
10.398546260003307,0.2682926829268293,0.038869257950530034,0.9989742888402626
10.436086909270458,0.2682926829268293,0.038869257950530034,0.9989742888402626
10.4736275585376,0.2716049382716049,0.038869257950530034,0.9989913840262582
10.51116820780475,0.2716049382716049,0.038869257950530034,0.9989913840262582
10.548708857071901,0.275,0.038869257950530034,0.9990084792122538
10.586249506339044,0.27848101265822783,0.038869257950530034,0.9990255743982495
10.623790155606194,0.28205128205128205,0.038869257950530034,0.999042669584245
10.661330804873344,0.2857142857142857,0.038869257950530034,0.9990597647702407
10.698871454140487,0.27631578947368424,0.037102473498233215,0.9990597647702407
10.736412103407638,0.27631578947368424,0.037102473498233215,0.9990597647702407
10.773952752674788,0.28,0.037102473498233215,0.9990768599562363
10.81149340194193,0.2702702702702703,0.0353356890459364,0.9990768599562363
10.849034051209081,0.273972602739726,0.0353356890459364,0.999093955142232
10.886574700476231,0.2676056338028169,0.03356890459363958,0.9991110503282276
10.924115349743374,0.2647058823529412,0.03180212014134275,0.9991452407002188
10.961655999010524,0.2647058823529412,0.03180212014134275,0.9991452407002188
10.999196648277675,0.26865671641791045,0.03180212014134275,0.9991623358862144
11.036737297544818,0.26865671641791045,0.03180212014134275,0.9991623358862144
11.074277946811968,0.26865671641791045,0.03180212014134275,0.9991623358862144
11.111818596079111,0.26865671641791045,0.03180212014134275,0.9991623358862144
11.149359245346261,0.26865671641791045,0.03180212014134275,0.9991623358862144
11.186899894613411,0.26865671641791045,0.03180212014134275,0.9991623358862144
11.224440543880554,0.26865671641791045,0.03180212014134275,0.9991623358862144
11.261981193147705,0.26865671641791045,0.03180212014134275,0.9991623358862144
11.299521842414855,0.2727272727272727,0.03180212014134275,0.9991794310722101
11.337062491681998,0.2727272727272727,0.03180212014134275,0.9991794310722101
11.374603140949148,0.27692307692307694,0.03180212014134275,0.9991965262582057
11.412143790216298,0.27692307692307694,0.03180212014134275,0.9991965262582057
11.449684439483441,0.27692307692307694,0.03180212014134275,0.9991965262582057
11.487225088750591,0.27692307692307694,0.03180212014134275,0.9991965262582057
11.524765738017742,0.27692307692307694,0.03180212014134275,0.9991965262582057
11.562306387284885,0.2857142857142857,0.03180212014134275,0.9992307166301969
11.599847036552035,0.2903225806451613,0.03180212014134275,0.9992478118161926
11.637387685819185,0.2903225806451613,0.03180212014134275,0.9992478118161926
11.674928335086328,0.2903225806451613,0.03180212014134275,0.9992478118161926
11.712468984353478,0.29508196721311475,0.03180212014134275,0.9992649070021882
11.750009633620628,0.288135593220339,0.030035335689045935,0.9992820021881839
11.787550282887771,0.2982456140350877,0.030035335689045935,0.999316192560175
11.825090932154922,0.2982456140350877,0.030035335689045935,0.999316192560175
11.862631581422072,0.2982456140350877,0.030035335689045935,0.999316192560175
11.900172230689215,0.30357142857142855,0.030035335689045935,0.9993332877461707
11.937712879956365,0.30357142857142855,0.030035335689045935,0.9993332877461707
11.975253529223515,0.30357142857142855,0.030035335689045935,0.9993332877461707
12.012794178490658,0.3090909090909091,0.030035335689045935,0.9993503829321663
12.050334827757808,0.3090909090909091,0.030035335689045935,0.9993503829321663
12.087875477024959,0.3148148148148148,0.030035335689045935,0.999367478118162
12.125416126292102,0.32075471698113206,0.030035335689045935,0.9993845733041575
12.162956775559252,0.3333333333333333,0.030035335689045935,0.9994187636761488
12.200497424826402,0.3333333333333333,0.028268551236749116,0.99945295404814
12.238038074093545,0.3404255319148936,0.028268551236749116,0.9994700492341356
12.275578723360695,0.3404255319148936,0.028268551236749116,0.9994700492341356
12.313119372627845,0.34782608695652173,0.028268551236749116,0.9994871444201313
12.350660021894988,0.3409090909090909,0.026501766784452298,0.9995042396061269
12.388200671162139,0.3488372093023256,0.026501766784452298,0.9995213347921226
12.425741320429282,0.3488372093023256,0.026501766784452298,0.9995213347921226
12.463281969696432,0.3488372093023256,0.026501766784452298,0.9995213347921226
12.500822618963582,0.3488372093023256,0.026501766784452298,0.9995213347921226
12.538363268230725,0.3488372093023256,0.026501766784452298,0.9995213347921226
12.575903917497875,0.35714285714285715,0.026501766784452298,0.9995384299781181
12.613444566765025,0.35714285714285715,0.026501766784452298,0.9995384299781181
12.650985216032169,0.35,0.024734982332155476,0.9995555251641138
12.688525865299319,0.35,0.024734982332155476,0.9995555251641138
12.726066514566469,0.358974358974359,0.024734982332155476,0.9995726203501094
12.763607163833612,0.358974358974359,0.024734982332155476,0.9995726203501094
12.801147813100762,0.358974358974359,0.024734982332155476,0.9995726203501094
12.838688462367912,0.358974358974359,0.024734982332155476,0.9995726203501094
12.876229111635055,0.34210526315789475,0.022968197879858657,0.9995726203501094
12.913769760902206,0.34210526315789475,0.022968197879858657,0.9995726203501094
12.951310410169356,0.34210526315789475,0.022968197879858657,0.9995726203501094
12.988851059436499,0.34210526315789475,0.022968197879858657,0.9995726203501094
13.026391708703649,0.32432432432432434,0.02120141342756184,0.9995726203501094
13.063932357970799,0.32432432432432434,0.02120141342756184,0.9995726203501094
13.101473007237942,0.3333333333333333,0.02120141342756184,0.999589715536105
13.139013656505092,0.34285714285714286,0.02120141342756184,0.9996068107221007
13.176554305772243,0.35294117647058826,0.02120141342756184,0.9996239059080962
13.214094955039386,0.35294117647058826,0.02120141342756184,0.9996239059080962
13.251635604306536,0.35294117647058826,0.02120141342756184,0.9996239059080962
13.289176253573686,0.35294117647058826,0.02120141342756184,0.9996239059080962
13.326716902840829,0.35294117647058826,0.02120141342756184,0.9996239059080962
13.36425755210798,0.35294117647058826,0.02120141342756184,0.9996239059080962
13.40179820137513,0.36363636363636365,0.02120141342756184,0.9996410010940919
13.439338850642272,0.36363636363636365,0.02120141342756184,0.9996410010940919
13.476879499909423,0.36363636363636365,0.02120141342756184,0.9996410010940919
13.514420149176573,0.36363636363636365,0.02120141342756184,0.9996410010940919
13.551960798443716,0.375,0.02120141342756184,0.9996580962800875
13.589501447710866,0.375,0.02120141342756184,0.9996580962800875
13.627042096978016,0.375,0.02120141342756184,0.9996580962800875
13.66458274624516,0.375,0.02120141342756184,0.9996580962800875
13.70212339551231,0.375,0.02120141342756184,0.9996580962800875
13.739664044779452,0.3870967741935484,0.02120141342756184,0.9996751914660832
13.777204694046603,0.3870967741935484,0.02120141342756184,0.9996751914660832
13.814745343313753,0.36666666666666664,0.019434628975265017,0.9996751914660832
13.852285992580896,0.36666666666666664,0.019434628975265017,0.9996751914660832
13.889826641848046,0.36666666666666664,0.019434628975265017,0.9996751914660832
13.927367291115196,0.36666666666666664,0.019434628975265017,0.9996751914660832
13.96490794038234,0.36666666666666664,0.019434628975265017,0.9996751914660832
14.00244858964949,0.36666666666666664,0.019434628975265017,0.9996751914660832
14.03998923891664,0.36666666666666664,0.019434628975265017,0.9996751914660832
14.077529888183783,0.36666666666666664,0.019434628975265017,0.9996751914660832
14.115070537450933,0.36666666666666664,0.019434628975265017,0.9996751914660832
14.152611186718083,0.36666666666666664,0.019434628975265017,0.9996751914660832
14.190151835985226,0.36666666666666664,0.019434628975265017,0.9996751914660832
14.227692485252376,0.36666666666666664,0.019434628975265017,0.9996751914660832
14.265233134519526,0.3793103448275862,0.019434628975265017,0.9996922866520788
14.30277378378667,0.3793103448275862,0.019434628975265017,0.9996922866520788
14.34031443305382,0.3793103448275862,0.019434628975265017,0.9996922866520788
14.37785508232097,0.39285714285714285,0.019434628975265017,0.9997093818380745
14.415395731588113,0.39285714285714285,0.019434628975265017,0.9997093818380745
14.452936380855263,0.4074074074074074,0.019434628975265017,0.99972647702407
14.490477030122413,0.4074074074074074,0.019434628975265017,0.99972647702407
14.528017679389556,0.4074074074074074,0.019434628975265017,0.99972647702407
14.565558328656707,0.4074074074074074,0.019434628975265017,0.99972647702407
14.603098977923857,0.38461538461538464,0.0176678445229682,0.99972647702407
14.640639627191,0.38461538461538464,0.0176678445229682,0.99972647702407
14.67818027645815,0.38461538461538464,0.0176678445229682,0.99972647702407
14.715720925725293,0.38461538461538464,0.0176678445229682,0.99972647702407
14.75326157499245,0.38461538461538464,0.0176678445229682,0.99972647702407
14.790802224259593,0.375,0.015901060070671377,0.9997435722100656
14.828342873526736,0.375,0.015901060070671377,0.9997435722100656
14.865883522793894,0.375,0.015901060070671377,0.9997435722100656
14.903424172061037,0.375,0.015901060070671377,0.9997435722100656
14.94096482132818,0.375,0.015901060070671377,0.9997435722100656
14.978505470595337,0.375,0.015901060070671377,0.9997435722100656
15.01604611986248,0.391304347826087,0.015901060070671377,0.9997606673960613
15.053586769129623,0.391304347826087,0.015901060070671377,0.9997606673960613
15.09112741839678,0.4090909090909091,0.015901060070671377,0.9997777625820569
15.128668067663924,0.4090909090909091,0.015901060070671377,0.9997777625820569
15.166208716931067,0.4090909090909091,0.015901060070671377,0.9997777625820569
15.203749366198224,0.4090909090909091,0.015901060070671377,0.9997777625820569
15.241290015465367,0.4090909090909091,0.015901060070671377,0.9997777625820569
15.27883066473251,0.4090909090909091,0.015901060070671377,0.9997777625820569
15.316371313999667,0.4090909090909091,0.015901060070671377,0.9997777625820569
15.35391196326681,0.4090909090909091,0.015901060070671377,0.9997777625820569
15.391452612533953,0.4090909090909091,0.015901060070671377,0.9997777625820569
15.42899326180111,0.4090909090909091,0.015901060070671377,0.9997777625820569
15.466533911068254,0.42857142857142855,0.015901060070671377,0.9997948577680525
15.504074560335397,0.45,0.015901060070671377,0.9998119529540481
15.541615209602554,0.45,0.015901060070671377,0.9998119529540481
15.579155858869697,0.45,0.015901060070671377,0.9998119529540481
15.61669650813684,0.45,0.015901060070671377,0.9998119529540481
15.654237157403998,0.42105263157894735,0.014134275618374558,0.9998119529540481
15.69177780667114,0.42105263157894735,0.014134275618374558,0.9998119529540481
15.729318455938284,0.42105263157894735,0.014134275618374558,0.9998119529540481
15.766859105205427,0.42105263157894735,0.014134275618374558,0.9998119529540481
15.804399754472584,0.42105263157894735,0.014134275618374558,0.9998119529540481
15.841940403739727,0.3888888888888889,0.012367491166077738,0.9998119529540481
15.87948105300687,0.3888888888888889,0.012367491166077738,0.9998119529540481
15.917021702274027,0.3888888888888889,0.012367491166077738,0.9998119529540481
15.95456235154117,0.3888888888888889,0.012367491166077738,0.9998119529540481
15.992103000808314,0.3888888888888889,0.012367491166077738,0.9998119529540481
16.02964365007547,0.3888888888888889,0.012367491166077738,0.9998119529540481
16.067184299342614,0.4117647058823529,0.012367491166077738,0.9998290481400438
16.104724948609757,0.4117647058823529,0.012367491166077738,0.9998290481400438
16.142265597876914,0.375,0.01060070671378092,0.9998290481400438
16.179806247144057,0.375,0.01060070671378092,0.9998290481400438
16.2173468964112,0.375,0.01060070671378092,0.9998290481400438
16.254887545678358,0.375,0.01060070671378092,0.9998290481400438
16.2924281949455,0.375,0.01060070671378092,0.9998290481400438
16.329968844212644,0.375,0.01060070671378092,0.9998290481400438
16.3675094934798,0.3333333333333333,0.0088339222614841,0.9998290481400438
16.405050142746944,0.3333333333333333,0.0088339222614841,0.9998290481400438
16.442590792014087,0.3333333333333333,0.0088339222614841,0.9998290481400438
16.480131441281245,0.3333333333333333,0.0088339222614841,0.9998290481400438
16.517672090548388,0.3333333333333333,0.0088339222614841,0.9998290481400438
16.55521273981553,0.3333333333333333,0.0088339222614841,0.9998290481400438
16.592753389082688,0.3333333333333333,0.0088339222614841,0.9998290481400438
16.63029403834983,0.3333333333333333,0.0088339222614841,0.9998290481400438
16.667834687616974,0.3333333333333333,0.0088339222614841,0.9998290481400438
16.70537533688413,0.3333333333333333,0.0088339222614841,0.9998290481400438
16.742915986151274,0.3333333333333333,0.0088339222614841,0.9998290481400438
16.780456635418417,0.3333333333333333,0.0088339222614841,0.9998290481400438
16.817997284685575,0.3333333333333333,0.0088339222614841,0.9998290481400438
16.855537933952718,0.3333333333333333,0.0088339222614841,0.9998290481400438
16.89307858321986,0.3333333333333333,0.0088339222614841,0.9998290481400438
16.930619232487018,0.3333333333333333,0.0088339222614841,0.9998290481400438
16.96815988175416,0.35714285714285715,0.0088339222614841,0.9998461433260394
17.005700531021304,0.35714285714285715,0.0088339222614841,0.9998461433260394
17.04324118028846,0.35714285714285715,0.0088339222614841,0.9998461433260394
17.080781829555605,0.35714285714285715,0.0088339222614841,0.9998461433260394
17.118322478822748,0.35714285714285715,0.0088339222614841,0.9998461433260394
17.155863128089905,0.35714285714285715,0.0088339222614841,0.9998461433260394
17.193403777357048,0.35714285714285715,0.0088339222614841,0.9998461433260394
17.23094442662419,0.35714285714285715,0.0088339222614841,0.9998461433260394
17.26848507589135,0.35714285714285715,0.0088339222614841,0.9998461433260394
17.30602572515849,0.35714285714285715,0.0088339222614841,0.9998461433260394
17.343566374425635,0.35714285714285715,0.0088339222614841,0.9998461433260394
17.381107023692792,0.35714285714285715,0.0088339222614841,0.9998461433260394
17.418647672959935,0.35714285714285715,0.0088339222614841,0.9998461433260394
17.456188322227078,0.35714285714285715,0.0088339222614841,0.9998461433260394
17.493728971494235,0.35714285714285715,0.0088339222614841,0.9998461433260394
17.53126962076138,0.35714285714285715,0.0088339222614841,0.9998461433260394
17.56881027002852,0.35714285714285715,0.0088339222614841,0.9998461433260394
17.60635091929568,0.35714285714285715,0.0088339222614841,0.9998461433260394
17.64389156856282,0.35714285714285715,0.0088339222614841,0.9998461433260394
17.681432217829965,0.35714285714285715,0.0088339222614841,0.9998461433260394
17.718972867097122,0.35714285714285715,0.0088339222614841,0.9998461433260394
17.756513516364265,0.35714285714285715,0.0088339222614841,0.9998461433260394
17.794054165631408,0.35714285714285715,0.0088339222614841,0.9998461433260394
17.831594814898565,0.35714285714285715,0.0088339222614841,0.9998461433260394
17.86913546416571,0.4166666666666667,0.0088339222614841,0.9998803336980306
17.90667611343285,0.4166666666666667,0.0088339222614841,0.9998803336980306
17.94421676270001,0.45454545454545453,0.0088339222614841,0.9998974288840262
17.981757411967152,0.45454545454545453,0.0088339222614841,0.9998974288840262
18.019298061234295,0.45454545454545453,0.0088339222614841,0.9998974288840262
18.056838710501452,0.45454545454545453,0.0088339222614841,0.9998974288840262
18.094379359768595,0.45454545454545453,0.0088339222614841,0.9998974288840262
18.13192000903574,0.45454545454545453,0.0088339222614841,0.9998974288840262
18.169460658302896,0.45454545454545453,0.0088339222614841,0.9998974288840262
18.20700130757004,0.45454545454545453,0.0088339222614841,0.9998974288840262
18.244541956837182,0.45454545454545453,0.0088339222614841,0.9998974288840262
18.28208260610434,0.45454545454545453,0.0088339222614841,0.9998974288840262
18.319623255371482,0.45454545454545453,0.0088339222614841,0.9998974288840262
18.357163904638625,0.45454545454545453,0.0088339222614841,0.9998974288840262
18.39470455390577,0.45454545454545453,0.0088339222614841,0.9998974288840262
18.432245203172926,0.45454545454545453,0.0088339222614841,0.9998974288840262
18.46978585244007,0.45454545454545453,0.0088339222614841,0.9998974288840262
18.50732650170721,0.45454545454545453,0.0088339222614841,0.9998974288840262
18.54486715097437,0.45454545454545453,0.0088339222614841,0.9998974288840262
18.582407800241512,0.45454545454545453,0.0088339222614841,0.9998974288840262
18.619948449508655,0.5,0.0088339222614841,0.9999145240700219
18.657489098775812,0.5,0.0088339222614841,0.9999145240700219
18.695029748042955,0.5,0.0088339222614841,0.9999145240700219
18.7325703973101,0.5,0.0088339222614841,0.9999145240700219
18.770111046577256,0.5,0.0088339222614841,0.9999145240700219
18.8076516958444,0.5,0.0088339222614841,0.9999145240700219
18.845192345111542,0.5,0.0088339222614841,0.9999145240700219
18.8827329943787,0.5,0.0088339222614841,0.9999145240700219
18.920273643645842,0.5,0.0088339222614841,0.9999145240700219
18.957814292912985,0.5,0.0088339222614841,0.9999145240700219
18.995354942180143,0.5,0.0088339222614841,0.9999145240700219
19.032895591447286,0.5,0.0088339222614841,0.9999145240700219
19.07043624071443,0.5,0.0088339222614841,0.9999145240700219
19.107976889981586,0.5,0.0088339222614841,0.9999145240700219
19.14551753924873,0.5,0.0088339222614841,0.9999145240700219
19.183058188515872,0.5,0.0088339222614841,0.9999145240700219
19.22059883778303,0.5,0.0088339222614841,0.9999145240700219
19.258139487050173,0.5,0.0088339222614841,0.9999145240700219
19.295680136317316,0.5,0.0088339222614841,0.9999145240700219
19.333220785584473,0.5,0.0088339222614841,0.9999145240700219
19.370761434851616,0.5,0.0088339222614841,0.9999145240700219
19.40830208411876,0.5,0.0088339222614841,0.9999145240700219
19.445842733385916,0.5,0.0088339222614841,0.9999145240700219
19.48338338265306,0.5,0.0088339222614841,0.9999145240700219
19.520924031920202,0.5,0.0088339222614841,0.9999145240700219
19.55846468118736,0.5,0.0088339222614841,0.9999145240700219
19.596005330454503,0.5,0.0088339222614841,0.9999145240700219
19.633545979721646,0.5,0.0088339222614841,0.9999145240700219
19.671086628988803,0.5,0.0088339222614841,0.9999145240700219
19.708627278255946,0.5,0.0088339222614841,0.9999145240700219
19.74616792752309,0.5,0.0088339222614841,0.9999145240700219
19.783708576790247,0.5555555555555556,0.0088339222614841,0.9999316192560175
19.82124922605739,0.5555555555555556,0.0088339222614841,0.9999316192560175
19.858789875324533,0.5555555555555556,0.0088339222614841,0.9999316192560175
19.89633052459169,0.5555555555555556,0.0088339222614841,0.9999316192560175
19.933871173858833,0.5555555555555556,0.0088339222614841,0.9999316192560175
19.971411823125976,0.5555555555555556,0.0088339222614841,0.9999316192560175
20.008952472393133,0.5,0.007067137809187279,0.9999316192560175
20.046493121660276,0.5,0.007067137809187279,0.9999316192560175
20.08403377092742,0.5714285714285714,0.007067137809187279,0.9999487144420132
20.121574420194577,0.5714285714285714,0.007067137809187279,0.9999487144420132
20.15911506946172,0.5714285714285714,0.007067137809187279,0.9999487144420132
20.196655718728863,0.5714285714285714,0.007067137809187279,0.9999487144420132
20.23419636799602,0.5714285714285714,0.007067137809187279,0.9999487144420132
20.271737017263163,0.5714285714285714,0.007067137809187279,0.9999487144420132
20.309277666530306,0.5714285714285714,0.007067137809187279,0.9999487144420132
20.346818315797464,0.5714285714285714,0.007067137809187279,0.9999487144420132
20.384358965064607,0.5714285714285714,0.007067137809187279,0.9999487144420132
20.42189961433175,0.5714285714285714,0.007067137809187279,0.9999487144420132
20.459440263598907,0.5714285714285714,0.007067137809187279,0.9999487144420132
20.49698091286605,0.5714285714285714,0.007067137809187279,0.9999487144420132
20.534521562133193,0.6666666666666666,0.007067137809187279,0.9999658096280087
20.57206221140035,0.6666666666666666,0.007067137809187279,0.9999658096280087
20.609602860667493,0.6666666666666666,0.007067137809187279,0.9999658096280087
20.647143509934637,0.6666666666666666,0.007067137809187279,0.9999658096280087
20.684684159201794,0.6666666666666666,0.007067137809187279,0.9999658096280087
20.722224808468937,0.6666666666666666,0.007067137809187279,0.9999658096280087
20.75976545773608,0.6666666666666666,0.007067137809187279,0.9999658096280087
20.797306107003237,0.6666666666666666,0.007067137809187279,0.9999658096280087
20.83484675627038,0.6666666666666666,0.007067137809187279,0.9999658096280087
20.872387405537523,0.6666666666666666,0.007067137809187279,0.9999658096280087
20.90992805480468,0.6666666666666666,0.007067137809187279,0.9999658096280087
20.947468704071824,0.6666666666666666,0.007067137809187279,0.9999658096280087
20.985009353338967,0.6666666666666666,0.007067137809187279,0.9999658096280087
21.02255000260611,0.6666666666666666,0.007067137809187279,0.9999658096280087
21.060090651873267,0.6666666666666666,0.007067137809187279,0.9999658096280087
21.09763130114041,0.6666666666666666,0.007067137809187279,0.9999658096280087
21.135171950407553,0.6666666666666666,0.007067137809187279,0.9999658096280087
21.17271259967471,0.6666666666666666,0.007067137809187279,0.9999658096280087
21.210253248941854,0.6666666666666666,0.007067137809187279,0.9999658096280087
21.247793898208997,0.6666666666666666,0.007067137809187279,0.9999658096280087
21.285334547476154,0.6666666666666666,0.007067137809187279,0.9999658096280087
21.322875196743297,0.6666666666666666,0.007067137809187279,0.9999658096280087
21.36041584601044,0.6666666666666666,0.007067137809187279,0.9999658096280087
21.397956495277597,0.6666666666666666,0.007067137809187279,0.9999658096280087
21.43549714454474,0.6666666666666666,0.007067137809187279,0.9999658096280087
21.473037793811883,0.6666666666666666,0.007067137809187279,0.9999658096280087
21.51057844307904,0.6666666666666666,0.007067137809187279,0.9999658096280087
21.548119092346184,0.6666666666666666,0.007067137809187279,0.9999658096280087
21.585659741613327,0.6666666666666666,0.007067137809187279,0.9999658096280087
21.623200390880484,0.6666666666666666,0.007067137809187279,0.9999658096280087
21.660741040147627,0.6,0.00530035335689046,0.9999658096280087
21.69828168941477,0.6,0.00530035335689046,0.9999658096280087
21.735822338681928,0.6,0.00530035335689046,0.9999658096280087
21.77336298794907,0.6,0.00530035335689046,0.9999658096280087
21.810903637216214,0.6,0.00530035335689046,0.9999658096280087
21.84844428648337,0.6,0.00530035335689046,0.9999658096280087
21.885984935750514,0.6,0.00530035335689046,0.9999658096280087
21.923525585017657,0.6,0.00530035335689046,0.9999658096280087
21.961066234284814,0.6,0.00530035335689046,0.9999658096280087
21.998606883551957,0.6,0.00530035335689046,0.9999658096280087
22.0361475328191,0.6,0.00530035335689046,0.9999658096280087
22.073688182086258,0.6,0.00530035335689046,0.9999658096280087
22.1112288313534,0.6,0.00530035335689046,0.9999658096280087
22.148769480620544,0.6,0.00530035335689046,0.9999658096280087
22.1863101298877,0.6,0.00530035335689046,0.9999658096280087
22.223850779154844,0.6,0.00530035335689046,0.9999658096280087
22.261391428421987,0.6,0.00530035335689046,0.9999658096280087
22.298932077689145,0.6,0.00530035335689046,0.9999658096280087
22.336472726956288,0.6,0.00530035335689046,0.9999658096280087
22.37401337622343,0.6,0.00530035335689046,0.9999658096280087
22.411554025490588,0.6,0.00530035335689046,0.9999658096280087
22.44909467475773,0.6,0.00530035335689046,0.9999658096280087
22.486635324024874,0.6,0.00530035335689046,0.9999658096280087
22.52417597329203,0.6,0.00530035335689046,0.9999658096280087
22.561716622559175,0.6,0.00530035335689046,0.9999658096280087
22.599257271826318,0.6,0.00530035335689046,0.9999658096280087
22.636797921093475,0.6,0.00530035335689046,0.9999658096280087
22.674338570360618,0.6,0.00530035335689046,0.9999658096280087
22.71187921962776,0.6,0.00530035335689046,0.9999658096280087
22.74941986889492,0.6,0.00530035335689046,0.9999658096280087
22.78696051816206,0.6,0.00530035335689046,0.9999658096280087
22.824501167429204,0.6,0.00530035335689046,0.9999658096280087
22.86204181669636,0.6,0.00530035335689046,0.9999658096280087
22.899582465963505,0.6,0.00530035335689046,0.9999658096280087
22.937123115230648,0.6,0.00530035335689046,0.9999658096280087
22.974663764497805,0.6,0.00530035335689046,0.9999658096280087
23.012204413764948,0.6,0.00530035335689046,0.9999658096280087
23.04974506303209,0.6,0.00530035335689046,0.9999658096280087
23.08728571229925,0.6,0.00530035335689046,0.9999658096280087
23.12482636156639,0.6,0.00530035335689046,0.9999658096280087
23.162367010833535,0.6,0.00530035335689046,0.9999658096280087
23.199907660100692,0.6,0.00530035335689046,0.9999658096280087
23.237448309367835,0.5,0.0035335689045936395,0.9999658096280087
23.274988958634978,0.5,0.0035335689045936395,0.9999658096280087
23.312529607902135,0.5,0.0035335689045936395,0.9999658096280087
23.35007025716928,0.5,0.0035335689045936395,0.9999658096280087
23.38761090643642,0.5,0.0035335689045936395,0.9999658096280087
23.42515155570358,0.5,0.0035335689045936395,0.9999658096280087
23.462692204970722,0.5,0.0035335689045936395,0.9999658096280087
23.500232854237865,0.5,0.0035335689045936395,0.9999658096280087
23.537773503505022,0.5,0.0035335689045936395,0.9999658096280087
23.575314152772165,0.5,0.0035335689045936395,0.9999658096280087
23.61285480203931,0.5,0.0035335689045936395,0.9999658096280087
23.65039545130645,0.5,0.0035335689045936395,0.9999658096280087
23.68793610057361,0.5,0.0035335689045936395,0.9999658096280087
23.72547674984075,0.5,0.0035335689045936395,0.9999658096280087
23.763017399107895,0.5,0.0035335689045936395,0.9999658096280087
23.800558048375052,0.5,0.0035335689045936395,0.9999658096280087
23.838098697642195,0.5,0.0035335689045936395,0.9999658096280087
23.875639346909338,0.5,0.0035335689045936395,0.9999658096280087
23.913179996176495,0.5,0.0035335689045936395,0.9999658096280087
23.95072064544364,0.5,0.0035335689045936395,0.9999658096280087
23.98826129471078,0.5,0.0035335689045936395,0.9999658096280087
24.02580194397794,0.5,0.0035335689045936395,0.9999658096280087
24.063342593245082,0.5,0.0035335689045936395,0.9999658096280087
24.100883242512225,0.5,0.0035335689045936395,0.9999658096280087
24.138423891779382,0.5,0.0035335689045936395,0.9999658096280087
24.175964541046525,0.5,0.0035335689045936395,0.9999658096280087
24.21350519031367,0.5,0.0035335689045936395,0.9999658096280087
24.251045839580826,0.5,0.0035335689045936395,0.9999658096280087
24.28858648884797,0.5,0.0035335689045936395,0.9999658096280087
24.326127138115112,0.5,0.0035335689045936395,0.9999658096280087
24.36366778738227,0.5,0.0035335689045936395,0.9999658096280087
24.401208436649412,0.5,0.0035335689045936395,0.9999658096280087
24.438749085916555,0.5,0.0035335689045936395,0.9999658096280087
24.476289735183713,0.5,0.0035335689045936395,0.9999658096280087
24.513830384450856,0.5,0.0035335689045936395,0.9999658096280087
24.551371033718,0.5,0.0035335689045936395,0.9999658096280087
24.588911682985156,0.6666666666666666,0.0035335689045936395,0.9999829048140044
24.6264523322523,0.6666666666666666,0.0035335689045936395,0.9999829048140044
24.663992981519442,0.6666666666666666,0.0035335689045936395,0.9999829048140044
24.7015336307866,0.6666666666666666,0.0035335689045936395,0.9999829048140044
24.739074280053742,0.6666666666666666,0.0035335689045936395,0.9999829048140044
24.776614929320885,0.6666666666666666,0.0035335689045936395,0.9999829048140044
24.814155578588043,0.6666666666666666,0.0035335689045936395,0.9999829048140044
24.851696227855186,0.6666666666666666,0.0035335689045936395,0.9999829048140044
24.88923687712233,0.6666666666666666,0.0035335689045936395,0.9999829048140044
24.926777526389486,0.6666666666666666,0.0035335689045936395,0.9999829048140044
24.96431817565663,0.6666666666666666,0.0035335689045936395,0.9999829048140044
25.001858824923772,0.6666666666666666,0.0035335689045936395,0.9999829048140044
25.03939947419093,0.6666666666666666,0.0035335689045936395,0.9999829048140044
25.076940123458073,0.6666666666666666,0.0035335689045936395,0.9999829048140044
25.114480772725216,0.6666666666666666,0.0035335689045936395,0.9999829048140044
25.152021421992373,0.6666666666666666,0.0035335689045936395,0.9999829048140044
25.189562071259516,0.6666666666666666,0.0035335689045936395,0.9999829048140044
25.22710272052666,0.6666666666666666,0.0035335689045936395,0.9999829048140044
25.264643369793816,0.6666666666666666,0.0035335689045936395,0.9999829048140044
25.30218401906096,0.6666666666666666,0.0035335689045936395,0.9999829048140044
25.339724668328103,0.6666666666666666,0.0035335689045936395,0.9999829048140044
25.37726531759526,0.6666666666666666,0.0035335689045936395,0.9999829048140044
25.414805966862403,1.0,0.0035335689045936395,1.0
25.452346616129546,1.0,0.0035335689045936395,1.0
25.489887265396703,1.0,0.0035335689045936395,1.0
25.527427914663846,1.0,0.0035335689045936395,1.0
25.56496856393099,1.0,0.0035335689045936395,1.0
25.602509213198147,1.0,0.0035335689045936395,1.0
25.64004986246529,1.0,0.0035335689045936395,1.0
25.677590511732433,1.0,0.0035335689045936395,1.0
25.71513116099959,1.0,0.0035335689045936395,1.0
25.75267181026674,1.0,0.0017667844522968198,1.0
