Threshold,Precision,Recall,Specificity
-89.90437999255825,0.00958314991026379,1.0,0.0
-89.84067771120338,0.009583312168774658,1.0,1.7095185995623632e-05
-89.7769754298485,0.009583312168774658,1.0,1.7095185995623632e-05
-89.71327314849364,0.009583312168774658,1.0,1.7095185995623632e-05
-89.64957086713878,0.009583312168774658,1.0,1.7095185995623632e-05
-89.5858685857839,0.009583312168774658,1.0,1.7095185995623632e-05
-89.52216630442904,0.009583312168774658,1.0,1.7095185995623632e-05
-89.45846402307417,0.009583312168774658,1.0,1.7095185995623632e-05
-89.3947617417193,0.009583312168774658,1.0,1.7095185995623632e-05
-89.33105946036443,0.009583312168774658,1.0,1.7095185995623632e-05
-89.26735717900957,0.009583312168774658,1.0,1.7095185995623632e-05
-89.20365489765469,0.009583312168774658,1.0,1.7095185995623632e-05
-89.13995261629982,0.009583312168774658,1.0,1.7095185995623632e-05
-89.07625033494496,0.009583312168774658,1.0,1.7095185995623632e-05
-89.01254805359008,0.009583312168774658,1.0,1.7095185995623632e-05
-88.94884577223522,0.009583312168774658,1.0,1.7095185995623632e-05
-88.88514349088035,0.009583312168774658,1.0,1.7095185995623632e-05
-88.82144120952547,0.009583312168774658,1.0,1.7095185995623632e-05
-88.75773892817061,0.009583312168774658,1.0,1.7095185995623632e-05
-88.69403664681575,0.009583312168774658,1.0,1.7095185995623632e-05
-88.63033436546087,0.009583312168774658,1.0,1.7095185995623632e-05
-88.566632084106,0.009583312168774658,1.0,1.7095185995623632e-05
-88.50292980275114,0.009583312168774658,1.0,1.7095185995623632e-05
-88.43922752139626,0.009583312168774658,1.0,1.7095185995623632e-05
-88.3755252400414,0.009583312168774658,1.0,1.7095185995623632e-05
-88.31182295868653,0.009583312168774658,1.0,1.7095185995623632e-05
-88.24812067733166,0.009583312168774658,1.0,1.7095185995623632e-05
-88.18441839597679,0.009583312168774658,1.0,1.7095185995623632e-05
-88.12071611462193,0.009583312168774658,1.0,1.7095185995623632e-05
-88.05701383326705,0.009583312168774658,1.0,1.7095185995623632e-05
-87.99331155191219,0.009583312168774658,1.0,1.7095185995623632e-05
-87.92960927055732,0.009583312168774658,1.0,1.7095185995623632e-05
-87.86590698920244,0.009583312168774658,1.0,1.7095185995623632e-05
-87.80220470784758,0.009583312168774658,1.0,1.7095185995623632e-05
-87.73850242649272,0.009583312168774658,1.0,1.7095185995623632e-05
-87.67480014513785,0.009583312168774658,1.0,1.7095185995623632e-05
-87.61109786378297,0.009583312168774658,1.0,1.7095185995623632e-05
-87.54739558242811,0.009583312168774658,1.0,1.7095185995623632e-05
-87.48369330107325,0.009583312168774658,1.0,1.7095185995623632e-05
-87.41999101971837,0.009583312168774658,1.0,1.7095185995623632e-05
-87.3562887383635,0.009583474432780223,1.0,3.4190371991247264e-05
-87.29258645700864,0.009583474432780223,1.0,3.4190371991247264e-05
-87.22888417565376,0.009583474432780223,1.0,3.4190371991247264e-05
-87.1651818942989,0.009583474432780223,1.0,3.4190371991247264e-05
-87.10147961294403,0.009583474432780223,1.0,3.4190371991247264e-05
-87.03777733158915,0.009583474432780223,1.0,3.4190371991247264e-05
-86.97407505023429,0.009583474432780223,1.0,3.4190371991247264e-05
-86.91037276887943,0.009583474432780223,1.0,3.4190371991247264e-05
-86.84667048752455,0.009583474432780223,1.0,3.4190371991247264e-05
-86.78296820616968,0.009583474432780223,1.0,3.4190371991247264e-05
-86.71926592481482,0.009583474432780223,1.0,3.4190371991247264e-05
-86.65556364345994,0.009583474432780223,1.0,3.4190371991247264e-05
-86.59186136210508,0.009583474432780223,1.0,3.4190371991247264e-05
-86.52815908075021,0.009583474432780223,1.0,3.4190371991247264e-05
-86.46445679939534,0.009583474432780223,1.0,3.4190371991247264e-05
-86.40075451804047,0.009583474432780223,1.0,3.4190371991247264e-05
-86.33705223668561,0.009583474432780223,1.0,3.4190371991247264e-05
-86.27334995533073,0.009583474432780223,1.0,3.4190371991247264e-05
-86.20964767397587,0.009583474432780223,1.0,3.4190371991247264e-05
-86.145945392621,0.009583474432780223,1.0,3.4190371991247264e-05
-86.08224311126612,0.009583474432780223,1.0,3.4190371991247264e-05
-86.01854082991126,0.009583474432780223,1.0,3.4190371991247264e-05
-85.9548385485564,0.009583474432780223,1.0,3.4190371991247264e-05
-85.89113626720152,0.009583474432780223,1.0,3.4190371991247264e-05
-85.82743398584665,0.009583474432780223,1.0,3.4190371991247264e-05
-85.76373170449179,0.009583474432780223,1.0,3.4190371991247264e-05
-85.70002942313691,0.009583474432780223,1.0,3.4190371991247264e-05
-85.63632714178205,0.009583474432780223,1.0,3.4190371991247264e-05
-85.57262486042718,0.009583474432780223,1.0,3.4190371991247264e-05
-85.5089225790723,0.009583474432780223,1.0,3.4190371991247264e-05
-85.44522029771744,0.009583474432780223,1.0,3.4190371991247264e-05
-85.38151801636258,0.009583474432780223,1.0,3.4190371991247264e-05
-85.3178157350077,0.00958363670228077,1.0,5.1285557986870895e-05
-85.25411345365283,0.00958363670228077,1.0,5.1285557986870895e-05
-85.19041117229797,0.00958363670228077,1.0,5.1285557986870895e-05
-85.12670889094309,0.00958363670228077,1.0,5.1285557986870895e-05
-85.06300660958823,0.00958363670228077,1.0,5.1285557986870895e-05
-84.99930432823336,0.00958363670228077,1.0,5.1285557986870895e-05
-84.93560204687849,0.00958363670228077,1.0,5.1285557986870895e-05
-84.87189976552362,0.00958363670228077,1.0,5.1285557986870895e-05
-84.80819748416876,0.00958363670228077,1.0,5.1285557986870895e-05
-84.74449520281388,0.00958363670228077,1.0,5.1285557986870895e-05
-84.68079292145902,0.00958363670228077,1.0,5.1285557986870895e-05
-84.61709064010415,0.00958363670228077,1.0,5.1285557986870895e-05
-84.55338835874927,0.00958363670228077,1.0,5.1285557986870895e-05
-84.48968607739441,0.00958363670228077,1.0,5.1285557986870895e-05
-84.42598379603955,0.00958363670228077,1.0,5.1285557986870895e-05
-84.36228151468467,0.00958363670228077,1.0,5.1285557986870895e-05
-84.2985792333298,0.00958363670228077,1.0,5.1285557986870895e-05
-84.23487695197494,0.00958363670228077,1.0,5.1285557986870895e-05
-84.17117467062008,0.00958363670228077,1.0,5.1285557986870895e-05
-84.1074723892652,0.00958363670228077,1.0,5.1285557986870895e-05
-84.04377010791033,0.00958363670228077,1.0,5.1285557986870895e-05
-83.98006782655546,0.00958363670228077,1.0,5.1285557986870895e-05
-83.91636554520059,0.00958363670228077,1.0,5.1285557986870895e-05
-83.85266326384573,0.00958363670228077,1.0,5.1285557986870895e-05
-83.78896098249086,0.00958363670228077,1.0,5.1285557986870895e-05
-83.72525870113599,0.00958363670228077,1.0,5.1285557986870895e-05
-83.66155641978112,0.00958363670228077,1.0,5.1285557986870895e-05
-83.59785413842624,0.00958363670228077,1.0,5.1285557986870895e-05
-83.53415185707138,0.00958363670228077,1.0,5.1285557986870895e-05
-83.47044957571651,0.00958363670228077,1.0,5.1285557986870895e-05
-83.40674729436165,0.00958363670228077,1.0,5.1285557986870895e-05
-83.34304501300677,0.009583798977276575,1.0,6.838074398249453e-05
-83.27934273165191,0.009583798977276575,1.0,6.838074398249453e-05
-83.21564045029704,0.009583961257767918,1.0,8.547592997811816e-05
-83.15193816894217,0.009583961257767918,1.0,8.547592997811816e-05
-83.0882358875873,0.009583961257767918,1.0,8.547592997811816e-05
-83.02453360623244,0.009583961257767918,1.0,8.547592997811816e-05
-82.96083132487756,0.009583961257767918,1.0,8.547592997811816e-05
-82.8971290435227,0.009583961257767918,1.0,8.547592997811816e-05
-82.83342676216783,0.009583961257767918,1.0,8.547592997811816e-05
-82.76972448081295,0.009583961257767918,1.0,8.547592997811816e-05
-82.70602219945809,0.009583961257767918,1.0,8.547592997811816e-05
-82.64231991810323,0.009583961257767918,1.0,8.547592997811816e-05
-82.57861763674835,0.009583961257767918,1.0,8.547592997811816e-05
-82.51491535539348,0.009583961257767918,1.0,8.547592997811816e-05
-82.45121307403862,0.009583961257767918,1.0,8.547592997811816e-05
-82.38751079268374,0.009583961257767918,1.0,8.547592997811816e-05
-82.32380851132888,0.009583961257767918,1.0,8.547592997811816e-05
-82.26010622997401,0.009584123543755079,1.0,0.00010257111597374179
-82.19640394861914,0.009584123543755079,1.0,0.00010257111597374179
-82.13270166726427,0.009584123543755079,1.0,0.00010257111597374179
-82.06899938590941,0.009584123543755079,1.0,0.00010257111597374179
-82.00529710455453,0.009584123543755079,1.0,0.00010257111597374179
-81.94159482319967,0.009584123543755079,1.0,0.00010257111597374179
-81.8778925418448,0.009584285835238337,1.0,0.00011966630196936542
-81.81419026048992,0.009584285835238337,1.0,0.00011966630196936542
-81.75048797913506,0.009584285835238337,1.0,0.00011966630196936542
-81.6867856977802,0.009584285835238337,1.0,0.00011966630196936542
-81.62308341642532,0.009584285835238337,1.0,0.00011966630196936542
-81.55938113507045,0.009584285835238337,1.0,0.00011966630196936542
-81.49567885371559,0.009584285835238337,1.0,0.00011966630196936542
-81.43197657236071,0.009584285835238337,1.0,0.00011966630196936542
-81.36827429100585,0.009584285835238337,1.0,0.00011966630196936542
-81.30457200965098,0.009584285835238337,1.0,0.00011966630196936542
-81.2408697282961,0.009584285835238337,1.0,0.00011966630196936542
-81.17716744694124,0.009584285835238337,1.0,0.00011966630196936542
-81.11346516558638,0.009584285835238337,1.0,0.00011966630196936542
-81.0497628842315,0.009584285835238337,1.0,0.00011966630196936542
-80.98606060287663,0.009584285835238337,1.0,0.00011966630196936542
-80.92235832152177,0.009584285835238337,1.0,0.00011966630196936542
-80.85865604016689,0.009584285835238337,1.0,0.00011966630196936542
-80.79495375881203,0.009584285835238337,1.0,0.00011966630196936542
-80.73125147745716,0.009584285835238337,1.0,0.00011966630196936542
-80.66754919610229,0.009584285835238337,1.0,0.00011966630196936542
-80.60384691474742,0.009584285835238337,1.0,0.00011966630196936542
-80.54014463339256,0.009584285835238337,1.0,0.00011966630196936542
-80.47644235203768,0.009584285835238337,1.0,0.00011966630196936542
-80.41274007068282,0.009584285835238337,1.0,0.00011966630196936542
-80.34903778932795,0.009584285835238337,1.0,0.00011966630196936542
-80.28533550797309,0.009584285835238337,1.0,0.00011966630196936542
-80.22163322661821,0.009584285835238337,1.0,0.00011966630196936542
-80.15793094526335,0.00958444813221797,1.0,0.00013676148796498905
-80.09422866390847,0.00958444813221797,1.0,0.00013676148796498905
-80.0305263825536,0.00958444813221797,1.0,0.00013676148796498905
-79.96682410119874,0.00958444813221797,1.0,0.00013676148796498905
-79.90312181984388,0.00958444813221797,1.0,0.00013676148796498905
-79.839419538489,0.00958444813221797,1.0,0.00013676148796498905
-79.77571725713413,0.00958444813221797,1.0,0.00013676148796498905
-79.71201497577925,0.00958444813221797,1.0,0.00013676148796498905
-79.64831269442439,0.00958444813221797,1.0,0.00013676148796498905
-79.58461041306953,0.00958444813221797,1.0,0.00013676148796498905
-79.52090813171466,0.00958444813221797,1.0,0.00013676148796498905
-79.45720585035978,0.00958444813221797,1.0,0.00013676148796498905
-79.39350356900492,0.00958444813221797,1.0,0.00013676148796498905
-79.32980128765004,0.00958444813221797,1.0,0.00013676148796498905
-79.26609900629518,0.00958444813221797,1.0,0.00013676148796498905
-79.20239672494031,0.00958444813221797,1.0,0.00013676148796498905
-79.13869444358545,0.00958444813221797,1.0,0.00013676148796498905
-79.07499216223057,0.00958444813221797,1.0,0.00013676148796498905
-79.01128988087571,0.00958444813221797,1.0,0.00013676148796498905
-78.94758759952083,0.00958444813221797,1.0,0.00013676148796498905
-78.88388531816597,0.00958444813221797,1.0,0.00013676148796498905
-78.8201830368111,0.00958444813221797,1.0,0.00013676148796498905
-78.75648075545624,0.00958444813221797,1.0,0.00013676148796498905
-78.69277847410136,0.00958444813221797,1.0,0.00013676148796498905
-78.6290761927465,0.00958444813221797,1.0,0.00013676148796498905
-78.56537391139163,0.00958444813221797,1.0,0.00013676148796498905
-78.50167163003675,0.00958444813221797,1.0,0.00013676148796498905
-78.43796934868189,0.00958444813221797,1.0,0.00013676148796498905
-78.37426706732703,0.00958444813221797,1.0,0.00013676148796498905
-78.31056478597215,0.00958444813221797,1.0,0.00013676148796498905
-78.24686250461728,0.00958444813221797,1.0,0.00013676148796498905
-78.18316022326242,0.00958444813221797,1.0,0.00013676148796498905
-78.11945794190754,0.00958444813221797,1.0,0.00013676148796498905
-78.05575566055268,0.009584610434694258,1.0,0.0001538566739606127
-77.99205337919781,0.009584610434694258,1.0,0.0001538566739606127
-77.92835109784293,0.009584610434694258,1.0,0.0001538566739606127
-77.86464881648807,0.009584610434694258,1.0,0.0001538566739606127
-77.8009465351332,0.009584610434694258,1.0,0.0001538566739606127
-77.73724425377833,0.00958477274266748,1.0,0.00017095185995623632
-77.67354197242346,0.00958477274266748,1.0,0.00017095185995623632
-77.6098396910686,0.00958477274266748,1.0,0.00017095185995623632
-77.54613740971372,0.00958477274266748,1.0,0.00017095185995623632
-77.48243512835886,0.00958477274266748,1.0,0.00017095185995623632
-77.418732847004,0.00958477274266748,1.0,0.00017095185995623632
-77.35503056564912,0.00958477274266748,1.0,0.00017095185995623632
-77.29132828429425,0.00958477274266748,1.0,0.00017095185995623632
-77.22762600293939,0.00958477274266748,1.0,0.00017095185995623632
-77.16392372158451,0.00958477274266748,1.0,0.00017095185995623632
-77.10022144022965,0.00958477274266748,1.0,0.00017095185995623632
-77.03651915887478,0.00958477274266748,1.0,0.00017095185995623632
-76.9728168775199,0.00958477274266748,1.0,0.00017095185995623632
-76.90911459616504,0.00958477274266748,1.0,0.00017095185995623632
-76.84541231481018,0.00958477274266748,1.0,0.00017095185995623632
-76.7817100334553,0.00958477274266748,1.0,0.00017095185995623632
-76.71800775210043,0.00958477274266748,1.0,0.00017095185995623632
-76.65430547074557,0.00958477274266748,1.0,0.00017095185995623632
-76.59060318939069,0.00958477274266748,1.0,0.00017095185995623632
-76.52690090803583,0.00958477274266748,1.0,0.00017095185995623632
-76.46319862668096,0.009584935056137915,1.0,0.00018804704595185996
-76.3994963453261,0.009584935056137915,1.0,0.00018804704595185996
-76.33579406397122,0.009584935056137915,1.0,0.00018804704595185996
-76.27209178261636,0.009584935056137915,1.0,0.00018804704595185996
-76.20838950126148,0.009584935056137915,1.0,0.00018804704595185996
-76.14468721990661,0.009584935056137915,1.0,0.00018804704595185996
-76.08098493855175,0.009585097375105843,1.0,0.00020514223194748358
-76.01728265719689,0.009585259699571542,1.0,0.00022223741794310723
-75.95358037584201,0.009585259699571542,1.0,0.00022223741794310723
-75.88987809448714,0.009585259699571542,1.0,0.00022223741794310723
-75.82617581313227,0.009585259699571542,1.0,0.00022223741794310723
-75.7624735317774,0.009585422029535294,1.0,0.00023933260393873084
-75.69877125042254,0.009585422029535294,1.0,0.00023933260393873084
-75.63506896906767,0.009585422029535294,1.0,0.00023933260393873084
-75.5713666877128,0.009585422029535294,1.0,0.00023933260393873084
-75.50766440635793,0.009585422029535294,1.0,0.00023933260393873084
-75.44396212500305,0.009585422029535294,1.0,0.00023933260393873084
-75.38025984364819,0.009585422029535294,1.0,0.00023933260393873084
-75.31655756229333,0.009585422029535294,1.0,0.00023933260393873084
-75.25285528093846,0.009585422029535294,1.0,0.00023933260393873084
-75.18915299958358,0.009585422029535294,1.0,0.00023933260393873084
-75.12545071822872,0.009585422029535294,1.0,0.00023933260393873084
-75.06174843687384,0.009585584364997375,1.0,0.00025642778993435446
-74.99804615551898,0.009585746705958067,1.0,0.0002735229759299781
-74.93434387416411,0.009585746705958067,1.0,0.0002735229759299781
-74.87064159280925,0.009585746705958067,1.0,0.0002735229759299781
-74.80693931145437,0.009585746705958067,1.0,0.0002735229759299781
-74.74323703009951,0.009585746705958067,1.0,0.0002735229759299781
-74.67953474874464,0.009585746705958067,1.0,0.0002735229759299781
-74.61583246738977,0.009585746705958067,1.0,0.0002735229759299781
-74.5521301860349,0.009585746705958067,1.0,0.0002735229759299781
-74.48842790468004,0.009585746705958067,1.0,0.0002735229759299781
-74.42472562332516,0.009585746705958067,1.0,0.0002735229759299781
-74.3610233419703,0.009585746705958067,1.0,0.0002735229759299781
-74.29732106061543,0.009585746705958067,1.0,0.0002735229759299781
-74.23361877926055,0.009585746705958067,1.0,0.0002735229759299781
-74.16991649790569,0.009585746705958067,1.0,0.0002735229759299781
-74.10621421655082,0.009585746705958067,1.0,0.0002735229759299781
-74.04251193519595,0.009585746705958067,1.0,0.0002735229759299781
-73.97880965384108,0.009585746705958067,1.0,0.0002735229759299781
-73.91510737248622,0.009585746705958067,1.0,0.0002735229759299781
-73.85140509113134,0.009585746705958067,1.0,0.0002735229759299781
-73.78770280977648,0.009585746705958067,1.0,0.0002735229759299781
-73.72400052842161,0.009585746705958067,1.0,0.0002735229759299781
-73.66029824706673,0.009585909052417647,1.0,0.00029061816192560175
-73.59659596571187,0.009585909052417647,1.0,0.00029061816192560175
-73.532893684357,0.009586071404376397,1.0,0.0003077133479212254
-73.46919140300213,0.009586233761834595,1.0,0.000324808533916849
-73.40548912164726,0.00958639612479252,1.0,0.00034190371991247264
-73.3417868402924,0.00958639612479252,1.0,0.00034190371991247264
-73.27808455893752,0.00958639612479252,1.0,0.00034190371991247264
-73.21438227758266,0.00958639612479252,1.0,0.00034190371991247264
-73.1506799962278,0.009586558493250453,1.0,0.0003589989059080963
-73.08697771487292,0.009586720867208673,1.0,0.0003760940919037199
-73.02327543351805,0.009586720867208673,1.0,0.0003760940919037199
-72.95957315216319,0.009586720867208673,1.0,0.0003760940919037199
-72.89587087080832,0.009586720867208673,1.0,0.0003760940919037199
-72.83216858945345,0.009586720867208673,1.0,0.0003760940919037199
-72.76846630809858,0.009586883246667456,1.0,0.00039318927789934357
-72.7047640267437,0.009586883246667456,1.0,0.00039318927789934357
-72.64106174538884,0.009586883246667456,1.0,0.00039318927789934357
-72.57735946403398,0.009586883246667456,1.0,0.00039318927789934357
-72.51365718267911,0.009586883246667456,1.0,0.00039318927789934357
-72.44995490132423,0.009586883246667456,1.0,0.00039318927789934357
-72.38625261996937,0.009586883246667456,1.0,0.00039318927789934357
-72.32255033861449,0.009586883246667456,1.0,0.00039318927789934357
-72.25884805725963,0.009586883246667456,1.0,0.00039318927789934357
-72.19514577590476,0.009587045631627088,1.0,0.00041028446389496716
-72.1314434945499,0.009587045631627088,1.0,0.00041028446389496716
-72.06774121319502,0.009587045631627088,1.0,0.00041028446389496716
-72.00403893184016,0.009587045631627088,1.0,0.00041028446389496716
-71.94033665048528,0.009587208022087844,1.0,0.0004273796498905908
-71.87663436913041,0.009587370418050004,1.0,0.00044447483588621445
-71.81293208777555,0.009587695226479656,1.0,0.0004786652078774617
-71.74922980642069,0.009588020056918282,1.0,0.0005128555798687089
-71.68552752506581,0.00958818248039166,1.0,0.0005299507658643326
-71.62182524371094,0.00958818248039166,1.0,0.0005299507658643326
-71.55812296235607,0.00958818248039166,1.0,0.0005299507658643326
-71.4944206810012,0.009588344909368118,1.0,0.0005470459518599562
-71.43071839964634,0.009588344909368118,1.0,0.0005470459518599562
-71.36701611829147,0.009588344909368118,1.0,0.0005470459518599562
-71.3033138369366,0.009588344909368118,1.0,0.0005470459518599562
-71.23961155558173,0.00958850734384794,1.0,0.0005641411378555799
-71.17590927422685,0.00958850734384794,1.0,0.0005641411378555799
-71.11220699287199,0.00958850734384794,1.0,0.0005641411378555799
-71.04850471151713,0.009588669783831402,1.0,0.0005812363238512035
-70.98480243016226,0.009588832229318786,1.0,0.0005983315098468271
-70.92110014880738,0.009588832229318786,1.0,0.0005983315098468271
-70.85739786745252,0.009588832229318786,1.0,0.0005983315098468271
-70.79369558609764,0.009588832229318786,1.0,0.0005983315098468271
-70.72999330474278,0.009588832229318786,1.0,0.0005983315098468271
-70.66629102338791,0.009588832229318786,1.0,0.0005983315098468271
-70.60258874203305,0.009588832229318786,1.0,0.0005983315098468271
-70.53888646067817,0.009588832229318786,1.0,0.0005983315098468271
-70.4751841793233,0.009588994680310372,1.0,0.0006154266958424508
-70.41148189796843,0.009589157136806439,1.0,0.0006325218818380744
-70.34777961661356,0.009589157136806439,1.0,0.0006325218818380744
-70.2840773352587,0.009589157136806439,1.0,0.0006325218818380744
-70.22037505390384,0.009589482066313132,1.0,0.0006667122538293217
-70.15667277254896,0.009589482066313132,1.0,0.0006667122538293217
-70.0929704911941,0.009589482066313132,1.0,0.0006667122538293217
-70.02926820983922,0.009589482066313132,1.0,0.0006667122538293217
-69.96556592848435,0.00958964453932432,1.0,0.0006838074398249453
-69.90186364712949,0.00958964453932432,1.0,0.0006838074398249453
-69.83816136577462,0.00958964453932432,1.0,0.0006838074398249453
-69.77445908441975,0.00958964453932432,1.0,0.0006838074398249453
-69.71075680306488,0.00958964453932432,1.0,0.0006838074398249453
-69.64705452171002,0.00958964453932432,1.0,0.0006838074398249453
-69.58335224035514,0.00958964453932432,1.0,0.0006838074398249453
-69.51964995900028,0.00958964453932432,1.0,0.0006838074398249453
-69.45594767764541,0.00958964453932432,1.0,0.0006838074398249453
-69.39224539629053,0.00958964453932432,1.0,0.0006838074398249453
-69.32854311493567,0.00958964453932432,1.0,0.0006838074398249453
-69.2648408335808,0.009589807017841108,1.0,0.000700902625820569
-69.20113855222593,0.009589807017841108,1.0,0.000700902625820569
-69.13743627087106,0.009590131991392602,1.0,0.0007350929978118162
-69.0737339895162,0.009590131991392602,1.0,0.0007350929978118162
-69.01003170816134,0.009590131991392602,1.0,0.0007350929978118162
-68.94632942680646,0.009590131991392602,1.0,0.0007350929978118162
-68.8826271454516,0.009590131991392602,1.0,0.0007350929978118162
-68.81892486409672,0.009590131991392602,1.0,0.0007350929978118162
-68.75522258274185,0.00959029448642787,1.0,0.0007521881838074399
-68.69152030138699,0.00959029448642787,1.0,0.0007521881838074399
-68.62781802003212,0.00959029448642787,1.0,0.0007521881838074399
-68.56411573867724,0.009590456986969855,1.0,0.0007692833698030634
-68.50041345732238,0.009590456986969855,1.0,0.0007692833698030634
-68.4367111759675,0.009590456986969855,1.0,0.0007692833698030634
-68.37300889461264,0.009590456986969855,1.0,0.0007692833698030634
-68.30930661325777,0.009590456986969855,1.0,0.0007692833698030634
-68.24560433190291,0.009590456986969855,1.0,0.0007692833698030634
-68.18190205054803,0.009590456986969855,1.0,0.0007692833698030634
-68.11819976919317,0.009590456986969855,1.0,0.0007692833698030634
-68.05449748783829,0.009590456986969855,1.0,0.0007692833698030634
-67.99079520648343,0.009590456986969855,1.0,0.0007692833698030634
-67.92709292512856,0.009590619493018843,1.0,0.0007863785557986871
-67.8633906437737,0.009590782004575108,1.0,0.0008034737417943107
-67.79968836241882,0.009590782004575108,1.0,0.0008034737417943107
-67.73598608106396,0.009590944521638934,1.0,0.0008205689277899343
-67.67228379970908,0.009590944521638934,1.0,0.0008205689277899343
-67.60858151835421,0.009590944521638934,1.0,0.0008205689277899343
-67.54487923699935,0.009590944521638934,1.0,0.0008205689277899343
-67.48117695564449,0.009590944521638934,1.0,0.0008205689277899343
-67.41747467428961,0.009591107044210598,1.0,0.000837664113785558
-67.35377239293474,0.009591269572290381,1.0,0.0008547592997811816
-67.29007011157987,0.009591269572290381,1.0,0.0008547592997811816
-67.226367830225,0.009591269572290381,1.0,0.0008547592997811816
-67.16266554887014,0.009591432105878565,1.0,0.0008718544857768052
-67.09896326751527,0.009591432105878565,1.0,0.0008718544857768052
-67.0352609861604,0.009591432105878565,1.0,0.0008718544857768052
-66.97155870480553,0.009591594644975427,1.0,0.0008889496717724289
-66.90785642345065,0.009591919739696312,1.0,0.0009231400437636762
-66.84415414209579,0.009592082295320895,1.0,0.0009402352297592998
-66.78045186074092,0.009592082295320895,1.0,0.0009402352297592998
-66.71674957938606,0.009592082295320895,1.0,0.0009402352297592998
-66.65304729803118,0.009592082295320895,1.0,0.0009402352297592998
-66.58934501667632,0.009592082295320895,1.0,0.0009402352297592998
-66.52564273532144,0.009592082295320895,1.0,0.0009402352297592998
-66.46194045396658,0.009592082295320895,1.0,0.0009402352297592998
-66.39823817261171,0.009592082295320895,1.0,0.0009402352297592998
-66.33453589125685,0.009592082295320895,1.0,0.0009402352297592998
-66.27083360990197,0.009592244856455276,1.0,0.0009573304157549234
-66.2071313285471,0.009592244856455276,1.0,0.0009573304157549234
-66.14342904719223,0.009592244856455276,1.0,0.0009573304157549234
-66.07972676583736,0.00959256999525456,1.0,0.0009915207877461707
-66.0160244844825,0.00959256999525456,1.0,0.0009915207877461707
-65.95232220312764,0.00959256999525456,1.0,0.0009915207877461707
-65.88861992177276,0.00959256999525456,1.0,0.0009915207877461707
-65.8249176404179,0.00959256999525456,1.0,0.0009915207877461707
-65.76121535906303,0.00959256999525456,1.0,0.0009915207877461707
-65.69751307770815,0.00959256999525456,1.0,0.0009915207877461707
-65.63381079635329,0.00959256999525456,1.0,0.0009915207877461707
-65.57010851499842,0.009592732572920022,1.0,0.0010086159737417943
-65.50640623364355,0.009592732572920022,1.0,0.0010086159737417943
-65.44270395228868,0.009592732572920022,1.0,0.0010086159737417943
-65.37900167093382,0.009592895156096404,1.0,0.0010257111597374179
-65.31529938957894,0.009593057744783987,1.0,0.0010428063457330417
-65.25159710822408,0.009593057744783987,1.0,0.0010428063457330417
-65.18789482686921,0.009593057744783987,1.0,0.0010428063457330417
-65.12419254551433,0.009593220338983051,1.0,0.0010599015317286653
-65.06049026415947,0.009593382938693875,1.0,0.0010769967177242888
-64.9967879828046,0.009593545543916743,1.0,0.0010940919037199124
-64.93308570144973,0.009593545543916743,1.0,0.0010940919037199124
-64.86938342009486,0.009593545543916743,1.0,0.0010940919037199124
-64.80568113874,0.009593545543916743,1.0,0.0010940919037199124
-64.74197885738513,0.009593545543916743,1.0,0.0010940919037199124
-64.67827657603026,0.009593545543916743,1.0,0.0010940919037199124
-64.61457429467539,0.009593545543916743,1.0,0.0010940919037199124
-64.55087201332051,0.009593545543916743,1.0,0.0010940919037199124
-64.48716973196565,0.009593545543916743,1.0,0.0010940919037199124
-64.42346745061079,0.009593545543916743,1.0,0.0010940919037199124
-64.35976516925592,0.009593545543916743,1.0,0.0010940919037199124
-64.29606288790104,0.009593545543916743,1.0,0.0010940919037199124
-64.23236060654618,0.009593545543916743,1.0,0.0010940919037199124
-64.1686583251913,0.009593545543916743,1.0,0.0010940919037199124
-64.10495604383644,0.009593708154651931,1.0,0.001111187089715536
-64.04125376248157,0.009593708154651931,1.0,0.001111187089715536
-63.9775514811267,0.009593708154651931,1.0,0.001111187089715536
-63.91384919977183,0.009593708154651931,1.0,0.001111187089715536
-63.85014691841697,0.009593708154651931,1.0,0.001111187089715536
-63.7864446370621,0.009593708154651931,1.0,0.001111187089715536
-63.722742355707226,0.009593708154651931,1.0,0.001111187089715536
-63.65904007435236,0.009593708154651931,1.0,0.001111187089715536
-63.59533779299749,0.009593708154651931,1.0,0.001111187089715536
-63.53163551164262,0.009593708154651931,1.0,0.001111187089715536
-63.467933230287755,0.009593870770899722,1.0,0.0011282822757111598
-63.404230948932884,0.009593870770899722,1.0,0.0011282822757111598
-63.34052866757801,0.009593870770899722,1.0,0.0011282822757111598
-63.27682638622315,0.009593870770899722,1.0,0.0011282822757111598
-63.21312410486828,0.009593870770899722,1.0,0.0011282822757111598
-63.14942182351341,0.009593870770899722,1.0,0.0011282822757111598
-63.08571954215854,0.009593870770899722,1.0,0.0011282822757111598
-63.02201726080367,0.009594033392660396,1.0,0.0011453774617067834
-62.9583149794488,0.009594033392660396,1.0,0.0011453774617067834
-62.89461269809394,0.009594033392660396,1.0,0.0011453774617067834
-62.830910416739066,0.009594033392660396,1.0,0.0011453774617067834
-62.767208135384195,0.00959419601993423,1.0,0.001162472647702407
-62.70350585402933,0.00959435865272151,1.0,0.0011795678336980306
-62.63980357267446,0.00959435865272151,1.0,0.0011795678336980306
-62.57610129131959,0.00959435865272151,1.0,0.0011795678336980306
-62.512399009964724,0.00959435865272151,1.0,0.0011795678336980306
-62.44869672860985,0.00959435865272151,1.0,0.0011795678336980306
-62.38499444725498,0.00959435865272151,1.0,0.0011795678336980306
-62.32129216590012,0.00959435865272151,1.0,0.0011795678336980306
-62.25758988454525,0.00959435865272151,1.0,0.0011795678336980306
-62.193887603190376,0.00959435865272151,1.0,0.0011795678336980306
-62.13018532183551,0.00959435865272151,1.0,0.0011795678336980306
-62.06648304048064,0.00959435865272151,1.0,0.0011795678336980306
-62.00278075912577,0.00959435865272151,1.0,0.0011795678336980306
-61.939078477770906,0.009594521291022512,1.0,0.0011966630196936542
-61.875376196416035,0.009594683934837518,1.0,0.001213758205689278
-61.811673915061164,0.009594683934837518,1.0,0.001213758205689278
-61.7479716337063,0.009594683934837518,1.0,0.001213758205689278
-61.684269352351436,0.009594683934837518,1.0,0.001213758205689278
-61.62056707099656,0.009594683934837518,1.0,0.001213758205689278
-61.55686478964169,0.009594683934837518,1.0,0.001213758205689278
-61.49316250828683,0.009594683934837518,1.0,0.001213758205689278
-61.42946022693195,0.009594683934837518,1.0,0.001213758205689278
-61.36575794557709,0.009594683934837518,1.0,0.001213758205689278
-61.30205566422222,0.009594683934837518,1.0,0.001213758205689278
-61.238353382867345,0.009594846584166808,1.0,0.0012308533916849016
-61.17465110151248,0.009594846584166808,1.0,0.0012308533916849016
-61.11094882015762,0.009594846584166808,1.0,0.0012308533916849016
-61.04724653880274,0.009595009239010664,1.0,0.0012479485776805252
-60.983544257447875,0.009595009239010664,1.0,0.0012479485776805252
-60.91984197609301,0.009595497236632422,1.0,0.001299234135667396
-60.85613969473814,0.009595497236632422,1.0,0.001299234135667396
-60.79243741338327,0.009595497236632422,1.0,0.001299234135667396
-60.728735132028405,0.009595497236632422,1.0,0.001299234135667396
-60.66503285067353,0.00959565991353734,1.0,0.0013163293216630198
-60.60133056931866,0.00959565991353734,1.0,0.0013163293216630198
-60.5376282879638,0.00959565991353734,1.0,0.0013163293216630198
-60.47392600660893,0.009595822595958226,1.0,0.0013334245076586434
-60.410223725254056,0.009595822595958226,1.0,0.0013334245076586434
-60.34652144389919,0.009595822595958226,1.0,0.0013334245076586434
-60.28281916254432,0.009595822595958226,1.0,0.0013334245076586434
-60.21911688118945,0.009595822595958226,1.0,0.0013334245076586434
-60.155414599834586,0.009595822595958226,1.0,0.0013334245076586434
-60.091712318479715,0.009595822595958226,1.0,0.0013334245076586434
-60.028010037124844,0.009595822595958226,1.0,0.0013334245076586434
-59.96430775576998,0.009595822595958226,1.0,0.0013334245076586434
-59.90060547441511,0.009595822595958226,1.0,0.0013334245076586434
-59.83690319306024,0.009595822595958226,1.0,0.0013334245076586434
-59.77320091170537,0.00959598528389536,1.0,0.001350519693654267
-59.7094986303505,0.00959598528389536,1.0,0.001350519693654267
-59.64579634899563,0.00959598528389536,1.0,0.001350519693654267
-59.58209406764077,0.00959598528389536,1.0,0.001350519693654267
-59.518391786285896,0.00959598528389536,1.0,0.001350519693654267
-59.454689504931025,0.00959598528389536,1.0,0.001350519693654267
-59.39098722357616,0.009596147977349022,1.0,0.0013676148796498905
-59.32728494222129,0.009596147977349022,1.0,0.0013676148796498905
-59.26358266086642,0.009596147977349022,1.0,0.0013676148796498905
-59.199880379511555,0.009596147977349022,1.0,0.0013676148796498905
-59.136178098156684,0.009596310676319492,1.0,0.0013847100656455141
-59.07247581680181,0.009596310676319492,1.0,0.0013847100656455141
-59.00877353544695,0.009596310676319492,1.0,0.0013847100656455141
-58.94507125409208,0.009596310676319492,1.0,0.0013847100656455141
-58.88136897273721,0.009596310676319492,1.0,0.0013847100656455141
-58.81766669138234,0.009596473380807054,1.0,0.001401805251641138
-58.75396441002747,0.009596636090811983,1.0,0.0014189004376367615
-58.6902621286726,0.009596798806334565,1.0,0.0014359956236323851
-58.626559847317736,0.009596798806334565,1.0,0.0014359956236323851
-58.562857565962865,0.009596798806334565,1.0,0.0014359956236323851
-58.499155284607994,0.009596798806334565,1.0,0.0014359956236323851
-58.43545300325313,0.009596961527375079,1.0,0.0014530908096280087
-58.37175072189826,0.009596961527375079,1.0,0.0014530908096280087
-58.30804844054339,0.009597124253933803,1.0,0.0014701859956236323
-58.244346159188524,0.009597124253933803,1.0,0.0014701859956236323
-58.18064387783365,0.009597124253933803,1.0,0.0014701859956236323
-58.11694159647878,0.009597286986011021,1.0,0.0014872811816192561
-58.05323931512392,0.009597286986011021,1.0,0.0014872811816192561
-57.98953703376905,0.009597449723607014,1.0,0.0015043763676148797
-57.925834752414175,0.009597449723607014,1.0,0.0015043763676148797
-57.86213247105931,0.009597449723607014,1.0,0.0015043763676148797
-57.79843018970444,0.009597449723607014,1.0,0.0015043763676148797
-57.734727908349576,0.009597449723607014,1.0,0.0015043763676148797
-57.671025626994705,0.009597449723607014,1.0,0.0015043763676148797
-57.607323345639834,0.009597449723607014,1.0,0.0015043763676148797
-57.54362106428497,0.009597449723607014,1.0,0.0015043763676148797
-57.4799187829301,0.009597449723607014,1.0,0.0015043763676148797
-57.41621650157523,0.009597449723607014,1.0,0.0015043763676148797
-57.352514220220364,0.009597612466722059,1.0,0.0015214715536105033
-57.28881193886549,0.00959777521535644,1.0,0.0015385667396061269
-57.22510965751062,0.00959777521535644,1.0,0.0015385667396061269
-57.16140737615576,0.00959777521535644,1.0,0.0015385667396061269
-57.09770509480089,0.00959777521535644,1.0,0.0015385667396061269
-57.034002813446016,0.00959777521535644,1.0,0.0015385667396061269
-56.97030053209115,0.00959777521535644,1.0,0.0015385667396061269
-56.90659825073628,0.009597937969510438,1.0,0.0015556619256017505
-56.84289596938141,0.009598100729184331,1.0,0.0015727571115973743
-56.779193688026545,0.009598100729184331,1.0,0.0015727571115973743
-56.715491406671674,0.009598263494378402,1.0,0.0015898522975929979
-56.6517891253168,0.009598263494378402,1.0,0.0015898522975929979
-56.58808684396194,0.009598263494378402,1.0,0.0015898522975929979
-56.52438456260707,0.0095985890413282,1.0,0.001624042669584245
-56.4606822812522,0.009598751823084489,1.0,0.0016411378555798686
-56.39697999989733,0.009598751823084489,1.0,0.0016411378555798686
-56.33327771854246,0.009598914610362079,1.0,0.0016582330415754922
-56.2695754371876,0.00959907740316125,1.0,0.001675328227571116
-56.20587315583273,0.00959907740316125,1.0,0.001675328227571116
-56.142170874477856,0.009599240201482286,1.0,0.0016924234135667396
-56.07846859312299,0.009599240201482286,1.0,0.0016924234135667396
-56.01476631176812,0.009599240201482286,1.0,0.0016924234135667396
-55.95106403041325,0.009599240201482286,1.0,0.0016924234135667396
-55.887361749058385,0.009599403005325463,1.0,0.0017095185995623632
-55.823659467703514,0.009599403005325463,1.0,0.0017095185995623632
-55.75995718634864,0.009599403005325463,1.0,0.0017095185995623632
-55.69625490499378,0.009599403005325463,1.0,0.0017095185995623632
-55.63255262363891,0.009599403005325463,1.0,0.0017095185995623632
-55.56885034228404,0.009599728629579377,1.0,0.0017437089715536104
-55.50514806092917,0.009599728629579377,1.0,0.0017437089715536104
-55.4414457795743,0.009599728629579377,1.0,0.0017437089715536104
-55.37774349821943,0.009599728629579377,1.0,0.0017437089715536104
-55.31404121686457,0.009599728629579377,1.0,0.0017437089715536104
-55.250338935509696,0.009599728629579377,1.0,0.0017437089715536104
-55.186636654154825,0.009599728629579377,1.0,0.0017437089715536104
-55.12293437279996,0.009599728629579377,1.0,0.0017437089715536104
-55.05923209144509,0.009599728629579377,1.0,0.0017437089715536104
-54.99552981009022,0.009599728629579377,1.0,0.0017437089715536104
-54.931827528735354,0.009599728629579377,1.0,0.0017437089715536104
-54.86812524738048,0.009599728629579377,1.0,0.0017437089715536104
-54.80442296602561,0.009599728629579377,1.0,0.0017437089715536104
-54.74072068467075,0.00959989144999067,1.0,0.0017608041575492342
-54.67701840331588,0.00959989144999067,1.0,0.0017608041575492342
-54.613316121961006,0.00959989144999067,1.0,0.0017608041575492342
-54.54961384060614,0.00959989144999067,1.0,0.0017608041575492342
-54.48591155925127,0.00959989144999067,1.0,0.0017608041575492342
-54.4222092778964,0.009600054275925234,1.0,0.0017778993435448578
-54.358506996541536,0.009600054275925234,1.0,0.0017778993435448578
-54.294804715186665,0.009600054275925234,1.0,0.0017778993435448578
-54.23110243383179,0.009600054275925234,1.0,0.0017778993435448578
-54.16740015247693,0.009600054275925234,1.0,0.0017778993435448578
-54.10369787112206,0.009600217107383346,1.0,0.0017949945295404814
-54.039995589767194,0.00960037994436529,1.0,0.001812089715536105
-53.97629330841232,0.009600542786871342,1.0,0.0018291849015317286
-53.91259102705745,0.009600705634901788,1.0,0.0018462800875273524
-53.84888874570259,0.009600705634901788,1.0,0.0018462800875273524
-53.78518646434772,0.009600705634901788,1.0,0.0018462800875273524
-53.721484182992846,0.009600705634901788,1.0,0.0018462800875273524
-53.65778190163798,0.009600705634901788,1.0,0.0018462800875273524
-53.59407962028311,0.009600705634901788,1.0,0.0018462800875273524
-53.53037733892824,0.009600705634901788,1.0,0.0018462800875273524
-53.466675057573376,0.009600705634901788,1.0,0.0018462800875273524
-53.402972776218505,0.009600705634901788,1.0,0.0018462800875273524
-53.339270494863634,0.009600705634901788,1.0,0.0018462800875273524
-53.27556821350877,0.009600705634901788,1.0,0.0018462800875273524
-53.2118659321539,0.009600705634901788,1.0,0.0018462800875273524
-53.14816365079903,0.009600705634901788,1.0,0.0018462800875273524
-53.08446136944416,0.009600705634901788,1.0,0.0018462800875273524
-53.02075908808929,0.009600868488456907,1.0,0.001863375273522976
-52.95705680673442,0.00960103134753698,1.0,0.0018804704595185996
-52.89335452537956,0.00960103134753698,1.0,0.0018804704595185996
-52.829652244024686,0.00960103134753698,1.0,0.0018804704595185996
-52.765949962669815,0.00960103134753698,1.0,0.0018804704595185996
-52.70224768131495,0.00960103134753698,1.0,0.0018804704595185996
-52.63854539996008,0.00960103134753698,1.0,0.0018804704595185996
-52.57484311860521,0.00960103134753698,1.0,0.0018804704595185996
-52.511140837250345,0.009601194212142289,1.0,0.0018975656455142232
-52.447438555895474,0.009601194212142289,1.0,0.0018975656455142232
-52.3837362745406,0.009601194212142289,1.0,0.0018975656455142232
-52.32003399318574,0.009601194212142289,1.0,0.0018975656455142232
-52.25633171183087,0.009601194212142289,1.0,0.0018975656455142232
-52.192629430476,0.009601194212142289,1.0,0.0018975656455142232
-52.12892714912113,0.009601194212142289,1.0,0.0018975656455142232
-52.06522486776626,0.009601194212142289,1.0,0.0018975656455142232
-52.0015225864114,0.009601194212142289,1.0,0.0018975656455142232
-51.937820305056526,0.009601357082273113,1.0,0.0019146608315098468
-51.874118023701655,0.009601357082273113,1.0,0.0019146608315098468
-51.81041574234679,0.009601357082273113,1.0,0.0019146608315098468
-51.74671346099192,0.009601519957929737,1.0,0.0019317560175054706
-51.68301117963705,0.009601519957929737,1.0,0.0019317560175054706
-51.619308898282185,0.009601519957929737,1.0,0.0019317560175054706
-51.555606616927314,0.009601519957929737,1.0,0.0019317560175054706
-51.49190433557244,0.009601682839112438,1.0,0.0019488512035010942
-51.42820205421758,0.009601682839112438,1.0,0.0019488512035010942
-51.36449977286271,0.009601682839112438,1.0,0.0019488512035010942
-51.300797491507836,0.009601682839112438,1.0,0.0019488512035010942
-51.23709521015297,0.009601682839112438,1.0,0.0019488512035010942
-51.1733929287981,0.009601682839112438,1.0,0.0019488512035010942
-51.10969064744323,0.009601682839112438,1.0,0.0019488512035010942
-51.045988366088366,0.009601845725821501,1.0,0.0019659463894967175
-50.982286084733495,0.009602008618057205,1.0,0.0019830415754923413
-50.918583803378624,0.009602008618057205,1.0,0.0019830415754923413
-50.85488152202376,0.009602008618057205,1.0,0.0019830415754923413
-50.79117924066889,0.009602008618057205,1.0,0.0019830415754923413
-50.72747695931402,0.009602008618057205,1.0,0.0019830415754923413
-50.663774677959154,0.009602008618057205,1.0,0.0019830415754923413
-50.60007239660428,0.009602008618057205,1.0,0.0019830415754923413
-50.53637011524941,0.009602171515819833,1.0,0.002000136761487965
-50.47266783389455,0.009602334419109664,1.0,0.0020172319474835885
-50.40896555253968,0.009602334419109664,1.0,0.0020172319474835885
-50.345263271184805,0.009602334419109664,1.0,0.0020172319474835885
-50.28156098982994,0.009602334419109664,1.0,0.0020172319474835885
-50.21785870847507,0.009602334419109664,1.0,0.0020172319474835885
-50.1541564271202,0.009602334419109664,1.0,0.0020172319474835885
-50.090454145765335,0.009602334419109664,1.0,0.0020172319474835885
-50.026751864410464,0.009602334419109664,1.0,0.0020172319474835885
-49.9630495830556,0.009602334419109664,1.0,0.0020172319474835885
-49.89934730170073,0.009602334419109664,1.0,0.0020172319474835885
-49.83564502034586,0.009602334419109664,1.0,0.0020172319474835885
-49.771942738990994,0.009602334419109664,1.0,0.0020172319474835885
-49.70824045763612,0.009602334419109664,1.0,0.0020172319474835885
-49.64453817628125,0.009602334419109664,1.0,0.0020172319474835885
-49.58083589492639,0.009602334419109664,1.0,0.0020172319474835885
-49.51713361357152,0.00960249732792698,1.0,0.0020343271334792123
-49.453431332216645,0.00960249732792698,1.0,0.0020343271334792123
-49.38972905086178,0.00960249732792698,1.0,0.0020343271334792123
-49.32602676950691,0.00960249732792698,1.0,0.0020343271334792123
-49.26232448815204,0.00960249732792698,1.0,0.0020343271334792123
-49.198622206797175,0.00960249732792698,1.0,0.0020343271334792123
-49.134919925442304,0.00960249732792698,1.0,0.0020343271334792123
-49.07121764408743,0.009602660242272064,1.0,0.0020514223194748357
-49.00751536273257,0.009602660242272064,1.0,0.0020514223194748357
-48.9438130813777,0.009602660242272064,1.0,0.0020514223194748357
-48.88011080002283,0.009602660242272064,1.0,0.0020514223194748357
-48.81640851866796,0.009602823162145196,1.0,0.0020685175054704595
-48.75270623731309,0.009602823162145196,1.0,0.0020685175054704595
-48.68900395595822,0.009602823162145196,1.0,0.0020685175054704595
-48.62530167460336,0.009602823162145196,1.0,0.0020685175054704595
-48.561599393248486,0.009602823162145196,1.0,0.0020685175054704595
-48.497897111893614,0.009602823162145196,1.0,0.0020685175054704595
-48.43419483053875,0.009602823162145196,1.0,0.0020685175054704595
-48.37049254918388,0.009602823162145196,1.0,0.0020685175054704595
-48.30679026782901,0.009602823162145196,1.0,0.0020685175054704595
-48.243087986474144,0.009602823162145196,1.0,0.0020685175054704595
-48.17938570511927,0.009602823162145196,1.0,0.0020685175054704595
-48.11568342376441,0.009602823162145196,1.0,0.0020685175054704595
-48.05198114240954,0.009602823162145196,1.0,0.0020685175054704595
-47.98827886105467,0.009602823162145196,1.0,0.0020685175054704595
-47.9245765796998,0.009602823162145196,1.0,0.0020685175054704595
-47.86087429834493,0.009602823162145196,1.0,0.0020685175054704595
-47.79717201699006,0.009602823162145196,1.0,0.0020685175054704595
-47.7334697356352,0.009602986087546658,1.0,0.0020856126914660833
-47.669767454280326,0.009602986087546658,1.0,0.0020856126914660833
-47.606065172925454,0.009602986087546658,1.0,0.0020856126914660833
-47.54236289157059,0.009602986087546658,1.0,0.0020856126914660833
-47.47866061021572,0.009602986087546658,1.0,0.0020856126914660833
-47.41495832886085,0.009602986087546658,1.0,0.0020856126914660833
-47.351256047505984,0.009602986087546658,1.0,0.0020856126914660833
-47.28755376615111,0.009602986087546658,1.0,0.0020856126914660833
-47.22385148479624,0.009602986087546658,1.0,0.0020856126914660833
-47.16014920344138,0.009602986087546658,1.0,0.0020856126914660833
-47.09644692208651,0.009602986087546658,1.0,0.0020856126914660833
-47.032744640731636,0.009602986087546658,1.0,0.0020856126914660833
-46.96904235937677,0.009602986087546658,1.0,0.0020856126914660833
-46.9053400780219,0.009602986087546658,1.0,0.0020856126914660833
-46.84163779666703,0.009602986087546658,1.0,0.0020856126914660833
-46.777935515312166,0.009602986087546658,1.0,0.0020856126914660833
-46.714233233957295,0.009602986087546658,1.0,0.0020856126914660833
-46.65053095260242,0.009602986087546658,1.0,0.0020856126914660833
-46.58682867124756,0.009602986087546658,1.0,0.0020856126914660833
-46.52312638989269,0.009602986087546658,1.0,0.0020856126914660833
-46.45942410853782,0.009602986087546658,1.0,0.0020856126914660833
-46.39572182718295,0.009602986087546658,1.0,0.0020856126914660833
-46.33201954582808,0.009602986087546658,1.0,0.0020856126914660833
-46.26831726447321,0.009602986087546658,1.0,0.0020856126914660833
-46.20461498311835,0.009602986087546658,1.0,0.0020856126914660833
-46.140912701763476,0.009602986087546658,1.0,0.0020856126914660833
-46.077210420408605,0.009602986087546658,1.0,0.0020856126914660833
-46.01350813905374,0.009602986087546658,1.0,0.0020856126914660833
-45.94980585769887,0.009602986087546658,1.0,0.0020856126914660833
-45.886103576344006,0.009602986087546658,1.0,0.0020856126914660833
-45.822401294989135,0.009602986087546658,1.0,0.0020856126914660833
-45.75869901363426,0.009602986087546658,1.0,0.0020856126914660833
-45.6949967322794,0.00960314901847673,1.0,0.0021027078774617067
-45.63129445092453,0.00960314901847673,1.0,0.0021027078774617067
-45.56759216956966,0.00960314901847673,1.0,0.0021027078774617067
-45.50388988821479,0.009603311954935695,1.0,0.0021198030634573305
-45.44018760685992,0.009603474896923835,1.0,0.002136898249452954
-45.37648532550505,0.009603637844441428,1.0,0.0021539934354485777
-45.31278304415019,0.009603637844441428,1.0,0.0021539934354485777
-45.249080762795316,0.009603637844441428,1.0,0.0021539934354485777
-45.185378481440445,0.009603800797488758,1.0,0.0021710886214442015
-45.12167620008558,0.009603800797488758,1.0,0.0021710886214442015
-45.05797391873071,0.009603800797488758,1.0,0.0021710886214442015
-44.99427163737584,0.009603800797488758,1.0,0.0021710886214442015
-44.930569356020975,0.009603800797488758,1.0,0.0021710886214442015
-44.866867074666104,0.009603963756066107,1.0,0.002188183807439825
-44.80316479331123,0.009604126720173757,1.0,0.0022052789934354487
-44.73946251195637,0.009604289689811987,1.0,0.002222374179431072
-44.6757602306015,0.00960445266498108,1.0,0.002239469365426696
-44.612057949246626,0.009604615645681316,1.0,0.0022565645514223197
-44.54835566789176,0.009604615645681316,1.0,0.0022565645514223197
-44.48465338653689,0.009604615645681316,1.0,0.0022565645514223197
-44.42095110518202,0.009604615645681316,1.0,0.0022565645514223197
-44.357248823827156,0.00960477863191298,1.0,0.002273659737417943
-44.293546542472285,0.00960477863191298,1.0,0.002273659737417943
-44.229844261117414,0.00960494162367635,1.0,0.002290754923413567
-44.16614197976255,0.00960494162367635,1.0,0.002290754923413567
-44.10243969840768,0.009605104620971711,1.0,0.0023078501094091902
-44.038737417052815,0.009605104620971711,1.0,0.0023078501094091902
-43.975035135697944,0.009605267623799341,1.0,0.002324945295404814
-43.91133285434307,0.009605267623799341,1.0,0.002324945295404814
-43.84763057298821,0.009605267623799341,1.0,0.002324945295404814
-43.78392829163334,0.009605593646052542,1.0,0.002359135667396061
-43.720226010278466,0.009605756665478676,1.0,0.002376230853391685
-43.6565237289236,0.009606082720931417,1.0,0.002410421225382932
-43.59282144756873,0.009606082720931417,1.0,0.002410421225382932
-43.52911916621386,0.009606245756958587,1.0,0.002427516411378556
-43.465416884858996,0.009606245756958587,1.0,0.002427516411378556
-43.401714603504125,0.009606408798520002,1.0,0.0024446115973741794
-43.338012322149254,0.009589599103839235,0.9982332155477032,0.0024446115973741794
-43.27431004079439,0.009589599103839235,0.9982332155477032,0.0024446115973741794
-43.21060775943952,0.009589599103839235,0.9982332155477032,0.0024446115973741794
-43.14690547808465,0.009589761868391127,0.9982332155477032,0.002461706783369803
-43.083203196729784,0.009589924638468328,0.9982332155477032,0.0024788019693654266
-43.01950091537491,0.009589924638468328,0.9982332155477032,0.0024788019693654266
-42.95579863402004,0.00959008741407112,0.9982332155477032,0.0024958971553610504
-42.89209635266518,0.00959008741407112,0.9982332155477032,0.0024958971553610504
-42.828394071310306,0.009590250195199783,0.9982332155477032,0.0025129923413566737
-42.764691789955435,0.00959057577403585,0.9982332155477032,0.0025471827133479214
-42.70098950860057,0.009590901374978781,0.9982332155477032,0.0025813730853391685
-42.6372872272457,0.009591064183741024,0.9982332155477032,0.002598468271334792
-42.57358494589083,0.009591389817848473,0.9982332155477032,0.0026326586433260395
-42.509882664535965,0.009591715474068415,0.9982332155477032,0.0026668490153172867
-42.446180383181094,0.009591878310471275,0.9982332155477032,0.00268394420131291
-42.38247810182622,0.009591878310471275,0.9982332155477032,0.00268394420131291
-42.31877582047136,0.009592041152403103,0.9982332155477032,0.002701039387308534
-42.25507353911649,0.009592203999864182,0.9982332155477032,0.0027181345733041577
-42.19137125776162,0.009592529711375213,0.9982332155477032,0.002752324945295405
-42.12766897640675,0.009593018320118172,0.9982332155477032,0.002803610503282276
-42.06396669505188,0.009593181200760663,0.9982332155477032,0.0028207056892778993
-42.00026441369701,0.009593669875876589,0.9982332155477032,0.0028719912472647702
-41.93656213234215,0.009593669875876589,0.9982332155477032,0.0028719912472647702
-41.872859850987275,0.009593832778645657,0.9982332155477032,0.002889086433260394
-41.80915756963241,0.009594158600781118,0.9982332155477032,0.0029232768052516412
-41.74545528827754,0.009594484445048228,0.9982332155477032,0.0029574671772428884
-41.68175300692267,0.009594647375481855,0.9982332155477032,0.0029745623632385122
-41.618050725567805,0.009595136199986413,0.9982332155477032,0.0030258479212253828
-41.554348444212934,0.009595299152556766,0.9982332155477032,0.0030429431072210066
-41.49064616285806,0.00959578804347826,0.9982332155477032,0.0030942286652078776
-41.4269438815032,0.009596276984221342,0.9982332155477032,0.0031455142231947486
-41.36324160014833,0.009596765974793628,0.9982332155477032,0.003196799781181619
-41.29953931879346,0.009596928982725527,0.9982332155477032,0.003213894967177243
-41.23583703743859,0.009597091996195135,0.9982332155477032,0.0032309901531728663
-41.17213475608372,0.009597581069833019,0.9982332155477032,0.0032822757111597373
-41.10843247472885,0.009597907146618649,0.9982332155477032,0.0033164660831509845
-41.04473019337399,0.009598559366664967,0.9982332155477032,0.0033848468271334793
-40.981027912019115,0.009598885509930174,0.9982332155477032,0.0034190371991247265
-40.917325630664244,0.009598885509930174,0.9982332155477032,0.0034190371991247265
-40.85362334930938,0.009599211675359758,0.9982332155477032,0.0034532275711159736
-40.78992106795451,0.009599374766386897,0.9982332155477032,0.0034703227571115975
-40.72621878659964,0.009599700965067282,0.9982332155477032,0.0035045131291028446
-40.662516505244774,0.009600353428940393,0.9982332155477032,0.003572893873085339
-40.5988142238899,0.009600679694137639,0.9982332155477032,0.0036070842450765866
-40.53511194253503,0.009601169133515728,0.9982332155477032,0.003658369803063457
-40.47140966118017,0.009601658622799266,0.9982332155477032,0.003709655361050328
-40.4077073798253,0.00960231135282121,0.9982332155477032,0.003778036105032823
-40.344005098470426,0.009602637751113226,0.9982332155477032,0.00381222647702407
-40.28030281711556,0.009603127390158919,0.9982332155477032,0.003863512035010941
-40.21660053576069,0.009603617079140604,0.9982332155477032,0.003914797592997812
-40.15289825440582,0.009604759881002975,0.9982332155477032,0.004034463894967177
-40.089195973050956,0.00960524973649315,0.9982332155477032,0.004085749452954048
-40.025493691696084,0.009605576334580075,0.9982332155477032,0.004119939824945296
-39.96179141034122,0.009606229597388466,0.9982332155477032,0.00418832056892779
-39.89808912898635,0.009606719602808903,0.9982332155477032,0.004239606126914661
-39.83438684763148,0.00960720965822139,0.9982332155477032,0.004290891684901532
-39.770684566276614,0.009608189919053125,0.9982332155477032,0.004393462800875273
-39.70698228492174,0.009608680124487678,0.9982332155477032,0.004444748358862144
-39.64328000356687,0.00960900695590061,0.9982332155477032,0.004478938730853392
-39.57957772221201,0.009609333809548107,0.9982332155477032,0.004513129102844639
-39.51587544085714,0.009609987583555865,0.9982332155477032,0.004581509846827134
-39.452173159502266,0.009610641446529112,0.9982332155477032,0.004649890590809628
-39.3884708781474,0.009611785920860127,0.9982332155477032,0.004769556892778993
-39.32476859679253,0.009613094225337734,0.9982332155477032,0.004906318380743982
-39.26106631543766,0.009613912096513468,0.9982332155477032,0.004991794310722101
-39.197364034082796,0.009614893725643687,0.9982332155477032,0.005094365426695843
-39.133661752727924,0.00961587555525299,0.9982332155477032,0.005196936542669584
-39.06995947137305,0.00961653021973346,0.9982332155477032,0.005265317286652079
-39.00625719001819,0.009617676097095972,0.9982332155477032,0.005384983588621444
-38.94255490866332,0.009618494748131628,0.9982332155477032,0.005470459518599562
-38.87885262730845,0.009619149769310656,0.9982332155477032,0.0055388402625820565
-38.81515034595358,0.009619968671252468,0.9982332155477032,0.005624316192560175
-38.75144806459871,0.00962062389320256,0.9982332155477032,0.0056926969365426695
-38.68774578324384,0.009621606893498178,0.9982332155477032,0.0057952680525164115
-38.62404350188898,0.009622753981095121,0.9982332155477032,0.005914934354485777
-38.560341220534106,0.009623901342236152,0.9982332155477032,0.006034600656455142
-38.496638939179235,0.009625048977019131,0.9982332155477032,0.0061542669584245075
-38.43293665782437,0.009626360894825619,0.9982332155477032,0.006291028446389497
-38.3692343764695,0.00962668893015965,0.9982332155477032,0.006325218818380744
-38.30553209511463,0.009628165365870285,0.9982332155477032,0.006479075492341357
-38.241829813759765,0.009629149907969186,0.9982332155477032,0.006581646608315099
-38.17812753240489,0.009630298794934293,0.9982332155477032,0.006701312910284464
-38.11442525105002,0.009631940537683901,0.9982332155477032,0.0068722647702407005
-38.05072296969516,0.009633254334964451,0.9982332155477032,0.007009026258205689
-37.98702068834029,0.00963374710135043,0.9982332155477032,0.00706031181619256
-37.923318406985416,0.00963506139154161,0.9982332155477032,0.007197073304157549
-37.85961612563055,0.009635718671123542,0.9982332155477032,0.007265454048140043
-37.79591384427568,0.009636869126200345,0.9982332155477032,0.00738512035010941
-37.73221156292082,0.009639335312382707,0.9982332155477032,0.007641548140043764
-37.668509281565946,0.009639828701097064,0.9982332155477032,0.007692833698030635
-37.604807000211075,0.009641967302638315,0.9982332155477032,0.007915071115973742
-37.54110471885621,0.009644106853290091,0.9982332155477032,0.00813730853391685
-37.47740243750134,0.009645259312369831,0.9982332155477032,0.008256974835886215
-37.41370015614647,0.009646576745774287,0.9982332155477032,0.008393736323851203
-37.349997874791605,0.009648553570818676,0.9982332155477032,0.008598878555798687
-37.28629559343673,0.009649871904355251,0.9982332155477032,0.008735640043763676
-37.22259331208186,0.009651025741762465,0.9982332155477032,0.008855306345733041
-37.158891030727,0.009653499179879716,0.9982332155477032,0.009111734135667396
-37.09518874937213,0.009654818865345182,0.9982332155477032,0.009248495623632384
-37.031486468017256,0.00965580886625423,0.9982332155477032,0.009351066739606126
-36.96778418666239,0.009657954564879234,0.9982332155477032,0.009573304157549234
-36.90408190530752,0.009660266383982765,0.9982332155477032,0.009812636761487964
-36.84037962395265,0.009662083589848826,0.9982332155477032,0.010000683807439825
-36.776677342597786,0.0096647280191584,0.9982332155477032,0.010274206783369802
-36.712975061242915,0.009667043082503508,0.9982332155477032,0.010513539387308535
-36.649272779888044,0.009670021222701445,0.9982332155477032,0.010821252735229759
-36.58557049853318,0.009672669999315209,0.9982332155477032,0.011094775711159738
-36.52186821717831,0.009675651608041923,0.9982332155477032,0.011402489059080962
-36.45816593582344,0.009678303470485457,0.9982332155477032,0.011676012035010942
-36.394463654468574,0.009681786246722758,0.9982332155477032,0.012035010940919038
-36.3307613731137,0.00968327963254953,0.9982332155477032,0.01218886761487965
-36.26705909175883,0.009685437558926887,0.9982332155477032,0.012411105032822757
-36.20335681040397,0.00968792866941015,0.9982332155477032,0.012667532822757111
-36.139654529049096,0.009689756298341594,0.9982332155477032,0.012855579868708972
-36.075952247694225,0.009692083369071104,0.9982332155477032,0.013094912472647702
-36.01224996633936,0.009695076960035692,0.9982332155477032,0.013402625820568928
-35.94854768498449,0.009698405341847332,0.9982332155477032,0.013744529540481401
-35.884845403629626,0.00970173600975325,0.9982332155477032,0.014086433260393874
-35.821143122274755,0.009705402387700764,0.9982332155477032,0.014462527352297593
-35.757440840919884,0.009707736980464253,0.9982332155477032,0.014701859956236324
-35.69373855956502,0.009709572091424644,0.9982332155477032,0.014889907002188184
-35.63003627821015,0.00971374537952377,0.9982332155477032,0.015317286652078774
-35.56633399685528,0.009716919478553986,0.9982332155477032,0.015642095185995623
-35.502631715500414,0.009720262877197811,0.9982332155477032,0.015983998905908098
-35.43892943414554,0.009722939253140595,0.9982332155477032,0.016257521881838075
-35.37522715279067,0.00972578451792815,0.9982332155477032,0.016548140043763676
-35.31152487143581,0.009727961432506886,0.9982332155477032,0.016770377461706783
-35.247822590080936,0.00971325238956342,0.9964664310954063,0.017009710065645514
-35.184120308726065,0.009716766590862104,0.9964664310954063,0.017368708971553612
-35.1204180273712,0.009719780787922655,0.9964664310954063,0.017676422319474836
-35.05671574601633,0.009723299715541764,0.9964664310954063,0.01803542122538293
-34.99301346466146,0.009726988945035615,0.9964664310954063,0.01841151531728665
-34.929311183306595,0.009731352554480046,0.9964664310954063,0.018855990153172866
-34.865608901951724,0.009735215935374736,0.9964664310954063,0.01924917943107221
-34.80190662059685,0.009741100882571374,0.9964664310954063,0.019847510940919036
-34.73820433924199,0.009744635267286361,0.9964664310954063,0.020206509846827134
-34.67450205788712,0.00974817221770918,0.9964664310954063,0.02056550875273523
-34.61079977653225,0.009735094757227832,0.9946996466431095,0.020975793216630196
-34.54709749517738,0.009739810393744377,0.9946996466431095,0.021454458424507657
-34.48339521382251,0.009742675688303597,0.9946996466431095,0.02174507658643326
-34.41969293246764,0.009746217498182322,0.9946996466431095,0.022104075492341356
-34.355990651112776,0.009751281695995566,0.9946996466431095,0.022616931072210064
-34.292288369757905,0.009756858395577352,0.9946996466431095,0.023181072210065646
-34.228586088403034,0.009761256653432044,0.9946996466431095,0.02362554704595186
-34.16488380704817,0.009765489488656074,0.9946996466431095,0.024052926695842452
-34.1011815256933,0.009771252039293276,0.9946996466431095,0.024634163019693654
-34.03747924433843,0.009776172532949,0.9946996466431095,0.02512992341356674
-33.973776962983564,0.009781607797487707,0.9946996466431095,0.025676969365426697
-33.91007468162869,0.009786708849757506,0.9946996466431095,0.026189824945295405
-33.84637240027382,0.00979351853462522,0.9946996466431095,0.02687363238512035
-33.78267011891896,0.009799996518651325,0.9946996466431095,0.02752324945295405
-33.71896783756409,0.009806141466218452,0.9946996466431095,0.028138676148796497
-33.65526555620922,0.009811952107914045,0.9946996466431095,0.028719912472647702
-33.59156327485435,0.009818283282759584,0.9946996466431095,0.029352434354485778
-33.52786099349948,0.009825136993473177,0.9946996466431095,0.030036241794310723
-33.46415871214462,0.00983234369542438,0.9946996466431095,0.030754239606126915
-33.400456430789745,0.009838357361293142,0.9946996466431095,0.03135257111597374
-33.336754149434874,0.009843173593020614,0.9946996466431095,0.0318312363238512
-33.27305186808001,0.009850234446077402,0.9946996466431095,0.032532138949671774
-33.20934958672514,0.009856442577030812,0.9946996466431095,0.03314756564551422
-33.14564730537027,0.009862831315803304,0.9946996466431095,0.0337800875273523
-33.081945024015404,0.009871131761199263,0.9946996466431095,0.03460065645514223
-33.01824274266053,0.009877366269583677,0.9946996466431095,0.035216083150984685
-32.95454046130566,0.009883435152025841,0.9946996466431095,0.03581441466083151
-32.8908381799508,0.00989038015599747,0.9946996466431095,0.03649822210065645
-32.82713589859593,0.00987975529147036,0.9929328621908127,0.03716493435448578
-32.763433617241056,0.009889491095938622,0.9929328621908127,0.0381222647702407
-32.69973133588619,0.009896979836224356,0.9929328621908127,0.03885735776805252
-32.63602905453132,0.009907273560624758,0.9929328621908127,0.03986597374179431
-32.57232677317645,0.009913739878988869,0.9929328621908127,0.040498495623632384
-32.508624491821585,0.009921440550798835,0.9929328621908127,0.04125068380743983
-32.444922210466714,0.009929679493975052,0.9929328621908127,0.04205415754923414
-32.38121992911184,0.009939338202783723,0.9929328621908127,0.04299439277899344
-32.31751764775698,0.009947254770080356,0.9929328621908127,0.0437636761487965
-32.25381536640211,0.009955360306100757,0.9929328621908127,0.044550054704595186
-32.19011308504724,0.009965245762110789,0.9929328621908127,0.04550738512035011
-32.12641080369237,0.009975682056197525,0.9929328621908127,0.0465160010940919
-32.0627085223375,0.009985075687584393,0.9929328621908127,0.047422045951859955
-31.99900624098263,0.009994487026729029,0.9929328621908127,0.04832809080962801
-31.935303959627767,0.010002135687335375,0.9929328621908127,0.04906318380743983
-31.871601678272896,0.00999340898159859,0.991166077738516,0.04991794310722101
-31.80789939691803,0.0100028528635618,0.991166077738516,0.05082398796498906
-31.74419711556316,0.010010885276325416,0.991166077738516,0.05159327133479212
-31.68049483420829,0.010002679289095293,0.9893992932862191,0.05249931619256017
-31.616792552853425,0.010012157619967103,0.9893992932862191,0.053405361050328226
-31.553090271498554,0.010025421604783558,0.9893992932862191,0.05467040481400438
-31.489387990143683,0.010036561760699692,0.9893992932862191,0.05573030634573304
-31.42568570878882,0.010046825382586699,0.9893992932862191,0.056704731947483586
-31.361983427433948,0.010021371742605197,0.9858657243816255,0.05766206236323851
-31.298281146079077,0.010034166516813523,0.9858657243816255,0.05887582056892779
-31.234578864724213,0.010028446941053617,0.9840989399293286,0.060021198030634576
-31.170876583369342,0.010039292022637973,0.9840989399293286,0.06104690919037199
-31.10717430201447,0.01005052327679538,0.9840989399293286,0.062106810722100655
-31.043472020659607,0.010046256143394045,0.9823321554770318,0.06338894967177243
-30.979769739304736,0.010053158789281452,0.9823321554770318,0.06403856673960613
-30.916067457949865,0.01006808633927278,0.9823321554770318,0.06544037199124726
-30.852365176595,0.010081961267861029,0.9823321554770318,0.06673960612691467
-30.78866289524013,0.010078265448800595,0.980565371024735,0.0680730306345733
-30.72496061388526,0.010091826529684517,0.980565371024735,0.06933807439824945
-30.661258332530394,0.01010358449691431,0.980565371024735,0.07043216630196937
-30.597556051175523,0.01011610739478337,0.980565371024735,0.07159463894967177
-30.533853769820652,0.010110780574160932,0.9787985865724381,0.07277420678336981
-30.47015148846579,0.010125564308299672,0.9787985865724381,0.07414182166301969
-30.406449207110917,0.010101564644523744,0.9752650176678446,0.07527010393873085
-30.342746925756046,0.010114891979550327,0.9752650176678446,0.07650095733041576
-30.279044644401182,0.010129741434679684,0.9752650176678446,0.07786857221006564
-30.21534236304631,0.010142211443060302,0.9752650176678446,0.07901394967177243
-30.15164008169144,0.010156954385706662,0.9752650176678446,0.0803644693654267
-30.087937800336576,0.010172115136549588,0.9752650176678446,0.08174917943107221
-30.024235518981705,0.010185441461389427,0.9752650176678446,0.08296293763676149
-29.960533237626834,0.010200498937448028,0.9752650176678446,0.08433055251641138
-29.89683095627197,0.01019992595335061,0.9734982332155477,0.0859375
-29.8331286749171,0.0102184637068358,0.9734982332155477,0.08761282822757112
-29.769426393562227,0.010238020030100894,0.9734982332155477,0.08937363238512035
-29.705724112207363,0.010236176508905473,0.9717314487632509,0.0908609135667396
-29.642021830852492,0.010217970949637337,0.9681978798586572,0.09253624179431072
-29.57831954949763,0.01023419116273858,0.9681978798586572,0.09398933260393873
-29.514617268142757,0.010233097616642347,0.9664310954063604,0.09554499452954048
-29.450914986787886,0.01025054813260124,0.9664310954063604,0.09710065645514224
-29.387212705433022,0.010268251018377729,0.9664310954063604,0.0986734135667396
-29.32351042407815,0.010286208582496521,0.9664310954063604,0.10026326586433261
-29.25980814272328,0.010268681463616838,0.9628975265017667,0.10200697483588621
-29.196105861368416,0.010265119350882158,0.9611307420494699,0.10334039934354486
-29.132403580013545,0.01028666515392179,0.9611307420494699,0.10523796498905907
-29.068701298658674,0.01030244493684071,0.9611307420494699,0.1066226750547046
-29.00499901730381,0.010321209706490598,0.9611307420494699,0.10826381291028446
-28.94129673594894,0.010335720935534741,0.9611307420494699,0.10952885667396062
-28.877594454594067,0.010354607229190856,0.9611307420494699,0.11116999452954048
-28.813892173239203,0.010373958313468983,0.9611307420494699,0.1128453227571116
-28.750189891884332,0.010390801084921878,0.9611307420494699,0.1142984135667396
-28.68648761052946,0.010413874956927907,0.9611307420494699,0.11628145514223195
-28.622785329174597,0.010434449026565647,0.9611307420494699,0.11804225929978118
-28.559083047819726,0.010454300868629411,0.9611307420494699,0.11973468271334792
-28.495380766464855,0.01047503514143223,0.9611307420494699,0.12149548687089716
-28.43167848510999,0.010494232030556735,0.9611307420494699,0.1231195295404814
-28.36797620375512,0.010516344796922423,0.9611307420494699,0.12498290481400437
-28.30427392240025,0.010520401441469368,0.9593639575971732,0.12693175601750548
-28.240571641045385,0.010521207415315927,0.9575971731448764,0.12860708424507658
-28.176869359690514,0.010541875753685766,0.9575971731448764,0.13033369803063458
-28.113167078335643,0.010563654790675918,0.9575971731448764,0.13214578774617067
-28.04946479698078,0.010587591811220503,0.9575971731448764,0.134128829321663
-27.985762515625908,0.010611014311165057,0.9575971731448764,0.13606058533916848
-27.922060234271036,0.010632245914824333,0.9575971731448764,0.1378042943107221
-27.858357952916172,0.010655657131622923,0.9575971731448764,0.13971895514223195
-27.7946556715613,0.01068317104900067,0.9575971731448764,0.14195842450765864
-27.730953390206437,0.010705538437228412,0.9575971731448764,0.14377051422319476
-27.667251108851566,0.01073373601346668,0.9575971731448764,0.1460441739606127
-27.603548827496695,0.01076144147721632,0.9575971731448764,0.14826654814004375
-27.53984654614183,0.01078929033542351,0.9575971731448764,0.15048892231947483
-27.47614426478696,0.010816420203955377,0.9575971731448764,0.15264291575492342
-27.41244198343209,0.01079913606911447,0.9540636042402827,0.15440371991247265
-27.348739702077225,0.010824680271017921,0.9540636042402827,0.15642095185995625
-27.285037420722354,0.010814070351758794,0.950530035335689,0.1587117067833698
-27.221335139367483,0.010816799274851446,0.9487632508833922,0.16048960612691465
-27.15763285801262,0.010848484848484849,0.9487632508833922,0.16296840809628008
-27.093930576657748,0.010879474867805264,0.9487632508833922,0.165378829321663
-27.030228295302877,0.010906210650310735,0.9487632508833922,0.16744734682713347
-26.966526013948013,0.010936863543788188,0.9487632508833922,0.16980648249452954
-26.90282373259314,0.010968361281888928,0.9487632508833922,0.17221690371991247
-26.83912145123827,0.010978432296253815,0.9469964664310954,0.17452475382932167
-26.775419169883406,0.011007064235255463,0.9469964664310954,0.17669584245076586
-26.711716888528535,0.011038800560177938,0.9469964664310954,0.17908916849015316
-26.648014607173664,0.011072092542863045,0.9469964664310954,0.18158506564551422
-26.5843123258188,0.011099836401664976,0.9469964664310954,0.18365358315098468
-26.52061004446393,0.011105575621704654,0.9452296819787986,0.18560243435448578
-26.456907763109058,0.011136089255235003,0.9452296819787986,0.1878589989059081
-26.393205481754194,0.01112224030716581,0.941696113074205,0.1898762308533917
-26.329503200399323,0.011152027451144495,0.941696113074205,0.19206441466083152
-26.26580091904445,0.011181505412436015,0.941696113074205,0.19421840809628008
-26.202098637689588,0.011194108364018938,0.9399293286219081,0.19664592450765864
-26.138396356334717,0.011205841387751657,0.9381625441696113,0.1990050601750547
-26.074694074979845,0.011238808813257985,0.9381625441696113,0.2013812910284464
-26.01099179362498,0.01127005688088972,0.9381625441696113,0.20362076039387308
-25.94728951227011,0.011284518917537846,0.9363957597173145,0.20615084792122537
-25.88358723091524,0.011324544347343006,0.9363957597173145,0.2089886487964989
-25.819884949560375,0.01136095689267111,0.9363957597173145,0.21155292669584244
-25.75618266820551,0.011357281135728113,0.9328621908127208,0.2142710612691466
-25.692480386850633,0.011375410119150406,0.931095406360424,0.217023386214442
-25.62877810549577,0.01138676018530545,0.9293286219081273,0.21929704595185995
-25.565075824140905,0.011405109489051095,0.9275618374558304,0.22204937089715537
-25.501373542786027,0.011444640638283958,0.9275618374558304,0.2247675054704595
-25.437671261431163,0.011486959565902328,0.9275618374558304,0.22765659190371992
-25.3739689800763,0.01148365281162857,0.9240282685512368,0.23037472647702406
-25.31026669872142,0.011525408788399666,0.9240282685512368,0.23319543216630198
-25.246564417366557,0.01156542314411446,0.9240282685512368,0.23587937636761488
-25.182862136011693,0.01154068090017311,0.9187279151943463,0.23861460612691465
-25.119159854656814,0.011582839577671849,0.9187279151943463,0.24141821663019694
-25.05545757330195,0.011630247590078505,0.9187279151943463,0.24454663566739607
-24.991755291947086,0.01167280237047679,0.9187279151943463,0.24733315098468273
-24.92805301059221,0.01166798062844915,0.9151943462897526,0.24991452407002188
-24.864350729237344,0.011688634667993036,0.9134275618374559,0.25270103938730853
-24.80064844788248,0.011707317073170732,0.911660777385159,0.2553507932166302
-24.736946166527602,0.011756664388243335,0.911660777385159,0.25851340262582057
-24.673243885172738,0.011757439897522703,0.9081272084805654,0.2614366794310722
-24.609541603817874,0.011801983835415137,0.9081272084805654,0.26425738512035013
-24.545839322462996,0.011831726555652936,0.9063604240282686,0.26755675601750545
-24.482137041108132,0.011876649534657592,0.9063604240282686,0.27036036652078776
-24.418434759753268,0.011901994513924404,0.9045936395759717,0.2733520240700219
-24.35473247839839,0.01192365129736793,0.9028268551236749,0.2761043490153173
-24.291030197043526,0.011970296797769918,0.9028268551236749,0.2789592450765864
-24.22732791568866,0.012019004610029166,0.9028268551236749,0.2819167122538293
-24.163625634333783,0.01204591619821437,0.901060070671378,0.2849425601750547
-24.09992335297892,0.012072768672469819,0.8992932862190812,0.2879513129102845
-24.036221071624055,0.012103306966549128,0.8975265017667845,0.2911652078774617
-23.972518790269177,0.012156599980855748,0.8975265017667845,0.29431072210065645
-23.908816508914313,0.012209483981060879,0.8975265017667845,0.2974049507658643
-23.84511422755945,0.012236918324000772,0.8957597173144877,0.3003795131291028
-23.78141194620457,0.0122891215823153,0.8957597173144877,0.3033882658643326
-23.717709664849707,0.012337567528106294,0.8957597173144877,0.30615768599562365
-23.654007383494843,0.012387910181542746,0.8957597173144877,0.3090125820568928
-23.590305102139965,0.012413217869146039,0.8939929328621908,0.31179909737417943
-23.5266028207851,0.012465203360185254,0.8939929328621908,0.3147052789934354
-23.462900539430237,0.012476482820081196,0.8904593639575972,0.31803884026258206
-23.39919825807536,0.012529209963705067,0.8904593639575972,0.3209450218818381
-23.335495976720495,0.012539028350193581,0.8869257950530035,0.32417601203501095
-23.27179369536563,0.012553351744915892,0.8833922261484098,0.3276463347921225
-23.208091414010752,0.012592106591299081,0.8816254416961131,0.3310824671772429
-23.14438913265589,0.012595990572015105,0.8780918727915195,0.3339715536105033
-23.080686851301024,0.01265758308926525,0.8780918727915195,0.33725382932166303
-23.016984569946146,0.012716201002967966,0.8780918727915195,0.3403480579868709
-22.953282288591282,0.012729517049837987,0.8745583038869258,0.3436987144420131
-22.889580007236418,0.012768817204301076,0.872791519434629,0.347066466083151
-22.82587772588154,0.01282550562089467,0.872791519434629,0.3499897428884026
-22.762175444526676,0.01288706858320507,0.872791519434629,0.3531352571115974
-22.698473163171812,0.012927078689986103,0.8710247349823321,0.35646881838074396
-22.634770881816948,0.012990435034649944,0.8710247349823321,0.35964852297593
-22.57106860046207,0.013029315960912053,0.8692579505300353,0.3628795131291028
-22.507366319107206,0.013072765515588806,0.8674911660777385,0.3663156455142232
-22.44366403775234,0.013117387230625084,0.8657243816254417,0.3697859682713348
-22.379961756397464,0.01318551208223454,0.8657243816254417,0.3730853391684901
-22.3162594750426,0.013207751434448413,0.8621908127208481,0.37670951859956237
-22.252557193687736,0.013250979538528515,0.8604240282685512,0.38004307986870894
-22.188854912332857,0.013294671189408032,0.8586572438162544,0.3833766411378556
-22.125152630977993,0.01337295690936107,0.8586572438162544,0.387035010940919
-22.06145034962313,0.01343915051295523,0.8586572438162544,0.3900950492341357
-21.99774806826825,0.013515768396462539,0.8586572438162544,0.3935995623632385
-21.934045786913387,0.01355809012635581,0.8568904593639576,0.3967621717724289
-21.870343505558523,0.013633169360505973,0.8568904593639576,0.40012992341356673
-21.806641224203645,0.01370792233119471,0.8568904593639576,0.40344638949671774
-21.74293894284878,0.01378741791511499,0.8568904593639576,0.40693380743982493
-21.679236661493917,0.013875379069634377,0.8568904593639576,0.410746033916849
-21.61553438013904,0.013892084675563738,0.8533568904593639,0.41389154814004375
-21.551832098784175,0.01393708073097386,0.8515901060070671,0.4170199671772429
-21.48812981742931,0.013987437478190066,0.8498233215547704,0.4203535284463895
-21.424427536074433,0.014002163173433892,0.8462897526501767,0.42337937636761486
-21.36072525471957,0.01407581545694975,0.8462897526501767,0.4264394146608315
-21.297022973364705,0.01413281296197741,0.8445229681978799,0.4299781181619256
-21.233320692009826,0.014136484033213298,0.8392226148409894,0.43370486870897157
-21.169618410654962,0.014160828692892641,0.8356890459363958,0.4370726203501094
-21.1059161293001,0.014180340207737467,0.8321554770318021,0.4402352297592998
-21.04221384794522,0.014246309599587767,0.8303886925795053,0.44404745623632386
-20.978511566590356,0.014295293830772982,0.8286219081272085,0.44715878008752735
-20.914809285235492,0.014311544237075174,0.8250883392226148,0.4501504376367615
-20.851107003880614,0.014308180949150451,0.8197879858657244,0.4535523796498906
-20.78740472252575,0.014390720466457835,0.8197879858657244,0.4567320842450766
-20.723702441170886,0.014442122336941265,0.8180212014134276,0.45986050328227573
-20.660000159816008,0.01447318849679769,0.8144876325088339,0.46336501641137856
-20.596297878461144,0.014501911471991407,0.8109540636042403,0.46676695842450766
-20.53259559710628,0.014599236641221374,0.8109540636042403,0.47037404266958427
-20.4688933157514,0.014659752896741566,0.8091872791519434,0.4737417943107221
-20.405191034396537,0.014690721649484536,0.8056537102473498,0.47716083150984684
-20.341488753041673,0.014751175230993677,0.803886925795053,0.4804772975929978
-20.277786471686795,0.01481433139724597,0.8021201413427562,0.4838621444201313
-20.21408419033193,0.014875870221988703,0.8003533568904594,0.48716151531728663
-20.150381908977067,0.01494610144831691,0.7985865724381626,0.490734409190372
-20.08667962762219,0.015051113849022676,0.7985865724381626,0.4943414934354486
-20.022977346267325,0.015121035338295447,0.7968197879858657,0.4978289113785558
-19.95927506491246,0.01522979772397258,0.7968197879858657,0.5014701859956237
-19.895572783557583,0.015296757087497451,0.7950530035335689,0.5047866520787746
-19.83187050220272,0.015302454554791003,0.7897526501766784,0.5082740700218819
-19.768168220847855,0.015330026181617749,0.7862190812720848,0.5113682986870897
-19.704465939492977,0.015433169175279184,0.7862190812720848,0.5146847647702407
-19.640763658138113,0.01553879460856205,0.7862190812720848,0.5180354212253829
-19.57706137678325,0.015488357391212728,0.7791519434628975,0.5207877461706784
-19.51335909542837,0.015484692073817436,0.773851590106007,0.5239332603938731
-19.449656814073506,0.015556583959275212,0.7720848056537103,0.5272497264770241
-19.385954532718642,0.015575766256087082,0.7685512367491166,0.5300020514223195
-19.322252251363764,0.015649226553203763,0.7667844522968198,0.5333185175054704
-19.2585499700089,0.015758896151053015,0.7667844522968198,0.5366178884026258
-19.194847688654036,0.015879985364068788,0.7667844522968198,0.5402078774617067
-19.131145407299158,0.015883545236779067,0.7614840989399293,0.5434901531728665
-19.067443125944294,0.01595724941551935,0.7597173144876325,0.5466869529540481
-19.00374084458943,0.01607116160861115,0.7597173144876325,0.5499521334792122
-18.940038563234552,0.016113851135122925,0.7561837455830389,0.5532515043763676
-18.876336281879688,0.016223797429968538,0.7561837455830389,0.5563286378555798
-18.812634000524824,0.016268856215390492,0.7526501766784452,0.5596451039387309
-18.748931719169946,0.016266102672562968,0.7473498233215548,0.5626709518599562
-18.68522943781508,0.016385187480632165,0.7473498233215548,0.5659019420131292
-18.621527156460218,0.016446597390421126,0.7438162544169611,0.5695945021881839
-18.55782487510534,0.01648567831287378,0.7402826855123675,0.5726716356673961
-18.494122593750475,0.016483081068230446,0.734982332155477,0.5756632932166302
-18.43042031239561,0.016524967069811998,0.7314487632508834,0.5787917122538293
-18.366718031040747,0.016554162648666024,0.7279151943462897,0.581578227571116
-18.30301574968587,0.01667543611122354,0.7279151943462897,0.5846724562363238
-18.239313468331005,0.016765929672840008,0.726148409893993,0.5879547319474836
-18.17561118697614,0.016812595058987957,0.7226148409893993,0.5911173413566739
-18.111908905621263,0.016902808849117573,0.7208480565371025,0.5943312363238512
-18.0482066242664,0.017029091364414207,0.7208480565371025,0.5973912746170679
-17.984504342911535,0.01709185821335354,0.7173144876325088,0.6008615973741794
-17.920802061556657,0.017230403598862624,0.7173144876325088,0.6041267778993435
-17.857099780201793,0.01731213131572198,0.715547703180212,0.6069987691466083
-17.79339749884693,0.017407040372269377,0.7137809187279152,0.6101442833698031
-17.72969521749205,0.017455492835432046,0.7102473498233216,0.6131701312910285
-17.665992936137187,0.017596848325673015,0.7102473498233216,0.6163327407002188
-17.602290654782323,0.01763279700242451,0.7067137809187279,0.6190337800875274
-17.538588373427444,0.01770226393274919,0.7031802120141343,0.622452817286652
-17.47488609207258,0.017741140629900093,0.6996466431095406,0.6251880470459519
-17.411183810717716,0.017802277245617205,0.696113074204947,0.6283848468271335
-17.347481529362838,0.0178498246892218,0.6925795053003534,0.6312739332603938
-17.283779248007974,0.017962146269753766,0.6908127208480566,0.6345562089715536
-17.22007696665311,0.018028456226537516,0.6872791519434629,0.6377871991247265
-17.156374685298232,0.01816823128298538,0.6872791519434629,0.640625
-17.092672403943368,0.018305882352941175,0.6872791519434629,0.6433773249452954
-17.028970122588504,0.018389166072701354,0.6837455830388692,0.646847647702407
-16.965267841233626,0.018497220624880198,0.6819787985865724,0.6498564004376368
-16.90156555987876,0.018660865361372975,0.6819787985865724,0.6529848194748359
-16.837863278523898,0.018764926646195838,0.6802120141342756,0.655839715536105
-16.77416099716902,0.018875344081793158,0.6784452296819788,0.6587800875273523
-16.710458715814156,0.019039119440725866,0.6784452296819788,0.6617717450765864
-16.64675643445929,0.01915383076615323,0.676678445229682,0.6647121170678337
-16.583054153104413,0.019110528438886647,0.6696113074204947,0.6674473468271335
-16.51935187174955,0.01922099054205227,0.6678445229681979,0.6702680525164114
-16.455649590394685,0.01934424547180461,0.666077738515901,0.6732768052516411
-16.391947309039807,0.019457669219623268,0.6643109540636042,0.6760804157549234
-16.328245027684943,0.019452411994784875,0.6590106007067138,0.6785763129102844
-16.26454274633008,0.01964915977453511,0.6590106007067138,0.6818585886214442
-16.2008404649752,0.019785699130065774,0.6590106007067138,0.6840980579868708
-16.137138183620337,0.019963605223720832,0.6590106007067138,0.6869700492341356
-16.073435902265473,0.020102674952715484,0.657243816254417,0.6900129923413567
-16.009733620910595,0.02028574544661359,0.657243816254417,0.6928678884026258
-15.94603133955573,0.020463171791627703,0.657243816254417,0.69558602297593
-15.882329058200867,0.020599666851749028,0.6554770318021201,0.6984580142231948
-15.818626776845989,0.02068501597623185,0.6519434628975265,0.7013471006564551
-15.754924495491125,0.020750876399411963,0.6484098939929329,0.7039284737417943
-15.69122221413626,0.02094270714448756,0.6484098939929329,0.7066978938730853
-15.627519932781382,0.0211113667740451,0.6484098939929329,0.7090912199124726
-15.563817651426518,0.02118398142774231,0.6448763250883393,0.7116896881838074
-15.500115370071654,0.02139382216751656,0.6448763250883393,0.7145787746170679
-15.436413088716776,0.02153081746125636,0.6431095406360424,0.7172114332603938
-15.372710807361912,0.02155996177735308,0.6378091872791519,0.719929567833698
-15.309008526007048,0.021571463003133284,0.6325088339222615,0.7224083698030634
-15.24530624465217,0.021724578591857845,0.6307420494699647,0.7251777899343544
-15.181603963297306,0.02186597874823414,0.6289752650176679,0.7277591630196937
-15.117901681942442,0.022087107581585805,0.6289752650176679,0.7305456783369803
-15.054199400587564,0.02230576441102757,0.6289752650176679,0.7332467177242888
-14.9904971192327,0.02255877320828845,0.6289752650176679,0.7363067560175055
-14.926794837877836,0.022770883970832802,0.6289752650176679,0.7388197483588621
-14.863092556522957,0.022923931292780576,0.627208480565371,0.7413327407002188
-14.799390275168093,0.023016235248092848,0.6236749116607774,0.7438457330415755
-14.73568799381323,0.023180770497201186,0.6219081272084805,0.7464271061269147
-14.671985712458351,0.023184747226466487,0.6166077738515902,0.7486323851203501
-14.608283431103487,0.02316369007654089,0.6095406360424028,0.7512821389496718
-14.544581149748623,0.023271546475443106,0.607773851590106,0.753179704595186
-14.48087886839376,0.02351332877648667,0.607773851590106,0.7557781728665208
-14.417176587038881,0.02365843564629604,0.6060070671378092,0.7580176422319475
-14.353474305684017,0.02383441354798244,0.6042402826855123,0.7605477297592997
-14.289772024329153,0.023967291696038347,0.6007067137809188,0.7633000547045952
-14.226069742974275,0.024161455372370664,0.6007067137809188,0.7652489059080962
-14.16236746161941,0.024221950693595916,0.5954063604240283,0.7679157549234136
-14.098665180264547,0.024246823956442832,0.5901060070671378,0.7702236050328227
-14.034962898909669,0.024469101330002203,0.588339222614841,0.7730443107221007
-13.971260617554805,0.024596864085606004,0.5848056537102474,0.7756085886214442
-13.90755833619994,0.02484425429708024,0.5848056537102474,0.7778993435448578
-13.843856054845062,0.025090964220739843,0.5848056537102474,0.7801388129102844
-13.780153773490198,0.025252525252525252,0.5830388692579506,0.7822415207877462
-13.716451492135334,0.025425038639876354,0.5812720848056537,0.7844126094091903
-13.652749210780456,0.025683060109289616,0.5812720848056537,0.7866349835886215
-13.589046929425592,0.025838979045218213,0.5795053003533569,0.7886009299781181
-13.525344648070728,0.026122969098438992,0.5795053003533569,0.7909600656455142
-13.46164236671585,0.026394141788042166,0.5795053003533569,0.7931653446389497
-13.397940085360986,0.026525630593978843,0.5759717314487632,0.7954731947483589
-13.334237804006122,0.026713792536577345,0.5742049469964664,0.7975759026258206
-13.270535522651244,0.026941888419132885,0.5742049469964664,0.7993367067833698
-13.20683324129638,0.02683888283150214,0.5653710247349824,0.801644556892779
-13.143130959941516,0.02694230280437177,0.5618374558303887,0.8036617888402626
-13.079428678586638,0.02708726212926453,0.558303886925795,0.8059696389496718
-13.015726397231774,0.027197921177999133,0.5547703180212014,0.808003966083151
-12.95202411587691,0.027003331579870244,0.5441696113074205,0.810277625820569
-12.888321834522031,0.02711083547443962,0.5406360424028268,0.8122777625820569
-12.824619553167167,0.027419354838709678,0.5406360424028268,0.8144488512035011
-12.760917271812303,0.02772492525142702,0.5406360424028268,0.8165515590809628
-12.697214990457425,0.028039952350407772,0.5406360424028268,0.8186713621444202
-12.633512709102561,0.028265287271383707,0.5406360424028268,0.8201586433260394
-12.569810427747697,0.028344988344988345,0.5371024734982333,0.8218510667396062
-12.506108146392819,0.02869277961302501,0.5371024734982333,0.8240734409190372
-12.442405865037955,0.02888740585375155,0.5353356890459364,0.8258684354485777
-12.378703583683091,0.028986902927580892,0.5318021201413428,0.8276292396061269
-12.315001302328213,0.029308666017526776,0.5318021201413428,0.829578090809628
-12.251299020973349,0.029411764705882353,0.5282685512367491,0.8313217997811816
-12.187596739618485,0.029525797793021176,0.5247349823321554,0.833116794310722
-12.123894458263607,0.02981628350567212,0.5247349823321554,0.8347921225382933
-12.060192176908743,0.029856809180461054,0.519434628975265,0.8366896881838074
-11.996489895553879,0.030122339878688186,0.5176678445229682,0.8387240153172867
-11.932787614199,0.030441558441558443,0.5176678445229682,0.8404677242888403
-11.869085332844136,0.03076761524729602,0.5176678445229682,0.8422114332603938
-11.805383051489272,0.03071527261132958,0.5106007067137809,0.8440919037199125
-11.741680770134394,0.030924514120047247,0.508833922261484,0.8457159463894968
-11.67797848877953,0.031046461137646548,0.5053003533568905,0.8474083698030634
-11.614276207424666,0.03136652774731301,0.5053003533568905,0.849015317286652
-11.550573926069788,0.031578947368421054,0.5035335689045937,0.8505880743982495
-11.486871644714924,0.0318970341354225,0.5035335689045937,0.8521266411378556
-11.42316936336006,0.03215579710144927,0.5017667844522968,0.8538703501094091
-11.359467082005182,0.032424381301558204,0.5,0.8556311542669585
-11.295764800650318,0.03275842111355481,0.5,0.857152625820569
-11.232062519295454,0.03294392523364486,0.49823321554770317,0.8584860503282276
-11.168360237940576,0.0330821756534024,0.49646643109540634,0.8595972374179431
-11.104657956585712,0.03314326443335709,0.4929328621908127,0.8608622811816192
-11.040955675230848,0.03339740509370495,0.4911660777385159,0.8624521334792122
-10.97725339387597,0.033770651117589895,0.4911660777385159,0.8640248905908097
-10.913551112521105,0.03403784713688867,0.48939929328621906,0.8656147428884027
-10.849848831166241,0.034186971655892594,0.48586572438162545,0.8671875
-10.786146549811363,0.03435690913667254,0.4823321554770318,0.8688286378555798
-10.7224442684565,0.03471515768056969,0.4823321554770318,0.870230443107221
-10.658741987101635,0.03511254019292605,0.4823321554770318,0.8717519146608315
-10.595039705746757,0.035579304053173465,0.4823321554770318,0.8734956236323851
-10.531337424391893,0.03584607274644175,0.48056537102473496,0.8749316192560175
-10.467635143037029,0.03598560575769692,0.47703180212014135,0.8763505196936543
-10.40393286168215,0.03638814016172507,0.47703180212014135,0.877769420131291
-10.340230580327287,0.036875170718382956,0.47703180212014135,0.8794447483588621
-10.276528298972423,0.037272225289895086,0.47703180212014135,0.8807781728665208
-10.212826017617559,0.03755934096621055,0.4752650176678445,0.8821628829321663
-10.14912373626268,0.037826393789696544,0.4734982332155477,0.8834621170678337
-10.085421454907816,0.03822019395322305,0.4734982332155477,0.8847100656455142
-10.021719173552952,0.03868360277136259,0.4734982332155477,0.8861460612691466
-9.958016892198074,0.0389326334208224,0.4717314487632509,0.8873256291028446
-9.89431461084321,0.039427052569403424,0.4717314487632509,0.8887958150984683
-9.830612329488346,0.039581777445855115,0.46819787985865724,0.89007795404814
-9.766910048133468,0.03987313094698686,0.4664310954063604,0.8913259026258206
-9.703207766778604,0.040299190963211724,0.4664310954063604,0.8925225656455142
-9.63950548542374,0.040500850208687586,0.4628975265017668,0.8938901805251641
-9.575803204068862,0.040832290362953695,0.46113074204946997,0.8951894146608315
-9.512100922713998,0.04096804808604872,0.4575971731448763,0.8963518873085339
-9.448398641359134,0.0408981555733761,0.450530035335689,0.8977707877461707
-9.384696360004256,0.04090909090909091,0.4452296819787986,0.8990016411378556
-9.320994078649392,0.04091357213276372,0.43992932862190814,0.9002153993435449
-9.257291797294528,0.041029900332225915,0.4363957597173145,0.9013094912472648
-9.19358951593965,0.04101529668851908,0.43109540636042404,0.9024719638949672
-9.129887234584785,0.0413405920381082,0.4293286219081272,0.9036686269146609
-9.066184953229921,0.04179566563467492,0.4293286219081272,0.9047627188183808
-9.002482671875043,0.04226822056009741,0.4293286219081272,0.9058739059080962
-8.93878039052018,0.04265820553499031,0.4275618374558304,0.907156044857768
-8.875078109165315,0.04226105563480742,0.41872791519434627,0.9081817560175055
-8.811375827810437,0.04239581454086235,0.41519434628975266,0.9092587527352297
-8.747673546455573,0.042541537337958735,0.411660777385159,0.9103528446389497
-8.683971265100709,0.04273029966703663,0.4081272084805654,0.9115324124726477
-8.62026898374583,0.04275267204200262,0.4028268551236749,0.9127290754923414
-8.556566702390967,0.04281924971580144,0.3992932862190813,0.9136351203501094
-8.492864421036103,0.04326186830015314,0.3992932862190813,0.9145582603938731
-8.429162139681225,0.04382392864068257,0.3992932862190813,0.9157036378555798
-8.36545985832636,0.04430503822779847,0.3992932862190813,0.9166609682713348
-8.301757576971497,0.044722719141323794,0.39752650176678445,0.9178405361050328
-8.238055295616618,0.044676997383779435,0.392226148409894,0.9188491520787746
-8.174353014261754,0.04514948139109213,0.392226148409894,0.919738101750547
-8.11065073290689,0.045351473922902494,0.38869257950530034,0.9208321936542669
-8.046948451552012,0.04553049289891395,0.38515901060070673,0.921875
-7.983246170197148,0.045809584124973615,0.3833922261484099,0.9227297592997812
-7.919543888842284,0.04612427930813581,0.38162544169611307,0.9236358041575492
-7.855841607487406,0.046763368694522627,0.38162544169611307,0.9247298960612691
-7.792139326132542,0.047045951859956234,0.37985865724381623,0.9255504649890591
-7.728437044777678,0.04686805864060418,0.37279151943462896,0.926644556892779
-7.6647347634228,0.04738378621154278,0.37279151943462896,0.9274822210065645
-7.601032482067936,0.047597358232748806,0.36925795053003535,0.928507932166302
-7.537330200713072,0.04759714876983215,0.3657243816254417,0.9291917396061269
-7.473627919358194,0.047619047619047616,0.3621908127208481,0.9299097374179431
-7.40992563800333,0.04824664626971052,0.3621908127208481,0.930867067833698
-7.346223356648466,0.04854831032841504,0.36042402826855124,0.9316534463894968
-7.282521075293587,0.048845043310875844,0.3586572438162544,0.9324227297592997
-7.218818793938723,0.04953635919960957,0.3586572438162544,0.933414250547046
-7.155116512583859,0.04950495049504951,0.35335689045936397,0.9343544857768052
-7.091414231228981,0.04976244061015254,0.35159010600706714,0.9350382932166302
-7.027711949874117,0.050063211125158026,0.3498233215547703,0.9357733862144421
-6.964009668519253,0.05061349693251534,0.3498233215547703,0.9365084792122538
-6.900307387164375,0.050478902407455346,0.34452296819787986,0.9372948577680525
-6.836605105809511,0.050927135022199005,0.34452296819787986,0.9378760940919038
-6.772902824454647,0.05153276955602537,0.34452296819787986,0.9386453774617067
-6.709200543099769,0.05144694533762058,0.3392226148409894,0.9394830415754923
-6.645498261744905,0.051448686704576224,0.33568904593639576,0.9401155634573304
-6.581795980390041,0.051535087719298246,0.3321554770318021,0.9408506564551422
-6.518093699035163,0.052063140404320134,0.3321554770318021,0.9414831783369803
-6.454391417680299,0.05241031390134529,0.3303886925795053,0.9422011761487965
-6.390689136325435,0.05294619982920581,0.3286219081272085,0.9431243161925602
-6.326986854970571,0.053237410071942444,0.32685512367491165,0.9437568380743983
-6.263284573615692,0.0529994175888177,0.3215547703180212,0.944406455142232
-6.199582292260828,0.053392330383480825,0.3197879858657244,0.9451415481400438
-6.135880010905964,0.0533373063170441,0.31625441696113077,0.9456885940919038
-6.072177729551086,0.05387409200968523,0.31448763250883394,0.9465604485776805
-6.008475448196222,0.05460122699386503,0.31448763250883394,0.9473126367614879
-5.944773166841358,0.05531385954008701,0.31448763250883394,0.9480306345733042
-5.88107088548648,0.05618686868686869,0.31448763250883394,0.9488853938730853
-5.817368604131616,0.05706957358127605,0.31448763250883394,0.9497230579868708
-5.753666322776752,0.057031756318859365,0.31095406360424027,0.9502530087527352
-5.689964041421874,0.057667103538663174,0.31095406360424027,0.9508342450765864
-5.62626176006701,0.058100929614873835,0.30918727915194344,0.9515009573304157
-5.562559478712146,0.058863101244534144,0.30918727915194344,0.952167669584245
-5.4988571973572675,0.05918367346938776,0.30742049469964666,0.952714715536105
-5.4351549160024035,0.0597169485674836,0.30565371024734983,0.9534327133479212
-5.3714526346475395,0.06038394415357766,0.30565371024734983,0.9539797592997812
-5.307750353292661,0.06087262491203378,0.30565371024734983,0.9543729485776805
-5.244048071937797,0.06136282554405994,0.303886925795053,0.9550225656455142
-5.180345790582933,0.061799783158655586,0.30212014134275617,0.955620897155361
-5.116643509228055,0.061701350857977365,0.29858657243816256,0.9560653719912473
-5.052941227873191,0.06201550387596899,0.2968197879858657,0.9565611323851203
-4.989238946518327,0.06282722513089005,0.2968197879858657,0.9571594638949672
-4.925536665163449,0.06306646525679759,0.2950530035335689,0.9575868435448578
-4.861834383808585,0.06359482102056359,0.2950530035335689,0.9579629376367614
-4.798132102453721,0.0642802155504234,0.2950530035335689,0.958441602844639
-4.734429821098843,0.06459143968871596,0.29328621908127206,0.9589031728665208
-4.670727539743979,0.06482213438735178,0.28975265017667845,0.9595527899343544
-4.607025258389115,0.06525220176140913,0.2879858657243816,0.9600827407002188
-4.5433229770342365,0.06515580736543909,0.284452296819788,0.9605101203501094
-4.4796206956793725,0.06606483381206402,0.284452296819788,0.9610913566739606
-4.4159184143245085,0.06658343736995423,0.2826855123674912,0.9616554978118161
-4.35221613296963,0.06725514922236234,0.2826855123674912,0.9620657822757112
-4.288513851614766,0.06768837803320563,0.28091872791519434,0.9625615426695843
-4.224811570259902,0.06764325721671693,0.2773851590106007,0.9630060175054704
-4.161109288905024,0.06843940714908457,0.2773851590106007,0.9634675875273523
-4.09740700755016,0.06949977866312528,0.2773851590106007,0.9640659190371991
-4.033704726195296,0.06941334527541423,0.27385159010600707,0.9644762035010941
-3.970002444840418,0.07,0.27208480565371024,0.965023249452954
-3.906300163485554,0.07011915673693858,0.2703180212014134,0.9653138676148797
-3.84259788213069,0.07023255813953488,0.2667844522968198,0.9658267231947484
-3.7788956007758117,0.06987724268177525,0.26148409893992935,0.9663224835886215
-3.7151933194209477,0.07054337464251668,0.26148409893992935,0.9666643873085339
-3.6514910380660837,0.07135969141755062,0.26148409893992935,0.9670746717724289
-3.5877887567112055,0.07240704500978473,0.26148409893992935,0.9675875273522976
-3.5240864753563415,0.07227722772277227,0.2579505300353357,0.9679636214442013
-3.4603841940014775,0.07292707292707293,0.2579505300353357,0.9682713347921226
-3.3966819126465992,0.07298530157121136,0.254416961130742,0.9687329048140044
-3.3329796312917352,0.07344632768361582,0.25265017667844525,0.969160284463895
-3.2692773499368712,0.07368967306694343,0.2508833922261484,0.9694850929978118
-3.205575068581993,0.07465825446898001,0.2508833922261484,0.9699124726477024
-3.141872787227129,0.0753315649867374,0.2508833922261484,0.970203090809628
-3.078170505872265,0.07518796992481203,0.24734982332155478,0.9705620897155361
-3.014468224517387,0.07583196944899072,0.24558303886925795,0.9710407549234136
-2.950765943162523,0.07509663169519602,0.24028268551236748,0.9713655634573304
-2.887063661807659,0.0755879059350504,0.23851590106007067,0.9717758479212254
-2.8233613804527806,0.07635746606334842,0.23851590106007067,0.9720835612691466
-2.7596590990979166,0.07511467889908256,0.2314487632508834,0.9724254649890591
-2.6959568177430526,0.07585408222350898,0.2314487632508834,0.9727160831509847
-2.6322545363881744,0.07665301345816267,0.2314487632508834,0.9730237964989059
-2.5685522550333104,0.07633136094674556,0.22791519434628976,0.9733144146608315
-2.5048499736784464,0.0764179104477612,0.22614840989399293,0.9735537472647703
-2.441147692323568,0.07641395908543923,0.22438162544169613,0.9737588894967177
-2.377445410968704,0.07710989678202793,0.22438162544169613,0.974015317286652
-2.31374312961384,0.07749077490774908,0.2226148409893993,0.9743572210065645
-2.250040848258962,0.07801857585139318,0.2226148409893993,0.9745452680525164
-2.186338566904098,0.0785175879396985,0.22084805653710246,0.9749213621444202
-2.122636285549234,0.07799619530754598,0.21731448763250882,0.9751435995623632
-2.05893400419437,0.07682375726275016,0.21024734982332155,0.9755538840262582
-1.9952317228394918,0.07787958115183247,0.21024734982332155,0.9759128829321663
-1.9315294414846278,0.0789648307896483,0.21024734982332155,0.9762718818380745
-1.8678271601297638,0.07986577181208054,0.21024734982332155,0.9765625
-1.8041248787748856,0.0807327001356852,0.21024734982332155,0.97683602297593
-1.7404225974200216,0.08145106091718002,0.21024734982332155,0.9770582603938731
-1.6767203160651576,0.08049965301873699,0.2049469964664311,0.9773488785557987
-1.6130180347102794,0.08098591549295775,0.20318021201413428,0.9776907822757112
-1.5493157533554154,0.08220157255182273,0.20318021201413428,0.9780497811816192
-1.4856134720005514,0.08135349172066235,0.19964664310954064,0.9781865426695843
-1.4219111906456732,0.08072727272727273,0.196113074204947,0.9783916849015317
-1.3582089092908092,0.08179808400884303,0.196113074204947,0.978699398249453
-1.2945066279359452,0.08271236959761549,0.196113074204947,0.9789558260393874
-1.230804346581067,0.08263836239575435,0.19257950530035337,0.9793148249452954
-1.167102065226203,0.08218125960061444,0.18904593639575973,0.9795712527352297
-1.103399783871339,0.08204334365325078,0.1872791519434629,0.9797251094091903
-1.0396975025164608,0.08072100313479624,0.18197879858657243,0.9799473468271335
-0.9759952211615968,0.081145584725537,0.18021201413427562,0.9802550601750547
-0.9122929398067328,0.08205953338696702,0.18021201413427562,0.9804943927789934
-0.8485906584518546,0.08244897959183674,0.1784452296819788,0.9807850109409191
-0.7848883770969906,0.08244023083264633,0.17667844522968199,0.9809730579868708
-0.7211860957421266,0.08263772954924875,0.17491166077738515,0.9812123905908097
-0.6574838143872483,0.08354430379746836,0.17491166077738515,0.9814346280087527
-0.5937815330323843,0.08198121263877028,0.1696113074204947,0.9816226750547046
-0.5300792516775203,0.08168529664660361,0.16784452296819788,0.9817423413566739
-0.46637697032264214,0.08246527777777778,0.16784452296819788,0.9819303884026258
-0.40267468896777814,0.08362676056338028,0.16784452296819788,0.9822039113785558
-0.33897240761291414,0.08370436331255565,0.16607773851590105,0.9824090536105032
-0.27527012625803593,0.0843155031731641,0.16431095406360424,0.9827338621444202
-0.21156784490317193,0.08386508659981769,0.1625441696113074,0.9828193380743983
-0.14786556354830793,0.08494921514312095,0.1625441696113074,0.983058670678337
-0.08416328219342972,0.08558139534883721,0.1625441696113074,0.983195432166302
-0.020461000838565724,0.08536585365853659,0.1607773851590106,0.9833321936542669
0.043241280516298275,0.08538899430740038,0.15901060070671377,0.9835202407002188
0.10694356187117648,0.08533077660594439,0.15724381625441697,0.983691192560175
0.17064584322604048,0.08454810495626822,0.15371024734982333,0.9838963347921226
0.23434812458090448,0.08506429277942631,0.1519434628975265,0.9841869529540481
0.2980504059357827,0.08625877632898696,0.1519434628975265,0.9844262855579868
0.3617526872906467,0.0872210953346856,0.1519434628975265,0.9846143326039387
0.4254549686455107,0.08775510204081632,0.1519434628975265,0.9847169037199125
0.4891572500003889,0.08847736625514403,0.1519434628975265,0.9848536652078774
0.5528595313552529,0.08921161825726141,0.1519434628975265,0.9849904266958425
0.6165618127101169,0.08909853249475891,0.1501766784452297,0.9851442833698031
0.6802640940649951,0.08994708994708994,0.1501766784452297,0.9852981400437637
0.7439663754198591,0.09120171673819742,0.1501766784452297,0.9855203774617067
0.8076686567747231,0.09100758396533044,0.14840989399293286,0.9856571389496718
0.8713709381296013,0.0907103825136612,0.14664310954063603,0.9857768052516411
0.9350732194844653,0.09040793825799338,0.14487632508833923,0.9858964715536105
0.9987755008393293,0.09162011173184358,0.14487632508833923,0.9861016137855579
1.0624777821942075,0.0922384701912261,0.14487632508833923,0.9862041849015317
1.1261800635490715,0.09328782707622298,0.14487632508833923,0.9863751367614879
1.1898823449039355,0.09425287356321839,0.14487632508833923,0.9865289934354485
1.2535846262588137,0.09396751740139211,0.1431095406360424,0.9866486597374179
1.3172869076136777,0.09239766081871345,0.13957597173144876,0.9867341356673961
1.3809891889685417,0.0933806146572104,0.13957597173144876,0.9868879923413567
1.44469147032342,0.09415971394517282,0.13957597173144876,0.9870076586433261
1.508393751678284,0.0936374549819928,0.13780918727915195,0.9870931345733042
1.572096033033148,0.09500609013398295,0.13780918727915195,0.9872982768052516
1.6357983143880261,0.09617755856966707,0.13780918727915195,0.9874692286652079
1.6995005957428901,0.0968944099378882,0.13780918727915195,0.9875717997811816
1.7632028770977541,0.09798994974874371,0.13780918727915195,0.9877256564551422
1.8269051584526181,0.09846547314578005,0.13604240282685512,0.9879478938730853
1.8906074398074963,0.09806451612903226,0.13427561837455831,0.9880504649890591
1.9543097211623603,0.09934640522875816,0.13427561837455831,0.9882214168490153
2.0180120025172243,0.09801324503311258,0.13074204946996468,0.9883581783369803
2.0817142838721026,0.09720372836218376,0.12897526501766785,0.9884094638949672
2.1454165652269666,0.09825033647375504,0.12897526501766785,0.9885462253829321
2.2091188465818306,0.09836065573770492,0.127208480565371,0.9887171772428884
2.2728211279367088,0.09944751381215469,0.127208480565371,0.9888539387308534
2.3365234092915728,0.09718309859154929,0.12190812720848057,0.9890419857768052
2.4002256906464368,0.09714285714285714,0.12014134275618374,0.9891958424507659
2.463927972001315,0.0955137481910275,0.1166077738515901,0.9893155087527352
2.527630253356179,0.09649122807017543,0.1166077738515901,0.9894351750547046
2.591332534711043,0.09601181683899557,0.11484098939929328,0.9895377461706784
2.655034816065921,0.0944527736131934,0.11130742049469965,0.9896745076586433
2.718737097420785,0.09618320610687023,0.11130742049469965,0.9898796498905909
2.782439378775649,0.09752321981424149,0.11130742049469965,0.9900335065645515
2.8461416601305274,0.09389671361502347,0.10600706713780919,0.9901018873085339
2.9098439414853914,0.0946372239747634,0.10600706713780919,0.9901873632385121
2.9735462228402554,0.09538950715421304,0.10600706713780919,0.9902728391684902
3.0372485041951336,0.09693053311793215,0.10600706713780919,0.9904437910284464
3.1009507855499976,0.0959349593495935,0.10424028268551237,0.9904950765864332
3.1646530669048616,0.09640522875816994,0.10424028268551237,0.9905463621444202
3.22835534825974,0.09618573797678276,0.10247349823321555,0.9906831236323851
3.292057629614604,0.09698996655518395,0.10247349823321555,0.9907685995623632
3.355759910969468,0.09863945578231292,0.10247349823321555,0.9909395514223195
3.419462192324346,0.09948542024013722,0.10247349823321555,0.9910250273522976
3.48316447367921,0.09913043478260869,0.10070671378091872,0.9911446936542669
3.546866755034074,0.09982486865148861,0.10070671378091872,0.9912130743982495
3.610569036388952,0.10070671378091872,0.10070671378091872,0.9912985503282276
3.674271317743816,0.10142348754448399,0.10070671378091872,0.9913669310722101
3.73797359909868,0.10196779964221825,0.10070671378091872,0.9914182166301969
3.8016758804535584,0.10163339382940109,0.0989399293286219,0.9915378829321663
3.8653781618084224,0.10351201478743069,0.0989399293286219,0.9917088347921226
3.9290804431632864,0.10318949343339587,0.09717314487632508,0.9918285010940919
3.9927827245181646,0.10404624277456648,0.09540636042402827,0.992050738512035
4.056485005873029,0.10567514677103718,0.09540636042402827,0.9921875
4.120187287227893,0.10650887573964497,0.09540636042402827,0.9922558807439825
4.183889568582771,0.10778443113772455,0.09540636042402827,0.9923584518599562
4.247591849937635,0.10728744939271255,0.09363957597173145,0.99246102297593
4.311294131292499,0.1079429735234216,0.09363957597173145,0.9925123085339168
4.374996412647377,0.10882956878850103,0.09363957597173145,0.9925806892778993
4.438698694002241,0.11041666666666666,0.09363957597173145,0.9927003555798687
4.502400975357105,0.11134453781512606,0.09363957597173145,0.9927687363238512
4.566103256711983,0.11040339702760085,0.09187279151943463,0.9928371170678337
4.629805538066847,0.11134903640256959,0.09187279151943463,0.9929054978118161
4.693507819421711,0.11206896551724138,0.09187279151943463,0.9929567833698031
4.7572101007765895,0.11353711790393013,0.09187279151943463,0.9930593544857768
4.8209123821314535,0.11403508771929824,0.09187279151943463,0.993093544857768
4.8846146634863175,0.11555555555555555,0.09187279151943463,0.9931961159737418
4.948316944841196,0.11659192825112108,0.09187279151943463,0.9932644967177243
5.01201922619606,0.11845102505694761,0.09187279151943463,0.9933841630196937
5.075721507550924,0.12009237875288684,0.09187279151943463,0.9934867341356673
5.139423788905802,0.1186046511627907,0.09010600706713781,0.9935209245076586
5.203126070260666,0.11764705882352941,0.08833922261484099,0.9935893052516411
5.26682835161553,0.11666666666666667,0.08657243816254417,0.9936576859956237
5.330530632970408,0.11650485436893204,0.08480565371024736,0.993777352297593
5.394232914325272,0.11735941320293398,0.08480565371024736,0.9938286378555798
5.457935195680136,0.11442786069651742,0.0812720848056537,0.9939141137855579
5.521637477035014,0.11557788944723618,0.0812720848056537,0.9939824945295405
5.585339758389878,0.11616161616161616,0.0812720848056537,0.9940166849015317
5.649042039744742,0.11704834605597965,0.0812720848056537,0.9940679704595186
5.7127443210996205,0.11855670103092783,0.0812720848056537,0.9941534463894968
5.7764466024544845,0.11780104712041885,0.07950530035335689,0.9942389223194749
5.8401488838093485,0.11842105263157894,0.07950530035335689,0.9942731126914661
5.903851165164227,0.11936339522546419,0.07950530035335689,0.994324398249453
5.967553446519091,0.12162162162162163,0.07950530035335689,0.9944440645514223
6.031255727873955,0.1178082191780822,0.07597173144876325,0.9944953501094091
6.094958009228819,0.116991643454039,0.07420494699646643,0.9945808260393874
6.158660290583697,0.11898016997167139,0.07420494699646643,0.994683397155361
6.222362571938561,0.11815561959654179,0.07243816254416961,0.9947688730853391
6.286064853293425,0.11661807580174927,0.0706713780918728,0.9948201586433261
6.349767134648303,0.11764705882352941,0.0706713780918728,0.9948714442013129
6.413469416003167,0.11869436201780416,0.0706713780918728,0.9949227297592997
6.477171697358031,0.12084592145015106,0.0706713780918728,0.9950253008752735
6.540873978712909,0.12232415902140673,0.0706713780918728,0.995093681619256
6.604576260067773,0.12422360248447205,0.0706713780918728,0.9951791575492341
6.668278541422637,0.12264150943396226,0.06890459363957598,0.995230443107221
6.7319808227775155,0.12420382165605096,0.06890459363957598,0.9952988238512035
6.7956831041323795,0.12540192926045016,0.06890459363957598,0.9953501094091903
6.8593853854872435,0.1180327868852459,0.0636042402826855,0.9954013949671773
6.923087666842122,0.11842105263157894,0.0636042402826855,0.9954184901531729
6.986789948196986,0.1174496644295302,0.061837455830388695,0.995503966083151
7.05049222955185,0.11824324324324324,0.061837455830388695,0.9955381564551422
7.114194510906728,0.11945392491467577,0.061837455830388695,0.9955894420131292
7.177896792261592,0.11986301369863013,0.061837455830388695,0.9956065371991247
7.241599073616456,0.1206896551724138,0.061837455830388695,0.995640727571116
7.305301354971334,0.11846689895470383,0.06007067137809187,0.9956749179431073
7.369003636326198,0.11578947368421053,0.05830388692579505,0.9956920131291028
7.432705917681062,0.11702127659574468,0.05830388692579505,0.9957432986870897
7.49640819903594,0.11827956989247312,0.05830388692579505,0.9957945842450766
7.560110480390804,0.12,0.05830388692579505,0.9958629649890591
7.623812761745668,0.12043795620437957,0.05830388692579505,0.9958800601750547
7.687515043100547,0.11764705882352941,0.05653710247349823,0.9958971553610503
7.751217324455411,0.11524163568773234,0.054770318021201414,0.9959313457330415
7.814919605810275,0.11524163568773234,0.054770318021201414,0.9959313457330415
7.878621887165153,0.11610486891385768,0.054770318021201414,0.9959655361050328
7.942324168520017,0.11654135338345864,0.054770318021201414,0.9959826312910285
8.00602644987488,0.11787072243346007,0.054770318021201414,0.9960339168490153
8.069728731229759,0.11877394636015326,0.054770318021201414,0.9960681072210066
8.133431012584623,0.12015503875968993,0.054770318021201414,0.9961193927789934
8.197133293939487,0.12109375,0.054770318021201414,0.9961535831509847
8.260835575294365,0.116,0.05123674911660778,0.9962219638949672
8.32453785664923,0.11885245901639344,0.05123674911660778,0.9963245350109409
8.388240138004093,0.11934156378600823,0.05123674911660778,0.9963416301969366
8.451942419358971,0.11934156378600823,0.05123674911660778,0.9963416301969366
8.515644700713835,0.12133891213389121,0.05123674911660778,0.9964100109409191
8.5793469820687,0.12133891213389121,0.05123674911660778,0.9964100109409191
8.643049263423578,0.1228813559322034,0.05123674911660778,0.9964612964989059
8.706751544778442,0.12608695652173912,0.05123674911660778,0.9965638676148797
8.770453826133306,0.12444444444444444,0.04946996466431095,0.9966322483588621
8.834156107488184,0.12556053811659193,0.04946996466431095,0.9966664387308534
8.897858388843048,0.12727272727272726,0.04946996466431095,0.9967177242888403
8.961560670197912,0.12093023255813953,0.045936395759717315,0.9967690098468271
9.02526295155279,0.11737089201877934,0.044169611307420496,0.9967861050328227
9.088965232907654,0.11737089201877934,0.044169611307420496,0.9967861050328227
9.152667514262518,0.1179245283018868,0.044169611307420496,0.9968032002188184
9.216369795617396,0.11483253588516747,0.04240282685512368,0.9968373905908097
9.28007207697226,0.11483253588516747,0.04240282685512368,0.9968373905908097
9.343774358327124,0.11538461538461539,0.04240282685512368,0.9968544857768052
9.407476639682002,0.11707317073170732,0.04240282685512368,0.9969057713347921
9.471178921036866,0.11822660098522167,0.04240282685512368,0.9969399617067833
9.53488120239173,0.1116751269035533,0.038869257950530034,0.9970083424507659
9.598583483746609,0.1116751269035533,0.038869257950530034,0.9970083424507659
9.662285765101473,0.10309278350515463,0.0353356890459364,0.9970254376367614
9.725988046456337,0.10362694300518134,0.0353356890459364,0.9970425328227571
9.789690327811215,0.1,0.03356890459363958,0.9970767231947484
9.853392609166079,0.10215053763440861,0.03356890459363958,0.9971451039387309
9.917094890520943,0.10497237569060773,0.03356890459363958,0.997230579868709
9.980797171875807,0.10555555555555556,0.03356890459363958,0.9972476750547046
10.044499453230685,0.10674157303370786,0.03356890459363958,0.9972818654266958
10.108201734585549,0.10795454545454546,0.03356890459363958,0.9973160557986871
10.171904015940413,0.10795454545454546,0.03356890459363958,0.9973160557986871
10.235606297295291,0.10857142857142857,0.03356890459363958,0.9973331509846827
10.299308578650155,0.10404624277456648,0.03180212014134275,0.9973502461706784
10.36301086000502,0.09941520467836257,0.030035335689045935,0.9973673413566739
10.426713141359897,0.1,0.030035335689045935,0.9973844365426696
10.490415422714761,0.1,0.030035335689045935,0.9973844365426696
10.554117704069625,0.10059171597633136,0.030035335689045935,0.9974015317286652
10.617819985424504,0.10240963855421686,0.030035335689045935,0.997452817286652
10.681522266779368,0.10303030303030303,0.030035335689045935,0.9974699124726477
10.745224548134232,0.10365853658536585,0.030035335689045935,0.9974870076586433
10.80892682948911,0.10493827160493827,0.030035335689045935,0.9975211980306345
10.872629110843974,0.10559006211180125,0.030035335689045935,0.9975382932166302
10.936331392198838,0.10625,0.030035335689045935,0.9975553884026258
11.000033673553716,0.10828025477707007,0.030035335689045935,0.9976066739606126
11.06373595490858,0.10828025477707007,0.030035335689045935,0.9976066739606126
11.127438236263444,0.10897435897435898,0.030035335689045935,0.9976237691466083
11.191140517618322,0.10967741935483871,0.030035335689045935,0.9976408643326039
11.254842798973186,0.10666666666666667,0.028268551236749116,0.9977092450765864
11.31854508032805,0.10810810810810811,0.028268551236749116,0.9977434354485777
11.382247361682928,0.1095890410958904,0.028268551236749116,0.997777625820569
11.445949643037792,0.11188811188811189,0.028268551236749116,0.9978289113785558
11.509651924392656,0.11347517730496454,0.028268551236749116,0.997863101750547
11.573354205747535,0.11428571428571428,0.028268551236749116,0.9978801969365426
11.637056487102399,0.11510791366906475,0.028268551236749116,0.9978972921225383
11.700758768457263,0.11594202898550725,0.028268551236749116,0.9979143873085339
11.764461049812141,0.11764705882352941,0.028268551236749116,0.9979485776805251
11.828163331167005,0.11940298507462686,0.028268551236749116,0.9979827680525164
11.891865612521869,0.12213740458015267,0.028268551236749116,0.9980340536105032
11.955567893876747,0.12213740458015267,0.028268551236749116,0.9980340536105032
12.019270175231611,0.12307692307692308,0.028268551236749116,0.9980511487964989
12.082972456586475,0.12698412698412698,0.028268551236749116,0.9981195295404814
12.146674737941353,0.13114754098360656,0.028268551236749116,0.9981879102844639
12.210377019296217,0.13114754098360656,0.028268551236749116,0.9981879102844639
12.274079300651081,0.13114754098360656,0.028268551236749116,0.9981879102844639
12.33778158200596,0.13445378151260504,0.028268551236749116,0.9982391958424508
12.401483863360824,0.13559322033898305,0.028268551236749116,0.9982562910284464
12.465186144715688,0.12931034482758622,0.026501766784452298,0.9982733862144421
12.528888426070566,0.12931034482758622,0.026501766784452298,0.9982733862144421
12.59259070742543,0.13043478260869565,0.026501766784452298,0.9982904814004376
12.656292988780294,0.13392857142857142,0.026501766784452298,0.9983417669584245
12.719995270135172,0.13636363636363635,0.026501766784452298,0.9983759573304157
12.783697551490036,0.1388888888888889,0.026501766784452298,0.998410147702407
12.8473998328449,0.14018691588785046,0.026501766784452298,0.9984272428884027
12.911102114199778,0.14150943396226415,0.026501766784452298,0.9984443380743983
12.974804395554642,0.14285714285714285,0.026501766784452298,0.9984614332603938
13.038506676909506,0.14705882352941177,0.026501766784452298,0.9985127188183808
13.102208958264384,0.14,0.024734982332155476,0.9985298140043763
13.165911239619248,0.14285714285714285,0.024734982332155476,0.9985640043763676
13.229613520974112,0.14432989690721648,0.024734982332155476,0.9985810995623632
13.29331580232899,0.14432989690721648,0.024734982332155476,0.9985810995623632
13.357018083683855,0.14893617021276595,0.024734982332155476,0.9986323851203501
13.420720365038719,0.15384615384615385,0.024734982332155476,0.998683670678337
13.484422646393597,0.15730337078651685,0.024734982332155476,0.9987178610503282
13.54812492774846,0.1590909090909091,0.024734982332155476,0.9987349562363238
13.611827209103325,0.16470588235294117,0.024734982332155476,0.9987862417943107
13.675529490458203,0.16666666666666666,0.024734982332155476,0.9988033369803063
13.739231771813067,0.15853658536585366,0.022968197879858657,0.998820432166302
13.802934053167931,0.15853658536585366,0.022968197879858657,0.998820432166302
13.86663633452281,0.16049382716049382,0.022968197879858657,0.9988375273522976
13.930338615877673,0.1625,0.022968197879858657,0.9988546225382933
13.994040897232537,0.16455696202531644,0.022968197879858657,0.9988717177242888
14.057743178587415,0.16455696202531644,0.022968197879858657,0.9988717177242888
14.12144545994228,0.16883116883116883,0.022968197879858657,0.9989059080962801
14.185147741297143,0.16883116883116883,0.022968197879858657,0.9989059080962801
14.248850022652007,0.17105263157894737,0.022968197879858657,0.9989230032822757
14.312552304006886,0.17105263157894737,0.022968197879858657,0.9989230032822757
14.37625458536175,0.17333333333333334,0.022968197879858657,0.9989400984682714
14.439956866716614,0.17333333333333334,0.022968197879858657,0.9989400984682714
14.503659148071492,0.17333333333333334,0.022968197879858657,0.9989400984682714
14.567361429426356,0.18055555555555555,0.022968197879858657,0.9989913840262582
14.63106371078122,0.18571428571428572,0.022968197879858657,0.9990255743982495
14.694765992136098,0.18840579710144928,0.022968197879858657,0.999042669584245
14.758468273490962,0.19117647058823528,0.022968197879858657,0.9990597647702407
14.822170554845826,0.19117647058823528,0.022968197879858657,0.9990597647702407
14.885872836200704,0.19402985074626866,0.022968197879858657,0.9990768599562363
14.949575117555568,0.19696969696969696,0.022968197879858657,0.999093955142232
15.013277398910432,0.2,0.022968197879858657,0.9991110503282276
15.07697968026531,0.2,0.022968197879858657,0.9991110503282276
15.140681961620174,0.2,0.022968197879858657,0.9991110503282276
15.204384242975038,0.1875,0.02120141342756184,0.9991110503282276
15.268086524329917,0.1875,0.02120141342756184,0.9991110503282276
15.33178880568478,0.1875,0.02120141342756184,0.9991110503282276
15.395491087039645,0.1935483870967742,0.02120141342756184,0.9991452407002188
15.459193368394523,0.1935483870967742,0.02120141342756184,0.9991452407002188
15.522895649749387,0.1935483870967742,0.02120141342756184,0.9991452407002188
15.58659793110425,0.19672131147540983,0.02120141342756184,0.9991623358862144
15.650300212459129,0.19672131147540983,0.02120141342756184,0.9991623358862144
15.714002493813993,0.2,0.02120141342756184,0.9991794310722101
15.777704775168857,0.2,0.02120141342756184,0.9991794310722101
15.841407056523735,0.2,0.02120141342756184,0.9991794310722101
15.9051093378786,0.2,0.02120141342756184,0.9991794310722101
15.968811619233463,0.2033898305084746,0.02120141342756184,0.9991965262582057
16.03251390058834,0.20689655172413793,0.02120141342756184,0.9992136214442013
16.096216181943205,0.19298245614035087,0.019434628975265017,0.9992136214442013
16.15991846329807,0.19298245614035087,0.019434628975265017,0.9992136214442013
16.223620744652948,0.19298245614035087,0.019434628975265017,0.9992136214442013
16.28732302600781,0.19298245614035087,0.019434628975265017,0.9992136214442013
16.351025307362676,0.19298245614035087,0.019434628975265017,0.9992136214442013
16.414727588717554,0.19642857142857142,0.019434628975265017,0.9992307166301969
16.478429870072418,0.19642857142857142,0.019434628975265017,0.9992307166301969
16.542132151427282,0.20754716981132076,0.019434628975265017,0.9992820021881839
16.60583443278216,0.21153846153846154,0.019434628975265017,0.9992990973741794
16.669536714137024,0.21153846153846154,0.019434628975265017,0.9992990973741794
16.733238995491888,0.21153846153846154,0.019434628975265017,0.9992990973741794
16.796941276846766,0.21568627450980393,0.019434628975265017,0.999316192560175
16.86064355820163,0.22,0.019434628975265017,0.9993332877461707
16.924345839556494,0.22,0.019434628975265017,0.9993332877461707
16.988048120911373,0.22448979591836735,0.019434628975265017,0.9993503829321663
17.051750402266237,0.20833333333333334,0.0176678445229682,0.9993503829321663
17.1154526836211,0.20833333333333334,0.0176678445229682,0.9993503829321663
17.17915496497598,0.2127659574468085,0.0176678445229682,0.999367478118162
17.242857246330843,0.2127659574468085,0.0176678445229682,0.999367478118162
17.306559527685707,0.21739130434782608,0.0176678445229682,0.9993845733041575
17.370261809040585,0.2222222222222222,0.0176678445229682,0.9994016684901532
17.43396409039545,0.22727272727272727,0.0176678445229682,0.9994187636761488
17.497666371750313,0.22727272727272727,0.0176678445229682,0.9994187636761488
17.56136865310519,0.23255813953488372,0.0176678445229682,0.9994358588621444
17.625070934460055,0.23255813953488372,0.0176678445229682,0.9994358588621444
17.68877321581492,0.21428571428571427,0.015901060070671377,0.9994358588621444
17.752475497169797,0.21428571428571427,0.015901060070671377,0.9994358588621444
17.81617777852466,0.225,0.015901060070671377,0.9994700492341356
17.879880059879525,0.21052631578947367,0.014134275618374558,0.9994871444201313
17.943582341234404,0.21052631578947367,0.014134275618374558,0.9994871444201313
18.007284622589268,0.21052631578947367,0.014134275618374558,0.9994871444201313
18.07098690394413,0.2222222222222222,0.014134275618374558,0.9995213347921226
18.134689185298996,0.22857142857142856,0.014134275618374558,0.9995384299781181
18.198391466653874,0.20588235294117646,0.012367491166077738,0.9995384299781181
18.262093748008738,0.22580645161290322,0.012367491166077738,0.999589715536105
18.3257960293636,0.22580645161290322,0.012367491166077738,0.999589715536105
18.38949831071848,0.22580645161290322,0.012367491166077738,0.999589715536105
18.453200592073344,0.23333333333333334,0.012367491166077738,0.9996068107221007
18.516902873428208,0.23333333333333334,0.012367491166077738,0.9996068107221007
18.580605154783086,0.23333333333333334,0.012367491166077738,0.9996068107221007
18.64430743613795,0.2413793103448276,0.012367491166077738,0.9996239059080962
18.708009717492814,0.2413793103448276,0.012367491166077738,0.9996239059080962
18.771711998847692,0.25,0.012367491166077738,0.9996410010940919
18.835414280202556,0.25,0.012367491166077738,0.9996410010940919
18.89911656155742,0.25,0.012367491166077738,0.9996410010940919
18.9628188429123,0.25,0.012367491166077738,0.9996410010940919
19.026521124267163,0.25,0.012367491166077738,0.9996410010940919
19.090223405622027,0.25925925925925924,0.012367491166077738,0.9996580962800875
19.153925686976905,0.2692307692307692,0.012367491166077738,0.9996751914660832
19.21762796833177,0.2692307692307692,0.012367491166077738,0.9996751914660832
19.281330249686633,0.2692307692307692,0.012367491166077738,0.9996751914660832
19.34503253104151,0.2692307692307692,0.012367491166077738,0.9996751914660832
19.408734812396375,0.2608695652173913,0.01060070671378092,0.9997093818380745
19.47243709375124,0.2608695652173913,0.01060070671378092,0.9997093818380745
19.536139375106117,0.2608695652173913,0.01060070671378092,0.9997093818380745
19.59984165646098,0.2608695652173913,0.01060070671378092,0.9997093818380745
19.663543937815845,0.2608695652173913,0.01060070671378092,0.9997093818380745
19.727246219170723,0.2608695652173913,0.01060070671378092,0.9997093818380745
19.790948500525587,0.2608695652173913,0.01060070671378092,0.9997093818380745
19.85465078188045,0.2608695652173913,0.01060070671378092,0.9997093818380745
19.91835306323533,0.2608695652173913,0.01060070671378092,0.9997093818380745
19.982055344590194,0.2608695652173913,0.01060070671378092,0.9997093818380745
20.045757625945058,0.2608695652173913,0.01060070671378092,0.9997093818380745
20.109459907299936,0.2727272727272727,0.01060070671378092,0.99972647702407
20.1731621886548,0.2727272727272727,0.01060070671378092,0.99972647702407
20.236864470009664,0.2727272727272727,0.01060070671378092,0.99972647702407
20.300566751364542,0.2727272727272727,0.01060070671378092,0.99972647702407
20.364269032719406,0.2727272727272727,0.01060070671378092,0.99972647702407
20.42797131407427,0.2727272727272727,0.01060070671378092,0.99972647702407
20.49167359542915,0.2727272727272727,0.01060070671378092,0.99972647702407
20.555375876784012,0.2727272727272727,0.01060070671378092,0.99972647702407
20.619078158138876,0.2727272727272727,0.01060070671378092,0.99972647702407
20.682780439493754,0.2727272727272727,0.01060070671378092,0.99972647702407
20.74648272084862,0.2727272727272727,0.01060070671378092,0.99972647702407
20.810185002203482,0.2727272727272727,0.01060070671378092,0.99972647702407
20.87388728355836,0.23809523809523808,0.0088339222614841,0.99972647702407
20.937589564913225,0.2631578947368421,0.0088339222614841,0.9997606673960613
21.00129184626809,0.2631578947368421,0.0088339222614841,0.9997606673960613
21.064994127622967,0.2631578947368421,0.0088339222614841,0.9997606673960613
21.12869640897783,0.2631578947368421,0.0088339222614841,0.9997606673960613
21.192398690332695,0.2777777777777778,0.0088339222614841,0.9997777625820569
21.256100971687573,0.2777777777777778,0.0088339222614841,0.9997777625820569
21.319803253042437,0.2777777777777778,0.0088339222614841,0.9997777625820569
21.3835055343973,0.29411764705882354,0.0088339222614841,0.9997948577680525
21.44720781575218,0.29411764705882354,0.0088339222614841,0.9997948577680525
21.510910097107043,0.29411764705882354,0.0088339222614841,0.9997948577680525
21.574612378461907,0.29411764705882354,0.0088339222614841,0.9997948577680525
21.638314659816785,0.29411764705882354,0.0088339222614841,0.9997948577680525
21.70201694117165,0.29411764705882354,0.0088339222614841,0.9997948577680525
21.765719222526513,0.29411764705882354,0.0088339222614841,0.9997948577680525
21.82942150388139,0.29411764705882354,0.0088339222614841,0.9997948577680525
21.893123785236256,0.29411764705882354,0.0088339222614841,0.9997948577680525
21.95682606659112,0.29411764705882354,0.0088339222614841,0.9997948577680525
22.020528347945998,0.29411764705882354,0.0088339222614841,0.9997948577680525
22.084230629300862,0.29411764705882354,0.0088339222614841,0.9997948577680525
22.147932910655726,0.29411764705882354,0.0088339222614841,0.9997948577680525
22.211635192010604,0.29411764705882354,0.0088339222614841,0.9997948577680525
22.275337473365468,0.29411764705882354,0.0088339222614841,0.9997948577680525
22.339039754720332,0.29411764705882354,0.0088339222614841,0.9997948577680525
22.402742036075196,0.29411764705882354,0.0088339222614841,0.9997948577680525
22.466444317430074,0.29411764705882354,0.0088339222614841,0.9997948577680525
22.53014659878494,0.3125,0.0088339222614841,0.9998119529540481
22.593848880139802,0.3125,0.0088339222614841,0.9998119529540481
22.65755116149468,0.3125,0.0088339222614841,0.9998119529540481
22.721253442849545,0.3333333333333333,0.0088339222614841,0.9998290481400438
22.78495572420441,0.3333333333333333,0.0088339222614841,0.9998290481400438
22.848658005559287,0.3333333333333333,0.0088339222614841,0.9998290481400438
22.91236028691415,0.3333333333333333,0.0088339222614841,0.9998290481400438
22.976062568269015,0.2857142857142857,0.007067137809187279,0.9998290481400438
23.039764849623893,0.2857142857142857,0.007067137809187279,0.9998290481400438
23.103467130978757,0.3076923076923077,0.007067137809187279,0.9998461433260394
23.16716941233362,0.3333333333333333,0.007067137809187279,0.999863238512035
23.2308716936885,0.3333333333333333,0.007067137809187279,0.999863238512035
23.294573975043363,0.3333333333333333,0.007067137809187279,0.999863238512035
23.358276256398227,0.36363636363636365,0.007067137809187279,0.9998803336980306
23.421978537753105,0.36363636363636365,0.007067137809187279,0.9998803336980306
23.48568081910797,0.36363636363636365,0.007067137809187279,0.9998803336980306
23.549383100462833,0.36363636363636365,0.007067137809187279,0.9998803336980306
23.61308538181771,0.3,0.00530035335689046,0.9998803336980306
23.676787663172576,0.3,0.00530035335689046,0.9998803336980306
23.74048994452744,0.3,0.00530035335689046,0.9998803336980306
23.804192225882318,0.3,0.00530035335689046,0.9998803336980306
23.86789450723718,0.3,0.00530035335689046,0.9998803336980306
23.931596788592046,0.3,0.00530035335689046,0.9998803336980306
23.995299069946924,0.3,0.00530035335689046,0.9998803336980306
24.059001351301788,0.3,0.00530035335689046,0.9998803336980306
24.122703632656652,0.3,0.00530035335689046,0.9998803336980306
24.18640591401153,0.3,0.00530035335689046,0.9998803336980306
24.250108195366394,0.3,0.00530035335689046,0.9998803336980306
24.313810476721258,0.3,0.00530035335689046,0.9998803336980306
24.377512758076136,0.3,0.00530035335689046,0.9998803336980306
24.441215039431,0.3,0.00530035335689046,0.9998803336980306
24.504917320785864,0.3,0.00530035335689046,0.9998803336980306
24.568619602140743,0.2222222222222222,0.0035335689045936395,0.9998803336980306
24.632321883495607,0.2222222222222222,0.0035335689045936395,0.9998803336980306
24.69602416485047,0.2222222222222222,0.0035335689045936395,0.9998803336980306
24.75972644620535,0.2222222222222222,0.0035335689045936395,0.9998803336980306
24.823428727560213,0.2222222222222222,0.0035335689045936395,0.9998803336980306
24.887131008915077,0.2222222222222222,0.0035335689045936395,0.9998803336980306
24.950833290269955,0.2222222222222222,0.0035335689045936395,0.9998803336980306
25.01453557162482,0.2222222222222222,0.0035335689045936395,0.9998803336980306
25.078237852979683,0.2222222222222222,0.0035335689045936395,0.9998803336980306
25.14194013433456,0.2222222222222222,0.0035335689045936395,0.9998803336980306
25.205642415689425,0.2222222222222222,0.0035335689045936395,0.9998803336980306
25.26934469704429,0.2222222222222222,0.0035335689045936395,0.9998803336980306
25.333046978399167,0.25,0.0035335689045936395,0.9998974288840262
25.39674925975403,0.25,0.0035335689045936395,0.9998974288840262
25.460451541108895,0.25,0.0035335689045936395,0.9998974288840262
25.524153822463774,0.25,0.0035335689045936395,0.9998974288840262
25.587856103818638,0.25,0.0035335689045936395,0.9998974288840262
25.6515583851735,0.2857142857142857,0.0035335689045936395,0.9999145240700219
25.71526066652838,0.2857142857142857,0.0035335689045936395,0.9999145240700219
25.778962947883244,0.2857142857142857,0.0035335689045936395,0.9999145240700219
25.842665229238108,0.3333333333333333,0.0035335689045936395,0.9999316192560175
25.906367510592986,0.3333333333333333,0.0035335689045936395,0.9999316192560175
25.97006979194785,0.3333333333333333,0.0035335689045936395,0.9999316192560175
26.033772073302714,0.3333333333333333,0.0035335689045936395,0.9999316192560175
26.097474354657592,0.3333333333333333,0.0035335689045936395,0.9999316192560175
26.161176636012456,0.3333333333333333,0.0035335689045936395,0.9999316192560175
26.22487891736732,0.3333333333333333,0.0035335689045936395,0.9999316192560175
26.288581198722184,0.3333333333333333,0.0035335689045936395,0.9999316192560175
26.352283480077062,0.3333333333333333,0.0035335689045936395,0.9999316192560175
26.415985761431926,0.3333333333333333,0.0035335689045936395,0.9999316192560175
26.47968804278679,0.3333333333333333,0.0035335689045936395,0.9999316192560175
26.54339032414167,0.3333333333333333,0.0035335689045936395,0.9999316192560175
26.607092605496533,0.3333333333333333,0.0035335689045936395,0.9999316192560175
26.670794886851397,0.3333333333333333,0.0035335689045936395,0.9999316192560175
26.734497168206275,0.3333333333333333,0.0035335689045936395,0.9999316192560175
26.79819944956114,0.3333333333333333,0.0035335689045936395,0.9999316192560175
26.861901730916003,0.3333333333333333,0.0035335689045936395,0.9999316192560175
26.92560401227088,0.3333333333333333,0.0035335689045936395,0.9999316192560175
26.989306293625745,0.4,0.0035335689045936395,0.9999487144420132
27.05300857498061,0.4,0.0035335689045936395,0.9999487144420132
27.116710856335487,0.4,0.0035335689045936395,0.9999487144420132
27.18041313769035,0.5,0.0035335689045936395,0.9999658096280087
27.244115419045215,0.5,0.0035335689045936395,0.9999658096280087
27.307817700400093,0.5,0.0035335689045936395,0.9999658096280087
27.371519981754957,0.5,0.0035335689045936395,0.9999658096280087
27.43522226310982,0.5,0.0035335689045936395,0.9999658096280087
27.4989245444647,0.5,0.0035335689045936395,0.9999658096280087
27.562626825819564,0.5,0.0035335689045936395,0.9999658096280087
27.626329107174428,0.5,0.0035335689045936395,0.9999658096280087
27.690031388529306,0.5,0.0035335689045936395,0.9999658096280087
27.75373366988417,0.5,0.0035335689045936395,0.9999658096280087
27.817435951239034,0.6666666666666666,0.0035335689045936395,0.9999829048140044
27.881138232593912,0.6666666666666666,0.0035335689045936395,0.9999829048140044
27.944840513948776,0.6666666666666666,0.0035335689045936395,0.9999829048140044
28.00854279530364,0.6666666666666666,0.0035335689045936395,0.9999829048140044
28.07224507665852,0.6666666666666666,0.0035335689045936395,0.9999829048140044
28.135947358013382,0.6666666666666666,0.0035335689045936395,0.9999829048140044
28.199649639368246,0.6666666666666666,0.0035335689045936395,0.9999829048140044
28.263351920723125,0.6666666666666666,0.0035335689045936395,0.9999829048140044
28.32705420207799,0.6666666666666666,0.0035335689045936395,0.9999829048140044
28.390756483432853,0.6666666666666666,0.0035335689045936395,0.9999829048140044
28.45445876478773,0.6666666666666666,0.0035335689045936395,0.9999829048140044
28.518161046142595,0.6666666666666666,0.0035335689045936395,0.9999829048140044
28.58186332749746,0.6666666666666666,0.0035335689045936395,0.9999829048140044
28.645565608852337,0.6666666666666666,0.0035335689045936395,0.9999829048140044
28.7092678902072,0.6666666666666666,0.0035335689045936395,0.9999829048140044
28.772970171562065,0.6666666666666666,0.0035335689045936395,0.9999829048140044
28.836672452916943,0.6666666666666666,0.0035335689045936395,0.9999829048140044
28.900374734271807,0.6666666666666666,0.0035335689045936395,0.9999829048140044
28.96407701562667,0.6666666666666666,0.0035335689045936395,0.9999829048140044
29.02777929698155,0.6666666666666666,0.0035335689045936395,0.9999829048140044
29.091481578336413,0.6666666666666666,0.0035335689045936395,0.9999829048140044
29.155183859691277,0.6666666666666666,0.0035335689045936395,0.9999829048140044
29.218886141046156,0.6666666666666666,0.0035335689045936395,0.9999829048140044
29.28258842240102,0.5,0.0017667844522968198,0.9999829048140044
29.346290703755884,0.5,0.0017667844522968198,0.9999829048140044
29.40999298511076,0.5,0.0017667844522968198,0.9999829048140044
29.473695266465626,0.5,0.0017667844522968198,0.9999829048140044
29.53739754782049,0.5,0.0017667844522968198,0.9999829048140044
29.601099829175368,0.5,0.0017667844522968198,0.9999829048140044
29.664802110530232,0.5,0.0017667844522968198,0.9999829048140044
29.728504391885096,0.5,0.0017667844522968198,0.9999829048140044
29.792206673239974,0.5,0.0017667844522968198,0.9999829048140044
29.855908954594838,0.5,0.0017667844522968198,0.9999829048140044
29.919611235949702,0.5,0.0017667844522968198,0.9999829048140044
29.98331351730458,0.5,0.0017667844522968198,0.9999829048140044
30.047015798659444,0.5,0.0017667844522968198,0.9999829048140044
30.11071808001431,0.5,0.0017667844522968198,0.9999829048140044
30.174420361369187,0.5,0.0017667844522968198,0.9999829048140044
30.23812264272405,0.5,0.0017667844522968198,0.9999829048140044
30.301824924078915,0.5,0.0017667844522968198,0.9999829048140044
30.365527205433793,0.5,0.0017667844522968198,0.9999829048140044
30.429229486788657,0.5,0.0017667844522968198,0.9999829048140044
30.49293176814352,0.5,0.0017667844522968198,0.9999829048140044
30.556634049498385,0.5,0.0017667844522968198,0.9999829048140044
30.620336330853263,0.5,0.0017667844522968198,0.9999829048140044
30.684038612208127,0.5,0.0017667844522968198,0.9999829048140044
30.74774089356299,0.5,0.0017667844522968198,0.9999829048140044
30.81144317491787,0.5,0.0017667844522968198,0.9999829048140044
30.875145456272733,0.5,0.0017667844522968198,0.9999829048140044
30.938847737627597,0.5,0.0017667844522968198,0.9999829048140044
31.002550018982475,0.5,0.0017667844522968198,0.9999829048140044
31.06625230033734,0.5,0.0017667844522968198,0.9999829048140044
31.129954581692203,0.5,0.0017667844522968198,0.9999829048140044
31.19365686304708,0.5,0.0017667844522968198,0.9999829048140044
31.257359144401946,0.5,0.0017667844522968198,0.9999829048140044
31.32106142575681,0.5,0.0017667844522968198,0.9999829048140044
31.384763707111688,0.5,0.0017667844522968198,0.9999829048140044
31.448465988466552,0.5,0.0017667844522968198,0.9999829048140044
31.512168269821416,0.5,0.0017667844522968198,0.9999829048140044
31.575870551176294,0.5,0.0017667844522968198,0.9999829048140044
31.639572832531158,0.5,0.0017667844522968198,0.9999829048140044
31.703275113886022,0.5,0.0017667844522968198,0.9999829048140044
31.7669773952409,0.5,0.0017667844522968198,0.9999829048140044
31.830679676595764,0.5,0.0017667844522968198,0.9999829048140044
31.89438195795063,0.5,0.0017667844522968198,0.9999829048140044
31.958084239305506,0.5,0.0017667844522968198,0.9999829048140044
32.02178652066037,0.5,0.0017667844522968198,0.9999829048140044
32.085488802015234,0.5,0.0017667844522968198,0.9999829048140044
32.14919108337011,0.5,0.0017667844522968198,0.9999829048140044
32.21289336472498,0.5,0.0017667844522968198,0.9999829048140044
32.27659564607984,0.5,0.0017667844522968198,0.9999829048140044
32.34029792743472,0.5,0.0017667844522968198,0.9999829048140044
32.40400020878958,0.5,0.0017667844522968198,0.9999829048140044
32.46770249014445,0.5,0.0017667844522968198,0.9999829048140044
32.531404771499325,0.5,0.0017667844522968198,0.9999829048140044
32.59510705285419,0.5,0.0017667844522968198,0.9999829048140044
32.65880933420905,0.5,0.0017667844522968198,0.9999829048140044
32.72251161556393,0.5,0.0017667844522968198,0.9999829048140044
32.786213896918795,0.5,0.0017667844522968198,0.9999829048140044
32.84991617827366,0.5,0.0017667844522968198,0.9999829048140044
32.91361845962854,0.5,0.0017667844522968198,0.9999829048140044
32.9773207409834,0.5,0.0017667844522968198,0.9999829048140044
33.041023022338265,0.5,0.0017667844522968198,0.9999829048140044
33.104725303693144,0.5,0.0017667844522968198,0.9999829048140044
33.16842758504801,0.5,0.0017667844522968198,0.9999829048140044
33.23212986640287,0.5,0.0017667844522968198,0.9999829048140044
33.29583214775775,0.5,0.0017667844522968198,0.9999829048140044
33.359534429112614,0.5,0.0017667844522968198,0.9999829048140044
33.42323671046748,0.5,0.0017667844522968198,0.9999829048140044
33.486938991822356,0.5,0.0017667844522968198,0.9999829048140044
33.55064127317722,0.5,0.0017667844522968198,0.9999829048140044
33.614343554532084,0.5,0.0017667844522968198,0.9999829048140044
33.67804583588696,0.5,0.0017667844522968198,0.9999829048140044
33.741748117241826,0.5,0.0017667844522968198,0.9999829048140044
33.80545039859669,0.5,0.0017667844522968198,0.9999829048140044
33.86915267995157,0.5,0.0017667844522968198,0.9999829048140044
33.93285496130643,0.5,0.0017667844522968198,0.9999829048140044
33.9965572426613,0.5,0.0017667844522968198,0.9999829048140044
34.060259524016175,0.5,0.0017667844522968198,0.9999829048140044
34.12396180537104,0.5,0.0017667844522968198,0.9999829048140044
34.1876640867259,0.5,0.0017667844522968198,0.9999829048140044
34.25136636808078,0.5,0.0017667844522968198,0.9999829048140044
34.315068649435645,0.5,0.0017667844522968198,0.9999829048140044
34.37877093079051,0.5,0.0017667844522968198,0.9999829048140044
34.44247321214537,0.5,0.0017667844522968198,0.9999829048140044
34.50617549350025,0.5,0.0017667844522968198,0.9999829048140044
34.569877774855115,0.5,0.0017667844522968198,0.9999829048140044
34.63358005620998,0.5,0.0017667844522968198,0.9999829048140044
34.69728233756486,0.5,0.0017667844522968198,0.9999829048140044
34.76098461891972,0.5,0.0017667844522968198,0.9999829048140044
34.824686900274585,0.5,0.0017667844522968198,0.9999829048140044
34.888389181629464,0.5,0.0017667844522968198,0.9999829048140044
34.95209146298433,0.5,0.0017667844522968198,0.9999829048140044
35.01579374433919,0.5,0.0017667844522968198,0.9999829048140044
35.07949602569407,0.5,0.0017667844522968198,0.9999829048140044
35.143198307048934,0.5,0.0017667844522968198,0.9999829048140044
35.2069005884038,0.5,0.0017667844522968198,0.9999829048140044
35.270602869758676,0.5,0.0017667844522968198,0.9999829048140044
35.33430515111354,0.5,0.0017667844522968198,0.9999829048140044
35.398007432468404,0.5,0.0017667844522968198,0.9999829048140044
35.46170971382328,0.5,0.0017667844522968198,0.9999829048140044
35.525411995178146,0.5,0.0017667844522968198,0.9999829048140044
35.58911427653301,0.5,0.0017667844522968198,0.9999829048140044
35.65281655788789,0.5,0.0017667844522968198,0.9999829048140044
35.71651883924275,0.5,0.0017667844522968198,0.9999829048140044
35.780221120597616,0.5,0.0017667844522968198,0.9999829048140044
35.843923401952495,0.5,0.0017667844522968198,0.9999829048140044
35.90762568330736,0.5,0.0017667844522968198,0.9999829048140044
35.97132796466222,0.5,0.0017667844522968198,0.9999829048140044
36.0350302460171,0.5,0.0017667844522968198,0.9999829048140044
36.098732527371965,0.5,0.0017667844522968198,0.9999829048140044
36.16243480872683,0.5,0.0017667844522968198,0.9999829048140044
36.22613709008171,0.5,0.0017667844522968198,0.9999829048140044
36.28983937143657,0.5,0.0017667844522968198,0.9999829048140044
36.353541652791435,0.5,0.0017667844522968198,0.9999829048140044
36.41724393414631,0.5,0.0017667844522968198,0.9999829048140044
36.48094621550118,0.5,0.0017667844522968198,0.9999829048140044
36.54464849685604,0.5,0.0017667844522968198,0.9999829048140044
36.60835077821092,0.5,0.0017667844522968198,0.9999829048140044
36.67205305956578,0.5,0.0017667844522968198,0.9999829048140044
36.73575534092065,1.0,0.0017667844522968198,1.0
36.799457622275526,1.0,0.0017667844522968198,1.0
36.86315990363039,1.0,0.0017667844522968198,1.0
36.926862184985254,1.0,0.0017667844522968198,1.0
36.99056446634013,1.0,0.0017667844522968198,1.0
37.054266747694996,1.0,0.0017667844522968198,1.0
37.11796902904986,1.0,0.0017667844522968198,1.0
37.18167131040474,1.0,0.0017667844522968198,1.0
37.2453735917596,1.0,0.0017667844522968198,1.0
37.309075873114466,1.0,0.0017667844522968198,1.0
37.372778154469344,1.0,0.0017667844522968198,1.0
37.43648043582421,1.0,0.0017667844522968198,1.0
