Threshold,Precision,Recall,Specificity
-84.79229247767934,0.007839219802918967,1.0,0.0
-84.73405569855473,0.007839352533820964,1.0,1.706513763033499e-05
-84.67581891943011,0.007839352533820964,1.0,1.706513763033499e-05
-84.61758214030549,0.007839352533820964,1.0,1.706513763033499e-05
-84.55934536118087,0.007839352533820964,1.0,1.706513763033499e-05
-84.50110858205626,0.007839352533820964,1.0,1.706513763033499e-05
-84.44287180293165,0.007839352533820964,1.0,1.706513763033499e-05
-84.38463502380702,0.007839352533820964,1.0,1.706513763033499e-05
-84.32639824468241,0.007839352533820964,1.0,1.706513763033499e-05
-84.2681614655578,0.007839352533820964,1.0,1.706513763033499e-05
-84.20992468643318,0.007839352533820964,1.0,1.706513763033499e-05
-84.15168790730856,0.007839352533820964,1.0,1.706513763033499e-05
-84.09345112818394,0.007839352533820964,1.0,1.706513763033499e-05
-84.03521434905933,0.007839352533820964,1.0,1.706513763033499e-05
-83.97697756993472,0.007839352533820964,1.0,1.706513763033499e-05
-83.91874079081009,0.007839352533820964,1.0,1.706513763033499e-05
-83.86050401168548,0.007839352533820964,1.0,1.706513763033499e-05
-83.80226723256087,0.007839352533820964,1.0,1.706513763033499e-05
-83.74403045343625,0.007839352533820964,1.0,1.706513763033499e-05
-83.68579367431163,0.007839485269217746,1.0,3.413027526066998e-05
-83.62755689518701,0.007839485269217746,1.0,3.413027526066998e-05
-83.5693201160624,0.007839485269217746,1.0,3.413027526066998e-05
-83.51108333693779,0.007839485269217746,1.0,3.413027526066998e-05
-83.45284655781316,0.007839485269217746,1.0,3.413027526066998e-05
-83.39460977868855,0.007839485269217746,1.0,3.413027526066998e-05
-83.33637299956393,0.007839485269217746,1.0,3.413027526066998e-05
-83.27813622043932,0.007839485269217746,1.0,3.413027526066998e-05
-83.21989944131471,0.007839485269217746,1.0,3.413027526066998e-05
-83.16166266219008,0.007839485269217746,1.0,3.413027526066998e-05
-83.10342588306547,0.007839485269217746,1.0,3.413027526066998e-05
-83.04518910394086,0.007839485269217746,1.0,3.413027526066998e-05
-82.98695232481624,0.007839485269217746,1.0,3.413027526066998e-05
-82.92871554569162,0.007839485269217746,1.0,3.413027526066998e-05
-82.870478766567,0.007839485269217746,1.0,3.413027526066998e-05
-82.81224198744239,0.007839485269217746,1.0,3.413027526066998e-05
-82.75400520831778,0.007839485269217746,1.0,3.413027526066998e-05
-82.69576842919315,0.007839485269217746,1.0,3.413027526066998e-05
-82.63753165006854,0.007839485269217746,1.0,3.413027526066998e-05
-82.57929487094393,0.007839485269217746,1.0,3.413027526066998e-05
-82.52105809181931,0.007839485269217746,1.0,3.413027526066998e-05
-82.46282131269469,0.007839485269217746,1.0,3.413027526066998e-05
-82.40458453357007,0.007839485269217746,1.0,3.413027526066998e-05
-82.34634775444546,0.007839485269217746,1.0,3.413027526066998e-05
-82.28811097532085,0.007839485269217746,1.0,3.413027526066998e-05
-82.22987419619622,0.007839485269217746,1.0,3.413027526066998e-05
-82.17163741707161,0.007839485269217746,1.0,3.413027526066998e-05
-82.113400637947,0.007839618009109534,1.0,5.119541289100497e-05
-82.05516385882238,0.007839618009109534,1.0,5.119541289100497e-05
-81.99692707969777,0.007839618009109534,1.0,5.119541289100497e-05
-81.93869030057314,0.007839618009109534,1.0,5.119541289100497e-05
-81.88045352144853,0.007839618009109534,1.0,5.119541289100497e-05
-81.82221674232392,0.007839618009109534,1.0,5.119541289100497e-05
-81.7639799631993,0.007839618009109534,1.0,5.119541289100497e-05
-81.70574318407468,0.007839618009109534,1.0,5.119541289100497e-05
-81.64750640495006,0.007839618009109534,1.0,5.119541289100497e-05
-81.58926962582545,0.007839618009109534,1.0,5.119541289100497e-05
-81.53103284670084,0.007839618009109534,1.0,5.119541289100497e-05
-81.47279606757621,0.007839883502379057,1.0,8.532568815167494e-05
-81.4145592884516,0.007839883502379057,1.0,8.532568815167494e-05
-81.35632250932699,0.007839883502379057,1.0,8.532568815167494e-05
-81.29808573020237,0.007839883502379057,1.0,8.532568815167494e-05
-81.23984895107775,0.007839883502379057,1.0,8.532568815167494e-05
-81.18161217195313,0.007839883502379057,1.0,8.532568815167494e-05
-81.12337539282852,0.007839883502379057,1.0,8.532568815167494e-05
-81.06513861370391,0.007839883502379057,1.0,8.532568815167494e-05
-81.00690183457928,0.007839883502379057,1.0,8.532568815167494e-05
-80.94866505545467,0.007839883502379057,1.0,8.532568815167494e-05
-80.89042827633006,0.007839883502379057,1.0,8.532568815167494e-05
-80.83219149720544,0.007839883502379057,1.0,8.532568815167494e-05
-80.77395471808083,0.007839883502379057,1.0,8.532568815167494e-05
-80.7157179389562,0.007839883502379057,1.0,8.532568815167494e-05
-80.65748115983159,0.007839883502379057,1.0,8.532568815167494e-05
-80.59924438070698,0.007839883502379057,1.0,8.532568815167494e-05
-80.54100760158236,0.007840016255757247,1.0,0.00010239082578200994
-80.48277082245774,0.007840016255757247,1.0,0.00010239082578200994
-80.42453404333313,0.007840016255757247,1.0,0.00010239082578200994
-80.36629726420851,0.007840016255757247,1.0,0.00010239082578200994
-80.3080604850839,0.007840016255757247,1.0,0.00010239082578200994
-80.24982370595927,0.007840016255757247,1.0,0.00010239082578200994
-80.19158692683466,0.007840016255757247,1.0,0.00010239082578200994
-80.13335014771005,0.007840016255757247,1.0,0.00010239082578200994
-80.07511336858543,0.007840016255757247,1.0,0.00010239082578200994
-80.01687658946081,0.007840016255757247,1.0,0.00010239082578200994
-79.9586398103362,0.007840016255757247,1.0,0.00010239082578200994
-79.90040303121158,0.007840149013631361,1.0,0.00011945596341234492
-79.84216625208697,0.007840149013631361,1.0,0.00011945596341234492
-79.78392947296234,0.007840281776001625,1.0,0.0001365211010426799
-79.72569269383773,0.007840281776001625,1.0,0.0001365211010426799
-79.66745591471312,0.007840281776001625,1.0,0.0001365211010426799
-79.6092191355885,0.007840281776001625,1.0,0.0001365211010426799
-79.55098235646388,0.007840281776001625,1.0,0.0001365211010426799
-79.49274557733926,0.007840281776001625,1.0,0.0001365211010426799
-79.43450879821465,0.007840281776001625,1.0,0.0001365211010426799
-79.37627201909004,0.007840281776001625,1.0,0.0001365211010426799
-79.31803523996541,0.007840281776001625,1.0,0.0001365211010426799
-79.2597984608408,0.007840281776001625,1.0,0.0001365211010426799
-79.20156168171619,0.007840281776001625,1.0,0.0001365211010426799
-79.14332490259157,0.007840281776001625,1.0,0.0001365211010426799
-79.08508812346696,0.007840281776001625,1.0,0.0001365211010426799
-79.02685134434233,0.007840281776001625,1.0,0.0001365211010426799
-78.96861456521772,0.007840414542868272,1.0,0.0001535862386730149
-78.91037778609311,0.007840547314231524,1.0,0.00017065137630334988
-78.8521410069685,0.007840547314231524,1.0,0.00017065137630334988
-78.79390422784387,0.007840547314231524,1.0,0.00017065137630334988
-78.73566744871925,0.007840547314231524,1.0,0.00017065137630334988
-78.67743066959464,0.007840547314231524,1.0,0.00017065137630334988
-78.61919389047003,0.007840547314231524,1.0,0.00017065137630334988
-78.5609571113454,0.007840547314231524,1.0,0.00017065137630334988
-78.50272033222079,0.007840547314231524,1.0,0.00017065137630334988
-78.44448355309618,0.007840547314231524,1.0,0.00017065137630334988
-78.38624677397156,0.007840547314231524,1.0,0.00017065137630334988
-78.32800999484694,0.007840547314231524,1.0,0.00017065137630334988
-78.26977321572232,0.007840547314231524,1.0,0.00017065137630334988
-78.21153643659771,0.007840547314231524,1.0,0.00017065137630334988
-78.1532996574731,0.007840547314231524,1.0,0.00017065137630334988
-78.09506287834847,0.007840547314231524,1.0,0.00017065137630334988
-78.03682609922386,0.007840547314231524,1.0,0.00017065137630334988
-77.97858932009925,0.007840547314231524,1.0,0.00017065137630334988
-77.92035254097463,0.007840547314231524,1.0,0.00017065137630334988
-77.86211576185002,0.007840547314231524,1.0,0.00017065137630334988
-77.8038789827254,0.007840547314231524,1.0,0.00017065137630334988
-77.74564220360078,0.007840680090091616,1.0,0.00018771651393368488
-77.68740542447617,0.007840680090091616,1.0,0.00018771651393368488
-77.62916864535156,0.007840680090091616,1.0,0.00018771651393368488
-77.57093186622693,0.007840680090091616,1.0,0.00018771651393368488
-77.51269508710232,0.007840680090091616,1.0,0.00018771651393368488
-77.4544583079777,0.007840680090091616,1.0,0.00018771651393368488
-77.39622152885309,0.007840812870448773,1.0,0.00020478165156401988
-77.33798474972846,0.007841078444655196,1.0,0.00023891192682468985
-77.27974797060385,0.007841078444655196,1.0,0.00023891192682468985
-77.22151119147924,0.007841078444655196,1.0,0.00023891192682468985
-77.16327441235462,0.007841078444655196,1.0,0.00023891192682468985
-77.10503763323,0.007841078444655196,1.0,0.00023891192682468985
-77.04680085410538,0.007841078444655196,1.0,0.00023891192682468985
-76.98856407498077,0.007841078444655196,1.0,0.00023891192682468985
-76.93032729585616,0.007841078444655196,1.0,0.00023891192682468985
-76.87209051673153,0.007841078444655196,1.0,0.00023891192682468985
-76.81385373760692,0.007841078444655196,1.0,0.00023891192682468985
-76.7556169584823,0.007841078444655196,1.0,0.00023891192682468985
-76.6973801793577,0.007841078444655196,1.0,0.00023891192682468985
-76.63914340023308,0.007841078444655196,1.0,0.00023891192682468985
-76.58090662110845,0.007841078444655196,1.0,0.00023891192682468985
-76.52266984198384,0.007841078444655196,1.0,0.00023891192682468985
-76.46443306285923,0.007841078444655196,1.0,0.00023891192682468985
-76.4061962837346,0.007841078444655196,1.0,0.00023891192682468985
-76.34795950460999,0.007841078444655196,1.0,0.00023891192682468985
-76.28972272548538,0.007841078444655196,1.0,0.00023891192682468985
-76.23148594636076,0.007841078444655196,1.0,0.00023891192682468985
-76.17324916723615,0.007841078444655196,1.0,0.00023891192682468985
-76.11501238811152,0.007841078444655196,1.0,0.00023891192682468985
-76.05677560898691,0.007841078444655196,1.0,0.00023891192682468985
-75.9985388298623,0.007841078444655196,1.0,0.00023891192682468985
-75.94030205073769,0.007841078444655196,1.0,0.00023891192682468985
-75.88206527161306,0.007841078444655196,1.0,0.00023891192682468985
-75.82382849248845,0.00784121123850492,1.0,0.0002559770644550248
-75.76559171336383,0.007841344036852623,1.0,0.0002730422020853598
-75.70735493423922,0.007841344036852623,1.0,0.0002730422020853598
-75.64911815511459,0.007841344036852623,1.0,0.0002730422020853598
-75.59088137598998,0.007841476839698535,1.0,0.0002901073397156948
-75.53264459686537,0.007841476839698535,1.0,0.0002901073397156948
-75.47440781774075,0.007841476839698535,1.0,0.0002901073397156948
-75.41617103861614,0.007841476839698535,1.0,0.0002901073397156948
-75.35793425949151,0.007841476839698535,1.0,0.0002901073397156948
-75.2996974803669,0.007841476839698535,1.0,0.0002901073397156948
-75.24146070124229,0.007841476839698535,1.0,0.0002901073397156948
-75.18322392211766,0.007841476839698535,1.0,0.0002901073397156948
-75.12498714299305,0.007841476839698535,1.0,0.0002901073397156948
-75.06675036386844,0.007841476839698535,1.0,0.0002901073397156948
-75.00851358474382,0.007841476839698535,1.0,0.0002901073397156948
-74.95027680561921,0.007841476839698535,1.0,0.0002901073397156948
-74.89204002649458,0.007841476839698535,1.0,0.0002901073397156948
-74.83380324736997,0.007841476839698535,1.0,0.0002901073397156948
-74.77556646824536,0.007841476839698535,1.0,0.0002901073397156948
-74.71732968912075,0.007841476839698535,1.0,0.0002901073397156948
-74.65909290999612,0.007841476839698535,1.0,0.0002901073397156948
-74.6008561308715,0.007841476839698535,1.0,0.0002901073397156948
-74.5426193517469,0.007841476839698535,1.0,0.0002901073397156948
-74.48438257262228,0.007841476839698535,1.0,0.0002901073397156948
-74.42614579349765,0.007841476839698535,1.0,0.0002901073397156948
-74.36790901437304,0.007841476839698535,1.0,0.0002901073397156948
-74.30967223524843,0.007841476839698535,1.0,0.0002901073397156948
-74.25143545612382,0.007841476839698535,1.0,0.0002901073397156948
-74.1931986769992,0.007841476839698535,1.0,0.0002901073397156948
-74.13496189787458,0.007841476839698535,1.0,0.0002901073397156948
-74.07672511874996,0.007841476839698535,1.0,0.0002901073397156948
-74.01848833962535,0.007841609647042884,1.0,0.0003071724773460298
-73.96025156050072,0.007841609647042884,1.0,0.0003071724773460298
-73.90201478137611,0.007841609647042884,1.0,0.0003071724773460298
-73.8437780022515,0.007841742458885897,1.0,0.00032423761497636476
-73.78554122312688,0.007841742458885897,1.0,0.00032423761497636476
-73.72730444400227,0.007841742458885897,1.0,0.00032423761497636476
-73.66906766487764,0.007841742458885897,1.0,0.00032423761497636476
-73.61083088575303,0.007841875275227804,1.0,0.00034130275260669976
-73.55259410662842,0.007841875275227804,1.0,0.00034130275260669976
-73.4943573275038,0.007842008096068833,1.0,0.00035836789023703476
-73.43612054837918,0.007842140921409214,1.0,0.00037543302786736976
-73.37788376925457,0.007842140921409214,1.0,0.00037543302786736976
-73.31964699012995,0.007842140921409214,1.0,0.00037543302786736976
-73.26141021100534,0.007842140921409214,1.0,0.00037543302786736976
-73.20317343188071,0.007842273751249174,1.0,0.00039249816549770476
-73.1449366527561,0.007842273751249174,1.0,0.00039249816549770476
-73.08669987363149,0.007842273751249174,1.0,0.00039249816549770476
-73.02846309450688,0.007842406585588943,1.0,0.00040956330312803975
-72.97022631538225,0.007842406585588943,1.0,0.00040956330312803975
-72.91198953625764,0.00784267226776882,1.0,0.0004436935783887097
-72.85375275713302,0.00784267226776882,1.0,0.0004436935783887097
-72.79551597800841,0.00784267226776882,1.0,0.0004436935783887097
-72.73727919888378,0.00784267226776882,1.0,0.0004436935783887097
-72.67904241975917,0.00784267226776882,1.0,0.0004436935783887097
-72.62080564063456,0.00784267226776882,1.0,0.0004436935783887097
-72.56256886150994,0.00784267226776882,1.0,0.0004436935783887097
-72.50433208238533,0.007842805115609384,1.0,0.0004607587160190447
-72.4460953032607,0.007842805115609384,1.0,0.0004607587160190447
-72.38785852413609,0.007842805115609384,1.0,0.0004607587160190447
-72.32962174501148,0.007842805115609384,1.0,0.0004607587160190447
-72.27138496588685,0.007842805115609384,1.0,0.0004607587160190447
-72.21314818676224,0.007842937967950672,1.0,0.0004778238536493797
-72.15491140763763,0.007842937967950672,1.0,0.0004778238536493797
-72.09667462851301,0.007843070824792912,1.0,0.0004948889912797146
-72.0384378493884,0.007843203686136333,1.0,0.0005119541289100496
-71.98020107026377,0.007843336551981163,1.0,0.0005290192665403846
-71.92196429113916,0.00784346942232763,1.0,0.0005460844041707196
-71.86372751201455,0.00784346942232763,1.0,0.0005460844041707196
-71.80549073288994,0.00784346942232763,1.0,0.0005460844041707196
-71.74725395376531,0.00784346942232763,1.0,0.0005460844041707196
-71.6890171746407,0.00784346942232763,1.0,0.0005460844041707196
-71.63078039551608,0.007843602297175964,1.0,0.0005631495418010546
-71.57254361639147,0.007843735176526393,1.0,0.0005802146794313896
-71.51430683726684,0.007843735176526393,1.0,0.0005802146794313896
-71.45607005814223,0.007843735176526393,1.0,0.0005802146794313896
-71.39783327901762,0.007844000948734456,1.0,0.0006143449546920596
-71.339596499893,0.007844000948734456,1.0,0.0006143449546920596
-71.28135972076839,0.007844000948734456,1.0,0.0006143449546920596
-71.22312294164377,0.007844000948734456,1.0,0.0006143449546920596
-71.16488616251915,0.007844133841592545,1.0,0.0006314100923223946
-71.10664938339454,0.007844133841592545,1.0,0.0006314100923223946
-71.04841260426991,0.007844266738953646,1.0,0.0006484752299527295
-70.9901758251453,0.007844266738953646,1.0,0.0006484752299527295
-70.93193904602069,0.007844266738953646,1.0,0.0006484752299527295
-70.87370226689607,0.007844266738953646,1.0,0.0006484752299527295
-70.81546548777146,0.007844399640817986,1.0,0.0006655403675830645
-70.75722870864684,0.007844399640817986,1.0,0.0006655403675830645
-70.69899192952222,0.007844399640817986,1.0,0.0006655403675830645
-70.64075515039761,0.007844399640817986,1.0,0.0006655403675830645
-70.582518371273,0.007844399640817986,1.0,0.0006655403675830645
-70.52428159214837,0.007844399640817986,1.0,0.0006655403675830645
-70.46604481302376,0.007844399640817986,1.0,0.0006655403675830645
-70.40780803389914,0.007844399640817986,1.0,0.0006655403675830645
-70.34957125477453,0.007844532547185794,1.0,0.0006826055052133995
-70.2913344756499,0.007844532547185794,1.0,0.0006826055052133995
-70.23309769652529,0.007844532547185794,1.0,0.0006826055052133995
-70.17486091740068,0.007844532547185794,1.0,0.0006826055052133995
-70.11662413827607,0.007844532547185794,1.0,0.0006826055052133995
-70.05838735915145,0.007844532547185794,1.0,0.0006826055052133995
-70.00015058002683,0.007844665458057301,1.0,0.0006996706428437345
-69.94191380090221,0.007844665458057301,1.0,0.0006996706428437345
-69.8836770217776,0.007844798373432734,1.0,0.0007167357804740695
-69.82544024265297,0.007844798373432734,1.0,0.0007167357804740695
-69.76720346352836,0.007844798373432734,1.0,0.0007167357804740695
-69.70896668440375,0.007844798373432734,1.0,0.0007167357804740695
-69.65072990527914,0.007844798373432734,1.0,0.0007167357804740695
-69.59249312615452,0.007844798373432734,1.0,0.0007167357804740695
-69.5342563470299,0.007844798373432734,1.0,0.0007167357804740695
-69.47601956790528,0.007844798373432734,1.0,0.0007167357804740695
-69.41778278878067,0.007844798373432734,1.0,0.0007167357804740695
-69.35954600965606,0.007844798373432734,1.0,0.0007167357804740695
-69.30130923053143,0.007844798373432734,1.0,0.0007167357804740695
-69.24307245140682,0.007844798373432734,1.0,0.0007167357804740695
-69.1848356722822,0.007844798373432734,1.0,0.0007167357804740695
-69.12659889315759,0.007844798373432734,1.0,0.0007167357804740695
-69.06836211403296,0.007844798373432734,1.0,0.0007167357804740695
-69.01012533490835,0.007844798373432734,1.0,0.0007167357804740695
-68.95188855578374,0.007844798373432734,1.0,0.0007167357804740695
-68.89365177665913,0.007844798373432734,1.0,0.0007167357804740695
-68.83541499753451,0.007844798373432734,1.0,0.0007167357804740695
-68.77717821840989,0.007844798373432734,1.0,0.0007167357804740695
-68.71894143928527,0.007844798373432734,1.0,0.0007167357804740695
-68.66070466016066,0.007844931293312324,1.0,0.0007338009181044045
-68.60246788103603,0.007844931293312324,1.0,0.0007338009181044045
-68.54423110191142,0.007845064217696296,1.0,0.0007508660557347395
-68.48599432278681,0.007845197146584883,1.0,0.0007679311933650745
-68.4277575436622,0.007845197146584883,1.0,0.0007679311933650745
-68.36952076453758,0.007845197146584883,1.0,0.0007679311933650745
-68.31128398541296,0.007845197146584883,1.0,0.0007679311933650745
-68.25304720628834,0.007845197146584883,1.0,0.0007679311933650745
-68.19481042716373,0.007845197146584883,1.0,0.0007679311933650745
-68.1365736480391,0.007845197146584883,1.0,0.0007679311933650745
-68.07833686891449,0.007845197146584883,1.0,0.0007679311933650745
-68.02010008978988,0.007845197146584883,1.0,0.0007679311933650745
-67.96186331066527,0.007845197146584883,1.0,0.0007679311933650745
-67.90362653154065,0.007845197146584883,1.0,0.0007679311933650745
-67.84538975241603,0.007845330079978311,1.0,0.0007849963309954095
-67.78715297329141,0.007845463017876812,1.0,0.0008020614686257445
-67.7289161941668,0.007845463017876812,1.0,0.0008020614686257445
-67.67067941504219,0.007845463017876812,1.0,0.0008020614686257445
-67.61244263591757,0.007845463017876812,1.0,0.0008020614686257445
-67.55420585679295,0.007845463017876812,1.0,0.0008020614686257445
-67.49596907766833,0.007845463017876812,1.0,0.0008020614686257445
-67.43773229854372,0.007845463017876812,1.0,0.0008020614686257445
-67.3794955194191,0.007845463017876812,1.0,0.0008020614686257445
-67.32125874029448,0.007845463017876812,1.0,0.0008020614686257445
-67.26302196116987,0.007845463017876812,1.0,0.0008020614686257445
-67.20478518204526,0.007845463017876812,1.0,0.0008020614686257445
-67.14654840292064,0.007845463017876812,1.0,0.0008020614686257445
-67.08831162379602,0.007845463017876812,1.0,0.0008020614686257445
-67.0300748446714,0.00784559596028061,1.0,0.0008191266062560795
-66.97183806554679,0.00784559596028061,1.0,0.0008191266062560795
-66.91360128642216,0.00784559596028061,1.0,0.0008191266062560795
-66.85536450729755,0.00784559596028061,1.0,0.0008191266062560795
-66.79712772817294,0.00784559596028061,1.0,0.0008191266062560795
-66.73889094904833,0.00784559596028061,1.0,0.0008191266062560795
-66.68065416992371,0.00784559596028061,1.0,0.0008191266062560795
-66.62241739079909,0.00784559596028061,1.0,0.0008191266062560795
-66.56418061167447,0.00784559596028061,1.0,0.0008191266062560795
-66.50594383254986,0.00784559596028061,1.0,0.0008191266062560795
-66.44770705342525,0.00784559596028061,1.0,0.0008191266062560795
-66.38947027430063,0.00784559596028061,1.0,0.0008191266062560795
-66.33123349517601,0.00784559596028061,1.0,0.0008191266062560795
-66.2729967160514,0.00784586185860503,1.0,0.0008532568815167494
-66.21475993692678,0.00784586185860503,1.0,0.0008532568815167494
-66.15652315780216,0.00784586185860503,1.0,0.0008532568815167494
-66.09828637867754,0.00784586185860503,1.0,0.0008532568815167494
-66.04004959955293,0.00784586185860503,1.0,0.0008532568815167494
-65.98181282042832,0.00784586185860503,1.0,0.0008532568815167494
-65.9235760413037,0.00784586185860503,1.0,0.0008532568815167494
-65.86533926217908,0.00784586185860503,1.0,0.0008532568815167494
-65.80710248305446,0.00784586185860503,1.0,0.0008532568815167494
-65.74886570392985,0.007845994814526105,1.0,0.0008703220191470844
-65.69062892480522,0.007845994814526105,1.0,0.0008703220191470844
-65.63239214568061,0.007845994814526105,1.0,0.0008703220191470844
-65.574155366556,0.007846127774953398,1.0,0.0008873871567774194
-65.51591858743139,0.007846127774953398,1.0,0.0008873871567774194
-65.45768180830677,0.007846127774953398,1.0,0.0008873871567774194
-65.39944502918215,0.007846127774953398,1.0,0.0008873871567774194
-65.34120825005753,0.007846127774953398,1.0,0.0008873871567774194
-65.28297147093292,0.007846127774953398,1.0,0.0008873871567774194
-65.2247346918083,0.007846127774953398,1.0,0.0008873871567774194
-65.16649791268368,0.007846127774953398,1.0,0.0008873871567774194
-65.10826113355907,0.007846127774953398,1.0,0.0008873871567774194
-65.05002435443446,0.007846127774953398,1.0,0.0008873871567774194
-64.99178757530984,0.007846260739887137,1.0,0.0009044522944077544
-64.93355079618522,0.007846260739887137,1.0,0.0009044522944077544
-64.8753140170606,0.007846260739887137,1.0,0.0009044522944077544
-64.81707723793599,0.007846260739887137,1.0,0.0009044522944077544
-64.75884045881138,0.007846260739887137,1.0,0.0009044522944077544
-64.70060367968676,0.007846260739887137,1.0,0.0009044522944077544
-64.64236690056214,0.007846393709327548,1.0,0.0009215174320380894
-64.58413012143752,0.007846526683274865,1.0,0.0009385825696684244
-64.52589334231291,0.007846526683274865,1.0,0.0009385825696684244
-64.46765656318829,0.007846526683274865,1.0,0.0009385825696684244
-64.40941978406367,0.007846526683274865,1.0,0.0009385825696684244
-64.35118300493906,0.007846526683274865,1.0,0.0009385825696684244
-64.29294622581445,0.007846526683274865,1.0,0.0009385825696684244
-64.23470944668983,0.007846526683274865,1.0,0.0009385825696684244
-64.1764726675652,0.007846659661729316,1.0,0.0009556477072987594
-64.1182358884406,0.007846792644691129,1.0,0.0009727128449290944
-64.05999910931598,0.007846792644691129,1.0,0.0009727128449290944
-64.00176233019135,0.007846792644691129,1.0,0.0009727128449290944
-63.94352555106674,0.007846925632160532,1.0,0.0009897779825594293
-63.88528877194213,0.007846925632160532,1.0,0.0009897779825594293
-63.827051992817516,0.007846925632160532,1.0,0.0009897779825594293
-63.7688152136929,0.007846925632160532,1.0,0.0009897779825594293
-63.71057843456828,0.007846925632160532,1.0,0.0009897779825594293
-63.652341655443664,0.007846925632160532,1.0,0.0009897779825594293
-63.59410487631905,0.007846925632160532,1.0,0.0009897779825594293
-63.53586809719444,0.007846925632160532,1.0,0.0009897779825594293
-63.47763131806982,0.007846925632160532,1.0,0.0009897779825594293
-63.4193945389452,0.007846925632160532,1.0,0.0009897779825594293
-63.361157759820586,0.007846925632160532,1.0,0.0009897779825594293
-63.30292098069597,0.007846925632160532,1.0,0.0009897779825594293
-63.24468420157135,0.007846925632160532,1.0,0.0009897779825594293
-63.18644742244673,0.007846925632160532,1.0,0.0009897779825594293
-63.12821064332212,0.007846925632160532,1.0,0.0009897779825594293
-63.06997386419751,0.007847058624137756,1.0,0.0010068431201897643
-63.01173708507289,0.00784719162062303,1.0,0.0010239082578200993
-62.95350030594827,0.00784719162062303,1.0,0.0010239082578200993
-62.895263526823655,0.007847324621616582,1.0,0.0010409733954504343
-62.83702674769904,0.007847324621616582,1.0,0.0010409733954504343
-62.77878996857442,0.007847324621616582,1.0,0.0010409733954504343
-62.7205531894498,0.007847324621616582,1.0,0.0010409733954504343
-62.66231641032519,0.007847324621616582,1.0,0.0010409733954504343
-62.60407963120058,0.007847324621616582,1.0,0.0010409733954504343
-62.54584285207596,0.007847324621616582,1.0,0.0010409733954504343
-62.48760607295134,0.007847457627118644,1.0,0.0010580385330807693
-62.429369293826724,0.007847457627118644,1.0,0.0010580385330807693
-62.37113251470211,0.007847457627118644,1.0,0.0010580385330807693
-62.3128957355775,0.007847457627118644,1.0,0.0010580385330807693
-62.25465895645288,0.007847457627118644,1.0,0.0010580385330807693
-62.19642217732826,0.007847723651649208,1.0,0.0010921688083414393
-62.138185398203646,0.007847723651649208,1.0,0.0010921688083414393
-62.07994861907903,0.007847723651649208,1.0,0.0010921688083414393
-62.02171183995441,0.007847723651649208,1.0,0.0010921688083414393
-61.96347506082979,0.007847723651649208,1.0,0.0010921688083414393
-61.90523828170518,0.007847723651649208,1.0,0.0010921688083414393
-61.84700150258057,0.007847723651649208,1.0,0.0010921688083414393
-61.78876472345595,0.00784785667067817,1.0,0.0011092339459717743
-61.73052794433133,0.00784785667067817,1.0,0.0011092339459717743
-61.672291165206715,0.00784785667067817,1.0,0.0011092339459717743
-61.6140543860821,0.00784785667067817,1.0,0.0011092339459717743
-61.55581760695748,0.00784785667067817,1.0,0.0011092339459717743
-61.49758082783286,0.00784785667067817,1.0,0.0011092339459717743
-61.43934404870825,0.00784785667067817,1.0,0.0011092339459717743
-61.38110726958364,0.00784785667067817,1.0,0.0011092339459717743
-61.32287049045902,0.00784785667067817,1.0,0.0011092339459717743
-61.2646337113344,0.00784785667067817,1.0,0.0011092339459717743
-61.206396932209785,0.00784785667067817,1.0,0.0011092339459717743
-61.14816015308517,0.00784785667067817,1.0,0.0011092339459717743
-61.08992337396055,0.00784785667067817,1.0,0.0011092339459717743
-61.03168659483594,0.00784785667067817,1.0,0.0011092339459717743
-60.97344981571132,0.007847989694216557,1.0,0.0011262990836021093
-60.91521303658671,0.007847989694216557,1.0,0.0011262990836021093
-60.856976257462094,0.007847989694216557,1.0,0.0011262990836021093
-60.798739478337474,0.007847989694216557,1.0,0.0011262990836021093
-60.740502699212854,0.007847989694216557,1.0,0.0011262990836021093
-60.68226592008824,0.007847989694216557,1.0,0.0011262990836021093
-60.62402914096363,0.007848122722264598,1.0,0.0011433642212324443
-60.56579236183901,0.007848122722264598,1.0,0.0011433642212324443
-60.50755558271439,0.007848122722264598,1.0,0.0011433642212324443
-60.449318803589776,0.007848388791890563,1.0,0.0011774944964931143
-60.39108202446516,0.007848388791890563,1.0,0.0011774944964931143
-60.33284524534054,0.007848521833468946,1.0,0.0011945596341234493
-60.27460846621592,0.007848521833468946,1.0,0.0011945596341234493
-60.21637168709131,0.007848521833468946,1.0,0.0011945596341234493
-60.1581349079667,0.007848521833468946,1.0,0.0011945596341234493
-60.09989812884208,0.007848521833468946,1.0,0.0011945596341234493
-60.04166134971746,0.007848521833468946,1.0,0.0011945596341234493
-59.983424570592845,0.007848654879557899,1.0,0.0012116247717537843
-59.92518779146823,0.007848654879557899,1.0,0.0012116247717537843
-59.86695101234361,0.007848654879557899,1.0,0.0012116247717537843
-59.80871423321899,0.007848654879557899,1.0,0.0012116247717537843
-59.75047745409438,0.007848654879557899,1.0,0.0012116247717537843
-59.69224067496977,0.007848654879557899,1.0,0.0012116247717537843
-59.634003895845154,0.007848654879557899,1.0,0.0012116247717537843
-59.575767116720534,0.007848654879557899,1.0,0.0012116247717537843
-59.517530337595915,0.007848654879557899,1.0,0.0012116247717537843
-59.4592935584713,0.007848654879557899,1.0,0.0012116247717537843
-59.40105677934669,0.007848654879557899,1.0,0.0012116247717537843
-59.34282000022207,0.007848787930157653,1.0,0.0012286899093841193
-59.28458322109745,0.007848787930157653,1.0,0.0012286899093841193
-59.22634644197284,0.00784892098526844,1.0,0.0012457550470144543
-59.168109662848224,0.00784892098526844,1.0,0.0012457550470144543
-59.109872883723604,0.00784892098526844,1.0,0.0012457550470144543
-59.051636104598984,0.00784892098526844,1.0,0.0012457550470144543
-58.99339932547437,0.00784892098526844,1.0,0.0012457550470144543
-58.93516254634976,0.00784892098526844,1.0,0.0012457550470144543
-58.87692576722514,0.00784892098526844,1.0,0.0012457550470144543
-58.81868898810052,0.00784892098526844,1.0,0.0012457550470144543
-58.760452208975906,0.00784892098526844,1.0,0.0012457550470144543
-58.70221542985129,0.00784892098526844,1.0,0.0012457550470144543
-58.64397865072667,0.00784892098526844,1.0,0.0012457550470144543
-58.58574187160205,0.00784892098526844,1.0,0.0012457550470144543
-58.52750509247744,0.00784892098526844,1.0,0.0012457550470144543
-58.46926831335283,0.00784892098526844,1.0,0.0012457550470144543
-58.41103153422821,0.00784892098526844,1.0,0.0012457550470144543
-58.352794755103595,0.00784892098526844,1.0,0.0012457550470144543
-58.294557975978975,0.00784892098526844,1.0,0.0012457550470144543
-58.23632119685436,0.007849054044890487,1.0,0.0012628201846447893
-58.17808441772975,0.007849054044890487,1.0,0.0012628201846447893
-58.11984763860513,0.007849187109024023,1.0,0.001279885322275124
-58.06161085948051,0.007849187109024023,1.0,0.001279885322275124
-58.0033740803559,0.007849187109024023,1.0,0.001279885322275124
-57.945137301231284,0.007849187109024023,1.0,0.001279885322275124
-57.886900522106664,0.007849187109024023,1.0,0.001279885322275124
-57.828663742982044,0.007849187109024023,1.0,0.001279885322275124
-57.77042696385743,0.007849187109024023,1.0,0.001279885322275124
-57.71219018473282,0.007849320177669277,1.0,0.001296950459905459
-57.6539534056082,0.007849320177669277,1.0,0.001296950459905459
-57.59571662648358,0.007849453250826482,1.0,0.001314015597535794
-57.537479847358966,0.007849586328495863,1.0,0.001331080735166129
-57.479243068234354,0.007849719410677653,1.0,0.001348145872796464
-57.421006289109734,0.007849719410677653,1.0,0.001348145872796464
-57.362769509985114,0.007849719410677653,1.0,0.001348145872796464
-57.3045327308605,0.007849719410677653,1.0,0.001348145872796464
-57.24629595173589,0.007849719410677653,1.0,0.001348145872796464
-57.18805917261127,0.007849719410677653,1.0,0.001348145872796464
-57.12982239348665,0.00784985249737208,1.0,0.001365211010426799
-57.071585614362036,0.00784985249737208,1.0,0.001365211010426799
-57.01334883523742,0.007849985588579373,1.0,0.001382276148057134
-56.95511205611281,0.007849985588579373,1.0,0.001382276148057134
-56.89687527698819,0.007850118684299762,1.0,0.001399341285687469
-56.83863849786357,0.007850118684299762,1.0,0.001399341285687469
-56.78040171873896,0.007850251784533477,1.0,0.001416406423317804
-56.722164939614345,0.007850251784533477,1.0,0.001416406423317804
-56.663928160489725,0.007850251784533477,1.0,0.001416406423317804
-56.605691381365105,0.007850251784533477,1.0,0.001416406423317804
-56.54745460224049,0.007850251784533477,1.0,0.001416406423317804
-56.48921782311588,0.007850251784533477,1.0,0.001416406423317804
-56.43098104399126,0.007850251784533477,1.0,0.001416406423317804
-56.37274426486664,0.007850251784533477,1.0,0.001416406423317804
-56.31450748574203,0.007850251784533477,1.0,0.001416406423317804
-56.256270706617414,0.007850251784533477,1.0,0.001416406423317804
-56.198033927492794,0.007850251784533477,1.0,0.001416406423317804
-56.139797148368174,0.007850251784533477,1.0,0.001416406423317804
-56.08156036924356,0.007850251784533477,1.0,0.001416406423317804
-56.02332359011895,0.007850251784533477,1.0,0.001416406423317804
-55.96508681099433,0.007850251784533477,1.0,0.001416406423317804
-55.90685003186971,0.007850251784533477,1.0,0.001416406423317804
-55.848613252745096,0.007850251784533477,1.0,0.001416406423317804
-55.79037647362048,0.007850251784533477,1.0,0.001416406423317804
-55.732139694495864,0.007850251784533477,1.0,0.001416406423317804
-55.673902915371244,0.007850251784533477,1.0,0.001416406423317804
-55.61566613624663,0.007850251784533477,1.0,0.001416406423317804
-55.55742935712202,0.007850251784533477,1.0,0.001416406423317804
-55.499192577997405,0.007850251784533477,1.0,0.001416406423317804
-55.440955798872785,0.007850384889280748,1.0,0.001433471560948139
-55.382719019748166,0.007850384889280748,1.0,0.001433471560948139
-55.32448224062355,0.007850384889280748,1.0,0.001433471560948139
-55.26624546149894,0.007850384889280748,1.0,0.001433471560948139
-55.20800868237432,0.007850384889280748,1.0,0.001433471560948139
-55.1497719032497,0.007850517998541804,1.0,0.001450536698578474
-55.09153512412509,0.007850651112316875,1.0,0.001467601836208809
-55.033298345000475,0.007850651112316875,1.0,0.001467601836208809
-54.975061565875855,0.007850651112316875,1.0,0.001467601836208809
-54.916824786751235,0.007850651112316875,1.0,0.001467601836208809
-54.85858800762662,0.007850784230606188,1.0,0.001484666973839144
-54.80035122850201,0.007850784230606188,1.0,0.001484666973839144
-54.74211444937739,0.007850784230606188,1.0,0.001484666973839144
-54.68387767025277,0.007850784230606188,1.0,0.001484666973839144
-54.62564089112816,0.007850784230606188,1.0,0.001484666973839144
-54.567404112003544,0.007850784230606188,1.0,0.001484666973839144
-54.509167332878924,0.007850784230606188,1.0,0.001484666973839144
-54.450930553754304,0.007850784230606188,1.0,0.001484666973839144
-54.39269377462969,0.007850784230606188,1.0,0.001484666973839144
-54.33445699550508,0.007850784230606188,1.0,0.001484666973839144
-54.276220216380466,0.007850784230606188,1.0,0.001484666973839144
-54.217983437255846,0.007850784230606188,1.0,0.001484666973839144
-54.159746658131226,0.007850784230606188,1.0,0.001484666973839144
-54.10150987900661,0.007850784230606188,1.0,0.001484666973839144
-54.043273099882,0.007850784230606188,1.0,0.001484666973839144
-53.98503632075738,0.007850784230606188,1.0,0.001484666973839144
-53.92679954163276,0.007850784230606188,1.0,0.001484666973839144
-53.86856276250815,0.007850784230606188,1.0,0.001484666973839144
-53.810325983383535,0.007850784230606188,1.0,0.001484666973839144
-53.752089204258915,0.007850784230606188,1.0,0.001484666973839144
-53.693852425134295,0.007850784230606188,1.0,0.001484666973839144
-53.63561564600968,0.007850784230606188,1.0,0.001484666973839144
-53.57737886688507,0.007850784230606188,1.0,0.001484666973839144
-53.51914208776045,0.007850784230606188,1.0,0.001484666973839144
-53.46090530863583,0.007850784230606188,1.0,0.001484666973839144
-53.40266852951122,0.007850784230606188,1.0,0.001484666973839144
-53.344431750386605,0.007850917353409977,1.0,0.001501732111469479
-53.286194971261985,0.007850917353409977,1.0,0.001501732111469479
-53.227958192137365,0.007850917353409977,1.0,0.001501732111469479
-53.16972141301275,0.007850917353409977,1.0,0.001501732111469479
-53.11148463388814,0.007850917353409977,1.0,0.001501732111469479
-53.05324785476352,0.007850917353409977,1.0,0.001501732111469479
-52.9950110756389,0.007850917353409977,1.0,0.001501732111469479
-52.93677429651429,0.007850917353409977,1.0,0.001501732111469479
-52.878537517389674,0.007850917353409977,1.0,0.001501732111469479
-52.82030073826506,0.007850917353409977,1.0,0.001501732111469479
-52.76206395914044,0.00785105048072847,1.0,0.001518797249099814
-52.70382718001582,0.00785105048072847,1.0,0.001518797249099814
-52.64559040089121,0.00785105048072847,1.0,0.001518797249099814
-52.58735362176659,0.00785105048072847,1.0,0.001518797249099814
-52.529116842641976,0.00785105048072847,1.0,0.001518797249099814
-52.470880063517356,0.00785105048072847,1.0,0.001518797249099814
-52.41264328439274,0.00785105048072847,1.0,0.001518797249099814
-52.35440650526812,0.007851183612561893,1.0,0.001535862386730149
-52.29616972614351,0.007851183612561893,1.0,0.001535862386730149
-52.2379329470189,0.007851183612561893,1.0,0.001535862386730149
-52.17969616789428,0.007851183612561893,1.0,0.001535862386730149
-52.121459388769665,0.007851183612561893,1.0,0.001535862386730149
-52.063222609645045,0.007851183612561893,1.0,0.001535862386730149
-52.00498583052043,0.007851183612561893,1.0,0.001535862386730149
-51.94674905139581,0.007851183612561893,1.0,0.001535862386730149
-51.8885122722712,0.007851183612561893,1.0,0.001535862386730149
-51.83027549314658,0.007851183612561893,1.0,0.001535862386730149
-51.77203871402197,0.007851183612561893,1.0,0.001535862386730149
-51.71380193489735,0.007851183612561893,1.0,0.001535862386730149
-51.655565155772734,0.007851183612561893,1.0,0.001535862386730149
-51.597328376648115,0.007851183612561893,1.0,0.001535862386730149
-51.5390915975235,0.007851183612561893,1.0,0.001535862386730149
-51.48085481839888,0.007851183612561893,1.0,0.001535862386730149
-51.42261803927427,0.007851183612561893,1.0,0.001535862386730149
-51.36438126014965,0.007851183612561893,1.0,0.001535862386730149
-51.306144481025036,0.007851183612561893,1.0,0.001535862386730149
-51.24790770190042,0.007851183612561893,1.0,0.001535862386730149
-51.189670922775804,0.007851183612561893,1.0,0.001535862386730149
-51.131434143651184,0.007851183612561893,1.0,0.001535862386730149
-51.07319736452657,0.007851183612561893,1.0,0.001535862386730149
-51.01496058540195,0.007851183612561893,1.0,0.001535862386730149
-50.95672380627734,0.007851183612561893,1.0,0.001535862386730149
-50.898487027152726,0.007851183612561893,1.0,0.001535862386730149
-50.840250248028106,0.007851183612561893,1.0,0.001535862386730149
-50.78201346890349,0.007851183612561893,1.0,0.001535862386730149
-50.72377668977887,0.007851183612561893,1.0,0.001535862386730149
-50.66553991065426,0.007851183612561893,1.0,0.001535862386730149
-50.60730313152964,0.007851183612561893,1.0,0.001535862386730149
-50.54906635240503,0.007851183612561893,1.0,0.001535862386730149
-50.49082957328041,0.007851183612561893,1.0,0.001535862386730149
-50.432592794155795,0.007851183612561893,1.0,0.001535862386730149
-50.374356015031175,0.007851183612561893,1.0,0.001535862386730149
-50.31611923590656,0.007851183612561893,1.0,0.001535862386730149
-50.25788245678194,0.007851183612561893,1.0,0.001535862386730149
-50.19964567765733,0.007851183612561893,1.0,0.001535862386730149
-50.14140889853271,0.007851183612561893,1.0,0.001535862386730149
-50.0831721194081,0.007851183612561893,1.0,0.001535862386730149
-50.02493534028348,0.007851316748910481,1.0,0.001552927524360484
-49.966698561158864,0.007851316748910481,1.0,0.001552927524360484
-49.908461782034244,0.007851316748910481,1.0,0.001552927524360484
-49.85022500290963,0.007851316748910481,1.0,0.001552927524360484
-49.79198822378501,0.007851316748910481,1.0,0.001552927524360484
-49.7337514446604,0.007851316748910481,1.0,0.001552927524360484
-49.67551466553578,0.007851316748910481,1.0,0.001552927524360484
-49.617277886411166,0.007851316748910481,1.0,0.001552927524360484
-49.559041107286546,0.007851316748910481,1.0,0.001552927524360484
-49.500804328161934,0.007851316748910481,1.0,0.001552927524360484
-49.44256754903732,0.007851316748910481,1.0,0.001552927524360484
-49.3843307699127,0.007851449889774462,1.0,0.001569992661990819
-49.32609399078809,0.007851449889774462,1.0,0.001569992661990819
-49.26785721166347,0.007851449889774462,1.0,0.001569992661990819
-49.209620432538856,0.007851583035154064,1.0,0.001587057799621154
-49.151383653414236,0.007851583035154064,1.0,0.001587057799621154
-49.09314687428962,0.007851583035154064,1.0,0.001587057799621154
-49.034910095165,0.007851583035154064,1.0,0.001587057799621154
-48.97667331604039,0.007851583035154064,1.0,0.001587057799621154
-48.91843653691577,0.007851583035154064,1.0,0.001587057799621154
-48.86019975779116,0.007851583035154064,1.0,0.001587057799621154
-48.80196297866654,0.007851583035154064,1.0,0.001587057799621154
-48.743726199541925,0.007851716185049519,1.0,0.001604122937251489
-48.685489420417305,0.007851849339461054,1.0,0.001621188074881824
-48.62725264129269,0.007851982498388902,1.0,0.001638253212512159
-48.56901586216807,0.007851982498388902,1.0,0.001638253212512159
-48.51077908304346,0.007851982498388902,1.0,0.001638253212512159
-48.45254230391884,0.007851982498388902,1.0,0.001638253212512159
-48.39430552479423,0.007851982498388902,1.0,0.001638253212512159
-48.33606874566961,0.007851982498388902,1.0,0.001638253212512159
-48.277831966544994,0.007851982498388902,1.0,0.001638253212512159
-48.219595187420374,0.007851982498388902,1.0,0.001638253212512159
-48.16135840829576,0.007851982498388902,1.0,0.001638253212512159
-48.10312162917115,0.007851982498388902,1.0,0.001638253212512159
-48.04488485004653,0.007851982498388902,1.0,0.001638253212512159
-47.986648070921916,0.007852248829794451,1.0,0.0016723834877728288
-47.928411291797296,0.007852248829794451,1.0,0.0016723834877728288
-47.87017451267268,0.007852515179268002,1.0,0.0017065137630334988
-47.81193773354806,0.007852515179268002,1.0,0.0017065137630334988
-47.75370095442345,0.007852648360780855,1.0,0.0017235789006638338
-47.69546417529883,0.007852648360780855,1.0,0.0017235789006638338
-47.63722739617422,0.007852648360780855,1.0,0.0017235789006638338
-47.5789906170496,0.007852648360780855,1.0,0.0017235789006638338
-47.520753837924985,0.007852648360780855,1.0,0.0017235789006638338
-47.462517058800366,0.007852648360780855,1.0,0.0017235789006638338
-47.40428027967575,0.007852648360780855,1.0,0.0017235789006638338
-47.34604350055113,0.007852648360780855,1.0,0.0017235789006638338
-47.28780672142652,0.007852648360780855,1.0,0.0017235789006638338
-47.2295699423019,0.007852648360780855,1.0,0.0017235789006638338
-47.17133316317729,0.007852648360780855,1.0,0.0017235789006638338
-47.11309638405267,0.007852648360780855,1.0,0.0017235789006638338
-47.054859604928055,0.007852648360780855,1.0,0.0017235789006638338
-46.996622825803435,0.007852648360780855,1.0,0.0017235789006638338
-46.93838604667882,0.007852781546811398,1.0,0.0017406440382941688
-46.8801492675542,0.007852781546811398,1.0,0.0017406440382941688
-46.82191248842959,0.007852781546811398,1.0,0.0017406440382941688
-46.76367570930498,0.00785291473735986,1.0,0.0017577091759245038
-46.70543893018036,0.007853047932426473,1.0,0.0017747743135548388
-46.647202151055744,0.007853047932426473,1.0,0.0017747743135548388
-46.588965371931124,0.007853047932426473,1.0,0.0017747743135548388
-46.53072859280651,0.007853047932426473,1.0,0.0017747743135548388
-46.47249181368189,0.007853047932426473,1.0,0.0017747743135548388
-46.41425503455728,0.007853047932426473,1.0,0.0017747743135548388
-46.35601825543266,0.007853181132011467,1.0,0.0017918394511851738
-46.297781476308046,0.007853181132011467,1.0,0.0017918394511851738
-46.239544697183426,0.007853314336115068,1.0,0.0018089045888155088
-46.18130791805881,0.007853314336115068,1.0,0.0018089045888155088
-46.12307113893419,0.007853314336115068,1.0,0.0018089045888155088
-46.06483435980958,0.007853447544737512,1.0,0.0018259697264458438
-46.00659758068496,0.007853447544737512,1.0,0.0018259697264458438
-45.94836080156035,0.007853447544737512,1.0,0.0018259697264458438
-45.89012402243573,0.007853447544737512,1.0,0.0018259697264458438
-45.831887243311115,0.007853447544737512,1.0,0.0018259697264458438
-45.773650464186495,0.007853447544737512,1.0,0.0018259697264458438
-45.71541368506188,0.007853447544737512,1.0,0.0018259697264458438
-45.65717690593726,0.007853580757879024,1.0,0.0018430348640761788
-45.59894012681265,0.007853580757879024,1.0,0.0018430348640761788
-45.54070334768803,0.007853580757879024,1.0,0.0018430348640761788
-45.48246656856342,0.007853580757879024,1.0,0.0018430348640761788
-45.424229789438805,0.007853713975539836,1.0,0.0018601000017065138
-45.365993010314185,0.007853713975539836,1.0,0.0018601000017065138
-45.30775623118957,0.007853713975539836,1.0,0.0018601000017065138
-45.24951945206495,0.007853713975539836,1.0,0.0018601000017065138
-45.19128267294034,0.007853713975539836,1.0,0.0018601000017065138
-45.13304589381572,0.007853713975539836,1.0,0.0018601000017065138
-45.07480911469111,0.007853713975539836,1.0,0.0018601000017065138
-45.01657233556649,0.00785384719772018,1.0,0.0018771651393368488
-44.958335556441874,0.00785384719772018,1.0,0.0018771651393368488
-44.900098777317254,0.00785384719772018,1.0,0.0018771651393368488
-44.84186199819264,0.00785384719772018,1.0,0.0018771651393368488
-44.78362521906802,0.00785384719772018,1.0,0.0018771651393368488
-44.72538843994341,0.00785384719772018,1.0,0.0018771651393368488
-44.66715166081879,0.00785384719772018,1.0,0.0018771651393368488
-44.608914881694176,0.007853980424420282,1.0,0.0018942302769671838
-44.550678102569556,0.007853980424420282,1.0,0.0018942302769671838
-44.49244132344494,0.007853980424420282,1.0,0.0018942302769671838
-44.43420454432032,0.007853980424420282,1.0,0.0018942302769671838
-44.37596776519571,0.007854246891380685,1.0,0.0019283605522278538
-44.31773098607109,0.007854246891380685,1.0,0.0019283605522278538
-44.25949420694648,0.007854246891380685,1.0,0.0019283605522278538
-44.20125742782186,0.007854246891380685,1.0,0.0019283605522278538
-44.143020648697245,0.007854380131641447,1.0,0.0019454256898581888
-44.08478386957263,0.007854380131641447,1.0,0.0019454256898581888
-44.02654709044801,0.007854380131641447,1.0,0.0019454256898581888
-43.9683103113234,0.007854380131641447,1.0,0.0019454256898581888
-43.91007353219878,0.007854380131641447,1.0,0.0019454256898581888
-43.85183675307417,0.007854380131641447,1.0,0.0019454256898581888
-43.79359997394955,0.007854380131641447,1.0,0.0019454256898581888
-43.735363194824934,0.007854380131641447,1.0,0.0019454256898581888
-43.677126415700315,0.007854513376422888,1.0,0.0019624908274885238
-43.6188896365757,0.00785464662572524,1.0,0.0019795559651188586
-43.56065285745108,0.007854913137893594,1.0,0.0020136862403795286
-43.50241607832647,0.007855046400760056,1.0,0.0020307513780098638
-43.44417929920185,0.007855046400760056,1.0,0.0020307513780098638
-43.385942520077236,0.00785517966814835,1.0,0.0020478165156401986
-43.32770574095262,0.007855312940058702,1.0,0.0020648816532705338
-43.269468961828004,0.007855446216491348,1.0,0.0020819467909008686
-43.211232182703384,0.007855579497446512,1.0,0.0020990119285312038
-43.15299540357877,0.007855579497446512,1.0,0.0020990119285312038
-43.09475862445415,0.007855579497446512,1.0,0.0020990119285312038
-43.03652184532954,0.00785571278292443,1.0,0.0021160770661615385
-42.97828506620492,0.00785571278292443,1.0,0.0021160770661615385
-42.920048287080306,0.007855979367449436,1.0,0.0021502073414222085
-42.861811507955686,0.007856245970068211,1.0,0.0021843376166828785
-42.80357472883107,0.007856379278163338,1.0,0.0022014027543132133
-42.74533794970646,0.00785664590792622,1.0,0.0022355330295738833
-42.68710117058184,0.007856779229594433,1.0,0.0022525981672042185
-42.62886439145723,0.007857179221748944,1.0,0.0023037935800952233
-42.57062761233261,0.007857312561517836,1.0,0.0023208587177255585
-42.512390833207995,0.007857312561517836,1.0,0.0023208587177255585
-42.454154054083375,0.007857579254633087,1.0,0.0023549889929862285
-42.39591727495876,0.007857845965853162,1.0,0.0023891192682468985
-42.33768049583414,0.007857979328253085,1.0,0.0024061844058772333
-42.27944371670953,0.007858246066633854,1.0,0.0024403146811379033
-42.22120693758491,0.00785837944261516,1.0,0.0024573798187682385
-42.1629701584603,0.00785837944261516,1.0,0.0024573798187682385
-42.10473337933568,0.007858646208160772,1.0,0.0024915100940289085
-42.046496600211064,0.007858646208160772,1.0,0.0024915100940289085
-41.988259821086444,0.007858912991818583,1.0,0.0025256403692895785
-41.93002304196183,0.007858912991818583,1.0,0.0025256403692895785
-41.87178626283721,0.007859446613478187,1.0,0.002593900919810918
-41.8135494837126,0.007859580030216097,1.0,0.0026109660574412533
-41.75531270458798,0.007859713451483669,1.0,0.002628031195071588
-41.697075925463366,0.007859846877281139,1.0,0.0026450963327019233
-41.638839146338746,0.007860647527206669,1.0,0.0027474871584839333
-41.580602367214134,0.0078609144467648,1.0,0.0027816174337446033
-41.522365588089514,0.0078609144467648,1.0,0.0027816174337446033
-41.4641288089649,0.007844335778321108,0.9978401727861771,0.0028157477090052733
-41.40589202984029,0.00784486857298105,0.9978401727861771,0.0028840082595266133
-41.34765525071567,0.00784486857298105,0.9978401727861771,0.0028840082595266133
-41.289418471591055,0.007845134997452879,0.9978401727861771,0.0029181385347872833
-41.231181692466436,0.007845667900689468,0.9978401727861771,0.002986399085308623
-41.17294491334182,0.007845801137810988,0.9978401727861771,0.003003464222938958
-41.1147081342172,0.007845801137810988,0.9978401727861771,0.003003464222938958
-41.05647135509259,0.007846334131553473,0.9978401727861771,0.003071724773460298
-40.99823457596797,0.007847000475575787,0.9978401727861771,0.003157050461611973
-40.93999779684336,0.007847133757961783,0.9978401727861771,0.003174115599242308
-40.88176101771874,0.007847533632286996,0.9978401727861771,0.003225311012133313
-40.823524238594125,0.007847666932785243,0.9978401727861771,0.003242376149763648
-40.765287459469505,0.007848066861452742,0.9978401727861771,0.003293571562654653
-40.70705068034489,0.007848600163087796,0.9978401727861771,0.003361832113175993
-40.64881390122027,0.007849000186880957,0.9978401727861771,0.0034130275260669976
-40.59057712209566,0.007849400251452648,0.9978401727861771,0.003464222938958003
-40.53234034297104,0.00784966698382493,0.9978401727861771,0.003498353214218673
-40.47410356384643,0.00784993373432562,0.9978401727861771,0.003532483489479343
-40.41586678472181,0.007850333894071469,0.9978401727861771,0.0035836789023703476
-40.357630005597194,0.007850734094616639,0.9978401727861771,0.003634874315261353
-40.299393226472574,0.00785126775881993,0.9978401727861771,0.0037031348657826924
-40.24115644734796,0.007851668054587787,0.9978401727861771,0.0037543302786736976
-40.18291966822334,0.007852468768590125,0.9978401727861771,0.0038567211044557076
-40.12468288909873,0.007852869186837096,0.9978401727861771,0.003907916517346712
-40.06644610997411,0.007853136155022948,0.9978401727861771,0.003942046792607383
-40.008209330849496,0.007854471268276096,0.9978401727861771,0.004112698168910732
-39.94997255172488,0.007854871890779876,0.9978401727861771,0.004163893581801737
-39.89173577260026,0.007855406117695068,0.9978401727861771,0.004232154132323077
-39.83349899347565,0.00785594041728307,0.9978401727861771,0.004300414682844417
-39.77526221435103,0.007856742002959032,0.9978401727861771,0.004402805508626427
-39.71702543522642,0.0078578110383536,0.9978401727861771,0.004539326609669107
-39.6587886561018,0.007858212001632876,0.9978401727861771,0.004590522022560112
-39.600551876977185,0.00785874668299653,0.9978401727861771,0.004658782573081452
-39.542315097852565,0.00785914774177086,0.9978401727861771,0.004709977985972457
-39.48407831872795,0.007859949982136478,0.9978401727861771,0.004812368811754467
-39.42584153960333,0.00786101989076245,0.9978401727861771,0.004948889912797147
-39.36760476047872,0.007861956299775373,0.9978401727861771,0.005068345876209491
-39.3093679813541,0.007862491490810074,0.9978401727861771,0.005136606426730831
-39.25113120222949,0.007862759113652609,0.9978401727861771,0.005170736701991502
-39.19289442310487,0.007863562091503268,0.9978401727861771,0.005273127527773511
-39.134657643980255,0.00786449910630692,0.9978401727861771,0.005392583491185856
-39.076420864855635,0.007865168539325843,0.9978401727861771,0.005477909179337531
-39.01818408573102,0.007865704167801689,0.9978401727861771,0.005546169729858871
-38.9599473066064,0.007866239869236532,0.9978401727861771,0.005614430280380211
-38.90171052748179,0.007866909598651387,0.9978401727861771,0.0056997559685318866
-38.84347374835717,0.007867847411444142,0.9978401727861771,0.005819211931944231
-38.78523696923256,0.007868115399025852,0.9978401727861771,0.005853342207204901
-38.72700019010794,0.007868651428960725,0.9978401727861771,0.005921602757726241
-38.668763410983324,0.007869187531936639,0.9978401727861771,0.005989863308247581
-38.61052663185871,0.007870259957071309,0.9978401727861771,0.006126384409290261
-38.55228985273409,0.007871735018997803,0.9978401727861771,0.006314100923223946
-38.49405307360948,0.007873076464272934,0.9978401727861771,0.006484752299527296
-38.43581629448486,0.007874552582239645,0.9978401727861771,0.006672468813460981
-38.377579515360246,0.007874955255936046,0.9978401727861771,0.006723664226351986
-38.319342736235626,0.007876297799069164,0.9978401727861771,0.006894315602655335
-38.26110595711101,0.007877372163208239,0.9978401727861771,0.007030836703698015
-38.20286917798639,0.007878312472289485,0.9978401727861771,0.00715029266711036
-38.14463239886178,0.007879253005883859,0.9978401727861771,0.007269748630522706
-38.08639561973716,0.007880597014925373,0.9978401727861771,0.007440400006826055
-38.02815884061255,0.007881403640457873,0.9978401727861771,0.007542790832608065
-37.96992206148793,0.007882210431133026,0.9978401727861771,0.007645181658390075
-37.911685282363315,0.007882882882882882,0.9978401727861771,0.0077305073465417495
-37.853448503238695,0.007884631794521717,0.9978401727861771,0.007952354135736105
-37.79521172411408,0.007886246863424543,0.9978401727861771,0.008157135787300124
-37.73697494498946,0.007887727924605613,0.9978401727861771,0.00834485230123381
-37.67873816586485,0.007888536010654645,0.9978401727861771,0.00844724312701582
-37.62050138674023,0.007890287431899306,0.9978401727861771,0.008669089916210175
-37.56226460761562,0.007891230827041984,0.9978401727861771,0.008788545879622519
-37.504027828491,0.007892848600813202,0.9978401727861771,0.00899332753118654
-37.445791049366385,0.007893927485220244,0.9978401727861771,0.009129848632229218
-37.387554270241765,0.007895141582787908,0.9978401727861771,0.009283434870902234
-37.32931749111715,0.007896895938739231,0.9978401727861771,0.00950528166009659
-37.27108071199254,0.007897975929978119,0.9978401727861771,0.00964180276113927
-37.21284393286792,0.007898786117285006,0.9978401727861771,0.009744193586921279
-37.15460715374331,0.007899731545919327,0.9978401727861771,0.009863649550333623
-37.09637037461869,0.007900947429626843,0.9978401727861771,0.010017235789006639
-37.038133595494074,0.007902298850574713,0.9978401727861771,0.010187887165309988
-36.979896816369454,0.007903921166084992,0.9978401727861771,0.010392668816874008
-36.92166003724484,0.007905273604599432,0.9978401727861771,0.010563320193177359
-36.86342325812022,0.007906626506024096,0.9978401727861771,0.010733971569480708
-36.80518647899561,0.007908385970317877,0.9978401727861771,0.010955818358675063
-36.74694969987099,0.00791014621785433,0.9978401727861771,0.011177665147869418
-36.688712920746376,0.007911365309861808,0.9978401727861771,0.011331251386542432
-36.630476141621756,0.00791312688407783,0.9978401727861771,0.011553098175736787
-36.57223936249714,0.007915296052631578,0.9978401727861771,0.011826140377822147
-36.51400258337252,0.007917602097650425,0.9978401727861771,0.012116247717537842
-36.45576580424791,0.007918687760314005,0.9978401727861771,0.012252768818580522
-36.39752902512329,0.007920452597291273,0.9978401727861771,0.012474615607774877
-36.33929224599868,0.007922489925405127,0.9978401727861771,0.0127305926722299
-36.28105546687406,0.007924528301886792,0.9978401727861771,0.012986569736684926
-36.222818687749445,0.007926295743476247,0.9978401727861771,0.013208416525879282
-36.164581908624825,0.007927655850507061,0.9978401727861771,0.01337906790218263
-36.10634512950021,0.007929288595211534,0.9978401727861771,0.013583849553746651
-36.04810835037559,0.007931738973681048,0.9978401727861771,0.01389102203109268
-35.98987157125098,0.0079337821129276,0.9978401727861771,0.014146999095547706
-35.93163479212637,0.007936235269866355,0.9978401727861771,0.014454171572893736
-35.87339801300175,0.00794019077081722,0.9978401727861771,0.01494906056417345
-35.815161233877134,0.00794251134644478,0.9978401727861771,0.015239167903889145
-35.756924454752514,0.007945106536655833,0.9978401727861771,0.01556340551886551
-35.6986876756279,0.007948797357282957,0.9978401727861771,0.016024164234884553
-35.64045089650328,0.007951396657659673,0.9978401727861771,0.01634840184986092
-35.58221411737867,0.007953723788864787,0.9978401727861771,0.016638509189576614
-35.52397733825405,0.007956463334825888,0.9978401727861771,0.016979811942183315
-35.465740559129436,0.007960987713886926,0.9978401727861771,0.01754296148398437
-35.40750378000482,0.00796469330758887,0.9978401727861771,0.018003720200003414
-35.349267000880204,0.007966890843248836,0.9978401727861771,0.018276762402088774
-35.291030221755584,0.007970051926095883,0.9978401727861771,0.018669260567586478
-35.23279344263097,0.007972389991371872,0.9978401727861771,0.018959367907302172
-35.17455666350635,0.007975142413257379,0.9978401727861771,0.019300670659908873
-35.11631988438174,0.007977621218400332,0.9978401727861771,0.0196078431372549
-35.05808310525712,0.007980101564929008,0.9978401727861771,0.01991501561460093
-34.999846326132506,0.007982583454281567,0.9978401727861771,0.020222188091946963
-34.941609547007886,0.00798672336894513,0.9978401727861771,0.02073414222085701
-34.88337276788327,0.007989623865110247,0.9978401727861771,0.021092510111094045
-34.82513598875865,0.007993217875741795,0.9978401727861771,0.021536203689482756
-34.76689920963404,0.007996261488135417,0.9978401727861771,0.021911636717350125
-34.70866243050942,0.007998614958448754,0.9978401727861771,0.02220174405706582
-34.65042565138481,0.008000554150936862,0.9978401727861771,0.02244065598389051
-34.592188872260195,0.008005128827127337,0.9978401727861771,0.023003805525691565
-34.533952093135575,0.008009014475166854,0.9978401727861771,0.023481629379340944
-34.47571531401096,0.00801248699271592,0.9978401727861771,0.02390825782009932
-34.41747853488634,0.00801554529997571,0.9978401727861771,0.02428369084796669
-34.35924175576173,0.008018466771959665,0.9978401727861771,0.024642058738203725
-34.30100497663711,0.008021947492707321,0.9978401727861771,0.025068687178962098
-34.2427681975125,0.008025431236645996,0.9978401727861771,0.025495315619720474
-34.18453141838788,0.008028918007716103,0.9978401727861771,0.025921944060478846
-34.126294639263264,0.008032826789998957,0.9978401727861771,0.02639976791412823
-34.068057860138644,0.008037158812170556,0.9978401727861771,0.02692878718066861
-34.00982108101403,0.008042615416753707,0.9978401727861771,0.027594327548251675
-33.95158430188941,0.008046817849305048,0.9978401727861771,0.028106281677161726
-33.8933475227648,0.008050744083922909,0.9978401727861771,0.028584105530811105
-33.83511074364018,0.00805439330543933,0.9978401727861771,0.029027799109199816
-33.776873964515566,0.008058186384804563,0.9978401727861771,0.02948855782521886
-33.718637185390946,0.008045936889137113,0.9956803455723542,0.03010290277991092
-33.660400406266334,0.008050011350341384,0.9956803455723542,0.030597791771190635
-33.602163627141714,0.008055356550000874,0.9956803455723542,0.031246267001143364
-33.5439268480171,0.00805944055944056,0.9956803455723542,0.03174115599242308
-33.48569006889248,0.008063528712109287,0.9956803455723542,0.03223604498370279
-33.42745328976787,0.008068609433797147,0.9956803455723542,0.032850389938394856
-33.36921651064325,0.008073555166374782,0.9956803455723542,0.03344766975545658
-33.310979731518636,0.008078082287797014,0.9956803455723542,0.0339937541596273
-33.25274295239402,0.00808360658612285,0.9956803455723542,0.03465929452721036
-33.1945061732694,0.008089564286591678,0.9956803455723542,0.03537603030768443
-33.13626939414479,0.00809609947138266,0.9956803455723542,0.036161026638679844
-33.07803261502017,0.008101790829686649,0.9956803455723542,0.03684363214389324
-33.01979583589556,0.008107632782272247,0.9956803455723542,0.037543302786736975
-32.96155905677094,0.008094458815041616,0.9935205183585313,0.038055256915647026
-32.903322277646325,0.00810087348548887,0.9935205183585313,0.0388231881090121
-32.845085498521705,0.008105869706955189,0.9935205183585313,0.03942046792607382
-32.78684871939709,0.008112016365111276,0.9935205183585313,0.04015426884417823
-32.72861194027247,0.008117742561677197,0.9935205183585313,0.04083687434939163
-32.67037516114786,0.008122759619289788,0.9935205183585313,0.04143415416645335
-32.61213838202324,0.008128644636861637,0.9935205183585313,0.04213382480929709
-32.55390160289863,0.008135113626315324,0.9935205183585313,0.04290175600266216
-32.49566482377401,0.008139864099660249,0.9935205183585313,0.043464905544463216
-32.437428044649394,0.008146495236071263,0.9935205183585313,0.04424990187545862
-32.379191265524774,0.008153570732226102,0.9935205183585313,0.04508609361934504
-32.32095448640016,0.008158342792281498,0.9935205183585313,0.045649243161146096
-32.26271770727554,0.00816341017586825,0.9935205183585313,0.04624652297820782
-32.20448092815093,0.00817066022487078,0.9935205183585313,0.04709977985972457
-32.14624414902631,0.008158549591183789,0.9913606911447084,0.0477482550896773
-32.088007369901696,0.008165080494529929,0.9913606911447084,0.04851618628304237
-32.029770590777076,0.008171039982910243,0.9913606911447084,0.049215856925886106
-31.971533811652463,0.008177445216461784,0.9913606911447084,0.049966722981620845
-31.91329703252785,0.008185319922961695,0.9913606911447084,0.050888240413658935
-31.85506025340323,0.00817390062821245,0.9892008639308856,0.05162204133176334
-31.796823474278618,0.008182516570489342,0.9892008639308856,0.05262888445195311
-31.738586695153998,0.00818939312663162,0.9892008639308856,0.05343094592057885
-31.680349916029385,0.008196868008948546,0.9892008639308856,0.054301267939725936
-31.622113136904765,0.00820626758165953,0.9892008639308856,0.055393436748067376
-31.563876357780153,0.00821362601101128,0.9892008639308856,0.05624669362958412
-31.505639578655533,0.008220997648579274,0.9892008639308856,0.05709995051110087
-31.44740279953092,0.008228678201189386,0.9892008639308856,0.057987337667878294
-31.3891660204063,0.008236817495144235,0.9892008639308856,0.05892592023754672
-31.330929241281687,0.008244082440824408,0.9892008639308856,0.05976211198143313
-31.272692462157067,0.008233789164549664,0.9870410367170627,0.060632434000580215
-31.214455683032455,0.0082276311278711,0.9848812095032398,0.06198057987337668
-31.156218903907835,0.008235952823884262,0.9848812095032398,0.06293622758067544
-31.097982124783222,0.008243844234732617,0.9848812095032398,0.0638406798750832
-31.039745345658602,0.008252796177652297,0.9848812095032398,0.06486458813290329
-30.98150856653399,0.00826116888293054,0.9848812095032398,0.06582023584020205
-30.92327178740937,0.008268658881555088,0.9848812095032398,0.0666734927217188
-30.865035008284757,0.008279468370978284,0.9848812095032398,0.06790218263110293
-30.806798229160137,0.008290607614268572,0.9848812095032398,0.06916500281574771
-30.748561450035524,0.008299661461177242,0.9848812095032398,0.07018891107356781
-30.690324670910904,0.008309643560026241,0.9848812095032398,0.07131521015716992
-30.63208789178629,0.00831904258036268,0.9848812095032398,0.07237324869025069
-30.57385111266168,0.008329832124655207,0.9848812095032398,0.07358487346200447
-30.51561433353706,0.008338666910487336,0.9848812095032398,0.0745746514445639
-30.457377554412446,0.008350577764755434,0.9848812095032398,0.07590573217973003
-30.399140775287826,0.008359303391384052,0.9848812095032398,0.07687844502465913
-30.340903996163213,0.008368661564719484,0.9848812095032398,0.07791941842010956
-30.282667217038593,0.008361050368437494,0.9827213822894169,0.07909691291660267
-30.22443043791398,0.008373359833636983,0.9827213822894169,0.08046212392702948
-30.16619365878936,0.008383079077308571,0.9827213822894169,0.08153722759774057
-30.107956879664748,0.008393749884701238,0.9827213822894169,0.0827147220942337
-30.049720100540128,0.008407864587183088,0.9827213822894169,0.08426764961859418
-29.991483321415515,0.008421403320439023,0.9827213822894169,0.08575231659243332
-29.933246542290895,0.00843482935691378,0.9827213822894169,0.08721991842864213
-29.875009763166283,0.008447984552256819,0.9827213822894169,0.08865338998959027
-29.816772984041663,0.008460551516391156,0.9827213822894169,0.09001860100001706
-29.75853620491705,0.00847520768915546,0.9827213822894169,0.09160565879963822
-29.70029942579243,0.008488014177781923,0.9827213822894169,0.09298793494769535
-29.642062646667817,0.008498636482498413,0.9827213822894169,0.0941312991689278
-29.583825867543197,0.00851151392708158,0.9827213822894169,0.09551357531698493
-29.525589088418585,0.008505854800936768,0.980561555075594,0.09689585146504207
-29.467352309293965,0.008463443927338237,0.9740820734341252,0.0983293230259902
-29.409115530169352,0.008475213289735785,0.9740820734341252,0.09959214321063499
-29.350878751044732,0.008487015430937148,0.9740820734341252,0.10085496339527979
-29.29264197192012,0.008501253510772652,0.9740820734341252,0.1023737606443796
-29.2344051927955,0.008515057113187955,0.9740820734341252,0.10384136248058841
-29.176168413670887,0.008507581200136121,0.9719222462203023,0.10503592211471185
-29.117931634546274,0.008521113425487597,0.9719222462203023,0.10646939367566
-29.059694855421654,0.008536955531947185,0.9719222462203023,0.10814177716343282
-29.00145807629704,0.008532552924632283,0.9697624190064795,0.10966057441253264
-28.94322129717242,0.008549286924732002,0.9697624190064795,0.11141828358845714
-28.88498451804781,0.008565923269168399,0.9697624190064795,0.11315892762675131
-28.82674773892319,0.008579836428953604,0.9697624190064795,0.11460946432532979
-28.768510959798576,0.008592479188594394,0.9697624190064795,0.11592347992286557
-28.710274180673956,0.00860598393805225,0.9697624190064795,0.11732282120855304
-28.652037401549343,0.00860248089404355,0.9676025917926566,0.11892694414580454
-28.593800622424723,0.008619694462615924,0.9676025917926566,0.12070171845935937
-28.53556384330011,0.008636144578313253,0.9676025917926566,0.12239116708476254
-28.47732706417549,0.008653493268432134,0.9676025917926566,0.12416594139831738
-28.419090285050878,0.008670576167527918,0.9676025917926566,0.12590658543661154
-28.360853505926258,0.008686547485166944,0.9676025917926566,0.12752777351149336
-28.302616726801645,0.008706806079216388,0.9676025917926566,0.12957559002713356
-28.244379947677025,0.00872647941096264,0.9676025917926566,0.13155514599225243
-28.186143168552412,0.008742486925298571,0.9676025917926566,0.13315926892950392
-28.127906389427793,0.008759409521947405,0.9676025917926566,0.13484871755490707
-28.06966961030318,0.008777601442034523,0.9676025917926566,0.1366576221437226
-28.01143283117856,0.00879483303559159,0.9676025917926566,0.13836413590675609
-27.953196052053947,0.008794192291801924,0.9654427645788337,0.1402242359084626
-27.894959272929327,0.008813091482649842,0.9654427645788337,0.1420843359101691
-27.836722493804714,0.008833119256990415,0.9654427645788337,0.14404682673765765
-27.7784857146801,0.008831333412538117,0.9632829373650108,0.1457874707759518
-27.72024893555548,0.008849381932181193,0.9632829373650108,0.1475451799518763
-27.66201215643087,0.008868738690369663,0.9632829373650108,0.14942234509121316
-27.60377537730625,0.008867544786082936,0.9611231101511879,0.15121418454239832
-27.545538598181636,0.008884718284550574,0.9611231101511879,0.15286950289254084
-27.487301819057016,0.0089074822851195,0.9611231101511879,0.15505384050922372
-27.429065039932404,0.00892695941744067,0.9611231101511879,0.15691394051093022
-27.370828260807784,0.008928032816553055,0.958963282937365,0.15891056161367942
-27.31259148168317,0.008952154364175253,0.958963282937365,0.1611972900561443
-27.25435470255855,0.008953655233744973,0.9568034557235421,0.16322804143415418
-27.19611792343394,0.008972515342393616,0.9568034557235421,0.165002815747709
-27.13788114430932,0.008974437067267669,0.9546436285097192,0.16706769740097954
-27.079644365184706,0.008998371335504886,0.9546436285097192,0.16930323043055343
-27.021407586060086,0.009004410323423718,0.9524838012958964,0.17174354511169132
-26.963170806935473,0.009028929426939378,0.9524838012958964,0.17401320841652587
-26.904934027810853,0.00905339656340457,0.9524838012958964,0.1762658065837301
-26.84669724868624,0.009075381227748853,0.9524838012958964,0.17827949282410963
-26.78846046956162,0.009097472924187725,0.9524838012958964,0.18029317906448916
-26.730223690437008,0.009103699412397583,0.9503239740820735,0.18271642860799672
-26.671986911312388,0.009128630705394191,0.9503239740820735,0.18496902677520094
-26.613750132187775,0.009151604650679091,0.9503239740820735,0.18703390842847148
-26.555513353063155,0.009154797405793173,0.9481641468682506,0.18916705063226336
-26.497276573938542,0.009179491468718635,0.9481641468682506,0.19136845338657657
-26.43903979481393,0.009205477154060684,0.9481641468682506,0.1936722469666718
-26.38080301568931,0.009213681686229963,0.9460043196544277,0.19623201761122203
-26.322566236564697,0.009177602430482299,0.9395248380129589,0.19856994146657792
-26.264329457440077,0.009204790723263787,0.9395248380129589,0.20095906073482483
-26.206092678315464,0.009231748726655348,0.9395248380129589,0.20331404972781106
-26.147855899190844,0.009259653454808633,0.9395248380129589,0.20573729927131862
-26.08961912006623,0.009263409532347229,0.937365010799136,0.20788750661274083
-26.03138234094161,0.009294556045744634,0.937365010799136,0.21056673322070343
-25.973145561817,0.009319104163535248,0.937365010799136,0.21266574514923464
-25.91490878269238,0.009327875915553641,0.9352051835853131,0.21522551579378488
-25.856672003567766,0.00935609334485739,0.9352051835853131,0.21761463506203177
-25.798435224443146,0.0093820419483446,0.9352051835853131,0.21979897267871465
-25.740198445318534,0.009367732400182573,0.9308855291576674,0.22220515708459188
-25.681961666193914,0.009396734035363116,0.9308855291576674,0.22462840662809946
-25.6237248870693,0.009423442726895074,0.9308855291576674,0.226846874520043
-25.56548810794468,0.009452376252823651,0.9308855291576674,0.2292359937882899
-25.507251328820068,0.009481070855056204,0.9308855291576674,0.23159098278127613
-25.44901454969545,0.00949164514491314,0.9287257019438445,0.23423607911397806
-25.390777770570836,0.009498295177788602,0.9265658747300216,0.23655693783170362
-25.332540991446216,0.009508153019060737,0.9244060475161987,0.2391337736138842
-25.274304212321603,0.009540155584780332,0.9244060475161987,0.24171060939606479
-25.216067433196983,0.009554710226001342,0.9222462203023758,0.2446458130684824
-25.15783065407237,0.0095828003321439,0.9222462203023758,0.2468813460980563
-25.099593874947757,0.009570994257403445,0.91792656587473,0.2494752470178672
-25.041357095823138,0.009600831319041271,0.91792656587473,0.2518302360108534
-24.983120316698525,0.00961167909686487,0.9157667386609071,0.2544412020682947
-24.924883537573905,0.009644254389955418,0.9157667386609071,0.2569839075752146
-24.866646758449292,0.009679481325906309,0.9157667386609071,0.2597143295960682
-24.808409979324672,0.00971051667277391,0.9157667386609071,0.2621034488643151
-24.75017320020006,0.009702041567040647,0.9114470842332614,0.2649362617109507
-24.69193642107544,0.009687910871219984,0.9071274298056156,0.26734244611682795
-24.633699641950827,0.009724923589886079,0.9071274298056156,0.2701581938258332
-24.575462862826207,0.00976131266414112,0.9071274298056156,0.2729056809843171
-24.517226083701594,0.009795918367346938,0.9071274298056156,0.27549958190412804
-24.458989304576974,0.00983077031107366,0.9071274298056156,0.278093482823939
-24.40075252545236,0.009866334656675045,0.9071274298056156,0.2807215140190106
-24.34251574632774,0.00985663082437276,0.9028077753779697,0.28343487090223385
-24.28427896720313,0.009892788677727025,0.9028077753779697,0.28607996723493573
-24.22604218807851,0.009930628147866579,0.9028077753779697,0.28882745439341967
-24.167805408953896,0.009945383863197309,0.9006479481641468,0.29159200668953394
-24.109568629829276,0.009962878697162017,0.8984881209503239,0.2945442754995819
-24.051331850704663,0.00995479465230355,0.8941684665226782,0.2973600232085872
-23.993095071580044,0.009967418848799325,0.8920086393088553,0.2999539241283981
-23.93485829245543,0.010005814516910553,0.8920086393088553,0.3026672810116214
-23.87662151333081,0.010048661800486618,0.8920086393088553,0.30567074523456034
-23.818384734206198,0.010070641147857544,0.8898488120950324,0.3088789911090633
-23.760147955081585,0.010103982734942122,0.8898488120950324,0.3111827846891585
-23.701911175956965,0.01014753331198739,0.8898488120950324,0.3141691837744671
-23.643674396832353,0.01018742891053855,0.8898488120950324,0.3168825406576904
-23.585437617707733,0.010199523525908279,0.8876889848812095,0.319356985614089
-23.52720083858312,0.010242224880382775,0.8876889848812095,0.32222392873598527
-23.4689640594585,0.010286829854332482,0.8876889848812095,0.32519326268366355
-23.410727280333887,0.010332344512041833,0.8876889848812095,0.3281967269066025
-23.352490501209267,0.010375643744319903,0.8876889848812095,0.3310295397532381
-23.294253722084655,0.010425386195875503,0.8876889848812095,0.3342548507653714
-23.236016942960035,0.010472404831065586,0.8876889848812095,0.3372753801259407
-23.177780163835422,0.010520657349101521,0.8876889848812095,0.340347104899401
-23.119543384710802,0.010521982969308738,0.8833693304535637,0.34364067646205565
-23.06130660558619,0.010574213397450813,0.8833693304535637,0.34691718288708
-23.00306982646157,0.010566762728146013,0.8790496760259179,0.34964760490793356
-22.944833047336957,0.010613884107860011,0.8790496760259179,0.35256574344272085
-22.886596268212337,0.010610705022400376,0.8747300215982722,0.35555214252802947
-22.828359489087724,0.01062375092037446,0.8725701943844493,0.3579412617962764
-22.770122709963104,0.010620310683715524,0.8682505399568035,0.3609105957439547
-22.71188593083849,0.010671621980355721,0.8682505399568035,0.36401645079267564
-22.65364915171387,0.010696185649506536,0.8660907127429806,0.3670711104285056
-22.59541237258926,0.010744333101119982,0.8660907127429806,0.3699380535504019
-22.53717559346464,0.01071072956753411,0.8596112311015118,0.3726684755712555
-22.478938814340026,0.010733210771060885,0.857451403887689,0.37556954896841244
-22.420702035215413,0.01077954872518939,0.857451403887689,0.3782829058516357
-22.362465256090793,0.010835744309187182,0.857451403887689,0.3815423471390297
-22.30422847696618,0.010894023379616926,0.857451403887689,0.3848871141145753
-22.24599169784156,0.010922932641915375,0.8552915766738661,0.38807829485144796
-22.187754918716948,0.010940615998227344,0.8531317494600432,0.3906210003583679
-22.129518139592328,0.010995740890237452,0.8531317494600432,0.3937097902694585
-22.071281360467715,0.010990854937494757,0.8488120950323974,0.39650847284083346
-22.013044581343095,0.011049257759784076,0.8488120950323974,0.39973378385296676
-21.954807802218482,0.011077827389363025,0.8466522678185745,0.4028225737640574
-21.896571023093863,0.011133516998494703,0.8466522678185745,0.4058431031246267
-21.83833424396925,0.011188811188811189,0.8466522678185745,0.40881243707230497
-21.78009746484463,0.01115668110247512,0.8401727861771058,0.41162818478131025
-21.721860685720017,0.011210051583527851,0.8401727861771058,0.41446099762794586
-21.663623906595397,0.011242792153226508,0.838012958963283,0.41768630864007916
-21.605387127470784,0.01127261075995456,0.8358531317494601,0.4207409682759091
-21.547150348346165,0.011308372883342122,0.8336933045356372,0.4240857352514548
-21.488913569221552,0.01133152813750883,0.8315334773218143,0.42676496185941737
-21.430676790096932,0.011305789037528116,0.8250539956803455,0.4299220123210294
-21.37244001097232,0.011334225792057118,0.8228941684665226,0.432857215993447
-21.3142032318477,0.011323235039287742,0.8185745140388769,0.43528046553695454
-21.255966452723086,0.011354079058031959,0.816414686825054,0.43831806003515417
-21.197729673598467,0.01138800785379852,0.8142548596112311,0.44149217563439647
-21.139492894473854,0.011421628189550425,0.8120950323974082,0.44463216095837815
-21.08125611534924,0.011365372277046225,0.8034557235421166,0.4477892114199901
-21.02301933622462,0.011431732276205402,0.8034557235421166,0.45103158756975376
-20.96478255710001,0.011403319014802682,0.796976241900648,0.4540862472055837
-20.90654577797539,0.01146853146853147,0.796976241900648,0.45722623252956535
-20.848308998850776,0.011496407372696032,0.7948164146868251,0.4600249151009403
-20.790072219726156,0.011527830129413243,0.7926565874730022,0.46297718391098824
-20.731835440601543,0.01159008368861519,0.7926565874730022,0.46589532244577553
-20.67359866147693,0.011627906976744186,0.7904967602591793,0.4691035683202785
-20.615361882352303,0.011567343026042499,0.7818574514038877,0.4721240976808478
-20.55712510322769,0.011604358867208847,0.7796976241900648,0.47528114814245975
-20.498888324103078,0.0116722710812209,0.7796976241900648,0.4783699380535504
-20.440651544978465,0.011711506555190475,0.7775377969762419,0.4815781839280534
-20.382414765853838,0.011746229100546412,0.775377969762419,0.484564583013362
-20.324177986729225,0.011811930378705622,0.775377969762419,0.487465656410519
-20.265941207604612,0.01184293228356876,0.7732181425485961,0.49024727384426353
-20.20770442848,0.011843768713819949,0.7688984881209503,0.49313128210379015
-20.149467649355373,0.011872909698996655,0.7667386609071274,0.49581050871175275
-20.09123087023076,0.011945622181842655,0.7667386609071274,0.4989163637604737
-20.032994091106147,0.011913626209977662,0.7602591792656588,0.5018003720200004
-19.974757311981534,0.011907597046915932,0.755939524838013,0.5043772078021809
-19.916520532856907,0.011941830624465355,0.7537796976241901,0.5072270857864468
-19.858283753732294,0.011980170751858992,0.7516198704103672,0.5102305500093858
-19.80004697460768,0.01205988355974494,0.7516198704103672,0.5135070564344102
-19.74181019548307,0.0121351605816508,0.7516198704103672,0.5165617160702402
-19.683573416358456,0.012144612144612144,0.7473002159827213,0.5197187665318521
-19.62533663723383,0.012230037821215227,0.7473002159827213,0.5231147289202888
-19.567099858109216,0.012243299996440901,0.7429805615550756,0.5263912353453131
-19.508863078984604,0.012313860252004582,0.7429805615550756,0.529138722503797
-19.45062629985999,0.012367491166077738,0.7408207343412527,0.5325688151674943
-19.392389520735364,0.012416948044875286,0.7386609071274298,0.535811191317258
-19.33415274161075,0.012470287072590968,0.7365010799136069,0.5391730234304339
-19.27591596248614,0.012545066588183357,0.7365010799136069,0.5419546408641785
-19.217679183361525,0.012622149837133551,0.7365010799136069,0.5447874537108142
-19.1594424042369,0.01266294227188082,0.734341252699784,0.5476032014198194
-19.101205625112286,0.012749362531873407,0.734341252699784,0.5507090564685404
-19.042968845987673,0.012755679673937656,0.7300215982721382,0.5535759995904367
-18.98473206686306,0.012789859197692512,0.7278617710583153,0.5561016399597263
-18.926495287738433,0.012874880611270297,0.7278617710583153,0.5590709739074046
-18.86825850861382,0.012800799569462597,0.7192224622030238,0.5617502005153672
-18.810021729489208,0.012807119365447862,0.714902807775378,0.5646000784996331
-18.751784950364595,0.012810029980921232,0.7105831533477321,0.5673305005204867
-18.693548171239968,0.012850146914789423,0.7084233261339092,0.5700097271284493
-18.635311392115355,0.012851342295107817,0.7041036717062635,0.5726718885987816
-18.577074612990742,0.01291373624190408,0.7019438444924406,0.5760678509872182
-18.51883783386613,0.012990646734351267,0.7019438444924406,0.5786105564941382
-18.460601054741502,0.013038754074610649,0.6997840172786177,0.5814774996160345
-18.40236427561689,0.013052819327901415,0.6954643628509719,0.5845150941142341
-18.344127496492277,0.01315090871962426,0.6954643628509719,0.5876550794382157
-18.285890717367664,0.013245577951460304,0.6954643628509719,0.5906414785235243
-18.22765393824305,0.013340514562704561,0.6954643628509719,0.5935937473335723
-18.169417159118424,0.013352806175672857,0.6911447084233261,0.5964948207307292
-18.11118037999381,0.01345725219731696,0.6911447084233261,0.5996689363299715
-18.0529436008692,0.013548414412125832,0.6911447084233261,0.6023993583508251
-17.994706821744586,0.013603411513859276,0.6889848812095032,0.6052663014727214
-17.93647004261996,0.013613329897792665,0.6846652267818575,0.6080308537688357
-17.878233263495346,0.01372769790403603,0.6846652267818575,0.6113414904691207
-17.819996484370733,0.013772663877266387,0.6825053995680346,0.6138500657007798
-17.76175970524612,0.013787652586282603,0.6781857451403888,0.6167170088226761
-17.703522926121494,0.013864280652019844,0.6760259179265659,0.6200788409358522
-17.64528614699688,0.013970719514372433,0.6760259179265659,0.6230140446082698
-17.587049367872268,0.014032562741746874,0.673866090712743,0.6258980528677964
-17.528812588747655,0.014139399981872565,0.673866090712743,0.6287649959896927
-17.47057580962303,0.014147499087258123,0.6695464362850972,0.6313588969095035
-17.412339030498416,0.014168736774312265,0.6652267818574514,0.6342941005819211
-17.354102251373803,0.014279091330551693,0.6652267818574514,0.6371610437038174
-17.29586547224919,0.014336415429158495,0.6630669546436285,0.6398061400365194
-17.237628693124563,0.014447738717116099,0.6630669546436285,0.6426218877455246
-17.17939191399995,0.014511998482405388,0.6609071274298056,0.6453864400416389
-17.121155134875337,0.014577956218334766,0.6587473002159827,0.6481680574753835
-17.062918355750725,0.01468746990272561,0.6587473002159827,0.6508302189457158
-17.004681576626112,0.014814455022343112,0.6587473002159827,0.6538678134439154
-16.946444797501485,0.0148829922647606,0.6565874730021598,0.6566153006023994
-16.888208018376872,0.0148414772447118,0.6501079913606912,0.659038550145907
-16.82997123925226,0.01494315643151467,0.6501079913606912,0.6613935391388932
-16.771734460127647,0.015018773466833541,0.6479481641468683,0.6642434171231592
-16.71349768100302,0.015091863517060367,0.6457883369330454,0.6670079694192733
-16.655260901878407,0.015125280097779588,0.6414686825053996,0.6699773033669516
-16.597024122753794,0.015193511959757725,0.6393088552915767,0.6725882694243929
-16.53878734362918,0.015254149645793474,0.6371490280777538,0.6750115189679005
-16.480550564504554,0.015264391768689763,0.6328293736501079,0.677434768511408
-16.42231378537994,0.015382999947498293,0.6328293736501079,0.6799604088806976
-16.36407700625533,0.015501825300248665,0.6328293736501079,0.6824519189747266
-16.305840227130716,0.015504288987159678,0.6285097192224622,0.68467038686667
-16.24760344800609,0.015577160659612182,0.6263498920086393,0.6872472226488506
-16.189366668881476,0.01564445406809939,0.6241900647948164,0.6896875373299886
-16.131129889756863,0.01555422147028325,0.6155507559395248,0.6921790474240175
-16.07289311063225,0.015568269336560678,0.6112311015118791,0.6946193621051554
-16.014656331507624,0.015525367341280842,0.6047516198704104,0.6970084813734023
-15.95641955238301,0.015593561368209255,0.6025917926565875,0.6994317309169098
-15.898182773258398,0.015649628462058095,0.6004319654427646,0.7015990033959624
-15.839945994133785,0.015718987629099988,0.5982721382289417,0.7040051878018396
-15.781709215009158,0.015852123154400825,0.5982721382289417,0.7065308281711292
-15.723472435884545,0.015914201695208442,0.5961123110151187,0.7087492960630728
-15.665235656759933,0.01591727663529685,0.591792656587473,0.7109165685421253
-15.60699887763532,0.016007974668699427,0.5896328293736501,0.7136299254253485
-15.548762098510707,0.016166281755196306,0.5896328293736501,0.7164798034096145
-15.49052531938608,0.016201351108985473,0.5853131749460043,0.7191760951552074
-15.432288540261467,0.016194088254770936,0.5809935205183585,0.7211215208450656
-15.374051761136855,0.01629773777669667,0.5788336933045356,0.7239543336917013
-15.315814982012242,0.01636831780284453,0.5766738660907127,0.7261898667212751
-15.257578202887615,0.01645734084019056,0.5745140388768899,0.7287155070905647
-15.199341423763002,0.016474258970358813,0.5701943844492441,0.7310363658082902
-15.14110464463839,0.016557542180810878,0.5680345572354212,0.7334254850765372
-15.082867865513776,0.016511081475836666,0.5615550755939525,0.7357122135190021
-15.02463108638915,0.016519400691509797,0.5572354211663066,0.7378794859980545
-14.966394307264537,0.016674206682608415,0.5572354211663066,0.7403539309544531
-14.908157528139924,0.01668078451814687,0.5529157667386609,0.7424700080206147
-14.849920749015311,0.01677741956707678,0.550755939524838,0.744978583252274
-14.791683969890684,0.0169176673522192,0.550755939524838,0.7471287905936962
-14.733447190766071,0.01705799719044752,0.550755939524838,0.7492448676598576
-14.675210411641459,0.01707843931416228,0.5464362850971922,0.7515145309646922
-14.616973632516846,0.017165043253184388,0.5442764578833693,0.7537671291318965
-14.558736853392219,0.01723901098901099,0.5421166306695464,0.7558149456475366
-14.500500074267606,0.01723779854620976,0.5377969762419006,0.7577433061997645
-14.442263295142993,0.017411369834277324,0.5377969762419006,0.7602006860185327
-14.38402651601838,0.017415215398716773,0.5334773218142549,0.7621802419836516
-14.325789736893753,0.0175563295188002,0.5334773218142549,0.7641256676735098
-14.26755295776914,0.017653390742734122,0.531317494600432,0.7663953309783443
-14.209316178644528,0.01780028943560058,0.531317494600432,0.7683578218058329
-14.151079399519915,0.017877991827203735,0.5291576673866091,0.7703203126333213
-14.092842620395302,0.017912428129146396,0.5248380129589633,0.7726411713510469
-14.034605841270675,0.01808573980351295,0.5248380129589633,0.7748596392429905
-13.976369062146063,0.018239135329880658,0.5248380129589633,0.7767879997952184
-13.91813228302145,0.018333333333333333,0.5226781857451404,0.7788699465861192
-13.859895503896837,0.018366878395959286,0.5183585313174947,0.7811054796156931
-13.80165872477221,0.0184898653875909,0.5161987041036717,0.78349459888394
-13.743421945647597,0.018577784716259465,0.5140388768898488,0.7854400245737981
-13.685185166522984,0.018598786350382222,0.509719222462203,0.7874878410894384
-13.626948387398372,0.018707212227352332,0.5075593952483801,0.7896380484308606
-13.568711608273745,0.018640527076972523,0.5010799136069114,0.7915664089830885
-13.510474829149132,0.01867641088103938,0.49676025917926564,0.7937678117374016
-13.452238050024519,0.01884319187284942,0.49676025917926564,0.7956279117391082
-13.394001270899906,0.018947542611285784,0.4946004319654428,0.7976586631171181
-13.33576449177528,0.019066733567486203,0.4924406047516199,0.7998259355961705
-13.277527712650667,0.01927629354075076,0.4924406047516199,0.8020444034881141
-13.219290933526054,0.019363644118399727,0.490280777537797,0.803819177801669
-13.161054154401441,0.019521843825249397,0.490280777537797,0.8054403658765508
-13.102817375276814,0.01970828268796666,0.490280777537797,0.8073175310158877
-13.044580596152201,0.019726459758022095,0.48596112311015116,0.8091946961552245
-12.986343817027588,0.019916792068690802,0.48596112311015116,0.811054796156931
-12.928107037902976,0.020145044319097503,0.48596112311015116,0.8132391337736139
-12.869870258778363,0.02017551795892518,0.4816414686825054,0.8151845594634721
-12.811633479653736,0.020298070768949437,0.4794816414686825,0.8171470502909606
-12.753396700529123,0.02039309772077143,0.4773218142548596,0.8188364989163638
-12.69515992140451,0.02051473330846699,0.47516198704103674,0.8207477943309612
-12.636923142279898,0.020635070196928295,0.47300215982721383,0.8226249594702981
-12.57868636315527,0.020753998476770754,0.4708423326133909,0.8244679943343743
-12.520449584030658,0.020993836671802775,0.4708423326133909,0.8265158108500145
-12.462212804906045,0.021167103602291484,0.4708423326133909,0.827966347548593
-12.403976025781432,0.021401924209699587,0.4708423326133909,0.8298947081008209
-12.345739246656805,0.021538461538461538,0.468682505399568,0.8317718732401577
-12.287502467532192,0.02172824672073696,0.468682505399568,0.8332736053516272
-12.22926568840758,0.021728145528044467,0.46436285097192226,0.8348094677383573
-12.171028909282967,0.02193877551020408,0.46436285097192226,0.8364306558132392
-12.11279213015834,0.021972354033422736,0.46004319654427644,0.8382054301267939
-12.054555351033727,0.0221875,0.46004319654427644,0.8398095530640455
-11.996318571909114,0.02226890756302521,0.45788336933045354,0.8411576989368419
-11.938081792784502,0.022545995958736572,0.45788336933045354,0.8431543200395911
-11.879845013659875,0.02252735464492598,0.4535637149028078,0.8445024659123875
-11.821608234535262,0.022564547624213494,0.44924406047516197,0.8462431099506817
-11.763371455410649,0.022682445759368838,0.4470842332613391,0.8477960374750423
-11.705134676286036,0.022591362126245847,0.4406047516198704,0.8493830952746634
-11.64689789716141,0.022602663086046772,0.43628509719222464,0.8509360227990239
-11.588661118036796,0.022642363862787274,0.4319654427645788,0.852676666837318
-11.530424338912184,0.022849308808408547,0.4319654427645788,0.8540418778477449
-11.47218755978757,0.022898114953162945,0.42764578833693306,0.8558166521612997
-11.413950780662958,0.023155186527891475,0.42764578833693306,0.8574549053738119
-11.355714001538331,0.02340148918567545,0.42764578833693306,0.858990767760542
-11.297477222413718,0.023650262780697564,0.42764578833693306,0.8605095650096418
-11.239240443289106,0.02365435674631909,0.42332613390928725,0.8619430365705899
-11.181003664164493,0.023922860978884415,0.42332613390928725,0.8635300943702111
-11.122766885039866,0.024179620034542316,0.42332613390928725,0.8650147613440502
-11.064530105915253,0.02429301108757942,0.42116630669546434,0.8663458420792164
-11.00629332679064,0.02454064938333753,0.42116630669546434,0.8677281182272735
-10.948056547666027,0.024783934926283682,0.42116630669546434,0.8690591989624397
-10.8898197685414,0.024874983972304143,0.4190064794816415,0.8702196283213024
-10.831582989416788,0.025019445164635726,0.4168466522678186,0.8716530998822506
-10.773346210292175,0.02531479538300105,0.4168466522678186,0.8731889622689807
-10.715109431167562,0.025579854208084823,0.4168466522678186,0.8745371081417772
-10.656872652042935,0.025847060399089326,0.4168466522678186,0.8758681888769433
-10.598635872918322,0.02581081081081081,0.41252699784017277,0.876977422822915
-10.54039909379371,0.025981129495419118,0.4103671706263499,0.8784450246591239
-10.482162314669097,0.026094159878503383,0.408207343412527,0.879622519155617
-10.42392553554447,0.026227678571428572,0.4060475161987041,0.8808853393402618
-10.365688756419857,0.026100451467268623,0.39956803455723544,0.8821993549377976
-10.307451977295244,0.026236988450021387,0.39740820734341253,0.8834621751224424
-10.249215198170631,0.026535910008653015,0.39740820734341253,0.8848103209952388
-10.190978419046019,0.026829979585885098,0.39740820734341253,0.8861072714551443
-10.132741639921392,0.02695139911634757,0.3952483801295896,0.8872506356763767
-10.074504860796779,0.027043090638930165,0.3930885529157667,0.8882574787965665
-10.016268081672166,0.027035145689396214,0.38876889848812096,0.88945203843069
-9.958031302547553,0.02733485193621868,0.38876889848812096,0.8906977934777044
-9.899794523422926,0.02718058968058968,0.38228941684665224,0.8918923531118278
-9.841557744298314,0.02720348204570185,0.3779697624190065,0.8932063687093637
-9.7833209651737,0.027336999214454046,0.3758099352051836,0.894349732930596
-9.725084186049088,0.027658559847401048,0.3758099352051836,0.8956125531152409
-9.666847406924461,0.027621647663401316,0.3714902807775378,0.8966705916483216
-9.608610627799848,0.02793568296248173,0.3714902807775378,0.897865151282445
-9.550373848675235,0.02807881773399015,0.3693304535637149,0.8989914503660472
-9.492137069550623,0.028192371475953566,0.367170626349892,0.8999982934862369
-9.433900290425996,0.028206850235057087,0.36285097192224625,0.9012269833956211
-9.375663511301383,0.028197723798199424,0.35853131749460043,0.9023703476168535
-9.31742673217677,0.02852233676975945,0.35853131749460043,0.9035137118380859
-9.259189953052157,0.028670721112076455,0.3563714902807775,0.9046058806464274
-9.20095317392753,0.028962611901000527,0.3563714902807775,0.9055956586289868
-9.142716394802918,0.02930207778369739,0.3563714902807775,0.9067219577125889
-9.084479615678305,0.029607033913511573,0.3563714902807775,0.9077117356951484
-9.026242836553692,0.029715528175394093,0.3542116630669546,0.9086161879895561
-8.968006057429065,0.03006416131989001,0.3542116630669546,0.9097083567978975
-8.909769278304452,0.030336662967073623,0.3542116630669546,0.910544548541784
-8.85153249917984,0.03031437125748503,0.34989200863930886,0.9115684567996041
-8.793295720055227,0.03050397877984085,0.34773218142548595,0.9126776907455758
-8.735058940930614,0.030825196247367414,0.34773218142548595,0.9136162733152443
-8.676822161805987,0.031153250773993807,0.34773218142548595,0.9145548558849127
-8.618585382681374,0.031237797735259663,0.34557235421166305,0.9153227870782777
-8.560348603556761,0.030972578417833893,0.3390928725701944,0.9161760439597946
-8.502111824432149,0.031306081754735794,0.3390928725701944,0.9170975613918326
-8.443875045307522,0.030871670702179176,0.3304535637149028,0.918036143961501
-8.385638266182909,0.031026740151051235,0.3282937365010799,0.9189917916687999
-8.327401487058296,0.031166150670794635,0.326133909287257,0.9198962439632076
-8.269164707933683,0.03123698458975427,0.32397408207343414,0.9206129797436816
-8.210927928809056,0.030973451327433628,0.3174946004319654,0.9215174320380893
-8.152691149684443,0.030522945570971186,0.30885529157667385,0.9224901448830185
-8.09445437055983,0.030643072939145446,0.30669546436285094,0.9233434017645352
-8.036217591435218,0.03067217750706983,0.3045356371490281,0.9239577467192273
-7.977980812310591,0.03098220171390903,0.3045356371490281,0.9247427430502227
-7.919744033185978,0.031347265451311696,0.3045356371490281,0.9256471953446305
-7.861507254061365,0.03156708004509583,0.3023758099352052,0.9267052338777112
-7.8032704749367525,0.03146374829001368,0.2980561555075594,0.9275072953463369
-7.7450336958121255,0.03150873965041398,0.2958963282937365,0.9281387054386594
-7.686796916687513,0.03162055335968379,0.2937365010799136,0.9289237017696548
-7.6285601375629,0.03174976481655691,0.2915766738660907,0.9297428283759108
-7.570323358438287,0.03214285714285714,0.2915766738660907,0.9306302155326883
-7.512086579313674,0.03241296518607443,0.2915766738660907,0.93122749534975
-7.453849800189047,0.03271141264841289,0.2915766738660907,0.9318759705797027
-7.395613021064435,0.03303964757709251,0.2915766738660907,0.9325756412225464
-7.337376241939822,0.03316831683168317,0.2894168466522678,0.9333435724159115
-7.279139462815209,0.03326663331665833,0.28725701943844495,0.9340432430587553
-7.220902683690582,0.03372210953346856,0.28725701943844495,0.9349647604907934
-7.162665904565969,0.03420781893004115,0.28725701943844495,0.9359204081980921
-7.1044291254413565,0.03431245126072264,0.28509719222462204,0.9366030137033056
-7.046192346316744,0.03464566929133858,0.28509719222462204,0.9372344237956279
-6.987955567192117,0.03503184713375796,0.28509719222462204,0.937951159576102
-6.929718788067504,0.03536977491961415,0.28509719222462204,0.938565504530794
-6.871482008942891,0.035685320356853206,0.28509719222462204,0.939128654072595
-6.813245229818278,0.03555798687089715,0.28077753779697623,0.9398283247154389
-6.755008450693651,0.03589177250138045,0.28077753779697623,0.9404085393948702
-6.696771671569039,0.03567447045707915,0.27645788336933047,0.9409546237990409
-6.638534892444426,0.03598538093899353,0.27645788336933047,0.9414836430655813
-6.580298113319813,0.03613086770981508,0.27429805615550756,0.942183313708425
-6.522061334195186,0.03620689655172414,0.27213822894168466,0.9427635283878565
-6.463824555070573,0.03631609529343405,0.26997840172786175,0.9433949384801789
-6.4055877759459605,0.036699941280093955,0.26997840172786175,0.9440092834348709
-6.347350996821348,0.037158145065398336,0.26997840172786175,0.9447260192153449
-6.289114217696721,0.03730445246690734,0.2678185745140389,0.9453915595829281
-6.230877438572108,0.03772436872528141,0.2678185745140389,0.9460229696752505
-6.172640659447495,0.03736874613959234,0.2613390928725702,0.9468079660062458
-6.114403880322882,0.0375,0.2591792656587473,0.9474393760985682
-6.05616710119827,0.03761061946902655,0.2570194384449244,0.9480366559156299
-5.997930322073643,0.03756019261637239,0.2526997840172786,0.9488387173842557
-5.93969354294903,0.03763789746917586,0.2505399568034557,0.9493848017884264
-5.881456763824417,0.03768020969855832,0.24838012958963282,0.9498796907797061
-5.823219984699804,0.037848605577689244,0.24622030237580994,0.9505452311472892
-5.764983205575177,0.03798319327731092,0.24406047516198703,0.9511595761019812
-5.7067464264505645,0.038448451854372234,0.24406047516198703,0.9517739210566734
-5.648509647325952,0.03888506538196834,0.24406047516198703,0.9523370705984744
-5.590272868201339,0.03897007654836465,0.24190064794816415,0.9528660898650148
-5.532036089076712,0.038974719101123594,0.23974082073434125,0.9532927183057731
-5.473799309952099,0.0391041592605759,0.23758099352051837,0.9538729329852045
-5.415562530827486,0.03851691864650828,0.23110151187904968,0.9544190173893753
-5.357325751702874,0.03858755005460503,0.22894168466522677,0.9549309715182853
-5.299088972578247,0.03867403314917127,0.2267818574514039,0.9554599907848257
-5.240852193453634,0.038604305864884926,0.22462203023758098,0.9558012935374324
-5.182615414329021,0.03895131086142322,0.22462203023758098,0.9562108568405604
-5.124378635204408,0.038330170777988615,0.21814254859611232,0.9567569412447311
-5.066141856079781,0.0387121502491376,0.21814254859611232,0.9572006348231199
-5.0079050769551685,0.0390715667311412,0.21814254859611232,0.9576101981262479
-4.949668297830556,0.03939157566302652,0.21814254859611232,0.957968566016485
-4.891431518705943,0.0398422090729783,0.21814254859611232,0.9584634550077646
-4.833194739581316,0.04028719585161548,0.21814254859611232,0.958941278861414
-4.774957960456703,0.04020908725371934,0.2159827213822894,0.9592655164763904
-4.71672118133209,0.04021121039805037,0.21382289416846653,0.9596750797795184
-4.658484402207478,0.04054054054054054,0.21382289416846653,0.9600163825321251
-4.600247623082865,0.04052936311000827,0.21166306695464362,0.9604088806976229
-4.542010843958238,0.041021347844286314,0.21166306695464362,0.9609037696889026
-4.483774064833625,0.04145516074450085,0.21166306695464362,0.9613303981296609
-4.425537285709012,0.04193410355156183,0.21166306695464362,0.96179115684568
-4.3673005065843995,0.04229607250755287,0.21166306695464362,0.9621324595982866
-4.3090637274597725,0.042682926829268296,0.21166306695464362,0.9624908274885237
-4.25082694833516,0.043228936921041024,0.21166306695464362,0.9629857164798034
-4.192590169210547,0.043400447427293064,0.20950323974082075,0.9635147357463438
-4.134353390085934,0.04296698326549073,0.20518358531317496,0.9638901687742112
-4.076116610961307,0.04298125285779607,0.20302375809935205,0.9642826669397089
-4.017879831836694,0.043115438108484005,0.20086393088552915,0.9647775559309886
-3.9596430527120816,0.04311152764761012,0.19870410367170627,0.9651529889588559
-3.901406273587469,0.043519394512771994,0.19870410367170627,0.9654942917114626
-3.843169494462842,0.04410354745925216,0.19870410367170627,0.965972115565112
-3.784932715338229,0.044638524987869965,0.19870410367170627,0.9663987440058704
-3.7266959362136163,0.04518664047151277,0.19870410367170627,0.9668253724466288
-3.6684591570890035,0.045567112431896976,0.19870410367170627,0.9671154797863445
-3.6102223779643765,0.04616156547917712,0.19870410367170627,0.9675591733647332
-3.5519855988397637,0.04644119131751641,0.19870410367170627,0.9677639550162972
-3.493748819715151,0.046381243628950054,0.19654427645788336,0.9680711274936432
-3.435512040590538,0.04613789528252981,0.19222462203023757,0.9686001467601836
-3.3772752614659254,0.04669464847848898,0.19222462203023757,0.9689926449256814
-3.3190384823412984,0.047214854111405836,0.19222462203023757,0.9693510128159184
-3.2608017032166856,0.04777241009125067,0.19222462203023757,0.9697264458437858
-3.202564924092073,0.04772234273318872,0.1900647948164147,0.9700336183211318
-3.14432814496746,0.046677649643053265,0.183585313174946,0.9703749210737385
-3.086091365842833,0.04605993340732519,0.17926565874730022,0.9706650284134541
-3.0278545867182203,0.045327364297705654,0.17494600431965443,0.9708868752026485
-2.9696178075936075,0.04581447963800905,0.17494600431965443,0.9712111128176248
-2.9113810284689947,0.046180159635119726,0.17494600431965443,0.9714500247444495
-2.8531442493443677,0.04608294930875576,0.17278617710583152,0.9717401320841652
-2.794907470219755,0.046198830409356725,0.17062634989200864,0.9721667605249237
-2.736670691095142,0.046181172291296625,0.16846652267818574,0.9725080632775304
-2.6784339119705294,0.0466786355475763,0.16846652267818574,0.9728152357548764
-2.6201971328459024,0.047244094488188976,0.16846652267818574,0.9731565385074831
-2.5619603537212896,0.04758999389871873,0.16846652267818574,0.9733613201590471
-2.503723574596677,0.04805914972273567,0.16846652267818574,0.9736343623611324
-2.445486795472064,0.048094940662086194,0.16630669546436286,0.9739927302513695
-2.387250016347437,0.04882688649334179,0.16630669546436286,0.9744022935544975
-2.3290132372228243,0.04878048780487805,0.16414686825053995,0.9747094660318435
-2.2707764580982115,0.04889178617992177,0.16198704103671707,0.9751019641973413
-2.2125396789735987,0.049342105263157895,0.16198704103671707,0.975340876124166
-2.1543028998489717,0.04966887417218543,0.16198704103671707,0.9755115275004693
-2.096066120724359,0.05026809651474531,0.16198704103671707,0.9758186999778153
-2.037829341599746,0.05,0.15982721382289417,0.976006416491749
-1.9795925624751334,0.050546448087431695,0.15982721382289417,0.9762794586938344
-1.9213557833505206,0.05041436464088398,0.15766738660907129,0.9765354357582894
-1.8631190042258936,0.04954640614096301,0.15334773218142547,0.9767572825474837
-1.8048822251012808,0.049191848208011243,0.1511879049676026,0.9769108687861567
-1.746645445976668,0.04775481111903065,0.1447084233261339,0.9772009761258724
-1.6884086668520553,0.047584715212689255,0.14254859611231102,0.9774569531903274
-1.6301718877274283,0.047376093294460644,0.14038876889848811,0.9776958651171521
-1.5719351086028155,0.047128129602356406,0.13822894168466524,0.9779177119063466
-1.5136983294782027,0.047725577926920205,0.13822894168466524,0.9782078192460623
-1.45546155035359,0.04751131221719457,0.13606911447084233,0.9784467311728869
-1.397224771228963,0.0481651376146789,0.13606911447084233,0.978753903650233
-1.3389879921043502,0.04857363145720894,0.13606911447084233,0.9789416201641666
-1.2807512129797374,0.04824902723735409,0.13390928725701945,0.9791293366781003
-1.2225144338551246,0.04874213836477988,0.13390928725701945,0.9793511834672947
-1.1642776547304976,0.04940239043824701,0.13390928725701945,0.9796412908070103
-1.1060408756058848,0.04911433172302738,0.13174946004319654,0.9798460724585744
-1.047804096481272,0.049512987012987016,0.13174946004319654,0.9800167238348777
-0.9895673173566593,0.04918032786885246,0.12958963282937366,0.9802044403488114
-0.9313305382320323,0.04966887417218543,0.12958963282937366,0.9804092220003754
-0.8730937591074195,0.04882154882154882,0.12526997840172785,0.9807163944777214
-0.8148569799828067,0.04826418289585097,0.12311015118790497,0.9808187853035035
-0.7566202008581939,0.04884318766066838,0.12311015118790497,0.9810576972303282
-0.6983834217335811,0.047619047619047616,0.11879049676025918,0.9812283486066316
-0.6401466426089542,0.047038327526132406,0.11663066954643629,0.9813307394324136
-0.5819098634843414,0.04753521126760563,0.11663066954643629,0.9815355210839776
-0.5236730843597286,0.048,0.11663066954643629,0.9817232375979112
-0.4654363052351158,0.0484304932735426,0.11663066954643629,0.9818938889742146
-0.4071995261104888,0.048736462093862815,0.11663066954643629,0.9820133449376269
-0.34896274698587604,0.04753199268738574,0.11231101511879049,0.9822181265891909
-0.29072596786126326,0.04801477377654663,0.11231101511879049,0.9824058431031246
-0.23248918873665048,0.048327137546468404,0.11231101511879049,0.982525299066537
-0.17425240961202348,0.04914933837429111,0.11231101511879049,0.982832471543883
-0.1160156304874107,0.0488974113135187,0.1101511879049676,0.9830713834707077
-0.05777885136279792,0.04961089494163424,0.1101511879049676,0.9833273605351627
0.00045792776181485806,0.04995102840352596,0.1101511879049676,0.983446816498575
0.05869470688644185,0.04921259842519685,0.1079913606911447,0.9835150770490964
0.11693148601105463,0.04970178926441352,0.1079913606911447,0.9836857284253997
0.1751682651356674,0.050100200400801605,0.1079913606911447,0.9838222495264425
0.2334050442602802,0.04944500504540868,0.10583153347732181,0.9839246403522245
0.2916418233849072,0.04989816700610998,0.10583153347732181,0.9840782265908975
0.34987860250951996,0.050308008213552365,0.10583153347732181,0.9842147476919402
0.40811538163413275,0.050672182006204755,0.10583153347732181,0.9843342036553525
0.4663521607587455,0.051255230125523014,0.10583153347732181,0.9845219201692862
0.5245889398833725,0.05179704016913319,0.10583153347732181,0.9846925715455895
0.5828257190079853,0.051227321237993596,0.10367170626349892,0.9848290926466322
0.6410624981325981,0.05189189189189189,0.10367170626349892,0.9850338742981962
0.6992992772572109,0.051535087719298246,0.10151187904967603,0.9852386559497602
0.7575360563818236,0.051991150442477874,0.10151187904967603,0.9853751770508029
0.8157728355064506,0.052749719416386086,0.10151187904967603,0.9855970238399973
0.8740096146310634,0.053469852104664393,0.10151187904967603,0.9858018054915613
0.9322463937556762,0.053837342497136315,0.10151187904967603,0.9859041963173433
0.990483172880289,0.05408515535097814,0.10151187904967603,0.9859724568678646
1.048719952004916,0.05336426914153132,0.09935205183585313,0.9860748476936466
1.1069567311295287,0.05405405405405406,0.09935205183585313,0.9862625642075803
1.1651935102541415,0.054696789536266346,0.09935205183585313,0.9864332155838836
1.2234302893787543,0.0539568345323741,0.09719222462203024,0.9865356064096656
1.2816670685033813,0.05447941888619855,0.09719222462203024,0.9866721275107083
1.339903847627994,0.05555555555555555,0.09719222462203024,0.9869451697127938
1.3981406267526069,0.05639097744360902,0.09719222462203024,0.9871499513643578
1.4563774058772196,0.05674653215636822,0.09719222462203024,0.9872352770525095
1.5146141850018466,0.057692307692307696,0.09719222462203024,0.9874571238417038
1.5728509641264594,0.05844155844155844,0.09719222462203024,0.9876277752180072
1.6310877432510722,0.05781865965834428,0.09503239740820735,0.9877642963190498
1.689324522375685,0.05843293492695883,0.09503239740820735,0.9879008174200925
1.747561301500312,0.05913978494623656,0.09503239740820735,0.9880544036587655
1.8057980806249248,0.0589041095890411,0.09287257019438445,0.9882762504479599
1.8640348597495375,0.059639389736477116,0.09287257019438445,0.9884298366866329
1.9222716388741503,0.06047819971870605,0.09287257019438445,0.9886004880629362
1.980508417998763,0.05965909090909091,0.09071274298056156,0.9887028788887182
2.03874519712339,0.059077809798270896,0.08855291576673865,0.9888564651273912
2.096981976248003,0.0597667638483965,0.08855291576673865,0.9889929862284339
2.1552187553726156,0.060561299852289516,0.08855291576673865,0.9891465724671069
2.2134555344972284,0.05952380952380952,0.08639308855291576,0.9892148330176282
2.2716923136218554,0.059880239520958084,0.08639308855291576,0.9892830935681496
2.329929092746468,0.060514372163388806,0.08639308855291576,0.9894025495315619
2.388165871871081,0.06097560975609756,0.08639308855291576,0.9894878752197136
2.4464026509956938,0.061633281972265024,0.08639308855291576,0.9896073311831259
2.5046394301203208,0.060653188180404355,0.08423326133909287,0.9896926568712777
2.5628762092449335,0.061224489795918366,0.08423326133909287,0.9897950476970597
2.6211129883695463,0.061708860759493674,0.08423326133909287,0.9898803733852114
2.679349767494159,0.06220095693779904,0.08423326133909287,0.9899656990733631
2.737586546618786,0.06129032258064516,0.08207343412526998,0.9900680898991451
2.795823325743399,0.060556464811783964,0.07991360691144708,0.9902046110001878
2.8540601048680116,0.06085526315789474,0.07991360691144708,0.9902558064130788
2.9122968839926244,0.06,0.07775377969762419,0.9903752623764911
2.9705336631172514,0.05922165820642978,0.0755939524838013,0.9905117834775338
3.028770442241864,0.059422750424448216,0.0755939524838013,0.9905459137527944
3.087007221366477,0.0603448275862069,0.0755939524838013,0.9906994999914674
3.1452440004910898,0.06086956521739131,0.0755939524838013,0.9907848256796191
3.2034807796157168,0.061837455830388695,0.0755939524838013,0.9909384119182921
3.2617175587403295,0.06082289803220036,0.0734341252699784,0.9910408027440741
3.3199543378649423,0.06115107913669065,0.0734341252699784,0.9910919981569651
3.378191116989555,0.06159420289855073,0.0734341252699784,0.9911602587074865
3.436427896114168,0.06227106227106227,0.0734341252699784,0.9912626495332685
3.494664675238795,0.06296296296296296,0.0734341252699784,0.9913650403590505
3.5529014543634077,0.06133828996282528,0.07127429805615551,0.9913821054966808
3.6111382334880204,0.060263653483992465,0.06911447084233262,0.9914844963224628
3.669375012612633,0.05904761904761905,0.06695464362850972,0.9915698220106145
3.72761179173726,0.05973025048169557,0.06695464362850972,0.9916722128363965
3.785848570861873,0.05847953216374269,0.06479481641468683,0.9917575385245482
3.8440853499864858,0.05893909626719057,0.06479481641468683,0.9918257990750695
3.9023221291110985,0.05928853754940711,0.06479481641468683,0.9918769944879605
3.9605589082357255,0.05964214711729622,0.06479481641468683,0.9919281899008515
4.018795687360338,0.06048387096774194,0.06479481641468683,0.9920476458642639
4.077032466484951,0.05918367346938776,0.06263498920086392,0.9921329715524155
4.135269245609564,0.059670781893004114,0.06263498920086392,0.9922012321029369
4.193506024734191,0.06016597510373444,0.06263498920086392,0.9922694926534582
4.251742803858804,0.060542797494780795,0.06263498920086392,0.9923206880663492
4.309979582983416,0.057203389830508475,0.058315334773218146,0.9924060137545009
4.368216362108029,0.057815845824411134,0.058315334773218146,0.9924913394426526
4.426453141232656,0.05399568034557235,0.05399568034557235,0.9925254697179132
4.484689920357269,0.05434782608695652,0.05399568034557235,0.9925766651308042
4.542926699481882,0.05333333333333334,0.05183585313174946,0.9927302513694773
4.6011634786064946,0.05227272727272727,0.04967602591792657,0.9928838376081504
4.6594002577311215,0.052873563218390804,0.04967602591792657,0.992969163296302
4.717637036855734,0.05116279069767442,0.047516198704103674,0.9930374238468234
4.775873815980347,0.05152224824355972,0.047516198704103674,0.9930886192597144
4.83411059510496,0.05188679245283019,0.047516198704103674,0.9931398146726054
4.892347374229573,0.05060240963855422,0.04535637149028078,0.993276335773648
4.9505841533542,0.05121951219512195,0.04535637149028078,0.9933616614617997
5.008820932478812,0.05121951219512195,0.04535637149028078,0.9933616614617997
5.067057711603425,0.05172413793103448,0.04535637149028078,0.993429922012321
5.125294490728038,0.052109181141439205,0.04535637149028078,0.9934811174252121
5.183531269852665,0.052763819095477386,0.04535637149028078,0.9935664431133637
5.241768048977278,0.053164556962025315,0.04535637149028078,0.9936176385262547
5.3000048281018906,0.05398457583547558,0.04535637149028078,0.9937200293520367
5.358241607226503,0.05454545454545454,0.04535637149028078,0.9937882899025581
5.41647838635113,0.05483028720626632,0.04535637149028078,0.9938224201778187
5.474715165475743,0.0549738219895288,0.04535637149028078,0.9938394853154491
5.532951944600356,0.056,0.04535637149028078,0.9939589412788614
5.591188723724969,0.05405405405405406,0.04319654427645788,0.9940272018293828
5.649425502849596,0.0546448087431694,0.04319654427645788,0.9940954623799041
5.707662281974208,0.055248618784530384,0.04319654427645788,0.9941637229304254
5.765899061098821,0.055865921787709494,0.04319654427645788,0.9942319834809468
5.824135840223434,0.056657223796033995,0.04319654427645788,0.9943173091690984
5.882372619348061,0.05714285714285714,0.04319654427645788,0.9943685045819894
5.940609398472674,0.05763688760806916,0.04319654427645788,0.9944196999948804
5.9988461775972866,0.05830903790087463,0.04319654427645788,0.9944879605454018
6.057082956721899,0.05847953216374269,0.04319654427645788,0.9945050256830321
6.115319735846512,0.05917159763313609,0.04319654427645788,0.9945732862335535
6.173556514971139,0.059880239520958084,0.04319654427645788,0.9946415467840748
6.231793294095752,0.06060606060606061,0.04319654427645788,0.9947098073345961
6.290030073220365,0.06153846153846154,0.04319654427645788,0.9947951330227478
6.3482668523449775,0.06191950464396285,0.04319654427645788,0.9948292632980085
6.406503631469604,0.0625,0.04319654427645788,0.9948804587108995
6.464740410594217,0.0641025641025641,0.04319654427645788,0.9950169798119421
6.52297718971883,0.0641025641025641,0.04319654427645788,0.9950169798119421
6.581213968843443,0.06451612903225806,0.04319654427645788,0.9950511100872028
6.63945074796807,0.06557377049180328,0.04319654427645788,0.9951364357753545
6.697687527092683,0.06312292358803986,0.04103671706263499,0.9951876311882455
6.755924306217295,0.06333333333333334,0.04103671706263499,0.9952046963258758
6.814161085341908,0.06506849315068493,0.04103671706263499,0.9953412174269185
6.872397864466535,0.06551724137931035,0.04103671706263499,0.9953753477021792
6.930634643591148,0.06620209059233449,0.04103671706263499,0.9954265431150702
6.988871422715761,0.06643356643356643,0.04103671706263499,0.9954436082527005
7.0471082018403735,0.0673758865248227,0.04103671706263499,0.9955118688032218
7.1053449809650004,0.06909090909090909,0.04103671706263499,0.9956313247666343
7.163581760089613,0.06642066420664207,0.038876889848812095,0.9956825201795253
7.221818539214226,0.06716417910447761,0.038876889848812095,0.9957337155924163
7.280055318338839,0.06390977443609022,0.0367170626349892,0.9957507807300466
7.338292097463466,0.0648854961832061,0.0367170626349892,0.995819041280568
7.396528876588079,0.06513409961685823,0.0367170626349892,0.9958361064181983
7.454765655712691,0.06589147286821706,0.0367170626349892,0.9958873018310893
7.513002434837304,0.06692913385826772,0.0367170626349892,0.9959555623816106
7.571239213961917,0.06772908366533864,0.0367170626349892,0.9960067577945017
7.629475993086544,0.06854838709677419,0.0367170626349892,0.9960579532073927
7.687712772211157,0.06938775510204082,0.0367170626349892,0.9961091486202837
7.7459495513357695,0.07024793388429752,0.0367170626349892,0.9961603440331747
7.804186330460382,0.07083333333333333,0.0367170626349892,0.9961944743084353
7.862423109585009,0.07142857142857142,0.0367170626349892,0.996228604583696
7.920659888709622,0.07203389830508475,0.0367170626349892,0.9962627348589567
7.978896667834235,0.07264957264957266,0.0367170626349892,0.9962968651342173
8.037133446958848,0.06896551724137931,0.03455723542116631,0.9963139302718477
8.095370226083475,0.06521739130434782,0.032397408207343416,0.996330995409478
8.153607005208087,0.06140350877192982,0.03023758099352052,0.9963480605471083
8.2118437843327,0.06222222222222222,0.03023758099352052,0.9963992559599993
8.270080563457313,0.06363636363636363,0.03023758099352052,0.996484581648151
8.32831734258194,0.06046511627906977,0.028077753779697623,0.9965528421986724
8.386554121706553,0.06074766355140187,0.028077753779697623,0.9965699073363027
8.444790900831165,0.061611374407582936,0.028077753779697623,0.9966211027491937
8.503027679955778,0.06280193236714976,0.028077753779697623,0.996689363299715
8.561264459080405,0.06280193236714976,0.028077753779697623,0.996689363299715
8.619501238205018,0.06310679611650485,0.028077753779697623,0.9967064284373454
8.67773801732963,0.058823529411764705,0.02591792656587473,0.9967234935749757
8.735974796454244,0.059113300492610835,0.02591792656587473,0.996740558712606
8.794211575578856,0.06091370558375635,0.02591792656587473,0.996842949538388
8.852448354703483,0.061224489795918366,0.02591792656587473,0.9968600146760184
8.910685133828096,0.06153846153846154,0.02591792656587473,0.9968770798136487
8.968921912952709,0.0625,0.02591792656587473,0.9969282752265397
9.027158692077322,0.06315789473684211,0.02591792656587473,0.9969624055018004
9.085395471201949,0.06349206349206349,0.02591792656587473,0.9969794706394307
9.143632250326561,0.06382978723404255,0.02591792656587473,0.996996535777061
9.201869029451174,0.06451612903225806,0.02591792656587473,0.9970306660523217
9.260105808575787,0.059782608695652176,0.023758099352051837,0.997047731189952
9.318342587700414,0.059782608695652176,0.023758099352051837,0.997047731189952
9.376579366825027,0.06077348066298342,0.023758099352051837,0.997098926602843
9.43481614594964,0.06179775280898876,0.023758099352051837,0.997150122015734
9.493052925074252,0.062146892655367235,0.023758099352051837,0.9971671871533644
9.55128970419888,0.062146892655367235,0.023758099352051837,0.9971671871533644
9.609526483323492,0.06285714285714286,0.023758099352051837,0.9972013174286251
9.667763262448105,0.05747126436781609,0.02159827213822894,0.9972013174286251
9.726000041572718,0.05847953216374269,0.02159827213822894,0.9972525128415161
9.784236820697345,0.059880239520958084,0.02159827213822894,0.9973207733920374
9.842473599821957,0.060240963855421686,0.02159827213822894,0.9973378385296677
9.90071037894657,0.06060606060606061,0.02159827213822894,0.9973549036672981
9.958947158071183,0.06134969325153374,0.02159827213822894,0.9973890339425587
10.01718393719581,0.05625,0.019438444924406047,0.9974231642178194
10.075420716320423,0.05625,0.019438444924406047,0.9974231642178194
10.133657495445036,0.05660377358490566,0.019438444924406047,0.9974402293554497
10.191894274569648,0.056962025316455694,0.019438444924406047,0.9974572944930801
10.250131053694261,0.056962025316455694,0.019438444924406047,0.9974572944930801
10.308367832818888,0.05732484076433121,0.019438444924406047,0.9974743596307104
10.366604611943501,0.05806451612903226,0.019438444924406047,0.9975084899059711
10.424841391068114,0.06,0.019438444924406047,0.9975938155941227
10.483078170192726,0.06164383561643835,0.019438444924406047,0.9976620761446441
10.541314949317353,0.06164383561643835,0.019438444924406047,0.9976620761446441
10.599551728441966,0.0625,0.019438444924406047,0.9976962064199048
10.657788507566579,0.06338028169014084,0.019438444924406047,0.9977303366951654
10.716025286691192,0.06428571428571428,0.019438444924406047,0.9977644669704261
10.774262065815819,0.06521739130434782,0.019438444924406047,0.9977985972456868
10.832498844940432,0.06521739130434782,0.019438444924406047,0.9977985972456868
10.890735624065044,0.06569343065693431,0.019438444924406047,0.9978156623833171
10.948972403189657,0.05925925925925926,0.017278617710583154,0.9978327275209474
11.007209182314284,0.06060606060606061,0.017278617710583154,0.9978839229338384
11.065445961438897,0.06153846153846154,0.017278617710583154,0.9979180532090991
11.12368274056351,0.0625,0.017278617710583154,0.9979521834843598
11.181919519688122,0.06299212598425197,0.017278617710583154,0.9979692486219901
11.24015629881275,0.06349206349206349,0.017278617710583154,0.9979863137596204
11.298393077937362,0.064,0.017278617710583154,0.9980033788972508
11.356629857061975,0.06557377049180328,0.017278617710583154,0.9980545743101418
11.414866636186588,0.06557377049180328,0.017278617710583154,0.9980545743101418
11.4731034153112,0.06611570247933884,0.017278617710583154,0.9980716394477721
11.531340194435828,0.06611570247933884,0.017278617710583154,0.9980716394477721
11.58957697356044,0.059322033898305086,0.01511879049676026,0.9981057697230328
11.647813752685053,0.0603448275862069,0.01511879049676026,0.9981398999982934
11.706050531809666,0.05263157894736842,0.012958963282937365,0.9981569651359238
11.764287310934293,0.05263157894736842,0.012958963282937365,0.9981569651359238
11.822524090058906,0.05454545454545454,0.012958963282937365,0.9982252256864451
11.880760869183518,0.056074766355140186,0.012958963282937365,0.9982764210993361
11.938997648308131,0.05660377358490566,0.012958963282937365,0.9982934862369665
11.997234427432758,0.05660377358490566,0.012958963282937365,0.9982934862369665
12.055471206557371,0.04807692307692308,0.01079913606911447,0.9983105513745968
12.113707985681984,0.04807692307692308,0.01079913606911447,0.9983105513745968
12.171944764806597,0.04807692307692308,0.01079913606911447,0.9983105513745968
12.230181543931224,0.04807692307692308,0.01079913606911447,0.9983105513745968
12.288418323055836,0.04854368932038835,0.01079913606911447,0.9983276165122271
12.34665510218045,0.04854368932038835,0.01079913606911447,0.9983276165122271
12.404891881305062,0.0392156862745098,0.008639308855291577,0.9983276165122271
12.463128660429689,0.039603960396039604,0.008639308855291577,0.9983446816498575
12.521365439554302,0.039603960396039604,0.008639308855291577,0.9983446816498575
12.579602218678914,0.041237113402061855,0.008639308855291577,0.9984129422003788
12.637838997803527,0.041666666666666664,0.008639308855291577,0.9984300073380091
12.696075776928154,0.041666666666666664,0.008639308855291577,0.9984300073380091
12.754312556052767,0.041666666666666664,0.008639308855291577,0.9984300073380091
12.81254933517738,0.041666666666666664,0.008639308855291577,0.9984300073380091
12.870786114301993,0.041666666666666664,0.008639308855291577,0.9984300073380091
12.929022893426605,0.042105263157894736,0.008639308855291577,0.9984470724756395
12.987259672551232,0.0425531914893617,0.008639308855291577,0.9984641376132698
13.045496451675845,0.043478260869565216,0.008639308855291577,0.9984982678885305
13.103733230800458,0.04395604395604396,0.008639308855291577,0.9985153330261608
13.16197000992507,0.044444444444444446,0.008639308855291577,0.9985323981637912
13.220206789049698,0.044444444444444446,0.008639308855291577,0.9985323981637912
13.27844356817431,0.044444444444444446,0.008639308855291577,0.9985323981637912
13.336680347298923,0.045454545454545456,0.008639308855291577,0.9985665284390519
13.394917126423536,0.046511627906976744,0.008639308855291577,0.9986006587143126
13.453153905548163,0.046511627906976744,0.008639308855291577,0.9986006587143126
13.511390684672776,0.046511627906976744,0.008639308855291577,0.9986006587143126
13.569627463797389,0.046511627906976744,0.008639308855291577,0.9986006587143126
13.627864242922001,0.046511627906976744,0.008639308855291577,0.9986006587143126
13.686101022046628,0.047619047619047616,0.008639308855291577,0.9986347889895733
13.744337801171241,0.04819277108433735,0.008639308855291577,0.9986518541272036
13.802574580295854,0.04878048780487805,0.008639308855291577,0.9986689192648339
13.860811359420467,0.04878048780487805,0.008639308855291577,0.9986689192648339
13.919048138545094,0.04878048780487805,0.008639308855291577,0.9986689192648339
13.977284917669706,0.04878048780487805,0.008639308855291577,0.9986689192648339
14.03552169679432,0.04938271604938271,0.008639308855291577,0.9986859844024643
14.093758475918932,0.05063291139240506,0.008639308855291577,0.9987201146777249
14.151995255043545,0.05333333333333334,0.008639308855291577,0.9987883752282463
14.210232034168172,0.0547945205479452,0.008639308855291577,0.9988225055035069
14.268468813292785,0.05555555555555555,0.008639308855291577,0.9988395706411373
14.326705592417397,0.05555555555555555,0.008639308855291577,0.9988395706411373
14.38494237154201,0.056338028169014086,0.008639308855291577,0.9988566357787676
14.443179150666637,0.056338028169014086,0.008639308855291577,0.9988566357787676
14.50141592979125,0.056338028169014086,0.008639308855291577,0.9988566357787676
14.559652708915863,0.056338028169014086,0.008639308855291577,0.9988566357787676
14.617889488040475,0.057971014492753624,0.008639308855291577,0.9988907660540283
14.676126267165102,0.058823529411764705,0.008639308855291577,0.9989078311916586
14.734363046289715,0.058823529411764705,0.008639308855291577,0.9989078311916586
14.792599825414328,0.058823529411764705,0.008639308855291577,0.9989078311916586
14.85083660453894,0.05970149253731343,0.008639308855291577,0.9989248963292889
14.909073383663568,0.05970149253731343,0.008639308855291577,0.9989248963292889
14.96731016278818,0.05970149253731343,0.008639308855291577,0.9989248963292889
15.025546941912793,0.05970149253731343,0.008639308855291577,0.9989248963292889
15.083783721037406,0.05970149253731343,0.008639308855291577,0.9989248963292889
15.142020500162033,0.05970149253731343,0.008639308855291577,0.9989248963292889
15.200257279286646,0.05970149253731343,0.008639308855291577,0.9989248963292889
15.258494058411259,0.06153846153846154,0.008639308855291577,0.9989590266045496
15.316730837535872,0.0625,0.008639308855291577,0.9989760917421799
15.374967616660498,0.0625,0.008639308855291577,0.9989760917421799
15.433204395785111,0.06349206349206349,0.008639308855291577,0.9989931568798103
15.491441174909724,0.06451612903225806,0.008639308855291577,0.9990102220174406
15.549677954034337,0.06451612903225806,0.008639308855291577,0.9990102220174406
15.60791473315895,0.06666666666666667,0.008639308855291577,0.9990443522927013
15.666151512283577,0.06779661016949153,0.008639308855291577,0.9990614174303316
15.72438829140819,0.06779661016949153,0.008639308855291577,0.9990614174303316
15.782625070532802,0.06779661016949153,0.008639308855291577,0.9990614174303316
15.840861849657415,0.06779661016949153,0.008639308855291577,0.9990614174303316
15.899098628782042,0.06896551724137931,0.008639308855291577,0.999078482567962
15.957335407906655,0.05263157894736842,0.0064794816414686825,0.999078482567962
16.015572187031268,0.05357142857142857,0.0064794816414686825,0.9990955477055923
16.07380896615588,0.05357142857142857,0.0064794816414686825,0.9990955477055923
16.132045745280507,0.05357142857142857,0.0064794816414686825,0.9990955477055923
16.19028252440512,0.05555555555555555,0.0064794816414686825,0.999129677980853
16.248519303529733,0.057692307692307696,0.0064794816414686825,0.9991638082561136
16.306756082654346,0.06,0.0064794816414686825,0.9991979385313743
16.364992861778973,0.06,0.0064794816414686825,0.9991979385313743
16.423229640903585,0.06,0.0064794816414686825,0.9991979385313743
16.481466420028198,0.04081632653061224,0.004319654427645789,0.9991979385313743
16.53970319915281,0.04081632653061224,0.004319654427645789,0.9991979385313743
16.597939978277438,0.04081632653061224,0.004319654427645789,0.9991979385313743
16.65617675740205,0.0425531914893617,0.004319654427645789,0.999232068806635
16.714413536526664,0.044444444444444446,0.004319654427645789,0.9992661990818956
16.772650315651276,0.044444444444444446,0.004319654427645789,0.9992661990818956
16.830887094775903,0.044444444444444446,0.004319654427645789,0.9992661990818956
16.889123873900516,0.045454545454545456,0.004319654427645789,0.999283264219526
16.94736065302513,0.045454545454545456,0.004319654427645789,0.999283264219526
17.00559743214974,0.047619047619047616,0.004319654427645789,0.9993173944947866
17.063834211274354,0.04878048780487805,0.004319654427645789,0.999334459632417
17.12207099039898,0.05128205128205128,0.004319654427645789,0.9993685899076776
17.180307769523594,0.05263157894736842,0.004319654427645789,0.999385655045308
17.238544548648207,0.05714285714285714,0.004319654427645789,0.999436850458199
17.29678132777282,0.05714285714285714,0.004319654427645789,0.999436850458199
17.355018106897447,0.058823529411764705,0.004319654427645789,0.9994539155958293
17.41325488602206,0.058823529411764705,0.004319654427645789,0.9994539155958293
17.471491665146672,0.06060606060606061,0.004319654427645789,0.9994709807334596
17.529728444271285,0.03125,0.0021598272138228943,0.9994709807334596
17.587965223395912,0.03125,0.0021598272138228943,0.9994709807334596
17.646202002520525,0.03225806451612903,0.0021598272138228943,0.99948804587109
17.704438781645138,0.03225806451612903,0.0021598272138228943,0.99948804587109
17.76267556076975,0.03225806451612903,0.0021598272138228943,0.99948804587109
17.820912339894377,0.03225806451612903,0.0021598272138228943,0.99948804587109
17.87914911901899,0.03333333333333333,0.0021598272138228943,0.9995051110087203
17.937385898143603,0.03333333333333333,0.0021598272138228943,0.9995051110087203
17.995622677268216,0.03333333333333333,0.0021598272138228943,0.9995051110087203
18.053859456392843,0.03333333333333333,0.0021598272138228943,0.9995051110087203
18.112096235517456,0.03333333333333333,0.0021598272138228943,0.9995051110087203
18.17033301464207,0.034482758620689655,0.0021598272138228943,0.9995221761463506
18.22856979376668,0.034482758620689655,0.0021598272138228943,0.9995221761463506
18.286806572891294,0.034482758620689655,0.0021598272138228943,0.9995221761463506
18.34504335201592,0.034482758620689655,0.0021598272138228943,0.9995221761463506
18.403280131140534,0.034482758620689655,0.0021598272138228943,0.9995221761463506
18.461516910265146,0.034482758620689655,0.0021598272138228943,0.9995221761463506
18.51975368938976,0.03571428571428571,0.0021598272138228943,0.999539241283981
18.577990468514386,0.03571428571428571,0.0021598272138228943,0.999539241283981
18.636227247639,0.03571428571428571,0.0021598272138228943,0.999539241283981
18.69446402676361,0.0,0.0,0.9995563064216113
18.752700805888225,0.0,0.0,0.9995563064216113
18.81093758501285,0.0,0.0,0.9995563064216113
18.869174364137464,0.0,0.0,0.9995563064216113
18.927411143262077,0.0,0.0,0.9995563064216113
18.98564792238669,0.0,0.0,0.9995563064216113
19.043884701511317,0.0,0.0,0.9995733715592416
19.10212148063593,0.0,0.0,0.9995733715592416
19.160358259760542,0.0,0.0,0.9995733715592416
19.218595038885155,0.0,0.0,0.9995733715592416
19.276831818009782,0.0,0.0,0.9995733715592416
19.335068597134395,0.0,0.0,0.999590436696872
19.393305376259008,0.0,0.0,0.999590436696872
19.45154215538362,0.0,0.0,0.999590436696872
19.509778934508248,0.0,0.0,0.999590436696872
19.56801571363286,0.0,0.0,0.9996075018345023
19.626252492757473,0.0,0.0,0.9996075018345023
19.684489271882086,0.0,0.0,0.9996245669721326
19.7427260510067,0.0,0.0,0.9996245669721326
19.800962830131326,0.0,0.0,0.9996245669721326
19.85919960925594,0.0,0.0,0.9996245669721326
19.91743638838055,0.0,0.0,0.999641632109763
19.975673167505164,0.0,0.0,0.999641632109763
20.03390994662979,0.0,0.0,0.999641632109763
20.092146725754404,0.0,0.0,0.999641632109763
20.150383504879017,0.0,0.0,0.9996757623850236
20.20862028400363,0.0,0.0,0.9996757623850236
20.266857063128256,0.0,0.0,0.9996757623850236
20.32509384225287,0.0,0.0,0.9996757623850236
20.383330621377482,0.0,0.0,0.999692827522654
20.441567400502095,0.0,0.0,0.999692827522654
20.49980417962672,0.0,0.0,0.999692827522654
20.558040958751334,0.0,0.0,0.9997098926602843
20.616277737875947,0.0,0.0,0.9997098926602843
20.67451451700056,0.0,0.0,0.9997098926602843
20.732751296125187,0.0,0.0,0.9997098926602843
20.7909880752498,0.0,0.0,0.9997098926602843
20.849224854374413,0.0,0.0,0.9997098926602843
20.907461633499025,0.0,0.0,0.9997098926602843
20.965698412623638,0.0,0.0,0.999744022935545
21.023935191748265,0.0,0.0,0.999744022935545
21.082171970872878,0.0,0.0,0.999744022935545
21.14040874999749,0.0,0.0,0.999744022935545
21.198645529122103,0.0,0.0,0.999744022935545
21.25688230824673,0.0,0.0,0.999744022935545
21.315119087371343,0.0,0.0,0.999744022935545
21.373355866495956,0.0,0.0,0.999744022935545
21.43159264562057,0.0,0.0,0.999744022935545
21.489829424745196,0.0,0.0,0.9997610880731753
21.54806620386981,0.0,0.0,0.9997610880731753
21.60630298299442,0.0,0.0,0.9997610880731753
21.664539762119034,0.0,0.0,0.9997781532108057
21.72277654124366,0.0,0.0,0.9997781532108057
21.781013320368274,0.0,0.0,0.9997781532108057
21.839250099492887,0.0,0.0,0.9997781532108057
21.8974868786175,0.0,0.0,0.9997781532108057
21.955723657742126,0.0,0.0,0.9997781532108057
22.01396043686674,0.0,0.0,0.9997781532108057
22.072197215991352,0.0,0.0,0.9997781532108057
22.130433995115965,0.0,0.0,0.9997781532108057
22.18867077424059,0.0,0.0,0.9997781532108057
22.246907553365205,0.0,0.0,0.9997781532108057
22.305144332489817,0.0,0.0,0.9997781532108057
22.36338111161443,0.0,0.0,0.9997781532108057
22.421617890739043,0.0,0.0,0.9997781532108057
22.47985466986367,0.0,0.0,0.999795218348436
22.538091448988283,0.0,0.0,0.999795218348436
22.596328228112895,0.0,0.0,0.999795218348436
22.654565007237508,0.0,0.0,0.9998122834860663
22.712801786362135,0.0,0.0,0.9998122834860663
22.771038565486748,0.0,0.0,0.9998122834860663
22.82927534461136,0.0,0.0,0.9998122834860663
22.887512123735974,0.0,0.0,0.9998122834860663
22.9457489028606,0.0,0.0,0.9998122834860663
23.003985681985213,0.0,0.0,0.9998122834860663
23.062222461109826,0.0,0.0,0.9998122834860663
23.12045924023444,0.0,0.0,0.9998122834860663
23.178696019359066,0.0,0.0,0.999846413761327
23.23693279848368,0.0,0.0,0.999846413761327
23.29516957760829,0.0,0.0,0.999846413761327
23.353406356732904,0.0,0.0,0.999846413761327
23.41164313585753,0.0,0.0,0.999846413761327
23.469879914982144,0.0,0.0,0.9998634788989573
23.528116694106757,0.0,0.0,0.9998634788989573
23.58635347323137,0.0,0.0,0.9998805440365877
23.644590252355982,0.0,0.0,0.9998805440365877
23.70282703148061,0.0,0.0,0.9998805440365877
23.761063810605222,0.0,0.0,0.9999146743118483
23.819300589729835,0.0,0.0,0.9999146743118483
23.877537368854448,0.0,0.0,0.9999146743118483
23.935774147979075,0.0,0.0,0.9999146743118483
23.994010927103687,0.0,0.0,0.9999146743118483
24.0522477062283,0.0,0.0,0.9999146743118483
24.110484485352913,0.0,0.0,0.9999146743118483
24.16872126447754,0.0,0.0,0.9999146743118483
24.226958043602153,0.0,0.0,0.9999146743118483
24.285194822726766,0.0,0.0,0.9999146743118483
24.34343160185138,0.0,0.0,0.9999146743118483
24.401668380976005,0.0,0.0,0.9999146743118483
24.459905160100618,0.0,0.0,0.9999146743118483
24.51814193922523,0.0,0.0,0.9999146743118483
24.576378718349844,0.0,0.0,0.9999146743118483
24.63461549747447,0.0,0.0,0.9999146743118483
24.692852276599083,0.0,0.0,0.9999146743118483
24.751089055723696,0.0,0.0,0.9999146743118483
24.80932583484831,0.0,0.0,0.9999146743118483
24.867562613972936,0.0,0.0,0.9999146743118483
24.92579939309755,0.0,0.0,0.9999146743118483
24.98403617222216,0.0,0.0,0.9999146743118483
25.042272951346774,0.0,0.0,0.9999146743118483
25.100509730471387,0.0,0.0,0.9999146743118483
25.158746509596014,0.0,0.0,0.9999146743118483
25.216983288720627,0.0,0.0,0.9999317394494787
25.27522006784524,0.0,0.0,0.9999317394494787
25.333456846969852,0.0,0.0,0.9999317394494787
25.39169362609448,0.0,0.0,0.9999317394494787
25.449930405219092,0.0,0.0,0.9999317394494787
25.508167184343705,0.0,0.0,0.9999317394494787
25.566403963468318,0.0,0.0,0.9999317394494787
25.624640742592945,0.0,0.0,0.9999317394494787
25.682877521717558,0.0,0.0,0.9999317394494787
25.74111430084217,0.0,0.0,0.9999317394494787
25.799351079966783,0.0,0.0,0.9999317394494787
25.85758785909141,0.0,0.0,0.9999317394494787
25.915824638216023,0.0,0.0,0.9999317394494787
25.974061417340636,0.0,0.0,0.9999317394494787
26.03229819646525,0.0,0.0,0.9999317394494787
26.090534975589875,0.0,0.0,0.999948804587109
26.14877175471449,0.0,0.0,0.999948804587109
26.2070085338391,0.0,0.0,0.999948804587109
26.265245312963714,0.0,0.0,0.999948804587109
26.32348209208834,0.0,0.0,0.9999658697247393
26.381718871212954,0.0,0.0,0.9999658697247393
26.439955650337566,0.0,0.0,0.9999658697247393
26.49819242946218,0.0,0.0,0.9999658697247393
26.556429208586792,0.0,0.0,0.9999658697247393
26.61466598771142,0.0,0.0,0.9999658697247393
26.67290276683603,0.0,0.0,0.9999658697247393
26.731139545960644,0.0,0.0,0.9999658697247393
26.789376325085257,0.0,0.0,0.9999658697247393
26.847613104209884,0.0,0.0,0.9999658697247393
26.905849883334497,0.0,0.0,0.9999658697247393
26.96408666245911,0.0,0.0,0.9999658697247393
27.022323441583723,0.0,0.0,0.9999658697247393
27.08056022070835,0.0,0.0,0.9999658697247393
27.138796999832962,0.0,0.0,0.9999658697247393
27.197033778957575,0.0,0.0,0.9999658697247393
27.255270558082188,0.0,0.0,0.9999658697247393
27.313507337206815,0.0,0.0,0.9999658697247393
27.371744116331428,0.0,0.0,0.9999658697247393
27.42998089545604,0.0,0.0,0.9999658697247393
27.488217674580653,0.0,0.0,0.9999658697247393
27.54645445370528,0.0,0.0,0.9999658697247393
27.604691232829893,0.0,0.0,0.9999658697247393
27.662928011954506,0.0,0.0,0.9999658697247393
27.72116479107912,0.0,0.0,0.9999658697247393
27.77940157020373,0.0,0.0,0.9999658697247393
27.83763834932836,0.0,0.0,0.9999658697247393
27.89587512845297,0.0,0.0,0.9999658697247393
27.954111907577584,0.0,0.0,0.9999658697247393
28.012348686702197,0.0,0.0,0.9999658697247393
28.070585465826824,0.0,0.0,0.9999658697247393
28.128822244951436,0.0,0.0,0.9999658697247393
28.18705902407605,0.0,0.0,0.9999658697247393
28.245295803200662,0.0,0.0,0.9999829348623697
28.30353258232529,0.0,0.0,0.9999829348623697
28.361769361449902,0.0,0.0,0.9999829348623697
28.420006140574515,0.0,0.0,0.9999829348623697
28.478242919699127,0.0,0.0,0.9999829348623697
28.536479698823754,0.0,0.0,0.9999829348623697
28.594716477948367,0.0,0.0,0.9999829348623697
28.65295325707298,0.0,0.0,0.9999829348623697
28.711190036197593,0.0,0.0,0.9999829348623697
28.76942681532222,0.0,0.0,0.9999829348623697
28.827663594446832,0.0,0.0,0.9999829348623697
28.885900373571445,0.0,0.0,0.9999829348623697
28.944137152696058,0.0,0.0,0.9999829348623697
29.002373931820685,0.0,0.0,0.9999829348623697
29.060610710945298,0.0,0.0,0.9999829348623697
29.11884749006991,0.0,0.0,0.9999829348623697
29.177084269194523,0.0,0.0,0.9999829348623697
29.235321048319136,0.0,0.0,0.9999829348623697
29.293557827443763,0.0,0.0,0.9999829348623697
29.351794606568376,0.0,0.0,0.9999829348623697
29.41003138569299,0.0,0.0,0.9999829348623697
29.4682681648176,0.0,0.0,0.9999829348623697
29.52650494394223,0.0,0.0,0.9999829348623697
29.58474172306684,0.0,0.0,0.9999829348623697
29.642978502191454,0.0,0.0,0.9999829348623697
29.701215281316067,0.0,0.0,0.9999829348623697
29.759452060440694,0.0,0.0,0.9999829348623697
29.817688839565307,0.0,0.0,0.9999829348623697
29.87592561868992,0.0,0.0,0.9999829348623697
29.934162397814532,0.0,0.0,0.9999829348623697
29.99239917693916,0.0,0.0,0.9999829348623697
30.050635956063772,0.0,0.0,0.9999829348623697
30.108872735188385,0.0,0.0,0.9999829348623697
30.167109514312997,0.0,0.0,0.9999829348623697
30.225346293437624,0.0,0.0,0.9999829348623697
30.283583072562237,0.0,0.0,0.9999829348623697
30.34181985168685,0.0,0.0,0.9999829348623697
30.400056630811463,0.0,0.0,0.9999829348623697
30.458293409936076,0.0,0.0,0.9999829348623697
30.516530189060703,0.0,0.0,0.9999829348623697
30.574766968185315,0.0,0.0,0.9999829348623697
30.633003747309928,0.0,0.0,0.9999829348623697
30.69124052643454,0.0,0.0,0.9999829348623697
30.749477305559168,0.0,0.0,0.9999829348623697
30.80771408468378,0.0,0.0,0.9999829348623697
30.865950863808393,0.0,0.0,0.9999829348623697
30.924187642933006,0.0,0.0,0.9999829348623697
30.982424422057633,0.0,0.0,0.9999829348623697
31.040661201182246,0.0,0.0,0.9999829348623697
31.09889798030686,0.0,0.0,0.9999829348623697
31.15713475943147,0.0,0.0,0.9999829348623697
31.2153715385561,0.0,0.0,0.9999829348623697
31.27360831768071,0.0,0.0,0.9999829348623697
31.331845096805324,0.0,0.0,0.9999829348623697
31.390081875929937,0.0,0.0,0.9999829348623697
31.448318655054564,0.0,0.0,0.9999829348623697
31.506555434179177,0.0,0.0,0.9999829348623697
31.56479221330379,0.0,0.0,0.9999829348623697
31.623028992428406,0.0,0.0,0.9999829348623697
